accuracy,precision,recall,f1_score,scenario,dataset,fold,seed,window_size,alphabet_size,order,smoothing_alpha,decision_mode,score_window,score_threshold,anomaly_threshold,max_mapping_distance,num_states,vocab_size,num_transitions,transition_density,smoothing,learning_rate,transition_confidence_enabled,transition_confidence_k,transition_confidence_weight,transition_confidence_mode,transition_confidence_use_transition_count
0.26866666666666666,0.2676902536715621,1.0,0.42232754081095314,original,SKAB,fold_1,42,3,3,3,0.5,avg_negative_log,10,0.0,0.9,,147,22,270,0.08348794063079777,True,0.0,True,10.0,0.5,additive,True
0.26866666666666666,0.2676902536715621,1.0,0.42232754081095314,gaussian_noise,SKAB,fold_1,42,3,3,3,0.5,avg_negative_log,10,0.0,0.9,,147,22,270,0.08348794063079777,True,0.0,True,10.0,0.5,additive,True
0.26866666666666666,0.2676902536715621,1.0,0.42232754081095314,original,SKAB,fold_1,123,3,3,3,0.5,avg_negative_log,10,0.0,0.9,,147,22,270,0.08348794063079777,True,0.0,True,10.0,0.5,additive,True
0.26866666666666666,0.2676902536715621,1.0,0.42232754081095314,gaussian_noise,SKAB,fold_1,123,3,3,3,0.5,avg_negative_log,10,0.0,0.9,,147,22,270,0.08348794063079777,True,0.0,True,10.0,0.5,additive,True
0.26866666666666666,0.2676902536715621,1.0,0.42232754081095314,original,SKAB,fold_1,2026,3,3,3,0.5,avg_negative_log,10,0.0,0.9,,147,22,270,0.08348794063079777,True,0.0,True,10.0,0.5,additive,True
0.26866666666666666,0.2676902536715621,1.0,0.42232754081095314,gaussian_noise,SKAB,fold_1,2026,3,3,3,0.5,avg_negative_log,10,0.0,0.9,,147,22,270,0.08348794063079777,True,0.0,True,10.0,0.5,additive,True
0.26866666666666666,0.2676902536715621,1.0,0.42232754081095314,original,SKAB,fold_1,7,3,3,3,0.5,avg_negative_log,10,0.0,0.9,,147,22,270,0.08348794063079777,True,0.0,True,10.0,0.5,additive,True
0.26866666666666666,0.2676902536715621,1.0,0.42232754081095314,gaussian_noise,SKAB,fold_1,7,3,3,3,0.5,avg_negative_log,10,0.0,0.9,,147,22,270,0.08348794063079777,True,0.0,True,10.0,0.5,additive,True
0.26866666666666666,0.2676902536715621,1.0,0.42232754081095314,original,SKAB,fold_1,999,3,3,3,0.5,avg_negative_log,10,0.0,0.9,,147,22,270,0.08348794063079777,True,0.0,True,10.0,0.5,additive,True
0.26866666666666666,0.2676902536715621,1.0,0.42232754081095314,gaussian_noise,SKAB,fold_1,999,3,3,3,0.5,avg_negative_log,10,0.0,0.9,,147,22,270,0.08348794063079777,True,0.0,True,10.0,0.5,additive,True
0.27041499330655955,0.26943699731903487,1.0,0.4244984160506864,original,SKAB,fold_2,42,3,3,3,0.5,avg_negative_log,10,0.0,0.9,,125,18,240,0.10666666666666667,True,0.0,True,10.0,0.5,additive,True
0.27041499330655955,0.26943699731903487,1.0,0.4244984160506864,gaussian_noise,SKAB,fold_2,42,3,3,3,0.5,avg_negative_log,10,0.0,0.9,,125,18,240,0.10666666666666667,True,0.0,True,10.0,0.5,additive,True
0.27041499330655955,0.26943699731903487,1.0,0.4244984160506864,original,SKAB,fold_2,123,3,3,3,0.5,avg_negative_log,10,0.0,0.9,,125,18,240,0.10666666666666667,True,0.0,True,10.0,0.5,additive,True
0.27041499330655955,0.26943699731903487,1.0,0.4244984160506864,gaussian_noise,SKAB,fold_2,123,3,3,3,0.5,avg_negative_log,10,0.0,0.9,,125,18,240,0.10666666666666667,True,0.0,True,10.0,0.5,additive,True
0.27041499330655955,0.26943699731903487,1.0,0.4244984160506864,original,SKAB,fold_2,2026,3,3,3,0.5,avg_negative_log,10,0.0,0.9,,125,18,240,0.10666666666666667,True,0.0,True,10.0,0.5,additive,True
0.27041499330655955,0.26943699731903487,1.0,0.4244984160506864,gaussian_noise,SKAB,fold_2,2026,3,3,3,0.5,avg_negative_log,10,0.0,0.9,,125,18,240,0.10666666666666667,True,0.0,True,10.0,0.5,additive,True
0.27041499330655955,0.26943699731903487,1.0,0.4244984160506864,original,SKAB,fold_2,7,3,3,3,0.5,avg_negative_log,10,0.0,0.9,,125,18,240,0.10666666666666667,True,0.0,True,10.0,0.5,additive,True
0.27041499330655955,0.26943699731903487,1.0,0.4244984160506864,gaussian_noise,SKAB,fold_2,7,3,3,3,0.5,avg_negative_log,10,0.0,0.9,,125,18,240,0.10666666666666667,True,0.0,True,10.0,0.5,additive,True
0.27041499330655955,0.26943699731903487,1.0,0.4244984160506864,original,SKAB,fold_2,999,3,3,3,0.5,avg_negative_log,10,0.0,0.9,,125,18,240,0.10666666666666667,True,0.0,True,10.0,0.5,additive,True
0.27041499330655955,0.26943699731903487,1.0,0.4244984160506864,gaussian_noise,SKAB,fold_2,999,3,3,3,0.5,avg_negative_log,10,0.0,0.9,,125,18,240,0.10666666666666667,True,0.0,True,10.0,0.5,additive,True
0.2684069611780455,0.26742627345844505,1.0,0.42199894235854046,original,SKAB,fold_3,42,3,3,3,0.5,avg_negative_log,10,0.0,0.9,,127,19,241,0.0998756734355574,True,0.0,True,10.0,0.5,additive,True
0.2684069611780455,0.26742627345844505,1.0,0.42199894235854046,gaussian_noise,SKAB,fold_3,42,3,3,3,0.5,avg_negative_log,10,0.0,0.9,,127,19,241,0.0998756734355574,True,0.0,True,10.0,0.5,additive,True
0.2684069611780455,0.26742627345844505,1.0,0.42199894235854046,original,SKAB,fold_3,123,3,3,3,0.5,avg_negative_log,10,0.0,0.9,,127,19,241,0.0998756734355574,True,0.0,True,10.0,0.5,additive,True
0.2684069611780455,0.26742627345844505,1.0,0.42199894235854046,gaussian_noise,SKAB,fold_3,123,3,3,3,0.5,avg_negative_log,10,0.0,0.9,,127,19,241,0.0998756734355574,True,0.0,True,10.0,0.5,additive,True
0.2684069611780455,0.26742627345844505,1.0,0.42199894235854046,original,SKAB,fold_3,2026,3,3,3,0.5,avg_negative_log,10,0.0,0.9,,127,19,241,0.0998756734355574,True,0.0,True,10.0,0.5,additive,True
0.2684069611780455,0.26742627345844505,1.0,0.42199894235854046,gaussian_noise,SKAB,fold_3,2026,3,3,3,0.5,avg_negative_log,10,0.0,0.9,,127,19,241,0.0998756734355574,True,0.0,True,10.0,0.5,additive,True
0.2684069611780455,0.26742627345844505,1.0,0.42199894235854046,original,SKAB,fold_3,7,3,3,3,0.5,avg_negative_log,10,0.0,0.9,,127,19,241,0.0998756734355574,True,0.0,True,10.0,0.5,additive,True
0.2684069611780455,0.26742627345844505,1.0,0.42199894235854046,gaussian_noise,SKAB,fold_3,7,3,3,3,0.5,avg_negative_log,10,0.0,0.9,,127,19,241,0.0998756734355574,True,0.0,True,10.0,0.5,additive,True
0.2684069611780455,0.26742627345844505,1.0,0.42199894235854046,original,SKAB,fold_3,999,3,3,3,0.5,avg_negative_log,10,0.0,0.9,,127,19,241,0.0998756734355574,True,0.0,True,10.0,0.5,additive,True
0.2684069611780455,0.26742627345844505,1.0,0.42199894235854046,gaussian_noise,SKAB,fold_3,999,3,3,3,0.5,avg_negative_log,10,0.0,0.9,,127,19,241,0.0998756734355574,True,0.0,True,10.0,0.5,additive,True
0.27204884667571233,0.2710597826086957,1.0,0.4265098877605559,original,SKAB,fold_4,42,3,3,3,0.5,avg_negative_log,10,0.0,0.9,,127,19,243,0.10070451719850808,True,0.0,True,10.0,0.5,additive,True
0.27204884667571233,0.2710597826086957,1.0,0.4265098877605559,gaussian_noise,SKAB,fold_4,42,3,3,3,0.5,avg_negative_log,10,0.0,0.9,,127,19,243,0.10070451719850808,True,0.0,True,10.0,0.5,additive,True
0.27204884667571233,0.2710597826086957,1.0,0.4265098877605559,original,SKAB,fold_4,123,3,3,3,0.5,avg_negative_log,10,0.0,0.9,,127,19,243,0.10070451719850808,True,0.0,True,10.0,0.5,additive,True
0.27204884667571233,0.2710597826086957,1.0,0.4265098877605559,gaussian_noise,SKAB,fold_4,123,3,3,3,0.5,avg_negative_log,10,0.0,0.9,,127,19,243,0.10070451719850808,True,0.0,True,10.0,0.5,additive,True
0.27204884667571233,0.2710597826086957,1.0,0.4265098877605559,original,SKAB,fold_4,2026,3,3,3,0.5,avg_negative_log,10,0.0,0.9,,127,19,243,0.10070451719850808,True,0.0,True,10.0,0.5,additive,True
0.27204884667571233,0.2710597826086957,1.0,0.4265098877605559,gaussian_noise,SKAB,fold_4,2026,3,3,3,0.5,avg_negative_log,10,0.0,0.9,,127,19,243,0.10070451719850808,True,0.0,True,10.0,0.5,additive,True
0.27204884667571233,0.2710597826086957,1.0,0.4265098877605559,original,SKAB,fold_4,7,3,3,3,0.5,avg_negative_log,10,0.0,0.9,,127,19,243,0.10070451719850808,True,0.0,True,10.0,0.5,additive,True
0.27204884667571233,0.2710597826086957,1.0,0.4265098877605559,gaussian_noise,SKAB,fold_4,7,3,3,3,0.5,avg_negative_log,10,0.0,0.9,,127,19,243,0.10070451719850808,True,0.0,True,10.0,0.5,additive,True
0.27204884667571233,0.2710597826086957,1.0,0.4265098877605559,original,SKAB,fold_4,999,3,3,3,0.5,avg_negative_log,10,0.0,0.9,,127,19,243,0.10070451719850808,True,0.0,True,10.0,0.5,additive,True
0.27204884667571233,0.2710597826086957,1.0,0.4265098877605559,gaussian_noise,SKAB,fold_4,999,3,3,3,0.5,avg_negative_log,10,0.0,0.9,,127,19,243,0.10070451719850808,True,0.0,True,10.0,0.5,additive,True
0.26538716082064856,0.2644135188866799,1.0,0.41823899371069184,original,SKAB,fold_5,42,3,3,3,0.5,avg_negative_log,10,0.0,0.9,,133,20,247,0.09285714285714286,True,0.0,True,10.0,0.5,additive,True
0.26538716082064856,0.2644135188866799,1.0,0.41823899371069184,gaussian_noise,SKAB,fold_5,42,3,3,3,0.5,avg_negative_log,10,0.0,0.9,,133,20,247,0.09285714285714286,True,0.0,True,10.0,0.5,additive,True
0.26538716082064856,0.2644135188866799,1.0,0.41823899371069184,original,SKAB,fold_5,123,3,3,3,0.5,avg_negative_log,10,0.0,0.9,,133,20,247,0.09285714285714286,True,0.0,True,10.0,0.5,additive,True
0.26538716082064856,0.2644135188866799,1.0,0.41823899371069184,gaussian_noise,SKAB,fold_5,123,3,3,3,0.5,avg_negative_log,10,0.0,0.9,,133,20,247,0.09285714285714286,True,0.0,True,10.0,0.5,additive,True
0.26538716082064856,0.2644135188866799,1.0,0.41823899371069184,original,SKAB,fold_5,2026,3,3,3,0.5,avg_negative_log,10,0.0,0.9,,133,20,247,0.09285714285714286,True,0.0,True,10.0,0.5,additive,True
0.26538716082064856,0.2644135188866799,1.0,0.41823899371069184,gaussian_noise,SKAB,fold_5,2026,3,3,3,0.5,avg_negative_log,10,0.0,0.9,,133,20,247,0.09285714285714286,True,0.0,True,10.0,0.5,additive,True
0.26538716082064856,0.2644135188866799,1.0,0.41823899371069184,original,SKAB,fold_5,7,3,3,3,0.5,avg_negative_log,10,0.0,0.9,,133,20,247,0.09285714285714286,True,0.0,True,10.0,0.5,additive,True
0.26538716082064856,0.2644135188866799,1.0,0.41823899371069184,gaussian_noise,SKAB,fold_5,7,3,3,3,0.5,avg_negative_log,10,0.0,0.9,,133,20,247,0.09285714285714286,True,0.0,True,10.0,0.5,additive,True
0.26538716082064856,0.2644135188866799,1.0,0.41823899371069184,original,SKAB,fold_5,999,3,3,3,0.5,avg_negative_log,10,0.0,0.9,,133,20,247,0.09285714285714286,True,0.0,True,10.0,0.5,additive,True
0.26538716082064856,0.2644135188866799,1.0,0.41823899371069184,gaussian_noise,SKAB,fold_5,999,3,3,3,0.5,avg_negative_log,10,0.0,0.9,,133,20,247,0.09285714285714286,True,0.0,True,10.0,0.5,additive,True
0.26866666666666666,0.2676902536715621,1.0,0.42232754081095314,original,SKAB,fold_1,42,3,3,3,0.5,avg_negative_log,10,0.001,0.9,,147,22,270,0.08348794063079777,True,0.0,True,10.0,0.5,additive,True
0.26866666666666666,0.2676902536715621,1.0,0.42232754081095314,gaussian_noise,SKAB,fold_1,42,3,3,3,0.5,avg_negative_log,10,0.001,0.9,,147,22,270,0.08348794063079777,True,0.0,True,10.0,0.5,additive,True
0.26866666666666666,0.2676902536715621,1.0,0.42232754081095314,original,SKAB,fold_1,123,3,3,3,0.5,avg_negative_log,10,0.001,0.9,,147,22,270,0.08348794063079777,True,0.0,True,10.0,0.5,additive,True
0.26866666666666666,0.2676902536715621,1.0,0.42232754081095314,gaussian_noise,SKAB,fold_1,123,3,3,3,0.5,avg_negative_log,10,0.001,0.9,,147,22,270,0.08348794063079777,True,0.0,True,10.0,0.5,additive,True
0.26866666666666666,0.2676902536715621,1.0,0.42232754081095314,original,SKAB,fold_1,2026,3,3,3,0.5,avg_negative_log,10,0.001,0.9,,147,22,270,0.08348794063079777,True,0.0,True,10.0,0.5,additive,True
0.26866666666666666,0.2676902536715621,1.0,0.42232754081095314,gaussian_noise,SKAB,fold_1,2026,3,3,3,0.5,avg_negative_log,10,0.001,0.9,,147,22,270,0.08348794063079777,True,0.0,True,10.0,0.5,additive,True
0.26866666666666666,0.2676902536715621,1.0,0.42232754081095314,original,SKAB,fold_1,7,3,3,3,0.5,avg_negative_log,10,0.001,0.9,,147,22,270,0.08348794063079777,True,0.0,True,10.0,0.5,additive,True
0.26866666666666666,0.2676902536715621,1.0,0.42232754081095314,gaussian_noise,SKAB,fold_1,7,3,3,3,0.5,avg_negative_log,10,0.001,0.9,,147,22,270,0.08348794063079777,True,0.0,True,10.0,0.5,additive,True
0.26866666666666666,0.2676902536715621,1.0,0.42232754081095314,original,SKAB,fold_1,999,3,3,3,0.5,avg_negative_log,10,0.001,0.9,,147,22,270,0.08348794063079777,True,0.0,True,10.0,0.5,additive,True
0.26866666666666666,0.2676902536715621,1.0,0.42232754081095314,gaussian_noise,SKAB,fold_1,999,3,3,3,0.5,avg_negative_log,10,0.001,0.9,,147,22,270,0.08348794063079777,True,0.0,True,10.0,0.5,additive,True
0.27041499330655955,0.26943699731903487,1.0,0.4244984160506864,original,SKAB,fold_2,42,3,3,3,0.5,avg_negative_log,10,0.001,0.9,,125,18,240,0.10666666666666667,True,0.0,True,10.0,0.5,additive,True
0.27041499330655955,0.26943699731903487,1.0,0.4244984160506864,gaussian_noise,SKAB,fold_2,42,3,3,3,0.5,avg_negative_log,10,0.001,0.9,,125,18,240,0.10666666666666667,True,0.0,True,10.0,0.5,additive,True
0.27041499330655955,0.26943699731903487,1.0,0.4244984160506864,original,SKAB,fold_2,123,3,3,3,0.5,avg_negative_log,10,0.001,0.9,,125,18,240,0.10666666666666667,True,0.0,True,10.0,0.5,additive,True
0.27041499330655955,0.26943699731903487,1.0,0.4244984160506864,gaussian_noise,SKAB,fold_2,123,3,3,3,0.5,avg_negative_log,10,0.001,0.9,,125,18,240,0.10666666666666667,True,0.0,True,10.0,0.5,additive,True
0.27041499330655955,0.26943699731903487,1.0,0.4244984160506864,original,SKAB,fold_2,2026,3,3,3,0.5,avg_negative_log,10,0.001,0.9,,125,18,240,0.10666666666666667,True,0.0,True,10.0,0.5,additive,True
0.27041499330655955,0.26943699731903487,1.0,0.4244984160506864,gaussian_noise,SKAB,fold_2,2026,3,3,3,0.5,avg_negative_log,10,0.001,0.9,,125,18,240,0.10666666666666667,True,0.0,True,10.0,0.5,additive,True
0.27041499330655955,0.26943699731903487,1.0,0.4244984160506864,original,SKAB,fold_2,7,3,3,3,0.5,avg_negative_log,10,0.001,0.9,,125,18,240,0.10666666666666667,True,0.0,True,10.0,0.5,additive,True
0.27041499330655955,0.26943699731903487,1.0,0.4244984160506864,gaussian_noise,SKAB,fold_2,7,3,3,3,0.5,avg_negative_log,10,0.001,0.9,,125,18,240,0.10666666666666667,True,0.0,True,10.0,0.5,additive,True
0.27041499330655955,0.26943699731903487,1.0,0.4244984160506864,original,SKAB,fold_2,999,3,3,3,0.5,avg_negative_log,10,0.001,0.9,,125,18,240,0.10666666666666667,True,0.0,True,10.0,0.5,additive,True
0.27041499330655955,0.26943699731903487,1.0,0.4244984160506864,gaussian_noise,SKAB,fold_2,999,3,3,3,0.5,avg_negative_log,10,0.001,0.9,,125,18,240,0.10666666666666667,True,0.0,True,10.0,0.5,additive,True
0.2684069611780455,0.26742627345844505,1.0,0.42199894235854046,original,SKAB,fold_3,42,3,3,3,0.5,avg_negative_log,10,0.001,0.9,,127,19,241,0.0998756734355574,True,0.0,True,10.0,0.5,additive,True
0.2684069611780455,0.26742627345844505,1.0,0.42199894235854046,gaussian_noise,SKAB,fold_3,42,3,3,3,0.5,avg_negative_log,10,0.001,0.9,,127,19,241,0.0998756734355574,True,0.0,True,10.0,0.5,additive,True
0.2684069611780455,0.26742627345844505,1.0,0.42199894235854046,original,SKAB,fold_3,123,3,3,3,0.5,avg_negative_log,10,0.001,0.9,,127,19,241,0.0998756734355574,True,0.0,True,10.0,0.5,additive,True
0.2684069611780455,0.26742627345844505,1.0,0.42199894235854046,gaussian_noise,SKAB,fold_3,123,3,3,3,0.5,avg_negative_log,10,0.001,0.9,,127,19,241,0.0998756734355574,True,0.0,True,10.0,0.5,additive,True
0.2684069611780455,0.26742627345844505,1.0,0.42199894235854046,original,SKAB,fold_3,2026,3,3,3,0.5,avg_negative_log,10,0.001,0.9,,127,19,241,0.0998756734355574,True,0.0,True,10.0,0.5,additive,True
0.2684069611780455,0.26742627345844505,1.0,0.42199894235854046,gaussian_noise,SKAB,fold_3,2026,3,3,3,0.5,avg_negative_log,10,0.001,0.9,,127,19,241,0.0998756734355574,True,0.0,True,10.0,0.5,additive,True
0.2684069611780455,0.26742627345844505,1.0,0.42199894235854046,original,SKAB,fold_3,7,3,3,3,0.5,avg_negative_log,10,0.001,0.9,,127,19,241,0.0998756734355574,True,0.0,True,10.0,0.5,additive,True
0.2684069611780455,0.26742627345844505,1.0,0.42199894235854046,gaussian_noise,SKAB,fold_3,7,3,3,3,0.5,avg_negative_log,10,0.001,0.9,,127,19,241,0.0998756734355574,True,0.0,True,10.0,0.5,additive,True
0.2684069611780455,0.26742627345844505,1.0,0.42199894235854046,original,SKAB,fold_3,999,3,3,3,0.5,avg_negative_log,10,0.001,0.9,,127,19,241,0.0998756734355574,True,0.0,True,10.0,0.5,additive,True
0.2684069611780455,0.26742627345844505,1.0,0.42199894235854046,gaussian_noise,SKAB,fold_3,999,3,3,3,0.5,avg_negative_log,10,0.001,0.9,,127,19,241,0.0998756734355574,True,0.0,True,10.0,0.5,additive,True
0.27204884667571233,0.2710597826086957,1.0,0.4265098877605559,original,SKAB,fold_4,42,3,3,3,0.5,avg_negative_log,10,0.001,0.9,,127,19,243,0.10070451719850808,True,0.0,True,10.0,0.5,additive,True
0.27204884667571233,0.2710597826086957,1.0,0.4265098877605559,gaussian_noise,SKAB,fold_4,42,3,3,3,0.5,avg_negative_log,10,0.001,0.9,,127,19,243,0.10070451719850808,True,0.0,True,10.0,0.5,additive,True
0.27204884667571233,0.2710597826086957,1.0,0.4265098877605559,original,SKAB,fold_4,123,3,3,3,0.5,avg_negative_log,10,0.001,0.9,,127,19,243,0.10070451719850808,True,0.0,True,10.0,0.5,additive,True
0.27204884667571233,0.2710597826086957,1.0,0.4265098877605559,gaussian_noise,SKAB,fold_4,123,3,3,3,0.5,avg_negative_log,10,0.001,0.9,,127,19,243,0.10070451719850808,True,0.0,True,10.0,0.5,additive,True
0.27204884667571233,0.2710597826086957,1.0,0.4265098877605559,original,SKAB,fold_4,2026,3,3,3,0.5,avg_negative_log,10,0.001,0.9,,127,19,243,0.10070451719850808,True,0.0,True,10.0,0.5,additive,True
0.27204884667571233,0.2710597826086957,1.0,0.4265098877605559,gaussian_noise,SKAB,fold_4,2026,3,3,3,0.5,avg_negative_log,10,0.001,0.9,,127,19,243,0.10070451719850808,True,0.0,True,10.0,0.5,additive,True
0.27204884667571233,0.2710597826086957,1.0,0.4265098877605559,original,SKAB,fold_4,7,3,3,3,0.5,avg_negative_log,10,0.001,0.9,,127,19,243,0.10070451719850808,True,0.0,True,10.0,0.5,additive,True
0.27204884667571233,0.2710597826086957,1.0,0.4265098877605559,gaussian_noise,SKAB,fold_4,7,3,3,3,0.5,avg_negative_log,10,0.001,0.9,,127,19,243,0.10070451719850808,True,0.0,True,10.0,0.5,additive,True
0.27204884667571233,0.2710597826086957,1.0,0.4265098877605559,original,SKAB,fold_4,999,3,3,3,0.5,avg_negative_log,10,0.001,0.9,,127,19,243,0.10070451719850808,True,0.0,True,10.0,0.5,additive,True
0.27204884667571233,0.2710597826086957,1.0,0.4265098877605559,gaussian_noise,SKAB,fold_4,999,3,3,3,0.5,avg_negative_log,10,0.001,0.9,,127,19,243,0.10070451719850808,True,0.0,True,10.0,0.5,additive,True
0.26538716082064856,0.2644135188866799,1.0,0.41823899371069184,original,SKAB,fold_5,42,3,3,3,0.5,avg_negative_log,10,0.001,0.9,,133,20,247,0.09285714285714286,True,0.0,True,10.0,0.5,additive,True
0.26538716082064856,0.2644135188866799,1.0,0.41823899371069184,gaussian_noise,SKAB,fold_5,42,3,3,3,0.5,avg_negative_log,10,0.001,0.9,,133,20,247,0.09285714285714286,True,0.0,True,10.0,0.5,additive,True
0.26538716082064856,0.2644135188866799,1.0,0.41823899371069184,original,SKAB,fold_5,123,3,3,3,0.5,avg_negative_log,10,0.001,0.9,,133,20,247,0.09285714285714286,True,0.0,True,10.0,0.5,additive,True
0.26538716082064856,0.2644135188866799,1.0,0.41823899371069184,gaussian_noise,SKAB,fold_5,123,3,3,3,0.5,avg_negative_log,10,0.001,0.9,,133,20,247,0.09285714285714286,True,0.0,True,10.0,0.5,additive,True
0.26538716082064856,0.2644135188866799,1.0,0.41823899371069184,original,SKAB,fold_5,2026,3,3,3,0.5,avg_negative_log,10,0.001,0.9,,133,20,247,0.09285714285714286,True,0.0,True,10.0,0.5,additive,True
0.26538716082064856,0.2644135188866799,1.0,0.41823899371069184,gaussian_noise,SKAB,fold_5,2026,3,3,3,0.5,avg_negative_log,10,0.001,0.9,,133,20,247,0.09285714285714286,True,0.0,True,10.0,0.5,additive,True
0.26538716082064856,0.2644135188866799,1.0,0.41823899371069184,original,SKAB,fold_5,7,3,3,3,0.5,avg_negative_log,10,0.001,0.9,,133,20,247,0.09285714285714286,True,0.0,True,10.0,0.5,additive,True
0.26538716082064856,0.2644135188866799,1.0,0.41823899371069184,gaussian_noise,SKAB,fold_5,7,3,3,3,0.5,avg_negative_log,10,0.001,0.9,,133,20,247,0.09285714285714286,True,0.0,True,10.0,0.5,additive,True
0.26538716082064856,0.2644135188866799,1.0,0.41823899371069184,original,SKAB,fold_5,999,3,3,3,0.5,avg_negative_log,10,0.001,0.9,,133,20,247,0.09285714285714286,True,0.0,True,10.0,0.5,additive,True
0.26538716082064856,0.2644135188866799,1.0,0.41823899371069184,gaussian_noise,SKAB,fold_5,999,3,3,3,0.5,avg_negative_log,10,0.001,0.9,,133,20,247,0.09285714285714286,True,0.0,True,10.0,0.5,additive,True
0.26866666666666666,0.2676902536715621,1.0,0.42232754081095314,original,SKAB,fold_1,42,3,3,3,0.5,avg_negative_log,10,0.005,0.9,,147,22,270,0.08348794063079777,True,0.0,True,10.0,0.5,additive,True
0.26866666666666666,0.2676902536715621,1.0,0.42232754081095314,gaussian_noise,SKAB,fold_1,42,3,3,3,0.5,avg_negative_log,10,0.005,0.9,,147,22,270,0.08348794063079777,True,0.0,True,10.0,0.5,additive,True
0.26866666666666666,0.2676902536715621,1.0,0.42232754081095314,original,SKAB,fold_1,123,3,3,3,0.5,avg_negative_log,10,0.005,0.9,,147,22,270,0.08348794063079777,True,0.0,True,10.0,0.5,additive,True
0.26866666666666666,0.2676902536715621,1.0,0.42232754081095314,gaussian_noise,SKAB,fold_1,123,3,3,3,0.5,avg_negative_log,10,0.005,0.9,,147,22,270,0.08348794063079777,True,0.0,True,10.0,0.5,additive,True
0.26866666666666666,0.2676902536715621,1.0,0.42232754081095314,original,SKAB,fold_1,2026,3,3,3,0.5,avg_negative_log,10,0.005,0.9,,147,22,270,0.08348794063079777,True,0.0,True,10.0,0.5,additive,True
0.26866666666666666,0.2676902536715621,1.0,0.42232754081095314,gaussian_noise,SKAB,fold_1,2026,3,3,3,0.5,avg_negative_log,10,0.005,0.9,,147,22,270,0.08348794063079777,True,0.0,True,10.0,0.5,additive,True
0.26866666666666666,0.2676902536715621,1.0,0.42232754081095314,original,SKAB,fold_1,7,3,3,3,0.5,avg_negative_log,10,0.005,0.9,,147,22,270,0.08348794063079777,True,0.0,True,10.0,0.5,additive,True
0.26866666666666666,0.2676902536715621,1.0,0.42232754081095314,gaussian_noise,SKAB,fold_1,7,3,3,3,0.5,avg_negative_log,10,0.005,0.9,,147,22,270,0.08348794063079777,True,0.0,True,10.0,0.5,additive,True
0.26866666666666666,0.2676902536715621,1.0,0.42232754081095314,original,SKAB,fold_1,999,3,3,3,0.5,avg_negative_log,10,0.005,0.9,,147,22,270,0.08348794063079777,True,0.0,True,10.0,0.5,additive,True
0.26866666666666666,0.2676902536715621,1.0,0.42232754081095314,gaussian_noise,SKAB,fold_1,999,3,3,3,0.5,avg_negative_log,10,0.005,0.9,,147,22,270,0.08348794063079777,True,0.0,True,10.0,0.5,additive,True
0.27041499330655955,0.26943699731903487,1.0,0.4244984160506864,original,SKAB,fold_2,42,3,3,3,0.5,avg_negative_log,10,0.005,0.9,,125,18,240,0.10666666666666667,True,0.0,True,10.0,0.5,additive,True
0.27041499330655955,0.26943699731903487,1.0,0.4244984160506864,gaussian_noise,SKAB,fold_2,42,3,3,3,0.5,avg_negative_log,10,0.005,0.9,,125,18,240,0.10666666666666667,True,0.0,True,10.0,0.5,additive,True
0.27041499330655955,0.26943699731903487,1.0,0.4244984160506864,original,SKAB,fold_2,123,3,3,3,0.5,avg_negative_log,10,0.005,0.9,,125,18,240,0.10666666666666667,True,0.0,True,10.0,0.5,additive,True
0.27041499330655955,0.26943699731903487,1.0,0.4244984160506864,gaussian_noise,SKAB,fold_2,123,3,3,3,0.5,avg_negative_log,10,0.005,0.9,,125,18,240,0.10666666666666667,True,0.0,True,10.0,0.5,additive,True
0.27041499330655955,0.26943699731903487,1.0,0.4244984160506864,original,SKAB,fold_2,2026,3,3,3,0.5,avg_negative_log,10,0.005,0.9,,125,18,240,0.10666666666666667,True,0.0,True,10.0,0.5,additive,True
0.27041499330655955,0.26943699731903487,1.0,0.4244984160506864,gaussian_noise,SKAB,fold_2,2026,3,3,3,0.5,avg_negative_log,10,0.005,0.9,,125,18,240,0.10666666666666667,True,0.0,True,10.0,0.5,additive,True
0.27041499330655955,0.26943699731903487,1.0,0.4244984160506864,original,SKAB,fold_2,7,3,3,3,0.5,avg_negative_log,10,0.005,0.9,,125,18,240,0.10666666666666667,True,0.0,True,10.0,0.5,additive,True
0.27041499330655955,0.26943699731903487,1.0,0.4244984160506864,gaussian_noise,SKAB,fold_2,7,3,3,3,0.5,avg_negative_log,10,0.005,0.9,,125,18,240,0.10666666666666667,True,0.0,True,10.0,0.5,additive,True
0.27041499330655955,0.26943699731903487,1.0,0.4244984160506864,original,SKAB,fold_2,999,3,3,3,0.5,avg_negative_log,10,0.005,0.9,,125,18,240,0.10666666666666667,True,0.0,True,10.0,0.5,additive,True
0.27041499330655955,0.26943699731903487,1.0,0.4244984160506864,gaussian_noise,SKAB,fold_2,999,3,3,3,0.5,avg_negative_log,10,0.005,0.9,,125,18,240,0.10666666666666667,True,0.0,True,10.0,0.5,additive,True
0.2684069611780455,0.26742627345844505,1.0,0.42199894235854046,original,SKAB,fold_3,42,3,3,3,0.5,avg_negative_log,10,0.005,0.9,,127,19,241,0.0998756734355574,True,0.0,True,10.0,0.5,additive,True
0.2684069611780455,0.26742627345844505,1.0,0.42199894235854046,gaussian_noise,SKAB,fold_3,42,3,3,3,0.5,avg_negative_log,10,0.005,0.9,,127,19,241,0.0998756734355574,True,0.0,True,10.0,0.5,additive,True
0.2684069611780455,0.26742627345844505,1.0,0.42199894235854046,original,SKAB,fold_3,123,3,3,3,0.5,avg_negative_log,10,0.005,0.9,,127,19,241,0.0998756734355574,True,0.0,True,10.0,0.5,additive,True
0.2684069611780455,0.26742627345844505,1.0,0.42199894235854046,gaussian_noise,SKAB,fold_3,123,3,3,3,0.5,avg_negative_log,10,0.005,0.9,,127,19,241,0.0998756734355574,True,0.0,True,10.0,0.5,additive,True
0.2684069611780455,0.26742627345844505,1.0,0.42199894235854046,original,SKAB,fold_3,2026,3,3,3,0.5,avg_negative_log,10,0.005,0.9,,127,19,241,0.0998756734355574,True,0.0,True,10.0,0.5,additive,True
0.2684069611780455,0.26742627345844505,1.0,0.42199894235854046,gaussian_noise,SKAB,fold_3,2026,3,3,3,0.5,avg_negative_log,10,0.005,0.9,,127,19,241,0.0998756734355574,True,0.0,True,10.0,0.5,additive,True
0.2684069611780455,0.26742627345844505,1.0,0.42199894235854046,original,SKAB,fold_3,7,3,3,3,0.5,avg_negative_log,10,0.005,0.9,,127,19,241,0.0998756734355574,True,0.0,True,10.0,0.5,additive,True
0.2684069611780455,0.26742627345844505,1.0,0.42199894235854046,gaussian_noise,SKAB,fold_3,7,3,3,3,0.5,avg_negative_log,10,0.005,0.9,,127,19,241,0.0998756734355574,True,0.0,True,10.0,0.5,additive,True
0.2684069611780455,0.26742627345844505,1.0,0.42199894235854046,original,SKAB,fold_3,999,3,3,3,0.5,avg_negative_log,10,0.005,0.9,,127,19,241,0.0998756734355574,True,0.0,True,10.0,0.5,additive,True
0.2684069611780455,0.26742627345844505,1.0,0.42199894235854046,gaussian_noise,SKAB,fold_3,999,3,3,3,0.5,avg_negative_log,10,0.005,0.9,,127,19,241,0.0998756734355574,True,0.0,True,10.0,0.5,additive,True
0.27204884667571233,0.2710597826086957,1.0,0.4265098877605559,original,SKAB,fold_4,42,3,3,3,0.5,avg_negative_log,10,0.005,0.9,,127,19,243,0.10070451719850808,True,0.0,True,10.0,0.5,additive,True
0.27204884667571233,0.2710597826086957,1.0,0.4265098877605559,gaussian_noise,SKAB,fold_4,42,3,3,3,0.5,avg_negative_log,10,0.005,0.9,,127,19,243,0.10070451719850808,True,0.0,True,10.0,0.5,additive,True
0.27204884667571233,0.2710597826086957,1.0,0.4265098877605559,original,SKAB,fold_4,123,3,3,3,0.5,avg_negative_log,10,0.005,0.9,,127,19,243,0.10070451719850808,True,0.0,True,10.0,0.5,additive,True
0.27204884667571233,0.2710597826086957,1.0,0.4265098877605559,gaussian_noise,SKAB,fold_4,123,3,3,3,0.5,avg_negative_log,10,0.005,0.9,,127,19,243,0.10070451719850808,True,0.0,True,10.0,0.5,additive,True
0.27204884667571233,0.2710597826086957,1.0,0.4265098877605559,original,SKAB,fold_4,2026,3,3,3,0.5,avg_negative_log,10,0.005,0.9,,127,19,243,0.10070451719850808,True,0.0,True,10.0,0.5,additive,True
0.27204884667571233,0.2710597826086957,1.0,0.4265098877605559,gaussian_noise,SKAB,fold_4,2026,3,3,3,0.5,avg_negative_log,10,0.005,0.9,,127,19,243,0.10070451719850808,True,0.0,True,10.0,0.5,additive,True
0.27204884667571233,0.2710597826086957,1.0,0.4265098877605559,original,SKAB,fold_4,7,3,3,3,0.5,avg_negative_log,10,0.005,0.9,,127,19,243,0.10070451719850808,True,0.0,True,10.0,0.5,additive,True
0.27204884667571233,0.2710597826086957,1.0,0.4265098877605559,gaussian_noise,SKAB,fold_4,7,3,3,3,0.5,avg_negative_log,10,0.005,0.9,,127,19,243,0.10070451719850808,True,0.0,True,10.0,0.5,additive,True
0.27204884667571233,0.2710597826086957,1.0,0.4265098877605559,original,SKAB,fold_4,999,3,3,3,0.5,avg_negative_log,10,0.005,0.9,,127,19,243,0.10070451719850808,True,0.0,True,10.0,0.5,additive,True
0.27204884667571233,0.2710597826086957,1.0,0.4265098877605559,gaussian_noise,SKAB,fold_4,999,3,3,3,0.5,avg_negative_log,10,0.005,0.9,,127,19,243,0.10070451719850808,True,0.0,True,10.0,0.5,additive,True
0.26538716082064856,0.2644135188866799,1.0,0.41823899371069184,original,SKAB,fold_5,42,3,3,3,0.5,avg_negative_log,10,0.005,0.9,,133,20,247,0.09285714285714286,True,0.0,True,10.0,0.5,additive,True
0.26538716082064856,0.2644135188866799,1.0,0.41823899371069184,gaussian_noise,SKAB,fold_5,42,3,3,3,0.5,avg_negative_log,10,0.005,0.9,,133,20,247,0.09285714285714286,True,0.0,True,10.0,0.5,additive,True
0.26538716082064856,0.2644135188866799,1.0,0.41823899371069184,original,SKAB,fold_5,123,3,3,3,0.5,avg_negative_log,10,0.005,0.9,,133,20,247,0.09285714285714286,True,0.0,True,10.0,0.5,additive,True
0.26538716082064856,0.2644135188866799,1.0,0.41823899371069184,gaussian_noise,SKAB,fold_5,123,3,3,3,0.5,avg_negative_log,10,0.005,0.9,,133,20,247,0.09285714285714286,True,0.0,True,10.0,0.5,additive,True
0.26538716082064856,0.2644135188866799,1.0,0.41823899371069184,original,SKAB,fold_5,2026,3,3,3,0.5,avg_negative_log,10,0.005,0.9,,133,20,247,0.09285714285714286,True,0.0,True,10.0,0.5,additive,True
0.26538716082064856,0.2644135188866799,1.0,0.41823899371069184,gaussian_noise,SKAB,fold_5,2026,3,3,3,0.5,avg_negative_log,10,0.005,0.9,,133,20,247,0.09285714285714286,True,0.0,True,10.0,0.5,additive,True
0.26538716082064856,0.2644135188866799,1.0,0.41823899371069184,original,SKAB,fold_5,7,3,3,3,0.5,avg_negative_log,10,0.005,0.9,,133,20,247,0.09285714285714286,True,0.0,True,10.0,0.5,additive,True
0.26538716082064856,0.2644135188866799,1.0,0.41823899371069184,gaussian_noise,SKAB,fold_5,7,3,3,3,0.5,avg_negative_log,10,0.005,0.9,,133,20,247,0.09285714285714286,True,0.0,True,10.0,0.5,additive,True
0.26538716082064856,0.2644135188866799,1.0,0.41823899371069184,original,SKAB,fold_5,999,3,3,3,0.5,avg_negative_log,10,0.005,0.9,,133,20,247,0.09285714285714286,True,0.0,True,10.0,0.5,additive,True
0.26538716082064856,0.2644135188866799,1.0,0.41823899371069184,gaussian_noise,SKAB,fold_5,999,3,3,3,0.5,avg_negative_log,10,0.005,0.9,,133,20,247,0.09285714285714286,True,0.0,True,10.0,0.5,additive,True
0.26866666666666666,0.2676902536715621,1.0,0.42232754081095314,original,SKAB,fold_1,42,3,3,3,0.5,avg_negative_log,10,0.01,0.9,,147,22,270,0.08348794063079777,True,0.0,True,10.0,0.5,additive,True
0.26866666666666666,0.2676902536715621,1.0,0.42232754081095314,gaussian_noise,SKAB,fold_1,42,3,3,3,0.5,avg_negative_log,10,0.01,0.9,,147,22,270,0.08348794063079777,True,0.0,True,10.0,0.5,additive,True
0.26866666666666666,0.2676902536715621,1.0,0.42232754081095314,original,SKAB,fold_1,123,3,3,3,0.5,avg_negative_log,10,0.01,0.9,,147,22,270,0.08348794063079777,True,0.0,True,10.0,0.5,additive,True
0.26866666666666666,0.2676902536715621,1.0,0.42232754081095314,gaussian_noise,SKAB,fold_1,123,3,3,3,0.5,avg_negative_log,10,0.01,0.9,,147,22,270,0.08348794063079777,True,0.0,True,10.0,0.5,additive,True
0.26866666666666666,0.2676902536715621,1.0,0.42232754081095314,original,SKAB,fold_1,2026,3,3,3,0.5,avg_negative_log,10,0.01,0.9,,147,22,270,0.08348794063079777,True,0.0,True,10.0,0.5,additive,True
0.26866666666666666,0.2676902536715621,1.0,0.42232754081095314,gaussian_noise,SKAB,fold_1,2026,3,3,3,0.5,avg_negative_log,10,0.01,0.9,,147,22,270,0.08348794063079777,True,0.0,True,10.0,0.5,additive,True
0.26866666666666666,0.2676902536715621,1.0,0.42232754081095314,original,SKAB,fold_1,7,3,3,3,0.5,avg_negative_log,10,0.01,0.9,,147,22,270,0.08348794063079777,True,0.0,True,10.0,0.5,additive,True
0.26866666666666666,0.2676902536715621,1.0,0.42232754081095314,gaussian_noise,SKAB,fold_1,7,3,3,3,0.5,avg_negative_log,10,0.01,0.9,,147,22,270,0.08348794063079777,True,0.0,True,10.0,0.5,additive,True
0.26866666666666666,0.2676902536715621,1.0,0.42232754081095314,original,SKAB,fold_1,999,3,3,3,0.5,avg_negative_log,10,0.01,0.9,,147,22,270,0.08348794063079777,True,0.0,True,10.0,0.5,additive,True
0.26866666666666666,0.2676902536715621,1.0,0.42232754081095314,gaussian_noise,SKAB,fold_1,999,3,3,3,0.5,avg_negative_log,10,0.01,0.9,,147,22,270,0.08348794063079777,True,0.0,True,10.0,0.5,additive,True
0.27041499330655955,0.26943699731903487,1.0,0.4244984160506864,original,SKAB,fold_2,42,3,3,3,0.5,avg_negative_log,10,0.01,0.9,,125,18,240,0.10666666666666667,True,0.0,True,10.0,0.5,additive,True
0.27041499330655955,0.26943699731903487,1.0,0.4244984160506864,gaussian_noise,SKAB,fold_2,42,3,3,3,0.5,avg_negative_log,10,0.01,0.9,,125,18,240,0.10666666666666667,True,0.0,True,10.0,0.5,additive,True
0.27041499330655955,0.26943699731903487,1.0,0.4244984160506864,original,SKAB,fold_2,123,3,3,3,0.5,avg_negative_log,10,0.01,0.9,,125,18,240,0.10666666666666667,True,0.0,True,10.0,0.5,additive,True
0.27041499330655955,0.26943699731903487,1.0,0.4244984160506864,gaussian_noise,SKAB,fold_2,123,3,3,3,0.5,avg_negative_log,10,0.01,0.9,,125,18,240,0.10666666666666667,True,0.0,True,10.0,0.5,additive,True
0.27041499330655955,0.26943699731903487,1.0,0.4244984160506864,original,SKAB,fold_2,2026,3,3,3,0.5,avg_negative_log,10,0.01,0.9,,125,18,240,0.10666666666666667,True,0.0,True,10.0,0.5,additive,True
0.27041499330655955,0.26943699731903487,1.0,0.4244984160506864,gaussian_noise,SKAB,fold_2,2026,3,3,3,0.5,avg_negative_log,10,0.01,0.9,,125,18,240,0.10666666666666667,True,0.0,True,10.0,0.5,additive,True
0.27041499330655955,0.26943699731903487,1.0,0.4244984160506864,original,SKAB,fold_2,7,3,3,3,0.5,avg_negative_log,10,0.01,0.9,,125,18,240,0.10666666666666667,True,0.0,True,10.0,0.5,additive,True
0.27041499330655955,0.26943699731903487,1.0,0.4244984160506864,gaussian_noise,SKAB,fold_2,7,3,3,3,0.5,avg_negative_log,10,0.01,0.9,,125,18,240,0.10666666666666667,True,0.0,True,10.0,0.5,additive,True
0.27041499330655955,0.26943699731903487,1.0,0.4244984160506864,original,SKAB,fold_2,999,3,3,3,0.5,avg_negative_log,10,0.01,0.9,,125,18,240,0.10666666666666667,True,0.0,True,10.0,0.5,additive,True
0.27041499330655955,0.26943699731903487,1.0,0.4244984160506864,gaussian_noise,SKAB,fold_2,999,3,3,3,0.5,avg_negative_log,10,0.01,0.9,,125,18,240,0.10666666666666667,True,0.0,True,10.0,0.5,additive,True
0.2684069611780455,0.26742627345844505,1.0,0.42199894235854046,original,SKAB,fold_3,42,3,3,3,0.5,avg_negative_log,10,0.01,0.9,,127,19,241,0.0998756734355574,True,0.0,True,10.0,0.5,additive,True
0.2684069611780455,0.26742627345844505,1.0,0.42199894235854046,gaussian_noise,SKAB,fold_3,42,3,3,3,0.5,avg_negative_log,10,0.01,0.9,,127,19,241,0.0998756734355574,True,0.0,True,10.0,0.5,additive,True
0.2684069611780455,0.26742627345844505,1.0,0.42199894235854046,original,SKAB,fold_3,123,3,3,3,0.5,avg_negative_log,10,0.01,0.9,,127,19,241,0.0998756734355574,True,0.0,True,10.0,0.5,additive,True
0.2684069611780455,0.26742627345844505,1.0,0.42199894235854046,gaussian_noise,SKAB,fold_3,123,3,3,3,0.5,avg_negative_log,10,0.01,0.9,,127,19,241,0.0998756734355574,True,0.0,True,10.0,0.5,additive,True
0.2684069611780455,0.26742627345844505,1.0,0.42199894235854046,original,SKAB,fold_3,2026,3,3,3,0.5,avg_negative_log,10,0.01,0.9,,127,19,241,0.0998756734355574,True,0.0,True,10.0,0.5,additive,True
0.2684069611780455,0.26742627345844505,1.0,0.42199894235854046,gaussian_noise,SKAB,fold_3,2026,3,3,3,0.5,avg_negative_log,10,0.01,0.9,,127,19,241,0.0998756734355574,True,0.0,True,10.0,0.5,additive,True
0.2684069611780455,0.26742627345844505,1.0,0.42199894235854046,original,SKAB,fold_3,7,3,3,3,0.5,avg_negative_log,10,0.01,0.9,,127,19,241,0.0998756734355574,True,0.0,True,10.0,0.5,additive,True
0.2684069611780455,0.26742627345844505,1.0,0.42199894235854046,gaussian_noise,SKAB,fold_3,7,3,3,3,0.5,avg_negative_log,10,0.01,0.9,,127,19,241,0.0998756734355574,True,0.0,True,10.0,0.5,additive,True
0.2684069611780455,0.26742627345844505,1.0,0.42199894235854046,original,SKAB,fold_3,999,3,3,3,0.5,avg_negative_log,10,0.01,0.9,,127,19,241,0.0998756734355574,True,0.0,True,10.0,0.5,additive,True
0.2684069611780455,0.26742627345844505,1.0,0.42199894235854046,gaussian_noise,SKAB,fold_3,999,3,3,3,0.5,avg_negative_log,10,0.01,0.9,,127,19,241,0.0998756734355574,True,0.0,True,10.0,0.5,additive,True
0.27204884667571233,0.2710597826086957,1.0,0.4265098877605559,original,SKAB,fold_4,42,3,3,3,0.5,avg_negative_log,10,0.01,0.9,,127,19,243,0.10070451719850808,True,0.0,True,10.0,0.5,additive,True
0.27204884667571233,0.2710597826086957,1.0,0.4265098877605559,gaussian_noise,SKAB,fold_4,42,3,3,3,0.5,avg_negative_log,10,0.01,0.9,,127,19,243,0.10070451719850808,True,0.0,True,10.0,0.5,additive,True
0.27204884667571233,0.2710597826086957,1.0,0.4265098877605559,original,SKAB,fold_4,123,3,3,3,0.5,avg_negative_log,10,0.01,0.9,,127,19,243,0.10070451719850808,True,0.0,True,10.0,0.5,additive,True
0.27204884667571233,0.2710597826086957,1.0,0.4265098877605559,gaussian_noise,SKAB,fold_4,123,3,3,3,0.5,avg_negative_log,10,0.01,0.9,,127,19,243,0.10070451719850808,True,0.0,True,10.0,0.5,additive,True
0.27204884667571233,0.2710597826086957,1.0,0.4265098877605559,original,SKAB,fold_4,2026,3,3,3,0.5,avg_negative_log,10,0.01,0.9,,127,19,243,0.10070451719850808,True,0.0,True,10.0,0.5,additive,True
0.27204884667571233,0.2710597826086957,1.0,0.4265098877605559,gaussian_noise,SKAB,fold_4,2026,3,3,3,0.5,avg_negative_log,10,0.01,0.9,,127,19,243,0.10070451719850808,True,0.0,True,10.0,0.5,additive,True
0.27204884667571233,0.2710597826086957,1.0,0.4265098877605559,original,SKAB,fold_4,7,3,3,3,0.5,avg_negative_log,10,0.01,0.9,,127,19,243,0.10070451719850808,True,0.0,True,10.0,0.5,additive,True
0.27204884667571233,0.2710597826086957,1.0,0.4265098877605559,gaussian_noise,SKAB,fold_4,7,3,3,3,0.5,avg_negative_log,10,0.01,0.9,,127,19,243,0.10070451719850808,True,0.0,True,10.0,0.5,additive,True
0.27204884667571233,0.2710597826086957,1.0,0.4265098877605559,original,SKAB,fold_4,999,3,3,3,0.5,avg_negative_log,10,0.01,0.9,,127,19,243,0.10070451719850808,True,0.0,True,10.0,0.5,additive,True
0.27204884667571233,0.2710597826086957,1.0,0.4265098877605559,gaussian_noise,SKAB,fold_4,999,3,3,3,0.5,avg_negative_log,10,0.01,0.9,,127,19,243,0.10070451719850808,True,0.0,True,10.0,0.5,additive,True
0.26538716082064856,0.2644135188866799,1.0,0.41823899371069184,original,SKAB,fold_5,42,3,3,3,0.5,avg_negative_log,10,0.01,0.9,,133,20,247,0.09285714285714286,True,0.0,True,10.0,0.5,additive,True
0.26538716082064856,0.2644135188866799,1.0,0.41823899371069184,gaussian_noise,SKAB,fold_5,42,3,3,3,0.5,avg_negative_log,10,0.01,0.9,,133,20,247,0.09285714285714286,True,0.0,True,10.0,0.5,additive,True
0.26538716082064856,0.2644135188866799,1.0,0.41823899371069184,original,SKAB,fold_5,123,3,3,3,0.5,avg_negative_log,10,0.01,0.9,,133,20,247,0.09285714285714286,True,0.0,True,10.0,0.5,additive,True
0.26538716082064856,0.2644135188866799,1.0,0.41823899371069184,gaussian_noise,SKAB,fold_5,123,3,3,3,0.5,avg_negative_log,10,0.01,0.9,,133,20,247,0.09285714285714286,True,0.0,True,10.0,0.5,additive,True
0.26538716082064856,0.2644135188866799,1.0,0.41823899371069184,original,SKAB,fold_5,2026,3,3,3,0.5,avg_negative_log,10,0.01,0.9,,133,20,247,0.09285714285714286,True,0.0,True,10.0,0.5,additive,True
0.26538716082064856,0.2644135188866799,1.0,0.41823899371069184,gaussian_noise,SKAB,fold_5,2026,3,3,3,0.5,avg_negative_log,10,0.01,0.9,,133,20,247,0.09285714285714286,True,0.0,True,10.0,0.5,additive,True
0.26538716082064856,0.2644135188866799,1.0,0.41823899371069184,original,SKAB,fold_5,7,3,3,3,0.5,avg_negative_log,10,0.01,0.9,,133,20,247,0.09285714285714286,True,0.0,True,10.0,0.5,additive,True
0.26538716082064856,0.2644135188866799,1.0,0.41823899371069184,gaussian_noise,SKAB,fold_5,7,3,3,3,0.5,avg_negative_log,10,0.01,0.9,,133,20,247,0.09285714285714286,True,0.0,True,10.0,0.5,additive,True
0.26538716082064856,0.2644135188866799,1.0,0.41823899371069184,original,SKAB,fold_5,999,3,3,3,0.5,avg_negative_log,10,0.01,0.9,,133,20,247,0.09285714285714286,True,0.0,True,10.0,0.5,additive,True
0.26538716082064856,0.2644135188866799,1.0,0.41823899371069184,gaussian_noise,SKAB,fold_5,999,3,3,3,0.5,avg_negative_log,10,0.01,0.9,,133,20,247,0.09285714285714286,True,0.0,True,10.0,0.5,additive,True
0.52,0.3577163247100803,1.0,0.5269382391590013,original,SKAB,fold_1,42,3,3,3,0.5,avg_negative_log,10,0.05,0.9,,147,22,270,0.08348794063079777,True,0.0,True,10.0,0.5,additive,True
0.52,0.3577163247100803,1.0,0.5269382391590013,gaussian_noise,SKAB,fold_1,42,3,3,3,0.5,avg_negative_log,10,0.05,0.9,,147,22,270,0.08348794063079777,True,0.0,True,10.0,0.5,additive,True
0.52,0.3577163247100803,1.0,0.5269382391590013,original,SKAB,fold_1,123,3,3,3,0.5,avg_negative_log,10,0.05,0.9,,147,22,270,0.08348794063079777,True,0.0,True,10.0,0.5,additive,True
0.52,0.3577163247100803,1.0,0.5269382391590013,gaussian_noise,SKAB,fold_1,123,3,3,3,0.5,avg_negative_log,10,0.05,0.9,,147,22,270,0.08348794063079777,True,0.0,True,10.0,0.5,additive,True
0.52,0.3577163247100803,1.0,0.5269382391590013,original,SKAB,fold_1,2026,3,3,3,0.5,avg_negative_log,10,0.05,0.9,,147,22,270,0.08348794063079777,True,0.0,True,10.0,0.5,additive,True
0.52,0.3577163247100803,1.0,0.5269382391590013,gaussian_noise,SKAB,fold_1,2026,3,3,3,0.5,avg_negative_log,10,0.05,0.9,,147,22,270,0.08348794063079777,True,0.0,True,10.0,0.5,additive,True
0.52,0.3577163247100803,1.0,0.5269382391590013,original,SKAB,fold_1,7,3,3,3,0.5,avg_negative_log,10,0.05,0.9,,147,22,270,0.08348794063079777,True,0.0,True,10.0,0.5,additive,True
0.52,0.3577163247100803,1.0,0.5269382391590013,gaussian_noise,SKAB,fold_1,7,3,3,3,0.5,avg_negative_log,10,0.05,0.9,,147,22,270,0.08348794063079777,True,0.0,True,10.0,0.5,additive,True
0.52,0.3577163247100803,1.0,0.5269382391590013,original,SKAB,fold_1,999,3,3,3,0.5,avg_negative_log,10,0.05,0.9,,147,22,270,0.08348794063079777,True,0.0,True,10.0,0.5,additive,True
0.52,0.3577163247100803,1.0,0.5269382391590013,gaussian_noise,SKAB,fold_1,999,3,3,3,0.5,avg_negative_log,10,0.05,0.9,,147,22,270,0.08348794063079777,True,0.0,True,10.0,0.5,additive,True
0.5227576974564926,0.36053811659192825,1.0,0.5299934080421885,original,SKAB,fold_2,42,3,3,3,0.5,avg_negative_log,10,0.05,0.9,,125,18,240,0.10666666666666667,True,0.0,True,10.0,0.5,additive,True
0.5227576974564926,0.36053811659192825,1.0,0.5299934080421885,gaussian_noise,SKAB,fold_2,42,3,3,3,0.5,avg_negative_log,10,0.05,0.9,,125,18,240,0.10666666666666667,True,0.0,True,10.0,0.5,additive,True
0.5227576974564926,0.36053811659192825,1.0,0.5299934080421885,original,SKAB,fold_2,123,3,3,3,0.5,avg_negative_log,10,0.05,0.9,,125,18,240,0.10666666666666667,True,0.0,True,10.0,0.5,additive,True
0.5227576974564926,0.36053811659192825,1.0,0.5299934080421885,gaussian_noise,SKAB,fold_2,123,3,3,3,0.5,avg_negative_log,10,0.05,0.9,,125,18,240,0.10666666666666667,True,0.0,True,10.0,0.5,additive,True
0.5227576974564926,0.36053811659192825,1.0,0.5299934080421885,original,SKAB,fold_2,2026,3,3,3,0.5,avg_negative_log,10,0.05,0.9,,125,18,240,0.10666666666666667,True,0.0,True,10.0,0.5,additive,True
0.5227576974564926,0.36053811659192825,1.0,0.5299934080421885,gaussian_noise,SKAB,fold_2,2026,3,3,3,0.5,avg_negative_log,10,0.05,0.9,,125,18,240,0.10666666666666667,True,0.0,True,10.0,0.5,additive,True
0.5227576974564926,0.36053811659192825,1.0,0.5299934080421885,original,SKAB,fold_2,7,3,3,3,0.5,avg_negative_log,10,0.05,0.9,,125,18,240,0.10666666666666667,True,0.0,True,10.0,0.5,additive,True
0.5227576974564926,0.36053811659192825,1.0,0.5299934080421885,gaussian_noise,SKAB,fold_2,7,3,3,3,0.5,avg_negative_log,10,0.05,0.9,,125,18,240,0.10666666666666667,True,0.0,True,10.0,0.5,additive,True
0.5227576974564926,0.36053811659192825,1.0,0.5299934080421885,original,SKAB,fold_2,999,3,3,3,0.5,avg_negative_log,10,0.05,0.9,,125,18,240,0.10666666666666667,True,0.0,True,10.0,0.5,additive,True
0.5227576974564926,0.36053811659192825,1.0,0.5299934080421885,gaussian_noise,SKAB,fold_2,999,3,3,3,0.5,avg_negative_log,10,0.05,0.9,,125,18,240,0.10666666666666667,True,0.0,True,10.0,0.5,additive,True
0.27710843373493976,0.2031386224934612,0.5839598997493735,0.3014230271668823,original,SKAB,fold_3,42,3,3,3,0.5,avg_negative_log,10,0.05,0.9,,127,19,241,0.0998756734355574,True,0.0,True,10.0,0.5,additive,True
0.27710843373493976,0.2031386224934612,0.5839598997493735,0.3014230271668823,gaussian_noise,SKAB,fold_3,42,3,3,3,0.5,avg_negative_log,10,0.05,0.9,,127,19,241,0.0998756734355574,True,0.0,True,10.0,0.5,additive,True
0.27710843373493976,0.2031386224934612,0.5839598997493735,0.3014230271668823,original,SKAB,fold_3,123,3,3,3,0.5,avg_negative_log,10,0.05,0.9,,127,19,241,0.0998756734355574,True,0.0,True,10.0,0.5,additive,True
0.27710843373493976,0.2031386224934612,0.5839598997493735,0.3014230271668823,gaussian_noise,SKAB,fold_3,123,3,3,3,0.5,avg_negative_log,10,0.05,0.9,,127,19,241,0.0998756734355574,True,0.0,True,10.0,0.5,additive,True
0.27710843373493976,0.2031386224934612,0.5839598997493735,0.3014230271668823,original,SKAB,fold_3,2026,3,3,3,0.5,avg_negative_log,10,0.05,0.9,,127,19,241,0.0998756734355574,True,0.0,True,10.0,0.5,additive,True
0.27710843373493976,0.2031386224934612,0.5839598997493735,0.3014230271668823,gaussian_noise,SKAB,fold_3,2026,3,3,3,0.5,avg_negative_log,10,0.05,0.9,,127,19,241,0.0998756734355574,True,0.0,True,10.0,0.5,additive,True
0.27710843373493976,0.2031386224934612,0.5839598997493735,0.3014230271668823,original,SKAB,fold_3,7,3,3,3,0.5,avg_negative_log,10,0.05,0.9,,127,19,241,0.0998756734355574,True,0.0,True,10.0,0.5,additive,True
0.27710843373493976,0.2031386224934612,0.5839598997493735,0.3014230271668823,gaussian_noise,SKAB,fold_3,7,3,3,3,0.5,avg_negative_log,10,0.05,0.9,,127,19,241,0.0998756734355574,True,0.0,True,10.0,0.5,additive,True
0.27710843373493976,0.2031386224934612,0.5839598997493735,0.3014230271668823,original,SKAB,fold_3,999,3,3,3,0.5,avg_negative_log,10,0.05,0.9,,127,19,241,0.0998756734355574,True,0.0,True,10.0,0.5,additive,True
0.27710843373493976,0.2031386224934612,0.5839598997493735,0.3014230271668823,gaussian_noise,SKAB,fold_3,999,3,3,3,0.5,avg_negative_log,10,0.05,0.9,,127,19,241,0.0998756734355574,True,0.0,True,10.0,0.5,additive,True
0.25780189959294436,0.18495013599274707,0.5112781954887218,0.27163781624500666,original,SKAB,fold_4,42,3,3,3,0.5,avg_negative_log,10,0.05,0.9,,127,19,243,0.10070451719850808,True,0.0,True,10.0,0.5,additive,True
0.25780189959294436,0.18495013599274707,0.5112781954887218,0.27163781624500666,gaussian_noise,SKAB,fold_4,42,3,3,3,0.5,avg_negative_log,10,0.05,0.9,,127,19,243,0.10070451719850808,True,0.0,True,10.0,0.5,additive,True
0.25780189959294436,0.18495013599274707,0.5112781954887218,0.27163781624500666,original,SKAB,fold_4,123,3,3,3,0.5,avg_negative_log,10,0.05,0.9,,127,19,243,0.10070451719850808,True,0.0,True,10.0,0.5,additive,True
0.25780189959294436,0.18495013599274707,0.5112781954887218,0.27163781624500666,gaussian_noise,SKAB,fold_4,123,3,3,3,0.5,avg_negative_log,10,0.05,0.9,,127,19,243,0.10070451719850808,True,0.0,True,10.0,0.5,additive,True
0.25780189959294436,0.18495013599274707,0.5112781954887218,0.27163781624500666,original,SKAB,fold_4,2026,3,3,3,0.5,avg_negative_log,10,0.05,0.9,,127,19,243,0.10070451719850808,True,0.0,True,10.0,0.5,additive,True
0.25780189959294436,0.18495013599274707,0.5112781954887218,0.27163781624500666,gaussian_noise,SKAB,fold_4,2026,3,3,3,0.5,avg_negative_log,10,0.05,0.9,,127,19,243,0.10070451719850808,True,0.0,True,10.0,0.5,additive,True
0.25780189959294436,0.18495013599274707,0.5112781954887218,0.27163781624500666,original,SKAB,fold_4,7,3,3,3,0.5,avg_negative_log,10,0.05,0.9,,127,19,243,0.10070451719850808,True,0.0,True,10.0,0.5,additive,True
0.25780189959294436,0.18495013599274707,0.5112781954887218,0.27163781624500666,gaussian_noise,SKAB,fold_4,7,3,3,3,0.5,avg_negative_log,10,0.05,0.9,,127,19,243,0.10070451719850808,True,0.0,True,10.0,0.5,additive,True
0.25780189959294436,0.18495013599274707,0.5112781954887218,0.27163781624500666,original,SKAB,fold_4,999,3,3,3,0.5,avg_negative_log,10,0.05,0.9,,127,19,243,0.10070451719850808,True,0.0,True,10.0,0.5,additive,True
0.25780189959294436,0.18495013599274707,0.5112781954887218,0.27163781624500666,gaussian_noise,SKAB,fold_4,999,3,3,3,0.5,avg_negative_log,10,0.05,0.9,,127,19,243,0.10070451719850808,True,0.0,True,10.0,0.5,additive,True
0.314361350099272,0.2645971914264597,0.8972431077694235,0.408675799086758,original,SKAB,fold_5,42,3,3,3,0.5,avg_negative_log,10,0.05,0.9,,133,20,247,0.09285714285714286,True,0.0,True,10.0,0.5,additive,True
0.29781601588352086,0.25445103857566764,0.8596491228070176,0.3926731539782484,gaussian_noise,SKAB,fold_5,42,3,3,3,0.5,avg_negative_log,10,0.05,0.9,,133,20,247,0.09285714285714286,True,0.0,True,10.0,0.5,additive,True
0.314361350099272,0.2645971914264597,0.8972431077694235,0.408675799086758,original,SKAB,fold_5,123,3,3,3,0.5,avg_negative_log,10,0.05,0.9,,133,20,247,0.09285714285714286,True,0.0,True,10.0,0.5,additive,True
0.3123759099933819,0.2657393850658858,0.9097744360902256,0.4113314447592068,gaussian_noise,SKAB,fold_5,123,3,3,3,0.5,avg_negative_log,10,0.05,0.9,,133,20,247,0.09285714285714286,True,0.0,True,10.0,0.5,additive,True
0.314361350099272,0.2645971914264597,0.8972431077694235,0.408675799086758,original,SKAB,fold_5,2026,3,3,3,0.5,avg_negative_log,10,0.05,0.9,,133,20,247,0.09285714285714286,True,0.0,True,10.0,0.5,additive,True
0.3117140966247518,0.26346863468634685,0.8947368421052632,0.4070695553021665,gaussian_noise,SKAB,fold_5,2026,3,3,3,0.5,avg_negative_log,10,0.05,0.9,,133,20,247,0.09285714285714286,True,0.0,True,10.0,0.5,additive,True
0.314361350099272,0.2645971914264597,0.8972431077694235,0.408675799086758,original,SKAB,fold_5,7,3,3,3,0.5,avg_negative_log,10,0.05,0.9,,133,20,247,0.09285714285714286,True,0.0,True,10.0,0.5,additive,True
0.3117140966247518,0.2599250936329588,0.8696741854636592,0.4002306805074971,gaussian_noise,SKAB,fold_5,7,3,3,3,0.5,avg_negative_log,10,0.05,0.9,,133,20,247,0.09285714285714286,True,0.0,True,10.0,0.5,additive,True
0.314361350099272,0.2645971914264597,0.8972431077694235,0.408675799086758,original,SKAB,fold_5,999,3,3,3,0.5,avg_negative_log,10,0.05,0.9,,133,20,247,0.09285714285714286,True,0.0,True,10.0,0.5,additive,True
0.3189940436796823,0.2690615835777126,0.9197994987468672,0.4163357912648894,gaussian_noise,SKAB,fold_5,999,3,3,3,0.5,avg_negative_log,10,0.05,0.9,,133,20,247,0.09285714285714286,True,0.0,True,10.0,0.5,additive,True
0.8113333333333334,0.6104868913857678,0.8129675810473815,0.6973262032085561,original,SKAB,fold_1,42,3,3,3,0.5,avg_negative_log,10,0.1054,0.9,,147,22,270,0.08348794063079777,True,0.0,True,10.0,0.5,additive,True
0.8153333333333334,0.6148148148148148,0.827930174563591,0.7056323060573858,gaussian_noise,SKAB,fold_1,42,3,3,3,0.5,avg_negative_log,10,0.1054,0.9,,147,22,270,0.08348794063079777,True,0.0,True,10.0,0.5,additive,True
0.8113333333333334,0.6104868913857678,0.8129675810473815,0.6973262032085561,original,SKAB,fold_1,123,3,3,3,0.5,avg_negative_log,10,0.1054,0.9,,147,22,270,0.08348794063079777,True,0.0,True,10.0,0.5,additive,True
0.812,0.611214953271028,0.8154613466334164,0.6987179487179487,gaussian_noise,SKAB,fold_1,123,3,3,3,0.5,avg_negative_log,10,0.1054,0.9,,147,22,270,0.08348794063079777,True,0.0,True,10.0,0.5,additive,True
0.8113333333333334,0.6104868913857678,0.8129675810473815,0.6973262032085561,original,SKAB,fold_1,2026,3,3,3,0.5,avg_negative_log,10,0.1054,0.9,,147,22,270,0.08348794063079777,True,0.0,True,10.0,0.5,additive,True
0.812,0.611214953271028,0.8154613466334164,0.6987179487179487,gaussian_noise,SKAB,fold_1,2026,3,3,3,0.5,avg_negative_log,10,0.1054,0.9,,147,22,270,0.08348794063079777,True,0.0,True,10.0,0.5,additive,True
0.8113333333333334,0.6104868913857678,0.8129675810473815,0.6973262032085561,original,SKAB,fold_1,7,3,3,3,0.5,avg_negative_log,10,0.1054,0.9,,147,22,270,0.08348794063079777,True,0.0,True,10.0,0.5,additive,True
0.8093333333333333,0.608286252354049,0.8054862842892768,0.6931330472103004,gaussian_noise,SKAB,fold_1,7,3,3,3,0.5,avg_negative_log,10,0.1054,0.9,,147,22,270,0.08348794063079777,True,0.0,True,10.0,0.5,additive,True
0.8113333333333334,0.6104868913857678,0.8129675810473815,0.6973262032085561,original,SKAB,fold_1,999,3,3,3,0.5,avg_negative_log,10,0.1054,0.9,,147,22,270,0.08348794063079777,True,0.0,True,10.0,0.5,additive,True
0.8206666666666667,0.6269230769230769,0.8129675810473815,0.7079261672095548,gaussian_noise,SKAB,fold_1,999,3,3,3,0.5,avg_negative_log,10,0.1054,0.9,,147,22,270,0.08348794063079777,True,0.0,True,10.0,0.5,additive,True
0.6746987951807228,0.4442970822281167,0.8333333333333334,0.5795847750865052,original,SKAB,fold_2,42,3,3,3,0.5,avg_negative_log,10,0.1054,0.9,,125,18,240,0.10666666666666667,True,0.0,True,10.0,0.5,additive,True
0.6572958500669344,0.4298469387755102,0.8383084577114428,0.5682967959527825,gaussian_noise,SKAB,fold_2,42,3,3,3,0.5,avg_negative_log,10,0.1054,0.9,,125,18,240,0.10666666666666667,True,0.0,True,10.0,0.5,additive,True
0.6746987951807228,0.4442970822281167,0.8333333333333334,0.5795847750865052,original,SKAB,fold_2,123,3,3,3,0.5,avg_negative_log,10,0.1054,0.9,,125,18,240,0.10666666666666667,True,0.0,True,10.0,0.5,additive,True
0.643239625167336,0.41802252816020025,0.8308457711442786,0.556203164029975,gaussian_noise,SKAB,fold_2,123,3,3,3,0.5,avg_negative_log,10,0.1054,0.9,,125,18,240,0.10666666666666667,True,0.0,True,10.0,0.5,additive,True
0.6746987951807228,0.4442970822281167,0.8333333333333334,0.5795847750865052,original,SKAB,fold_2,2026,3,3,3,0.5,avg_negative_log,10,0.1054,0.9,,125,18,240,0.10666666666666667,True,0.0,True,10.0,0.5,additive,True
0.6485943775100401,0.42002600780234073,0.8034825870646766,0.5516652433817251,gaussian_noise,SKAB,fold_2,2026,3,3,3,0.5,avg_negative_log,10,0.1054,0.9,,125,18,240,0.10666666666666667,True,0.0,True,10.0,0.5,additive,True
0.6746987951807228,0.4442970822281167,0.8333333333333334,0.5795847750865052,original,SKAB,fold_2,7,3,3,3,0.5,avg_negative_log,10,0.1054,0.9,,125,18,240,0.10666666666666667,True,0.0,True,10.0,0.5,additive,True
0.6499330655957162,0.42370744010088274,0.835820895522388,0.5623430962343097,gaussian_noise,SKAB,fold_2,7,3,3,3,0.5,avg_negative_log,10,0.1054,0.9,,125,18,240,0.10666666666666667,True,0.0,True,10.0,0.5,additive,True
0.6746987951807228,0.4442970822281167,0.8333333333333334,0.5795847750865052,original,SKAB,fold_2,999,3,3,3,0.5,avg_negative_log,10,0.1054,0.9,,125,18,240,0.10666666666666667,True,0.0,True,10.0,0.5,additive,True
0.6512717536813922,0.42458808618504434,0.8333333333333334,0.5625524769101595,gaussian_noise,SKAB,fold_2,999,3,3,3,0.5,avg_negative_log,10,0.1054,0.9,,125,18,240,0.10666666666666667,True,0.0,True,10.0,0.5,additive,True
0.4571619812583668,0.25934579439252337,0.556390977443609,0.3537848605577689,original,SKAB,fold_3,42,3,3,3,0.5,avg_negative_log,10,0.1054,0.9,,127,19,241,0.0998756734355574,True,0.0,True,10.0,0.5,additive,True
0.463855421686747,0.26573426573426573,0.5714285714285714,0.3627684964200477,gaussian_noise,SKAB,fold_3,42,3,3,3,0.5,avg_negative_log,10,0.1054,0.9,,127,19,241,0.0998756734355574,True,0.0,True,10.0,0.5,additive,True
0.4571619812583668,0.25934579439252337,0.556390977443609,0.3537848605577689,original,SKAB,fold_3,123,3,3,3,0.5,avg_negative_log,10,0.1054,0.9,,127,19,241,0.0998756734355574,True,0.0,True,10.0,0.5,additive,True
0.45113788487282463,0.25832376578645233,0.5639097744360902,0.3543307086614173,gaussian_noise,SKAB,fold_3,123,3,3,3,0.5,avg_negative_log,10,0.1054,0.9,,127,19,241,0.0998756734355574,True,0.0,True,10.0,0.5,additive,True
0.4571619812583668,0.25934579439252337,0.556390977443609,0.3537848605577689,original,SKAB,fold_3,2026,3,3,3,0.5,avg_negative_log,10,0.1054,0.9,,127,19,241,0.0998756734355574,True,0.0,True,10.0,0.5,additive,True
0.463855421686747,0.26297169811320753,0.5588972431077694,0.35765838011226947,gaussian_noise,SKAB,fold_3,2026,3,3,3,0.5,avg_negative_log,10,0.1054,0.9,,127,19,241,0.0998756734355574,True,0.0,True,10.0,0.5,additive,True
0.4571619812583668,0.25934579439252337,0.556390977443609,0.3537848605577689,original,SKAB,fold_3,7,3,3,3,0.5,avg_negative_log,10,0.1054,0.9,,127,19,241,0.0998756734355574,True,0.0,True,10.0,0.5,additive,True
0.45515394912985274,0.26011560693641617,0.5639097744360902,0.3560126582278481,gaussian_noise,SKAB,fold_3,7,3,3,3,0.5,avg_negative_log,10,0.1054,0.9,,127,19,241,0.0998756734355574,True,0.0,True,10.0,0.5,additive,True
0.4571619812583668,0.25934579439252337,0.556390977443609,0.3537848605577689,original,SKAB,fold_3,999,3,3,3,0.5,avg_negative_log,10,0.1054,0.9,,127,19,241,0.0998756734355574,True,0.0,True,10.0,0.5,additive,True
0.45582329317269077,0.26152073732718895,0.568922305764411,0.35832675611681136,gaussian_noise,SKAB,fold_3,999,3,3,3,0.5,avg_negative_log,10,0.1054,0.9,,127,19,241,0.0998756734355574,True,0.0,True,10.0,0.5,additive,True
0.37924016282225237,0.13966480446927373,0.2506265664160401,0.17937219730941703,original,SKAB,fold_4,42,3,3,3,0.5,avg_negative_log,10,0.1054,0.9,,127,19,243,0.10070451719850808,True,0.0,True,10.0,0.5,additive,True
0.3582089552238806,0.13090418353576247,0.24310776942355888,0.17017543859649123,gaussian_noise,SKAB,fold_4,42,3,3,3,0.5,avg_negative_log,10,0.1054,0.9,,127,19,243,0.10070451719850808,True,0.0,True,10.0,0.5,additive,True
0.37924016282225237,0.13966480446927373,0.2506265664160401,0.17937219730941703,original,SKAB,fold_4,123,3,3,3,0.5,avg_negative_log,10,0.1054,0.9,,127,19,243,0.10070451719850808,True,0.0,True,10.0,0.5,additive,True
0.3677069199457259,0.13443072702331962,0.24561403508771928,0.17375886524822695,gaussian_noise,SKAB,fold_4,123,3,3,3,0.5,avg_negative_log,10,0.1054,0.9,,127,19,243,0.10070451719850808,True,0.0,True,10.0,0.5,additive,True
0.37924016282225237,0.13966480446927373,0.2506265664160401,0.17937219730941703,original,SKAB,fold_4,2026,3,3,3,0.5,avg_negative_log,10,0.1054,0.9,,127,19,243,0.10070451719850808,True,0.0,True,10.0,0.5,additive,True
0.3575305291723202,0.13172043010752688,0.24561403508771928,0.1714785651793526,gaussian_noise,SKAB,fold_4,2026,3,3,3,0.5,avg_negative_log,10,0.1054,0.9,,127,19,243,0.10070451719850808,True,0.0,True,10.0,0.5,additive,True
0.37924016282225237,0.13966480446927373,0.2506265664160401,0.17937219730941703,original,SKAB,fold_4,7,3,3,3,0.5,avg_negative_log,10,0.1054,0.9,,127,19,243,0.10070451719850808,True,0.0,True,10.0,0.5,additive,True
0.37924016282225237,0.13764044943820225,0.24561403508771928,0.17641764176417643,gaussian_noise,SKAB,fold_4,7,3,3,3,0.5,avg_negative_log,10,0.1054,0.9,,127,19,243,0.10070451719850808,True,0.0,True,10.0,0.5,additive,True
0.37924016282225237,0.13966480446927373,0.2506265664160401,0.17937219730941703,original,SKAB,fold_4,999,3,3,3,0.5,avg_negative_log,10,0.1054,0.9,,127,19,243,0.10070451719850808,True,0.0,True,10.0,0.5,additive,True
0.3487109905020353,0.1314060446780552,0.2506265664160401,0.1724137931034483,gaussian_noise,SKAB,fold_4,999,3,3,3,0.5,avg_negative_log,10,0.1054,0.9,,127,19,243,0.10070451719850808,True,0.0,True,10.0,0.5,additive,True
0.42819324950363996,0.3000859845227859,0.87468671679198,0.4468629961587708,original,SKAB,fold_5,42,3,3,3,0.5,avg_negative_log,10,0.1054,0.9,,133,20,247,0.09285714285714286,True,0.0,True,10.0,0.5,additive,True
0.399735274652548,0.28510998307952623,0.8446115288220551,0.4263124604680582,gaussian_noise,SKAB,fold_5,42,3,3,3,0.5,avg_negative_log,10,0.1054,0.9,,133,20,247,0.09285714285714286,True,0.0,True,10.0,0.5,additive,True
0.42819324950363996,0.3000859845227859,0.87468671679198,0.4468629961587708,original,SKAB,fold_5,123,3,3,3,0.5,avg_negative_log,10,0.1054,0.9,,133,20,247,0.09285714285714286,True,0.0,True,10.0,0.5,additive,True
0.4328259430840503,0.3046075085324232,0.8947368421052632,0.45448758752387014,gaussian_noise,SKAB,fold_5,123,3,3,3,0.5,avg_negative_log,10,0.1054,0.9,,133,20,247,0.09285714285714286,True,0.0,True,10.0,0.5,additive,True
0.42819324950363996,0.3000859845227859,0.87468671679198,0.4468629961587708,original,SKAB,fold_5,2026,3,3,3,0.5,avg_negative_log,10,0.1054,0.9,,133,20,247,0.09285714285714286,True,0.0,True,10.0,0.5,additive,True
0.4070152217074785,0.29308909242298087,0.8822055137844611,0.44,gaussian_noise,SKAB,fold_5,2026,3,3,3,0.5,avg_negative_log,10,0.1054,0.9,,133,20,247,0.09285714285714286,True,0.0,True,10.0,0.5,additive,True
0.42819324950363996,0.3000859845227859,0.87468671679198,0.4468629961587708,original,SKAB,fold_5,7,3,3,3,0.5,avg_negative_log,10,0.1054,0.9,,133,20,247,0.09285714285714286,True,0.0,True,10.0,0.5,additive,True
0.4070152217074785,0.2888700084961767,0.8521303258145363,0.43147208121827413,gaussian_noise,SKAB,fold_5,7,3,3,3,0.5,avg_negative_log,10,0.1054,0.9,,133,20,247,0.09285714285714286,True,0.0,True,10.0,0.5,additive,True
0.42819324950363996,0.3000859845227859,0.87468671679198,0.4468629961587708,original,SKAB,fold_5,999,3,3,3,0.5,avg_negative_log,10,0.1054,0.9,,133,20,247,0.09285714285714286,True,0.0,True,10.0,0.5,additive,True
0.4195896757114494,0.3011647254575707,0.9072681704260651,0.4522173641474079,gaussian_noise,SKAB,fold_5,999,3,3,3,0.5,avg_negative_log,10,0.1054,0.9,,133,20,247,0.09285714285714286,True,0.0,True,10.0,0.5,additive,True
0.798,0.7474747474747475,0.3690773067331671,0.4941569282136895,original,SKAB,fold_1,42,3,3,3,0.5,avg_negative_log,10,0.2231,0.9,,147,22,270,0.08348794063079777,True,0.0,True,10.0,0.5,additive,True
0.8013333333333333,0.7536945812807881,0.38154613466334164,0.5066225165562914,gaussian_noise,SKAB,fold_1,42,3,3,3,0.5,avg_negative_log,10,0.2231,0.9,,147,22,270,0.08348794063079777,True,0.0,True,10.0,0.5,additive,True
0.798,0.7474747474747475,0.3690773067331671,0.4941569282136895,original,SKAB,fold_1,123,3,3,3,0.5,avg_negative_log,10,0.2231,0.9,,147,22,270,0.08348794063079777,True,0.0,True,10.0,0.5,additive,True
0.79,0.7028301886792453,0.371571072319202,0.48613376835236544,gaussian_noise,SKAB,fold_1,123,3,3,3,0.5,avg_negative_log,10,0.2231,0.9,,147,22,270,0.08348794063079777,True,0.0,True,10.0,0.5,additive,True
0.798,0.7474747474747475,0.3690773067331671,0.4941569282136895,original,SKAB,fold_1,2026,3,3,3,0.5,avg_negative_log,10,0.2231,0.9,,147,22,270,0.08348794063079777,True,0.0,True,10.0,0.5,additive,True
0.7813333333333333,0.6622222222222223,0.371571072319202,0.476038338658147,gaussian_noise,SKAB,fold_1,2026,3,3,3,0.5,avg_negative_log,10,0.2231,0.9,,147,22,270,0.08348794063079777,True,0.0,True,10.0,0.5,additive,True
0.798,0.7474747474747475,0.3690773067331671,0.4941569282136895,original,SKAB,fold_1,7,3,3,3,0.5,avg_negative_log,10,0.2231,0.9,,147,22,270,0.08348794063079777,True,0.0,True,10.0,0.5,additive,True
0.796,0.7435897435897436,0.36159600997506236,0.4865771812080537,gaussian_noise,SKAB,fold_1,7,3,3,3,0.5,avg_negative_log,10,0.2231,0.9,,147,22,270,0.08348794063079777,True,0.0,True,10.0,0.5,additive,True
0.798,0.7474747474747475,0.3690773067331671,0.4941569282136895,original,SKAB,fold_1,999,3,3,3,0.5,avg_negative_log,10,0.2231,0.9,,147,22,270,0.08348794063079777,True,0.0,True,10.0,0.5,additive,True
0.7966666666666666,0.74,0.3690773067331671,0.4925124792013311,gaussian_noise,SKAB,fold_1,999,3,3,3,0.5,avg_negative_log,10,0.2231,0.9,,147,22,270,0.08348794063079777,True,0.0,True,10.0,0.5,additive,True
0.6834002677376171,0.4507628294036061,0.8084577114427861,0.578806767586821,original,SKAB,fold_2,42,3,3,3,0.5,avg_negative_log,10,0.2231,0.9,,125,18,240,0.10666666666666667,True,0.0,True,10.0,0.5,additive,True
0.6659973226238286,0.4357615894039735,0.818407960199005,0.5687121866897148,gaussian_noise,SKAB,fold_2,42,3,3,3,0.5,avg_negative_log,10,0.2231,0.9,,125,18,240,0.10666666666666667,True,0.0,True,10.0,0.5,additive,True
0.6834002677376171,0.4507628294036061,0.8084577114427861,0.578806767586821,original,SKAB,fold_2,123,3,3,3,0.5,avg_negative_log,10,0.2231,0.9,,125,18,240,0.10666666666666667,True,0.0,True,10.0,0.5,additive,True
0.6532797858099063,0.4238845144356955,0.8034825870646766,0.5549828178694158,gaussian_noise,SKAB,fold_2,123,3,3,3,0.5,avg_negative_log,10,0.2231,0.9,,125,18,240,0.10666666666666667,True,0.0,True,10.0,0.5,additive,True
0.6834002677376171,0.4507628294036061,0.8084577114427861,0.578806767586821,original,SKAB,fold_2,2026,3,3,3,0.5,avg_negative_log,10,0.2231,0.9,,125,18,240,0.10666666666666667,True,0.0,True,10.0,0.5,additive,True
0.6593038821954484,0.42799461641991926,0.7910447761194029,0.5554585152838428,gaussian_noise,SKAB,fold_2,2026,3,3,3,0.5,avg_negative_log,10,0.2231,0.9,,125,18,240,0.10666666666666667,True,0.0,True,10.0,0.5,additive,True
0.6834002677376171,0.4507628294036061,0.8084577114427861,0.578806767586821,original,SKAB,fold_2,7,3,3,3,0.5,avg_negative_log,10,0.2231,0.9,,125,18,240,0.10666666666666667,True,0.0,True,10.0,0.5,additive,True
0.6619812583668006,0.4319682959048877,0.8134328358208955,0.5642795513373597,gaussian_noise,SKAB,fold_2,7,3,3,3,0.5,avg_negative_log,10,0.2231,0.9,,125,18,240,0.10666666666666667,True,0.0,True,10.0,0.5,additive,True
0.6834002677376171,0.4507628294036061,0.8084577114427861,0.578806767586821,original,SKAB,fold_2,999,3,3,3,0.5,avg_negative_log,10,0.2231,0.9,,125,18,240,0.10666666666666667,True,0.0,True,10.0,0.5,additive,True
0.6586345381526104,0.42819148936170215,0.8009950248756219,0.5580589254766031,gaussian_noise,SKAB,fold_2,999,3,3,3,0.5,avg_negative_log,10,0.2231,0.9,,125,18,240,0.10666666666666667,True,0.0,True,10.0,0.5,additive,True
0.47322623828647925,0.2628361858190709,0.5388471177944862,0.3533278553820871,original,SKAB,fold_3,42,3,3,3,0.5,avg_negative_log,10,0.2231,0.9,,127,19,241,0.0998756734355574,True,0.0,True,10.0,0.5,additive,True
0.4785809906291834,0.2688564476885645,0.5538847117794486,0.361998361998362,gaussian_noise,SKAB,fold_3,42,3,3,3,0.5,avg_negative_log,10,0.2231,0.9,,127,19,241,0.0998756734355574,True,0.0,True,10.0,0.5,additive,True
0.47322623828647925,0.2628361858190709,0.5388471177944862,0.3533278553820871,original,SKAB,fold_3,123,3,3,3,0.5,avg_negative_log,10,0.2231,0.9,,127,19,241,0.0998756734355574,True,0.0,True,10.0,0.5,additive,True
0.46318607764390896,0.2598331346841478,0.5463659147869674,0.35218093699515346,gaussian_noise,SKAB,fold_3,123,3,3,3,0.5,avg_negative_log,10,0.2231,0.9,,127,19,241,0.0998756734355574,True,0.0,True,10.0,0.5,additive,True
0.47322623828647925,0.2628361858190709,0.5388471177944862,0.3533278553820871,original,SKAB,fold_3,2026,3,3,3,0.5,avg_negative_log,10,0.2231,0.9,,127,19,241,0.0998756734355574,True,0.0,True,10.0,0.5,additive,True
0.47657295850066933,0.2650306748466258,0.5413533834586466,0.35584843492586493,gaussian_noise,SKAB,fold_3,2026,3,3,3,0.5,avg_negative_log,10,0.2231,0.9,,127,19,241,0.0998756734355574,True,0.0,True,10.0,0.5,additive,True
0.47322623828647925,0.2628361858190709,0.5388471177944862,0.3533278553820871,original,SKAB,fold_3,7,3,3,3,0.5,avg_negative_log,10,0.2231,0.9,,127,19,241,0.0998756734355574,True,0.0,True,10.0,0.5,additive,True
0.4678714859437751,0.2620192307692308,0.5463659147869674,0.35418359057676685,gaussian_noise,SKAB,fold_3,7,3,3,3,0.5,avg_negative_log,10,0.2231,0.9,,127,19,241,0.0998756734355574,True,0.0,True,10.0,0.5,additive,True
0.47322623828647925,0.2628361858190709,0.5388471177944862,0.3533278553820871,original,SKAB,fold_3,999,3,3,3,0.5,avg_negative_log,10,0.2231,0.9,,127,19,241,0.0998756734355574,True,0.0,True,10.0,0.5,additive,True
0.4678714859437751,0.2637231503579952,0.5538847117794486,0.35731608730800324,gaussian_noise,SKAB,fold_3,999,3,3,3,0.5,avg_negative_log,10,0.2231,0.9,,127,19,241,0.0998756734355574,True,0.0,True,10.0,0.5,additive,True
0.39348710990502034,0.13973799126637554,0.24060150375939848,0.17679558011049723,original,SKAB,fold_4,42,3,3,3,0.5,avg_negative_log,10,0.2231,0.9,,127,19,243,0.10070451719850808,True,0.0,True,10.0,0.5,additive,True
0.37381275440976935,0.13098591549295774,0.23308270676691728,0.16771866546438233,gaussian_noise,SKAB,fold_4,42,3,3,3,0.5,avg_negative_log,10,0.2231,0.9,,127,19,243,0.10070451719850808,True,0.0,True,10.0,0.5,additive,True
0.39348710990502034,0.13973799126637554,0.24060150375939848,0.17679558011049723,original,SKAB,fold_4,123,3,3,3,0.5,avg_negative_log,10,0.2231,0.9,,127,19,243,0.10070451719850808,True,0.0,True,10.0,0.5,additive,True
0.37991858887381275,0.13055954088952654,0.22807017543859648,0.16605839416058393,gaussian_noise,SKAB,fold_4,123,3,3,3,0.5,avg_negative_log,10,0.2231,0.9,,127,19,243,0.10070451719850808,True,0.0,True,10.0,0.5,additive,True
0.39348710990502034,0.13973799126637554,0.24060150375939848,0.17679558011049723,original,SKAB,fold_4,2026,3,3,3,0.5,avg_negative_log,10,0.2231,0.9,,127,19,243,0.10070451719850808,True,0.0,True,10.0,0.5,additive,True
0.3778833107191316,0.13314447592067988,0.23558897243107768,0.17013574660633485,gaussian_noise,SKAB,fold_4,2026,3,3,3,0.5,avg_negative_log,10,0.2231,0.9,,127,19,243,0.10070451719850808,True,0.0,True,10.0,0.5,additive,True
0.39348710990502034,0.13973799126637554,0.24060150375939848,0.17679558011049723,original,SKAB,fold_4,7,3,3,3,0.5,avg_negative_log,10,0.2231,0.9,,127,19,243,0.10070451719850808,True,0.0,True,10.0,0.5,additive,True
0.39009497964721845,0.13450292397660818,0.23057644110275688,0.1698984302862419,gaussian_noise,SKAB,fold_4,7,3,3,3,0.5,avg_negative_log,10,0.2231,0.9,,127,19,243,0.10070451719850808,True,0.0,True,10.0,0.5,additive,True
0.39348710990502034,0.13973799126637554,0.24060150375939848,0.17679558011049723,original,SKAB,fold_4,999,3,3,3,0.5,avg_negative_log,10,0.2231,0.9,,127,19,243,0.10070451719850808,True,0.0,True,10.0,0.5,additive,True
0.36702849389416553,0.1322314049586777,0.24060150375939848,0.17066666666666666,gaussian_noise,SKAB,fold_4,999,3,3,3,0.5,avg_negative_log,10,0.2231,0.9,,127,19,243,0.10070451719850808,True,0.0,True,10.0,0.5,additive,True
0.4599602911978822,0.31028207461328483,0.8546365914786967,0.4552736982643525,original,SKAB,fold_5,42,3,3,3,0.5,avg_negative_log,10,0.2231,0.9,,133,20,247,0.09285714285714286,True,0.0,True,10.0,0.5,additive,True
0.40966247518199866,0.2865800865800866,0.8295739348370927,0.425997425997426,gaussian_noise,SKAB,fold_5,42,3,3,3,0.5,avg_negative_log,10,0.2231,0.9,,133,20,247,0.09285714285714286,True,0.0,True,10.0,0.5,additive,True
0.4599602911978822,0.31028207461328483,0.8546365914786967,0.4552736982643525,original,SKAB,fold_5,123,3,3,3,0.5,avg_negative_log,10,0.2231,0.9,,133,20,247,0.09285714285714286,True,0.0,True,10.0,0.5,additive,True
0.4487094639311714,0.3089788732394366,0.8796992481203008,0.45732899022801304,gaussian_noise,SKAB,fold_5,123,3,3,3,0.5,avg_negative_log,10,0.2231,0.9,,133,20,247,0.09285714285714286,True,0.0,True,10.0,0.5,additive,True
0.4599602911978822,0.31028207461328483,0.8546365914786967,0.4552736982643525,original,SKAB,fold_5,2026,3,3,3,0.5,avg_negative_log,10,0.2231,0.9,,133,20,247,0.09285714285714286,True,0.0,True,10.0,0.5,additive,True
0.4308405029781602,0.2997393570807993,0.8646616541353384,0.44516129032258067,gaussian_noise,SKAB,fold_5,2026,3,3,3,0.5,avg_negative_log,10,0.2231,0.9,,133,20,247,0.09285714285714286,True,0.0,True,10.0,0.5,additive,True
0.4599602911978822,0.31028207461328483,0.8546365914786967,0.4552736982643525,original,SKAB,fold_5,7,3,3,3,0.5,avg_negative_log,10,0.2231,0.9,,133,20,247,0.09285714285714286,True,0.0,True,10.0,0.5,additive,True
0.42223692918596956,0.29210526315789476,0.8345864661654135,0.4327485380116959,gaussian_noise,SKAB,fold_5,7,3,3,3,0.5,avg_negative_log,10,0.2231,0.9,,133,20,247,0.09285714285714286,True,0.0,True,10.0,0.5,additive,True
0.4599602911978822,0.31028207461328483,0.8546365914786967,0.4552736982643525,original,SKAB,fold_5,999,3,3,3,0.5,avg_negative_log,10,0.2231,0.9,,133,20,247,0.09285714285714286,True,0.0,True,10.0,0.5,additive,True
0.46062210456651226,0.31560283687943264,0.8922305764411027,0.46627373935821875,gaussian_noise,SKAB,fold_5,999,3,3,3,0.5,avg_negative_log,10,0.2231,0.9,,133,20,247,0.09285714285714286,True,0.0,True,10.0,0.5,additive,True
0.802,0.776595744680851,0.3640897755610973,0.49575551782682514,original,SKAB,fold_1,42,3,3,3,0.5,avg_negative_log,10,0.3567,0.9,,147,22,270,0.08348794063079777,True,0.0,True,10.0,0.5,additive,True
0.8046666666666666,0.78125,0.3740648379052369,0.5059021922428331,gaussian_noise,SKAB,fold_1,42,3,3,3,0.5,avg_negative_log,10,0.3567,0.9,,147,22,270,0.08348794063079777,True,0.0,True,10.0,0.5,additive,True
0.802,0.776595744680851,0.3640897755610973,0.49575551782682514,original,SKAB,fold_1,123,3,3,3,0.5,avg_negative_log,10,0.3567,0.9,,147,22,270,0.08348794063079777,True,0.0,True,10.0,0.5,additive,True
0.796,0.7386934673366834,0.36658354114713215,0.49,gaussian_noise,SKAB,fold_1,123,3,3,3,0.5,avg_negative_log,10,0.3567,0.9,,147,22,270,0.08348794063079777,True,0.0,True,10.0,0.5,additive,True
0.802,0.776595744680851,0.3640897755610973,0.49575551782682514,original,SKAB,fold_1,2026,3,3,3,0.5,avg_negative_log,10,0.3567,0.9,,147,22,270,0.08348794063079777,True,0.0,True,10.0,0.5,additive,True
0.7893333333333333,0.7033492822966507,0.36658354114713215,0.4819672131147541,gaussian_noise,SKAB,fold_1,2026,3,3,3,0.5,avg_negative_log,10,0.3567,0.9,,147,22,270,0.08348794063079777,True,0.0,True,10.0,0.5,additive,True
0.802,0.776595744680851,0.3640897755610973,0.49575551782682514,original,SKAB,fold_1,7,3,3,3,0.5,avg_negative_log,10,0.3567,0.9,,147,22,270,0.08348794063079777,True,0.0,True,10.0,0.5,additive,True
0.8,0.772972972972973,0.3566084788029925,0.4880546075085324,gaussian_noise,SKAB,fold_1,7,3,3,3,0.5,avg_negative_log,10,0.3567,0.9,,147,22,270,0.08348794063079777,True,0.0,True,10.0,0.5,additive,True
0.802,0.776595744680851,0.3640897755610973,0.49575551782682514,original,SKAB,fold_1,999,3,3,3,0.5,avg_negative_log,10,0.3567,0.9,,147,22,270,0.08348794063079777,True,0.0,True,10.0,0.5,additive,True
0.802,0.776595744680851,0.3640897755610973,0.49575551782682514,gaussian_noise,SKAB,fold_1,999,3,3,3,0.5,avg_negative_log,10,0.3567,0.9,,147,22,270,0.08348794063079777,True,0.0,True,10.0,0.5,additive,True
0.6880856760374833,0.45454545454545453,0.7960199004975125,0.5786618444846293,original,SKAB,fold_2,42,3,3,3,0.5,avg_negative_log,10,0.3567,0.9,,125,18,240,0.10666666666666667,True,0.0,True,10.0,0.5,additive,True
0.6720214190093708,0.44037940379403795,0.8084577114427861,0.5701754385964912,gaussian_noise,SKAB,fold_2,42,3,3,3,0.5,avg_negative_log,10,0.3567,0.9,,125,18,240,0.10666666666666667,True,0.0,True,10.0,0.5,additive,True
0.6880856760374833,0.45454545454545453,0.7960199004975125,0.5786618444846293,original,SKAB,fold_2,123,3,3,3,0.5,avg_negative_log,10,0.3567,0.9,,125,18,240,0.10666666666666667,True,0.0,True,10.0,0.5,additive,True
0.6599732262382865,0.42857142857142855,0.7910447761194029,0.5559440559440559,gaussian_noise,SKAB,fold_2,123,3,3,3,0.5,avg_negative_log,10,0.3567,0.9,,125,18,240,0.10666666666666667,True,0.0,True,10.0,0.5,additive,True
0.6880856760374833,0.45454545454545453,0.7960199004975125,0.5786618444846293,original,SKAB,fold_2,2026,3,3,3,0.5,avg_negative_log,10,0.3567,0.9,,125,18,240,0.10666666666666667,True,0.0,True,10.0,0.5,additive,True
0.6639892904953146,0.43112947658402206,0.7786069651741293,0.5549645390070922,gaussian_noise,SKAB,fold_2,2026,3,3,3,0.5,avg_negative_log,10,0.3567,0.9,,125,18,240,0.10666666666666667,True,0.0,True,10.0,0.5,additive,True
0.6880856760374833,0.45454545454545453,0.7960199004975125,0.5786618444846293,original,SKAB,fold_2,7,3,3,3,0.5,avg_negative_log,10,0.3567,0.9,,125,18,240,0.10666666666666667,True,0.0,True,10.0,0.5,additive,True
0.6686746987951807,0.4369063772048847,0.8009950248756219,0.5654082528533801,gaussian_noise,SKAB,fold_2,7,3,3,3,0.5,avg_negative_log,10,0.3567,0.9,,125,18,240,0.10666666666666667,True,0.0,True,10.0,0.5,additive,True
0.6880856760374833,0.45454545454545453,0.7960199004975125,0.5786618444846293,original,SKAB,fold_2,999,3,3,3,0.5,avg_negative_log,10,0.3567,0.9,,125,18,240,0.10666666666666667,True,0.0,True,10.0,0.5,additive,True
0.6646586345381527,0.4324693042291951,0.7885572139303483,0.5585903083700441,gaussian_noise,SKAB,fold_2,999,3,3,3,0.5,avg_negative_log,10,0.3567,0.9,,125,18,240,0.10666666666666667,True,0.0,True,10.0,0.5,additive,True
0.4866131191432396,0.2647058823529412,0.518796992481203,0.3505503810330229,original,SKAB,fold_3,42,3,3,3,0.5,avg_negative_log,10,0.3567,0.9,,127,19,241,0.0998756734355574,True,0.0,True,10.0,0.5,additive,True
0.4919678714859438,0.27099236641221375,0.5338345864661654,0.3594936708860759,gaussian_noise,SKAB,fold_3,42,3,3,3,0.5,avg_negative_log,10,0.3567,0.9,,127,19,241,0.0998756734355574,True,0.0,True,10.0,0.5,additive,True
0.4866131191432396,0.2647058823529412,0.518796992481203,0.3505503810330229,original,SKAB,fold_3,123,3,3,3,0.5,avg_negative_log,10,0.3567,0.9,,127,19,241,0.0998756734355574,True,0.0,True,10.0,0.5,additive,True
0.4738955823293173,0.26081582200247216,0.5288220551378446,0.34933774834437087,gaussian_noise,SKAB,fold_3,123,3,3,3,0.5,avg_negative_log,10,0.3567,0.9,,127,19,241,0.0998756734355574,True,0.0,True,10.0,0.5,additive,True
0.4866131191432396,0.2647058823529412,0.518796992481203,0.3505503810330229,original,SKAB,fold_3,2026,3,3,3,0.5,avg_negative_log,10,0.3567,0.9,,127,19,241,0.0998756734355574,True,0.0,True,10.0,0.5,additive,True
0.4879518072289157,0.26658163265306123,0.5238095238095238,0.3533389687235841,gaussian_noise,SKAB,fold_3,2026,3,3,3,0.5,avg_negative_log,10,0.3567,0.9,,127,19,241,0.0998756734355574,True,0.0,True,10.0,0.5,additive,True
0.4866131191432396,0.2647058823529412,0.518796992481203,0.3505503810330229,original,SKAB,fold_3,7,3,3,3,0.5,avg_negative_log,10,0.3567,0.9,,127,19,241,0.0998756734355574,True,0.0,True,10.0,0.5,additive,True
0.48058902275769744,0.26348808030112925,0.5263157894736842,0.3511705685618729,gaussian_noise,SKAB,fold_3,7,3,3,3,0.5,avg_negative_log,10,0.3567,0.9,,127,19,241,0.0998756734355574,True,0.0,True,10.0,0.5,additive,True
0.4866131191432396,0.2647058823529412,0.518796992481203,0.3505503810330229,original,SKAB,fold_3,999,3,3,3,0.5,avg_negative_log,10,0.3567,0.9,,127,19,241,0.0998756734355574,True,0.0,True,10.0,0.5,additive,True
0.47925033467202144,0.2657601977750309,0.5388471177944862,0.35596026490066224,gaussian_noise,SKAB,fold_3,999,3,3,3,0.5,avg_negative_log,10,0.3567,0.9,,127,19,241,0.0998756734355574,True,0.0,True,10.0,0.5,additive,True
0.40637720488466755,0.1393939393939394,0.23057644110275688,0.17374881964117092,original,SKAB,fold_4,42,3,3,3,0.5,avg_negative_log,10,0.3567,0.9,,127,19,243,0.10070451719850808,True,0.0,True,10.0,0.5,additive,True
0.3887381275440977,0.13196480938416422,0.22556390977443608,0.16651248843663274,gaussian_noise,SKAB,fold_4,42,3,3,3,0.5,avg_negative_log,10,0.3567,0.9,,127,19,243,0.10070451719850808,True,0.0,True,10.0,0.5,additive,True
0.40637720488466755,0.1393939393939394,0.23057644110275688,0.17374881964117092,original,SKAB,fold_4,123,3,3,3,0.5,avg_negative_log,10,0.3567,0.9,,127,19,243,0.10070451719850808,True,0.0,True,10.0,0.5,additive,True
0.3941655359565807,0.13134328358208955,0.22055137844611528,0.1646398503274088,gaussian_noise,SKAB,fold_4,123,3,3,3,0.5,avg_negative_log,10,0.3567,0.9,,127,19,243,0.10070451719850808,True,0.0,True,10.0,0.5,additive,True
0.40637720488466755,0.1393939393939394,0.23057644110275688,0.17374881964117092,original,SKAB,fold_4,2026,3,3,3,0.5,avg_negative_log,10,0.3567,0.9,,127,19,243,0.10070451719850808,True,0.0,True,10.0,0.5,additive,True
0.3941655359565807,0.1346153846153846,0.22807017543859648,0.16930232558139535,gaussian_noise,SKAB,fold_4,2026,3,3,3,0.5,avg_negative_log,10,0.3567,0.9,,127,19,243,0.10070451719850808,True,0.0,True,10.0,0.5,additive,True
0.40637720488466755,0.1393939393939394,0.23057644110275688,0.17374881964117092,original,SKAB,fold_4,7,3,3,3,0.5,avg_negative_log,10,0.3567,0.9,,127,19,243,0.10070451719850808,True,0.0,True,10.0,0.5,additive,True
0.40027137042062416,0.13201820940819423,0.21804511278195488,0.16446124763705103,gaussian_noise,SKAB,fold_4,7,3,3,3,0.5,avg_negative_log,10,0.3567,0.9,,127,19,243,0.10070451719850808,True,0.0,True,10.0,0.5,additive,True
0.40637720488466755,0.1393939393939394,0.23057644110275688,0.17374881964117092,original,SKAB,fold_4,999,3,3,3,0.5,avg_negative_log,10,0.3567,0.9,,127,19,243,0.10070451719850808,True,0.0,True,10.0,0.5,additive,True
0.3819538670284939,0.13218390804597702,0.23057644110275688,0.1680365296803653,gaussian_noise,SKAB,fold_4,999,3,3,3,0.5,avg_negative_log,10,0.3567,0.9,,127,19,243,0.10070451719850808,True,0.0,True,10.0,0.5,additive,True
0.4745201853077432,0.31385485391140433,0.8345864661654135,0.45616438356164385,original,SKAB,fold_5,42,3,3,3,0.5,avg_negative_log,10,0.3567,0.9,,133,20,247,0.09285714285714286,True,0.0,True,10.0,0.5,additive,True
0.4255459960291198,0.29155555555555557,0.8220551378446115,0.4304461942257218,gaussian_noise,SKAB,fold_5,42,3,3,3,0.5,avg_negative_log,10,0.3567,0.9,,133,20,247,0.09285714285714286,True,0.0,True,10.0,0.5,additive,True
0.4745201853077432,0.31385485391140433,0.8345864661654135,0.45616438356164385,original,SKAB,fold_5,123,3,3,3,0.5,avg_negative_log,10,0.3567,0.9,,133,20,247,0.09285714285714286,True,0.0,True,10.0,0.5,additive,True
0.4672402382528127,0.3157894736842105,0.8721804511278195,0.463690872751499,gaussian_noise,SKAB,fold_5,123,3,3,3,0.5,avg_negative_log,10,0.3567,0.9,,133,20,247,0.09285714285714286,True,0.0,True,10.0,0.5,additive,True
0.4745201853077432,0.31385485391140433,0.8345864661654135,0.45616438356164385,original,SKAB,fold_5,2026,3,3,3,0.5,avg_negative_log,10,0.3567,0.9,,133,20,247,0.09285714285714286,True,0.0,True,10.0,0.5,additive,True
0.44672402382528126,0.3033303330333033,0.8446115288220551,0.4463576158940397,gaussian_noise,SKAB,fold_5,2026,3,3,3,0.5,avg_negative_log,10,0.3567,0.9,,133,20,247,0.09285714285714286,True,0.0,True,10.0,0.5,additive,True
0.4745201853077432,0.31385485391140433,0.8345864661654135,0.45616438356164385,original,SKAB,fold_5,7,3,3,3,0.5,avg_negative_log,10,0.3567,0.9,,133,20,247,0.09285714285714286,True,0.0,True,10.0,0.5,additive,True
0.44209133024487096,0.29927667269439423,0.8295739348370927,0.4398671096345515,gaussian_noise,SKAB,fold_5,7,3,3,3,0.5,avg_negative_log,10,0.3567,0.9,,133,20,247,0.09285714285714286,True,0.0,True,10.0,0.5,additive,True
0.4745201853077432,0.31385485391140433,0.8345864661654135,0.45616438356164385,original,SKAB,fold_5,999,3,3,3,0.5,avg_negative_log,10,0.3567,0.9,,133,20,247,0.09285714285714286,True,0.0,True,10.0,0.5,additive,True
0.47915287888815355,0.32299270072992703,0.8872180451127819,0.4735785953177257,gaussian_noise,SKAB,fold_5,999,3,3,3,0.5,avg_negative_log,10,0.3567,0.9,,133,20,247,0.09285714285714286,True,0.0,True,10.0,0.5,additive,True
0.8006666666666666,0.81875,0.3266832917705736,0.46702317290552586,original,SKAB,fold_1,42,3,3,3,0.5,avg_negative_log,10,0.5108,0.9,,147,22,270,0.08348794063079777,True,0.0,True,10.0,0.5,additive,True
0.8013333333333333,0.8159509202453987,0.3316708229426434,0.4716312056737589,gaussian_noise,SKAB,fold_1,42,3,3,3,0.5,avg_negative_log,10,0.5108,0.9,,147,22,270,0.08348794063079777,True,0.0,True,10.0,0.5,additive,True
0.8006666666666666,0.81875,0.3266832917705736,0.46702317290552586,original,SKAB,fold_1,123,3,3,3,0.5,avg_negative_log,10,0.5108,0.9,,147,22,270,0.08348794063079777,True,0.0,True,10.0,0.5,additive,True
0.7946666666666666,0.7751479289940828,0.3266832917705736,0.45964912280701753,gaussian_noise,SKAB,fold_1,123,3,3,3,0.5,avg_negative_log,10,0.5108,0.9,,147,22,270,0.08348794063079777,True,0.0,True,10.0,0.5,additive,True
0.8006666666666666,0.81875,0.3266832917705736,0.46702317290552586,original,SKAB,fold_1,2026,3,3,3,0.5,avg_negative_log,10,0.5108,0.9,,147,22,270,0.08348794063079777,True,0.0,True,10.0,0.5,additive,True
0.79,0.7443181818181818,0.3266832917705736,0.4540727902946274,gaussian_noise,SKAB,fold_1,2026,3,3,3,0.5,avg_negative_log,10,0.5108,0.9,,147,22,270,0.08348794063079777,True,0.0,True,10.0,0.5,additive,True
0.8006666666666666,0.81875,0.3266832917705736,0.46702317290552586,original,SKAB,fold_1,7,3,3,3,0.5,avg_negative_log,10,0.5108,0.9,,147,22,270,0.08348794063079777,True,0.0,True,10.0,0.5,additive,True
0.7973333333333333,0.8089171974522293,0.3167082294264339,0.4551971326164875,gaussian_noise,SKAB,fold_1,7,3,3,3,0.5,avg_negative_log,10,0.5108,0.9,,147,22,270,0.08348794063079777,True,0.0,True,10.0,0.5,additive,True
0.8006666666666666,0.81875,0.3266832917705736,0.46702317290552586,original,SKAB,fold_1,999,3,3,3,0.5,avg_negative_log,10,0.5108,0.9,,147,22,270,0.08348794063079777,True,0.0,True,10.0,0.5,additive,True
0.798,0.8024691358024691,0.32418952618453867,0.46181172291296624,gaussian_noise,SKAB,fold_1,999,3,3,3,0.5,avg_negative_log,10,0.5108,0.9,,147,22,270,0.08348794063079777,True,0.0,True,10.0,0.5,additive,True
0.7021419009370816,0.46697388632872505,0.7562189054726368,0.577397910731244,original,SKAB,fold_2,42,3,3,3,0.5,avg_negative_log,10,0.5108,0.9,,125,18,240,0.10666666666666667,True,0.0,True,10.0,0.5,additive,True
0.6834002677376171,0.44847605224963716,0.7686567164179104,0.5664527956003667,gaussian_noise,SKAB,fold_2,42,3,3,3,0.5,avg_negative_log,10,0.5108,0.9,,125,18,240,0.10666666666666667,True,0.0,True,10.0,0.5,additive,True
0.7021419009370816,0.46697388632872505,0.7562189054726368,0.577397910731244,original,SKAB,fold_2,123,3,3,3,0.5,avg_negative_log,10,0.5108,0.9,,125,18,240,0.10666666666666667,True,0.0,True,10.0,0.5,additive,True
0.6720214190093708,0.43548387096774194,0.7388059701492538,0.5479704797047971,gaussian_noise,SKAB,fold_2,123,3,3,3,0.5,avg_negative_log,10,0.5108,0.9,,125,18,240,0.10666666666666667,True,0.0,True,10.0,0.5,additive,True
0.7021419009370816,0.46697388632872505,0.7562189054726368,0.577397910731244,original,SKAB,fold_2,2026,3,3,3,0.5,avg_negative_log,10,0.5108,0.9,,125,18,240,0.10666666666666667,True,0.0,True,10.0,0.5,additive,True
0.6813922356091031,0.44510385756676557,0.746268656716418,0.5576208178438662,gaussian_noise,SKAB,fold_2,2026,3,3,3,0.5,avg_negative_log,10,0.5108,0.9,,125,18,240,0.10666666666666667,True,0.0,True,10.0,0.5,additive,True
0.7021419009370816,0.46697388632872505,0.7562189054726368,0.577397910731244,original,SKAB,fold_2,7,3,3,3,0.5,avg_negative_log,10,0.5108,0.9,,125,18,240,0.10666666666666667,True,0.0,True,10.0,0.5,additive,True
0.6834002677376171,0.447870778267254,0.7587064676616916,0.5632502308402585,gaussian_noise,SKAB,fold_2,7,3,3,3,0.5,avg_negative_log,10,0.5108,0.9,,125,18,240,0.10666666666666667,True,0.0,True,10.0,0.5,additive,True
0.7021419009370816,0.46697388632872505,0.7562189054726368,0.577397910731244,original,SKAB,fold_2,999,3,3,3,0.5,avg_negative_log,10,0.5108,0.9,,125,18,240,0.10666666666666667,True,0.0,True,10.0,0.5,additive,True
0.6820615796519411,0.4457652303120357,0.746268656716418,0.5581395348837209,gaussian_noise,SKAB,fold_2,999,3,3,3,0.5,avg_negative_log,10,0.5108,0.9,,125,18,240,0.10666666666666667,True,0.0,True,10.0,0.5,additive,True
0.5100401606425703,0.2722298221614227,0.49874686716791977,0.35221238938053095,original,SKAB,fold_3,42,3,3,3,0.5,avg_negative_log,10,0.5108,0.9,,127,19,241,0.0998756734355574,True,0.0,True,10.0,0.5,additive,True
0.5147255689424364,0.2791327913279133,0.5162907268170426,0.3623570800351803,gaussian_noise,SKAB,fold_3,42,3,3,3,0.5,avg_negative_log,10,0.5108,0.9,,127,19,241,0.0998756734355574,True,0.0,True,10.0,0.5,additive,True
0.5100401606425703,0.2722298221614227,0.49874686716791977,0.35221238938053095,original,SKAB,fold_3,123,3,3,3,0.5,avg_negative_log,10,0.5108,0.9,,127,19,241,0.0998756734355574,True,0.0,True,10.0,0.5,additive,True
0.49129852744310576,0.26527958387516254,0.5112781954887218,0.3493150684931507,gaussian_noise,SKAB,fold_3,123,3,3,3,0.5,avg_negative_log,10,0.5108,0.9,,127,19,241,0.0998756734355574,True,0.0,True,10.0,0.5,additive,True
0.5100401606425703,0.2722298221614227,0.49874686716791977,0.35221238938053095,original,SKAB,fold_3,2026,3,3,3,0.5,avg_negative_log,10,0.5108,0.9,,127,19,241,0.0998756734355574,True,0.0,True,10.0,0.5,additive,True
0.5073627844712182,0.2719891745602165,0.5037593984962406,0.3532513181019332,gaussian_noise,SKAB,fold_3,2026,3,3,3,0.5,avg_negative_log,10,0.5108,0.9,,127,19,241,0.0998756734355574,True,0.0,True,10.0,0.5,additive,True
0.5100401606425703,0.2722298221614227,0.49874686716791977,0.35221238938053095,original,SKAB,fold_3,7,3,3,3,0.5,avg_negative_log,10,0.5108,0.9,,127,19,241,0.0998756734355574,True,0.0,True,10.0,0.5,additive,True
0.49866131191432395,0.26790450928381965,0.506265664160401,0.35039028620988727,gaussian_noise,SKAB,fold_3,7,3,3,3,0.5,avg_negative_log,10,0.5108,0.9,,127,19,241,0.0998756734355574,True,0.0,True,10.0,0.5,additive,True
0.5100401606425703,0.2722298221614227,0.49874686716791977,0.35221238938053095,original,SKAB,fold_3,999,3,3,3,0.5,avg_negative_log,10,0.5108,0.9,,127,19,241,0.0998756734355574,True,0.0,True,10.0,0.5,additive,True
0.5,0.27284595300261094,0.5238095238095238,0.3587982832618026,gaussian_noise,SKAB,fold_3,999,3,3,3,0.5,avg_negative_log,10,0.5108,0.9,,127,19,241,0.0998756734355574,True,0.0,True,10.0,0.5,additive,True
0.43419267299864317,0.14049586776859505,0.21303258145363407,0.1693227091633466,original,SKAB,fold_4,42,3,3,3,0.5,avg_negative_log,10,0.5108,0.9,,127,19,243,0.10070451719850808,True,0.0,True,10.0,0.5,additive,True
0.41383989145183175,0.13036565977742448,0.20551378446115287,0.15953307392996108,gaussian_noise,SKAB,fold_4,42,3,3,3,0.5,avg_negative_log,10,0.5108,0.9,,127,19,243,0.10070451719850808,True,0.0,True,10.0,0.5,additive,True
0.43419267299864317,0.14049586776859505,0.21303258145363407,0.1693227091633466,original,SKAB,fold_4,123,3,3,3,0.5,avg_negative_log,10,0.5108,0.9,,127,19,243,0.10070451719850808,True,0.0,True,10.0,0.5,additive,True
0.41994572591587515,0.12622950819672132,0.19298245614035087,0.15262636273538158,gaussian_noise,SKAB,fold_4,123,3,3,3,0.5,avg_negative_log,10,0.5108,0.9,,127,19,243,0.10070451719850808,True,0.0,True,10.0,0.5,additive,True
0.43419267299864317,0.14049586776859505,0.21303258145363407,0.1693227091633466,original,SKAB,fold_4,2026,3,3,3,0.5,avg_negative_log,10,0.5108,0.9,,127,19,243,0.10070451719850808,True,0.0,True,10.0,0.5,additive,True
0.42672998643147897,0.13562091503267973,0.20802005012531327,0.1641938674579624,gaussian_noise,SKAB,fold_4,2026,3,3,3,0.5,avg_negative_log,10,0.5108,0.9,,127,19,243,0.10070451719850808,True,0.0,True,10.0,0.5,additive,True
0.43419267299864317,0.14049586776859505,0.21303258145363407,0.1693227091633466,original,SKAB,fold_4,7,3,3,3,0.5,avg_negative_log,10,0.5108,0.9,,127,19,243,0.10070451719850808,True,0.0,True,10.0,0.5,additive,True
0.4287652645861601,0.1314475873544093,0.19799498746867167,0.158,gaussian_noise,SKAB,fold_4,7,3,3,3,0.5,avg_negative_log,10,0.5108,0.9,,127,19,243,0.10070451719850808,True,0.0,True,10.0,0.5,additive,True
0.43419267299864317,0.14049586776859505,0.21303258145363407,0.1693227091633466,original,SKAB,fold_4,999,3,3,3,0.5,avg_negative_log,10,0.5108,0.9,,127,19,243,0.10070451719850808,True,0.0,True,10.0,0.5,additive,True
0.41655359565807326,0.1358609794628752,0.21553884711779447,0.16666666666666666,gaussian_noise,SKAB,fold_4,999,3,3,3,0.5,avg_negative_log,10,0.5108,0.9,,127,19,243,0.10070451719850808,True,0.0,True,10.0,0.5,additive,True
0.49636002647253474,0.31717171717171716,0.7869674185463659,0.4521238300935925,original,SKAB,fold_5,42,3,3,3,0.5,avg_negative_log,10,0.5108,0.9,,133,20,247,0.09285714285714286,True,0.0,True,10.0,0.5,additive,True
0.4513567174056916,0.2971698113207547,0.7894736842105263,0.4318026045236463,gaussian_noise,SKAB,fold_5,42,3,3,3,0.5,avg_negative_log,10,0.5108,0.9,,133,20,247,0.09285714285714286,True,0.0,True,10.0,0.5,additive,True
0.49636002647253474,0.31717171717171716,0.7869674185463659,0.4521238300935925,original,SKAB,fold_5,123,3,3,3,0.5,avg_negative_log,10,0.5108,0.9,,133,20,247,0.09285714285714286,True,0.0,True,10.0,0.5,additive,True
0.49106551952349436,0.32245681381957775,0.8421052631578947,0.46634281748785567,gaussian_noise,SKAB,fold_5,123,3,3,3,0.5,avg_negative_log,10,0.5108,0.9,,133,20,247,0.09285714285714286,True,0.0,True,10.0,0.5,additive,True
0.49636002647253474,0.31717171717171716,0.7869674185463659,0.4521238300935925,original,SKAB,fold_5,2026,3,3,3,0.5,avg_negative_log,10,0.5108,0.9,,133,20,247,0.09285714285714286,True,0.0,True,10.0,0.5,additive,True
0.4685638649900728,0.3065134099616858,0.8020050125313283,0.4435204435204435,gaussian_noise,SKAB,fold_5,2026,3,3,3,0.5,avg_negative_log,10,0.5108,0.9,,133,20,247,0.09285714285714286,True,0.0,True,10.0,0.5,additive,True
0.49636002647253474,0.31717171717171716,0.7869674185463659,0.4521238300935925,original,SKAB,fold_5,7,3,3,3,0.5,avg_negative_log,10,0.5108,0.9,,133,20,247,0.09285714285714286,True,0.0,True,10.0,0.5,additive,True
0.4685638649900728,0.30464216634429403,0.7894736842105263,0.4396371249127704,gaussian_noise,SKAB,fold_5,7,3,3,3,0.5,avg_negative_log,10,0.5108,0.9,,133,20,247,0.09285714285714286,True,0.0,True,10.0,0.5,additive,True
0.49636002647253474,0.31717171717171716,0.7869674185463659,0.4521238300935925,original,SKAB,fold_5,999,3,3,3,0.5,avg_negative_log,10,0.5108,0.9,,133,20,247,0.09285714285714286,True,0.0,True,10.0,0.5,additive,True
0.4983454665784249,0.3272377285851781,0.8521303258145363,0.4728789986091794,gaussian_noise,SKAB,fold_5,999,3,3,3,0.5,avg_negative_log,10,0.5108,0.9,,133,20,247,0.09285714285714286,True,0.0,True,10.0,0.5,additive,True
0.7893333333333333,0.9292929292929293,0.22942643391521197,0.368,original,SKAB,fold_1,42,3,3,3,0.5,avg_negative_log,10,0.6931,0.9,,147,22,270,0.08348794063079777,True,0.0,True,10.0,0.5,additive,True
0.794,0.9339622641509434,0.24688279301745636,0.3905325443786982,gaussian_noise,SKAB,fold_1,42,3,3,3,0.5,avg_negative_log,10,0.6931,0.9,,147,22,270,0.08348794063079777,True,0.0,True,10.0,0.5,additive,True
0.7893333333333333,0.9292929292929293,0.22942643391521197,0.368,original,SKAB,fold_1,123,3,3,3,0.5,avg_negative_log,10,0.6931,0.9,,147,22,270,0.08348794063079777,True,0.0,True,10.0,0.5,additive,True
0.79,0.93,0.23192019950124687,0.3712574850299401,gaussian_noise,SKAB,fold_1,123,3,3,3,0.5,avg_negative_log,10,0.6931,0.9,,147,22,270,0.08348794063079777,True,0.0,True,10.0,0.5,additive,True
0.7893333333333333,0.9292929292929293,0.22942643391521197,0.368,original,SKAB,fold_1,2026,3,3,3,0.5,avg_negative_log,10,0.6931,0.9,,147,22,270,0.08348794063079777,True,0.0,True,10.0,0.5,additive,True
0.7993333333333333,0.9385964912280702,0.26683291770573564,0.4155339805825243,gaussian_noise,SKAB,fold_1,2026,3,3,3,0.5,avg_negative_log,10,0.6931,0.9,,147,22,270,0.08348794063079777,True,0.0,True,10.0,0.5,additive,True
0.7893333333333333,0.9292929292929293,0.22942643391521197,0.368,original,SKAB,fold_1,7,3,3,3,0.5,avg_negative_log,10,0.6931,0.9,,147,22,270,0.08348794063079777,True,0.0,True,10.0,0.5,additive,True
0.7933333333333333,0.9333333333333333,0.24438902743142144,0.38735177865612647,gaussian_noise,SKAB,fold_1,7,3,3,3,0.5,avg_negative_log,10,0.6931,0.9,,147,22,270,0.08348794063079777,True,0.0,True,10.0,0.5,additive,True
0.7893333333333333,0.9292929292929293,0.22942643391521197,0.368,original,SKAB,fold_1,999,3,3,3,0.5,avg_negative_log,10,0.6931,0.9,,147,22,270,0.08348794063079777,True,0.0,True,10.0,0.5,additive,True
0.7933333333333333,0.9333333333333333,0.24438902743142144,0.38735177865612647,gaussian_noise,SKAB,fold_1,999,3,3,3,0.5,avg_negative_log,10,0.6931,0.9,,147,22,270,0.08348794063079777,True,0.0,True,10.0,0.5,additive,True
0.715528781793842,0.47920433996383366,0.6592039800995025,0.5549738219895288,original,SKAB,fold_2,42,3,3,3,0.5,avg_negative_log,10,0.6931,0.9,,125,18,240,0.10666666666666667,True,0.0,True,10.0,0.5,additive,True
0.6947791164658634,0.45161290322580644,0.6268656716417911,0.525,gaussian_noise,SKAB,fold_2,42,3,3,3,0.5,avg_negative_log,10,0.6931,0.9,,125,18,240,0.10666666666666667,True,0.0,True,10.0,0.5,additive,True
0.715528781793842,0.47920433996383366,0.6592039800995025,0.5549738219895288,original,SKAB,fold_2,123,3,3,3,0.5,avg_negative_log,10,0.6931,0.9,,125,18,240,0.10666666666666667,True,0.0,True,10.0,0.5,additive,True
0.6994645247657296,0.45811051693404636,0.6393034825870647,0.5337487019730011,gaussian_noise,SKAB,fold_2,123,3,3,3,0.5,avg_negative_log,10,0.6931,0.9,,125,18,240,0.10666666666666667,True,0.0,True,10.0,0.5,additive,True
0.715528781793842,0.47920433996383366,0.6592039800995025,0.5549738219895288,original,SKAB,fold_2,2026,3,3,3,0.5,avg_negative_log,10,0.6931,0.9,,125,18,240,0.10666666666666667,True,0.0,True,10.0,0.5,additive,True
0.6987951807228916,0.4574468085106383,0.6417910447761194,0.5341614906832298,gaussian_noise,SKAB,fold_2,2026,3,3,3,0.5,avg_negative_log,10,0.6931,0.9,,125,18,240,0.10666666666666667,True,0.0,True,10.0,0.5,additive,True
0.715528781793842,0.47920433996383366,0.6592039800995025,0.5549738219895288,original,SKAB,fold_2,7,3,3,3,0.5,avg_negative_log,10,0.6931,0.9,,125,18,240,0.10666666666666667,True,0.0,True,10.0,0.5,additive,True
0.7061579651941098,0.4673721340388007,0.6592039800995025,0.5469556243550051,gaussian_noise,SKAB,fold_2,7,3,3,3,0.5,avg_negative_log,10,0.6931,0.9,,125,18,240,0.10666666666666667,True,0.0,True,10.0,0.5,additive,True
0.715528781793842,0.47920433996383366,0.6592039800995025,0.5549738219895288,original,SKAB,fold_2,999,3,3,3,0.5,avg_negative_log,10,0.6931,0.9,,125,18,240,0.10666666666666667,True,0.0,True,10.0,0.5,additive,True
0.7041499330655957,0.46296296296296297,0.6218905472636815,0.5307855626326964,gaussian_noise,SKAB,fold_2,999,3,3,3,0.5,avg_negative_log,10,0.6931,0.9,,125,18,240,0.10666666666666667,True,0.0,True,10.0,0.5,additive,True
0.5388219544846051,0.2720125786163522,0.43358395989974935,0.3342995169082126,original,SKAB,fold_3,42,3,3,3,0.5,avg_negative_log,10,0.6931,0.9,,127,19,241,0.0998756734355574,True,0.0,True,10.0,0.5,additive,True
0.5301204819277109,0.26291079812206575,0.42105263157894735,0.3236994219653179,gaussian_noise,SKAB,fold_3,42,3,3,3,0.5,avg_negative_log,10,0.6931,0.9,,127,19,241,0.0998756734355574,True,0.0,True,10.0,0.5,additive,True
0.5388219544846051,0.2720125786163522,0.43358395989974935,0.3342995169082126,original,SKAB,fold_3,123,3,3,3,0.5,avg_negative_log,10,0.6931,0.9,,127,19,241,0.0998756734355574,True,0.0,True,10.0,0.5,additive,True
0.5240963855421686,0.26435045317220546,0.43859649122807015,0.3298774740810556,gaussian_noise,SKAB,fold_3,123,3,3,3,0.5,avg_negative_log,10,0.6931,0.9,,127,19,241,0.0998756734355574,True,0.0,True,10.0,0.5,additive,True
0.5388219544846051,0.2720125786163522,0.43358395989974935,0.3342995169082126,original,SKAB,fold_3,2026,3,3,3,0.5,avg_negative_log,10,0.6931,0.9,,127,19,241,0.0998756734355574,True,0.0,True,10.0,0.5,additive,True
0.5247657295850067,0.264750378214826,0.43859649122807015,0.330188679245283,gaussian_noise,SKAB,fold_3,2026,3,3,3,0.5,avg_negative_log,10,0.6931,0.9,,127,19,241,0.0998756734355574,True,0.0,True,10.0,0.5,additive,True
0.5388219544846051,0.2720125786163522,0.43358395989974935,0.3342995169082126,original,SKAB,fold_3,7,3,3,3,0.5,avg_negative_log,10,0.6931,0.9,,127,19,241,0.0998756734355574,True,0.0,True,10.0,0.5,additive,True
0.5267737617135207,0.2601246105919003,0.41854636591478694,0.3208453410182517,gaussian_noise,SKAB,fold_3,7,3,3,3,0.5,avg_negative_log,10,0.6931,0.9,,127,19,241,0.0998756734355574,True,0.0,True,10.0,0.5,additive,True
0.5388219544846051,0.2720125786163522,0.43358395989974935,0.3342995169082126,original,SKAB,fold_3,999,3,3,3,0.5,avg_negative_log,10,0.6931,0.9,,127,19,241,0.0998756734355574,True,0.0,True,10.0,0.5,additive,True
0.536813922356091,0.27633587786259545,0.45363408521303256,0.34345351043643263,gaussian_noise,SKAB,fold_3,999,3,3,3,0.5,avg_negative_log,10,0.6931,0.9,,127,19,241,0.0998756734355574,True,0.0,True,10.0,0.5,additive,True
0.49592944369063774,0.14315352697095435,0.17293233082706766,0.15664018161180476,original,SKAB,fold_4,42,3,3,3,0.5,avg_negative_log,10,0.6931,0.9,,127,19,243,0.10070451719850808,True,0.0,True,10.0,0.5,additive,True
0.48032564450474896,0.13078470824949698,0.16290726817042606,0.14508928571428573,gaussian_noise,SKAB,fold_4,42,3,3,3,0.5,avg_negative_log,10,0.6931,0.9,,127,19,243,0.10070451719850808,True,0.0,True,10.0,0.5,additive,True
0.49592944369063774,0.14315352697095435,0.17293233082706766,0.15664018161180476,original,SKAB,fold_4,123,3,3,3,0.5,avg_negative_log,10,0.6931,0.9,,127,19,243,0.10070451719850808,True,0.0,True,10.0,0.5,additive,True
0.49389416553595655,0.12200435729847495,0.14035087719298245,0.13053613053613053,gaussian_noise,SKAB,fold_4,123,3,3,3,0.5,avg_negative_log,10,0.6931,0.9,,127,19,243,0.10070451719850808,True,0.0,True,10.0,0.5,additive,True
0.49592944369063774,0.14315352697095435,0.17293233082706766,0.15664018161180476,original,SKAB,fold_4,2026,3,3,3,0.5,avg_negative_log,10,0.6931,0.9,,127,19,243,0.10070451719850808,True,0.0,True,10.0,0.5,additive,True
0.494572591587517,0.13807531380753138,0.16541353383458646,0.15051311288483465,gaussian_noise,SKAB,fold_4,2026,3,3,3,0.5,avg_negative_log,10,0.6931,0.9,,127,19,243,0.10070451719850808,True,0.0,True,10.0,0.5,additive,True
0.49592944369063774,0.14315352697095435,0.17293233082706766,0.15664018161180476,original,SKAB,fold_4,7,3,3,3,0.5,avg_negative_log,10,0.6931,0.9,,127,19,243,0.10070451719850808,True,0.0,True,10.0,0.5,additive,True
0.4966078697421981,0.13276231263383298,0.15538847117794485,0.14318706697459585,gaussian_noise,SKAB,fold_4,7,3,3,3,0.5,avg_negative_log,10,0.6931,0.9,,127,19,243,0.10070451719850808,True,0.0,True,10.0,0.5,additive,True
0.49592944369063774,0.14315352697095435,0.17293233082706766,0.15664018161180476,original,SKAB,fold_4,999,3,3,3,0.5,avg_negative_log,10,0.6931,0.9,,127,19,243,0.10070451719850808,True,0.0,True,10.0,0.5,additive,True
0.4932157394843962,0.14634146341463414,0.18045112781954886,0.16161616161616163,gaussian_noise,SKAB,fold_4,999,3,3,3,0.5,avg_negative_log,10,0.6931,0.9,,127,19,243,0.10070451719850808,True,0.0,True,10.0,0.5,additive,True
0.542686962276638,0.3337129840546697,0.7343358395989975,0.45888801879404856,original,SKAB,fold_5,42,3,3,3,0.5,avg_negative_log,10,0.6931,0.9,,133,20,247,0.09285714285714286,True,0.0,True,10.0,0.5,additive,True
0.5215089344804765,0.3227571115973742,0.7393483709273183,0.44935262757044936,gaussian_noise,SKAB,fold_5,42,3,3,3,0.5,avg_negative_log,10,0.6931,0.9,,133,20,247,0.09285714285714286,True,0.0,True,10.0,0.5,additive,True
0.542686962276638,0.3337129840546697,0.7343358395989975,0.45888801879404856,original,SKAB,fold_5,123,3,3,3,0.5,avg_negative_log,10,0.6931,0.9,,133,20,247,0.09285714285714286,True,0.0,True,10.0,0.5,additive,True
0.5301125082726671,0.33648790746582546,0.8020050125313283,0.4740740740740741,gaussian_noise,SKAB,fold_5,123,3,3,3,0.5,avg_negative_log,10,0.6931,0.9,,133,20,247,0.09285714285714286,True,0.0,True,10.0,0.5,additive,True
0.542686962276638,0.3337129840546697,0.7343358395989975,0.45888801879404856,original,SKAB,fold_5,2026,3,3,3,0.5,avg_negative_log,10,0.6931,0.9,,133,20,247,0.09285714285714286,True,0.0,True,10.0,0.5,additive,True
0.5122435473196558,0.3205944798301486,0.7568922305764411,0.45041014168530946,gaussian_noise,SKAB,fold_5,2026,3,3,3,0.5,avg_negative_log,10,0.6931,0.9,,133,20,247,0.09285714285714286,True,0.0,True,10.0,0.5,additive,True
0.542686962276638,0.3337129840546697,0.7343358395989975,0.45888801879404856,original,SKAB,fold_5,7,3,3,3,0.5,avg_negative_log,10,0.6931,0.9,,133,20,247,0.09285714285714286,True,0.0,True,10.0,0.5,additive,True
0.514228987425546,0.3173391494002181,0.7293233082706767,0.44224924012158057,gaussian_noise,SKAB,fold_5,7,3,3,3,0.5,avg_negative_log,10,0.6931,0.9,,133,20,247,0.09285714285714286,True,0.0,True,10.0,0.5,additive,True
0.542686962276638,0.3337129840546697,0.7343358395989975,0.45888801879404856,original,SKAB,fold_5,999,3,3,3,0.5,avg_negative_log,10,0.6931,0.9,,133,20,247,0.09285714285714286,True,0.0,True,10.0,0.5,additive,True
0.5407015221707479,0.3408845738942826,0.7919799498746867,0.4766214177978884,gaussian_noise,SKAB,fold_5,999,3,3,3,0.5,avg_negative_log,10,0.6931,0.9,,133,20,247,0.09285714285714286,True,0.0,True,10.0,0.5,additive,True
0.766,1.0,0.12468827930174564,0.22172949002217296,original,SKAB,fold_1,42,3,3,3,0.5,avg_negative_log,10,0.9163,0.9,,147,22,270,0.08348794063079777,True,0.0,True,10.0,0.5,additive,True
0.774,1.0,0.1546134663341646,0.2678185745140389,gaussian_noise,SKAB,fold_1,42,3,3,3,0.5,avg_negative_log,10,0.9163,0.9,,147,22,270,0.08348794063079777,True,0.0,True,10.0,0.5,additive,True
0.766,1.0,0.12468827930174564,0.22172949002217296,original,SKAB,fold_1,123,3,3,3,0.5,avg_negative_log,10,0.9163,0.9,,147,22,270,0.08348794063079777,True,0.0,True,10.0,0.5,additive,True
0.7746666666666666,1.0,0.1571072319201995,0.27155172413793105,gaussian_noise,SKAB,fold_1,123,3,3,3,0.5,avg_negative_log,10,0.9163,0.9,,147,22,270,0.08348794063079777,True,0.0,True,10.0,0.5,additive,True
0.766,1.0,0.12468827930174564,0.22172949002217296,original,SKAB,fold_1,2026,3,3,3,0.5,avg_negative_log,10,0.9163,0.9,,147,22,270,0.08348794063079777,True,0.0,True,10.0,0.5,additive,True
0.7813333333333333,1.0,0.18204488778054864,0.3080168776371308,gaussian_noise,SKAB,fold_1,2026,3,3,3,0.5,avg_negative_log,10,0.9163,0.9,,147,22,270,0.08348794063079777,True,0.0,True,10.0,0.5,additive,True
0.766,1.0,0.12468827930174564,0.22172949002217296,original,SKAB,fold_1,7,3,3,3,0.5,avg_negative_log,10,0.9163,0.9,,147,22,270,0.08348794063079777,True,0.0,True,10.0,0.5,additive,True
0.7653333333333333,1.0,0.12219451371571072,0.21777777777777776,gaussian_noise,SKAB,fold_1,7,3,3,3,0.5,avg_negative_log,10,0.9163,0.9,,147,22,270,0.08348794063079777,True,0.0,True,10.0,0.5,additive,True
0.766,1.0,0.12468827930174564,0.22172949002217296,original,SKAB,fold_1,999,3,3,3,0.5,avg_negative_log,10,0.9163,0.9,,147,22,270,0.08348794063079777,True,0.0,True,10.0,0.5,additive,True
0.7733333333333333,1.0,0.15211970074812967,0.26406926406926406,gaussian_noise,SKAB,fold_1,999,3,3,3,0.5,avg_negative_log,10,0.9163,0.9,,147,22,270,0.08348794063079777,True,0.0,True,10.0,0.5,additive,True
0.7583668005354752,0.5493975903614458,0.5671641791044776,0.5581395348837209,original,SKAB,fold_2,42,3,3,3,0.5,avg_negative_log,10,0.9163,0.9,,125,18,240,0.10666666666666667,True,0.0,True,10.0,0.5,additive,True
0.7342704149933066,0.5060240963855421,0.5223880597014925,0.5140758873929009,gaussian_noise,SKAB,fold_2,42,3,3,3,0.5,avg_negative_log,10,0.9163,0.9,,125,18,240,0.10666666666666667,True,0.0,True,10.0,0.5,additive,True
0.7583668005354752,0.5493975903614458,0.5671641791044776,0.5581395348837209,original,SKAB,fold_2,123,3,3,3,0.5,avg_negative_log,10,0.9163,0.9,,125,18,240,0.10666666666666667,True,0.0,True,10.0,0.5,additive,True
0.7449799196787149,0.5255474452554745,0.5373134328358209,0.5313653136531366,gaussian_noise,SKAB,fold_2,123,3,3,3,0.5,avg_negative_log,10,0.9163,0.9,,125,18,240,0.10666666666666667,True,0.0,True,10.0,0.5,additive,True
0.7583668005354752,0.5493975903614458,0.5671641791044776,0.5581395348837209,original,SKAB,fold_2,2026,3,3,3,0.5,avg_negative_log,10,0.9163,0.9,,125,18,240,0.10666666666666667,True,0.0,True,10.0,0.5,additive,True
0.7342704149933066,0.5062972292191436,0.5,0.5031289111389237,gaussian_noise,SKAB,fold_2,2026,3,3,3,0.5,avg_negative_log,10,0.9163,0.9,,125,18,240,0.10666666666666667,True,0.0,True,10.0,0.5,additive,True
0.7583668005354752,0.5493975903614458,0.5671641791044776,0.5581395348837209,original,SKAB,fold_2,7,3,3,3,0.5,avg_negative_log,10,0.9163,0.9,,125,18,240,0.10666666666666667,True,0.0,True,10.0,0.5,additive,True
0.7376171352074966,0.5116279069767442,0.5472636815920398,0.5288461538461539,gaussian_noise,SKAB,fold_2,7,3,3,3,0.5,avg_negative_log,10,0.9163,0.9,,125,18,240,0.10666666666666667,True,0.0,True,10.0,0.5,additive,True
0.7583668005354752,0.5493975903614458,0.5671641791044776,0.5581395348837209,original,SKAB,fold_2,999,3,3,3,0.5,avg_negative_log,10,0.9163,0.9,,125,18,240,0.10666666666666667,True,0.0,True,10.0,0.5,additive,True
0.7376171352074966,0.5133689839572193,0.47761194029850745,0.4948453608247423,gaussian_noise,SKAB,fold_2,999,3,3,3,0.5,avg_negative_log,10,0.9163,0.9,,125,18,240,0.10666666666666667,True,0.0,True,10.0,0.5,additive,True
0.5783132530120482,0.2676056338028169,0.3333333333333333,0.296875,original,SKAB,fold_3,42,3,3,3,0.5,avg_negative_log,10,0.9163,0.9,,127,19,241,0.0998756734355574,True,0.0,True,10.0,0.5,additive,True
0.5629183400267738,0.246,0.3082706766917293,0.27363737486095663,gaussian_noise,SKAB,fold_3,42,3,3,3,0.5,avg_negative_log,10,0.9163,0.9,,127,19,241,0.0998756734355574,True,0.0,True,10.0,0.5,additive,True
0.5783132530120482,0.2676056338028169,0.3333333333333333,0.296875,original,SKAB,fold_3,123,3,3,3,0.5,avg_negative_log,10,0.9163,0.9,,127,19,241,0.0998756734355574,True,0.0,True,10.0,0.5,additive,True
0.5669344042838019,0.2559055118110236,0.3258145363408521,0.2866593164277839,gaussian_noise,SKAB,fold_3,123,3,3,3,0.5,avg_negative_log,10,0.9163,0.9,,127,19,241,0.0998756734355574,True,0.0,True,10.0,0.5,additive,True
0.5783132530120482,0.2676056338028169,0.3333333333333333,0.296875,original,SKAB,fold_3,2026,3,3,3,0.5,avg_negative_log,10,0.9163,0.9,,127,19,241,0.0998756734355574,True,0.0,True,10.0,0.5,additive,True
0.5615796519410977,0.244,0.3057644110275689,0.271412680756396,gaussian_noise,SKAB,fold_3,2026,3,3,3,0.5,avg_negative_log,10,0.9163,0.9,,127,19,241,0.0998756734355574,True,0.0,True,10.0,0.5,additive,True
0.5783132530120482,0.2676056338028169,0.3333333333333333,0.296875,original,SKAB,fold_3,7,3,3,3,0.5,avg_negative_log,10,0.9163,0.9,,127,19,241,0.0998756734355574,True,0.0,True,10.0,0.5,additive,True
0.5662650602409639,0.2524850894632207,0.3182957393483709,0.28159645232815966,gaussian_noise,SKAB,fold_3,7,3,3,3,0.5,avg_negative_log,10,0.9163,0.9,,127,19,241,0.0998756734355574,True,0.0,True,10.0,0.5,additive,True
0.5783132530120482,0.2676056338028169,0.3333333333333333,0.296875,original,SKAB,fold_3,999,3,3,3,0.5,avg_negative_log,10,0.9163,0.9,,127,19,241,0.0998756734355574,True,0.0,True,10.0,0.5,additive,True
0.572289156626506,0.2718631178707224,0.3583959899749373,0.3091891891891892,gaussian_noise,SKAB,fold_3,999,3,3,3,0.5,avg_negative_log,10,0.9163,0.9,,127,19,241,0.0998756734355574,True,0.0,True,10.0,0.5,additive,True
0.5909090909090909,0.14084507042253522,0.10025062656641603,0.1171303074670571,original,SKAB,fold_4,42,3,3,3,0.5,avg_negative_log,10,0.9163,0.9,,127,19,243,0.10070451719850808,True,0.0,True,10.0,0.5,additive,True
0.5576662143826323,0.13753581661891118,0.12030075187969924,0.12834224598930483,gaussian_noise,SKAB,fold_4,42,3,3,3,0.5,avg_negative_log,10,0.9163,0.9,,127,19,243,0.10070451719850808,True,0.0,True,10.0,0.5,additive,True
0.5909090909090909,0.14084507042253522,0.10025062656641603,0.1171303074670571,original,SKAB,fold_4,123,3,3,3,0.5,avg_negative_log,10,0.9163,0.9,,127,19,243,0.10070451719850808,True,0.0,True,10.0,0.5,additive,True
0.5807327001356852,0.12627986348122866,0.09273182957393483,0.1069364161849711,gaussian_noise,SKAB,fold_4,123,3,3,3,0.5,avg_negative_log,10,0.9163,0.9,,127,19,243,0.10070451719850808,True,0.0,True,10.0,0.5,additive,True
0.5909090909090909,0.14084507042253522,0.10025062656641603,0.1171303074670571,original,SKAB,fold_4,2026,3,3,3,0.5,avg_negative_log,10,0.9163,0.9,,127,19,243,0.10070451719850808,True,0.0,True,10.0,0.5,additive,True
0.576662143826323,0.11864406779661017,0.08771929824561403,0.10086455331412104,gaussian_noise,SKAB,fold_4,2026,3,3,3,0.5,avg_negative_log,10,0.9163,0.9,,127,19,243,0.10070451719850808,True,0.0,True,10.0,0.5,additive,True
0.5909090909090909,0.14084507042253522,0.10025062656641603,0.1171303074670571,original,SKAB,fold_4,7,3,3,3,0.5,avg_negative_log,10,0.9163,0.9,,127,19,243,0.10070451719850808,True,0.0,True,10.0,0.5,additive,True
0.5725915875169606,0.11371237458193979,0.08521303258145363,0.09742120343839542,gaussian_noise,SKAB,fold_4,7,3,3,3,0.5,avg_negative_log,10,0.9163,0.9,,127,19,243,0.10070451719850808,True,0.0,True,10.0,0.5,additive,True
0.5909090909090909,0.14084507042253522,0.10025062656641603,0.1171303074670571,original,SKAB,fold_4,999,3,3,3,0.5,avg_negative_log,10,0.9163,0.9,,127,19,243,0.10070451719850808,True,0.0,True,10.0,0.5,additive,True
0.5990502035278155,0.17567567567567569,0.13032581453634084,0.14964028776978416,gaussian_noise,SKAB,fold_4,999,3,3,3,0.5,avg_negative_log,10,0.9163,0.9,,127,19,243,0.10070451719850808,True,0.0,True,10.0,0.5,additive,True
0.6029119788219722,0.35864978902953587,0.6390977443609023,0.4594594594594595,original,SKAB,fold_5,42,3,3,3,0.5,avg_negative_log,10,0.9163,0.9,,133,20,247,0.09285714285714286,True,0.0,True,10.0,0.5,additive,True
0.6022501654533422,0.36126373626373626,0.6591478696741855,0.46672582076308783,gaussian_noise,SKAB,fold_5,42,3,3,3,0.5,avg_negative_log,10,0.9163,0.9,,133,20,247,0.09285714285714286,True,0.0,True,10.0,0.5,additive,True
0.6029119788219722,0.35864978902953587,0.6390977443609023,0.4594594594594595,original,SKAB,fold_5,123,3,3,3,0.5,avg_negative_log,10,0.9163,0.9,,133,20,247,0.09285714285714286,True,0.0,True,10.0,0.5,additive,True
0.600926538716082,0.3695652173913043,0.7243107769423559,0.489415749364945,gaussian_noise,SKAB,fold_5,123,3,3,3,0.5,avg_negative_log,10,0.9163,0.9,,133,20,247,0.09285714285714286,True,0.0,True,10.0,0.5,additive,True
0.6029119788219722,0.35864978902953587,0.6390977443609023,0.4594594594594595,original,SKAB,fold_5,2026,3,3,3,0.5,avg_negative_log,10,0.9163,0.9,,133,20,247,0.09285714285714286,True,0.0,True,10.0,0.5,additive,True
0.5837193911317009,0.35516372795969775,0.706766917293233,0.4727577535624476,gaussian_noise,SKAB,fold_5,2026,3,3,3,0.5,avg_negative_log,10,0.9163,0.9,,133,20,247,0.09285714285714286,True,0.0,True,10.0,0.5,additive,True
0.6029119788219722,0.35864978902953587,0.6390977443609023,0.4594594594594595,original,SKAB,fold_5,7,3,3,3,0.5,avg_negative_log,10,0.9163,0.9,,133,20,247,0.09285714285714286,True,0.0,True,10.0,0.5,additive,True
0.586366644606221,0.35013262599469497,0.6616541353383458,0.45793581960104074,gaussian_noise,SKAB,fold_5,7,3,3,3,0.5,avg_negative_log,10,0.9163,0.9,,133,20,247,0.09285714285714286,True,0.0,True,10.0,0.5,additive,True
0.6029119788219722,0.35864978902953587,0.6390977443609023,0.4594594594594595,original,SKAB,fold_5,999,3,3,3,0.5,avg_negative_log,10,0.9163,0.9,,133,20,247,0.09285714285714286,True,0.0,True,10.0,0.5,additive,True
0.6029119788219722,0.36998706338939197,0.7167919799498746,0.4880546075085324,gaussian_noise,SKAB,fold_5,999,3,3,3,0.5,avg_negative_log,10,0.9163,0.9,,133,20,247,0.09285714285714286,True,0.0,True,10.0,0.5,additive,True
0.358860195903829,0.3577163247100803,1.0,0.5269382391590013,original,SKAB,fold_1,42,4,3,3,0.5,avg_negative_log,10,0.0,0.9,,225,35,400,0.050793650793650794,True,0.0,True,10.0,0.5,additive,True
0.358860195903829,0.3577163247100803,1.0,0.5269382391590013,gaussian_noise,SKAB,fold_1,42,4,3,3,0.5,avg_negative_log,10,0.0,0.9,,225,35,400,0.050793650793650794,True,0.0,True,10.0,0.5,additive,True
0.358860195903829,0.3577163247100803,1.0,0.5269382391590013,original,SKAB,fold_1,123,4,3,3,0.5,avg_negative_log,10,0.0,0.9,,225,35,400,0.050793650793650794,True,0.0,True,10.0,0.5,additive,True
0.358860195903829,0.3577163247100803,1.0,0.5269382391590013,gaussian_noise,SKAB,fold_1,123,4,3,3,0.5,avg_negative_log,10,0.0,0.9,,225,35,400,0.050793650793650794,True,0.0,True,10.0,0.5,additive,True
0.358860195903829,0.3577163247100803,1.0,0.5269382391590013,original,SKAB,fold_1,2026,4,3,3,0.5,avg_negative_log,10,0.0,0.9,,225,35,400,0.050793650793650794,True,0.0,True,10.0,0.5,additive,True
0.358860195903829,0.3577163247100803,1.0,0.5269382391590013,gaussian_noise,SKAB,fold_1,2026,4,3,3,0.5,avg_negative_log,10,0.0,0.9,,225,35,400,0.050793650793650794,True,0.0,True,10.0,0.5,additive,True
0.358860195903829,0.3577163247100803,1.0,0.5269382391590013,original,SKAB,fold_1,7,4,3,3,0.5,avg_negative_log,10,0.0,0.9,,225,35,400,0.050793650793650794,True,0.0,True,10.0,0.5,additive,True
0.358860195903829,0.3577163247100803,1.0,0.5269382391590013,gaussian_noise,SKAB,fold_1,7,4,3,3,0.5,avg_negative_log,10,0.0,0.9,,225,35,400,0.050793650793650794,True,0.0,True,10.0,0.5,additive,True
0.358860195903829,0.3577163247100803,1.0,0.5269382391590013,original,SKAB,fold_1,999,4,3,3,0.5,avg_negative_log,10,0.0,0.9,,225,35,400,0.050793650793650794,True,0.0,True,10.0,0.5,additive,True
0.358860195903829,0.3577163247100803,1.0,0.5269382391590013,gaussian_noise,SKAB,fold_1,999,4,3,3,0.5,avg_negative_log,10,0.0,0.9,,225,35,400,0.050793650793650794,True,0.0,True,10.0,0.5,additive,True
0.3610366398570152,0.35989256938227393,1.0,0.5292955892034233,original,SKAB,fold_2,42,4,3,3,0.5,avg_negative_log,10,0.0,0.9,,234,34,438,0.05505279034690799,True,0.0,True,10.0,0.5,additive,True
0.3610366398570152,0.35989256938227393,1.0,0.5292955892034233,gaussian_noise,SKAB,fold_2,42,4,3,3,0.5,avg_negative_log,10,0.0,0.9,,234,34,438,0.05505279034690799,True,0.0,True,10.0,0.5,additive,True
0.3610366398570152,0.35989256938227393,1.0,0.5292955892034233,original,SKAB,fold_2,123,4,3,3,0.5,avg_negative_log,10,0.0,0.9,,234,34,438,0.05505279034690799,True,0.0,True,10.0,0.5,additive,True
0.3610366398570152,0.35989256938227393,1.0,0.5292955892034233,gaussian_noise,SKAB,fold_2,123,4,3,3,0.5,avg_negative_log,10,0.0,0.9,,234,34,438,0.05505279034690799,True,0.0,True,10.0,0.5,additive,True
0.3610366398570152,0.35989256938227393,1.0,0.5292955892034233,original,SKAB,fold_2,2026,4,3,3,0.5,avg_negative_log,10,0.0,0.9,,234,34,438,0.05505279034690799,True,0.0,True,10.0,0.5,additive,True
0.3610366398570152,0.35989256938227393,1.0,0.5292955892034233,gaussian_noise,SKAB,fold_2,2026,4,3,3,0.5,avg_negative_log,10,0.0,0.9,,234,34,438,0.05505279034690799,True,0.0,True,10.0,0.5,additive,True
0.3610366398570152,0.35989256938227393,1.0,0.5292955892034233,original,SKAB,fold_2,7,4,3,3,0.5,avg_negative_log,10,0.0,0.9,,234,34,438,0.05505279034690799,True,0.0,True,10.0,0.5,additive,True
0.3610366398570152,0.35989256938227393,1.0,0.5292955892034233,gaussian_noise,SKAB,fold_2,7,4,3,3,0.5,avg_negative_log,10,0.0,0.9,,234,34,438,0.05505279034690799,True,0.0,True,10.0,0.5,additive,True
0.3610366398570152,0.35989256938227393,1.0,0.5292955892034233,original,SKAB,fold_2,999,4,3,3,0.5,avg_negative_log,10,0.0,0.9,,234,34,438,0.05505279034690799,True,0.0,True,10.0,0.5,additive,True
0.3610366398570152,0.35989256938227393,1.0,0.5292955892034233,gaussian_noise,SKAB,fold_2,999,4,3,3,0.5,avg_negative_log,10,0.0,0.9,,234,34,438,0.05505279034690799,True,0.0,True,10.0,0.5,additive,True
0.3583556747095621,0.35720680393912263,1.0,0.5263852242744064,original,SKAB,fold_3,42,4,3,3,0.5,avg_negative_log,10,0.0,0.9,,243,37,440,0.048937826715604496,True,0.0,True,10.0,0.5,additive,True
0.3583556747095621,0.35720680393912263,1.0,0.5263852242744064,gaussian_noise,SKAB,fold_3,42,4,3,3,0.5,avg_negative_log,10,0.0,0.9,,243,37,440,0.048937826715604496,True,0.0,True,10.0,0.5,additive,True
0.3583556747095621,0.35720680393912263,1.0,0.5263852242744064,original,SKAB,fold_3,123,4,3,3,0.5,avg_negative_log,10,0.0,0.9,,243,37,440,0.048937826715604496,True,0.0,True,10.0,0.5,additive,True
0.3583556747095621,0.35720680393912263,1.0,0.5263852242744064,gaussian_noise,SKAB,fold_3,123,4,3,3,0.5,avg_negative_log,10,0.0,0.9,,243,37,440,0.048937826715604496,True,0.0,True,10.0,0.5,additive,True
0.3583556747095621,0.35720680393912263,1.0,0.5263852242744064,original,SKAB,fold_3,2026,4,3,3,0.5,avg_negative_log,10,0.0,0.9,,243,37,440,0.048937826715604496,True,0.0,True,10.0,0.5,additive,True
0.3583556747095621,0.35720680393912263,1.0,0.5263852242744064,gaussian_noise,SKAB,fold_3,2026,4,3,3,0.5,avg_negative_log,10,0.0,0.9,,243,37,440,0.048937826715604496,True,0.0,True,10.0,0.5,additive,True
0.3583556747095621,0.35720680393912263,1.0,0.5263852242744064,original,SKAB,fold_3,7,4,3,3,0.5,avg_negative_log,10,0.0,0.9,,243,37,440,0.048937826715604496,True,0.0,True,10.0,0.5,additive,True
0.3583556747095621,0.35720680393912263,1.0,0.5263852242744064,gaussian_noise,SKAB,fold_3,7,4,3,3,0.5,avg_negative_log,10,0.0,0.9,,243,37,440,0.048937826715604496,True,0.0,True,10.0,0.5,additive,True
0.3583556747095621,0.35720680393912263,1.0,0.5263852242744064,original,SKAB,fold_3,999,4,3,3,0.5,avg_negative_log,10,0.0,0.9,,243,37,440,0.048937826715604496,True,0.0,True,10.0,0.5,additive,True
0.3583556747095621,0.35720680393912263,1.0,0.5263852242744064,gaussian_noise,SKAB,fold_3,999,4,3,3,0.5,avg_negative_log,10,0.0,0.9,,243,37,440,0.048937826715604496,True,0.0,True,10.0,0.5,additive,True
0.3632246376811594,0.3620689655172414,1.0,0.5316455696202531,original,SKAB,fold_4,42,4,3,3,0.5,avg_negative_log,10,0.0,0.9,,241,36,449,0.05175195942830797,True,0.0,True,10.0,0.5,additive,True
0.3632246376811594,0.3620689655172414,1.0,0.5316455696202531,gaussian_noise,SKAB,fold_4,42,4,3,3,0.5,avg_negative_log,10,0.0,0.9,,241,36,449,0.05175195942830797,True,0.0,True,10.0,0.5,additive,True
0.3632246376811594,0.3620689655172414,1.0,0.5316455696202531,original,SKAB,fold_4,123,4,3,3,0.5,avg_negative_log,10,0.0,0.9,,241,36,449,0.05175195942830797,True,0.0,True,10.0,0.5,additive,True
0.3632246376811594,0.3620689655172414,1.0,0.5316455696202531,gaussian_noise,SKAB,fold_4,123,4,3,3,0.5,avg_negative_log,10,0.0,0.9,,241,36,449,0.05175195942830797,True,0.0,True,10.0,0.5,additive,True
0.3632246376811594,0.3620689655172414,1.0,0.5316455696202531,original,SKAB,fold_4,2026,4,3,3,0.5,avg_negative_log,10,0.0,0.9,,241,36,449,0.05175195942830797,True,0.0,True,10.0,0.5,additive,True
0.3632246376811594,0.3620689655172414,1.0,0.5316455696202531,gaussian_noise,SKAB,fold_4,2026,4,3,3,0.5,avg_negative_log,10,0.0,0.9,,241,36,449,0.05175195942830797,True,0.0,True,10.0,0.5,additive,True
0.3632246376811594,0.3620689655172414,1.0,0.5316455696202531,original,SKAB,fold_4,7,4,3,3,0.5,avg_negative_log,10,0.0,0.9,,241,36,449,0.05175195942830797,True,0.0,True,10.0,0.5,additive,True
0.3632246376811594,0.3620689655172414,1.0,0.5316455696202531,gaussian_noise,SKAB,fold_4,7,4,3,3,0.5,avg_negative_log,10,0.0,0.9,,241,36,449,0.05175195942830797,True,0.0,True,10.0,0.5,additive,True
0.3632246376811594,0.3620689655172414,1.0,0.5316455696202531,original,SKAB,fold_4,999,4,3,3,0.5,avg_negative_log,10,0.0,0.9,,241,36,449,0.05175195942830797,True,0.0,True,10.0,0.5,additive,True
0.3632246376811594,0.3620689655172414,1.0,0.5316455696202531,gaussian_noise,SKAB,fold_4,999,4,3,3,0.5,avg_negative_log,10,0.0,0.9,,241,36,449,0.05175195942830797,True,0.0,True,10.0,0.5,additive,True
0.35455349248452694,0.3534100974313552,1.0,0.5222513089005235,original,SKAB,fold_5,42,4,3,3,0.5,avg_negative_log,10,0.0,0.9,,225,36,389,0.048024691358024695,True,0.0,True,10.0,0.5,additive,True
0.35455349248452694,0.3534100974313552,1.0,0.5222513089005235,gaussian_noise,SKAB,fold_5,42,4,3,3,0.5,avg_negative_log,10,0.0,0.9,,225,36,389,0.048024691358024695,True,0.0,True,10.0,0.5,additive,True
0.35455349248452694,0.3534100974313552,1.0,0.5222513089005235,original,SKAB,fold_5,123,4,3,3,0.5,avg_negative_log,10,0.0,0.9,,225,36,389,0.048024691358024695,True,0.0,True,10.0,0.5,additive,True
0.35455349248452694,0.3534100974313552,1.0,0.5222513089005235,gaussian_noise,SKAB,fold_5,123,4,3,3,0.5,avg_negative_log,10,0.0,0.9,,225,36,389,0.048024691358024695,True,0.0,True,10.0,0.5,additive,True
0.35455349248452694,0.3534100974313552,1.0,0.5222513089005235,original,SKAB,fold_5,2026,4,3,3,0.5,avg_negative_log,10,0.0,0.9,,225,36,389,0.048024691358024695,True,0.0,True,10.0,0.5,additive,True
0.35455349248452694,0.3534100974313552,1.0,0.5222513089005235,gaussian_noise,SKAB,fold_5,2026,4,3,3,0.5,avg_negative_log,10,0.0,0.9,,225,36,389,0.048024691358024695,True,0.0,True,10.0,0.5,additive,True
0.35455349248452694,0.3534100974313552,1.0,0.5222513089005235,original,SKAB,fold_5,7,4,3,3,0.5,avg_negative_log,10,0.0,0.9,,225,36,389,0.048024691358024695,True,0.0,True,10.0,0.5,additive,True
0.35455349248452694,0.3534100974313552,1.0,0.5222513089005235,gaussian_noise,SKAB,fold_5,7,4,3,3,0.5,avg_negative_log,10,0.0,0.9,,225,36,389,0.048024691358024695,True,0.0,True,10.0,0.5,additive,True
0.35455349248452694,0.3534100974313552,1.0,0.5222513089005235,original,SKAB,fold_5,999,4,3,3,0.5,avg_negative_log,10,0.0,0.9,,225,36,389,0.048024691358024695,True,0.0,True,10.0,0.5,additive,True
0.35455349248452694,0.3534100974313552,1.0,0.5222513089005235,gaussian_noise,SKAB,fold_5,999,4,3,3,0.5,avg_negative_log,10,0.0,0.9,,225,36,389,0.048024691358024695,True,0.0,True,10.0,0.5,additive,True
0.358860195903829,0.3577163247100803,1.0,0.5269382391590013,original,SKAB,fold_1,42,4,3,3,0.5,avg_negative_log,10,0.001,0.9,,225,35,400,0.050793650793650794,True,0.0,True,10.0,0.5,additive,True
0.358860195903829,0.3577163247100803,1.0,0.5269382391590013,gaussian_noise,SKAB,fold_1,42,4,3,3,0.5,avg_negative_log,10,0.001,0.9,,225,35,400,0.050793650793650794,True,0.0,True,10.0,0.5,additive,True
0.358860195903829,0.3577163247100803,1.0,0.5269382391590013,original,SKAB,fold_1,123,4,3,3,0.5,avg_negative_log,10,0.001,0.9,,225,35,400,0.050793650793650794,True,0.0,True,10.0,0.5,additive,True
0.358860195903829,0.3577163247100803,1.0,0.5269382391590013,gaussian_noise,SKAB,fold_1,123,4,3,3,0.5,avg_negative_log,10,0.001,0.9,,225,35,400,0.050793650793650794,True,0.0,True,10.0,0.5,additive,True
0.358860195903829,0.3577163247100803,1.0,0.5269382391590013,original,SKAB,fold_1,2026,4,3,3,0.5,avg_negative_log,10,0.001,0.9,,225,35,400,0.050793650793650794,True,0.0,True,10.0,0.5,additive,True
0.358860195903829,0.3577163247100803,1.0,0.5269382391590013,gaussian_noise,SKAB,fold_1,2026,4,3,3,0.5,avg_negative_log,10,0.001,0.9,,225,35,400,0.050793650793650794,True,0.0,True,10.0,0.5,additive,True
0.358860195903829,0.3577163247100803,1.0,0.5269382391590013,original,SKAB,fold_1,7,4,3,3,0.5,avg_negative_log,10,0.001,0.9,,225,35,400,0.050793650793650794,True,0.0,True,10.0,0.5,additive,True
0.358860195903829,0.3577163247100803,1.0,0.5269382391590013,gaussian_noise,SKAB,fold_1,7,4,3,3,0.5,avg_negative_log,10,0.001,0.9,,225,35,400,0.050793650793650794,True,0.0,True,10.0,0.5,additive,True
0.358860195903829,0.3577163247100803,1.0,0.5269382391590013,original,SKAB,fold_1,999,4,3,3,0.5,avg_negative_log,10,0.001,0.9,,225,35,400,0.050793650793650794,True,0.0,True,10.0,0.5,additive,True
0.358860195903829,0.3577163247100803,1.0,0.5269382391590013,gaussian_noise,SKAB,fold_1,999,4,3,3,0.5,avg_negative_log,10,0.001,0.9,,225,35,400,0.050793650793650794,True,0.0,True,10.0,0.5,additive,True
0.3610366398570152,0.35989256938227393,1.0,0.5292955892034233,original,SKAB,fold_2,42,4,3,3,0.5,avg_negative_log,10,0.001,0.9,,234,34,438,0.05505279034690799,True,0.0,True,10.0,0.5,additive,True
0.3610366398570152,0.35989256938227393,1.0,0.5292955892034233,gaussian_noise,SKAB,fold_2,42,4,3,3,0.5,avg_negative_log,10,0.001,0.9,,234,34,438,0.05505279034690799,True,0.0,True,10.0,0.5,additive,True
0.3610366398570152,0.35989256938227393,1.0,0.5292955892034233,original,SKAB,fold_2,123,4,3,3,0.5,avg_negative_log,10,0.001,0.9,,234,34,438,0.05505279034690799,True,0.0,True,10.0,0.5,additive,True
0.3610366398570152,0.35989256938227393,1.0,0.5292955892034233,gaussian_noise,SKAB,fold_2,123,4,3,3,0.5,avg_negative_log,10,0.001,0.9,,234,34,438,0.05505279034690799,True,0.0,True,10.0,0.5,additive,True
0.3610366398570152,0.35989256938227393,1.0,0.5292955892034233,original,SKAB,fold_2,2026,4,3,3,0.5,avg_negative_log,10,0.001,0.9,,234,34,438,0.05505279034690799,True,0.0,True,10.0,0.5,additive,True
0.3610366398570152,0.35989256938227393,1.0,0.5292955892034233,gaussian_noise,SKAB,fold_2,2026,4,3,3,0.5,avg_negative_log,10,0.001,0.9,,234,34,438,0.05505279034690799,True,0.0,True,10.0,0.5,additive,True
0.3610366398570152,0.35989256938227393,1.0,0.5292955892034233,original,SKAB,fold_2,7,4,3,3,0.5,avg_negative_log,10,0.001,0.9,,234,34,438,0.05505279034690799,True,0.0,True,10.0,0.5,additive,True
0.3610366398570152,0.35989256938227393,1.0,0.5292955892034233,gaussian_noise,SKAB,fold_2,7,4,3,3,0.5,avg_negative_log,10,0.001,0.9,,234,34,438,0.05505279034690799,True,0.0,True,10.0,0.5,additive,True
0.3610366398570152,0.35989256938227393,1.0,0.5292955892034233,original,SKAB,fold_2,999,4,3,3,0.5,avg_negative_log,10,0.001,0.9,,234,34,438,0.05505279034690799,True,0.0,True,10.0,0.5,additive,True
0.3610366398570152,0.35989256938227393,1.0,0.5292955892034233,gaussian_noise,SKAB,fold_2,999,4,3,3,0.5,avg_negative_log,10,0.001,0.9,,234,34,438,0.05505279034690799,True,0.0,True,10.0,0.5,additive,True
0.3583556747095621,0.35720680393912263,1.0,0.5263852242744064,original,SKAB,fold_3,42,4,3,3,0.5,avg_negative_log,10,0.001,0.9,,243,37,440,0.048937826715604496,True,0.0,True,10.0,0.5,additive,True
0.3583556747095621,0.35720680393912263,1.0,0.5263852242744064,gaussian_noise,SKAB,fold_3,42,4,3,3,0.5,avg_negative_log,10,0.001,0.9,,243,37,440,0.048937826715604496,True,0.0,True,10.0,0.5,additive,True
0.3583556747095621,0.35720680393912263,1.0,0.5263852242744064,original,SKAB,fold_3,123,4,3,3,0.5,avg_negative_log,10,0.001,0.9,,243,37,440,0.048937826715604496,True,0.0,True,10.0,0.5,additive,True
0.3583556747095621,0.35720680393912263,1.0,0.5263852242744064,gaussian_noise,SKAB,fold_3,123,4,3,3,0.5,avg_negative_log,10,0.001,0.9,,243,37,440,0.048937826715604496,True,0.0,True,10.0,0.5,additive,True
0.3583556747095621,0.35720680393912263,1.0,0.5263852242744064,original,SKAB,fold_3,2026,4,3,3,0.5,avg_negative_log,10,0.001,0.9,,243,37,440,0.048937826715604496,True,0.0,True,10.0,0.5,additive,True
0.3583556747095621,0.35720680393912263,1.0,0.5263852242744064,gaussian_noise,SKAB,fold_3,2026,4,3,3,0.5,avg_negative_log,10,0.001,0.9,,243,37,440,0.048937826715604496,True,0.0,True,10.0,0.5,additive,True
0.3583556747095621,0.35720680393912263,1.0,0.5263852242744064,original,SKAB,fold_3,7,4,3,3,0.5,avg_negative_log,10,0.001,0.9,,243,37,440,0.048937826715604496,True,0.0,True,10.0,0.5,additive,True
0.3583556747095621,0.35720680393912263,1.0,0.5263852242744064,gaussian_noise,SKAB,fold_3,7,4,3,3,0.5,avg_negative_log,10,0.001,0.9,,243,37,440,0.048937826715604496,True,0.0,True,10.0,0.5,additive,True
0.3583556747095621,0.35720680393912263,1.0,0.5263852242744064,original,SKAB,fold_3,999,4,3,3,0.5,avg_negative_log,10,0.001,0.9,,243,37,440,0.048937826715604496,True,0.0,True,10.0,0.5,additive,True
0.3583556747095621,0.35720680393912263,1.0,0.5263852242744064,gaussian_noise,SKAB,fold_3,999,4,3,3,0.5,avg_negative_log,10,0.001,0.9,,243,37,440,0.048937826715604496,True,0.0,True,10.0,0.5,additive,True
0.3632246376811594,0.3620689655172414,1.0,0.5316455696202531,original,SKAB,fold_4,42,4,3,3,0.5,avg_negative_log,10,0.001,0.9,,241,36,449,0.05175195942830797,True,0.0,True,10.0,0.5,additive,True
0.3632246376811594,0.3620689655172414,1.0,0.5316455696202531,gaussian_noise,SKAB,fold_4,42,4,3,3,0.5,avg_negative_log,10,0.001,0.9,,241,36,449,0.05175195942830797,True,0.0,True,10.0,0.5,additive,True
0.3632246376811594,0.3620689655172414,1.0,0.5316455696202531,original,SKAB,fold_4,123,4,3,3,0.5,avg_negative_log,10,0.001,0.9,,241,36,449,0.05175195942830797,True,0.0,True,10.0,0.5,additive,True
0.3632246376811594,0.3620689655172414,1.0,0.5316455696202531,gaussian_noise,SKAB,fold_4,123,4,3,3,0.5,avg_negative_log,10,0.001,0.9,,241,36,449,0.05175195942830797,True,0.0,True,10.0,0.5,additive,True
0.3632246376811594,0.3620689655172414,1.0,0.5316455696202531,original,SKAB,fold_4,2026,4,3,3,0.5,avg_negative_log,10,0.001,0.9,,241,36,449,0.05175195942830797,True,0.0,True,10.0,0.5,additive,True
0.3632246376811594,0.3620689655172414,1.0,0.5316455696202531,gaussian_noise,SKAB,fold_4,2026,4,3,3,0.5,avg_negative_log,10,0.001,0.9,,241,36,449,0.05175195942830797,True,0.0,True,10.0,0.5,additive,True
0.3632246376811594,0.3620689655172414,1.0,0.5316455696202531,original,SKAB,fold_4,7,4,3,3,0.5,avg_negative_log,10,0.001,0.9,,241,36,449,0.05175195942830797,True,0.0,True,10.0,0.5,additive,True
0.3632246376811594,0.3620689655172414,1.0,0.5316455696202531,gaussian_noise,SKAB,fold_4,7,4,3,3,0.5,avg_negative_log,10,0.001,0.9,,241,36,449,0.05175195942830797,True,0.0,True,10.0,0.5,additive,True
0.3632246376811594,0.3620689655172414,1.0,0.5316455696202531,original,SKAB,fold_4,999,4,3,3,0.5,avg_negative_log,10,0.001,0.9,,241,36,449,0.05175195942830797,True,0.0,True,10.0,0.5,additive,True
0.3632246376811594,0.3620689655172414,1.0,0.5316455696202531,gaussian_noise,SKAB,fold_4,999,4,3,3,0.5,avg_negative_log,10,0.001,0.9,,241,36,449,0.05175195942830797,True,0.0,True,10.0,0.5,additive,True
0.35455349248452694,0.3534100974313552,1.0,0.5222513089005235,original,SKAB,fold_5,42,4,3,3,0.5,avg_negative_log,10,0.001,0.9,,225,36,389,0.048024691358024695,True,0.0,True,10.0,0.5,additive,True
0.35455349248452694,0.3534100974313552,1.0,0.5222513089005235,gaussian_noise,SKAB,fold_5,42,4,3,3,0.5,avg_negative_log,10,0.001,0.9,,225,36,389,0.048024691358024695,True,0.0,True,10.0,0.5,additive,True
0.35455349248452694,0.3534100974313552,1.0,0.5222513089005235,original,SKAB,fold_5,123,4,3,3,0.5,avg_negative_log,10,0.001,0.9,,225,36,389,0.048024691358024695,True,0.0,True,10.0,0.5,additive,True
0.35455349248452694,0.3534100974313552,1.0,0.5222513089005235,gaussian_noise,SKAB,fold_5,123,4,3,3,0.5,avg_negative_log,10,0.001,0.9,,225,36,389,0.048024691358024695,True,0.0,True,10.0,0.5,additive,True
0.35455349248452694,0.3534100974313552,1.0,0.5222513089005235,original,SKAB,fold_5,2026,4,3,3,0.5,avg_negative_log,10,0.001,0.9,,225,36,389,0.048024691358024695,True,0.0,True,10.0,0.5,additive,True
0.35455349248452694,0.3534100974313552,1.0,0.5222513089005235,gaussian_noise,SKAB,fold_5,2026,4,3,3,0.5,avg_negative_log,10,0.001,0.9,,225,36,389,0.048024691358024695,True,0.0,True,10.0,0.5,additive,True
0.35455349248452694,0.3534100974313552,1.0,0.5222513089005235,original,SKAB,fold_5,7,4,3,3,0.5,avg_negative_log,10,0.001,0.9,,225,36,389,0.048024691358024695,True,0.0,True,10.0,0.5,additive,True
0.35455349248452694,0.3534100974313552,1.0,0.5222513089005235,gaussian_noise,SKAB,fold_5,7,4,3,3,0.5,avg_negative_log,10,0.001,0.9,,225,36,389,0.048024691358024695,True,0.0,True,10.0,0.5,additive,True
0.35455349248452694,0.3534100974313552,1.0,0.5222513089005235,original,SKAB,fold_5,999,4,3,3,0.5,avg_negative_log,10,0.001,0.9,,225,36,389,0.048024691358024695,True,0.0,True,10.0,0.5,additive,True
0.35455349248452694,0.3534100974313552,1.0,0.5222513089005235,gaussian_noise,SKAB,fold_5,999,4,3,3,0.5,avg_negative_log,10,0.001,0.9,,225,36,389,0.048024691358024695,True,0.0,True,10.0,0.5,additive,True
0.358860195903829,0.3577163247100803,1.0,0.5269382391590013,original,SKAB,fold_1,42,4,3,3,0.5,avg_negative_log,10,0.005,0.9,,225,35,400,0.050793650793650794,True,0.0,True,10.0,0.5,additive,True
0.358860195903829,0.3577163247100803,1.0,0.5269382391590013,gaussian_noise,SKAB,fold_1,42,4,3,3,0.5,avg_negative_log,10,0.005,0.9,,225,35,400,0.050793650793650794,True,0.0,True,10.0,0.5,additive,True
0.358860195903829,0.3577163247100803,1.0,0.5269382391590013,original,SKAB,fold_1,123,4,3,3,0.5,avg_negative_log,10,0.005,0.9,,225,35,400,0.050793650793650794,True,0.0,True,10.0,0.5,additive,True
0.358860195903829,0.3577163247100803,1.0,0.5269382391590013,gaussian_noise,SKAB,fold_1,123,4,3,3,0.5,avg_negative_log,10,0.005,0.9,,225,35,400,0.050793650793650794,True,0.0,True,10.0,0.5,additive,True
0.358860195903829,0.3577163247100803,1.0,0.5269382391590013,original,SKAB,fold_1,2026,4,3,3,0.5,avg_negative_log,10,0.005,0.9,,225,35,400,0.050793650793650794,True,0.0,True,10.0,0.5,additive,True
0.358860195903829,0.3577163247100803,1.0,0.5269382391590013,gaussian_noise,SKAB,fold_1,2026,4,3,3,0.5,avg_negative_log,10,0.005,0.9,,225,35,400,0.050793650793650794,True,0.0,True,10.0,0.5,additive,True
0.358860195903829,0.3577163247100803,1.0,0.5269382391590013,original,SKAB,fold_1,7,4,3,3,0.5,avg_negative_log,10,0.005,0.9,,225,35,400,0.050793650793650794,True,0.0,True,10.0,0.5,additive,True
0.358860195903829,0.3577163247100803,1.0,0.5269382391590013,gaussian_noise,SKAB,fold_1,7,4,3,3,0.5,avg_negative_log,10,0.005,0.9,,225,35,400,0.050793650793650794,True,0.0,True,10.0,0.5,additive,True
0.358860195903829,0.3577163247100803,1.0,0.5269382391590013,original,SKAB,fold_1,999,4,3,3,0.5,avg_negative_log,10,0.005,0.9,,225,35,400,0.050793650793650794,True,0.0,True,10.0,0.5,additive,True
0.358860195903829,0.3577163247100803,1.0,0.5269382391590013,gaussian_noise,SKAB,fold_1,999,4,3,3,0.5,avg_negative_log,10,0.005,0.9,,225,35,400,0.050793650793650794,True,0.0,True,10.0,0.5,additive,True
0.3610366398570152,0.35989256938227393,1.0,0.5292955892034233,original,SKAB,fold_2,42,4,3,3,0.5,avg_negative_log,10,0.005,0.9,,234,34,438,0.05505279034690799,True,0.0,True,10.0,0.5,additive,True
0.3610366398570152,0.35989256938227393,1.0,0.5292955892034233,gaussian_noise,SKAB,fold_2,42,4,3,3,0.5,avg_negative_log,10,0.005,0.9,,234,34,438,0.05505279034690799,True,0.0,True,10.0,0.5,additive,True
0.3610366398570152,0.35989256938227393,1.0,0.5292955892034233,original,SKAB,fold_2,123,4,3,3,0.5,avg_negative_log,10,0.005,0.9,,234,34,438,0.05505279034690799,True,0.0,True,10.0,0.5,additive,True
0.3610366398570152,0.35989256938227393,1.0,0.5292955892034233,gaussian_noise,SKAB,fold_2,123,4,3,3,0.5,avg_negative_log,10,0.005,0.9,,234,34,438,0.05505279034690799,True,0.0,True,10.0,0.5,additive,True
0.3610366398570152,0.35989256938227393,1.0,0.5292955892034233,original,SKAB,fold_2,2026,4,3,3,0.5,avg_negative_log,10,0.005,0.9,,234,34,438,0.05505279034690799,True,0.0,True,10.0,0.5,additive,True
0.3610366398570152,0.35989256938227393,1.0,0.5292955892034233,gaussian_noise,SKAB,fold_2,2026,4,3,3,0.5,avg_negative_log,10,0.005,0.9,,234,34,438,0.05505279034690799,True,0.0,True,10.0,0.5,additive,True
0.3610366398570152,0.35989256938227393,1.0,0.5292955892034233,original,SKAB,fold_2,7,4,3,3,0.5,avg_negative_log,10,0.005,0.9,,234,34,438,0.05505279034690799,True,0.0,True,10.0,0.5,additive,True
0.3610366398570152,0.35989256938227393,1.0,0.5292955892034233,gaussian_noise,SKAB,fold_2,7,4,3,3,0.5,avg_negative_log,10,0.005,0.9,,234,34,438,0.05505279034690799,True,0.0,True,10.0,0.5,additive,True
0.3610366398570152,0.35989256938227393,1.0,0.5292955892034233,original,SKAB,fold_2,999,4,3,3,0.5,avg_negative_log,10,0.005,0.9,,234,34,438,0.05505279034690799,True,0.0,True,10.0,0.5,additive,True
0.3610366398570152,0.35989256938227393,1.0,0.5292955892034233,gaussian_noise,SKAB,fold_2,999,4,3,3,0.5,avg_negative_log,10,0.005,0.9,,234,34,438,0.05505279034690799,True,0.0,True,10.0,0.5,additive,True
0.3583556747095621,0.35720680393912263,1.0,0.5263852242744064,original,SKAB,fold_3,42,4,3,3,0.5,avg_negative_log,10,0.005,0.9,,243,37,440,0.048937826715604496,True,0.0,True,10.0,0.5,additive,True
0.3583556747095621,0.35720680393912263,1.0,0.5263852242744064,gaussian_noise,SKAB,fold_3,42,4,3,3,0.5,avg_negative_log,10,0.005,0.9,,243,37,440,0.048937826715604496,True,0.0,True,10.0,0.5,additive,True
0.3583556747095621,0.35720680393912263,1.0,0.5263852242744064,original,SKAB,fold_3,123,4,3,3,0.5,avg_negative_log,10,0.005,0.9,,243,37,440,0.048937826715604496,True,0.0,True,10.0,0.5,additive,True
0.3583556747095621,0.35720680393912263,1.0,0.5263852242744064,gaussian_noise,SKAB,fold_3,123,4,3,3,0.5,avg_negative_log,10,0.005,0.9,,243,37,440,0.048937826715604496,True,0.0,True,10.0,0.5,additive,True
0.3583556747095621,0.35720680393912263,1.0,0.5263852242744064,original,SKAB,fold_3,2026,4,3,3,0.5,avg_negative_log,10,0.005,0.9,,243,37,440,0.048937826715604496,True,0.0,True,10.0,0.5,additive,True
0.3583556747095621,0.35720680393912263,1.0,0.5263852242744064,gaussian_noise,SKAB,fold_3,2026,4,3,3,0.5,avg_negative_log,10,0.005,0.9,,243,37,440,0.048937826715604496,True,0.0,True,10.0,0.5,additive,True
0.3583556747095621,0.35720680393912263,1.0,0.5263852242744064,original,SKAB,fold_3,7,4,3,3,0.5,avg_negative_log,10,0.005,0.9,,243,37,440,0.048937826715604496,True,0.0,True,10.0,0.5,additive,True
0.3583556747095621,0.35720680393912263,1.0,0.5263852242744064,gaussian_noise,SKAB,fold_3,7,4,3,3,0.5,avg_negative_log,10,0.005,0.9,,243,37,440,0.048937826715604496,True,0.0,True,10.0,0.5,additive,True
0.3583556747095621,0.35720680393912263,1.0,0.5263852242744064,original,SKAB,fold_3,999,4,3,3,0.5,avg_negative_log,10,0.005,0.9,,243,37,440,0.048937826715604496,True,0.0,True,10.0,0.5,additive,True
0.3583556747095621,0.35720680393912263,1.0,0.5263852242744064,gaussian_noise,SKAB,fold_3,999,4,3,3,0.5,avg_negative_log,10,0.005,0.9,,243,37,440,0.048937826715604496,True,0.0,True,10.0,0.5,additive,True
0.3632246376811594,0.3620689655172414,1.0,0.5316455696202531,original,SKAB,fold_4,42,4,3,3,0.5,avg_negative_log,10,0.005,0.9,,241,36,449,0.05175195942830797,True,0.0,True,10.0,0.5,additive,True
0.3632246376811594,0.3620689655172414,1.0,0.5316455696202531,gaussian_noise,SKAB,fold_4,42,4,3,3,0.5,avg_negative_log,10,0.005,0.9,,241,36,449,0.05175195942830797,True,0.0,True,10.0,0.5,additive,True
0.3632246376811594,0.3620689655172414,1.0,0.5316455696202531,original,SKAB,fold_4,123,4,3,3,0.5,avg_negative_log,10,0.005,0.9,,241,36,449,0.05175195942830797,True,0.0,True,10.0,0.5,additive,True
0.3632246376811594,0.3620689655172414,1.0,0.5316455696202531,gaussian_noise,SKAB,fold_4,123,4,3,3,0.5,avg_negative_log,10,0.005,0.9,,241,36,449,0.05175195942830797,True,0.0,True,10.0,0.5,additive,True
0.3632246376811594,0.3620689655172414,1.0,0.5316455696202531,original,SKAB,fold_4,2026,4,3,3,0.5,avg_negative_log,10,0.005,0.9,,241,36,449,0.05175195942830797,True,0.0,True,10.0,0.5,additive,True
0.3632246376811594,0.3620689655172414,1.0,0.5316455696202531,gaussian_noise,SKAB,fold_4,2026,4,3,3,0.5,avg_negative_log,10,0.005,0.9,,241,36,449,0.05175195942830797,True,0.0,True,10.0,0.5,additive,True
0.3632246376811594,0.3620689655172414,1.0,0.5316455696202531,original,SKAB,fold_4,7,4,3,3,0.5,avg_negative_log,10,0.005,0.9,,241,36,449,0.05175195942830797,True,0.0,True,10.0,0.5,additive,True
0.3632246376811594,0.3620689655172414,1.0,0.5316455696202531,gaussian_noise,SKAB,fold_4,7,4,3,3,0.5,avg_negative_log,10,0.005,0.9,,241,36,449,0.05175195942830797,True,0.0,True,10.0,0.5,additive,True
0.3632246376811594,0.3620689655172414,1.0,0.5316455696202531,original,SKAB,fold_4,999,4,3,3,0.5,avg_negative_log,10,0.005,0.9,,241,36,449,0.05175195942830797,True,0.0,True,10.0,0.5,additive,True
0.3632246376811594,0.3620689655172414,1.0,0.5316455696202531,gaussian_noise,SKAB,fold_4,999,4,3,3,0.5,avg_negative_log,10,0.005,0.9,,241,36,449,0.05175195942830797,True,0.0,True,10.0,0.5,additive,True
0.35455349248452694,0.3534100974313552,1.0,0.5222513089005235,original,SKAB,fold_5,42,4,3,3,0.5,avg_negative_log,10,0.005,0.9,,225,36,389,0.048024691358024695,True,0.0,True,10.0,0.5,additive,True
0.35455349248452694,0.3534100974313552,1.0,0.5222513089005235,gaussian_noise,SKAB,fold_5,42,4,3,3,0.5,avg_negative_log,10,0.005,0.9,,225,36,389,0.048024691358024695,True,0.0,True,10.0,0.5,additive,True
0.35455349248452694,0.3534100974313552,1.0,0.5222513089005235,original,SKAB,fold_5,123,4,3,3,0.5,avg_negative_log,10,0.005,0.9,,225,36,389,0.048024691358024695,True,0.0,True,10.0,0.5,additive,True
0.35455349248452694,0.3534100974313552,1.0,0.5222513089005235,gaussian_noise,SKAB,fold_5,123,4,3,3,0.5,avg_negative_log,10,0.005,0.9,,225,36,389,0.048024691358024695,True,0.0,True,10.0,0.5,additive,True
0.35455349248452694,0.3534100974313552,1.0,0.5222513089005235,original,SKAB,fold_5,2026,4,3,3,0.5,avg_negative_log,10,0.005,0.9,,225,36,389,0.048024691358024695,True,0.0,True,10.0,0.5,additive,True
0.35455349248452694,0.3534100974313552,1.0,0.5222513089005235,gaussian_noise,SKAB,fold_5,2026,4,3,3,0.5,avg_negative_log,10,0.005,0.9,,225,36,389,0.048024691358024695,True,0.0,True,10.0,0.5,additive,True
0.35455349248452694,0.3534100974313552,1.0,0.5222513089005235,original,SKAB,fold_5,7,4,3,3,0.5,avg_negative_log,10,0.005,0.9,,225,36,389,0.048024691358024695,True,0.0,True,10.0,0.5,additive,True
0.35455349248452694,0.3534100974313552,1.0,0.5222513089005235,gaussian_noise,SKAB,fold_5,7,4,3,3,0.5,avg_negative_log,10,0.005,0.9,,225,36,389,0.048024691358024695,True,0.0,True,10.0,0.5,additive,True
0.35455349248452694,0.3534100974313552,1.0,0.5222513089005235,original,SKAB,fold_5,999,4,3,3,0.5,avg_negative_log,10,0.005,0.9,,225,36,389,0.048024691358024695,True,0.0,True,10.0,0.5,additive,True
0.35455349248452694,0.3534100974313552,1.0,0.5222513089005235,gaussian_noise,SKAB,fold_5,999,4,3,3,0.5,avg_negative_log,10,0.005,0.9,,225,36,389,0.048024691358024695,True,0.0,True,10.0,0.5,additive,True
0.358860195903829,0.3577163247100803,1.0,0.5269382391590013,original,SKAB,fold_1,42,4,3,3,0.5,avg_negative_log,10,0.01,0.9,,225,35,400,0.050793650793650794,True,0.0,True,10.0,0.5,additive,True
0.358860195903829,0.3577163247100803,1.0,0.5269382391590013,gaussian_noise,SKAB,fold_1,42,4,3,3,0.5,avg_negative_log,10,0.01,0.9,,225,35,400,0.050793650793650794,True,0.0,True,10.0,0.5,additive,True
0.358860195903829,0.3577163247100803,1.0,0.5269382391590013,original,SKAB,fold_1,123,4,3,3,0.5,avg_negative_log,10,0.01,0.9,,225,35,400,0.050793650793650794,True,0.0,True,10.0,0.5,additive,True
0.358860195903829,0.3577163247100803,1.0,0.5269382391590013,gaussian_noise,SKAB,fold_1,123,4,3,3,0.5,avg_negative_log,10,0.01,0.9,,225,35,400,0.050793650793650794,True,0.0,True,10.0,0.5,additive,True
0.358860195903829,0.3577163247100803,1.0,0.5269382391590013,original,SKAB,fold_1,2026,4,3,3,0.5,avg_negative_log,10,0.01,0.9,,225,35,400,0.050793650793650794,True,0.0,True,10.0,0.5,additive,True
0.358860195903829,0.3577163247100803,1.0,0.5269382391590013,gaussian_noise,SKAB,fold_1,2026,4,3,3,0.5,avg_negative_log,10,0.01,0.9,,225,35,400,0.050793650793650794,True,0.0,True,10.0,0.5,additive,True
0.358860195903829,0.3577163247100803,1.0,0.5269382391590013,original,SKAB,fold_1,7,4,3,3,0.5,avg_negative_log,10,0.01,0.9,,225,35,400,0.050793650793650794,True,0.0,True,10.0,0.5,additive,True
0.358860195903829,0.3577163247100803,1.0,0.5269382391590013,gaussian_noise,SKAB,fold_1,7,4,3,3,0.5,avg_negative_log,10,0.01,0.9,,225,35,400,0.050793650793650794,True,0.0,True,10.0,0.5,additive,True
0.358860195903829,0.3577163247100803,1.0,0.5269382391590013,original,SKAB,fold_1,999,4,3,3,0.5,avg_negative_log,10,0.01,0.9,,225,35,400,0.050793650793650794,True,0.0,True,10.0,0.5,additive,True
0.358860195903829,0.3577163247100803,1.0,0.5269382391590013,gaussian_noise,SKAB,fold_1,999,4,3,3,0.5,avg_negative_log,10,0.01,0.9,,225,35,400,0.050793650793650794,True,0.0,True,10.0,0.5,additive,True
0.3610366398570152,0.35989256938227393,1.0,0.5292955892034233,original,SKAB,fold_2,42,4,3,3,0.5,avg_negative_log,10,0.01,0.9,,234,34,438,0.05505279034690799,True,0.0,True,10.0,0.5,additive,True
0.3610366398570152,0.35989256938227393,1.0,0.5292955892034233,gaussian_noise,SKAB,fold_2,42,4,3,3,0.5,avg_negative_log,10,0.01,0.9,,234,34,438,0.05505279034690799,True,0.0,True,10.0,0.5,additive,True
0.3610366398570152,0.35989256938227393,1.0,0.5292955892034233,original,SKAB,fold_2,123,4,3,3,0.5,avg_negative_log,10,0.01,0.9,,234,34,438,0.05505279034690799,True,0.0,True,10.0,0.5,additive,True
0.3610366398570152,0.35989256938227393,1.0,0.5292955892034233,gaussian_noise,SKAB,fold_2,123,4,3,3,0.5,avg_negative_log,10,0.01,0.9,,234,34,438,0.05505279034690799,True,0.0,True,10.0,0.5,additive,True
0.3610366398570152,0.35989256938227393,1.0,0.5292955892034233,original,SKAB,fold_2,2026,4,3,3,0.5,avg_negative_log,10,0.01,0.9,,234,34,438,0.05505279034690799,True,0.0,True,10.0,0.5,additive,True
0.3610366398570152,0.35989256938227393,1.0,0.5292955892034233,gaussian_noise,SKAB,fold_2,2026,4,3,3,0.5,avg_negative_log,10,0.01,0.9,,234,34,438,0.05505279034690799,True,0.0,True,10.0,0.5,additive,True
0.3610366398570152,0.35989256938227393,1.0,0.5292955892034233,original,SKAB,fold_2,7,4,3,3,0.5,avg_negative_log,10,0.01,0.9,,234,34,438,0.05505279034690799,True,0.0,True,10.0,0.5,additive,True
0.3610366398570152,0.35989256938227393,1.0,0.5292955892034233,gaussian_noise,SKAB,fold_2,7,4,3,3,0.5,avg_negative_log,10,0.01,0.9,,234,34,438,0.05505279034690799,True,0.0,True,10.0,0.5,additive,True
0.3610366398570152,0.35989256938227393,1.0,0.5292955892034233,original,SKAB,fold_2,999,4,3,3,0.5,avg_negative_log,10,0.01,0.9,,234,34,438,0.05505279034690799,True,0.0,True,10.0,0.5,additive,True
0.3610366398570152,0.35989256938227393,1.0,0.5292955892034233,gaussian_noise,SKAB,fold_2,999,4,3,3,0.5,avg_negative_log,10,0.01,0.9,,234,34,438,0.05505279034690799,True,0.0,True,10.0,0.5,additive,True
0.3583556747095621,0.35720680393912263,1.0,0.5263852242744064,original,SKAB,fold_3,42,4,3,3,0.5,avg_negative_log,10,0.01,0.9,,243,37,440,0.048937826715604496,True,0.0,True,10.0,0.5,additive,True
0.3583556747095621,0.35720680393912263,1.0,0.5263852242744064,gaussian_noise,SKAB,fold_3,42,4,3,3,0.5,avg_negative_log,10,0.01,0.9,,243,37,440,0.048937826715604496,True,0.0,True,10.0,0.5,additive,True
0.3583556747095621,0.35720680393912263,1.0,0.5263852242744064,original,SKAB,fold_3,123,4,3,3,0.5,avg_negative_log,10,0.01,0.9,,243,37,440,0.048937826715604496,True,0.0,True,10.0,0.5,additive,True
0.3583556747095621,0.35720680393912263,1.0,0.5263852242744064,gaussian_noise,SKAB,fold_3,123,4,3,3,0.5,avg_negative_log,10,0.01,0.9,,243,37,440,0.048937826715604496,True,0.0,True,10.0,0.5,additive,True
0.3583556747095621,0.35720680393912263,1.0,0.5263852242744064,original,SKAB,fold_3,2026,4,3,3,0.5,avg_negative_log,10,0.01,0.9,,243,37,440,0.048937826715604496,True,0.0,True,10.0,0.5,additive,True
0.3583556747095621,0.35720680393912263,1.0,0.5263852242744064,gaussian_noise,SKAB,fold_3,2026,4,3,3,0.5,avg_negative_log,10,0.01,0.9,,243,37,440,0.048937826715604496,True,0.0,True,10.0,0.5,additive,True
0.3583556747095621,0.35720680393912263,1.0,0.5263852242744064,original,SKAB,fold_3,7,4,3,3,0.5,avg_negative_log,10,0.01,0.9,,243,37,440,0.048937826715604496,True,0.0,True,10.0,0.5,additive,True
0.3583556747095621,0.35720680393912263,1.0,0.5263852242744064,gaussian_noise,SKAB,fold_3,7,4,3,3,0.5,avg_negative_log,10,0.01,0.9,,243,37,440,0.048937826715604496,True,0.0,True,10.0,0.5,additive,True
0.3583556747095621,0.35720680393912263,1.0,0.5263852242744064,original,SKAB,fold_3,999,4,3,3,0.5,avg_negative_log,10,0.01,0.9,,243,37,440,0.048937826715604496,True,0.0,True,10.0,0.5,additive,True
0.3583556747095621,0.35720680393912263,1.0,0.5263852242744064,gaussian_noise,SKAB,fold_3,999,4,3,3,0.5,avg_negative_log,10,0.01,0.9,,243,37,440,0.048937826715604496,True,0.0,True,10.0,0.5,additive,True
0.3632246376811594,0.3620689655172414,1.0,0.5316455696202531,original,SKAB,fold_4,42,4,3,3,0.5,avg_negative_log,10,0.01,0.9,,241,36,449,0.05175195942830797,True,0.0,True,10.0,0.5,additive,True
0.3632246376811594,0.3620689655172414,1.0,0.5316455696202531,gaussian_noise,SKAB,fold_4,42,4,3,3,0.5,avg_negative_log,10,0.01,0.9,,241,36,449,0.05175195942830797,True,0.0,True,10.0,0.5,additive,True
0.3632246376811594,0.3620689655172414,1.0,0.5316455696202531,original,SKAB,fold_4,123,4,3,3,0.5,avg_negative_log,10,0.01,0.9,,241,36,449,0.05175195942830797,True,0.0,True,10.0,0.5,additive,True
0.3632246376811594,0.3620689655172414,1.0,0.5316455696202531,gaussian_noise,SKAB,fold_4,123,4,3,3,0.5,avg_negative_log,10,0.01,0.9,,241,36,449,0.05175195942830797,True,0.0,True,10.0,0.5,additive,True
0.3632246376811594,0.3620689655172414,1.0,0.5316455696202531,original,SKAB,fold_4,2026,4,3,3,0.5,avg_negative_log,10,0.01,0.9,,241,36,449,0.05175195942830797,True,0.0,True,10.0,0.5,additive,True
0.3632246376811594,0.3620689655172414,1.0,0.5316455696202531,gaussian_noise,SKAB,fold_4,2026,4,3,3,0.5,avg_negative_log,10,0.01,0.9,,241,36,449,0.05175195942830797,True,0.0,True,10.0,0.5,additive,True
0.3632246376811594,0.3620689655172414,1.0,0.5316455696202531,original,SKAB,fold_4,7,4,3,3,0.5,avg_negative_log,10,0.01,0.9,,241,36,449,0.05175195942830797,True,0.0,True,10.0,0.5,additive,True
0.3632246376811594,0.3620689655172414,1.0,0.5316455696202531,gaussian_noise,SKAB,fold_4,7,4,3,3,0.5,avg_negative_log,10,0.01,0.9,,241,36,449,0.05175195942830797,True,0.0,True,10.0,0.5,additive,True
0.3632246376811594,0.3620689655172414,1.0,0.5316455696202531,original,SKAB,fold_4,999,4,3,3,0.5,avg_negative_log,10,0.01,0.9,,241,36,449,0.05175195942830797,True,0.0,True,10.0,0.5,additive,True
0.3632246376811594,0.3620689655172414,1.0,0.5316455696202531,gaussian_noise,SKAB,fold_4,999,4,3,3,0.5,avg_negative_log,10,0.01,0.9,,241,36,449,0.05175195942830797,True,0.0,True,10.0,0.5,additive,True
0.35455349248452694,0.3534100974313552,1.0,0.5222513089005235,original,SKAB,fold_5,42,4,3,3,0.5,avg_negative_log,10,0.01,0.9,,225,36,389,0.048024691358024695,True,0.0,True,10.0,0.5,additive,True
0.35455349248452694,0.3534100974313552,1.0,0.5222513089005235,gaussian_noise,SKAB,fold_5,42,4,3,3,0.5,avg_negative_log,10,0.01,0.9,,225,36,389,0.048024691358024695,True,0.0,True,10.0,0.5,additive,True
0.35455349248452694,0.3534100974313552,1.0,0.5222513089005235,original,SKAB,fold_5,123,4,3,3,0.5,avg_negative_log,10,0.01,0.9,,225,36,389,0.048024691358024695,True,0.0,True,10.0,0.5,additive,True
0.35455349248452694,0.3534100974313552,1.0,0.5222513089005235,gaussian_noise,SKAB,fold_5,123,4,3,3,0.5,avg_negative_log,10,0.01,0.9,,225,36,389,0.048024691358024695,True,0.0,True,10.0,0.5,additive,True
0.35455349248452694,0.3534100974313552,1.0,0.5222513089005235,original,SKAB,fold_5,2026,4,3,3,0.5,avg_negative_log,10,0.01,0.9,,225,36,389,0.048024691358024695,True,0.0,True,10.0,0.5,additive,True
0.35455349248452694,0.3534100974313552,1.0,0.5222513089005235,gaussian_noise,SKAB,fold_5,2026,4,3,3,0.5,avg_negative_log,10,0.01,0.9,,225,36,389,0.048024691358024695,True,0.0,True,10.0,0.5,additive,True
0.35455349248452694,0.3534100974313552,1.0,0.5222513089005235,original,SKAB,fold_5,7,4,3,3,0.5,avg_negative_log,10,0.01,0.9,,225,36,389,0.048024691358024695,True,0.0,True,10.0,0.5,additive,True
0.35455349248452694,0.3534100974313552,1.0,0.5222513089005235,gaussian_noise,SKAB,fold_5,7,4,3,3,0.5,avg_negative_log,10,0.01,0.9,,225,36,389,0.048024691358024695,True,0.0,True,10.0,0.5,additive,True
0.35455349248452694,0.3534100974313552,1.0,0.5222513089005235,original,SKAB,fold_5,999,4,3,3,0.5,avg_negative_log,10,0.01,0.9,,225,36,389,0.048024691358024695,True,0.0,True,10.0,0.5,additive,True
0.35455349248452694,0.3534100974313552,1.0,0.5222513089005235,gaussian_noise,SKAB,fold_5,999,4,3,3,0.5,avg_negative_log,10,0.01,0.9,,225,36,389,0.048024691358024695,True,0.0,True,10.0,0.5,additive,True
0.6090828138913624,0.4773809523809524,1.0,0.6462530217566479,original,SKAB,fold_1,42,4,3,3,0.5,avg_negative_log,10,0.05,0.9,,225,35,400,0.050793650793650794,True,0.0,True,10.0,0.5,additive,True
0.6090828138913624,0.4773809523809524,1.0,0.6462530217566479,gaussian_noise,SKAB,fold_1,42,4,3,3,0.5,avg_negative_log,10,0.05,0.9,,225,35,400,0.050793650793650794,True,0.0,True,10.0,0.5,additive,True
0.6090828138913624,0.4773809523809524,1.0,0.6462530217566479,original,SKAB,fold_1,123,4,3,3,0.5,avg_negative_log,10,0.05,0.9,,225,35,400,0.050793650793650794,True,0.0,True,10.0,0.5,additive,True
0.6090828138913624,0.4773809523809524,1.0,0.6462530217566479,gaussian_noise,SKAB,fold_1,123,4,3,3,0.5,avg_negative_log,10,0.05,0.9,,225,35,400,0.050793650793650794,True,0.0,True,10.0,0.5,additive,True
0.6090828138913624,0.4773809523809524,1.0,0.6462530217566479,original,SKAB,fold_1,2026,4,3,3,0.5,avg_negative_log,10,0.05,0.9,,225,35,400,0.050793650793650794,True,0.0,True,10.0,0.5,additive,True
0.6090828138913624,0.4773809523809524,1.0,0.6462530217566479,gaussian_noise,SKAB,fold_1,2026,4,3,3,0.5,avg_negative_log,10,0.05,0.9,,225,35,400,0.050793650793650794,True,0.0,True,10.0,0.5,additive,True
0.6090828138913624,0.4773809523809524,1.0,0.6462530217566479,original,SKAB,fold_1,7,4,3,3,0.5,avg_negative_log,10,0.05,0.9,,225,35,400,0.050793650793650794,True,0.0,True,10.0,0.5,additive,True
0.6090828138913624,0.4773809523809524,1.0,0.6462530217566479,gaussian_noise,SKAB,fold_1,7,4,3,3,0.5,avg_negative_log,10,0.05,0.9,,225,35,400,0.050793650793650794,True,0.0,True,10.0,0.5,additive,True
0.6090828138913624,0.4773809523809524,1.0,0.6462530217566479,original,SKAB,fold_1,999,4,3,3,0.5,avg_negative_log,10,0.05,0.9,,225,35,400,0.050793650793650794,True,0.0,True,10.0,0.5,additive,True
0.6090828138913624,0.4773809523809524,1.0,0.6462530217566479,gaussian_noise,SKAB,fold_1,999,4,3,3,0.5,avg_negative_log,10,0.05,0.9,,225,35,400,0.050793650793650794,True,0.0,True,10.0,0.5,additive,True
0.6112600536193029,0.48028673835125446,1.0,0.648910411622276,original,SKAB,fold_2,42,4,3,3,0.5,avg_negative_log,10,0.05,0.9,,234,34,438,0.05505279034690799,True,0.0,True,10.0,0.5,additive,True
0.6112600536193029,0.48028673835125446,1.0,0.648910411622276,gaussian_noise,SKAB,fold_2,42,4,3,3,0.5,avg_negative_log,10,0.05,0.9,,234,34,438,0.05505279034690799,True,0.0,True,10.0,0.5,additive,True
0.6112600536193029,0.48028673835125446,1.0,0.648910411622276,original,SKAB,fold_2,123,4,3,3,0.5,avg_negative_log,10,0.05,0.9,,234,34,438,0.05505279034690799,True,0.0,True,10.0,0.5,additive,True
0.6112600536193029,0.48028673835125446,1.0,0.648910411622276,gaussian_noise,SKAB,fold_2,123,4,3,3,0.5,avg_negative_log,10,0.05,0.9,,234,34,438,0.05505279034690799,True,0.0,True,10.0,0.5,additive,True
0.6112600536193029,0.48028673835125446,1.0,0.648910411622276,original,SKAB,fold_2,2026,4,3,3,0.5,avg_negative_log,10,0.05,0.9,,234,34,438,0.05505279034690799,True,0.0,True,10.0,0.5,additive,True
0.6112600536193029,0.48028673835125446,1.0,0.648910411622276,gaussian_noise,SKAB,fold_2,2026,4,3,3,0.5,avg_negative_log,10,0.05,0.9,,234,34,438,0.05505279034690799,True,0.0,True,10.0,0.5,additive,True
0.6112600536193029,0.48028673835125446,1.0,0.648910411622276,original,SKAB,fold_2,7,4,3,3,0.5,avg_negative_log,10,0.05,0.9,,234,34,438,0.05505279034690799,True,0.0,True,10.0,0.5,additive,True
0.6112600536193029,0.48028673835125446,1.0,0.648910411622276,gaussian_noise,SKAB,fold_2,7,4,3,3,0.5,avg_negative_log,10,0.05,0.9,,234,34,438,0.05505279034690799,True,0.0,True,10.0,0.5,additive,True
0.6112600536193029,0.48028673835125446,1.0,0.648910411622276,original,SKAB,fold_2,999,4,3,3,0.5,avg_negative_log,10,0.05,0.9,,234,34,438,0.05505279034690799,True,0.0,True,10.0,0.5,additive,True
0.6112600536193029,0.48028673835125446,1.0,0.648910411622276,gaussian_noise,SKAB,fold_2,999,4,3,3,0.5,avg_negative_log,10,0.05,0.9,,234,34,438,0.05505279034690799,True,0.0,True,10.0,0.5,additive,True
0.5853440571939231,0.4623406720741599,1.0,0.6323296354992076,original,SKAB,fold_3,42,4,3,3,0.5,avg_negative_log,10,0.05,0.9,,243,37,440,0.048937826715604496,True,0.0,True,10.0,0.5,additive,True
0.5853440571939231,0.4623406720741599,1.0,0.6323296354992076,gaussian_noise,SKAB,fold_3,42,4,3,3,0.5,avg_negative_log,10,0.05,0.9,,243,37,440,0.048937826715604496,True,0.0,True,10.0,0.5,additive,True
0.5853440571939231,0.4623406720741599,1.0,0.6323296354992076,original,SKAB,fold_3,123,4,3,3,0.5,avg_negative_log,10,0.05,0.9,,243,37,440,0.048937826715604496,True,0.0,True,10.0,0.5,additive,True
0.5853440571939231,0.4623406720741599,1.0,0.6323296354992076,gaussian_noise,SKAB,fold_3,123,4,3,3,0.5,avg_negative_log,10,0.05,0.9,,243,37,440,0.048937826715604496,True,0.0,True,10.0,0.5,additive,True
0.5853440571939231,0.4623406720741599,1.0,0.6323296354992076,original,SKAB,fold_3,2026,4,3,3,0.5,avg_negative_log,10,0.05,0.9,,243,37,440,0.048937826715604496,True,0.0,True,10.0,0.5,additive,True
0.5853440571939231,0.4623406720741599,1.0,0.6323296354992076,gaussian_noise,SKAB,fold_3,2026,4,3,3,0.5,avg_negative_log,10,0.05,0.9,,243,37,440,0.048937826715604496,True,0.0,True,10.0,0.5,additive,True
0.5853440571939231,0.4623406720741599,1.0,0.6323296354992076,original,SKAB,fold_3,7,4,3,3,0.5,avg_negative_log,10,0.05,0.9,,243,37,440,0.048937826715604496,True,0.0,True,10.0,0.5,additive,True
0.5853440571939231,0.4623406720741599,1.0,0.6323296354992076,gaussian_noise,SKAB,fold_3,7,4,3,3,0.5,avg_negative_log,10,0.05,0.9,,243,37,440,0.048937826715604496,True,0.0,True,10.0,0.5,additive,True
0.5853440571939231,0.4623406720741599,1.0,0.6323296354992076,original,SKAB,fold_3,999,4,3,3,0.5,avg_negative_log,10,0.05,0.9,,243,37,440,0.048937826715604496,True,0.0,True,10.0,0.5,additive,True
0.5853440571939231,0.4623406720741599,1.0,0.6323296354992076,gaussian_noise,SKAB,fold_3,999,4,3,3,0.5,avg_negative_log,10,0.05,0.9,,243,37,440,0.048937826715604496,True,0.0,True,10.0,0.5,additive,True
0.11594202898550725,0.1519903498190591,0.3157894736842105,0.20521172638436483,original,SKAB,fold_4,42,4,3,3,0.5,avg_negative_log,10,0.05,0.9,,241,36,449,0.05175195942830797,True,0.0,True,10.0,0.5,additive,True
0.11594202898550725,0.1519903498190591,0.3157894736842105,0.20521172638436483,gaussian_noise,SKAB,fold_4,42,4,3,3,0.5,avg_negative_log,10,0.05,0.9,,241,36,449,0.05175195942830797,True,0.0,True,10.0,0.5,additive,True
0.11594202898550725,0.1519903498190591,0.3157894736842105,0.20521172638436483,original,SKAB,fold_4,123,4,3,3,0.5,avg_negative_log,10,0.05,0.9,,241,36,449,0.05175195942830797,True,0.0,True,10.0,0.5,additive,True
0.11594202898550725,0.1519903498190591,0.3157894736842105,0.20521172638436483,gaussian_noise,SKAB,fold_4,123,4,3,3,0.5,avg_negative_log,10,0.05,0.9,,241,36,449,0.05175195942830797,True,0.0,True,10.0,0.5,additive,True
0.11594202898550725,0.1519903498190591,0.3157894736842105,0.20521172638436483,original,SKAB,fold_4,2026,4,3,3,0.5,avg_negative_log,10,0.05,0.9,,241,36,449,0.05175195942830797,True,0.0,True,10.0,0.5,additive,True
0.11594202898550725,0.1519903498190591,0.3157894736842105,0.20521172638436483,gaussian_noise,SKAB,fold_4,2026,4,3,3,0.5,avg_negative_log,10,0.05,0.9,,241,36,449,0.05175195942830797,True,0.0,True,10.0,0.5,additive,True
0.11594202898550725,0.1519903498190591,0.3157894736842105,0.20521172638436483,original,SKAB,fold_4,7,4,3,3,0.5,avg_negative_log,10,0.05,0.9,,241,36,449,0.05175195942830797,True,0.0,True,10.0,0.5,additive,True
0.11594202898550725,0.1519903498190591,0.3157894736842105,0.20521172638436483,gaussian_noise,SKAB,fold_4,7,4,3,3,0.5,avg_negative_log,10,0.05,0.9,,241,36,449,0.05175195942830797,True,0.0,True,10.0,0.5,additive,True
0.11594202898550725,0.1519903498190591,0.3157894736842105,0.20521172638436483,original,SKAB,fold_4,999,4,3,3,0.5,avg_negative_log,10,0.05,0.9,,241,36,449,0.05175195942830797,True,0.0,True,10.0,0.5,additive,True
0.11594202898550725,0.1519903498190591,0.3157894736842105,0.20521172638436483,gaussian_noise,SKAB,fold_4,999,4,3,3,0.5,avg_negative_log,10,0.05,0.9,,241,36,449,0.05175195942830797,True,0.0,True,10.0,0.5,additive,True
0.4367816091954023,0.38513513513513514,1.0,0.5560975609756098,original,SKAB,fold_5,42,4,3,3,0.5,avg_negative_log,10,0.05,0.9,,225,36,389,0.048024691358024695,True,0.0,True,10.0,0.5,additive,True
0.4350132625994695,0.38372093023255816,0.9924812030075187,0.5534591194968553,gaussian_noise,SKAB,fold_5,42,4,3,3,0.5,avg_negative_log,10,0.05,0.9,,225,36,389,0.048024691358024695,True,0.0,True,10.0,0.5,additive,True
0.4367816091954023,0.38513513513513514,1.0,0.5560975609756098,original,SKAB,fold_5,123,4,3,3,0.5,avg_negative_log,10,0.05,0.9,,225,36,389,0.048024691358024695,True,0.0,True,10.0,0.5,additive,True
0.4385499557913351,0.3858800773694391,1.0,0.5568736915561758,gaussian_noise,SKAB,fold_5,123,4,3,3,0.5,avg_negative_log,10,0.05,0.9,,225,36,389,0.048024691358024695,True,0.0,True,10.0,0.5,additive,True
0.4367816091954023,0.38513513513513514,1.0,0.5560975609756098,original,SKAB,fold_5,2026,4,3,3,0.5,avg_negative_log,10,0.05,0.9,,225,36,389,0.048024691358024695,True,0.0,True,10.0,0.5,additive,True
0.4367816091954023,0.38513513513513514,1.0,0.5560975609756098,gaussian_noise,SKAB,fold_5,2026,4,3,3,0.5,avg_negative_log,10,0.05,0.9,,225,36,389,0.048024691358024695,True,0.0,True,10.0,0.5,additive,True
0.4367816091954023,0.38513513513513514,1.0,0.5560975609756098,original,SKAB,fold_5,7,4,3,3,0.5,avg_negative_log,10,0.05,0.9,,225,36,389,0.048024691358024695,True,0.0,True,10.0,0.5,additive,True
0.42793987621573826,0.381453154875717,1.0,0.5522491349480969,gaussian_noise,SKAB,fold_5,7,4,3,3,0.5,avg_negative_log,10,0.05,0.9,,225,36,389,0.048024691358024695,True,0.0,True,10.0,0.5,additive,True
0.4367816091954023,0.38513513513513514,1.0,0.5560975609756098,original,SKAB,fold_5,999,4,3,3,0.5,avg_negative_log,10,0.05,0.9,,225,36,389,0.048024691358024695,True,0.0,True,10.0,0.5,additive,True
0.43412908930150307,0.3831231813773036,0.9899749373433584,0.5524475524475524,gaussian_noise,SKAB,fold_5,999,4,3,3,0.5,avg_negative_log,10,0.05,0.9,,225,36,389,0.048024691358024695,True,0.0,True,10.0,0.5,additive,True
0.4790739091718611,0.2676767676767677,0.26433915211970077,0.2659974905897114,original,SKAB,fold_1,42,4,3,3,0.5,avg_negative_log,10,0.1054,0.9,,225,35,400,0.050793650793650794,True,0.0,True,10.0,0.5,additive,True
0.4853072128227961,0.2803970223325062,0.2817955112219451,0.2810945273631841,gaussian_noise,SKAB,fold_1,42,4,3,3,0.5,avg_negative_log,10,0.1054,0.9,,225,35,400,0.050793650793650794,True,0.0,True,10.0,0.5,additive,True
0.4790739091718611,0.2676767676767677,0.26433915211970077,0.2659974905897114,original,SKAB,fold_1,123,4,3,3,0.5,avg_negative_log,10,0.1054,0.9,,225,35,400,0.050793650793650794,True,0.0,True,10.0,0.5,additive,True
0.4746215494211932,0.25831202046035806,0.2518703241895262,0.255050505050505,gaussian_noise,SKAB,fold_1,123,4,3,3,0.5,avg_negative_log,10,0.1054,0.9,,225,35,400,0.050793650793650794,True,0.0,True,10.0,0.5,additive,True
0.4790739091718611,0.2676767676767677,0.26433915211970077,0.2659974905897114,original,SKAB,fold_1,2026,4,3,3,0.5,avg_negative_log,10,0.1054,0.9,,225,35,400,0.050793650793650794,True,0.0,True,10.0,0.5,additive,True
0.4781834372217275,0.26582278481012656,0.26184538653366585,0.2638190954773869,gaussian_noise,SKAB,fold_1,2026,4,3,3,0.5,avg_negative_log,10,0.1054,0.9,,225,35,400,0.050793650793650794,True,0.0,True,10.0,0.5,additive,True
0.4790739091718611,0.2676767676767677,0.26433915211970077,0.2659974905897114,original,SKAB,fold_1,7,4,3,3,0.5,avg_negative_log,10,0.1054,0.9,,225,35,400,0.050793650793650794,True,0.0,True,10.0,0.5,additive,True
0.4790739091718611,0.2676767676767677,0.26433915211970077,0.2659974905897114,gaussian_noise,SKAB,fold_1,7,4,3,3,0.5,avg_negative_log,10,0.1054,0.9,,225,35,400,0.050793650793650794,True,0.0,True,10.0,0.5,additive,True
0.4790739091718611,0.2676767676767677,0.26433915211970077,0.2659974905897114,original,SKAB,fold_1,999,4,3,3,0.5,avg_negative_log,10,0.1054,0.9,,225,35,400,0.050793650793650794,True,0.0,True,10.0,0.5,additive,True
0.4781834372217275,0.26582278481012656,0.26184538653366585,0.2638190954773869,gaussian_noise,SKAB,fold_1,999,4,3,3,0.5,avg_negative_log,10,0.1054,0.9,,225,35,400,0.050793650793650794,True,0.0,True,10.0,0.5,additive,True
0.7462019660411081,0.6038732394366197,0.8532338308457711,0.7072164948453609,original,SKAB,fold_2,42,4,3,3,0.5,avg_negative_log,10,0.1054,0.9,,234,34,438,0.05505279034690799,True,0.0,True,10.0,0.5,additive,True
0.7605004468275246,0.6209386281588448,0.8557213930348259,0.7196652719665272,gaussian_noise,SKAB,fold_2,42,4,3,3,0.5,avg_negative_log,10,0.1054,0.9,,234,34,438,0.05505279034690799,True,0.0,True,10.0,0.5,additive,True
0.7462019660411081,0.6038732394366197,0.8532338308457711,0.7072164948453609,original,SKAB,fold_2,123,4,3,3,0.5,avg_negative_log,10,0.1054,0.9,,234,34,438,0.05505279034690799,True,0.0,True,10.0,0.5,additive,True
0.7479892761394102,0.6063829787234043,0.8507462686567164,0.7080745341614907,gaussian_noise,SKAB,fold_2,123,4,3,3,0.5,avg_negative_log,10,0.1054,0.9,,234,34,438,0.05505279034690799,True,0.0,True,10.0,0.5,additive,True
0.7462019660411081,0.6038732394366197,0.8532338308457711,0.7072164948453609,original,SKAB,fold_2,2026,4,3,3,0.5,avg_negative_log,10,0.1054,0.9,,234,34,438,0.05505279034690799,True,0.0,True,10.0,0.5,additive,True
0.7453083109919572,0.6006884681583476,0.8681592039800995,0.7100712105798576,gaussian_noise,SKAB,fold_2,2026,4,3,3,0.5,avg_negative_log,10,0.1054,0.9,,234,34,438,0.05505279034690799,True,0.0,True,10.0,0.5,additive,True
0.7462019660411081,0.6038732394366197,0.8532338308457711,0.7072164948453609,original,SKAB,fold_2,7,4,3,3,0.5,avg_negative_log,10,0.1054,0.9,,234,34,438,0.05505279034690799,True,0.0,True,10.0,0.5,additive,True
0.7470956210902592,0.6027633851468048,0.8681592039800995,0.7115188583078491,gaussian_noise,SKAB,fold_2,7,4,3,3,0.5,avg_negative_log,10,0.1054,0.9,,234,34,438,0.05505279034690799,True,0.0,True,10.0,0.5,additive,True
0.7462019660411081,0.6038732394366197,0.8532338308457711,0.7072164948453609,original,SKAB,fold_2,999,4,3,3,0.5,avg_negative_log,10,0.1054,0.9,,234,34,438,0.05505279034690799,True,0.0,True,10.0,0.5,additive,True
0.7444146559428061,0.6024734982332155,0.8482587064676617,0.7045454545454546,gaussian_noise,SKAB,fold_2,999,4,3,3,0.5,avg_negative_log,10,0.1054,0.9,,234,34,438,0.05505279034690799,True,0.0,True,10.0,0.5,additive,True
0.6166219839142091,0.4750830564784053,0.7167919799498746,0.5714285714285714,original,SKAB,fold_3,42,4,3,3,0.5,avg_negative_log,10,0.1054,0.9,,243,37,440,0.048937826715604496,True,0.0,True,10.0,0.5,additive,True
0.6201966041108132,0.4782608695652174,0.7167919799498746,0.5737211634904714,gaussian_noise,SKAB,fold_3,42,4,3,3,0.5,avg_negative_log,10,0.1054,0.9,,243,37,440,0.048937826715604496,True,0.0,True,10.0,0.5,additive,True
0.6166219839142091,0.4750830564784053,0.7167919799498746,0.5714285714285714,original,SKAB,fold_3,123,4,3,3,0.5,avg_negative_log,10,0.1054,0.9,,243,37,440,0.048937826715604496,True,0.0,True,10.0,0.5,additive,True
0.6041108132260947,0.4646302250803859,0.7243107769423559,0.5661116552399609,gaussian_noise,SKAB,fold_3,123,4,3,3,0.5,avg_negative_log,10,0.1054,0.9,,243,37,440,0.048937826715604496,True,0.0,True,10.0,0.5,additive,True
0.6166219839142091,0.4750830564784053,0.7167919799498746,0.5714285714285714,original,SKAB,fold_3,2026,4,3,3,0.5,avg_negative_log,10,0.1054,0.9,,243,37,440,0.048937826715604496,True,0.0,True,10.0,0.5,additive,True
0.6228775692582663,0.48171701112877585,0.7593984962406015,0.5894941634241245,gaussian_noise,SKAB,fold_3,2026,4,3,3,0.5,avg_negative_log,10,0.1054,0.9,,243,37,440,0.048937826715604496,True,0.0,True,10.0,0.5,additive,True
0.6166219839142091,0.4750830564784053,0.7167919799498746,0.5714285714285714,original,SKAB,fold_3,7,4,3,3,0.5,avg_negative_log,10,0.1054,0.9,,243,37,440,0.048937826715604496,True,0.0,True,10.0,0.5,additive,True
0.6300268096514745,0.4880382775119617,0.7669172932330827,0.5964912280701754,gaussian_noise,SKAB,fold_3,7,4,3,3,0.5,avg_negative_log,10,0.1054,0.9,,243,37,440,0.048937826715604496,True,0.0,True,10.0,0.5,additive,True
0.6166219839142091,0.4750830564784053,0.7167919799498746,0.5714285714285714,original,SKAB,fold_3,999,4,3,3,0.5,avg_negative_log,10,0.1054,0.9,,243,37,440,0.048937826715604496,True,0.0,True,10.0,0.5,additive,True
0.6157283288650581,0.47495961227786754,0.7368421052631579,0.5776031434184676,gaussian_noise,SKAB,fold_3,999,4,3,3,0.5,avg_negative_log,10,0.1054,0.9,,243,37,440,0.048937826715604496,True,0.0,True,10.0,0.5,additive,True
0.322463768115942,0.18558558558558558,0.2581453634085213,0.21593291404612158,original,SKAB,fold_4,42,4,3,3,0.5,avg_negative_log,10,0.1054,0.9,,241,36,449,0.05175195942830797,True,0.0,True,10.0,0.5,additive,True
0.29347826086956524,0.15798922800718132,0.22055137844611528,0.18410041841004185,gaussian_noise,SKAB,fold_4,42,4,3,3,0.5,avg_negative_log,10,0.1054,0.9,,241,36,449,0.05175195942830797,True,0.0,True,10.0,0.5,additive,True
0.322463768115942,0.18558558558558558,0.2581453634085213,0.21593291404612158,original,SKAB,fold_4,123,4,3,3,0.5,avg_negative_log,10,0.1054,0.9,,241,36,449,0.05175195942830797,True,0.0,True,10.0,0.5,additive,True
0.2980072463768116,0.15818181818181817,0.21804511278195488,0.1833508956796628,gaussian_noise,SKAB,fold_4,123,4,3,3,0.5,avg_negative_log,10,0.1054,0.9,,241,36,449,0.05175195942830797,True,0.0,True,10.0,0.5,additive,True
0.322463768115942,0.18558558558558558,0.2581453634085213,0.21593291404612158,original,SKAB,fold_4,2026,4,3,3,0.5,avg_negative_log,10,0.1054,0.9,,241,36,449,0.05175195942830797,True,0.0,True,10.0,0.5,additive,True
0.29528985507246375,0.15855855855855855,0.22055137844611528,0.18448637316561844,gaussian_noise,SKAB,fold_4,2026,4,3,3,0.5,avg_negative_log,10,0.1054,0.9,,241,36,449,0.05175195942830797,True,0.0,True,10.0,0.5,additive,True
0.322463768115942,0.18558558558558558,0.2581453634085213,0.21593291404612158,original,SKAB,fold_4,7,4,3,3,0.5,avg_negative_log,10,0.1054,0.9,,241,36,449,0.05175195942830797,True,0.0,True,10.0,0.5,additive,True
0.33242753623188404,0.18933823529411764,0.2581453634085213,0.21845174973488865,gaussian_noise,SKAB,fold_4,7,4,3,3,0.5,avg_negative_log,10,0.1054,0.9,,241,36,449,0.05175195942830797,True,0.0,True,10.0,0.5,additive,True
0.322463768115942,0.18558558558558558,0.2581453634085213,0.21593291404612158,original,SKAB,fold_4,999,4,3,3,0.5,avg_negative_log,10,0.1054,0.9,,241,36,449,0.05175195942830797,True,0.0,True,10.0,0.5,additive,True
0.3007246376811594,0.17789291882556132,0.2581453634085213,0.21063394683026584,gaussian_noise,SKAB,fold_4,999,4,3,3,0.5,avg_negative_log,10,0.1054,0.9,,241,36,449,0.05175195942830797,True,0.0,True,10.0,0.5,additive,True
0.5641025641025641,0.44730941704035876,1.0,0.6181254841208366,original,SKAB,fold_5,42,4,3,3,0.5,avg_negative_log,10,0.1054,0.9,,225,36,389,0.048024691358024695,True,0.0,True,10.0,0.5,additive,True
0.5499557913351016,0.43902439024390244,0.9924812030075187,0.6087624903920061,gaussian_noise,SKAB,fold_5,42,4,3,3,0.5,avg_negative_log,10,0.1054,0.9,,225,36,389,0.048024691358024695,True,0.0,True,10.0,0.5,additive,True
0.5641025641025641,0.44730941704035876,1.0,0.6181254841208366,original,SKAB,fold_5,123,4,3,3,0.5,avg_negative_log,10,0.1054,0.9,,225,36,389,0.048024691358024695,True,0.0,True,10.0,0.5,additive,True
0.5676392572944297,0.44932432432432434,1.0,0.62004662004662,gaussian_noise,SKAB,fold_5,123,4,3,3,0.5,avg_negative_log,10,0.1054,0.9,,225,36,389,0.048024691358024695,True,0.0,True,10.0,0.5,additive,True
0.5641025641025641,0.44730941704035876,1.0,0.6181254841208366,original,SKAB,fold_5,2026,4,3,3,0.5,avg_negative_log,10,0.1054,0.9,,225,36,389,0.048024691358024695,True,0.0,True,10.0,0.5,additive,True
0.5720601237842617,0.45186862967157415,1.0,0.6224648985959438,gaussian_noise,SKAB,fold_5,2026,4,3,3,0.5,avg_negative_log,10,0.1054,0.9,,225,36,389,0.048024691358024695,True,0.0,True,10.0,0.5,additive,True
0.5641025641025641,0.44730941704035876,1.0,0.6181254841208366,original,SKAB,fold_5,7,4,3,3,0.5,avg_negative_log,10,0.1054,0.9,,225,36,389,0.048024691358024695,True,0.0,True,10.0,0.5,additive,True
0.5517241379310345,0.44039735099337746,1.0,0.6114942528735632,gaussian_noise,SKAB,fold_5,7,4,3,3,0.5,avg_negative_log,10,0.1054,0.9,,225,36,389,0.048024691358024695,True,0.0,True,10.0,0.5,additive,True
0.5641025641025641,0.44730941704035876,1.0,0.6181254841208366,original,SKAB,fold_5,999,4,3,3,0.5,avg_negative_log,10,0.1054,0.9,,225,36,389,0.048024691358024695,True,0.0,True,10.0,0.5,additive,True
0.5579133510167993,0.44332210998877664,0.9899749373433584,0.6124031007751938,gaussian_noise,SKAB,fold_5,999,4,3,3,0.5,avg_negative_log,10,0.1054,0.9,,225,36,389,0.048024691358024695,True,0.0,True,10.0,0.5,additive,True
0.705253784505788,0.7692307692307693,0.24937655860349128,0.3766478342749529,original,SKAB,fold_1,42,4,3,3,0.5,avg_negative_log,10,0.2231,0.9,,225,35,400,0.050793650793650794,True,0.0,True,10.0,0.5,additive,True
0.6981300089047195,0.7039473684210527,0.26683291770573564,0.38698010849909587,gaussian_noise,SKAB,fold_1,42,4,3,3,0.5,avg_negative_log,10,0.2231,0.9,,225,35,400,0.050793650793650794,True,0.0,True,10.0,0.5,additive,True
0.705253784505788,0.7692307692307693,0.24937655860349128,0.3766478342749529,original,SKAB,fold_1,123,4,3,3,0.5,avg_negative_log,10,0.2231,0.9,,225,35,400,0.050793650793650794,True,0.0,True,10.0,0.5,additive,True
0.7008014247551202,0.76,0.23690773067331672,0.3612167300380228,gaussian_noise,SKAB,fold_1,123,4,3,3,0.5,avg_negative_log,10,0.2231,0.9,,225,35,400,0.050793650793650794,True,0.0,True,10.0,0.5,additive,True
0.705253784505788,0.7692307692307693,0.24937655860349128,0.3766478342749529,original,SKAB,fold_1,2026,4,3,3,0.5,avg_negative_log,10,0.2231,0.9,,225,35,400,0.050793650793650794,True,0.0,True,10.0,0.5,additive,True
0.6794300979519146,0.6305732484076433,0.24688279301745636,0.3548387096774194,gaussian_noise,SKAB,fold_1,2026,4,3,3,0.5,avg_negative_log,10,0.2231,0.9,,225,35,400,0.050793650793650794,True,0.0,True,10.0,0.5,additive,True
0.705253784505788,0.7692307692307693,0.24937655860349128,0.3766478342749529,original,SKAB,fold_1,7,4,3,3,0.5,avg_negative_log,10,0.2231,0.9,,225,35,400,0.050793650793650794,True,0.0,True,10.0,0.5,additive,True
0.6918967052537845,0.6896551724137931,0.24937655860349128,0.3663003663003663,gaussian_noise,SKAB,fold_1,7,4,3,3,0.5,avg_negative_log,10,0.2231,0.9,,225,35,400,0.050793650793650794,True,0.0,True,10.0,0.5,additive,True
0.705253784505788,0.7692307692307693,0.24937655860349128,0.3766478342749529,original,SKAB,fold_1,999,4,3,3,0.5,avg_negative_log,10,0.2231,0.9,,225,35,400,0.050793650793650794,True,0.0,True,10.0,0.5,additive,True
0.703472840605521,0.765625,0.24438902743142144,0.3705103969754253,gaussian_noise,SKAB,fold_1,999,4,3,3,0.5,avg_negative_log,10,0.2231,0.9,,225,35,400,0.050793650793650794,True,0.0,True,10.0,0.5,additive,True
0.7497765862377123,0.6101083032490975,0.8407960199004975,0.7071129707112971,original,SKAB,fold_2,42,4,3,3,0.5,avg_negative_log,10,0.2231,0.9,,234,34,438,0.05505279034690799,True,0.0,True,10.0,0.5,additive,True
0.7640750670241286,0.6273062730627307,0.845771144278607,0.7203389830508474,gaussian_noise,SKAB,fold_2,42,4,3,3,0.5,avg_negative_log,10,0.2231,0.9,,234,34,438,0.05505279034690799,True,0.0,True,10.0,0.5,additive,True
0.7497765862377123,0.6101083032490975,0.8407960199004975,0.7071129707112971,original,SKAB,fold_2,123,4,3,3,0.5,avg_negative_log,10,0.2231,0.9,,234,34,438,0.05505279034690799,True,0.0,True,10.0,0.5,additive,True
0.7524575513851653,0.6130198915009042,0.8432835820895522,0.7099476439790576,gaussian_noise,SKAB,fold_2,123,4,3,3,0.5,avg_negative_log,10,0.2231,0.9,,234,34,438,0.05505279034690799,True,0.0,True,10.0,0.5,additive,True
0.7497765862377123,0.6101083032490975,0.8407960199004975,0.7071129707112971,original,SKAB,fold_2,2026,4,3,3,0.5,avg_negative_log,10,0.2231,0.9,,234,34,438,0.05505279034690799,True,0.0,True,10.0,0.5,additive,True
0.7497765862377123,0.6073943661971831,0.8582089552238806,0.711340206185567,gaussian_noise,SKAB,fold_2,2026,4,3,3,0.5,avg_negative_log,10,0.2231,0.9,,234,34,438,0.05505279034690799,True,0.0,True,10.0,0.5,additive,True
0.7497765862377123,0.6101083032490975,0.8407960199004975,0.7071129707112971,original,SKAB,fold_2,7,4,3,3,0.5,avg_negative_log,10,0.2231,0.9,,234,34,438,0.05505279034690799,True,0.0,True,10.0,0.5,additive,True
0.7515638963360143,0.6095406360424028,0.8582089552238806,0.7128099173553719,gaussian_noise,SKAB,fold_2,7,4,3,3,0.5,avg_negative_log,10,0.2231,0.9,,234,34,438,0.05505279034690799,True,0.0,True,10.0,0.5,additive,True
0.7497765862377123,0.6101083032490975,0.8407960199004975,0.7071129707112971,original,SKAB,fold_2,999,4,3,3,0.5,avg_negative_log,10,0.2231,0.9,,234,34,438,0.05505279034690799,True,0.0,True,10.0,0.5,additive,True
0.7479892761394102,0.6086956521739131,0.835820895522388,0.7044025157232704,gaussian_noise,SKAB,fold_2,999,4,3,3,0.5,avg_negative_log,10,0.2231,0.9,,234,34,438,0.05505279034690799,True,0.0,True,10.0,0.5,additive,True
0.612153708668454,0.4700854700854701,0.6892230576441103,0.5589430894308943,original,SKAB,fold_3,42,4,3,3,0.5,avg_negative_log,10,0.2231,0.9,,243,37,440,0.048937826715604496,True,0.0,True,10.0,0.5,additive,True
0.6148346738159071,0.4724137931034483,0.6867167919799498,0.5597548518896833,gaussian_noise,SKAB,fold_3,42,4,3,3,0.5,avg_negative_log,10,0.2231,0.9,,243,37,440,0.048937826715604496,True,0.0,True,10.0,0.5,additive,True
0.612153708668454,0.4700854700854701,0.6892230576441103,0.5589430894308943,original,SKAB,fold_3,123,4,3,3,0.5,avg_negative_log,10,0.2231,0.9,,243,37,440,0.048937826715604496,True,0.0,True,10.0,0.5,additive,True
0.5987488829311886,0.45874587458745875,0.6967418546365914,0.5532338308457712,gaussian_noise,SKAB,fold_3,123,4,3,3,0.5,avg_negative_log,10,0.2231,0.9,,243,37,440,0.048937826715604496,True,0.0,True,10.0,0.5,additive,True
0.612153708668454,0.4700854700854701,0.6892230576441103,0.5589430894308943,original,SKAB,fold_3,2026,4,3,3,0.5,avg_negative_log,10,0.2231,0.9,,243,37,440,0.048937826715604496,True,0.0,True,10.0,0.5,additive,True
0.6184092940125112,0.477124183006536,0.731829573934837,0.5776458951533135,gaussian_noise,SKAB,fold_3,2026,4,3,3,0.5,avg_negative_log,10,0.2231,0.9,,243,37,440,0.048937826715604496,True,0.0,True,10.0,0.5,additive,True
0.612153708668454,0.4700854700854701,0.6892230576441103,0.5589430894308943,original,SKAB,fold_3,7,4,3,3,0.5,avg_negative_log,10,0.2231,0.9,,243,37,440,0.048937826715604496,True,0.0,True,10.0,0.5,additive,True
0.6282394995531725,0.4860426929392447,0.7418546365914787,0.5873015873015873,gaussian_noise,SKAB,fold_3,7,4,3,3,0.5,avg_negative_log,10,0.2231,0.9,,243,37,440,0.048937826715604496,True,0.0,True,10.0,0.5,additive,True
0.612153708668454,0.4700854700854701,0.6892230576441103,0.5589430894308943,original,SKAB,fold_3,999,4,3,3,0.5,avg_negative_log,10,0.2231,0.9,,243,37,440,0.048937826715604496,True,0.0,True,10.0,0.5,additive,True
0.610366398570152,0.46921797004991683,0.706766917293233,0.564,gaussian_noise,SKAB,fold_3,999,4,3,3,0.5,avg_negative_log,10,0.2231,0.9,,243,37,440,0.048937826715604496,True,0.0,True,10.0,0.5,additive,True
0.32518115942028986,0.17843866171003717,0.24060150375939848,0.20490928495197439,original,SKAB,fold_4,42,4,3,3,0.5,avg_negative_log,10,0.2231,0.9,,241,36,449,0.05175195942830797,True,0.0,True,10.0,0.5,additive,True
0.29981884057971014,0.15498154981549817,0.21052631578947367,0.1785334750265675,gaussian_noise,SKAB,fold_4,42,4,3,3,0.5,avg_negative_log,10,0.2231,0.9,,241,36,449,0.05175195942830797,True,0.0,True,10.0,0.5,additive,True
0.32518115942028986,0.17843866171003717,0.24060150375939848,0.20490928495197439,original,SKAB,fold_4,123,4,3,3,0.5,avg_negative_log,10,0.2231,0.9,,241,36,449,0.05175195942830797,True,0.0,True,10.0,0.5,additive,True
0.30344202898550726,0.15485074626865672,0.20802005012531327,0.17754010695187167,gaussian_noise,SKAB,fold_4,123,4,3,3,0.5,avg_negative_log,10,0.2231,0.9,,241,36,449,0.05175195942830797,True,0.0,True,10.0,0.5,additive,True
0.32518115942028986,0.17843866171003717,0.24060150375939848,0.20490928495197439,original,SKAB,fold_4,2026,4,3,3,0.5,avg_negative_log,10,0.2231,0.9,,241,36,449,0.05175195942830797,True,0.0,True,10.0,0.5,additive,True
0.3007246376811594,0.15526802218114602,0.21052631578947367,0.17872340425531916,gaussian_noise,SKAB,fold_4,2026,4,3,3,0.5,avg_negative_log,10,0.2231,0.9,,241,36,449,0.05175195942830797,True,0.0,True,10.0,0.5,additive,True
0.32518115942028986,0.17843866171003717,0.24060150375939848,0.20490928495197439,original,SKAB,fold_4,7,4,3,3,0.5,avg_negative_log,10,0.2231,0.9,,241,36,449,0.05175195942830797,True,0.0,True,10.0,0.5,additive,True
0.3333333333333333,0.18026565464895636,0.23809523809523808,0.20518358531317496,gaussian_noise,SKAB,fold_4,7,4,3,3,0.5,avg_negative_log,10,0.2231,0.9,,241,36,449,0.05175195942830797,True,0.0,True,10.0,0.5,additive,True
0.32518115942028986,0.17843866171003717,0.24060150375939848,0.20490928495197439,original,SKAB,fold_4,999,4,3,3,0.5,avg_negative_log,10,0.2231,0.9,,241,36,449,0.05175195942830797,True,0.0,True,10.0,0.5,additive,True
0.30434782608695654,0.1711229946524064,0.24060150375939848,0.2,gaussian_noise,SKAB,fold_4,999,4,3,3,0.5,avg_negative_log,10,0.2231,0.9,,241,36,449,0.05175195942830797,True,0.0,True,10.0,0.5,additive,True
0.5729442970822282,0.45227272727272727,0.9974937343358395,0.6223612197028929,original,SKAB,fold_5,42,4,3,3,0.5,avg_negative_log,10,0.2231,0.9,,225,36,389,0.048024691358024695,True,0.0,True,10.0,0.5,additive,True
0.5623342175066313,0.445823927765237,0.9899749373433584,0.6147859922178989,gaussian_noise,SKAB,fold_5,42,4,3,3,0.5,avg_negative_log,10,0.2231,0.9,,225,36,389,0.048024691358024695,True,0.0,True,10.0,0.5,additive,True
0.5729442970822282,0.45227272727272727,0.9974937343358395,0.6223612197028929,original,SKAB,fold_5,123,4,3,3,0.5,avg_negative_log,10,0.2231,0.9,,225,36,389,0.048024691358024695,True,0.0,True,10.0,0.5,additive,True
0.5658709106984969,0.44638694638694637,0.9598997493734336,0.609387430389817,gaussian_noise,SKAB,fold_5,123,4,3,3,0.5,avg_negative_log,10,0.2231,0.9,,225,36,389,0.048024691358024695,True,0.0,True,10.0,0.5,additive,True
0.5729442970822282,0.45227272727272727,0.9974937343358395,0.6223612197028929,original,SKAB,fold_5,2026,4,3,3,0.5,avg_negative_log,10,0.2231,0.9,,225,36,389,0.048024691358024695,True,0.0,True,10.0,0.5,additive,True
0.5809018567639257,0.4568469505178366,0.9949874686716792,0.6261829652996845,gaussian_noise,SKAB,fold_5,2026,4,3,3,0.5,avg_negative_log,10,0.2231,0.9,,225,36,389,0.048024691358024695,True,0.0,True,10.0,0.5,additive,True
0.5729442970822282,0.45227272727272727,0.9974937343358395,0.6223612197028929,original,SKAB,fold_5,7,4,3,3,0.5,avg_negative_log,10,0.2231,0.9,,225,36,389,0.048024691358024695,True,0.0,True,10.0,0.5,additive,True
0.5543766578249337,0.4405436013590034,0.974937343358396,0.6068642745709828,gaussian_noise,SKAB,fold_5,7,4,3,3,0.5,avg_negative_log,10,0.2231,0.9,,225,36,389,0.048024691358024695,True,0.0,True,10.0,0.5,additive,True
0.5729442970822282,0.45227272727272727,0.9974937343358395,0.6223612197028929,original,SKAB,fold_5,999,4,3,3,0.5,avg_negative_log,10,0.2231,0.9,,225,36,389,0.048024691358024695,True,0.0,True,10.0,0.5,additive,True
0.5596816976127321,0.4431687715269805,0.9674185463659147,0.6078740157480315,gaussian_noise,SKAB,fold_5,999,4,3,3,0.5,avg_negative_log,10,0.2231,0.9,,225,36,389,0.048024691358024695,True,0.0,True,10.0,0.5,additive,True
0.7016918967052538,0.7661290322580645,0.23690773067331672,0.3619047619047619,original,SKAB,fold_1,42,4,3,3,0.5,avg_negative_log,10,0.3567,0.9,,225,35,400,0.050793650793650794,True,0.0,True,10.0,0.5,additive,True
0.6954585930543188,0.7034482758620689,0.2543640897755611,0.37362637362637363,gaussian_noise,SKAB,fold_1,42,4,3,3,0.5,avg_negative_log,10,0.3567,0.9,,225,35,400,0.050793650793650794,True,0.0,True,10.0,0.5,additive,True
0.7016918967052538,0.7661290322580645,0.23690773067331672,0.3619047619047619,original,SKAB,fold_1,123,4,3,3,0.5,avg_negative_log,10,0.3567,0.9,,225,35,400,0.050793650793650794,True,0.0,True,10.0,0.5,additive,True
0.697239536954586,0.7563025210084033,0.22443890274314215,0.34615384615384615,gaussian_noise,SKAB,fold_1,123,4,3,3,0.5,avg_negative_log,10,0.3567,0.9,,225,35,400,0.050793650793650794,True,0.0,True,10.0,0.5,additive,True
0.7016918967052538,0.7661290322580645,0.23690773067331672,0.3619047619047619,original,SKAB,fold_1,2026,4,3,3,0.5,avg_negative_log,10,0.3567,0.9,,225,35,400,0.050793650793650794,True,0.0,True,10.0,0.5,additive,True
0.6776491540516474,0.6291390728476821,0.23690773067331672,0.3442028985507246,gaussian_noise,SKAB,fold_1,2026,4,3,3,0.5,avg_negative_log,10,0.3567,0.9,,225,35,400,0.050793650793650794,True,0.0,True,10.0,0.5,additive,True
0.7016918967052538,0.7661290322580645,0.23690773067331672,0.3619047619047619,original,SKAB,fold_1,7,4,3,3,0.5,avg_negative_log,10,0.3567,0.9,,225,35,400,0.050793650793650794,True,0.0,True,10.0,0.5,additive,True
0.6892252894033838,0.6884057971014492,0.23690773067331672,0.3525046382189239,gaussian_noise,SKAB,fold_1,7,4,3,3,0.5,avg_negative_log,10,0.3567,0.9,,225,35,400,0.050793650793650794,True,0.0,True,10.0,0.5,additive,True
0.7016918967052538,0.7661290322580645,0.23690773067331672,0.3619047619047619,original,SKAB,fold_1,999,4,3,3,0.5,avg_negative_log,10,0.3567,0.9,,225,35,400,0.050793650793650794,True,0.0,True,10.0,0.5,additive,True
0.6981300089047195,0.7583333333333333,0.22693266832917705,0.3493282149712092,gaussian_noise,SKAB,fold_1,999,4,3,3,0.5,avg_negative_log,10,0.3567,0.9,,225,35,400,0.050793650793650794,True,0.0,True,10.0,0.5,additive,True
0.7524575513851653,0.6172607879924953,0.818407960199005,0.7037433155080214,original,SKAB,fold_2,42,4,3,3,0.5,avg_negative_log,10,0.3567,0.9,,234,34,438,0.05505279034690799,True,0.0,True,10.0,0.5,additive,True
0.7667560321715817,0.6342857142857142,0.8283582089552238,0.7184466019417476,gaussian_noise,SKAB,fold_2,42,4,3,3,0.5,avg_negative_log,10,0.3567,0.9,,234,34,438,0.05505279034690799,True,0.0,True,10.0,0.5,additive,True
0.7524575513851653,0.6172607879924953,0.818407960199005,0.7037433155080214,original,SKAB,fold_2,123,4,3,3,0.5,avg_negative_log,10,0.3567,0.9,,234,34,438,0.05505279034690799,True,0.0,True,10.0,0.5,additive,True
0.7596067917783735,0.6242990654205608,0.8308457711442786,0.7129135538954109,gaussian_noise,SKAB,fold_2,123,4,3,3,0.5,avg_negative_log,10,0.3567,0.9,,234,34,438,0.05505279034690799,True,0.0,True,10.0,0.5,additive,True
0.7524575513851653,0.6172607879924953,0.818407960199005,0.7037433155080214,original,SKAB,fold_2,2026,4,3,3,0.5,avg_negative_log,10,0.3567,0.9,,234,34,438,0.05505279034690799,True,0.0,True,10.0,0.5,additive,True
0.7542448614834674,0.6156648451730419,0.8407960199004975,0.7108307045215563,gaussian_noise,SKAB,fold_2,2026,4,3,3,0.5,avg_negative_log,10,0.3567,0.9,,234,34,438,0.05505279034690799,True,0.0,True,10.0,0.5,additive,True
0.7524575513851653,0.6172607879924953,0.818407960199005,0.7037433155080214,original,SKAB,fold_2,7,4,3,3,0.5,avg_negative_log,10,0.3567,0.9,,234,34,438,0.05505279034690799,True,0.0,True,10.0,0.5,additive,True
0.7569258266309205,0.6194852941176471,0.8383084577114428,0.7124735729386892,gaussian_noise,SKAB,fold_2,7,4,3,3,0.5,avg_negative_log,10,0.3567,0.9,,234,34,438,0.05505279034690799,True,0.0,True,10.0,0.5,additive,True
0.7524575513851653,0.6172607879924953,0.818407960199005,0.7037433155080214,original,SKAB,fold_2,999,4,3,3,0.5,avg_negative_log,10,0.3567,0.9,,234,34,438,0.05505279034690799,True,0.0,True,10.0,0.5,additive,True
0.7515638963360143,0.6165413533834586,0.8159203980099502,0.702355460385439,gaussian_noise,SKAB,fold_2,999,4,3,3,0.5,avg_negative_log,10,0.3567,0.9,,234,34,438,0.05505279034690799,True,0.0,True,10.0,0.5,additive,True
0.610366398570152,0.46748681898066785,0.6666666666666666,0.5495867768595041,original,SKAB,fold_3,42,4,3,3,0.5,avg_negative_log,10,0.3567,0.9,,243,37,440,0.048937826715604496,True,0.0,True,10.0,0.5,additive,True
0.613047363717605,0.46964285714285714,0.6591478696741855,0.5484880083420229,gaussian_noise,SKAB,fold_3,42,4,3,3,0.5,avg_negative_log,10,0.3567,0.9,,243,37,440,0.048937826715604496,True,0.0,True,10.0,0.5,additive,True
0.610366398570152,0.46748681898066785,0.6666666666666666,0.5495867768595041,original,SKAB,fold_3,123,4,3,3,0.5,avg_negative_log,10,0.3567,0.9,,243,37,440,0.048937826715604496,True,0.0,True,10.0,0.5,additive,True
0.5969615728328865,0.45563139931740615,0.6691729323308271,0.5421319796954315,gaussian_noise,SKAB,fold_3,123,4,3,3,0.5,avg_negative_log,10,0.3567,0.9,,243,37,440,0.048937826715604496,True,0.0,True,10.0,0.5,additive,True
0.610366398570152,0.46748681898066785,0.6666666666666666,0.5495867768595041,original,SKAB,fold_3,2026,4,3,3,0.5,avg_negative_log,10,0.3567,0.9,,243,37,440,0.048937826715604496,True,0.0,True,10.0,0.5,additive,True
0.613047363717605,0.4710884353741497,0.6942355889724311,0.5612968591691996,gaussian_noise,SKAB,fold_3,2026,4,3,3,0.5,avg_negative_log,10,0.3567,0.9,,243,37,440,0.048937826715604496,True,0.0,True,10.0,0.5,additive,True
0.610366398570152,0.46748681898066785,0.6666666666666666,0.5495867768595041,original,SKAB,fold_3,7,4,3,3,0.5,avg_negative_log,10,0.3567,0.9,,243,37,440,0.048937826715604496,True,0.0,True,10.0,0.5,additive,True
0.6219839142091153,0.47966101694915253,0.7092731829573935,0.5722952477249748,gaussian_noise,SKAB,fold_3,7,4,3,3,0.5,avg_negative_log,10,0.3567,0.9,,243,37,440,0.048937826715604496,True,0.0,True,10.0,0.5,additive,True
0.610366398570152,0.46748681898066785,0.6666666666666666,0.5495867768595041,original,SKAB,fold_3,999,4,3,3,0.5,avg_negative_log,10,0.3567,0.9,,243,37,440,0.048937826715604496,True,0.0,True,10.0,0.5,additive,True
0.6050044682752458,0.4631217838765009,0.6766917293233082,0.5498981670061099,gaussian_noise,SKAB,fold_3,999,4,3,3,0.5,avg_negative_log,10,0.3567,0.9,,243,37,440,0.048937826715604496,True,0.0,True,10.0,0.5,additive,True
0.33061594202898553,0.17307692307692307,0.22556390977443608,0.19586507072905332,original,SKAB,fold_4,42,4,3,3,0.5,avg_negative_log,10,0.3567,0.9,,241,36,449,0.05175195942830797,True,0.0,True,10.0,0.5,additive,True
0.30978260869565216,0.15296367112810708,0.20050125313283207,0.1735357917570499,gaussian_noise,SKAB,fold_4,42,4,3,3,0.5,avg_negative_log,10,0.3567,0.9,,241,36,449,0.05175195942830797,True,0.0,True,10.0,0.5,additive,True
0.33061594202898553,0.17307692307692307,0.22556390977443608,0.19586507072905332,original,SKAB,fold_4,123,4,3,3,0.5,avg_negative_log,10,0.3567,0.9,,241,36,449,0.05175195942830797,True,0.0,True,10.0,0.5,additive,True
0.3125,0.1525096525096525,0.19799498746867167,0.1723009814612868,gaussian_noise,SKAB,fold_4,123,4,3,3,0.5,avg_negative_log,10,0.3567,0.9,,241,36,449,0.05175195942830797,True,0.0,True,10.0,0.5,additive,True
0.33061594202898553,0.17307692307692307,0.22556390977443608,0.19586507072905332,original,SKAB,fold_4,2026,4,3,3,0.5,avg_negative_log,10,0.3567,0.9,,241,36,449,0.05175195942830797,True,0.0,True,10.0,0.5,additive,True
0.3070652173913043,0.1520912547528517,0.20050125313283207,0.17297297297297298,gaussian_noise,SKAB,fold_4,2026,4,3,3,0.5,avg_negative_log,10,0.3567,0.9,,241,36,449,0.05175195942830797,True,0.0,True,10.0,0.5,additive,True
0.33061594202898553,0.17307692307692307,0.22556390977443608,0.19586507072905332,original,SKAB,fold_4,7,4,3,3,0.5,avg_negative_log,10,0.3567,0.9,,241,36,449,0.05175195942830797,True,0.0,True,10.0,0.5,additive,True
0.3378623188405797,0.17450980392156862,0.22305764411027568,0.19581958195819582,gaussian_noise,SKAB,fold_4,7,4,3,3,0.5,avg_negative_log,10,0.3567,0.9,,241,36,449,0.05175195942830797,True,0.0,True,10.0,0.5,additive,True
0.33061594202898553,0.17307692307692307,0.22556390977443608,0.19586507072905332,original,SKAB,fold_4,999,4,3,3,0.5,avg_negative_log,10,0.3567,0.9,,241,36,449,0.05175195942830797,True,0.0,True,10.0,0.5,additive,True
0.31431159420289856,0.16728624535315986,0.22556390977443608,0.192102454642476,gaussian_noise,SKAB,fold_4,999,4,3,3,0.5,avg_negative_log,10,0.3567,0.9,,241,36,449,0.05175195942830797,True,0.0,True,10.0,0.5,additive,True
0.583554376657825,0.45842956120092376,0.9949874686716792,0.6276679841897234,original,SKAB,fold_5,42,4,3,3,0.5,avg_negative_log,10,0.3567,0.9,,225,36,389,0.048024691358024695,True,0.0,True,10.0,0.5,additive,True
0.5755968169761273,0.4533947065592635,0.9874686716791979,0.6214511041009464,gaussian_noise,SKAB,fold_5,42,4,3,3,0.5,avg_negative_log,10,0.3567,0.9,,225,36,389,0.048024691358024695,True,0.0,True,10.0,0.5,additive,True
0.583554376657825,0.45842956120092376,0.9949874686716792,0.6276679841897234,original,SKAB,fold_5,123,4,3,3,0.5,avg_negative_log,10,0.3567,0.9,,225,36,389,0.048024691358024695,True,0.0,True,10.0,0.5,additive,True
0.5729442970822282,0.45023696682464454,0.9523809523809523,0.6114239742558326,gaussian_noise,SKAB,fold_5,123,4,3,3,0.5,avg_negative_log,10,0.3567,0.9,,225,36,389,0.048024691358024695,True,0.0,True,10.0,0.5,additive,True
0.583554376657825,0.45842956120092376,0.9949874686716792,0.6276679841897234,original,SKAB,fold_5,2026,4,3,3,0.5,avg_negative_log,10,0.3567,0.9,,225,36,389,0.048024691358024695,True,0.0,True,10.0,0.5,additive,True
0.5897435897435898,0.46216530849825377,0.9949874686716792,0.6311605723370429,gaussian_noise,SKAB,fold_5,2026,4,3,3,0.5,avg_negative_log,10,0.3567,0.9,,225,36,389,0.048024691358024695,True,0.0,True,10.0,0.5,additive,True
0.583554376657825,0.45842956120092376,0.9949874686716792,0.6276679841897234,original,SKAB,fold_5,7,4,3,3,0.5,avg_negative_log,10,0.3567,0.9,,225,36,389,0.048024691358024695,True,0.0,True,10.0,0.5,additive,True
0.5641025641025641,0.44585253456221197,0.9699248120300752,0.6108918705603789,gaussian_noise,SKAB,fold_5,7,4,3,3,0.5,avg_negative_log,10,0.3567,0.9,,225,36,389,0.048024691358024695,True,0.0,True,10.0,0.5,additive,True
0.583554376657825,0.45842956120092376,0.9949874686716792,0.6276679841897234,original,SKAB,fold_5,999,4,3,3,0.5,avg_negative_log,10,0.3567,0.9,,225,36,389,0.048024691358024695,True,0.0,True,10.0,0.5,additive,True
0.5658709106984969,0.44651162790697674,0.9624060150375939,0.6100079428117554,gaussian_noise,SKAB,fold_5,999,4,3,3,0.5,avg_negative_log,10,0.3567,0.9,,225,36,389,0.048024691358024695,True,0.0,True,10.0,0.5,additive,True
0.6963490650044524,0.7631578947368421,0.2169576059850374,0.3378640776699029,original,SKAB,fold_1,42,4,3,3,0.5,avg_negative_log,10,0.5108,0.9,,225,35,400,0.050793650793650794,True,0.0,True,10.0,0.5,additive,True
0.692787177203918,0.7121212121212122,0.2344139650872818,0.3527204502814259,gaussian_noise,SKAB,fold_1,42,4,3,3,0.5,avg_negative_log,10,0.5108,0.9,,225,35,400,0.050793650793650794,True,0.0,True,10.0,0.5,additive,True
0.6963490650044524,0.7631578947368421,0.2169576059850374,0.3378640776699029,original,SKAB,fold_1,123,4,3,3,0.5,avg_negative_log,10,0.5108,0.9,,225,35,400,0.050793650793650794,True,0.0,True,10.0,0.5,additive,True
0.6918967052537845,0.7522935779816514,0.20448877805486285,0.3215686274509804,gaussian_noise,SKAB,fold_1,123,4,3,3,0.5,avg_negative_log,10,0.5108,0.9,,225,35,400,0.050793650793650794,True,0.0,True,10.0,0.5,additive,True
0.6963490650044524,0.7631578947368421,0.2169576059850374,0.3378640776699029,original,SKAB,fold_1,2026,4,3,3,0.5,avg_negative_log,10,0.5108,0.9,,225,35,400,0.050793650793650794,True,0.0,True,10.0,0.5,additive,True
0.6758682101513802,0.635036496350365,0.2169576059850374,0.32342007434944237,gaussian_noise,SKAB,fold_1,2026,4,3,3,0.5,avg_negative_log,10,0.5108,0.9,,225,35,400,0.050793650793650794,True,0.0,True,10.0,0.5,additive,True
0.6963490650044524,0.7631578947368421,0.2169576059850374,0.3378640776699029,original,SKAB,fold_1,7,4,3,3,0.5,avg_negative_log,10,0.5108,0.9,,225,35,400,0.050793650793650794,True,0.0,True,10.0,0.5,additive,True
0.686553873552983,0.696,0.2169576059850374,0.33079847908745247,gaussian_noise,SKAB,fold_1,7,4,3,3,0.5,avg_negative_log,10,0.5108,0.9,,225,35,400,0.050793650793650794,True,0.0,True,10.0,0.5,additive,True
0.6963490650044524,0.7631578947368421,0.2169576059850374,0.3378640776699029,original,SKAB,fold_1,999,4,3,3,0.5,avg_negative_log,10,0.5108,0.9,,225,35,400,0.050793650793650794,True,0.0,True,10.0,0.5,additive,True
0.6892252894033838,0.7452830188679245,0.1970074812967581,0.3116370808678501,gaussian_noise,SKAB,fold_1,999,4,3,3,0.5,avg_negative_log,10,0.5108,0.9,,225,35,400,0.050793650793650794,True,0.0,True,10.0,0.5,additive,True
0.7587131367292225,0.6352459016393442,0.7711442786069652,0.6966292134831461,original,SKAB,fold_2,42,4,3,3,0.5,avg_negative_log,10,0.5108,0.9,,234,34,438,0.05505279034690799,True,0.0,True,10.0,0.5,additive,True
0.7703306523681859,0.6482617586912065,0.7885572139303483,0.7115600448933782,gaussian_noise,SKAB,fold_2,42,4,3,3,0.5,avg_negative_log,10,0.5108,0.9,,234,34,438,0.05505279034690799,True,0.0,True,10.0,0.5,additive,True
0.7587131367292225,0.6352459016393442,0.7711442786069652,0.6966292134831461,original,SKAB,fold_2,123,4,3,3,0.5,avg_negative_log,10,0.5108,0.9,,234,34,438,0.05505279034690799,True,0.0,True,10.0,0.5,additive,True
0.775692582663092,0.6513026052104208,0.8084577114427861,0.7214206437291898,gaussian_noise,SKAB,fold_2,123,4,3,3,0.5,avg_negative_log,10,0.5108,0.9,,234,34,438,0.05505279034690799,True,0.0,True,10.0,0.5,additive,True
0.7587131367292225,0.6352459016393442,0.7711442786069652,0.6966292134831461,original,SKAB,fold_2,2026,4,3,3,0.5,avg_negative_log,10,0.5108,0.9,,234,34,438,0.05505279034690799,True,0.0,True,10.0,0.5,additive,True
0.7631814119749777,0.6345776031434185,0.8034825870646766,0.7091108671789242,gaussian_noise,SKAB,fold_2,2026,4,3,3,0.5,avg_negative_log,10,0.5108,0.9,,234,34,438,0.05505279034690799,True,0.0,True,10.0,0.5,additive,True
0.7587131367292225,0.6352459016393442,0.7711442786069652,0.6966292134831461,original,SKAB,fold_2,7,4,3,3,0.5,avg_negative_log,10,0.5108,0.9,,234,34,438,0.05505279034690799,True,0.0,True,10.0,0.5,additive,True
0.7712243074173369,0.6454183266932271,0.8059701492537313,0.7168141592920354,gaussian_noise,SKAB,fold_2,7,4,3,3,0.5,avg_negative_log,10,0.5108,0.9,,234,34,438,0.05505279034690799,True,0.0,True,10.0,0.5,additive,True
0.7587131367292225,0.6352459016393442,0.7711442786069652,0.6966292134831461,original,SKAB,fold_2,999,4,3,3,0.5,avg_negative_log,10,0.5108,0.9,,234,34,438,0.05505279034690799,True,0.0,True,10.0,0.5,additive,True
0.7613941018766756,0.6380368098159509,0.7761194029850746,0.7003367003367004,gaussian_noise,SKAB,fold_2,999,4,3,3,0.5,avg_negative_log,10,0.5108,0.9,,234,34,438,0.05505279034690799,True,0.0,True,10.0,0.5,additive,True
0.6050044682752458,0.45996275605214154,0.6190476190476191,0.5277777777777778,original,SKAB,fold_3,42,4,3,3,0.5,avg_negative_log,10,0.5108,0.9,,243,37,440,0.048937826715604496,True,0.0,True,10.0,0.5,additive,True
0.610366398570152,0.46476190476190476,0.6115288220551378,0.5281385281385281,gaussian_noise,SKAB,fold_3,42,4,3,3,0.5,avg_negative_log,10,0.5108,0.9,,243,37,440,0.048937826715604496,True,0.0,True,10.0,0.5,additive,True
0.6050044682752458,0.45996275605214154,0.6190476190476191,0.5277777777777778,original,SKAB,fold_3,123,4,3,3,0.5,avg_negative_log,10,0.5108,0.9,,243,37,440,0.048937826715604496,True,0.0,True,10.0,0.5,additive,True
0.5951742627345844,0.45126353790613716,0.6265664160401002,0.5246589716684156,gaussian_noise,SKAB,fold_3,123,4,3,3,0.5,avg_negative_log,10,0.5108,0.9,,243,37,440,0.048937826715604496,True,0.0,True,10.0,0.5,additive,True
0.6050044682752458,0.45996275605214154,0.6190476190476191,0.5277777777777778,original,SKAB,fold_3,2026,4,3,3,0.5,avg_negative_log,10,0.5108,0.9,,243,37,440,0.048937826715604496,True,0.0,True,10.0,0.5,additive,True
0.6112600536193029,0.4675090252707581,0.6491228070175439,0.5435466946484785,gaussian_noise,SKAB,fold_3,2026,4,3,3,0.5,avg_negative_log,10,0.5108,0.9,,243,37,440,0.048937826715604496,True,0.0,True,10.0,0.5,additive,True
0.6050044682752458,0.45996275605214154,0.6190476190476191,0.5277777777777778,original,SKAB,fold_3,7,4,3,3,0.5,avg_negative_log,10,0.5108,0.9,,243,37,440,0.048937826715604496,True,0.0,True,10.0,0.5,additive,True
0.6219839142091153,0.4784172661870504,0.6666666666666666,0.5570680628272251,gaussian_noise,SKAB,fold_3,7,4,3,3,0.5,avg_negative_log,10,0.5108,0.9,,243,37,440,0.048937826715604496,True,0.0,True,10.0,0.5,additive,True
0.6050044682752458,0.45996275605214154,0.6190476190476191,0.5277777777777778,original,SKAB,fold_3,999,4,3,3,0.5,avg_negative_log,10,0.5108,0.9,,243,37,440,0.048937826715604496,True,0.0,True,10.0,0.5,additive,True
0.5987488829311886,0.45454545454545453,0.6265664160401002,0.5268703898840885,gaussian_noise,SKAB,fold_3,999,4,3,3,0.5,avg_negative_log,10,0.5108,0.9,,243,37,440,0.048937826715604496,True,0.0,True,10.0,0.5,additive,True
0.34148550724637683,0.16255144032921812,0.19799498746867167,0.17853107344632768,original,SKAB,fold_4,42,4,3,3,0.5,avg_negative_log,10,0.5108,0.9,,241,36,449,0.05175195942830797,True,0.0,True,10.0,0.5,additive,True
0.322463768115942,0.14747474747474748,0.18295739348370926,0.16331096196868009,gaussian_noise,SKAB,fold_4,42,4,3,3,0.5,avg_negative_log,10,0.5108,0.9,,241,36,449,0.05175195942830797,True,0.0,True,10.0,0.5,additive,True
0.34148550724637683,0.16255144032921812,0.19799498746867167,0.17853107344632768,original,SKAB,fold_4,123,4,3,3,0.5,avg_negative_log,10,0.5108,0.9,,241,36,449,0.05175195942830797,True,0.0,True,10.0,0.5,additive,True
0.3278985507246377,0.14784394250513347,0.18045112781954886,0.16252821670428894,gaussian_noise,SKAB,fold_4,123,4,3,3,0.5,avg_negative_log,10,0.5108,0.9,,241,36,449,0.05175195942830797,True,0.0,True,10.0,0.5,additive,True
0.34148550724637683,0.16255144032921812,0.19799498746867167,0.17853107344632768,original,SKAB,fold_4,2026,4,3,3,0.5,avg_negative_log,10,0.5108,0.9,,241,36,449,0.05175195942830797,True,0.0,True,10.0,0.5,additive,True
0.3233695652173913,0.14777327935222673,0.18295739348370926,0.16349384098544234,gaussian_noise,SKAB,fold_4,2026,4,3,3,0.5,avg_negative_log,10,0.5108,0.9,,241,36,449,0.05175195942830797,True,0.0,True,10.0,0.5,additive,True
0.34148550724637683,0.16255144032921812,0.19799498746867167,0.17853107344632768,original,SKAB,fold_4,7,4,3,3,0.5,avg_negative_log,10,0.5108,0.9,,241,36,449,0.05175195942830797,True,0.0,True,10.0,0.5,additive,True
0.34782608695652173,0.16352201257861634,0.19548872180451127,0.1780821917808219,gaussian_noise,SKAB,fold_4,7,4,3,3,0.5,avg_negative_log,10,0.5108,0.9,,241,36,449,0.05175195942830797,True,0.0,True,10.0,0.5,additive,True
0.34148550724637683,0.16255144032921812,0.19799498746867167,0.17853107344632768,original,SKAB,fold_4,999,4,3,3,0.5,avg_negative_log,10,0.5108,0.9,,241,36,449,0.05175195942830797,True,0.0,True,10.0,0.5,additive,True
0.3269927536231884,0.15737051792828685,0.19799498746867167,0.1753607103218646,gaussian_noise,SKAB,fold_4,999,4,3,3,0.5,avg_negative_log,10,0.5108,0.9,,241,36,449,0.05175195942830797,True,0.0,True,10.0,0.5,additive,True
0.5985853227232537,0.46714456391875747,0.9799498746867168,0.6326860841423948,original,SKAB,fold_5,42,4,3,3,0.5,avg_negative_log,10,0.5108,0.9,,225,36,389,0.048024691358024695,True,0.0,True,10.0,0.5,additive,True
0.5897435897435898,0.46135552913198574,0.9724310776942355,0.6258064516129033,gaussian_noise,SKAB,fold_5,42,4,3,3,0.5,avg_negative_log,10,0.5108,0.9,,225,36,389,0.048024691358024695,True,0.0,True,10.0,0.5,additive,True
0.5985853227232537,0.46714456391875747,0.9799498746867168,0.6326860841423948,original,SKAB,fold_5,123,4,3,3,0.5,avg_negative_log,10,0.5108,0.9,,225,36,389,0.048024691358024695,True,0.0,True,10.0,0.5,additive,True
0.5897435897435898,0.4599260172626387,0.9348370927318296,0.6165289256198347,gaussian_noise,SKAB,fold_5,123,4,3,3,0.5,avg_negative_log,10,0.5108,0.9,,225,36,389,0.048024691358024695,True,0.0,True,10.0,0.5,additive,True
0.5985853227232537,0.46714456391875747,0.9799498746867168,0.6326860841423948,original,SKAB,fold_5,2026,4,3,3,0.5,avg_negative_log,10,0.5108,0.9,,225,36,389,0.048024691358024695,True,0.0,True,10.0,0.5,additive,True
0.6047745358090185,0.4713603818615752,0.9899749373433584,0.6386418755052546,gaussian_noise,SKAB,fold_5,2026,4,3,3,0.5,avg_negative_log,10,0.5108,0.9,,225,36,389,0.048024691358024695,True,0.0,True,10.0,0.5,additive,True
0.5985853227232537,0.46714456391875747,0.9799498746867168,0.6326860841423948,original,SKAB,fold_5,7,4,3,3,0.5,avg_negative_log,10,0.5108,0.9,,225,36,389,0.048024691358024695,True,0.0,True,10.0,0.5,additive,True
0.579133510167993,0.4541120381406436,0.9548872180451128,0.6155088852988692,gaussian_noise,SKAB,fold_5,7,4,3,3,0.5,avg_negative_log,10,0.5108,0.9,,225,36,389,0.048024691358024695,True,0.0,True,10.0,0.5,additive,True
0.5985853227232537,0.46714456391875747,0.9799498746867168,0.6326860841423948,original,SKAB,fold_5,999,4,3,3,0.5,avg_negative_log,10,0.5108,0.9,,225,36,389,0.048024691358024695,True,0.0,True,10.0,0.5,additive,True
0.5720601237842617,0.44885679903730447,0.9348370927318296,0.6065040650406504,gaussian_noise,SKAB,fold_5,999,4,3,3,0.5,avg_negative_log,10,0.5108,0.9,,225,36,389,0.048024691358024695,True,0.0,True,10.0,0.5,additive,True
0.6936776491540516,0.7821782178217822,0.1970074812967581,0.3147410358565737,original,SKAB,fold_1,42,4,3,3,0.5,avg_negative_log,10,0.6931,0.9,,225,35,400,0.050793650793650794,True,0.0,True,10.0,0.5,additive,True
0.6936776491540516,0.7478260869565218,0.2144638403990025,0.3333333333333333,gaussian_noise,SKAB,fold_1,42,4,3,3,0.5,avg_negative_log,10,0.6931,0.9,,225,35,400,0.050793650793650794,True,0.0,True,10.0,0.5,additive,True
0.6936776491540516,0.7821782178217822,0.1970074812967581,0.3147410358565737,original,SKAB,fold_1,123,4,3,3,0.5,avg_negative_log,10,0.6931,0.9,,225,35,400,0.050793650793650794,True,0.0,True,10.0,0.5,additive,True
0.6892252894033838,0.7708333333333334,0.18453865336658354,0.2977867203219316,gaussian_noise,SKAB,fold_1,123,4,3,3,0.5,avg_negative_log,10,0.6931,0.9,,225,35,400,0.050793650793650794,True,0.0,True,10.0,0.5,additive,True
0.6936776491540516,0.7821782178217822,0.1970074812967581,0.3147410358565737,original,SKAB,fold_1,2026,4,3,3,0.5,avg_negative_log,10,0.6931,0.9,,225,35,400,0.050793650793650794,True,0.0,True,10.0,0.5,additive,True
0.6794300979519146,0.6722689075630253,0.19950124688279303,0.3076923076923077,gaussian_noise,SKAB,fold_1,2026,4,3,3,0.5,avg_negative_log,10,0.6931,0.9,,225,35,400,0.050793650793650794,True,0.0,True,10.0,0.5,additive,True
0.6936776491540516,0.7821782178217822,0.1970074812967581,0.3147410358565737,original,SKAB,fold_1,7,4,3,3,0.5,avg_negative_log,10,0.6931,0.9,,225,35,400,0.050793650793650794,True,0.0,True,10.0,0.5,additive,True
0.6874443455031166,0.7314814814814815,0.1970074812967581,0.3104125736738703,gaussian_noise,SKAB,fold_1,7,4,3,3,0.5,avg_negative_log,10,0.6931,0.9,,225,35,400,0.050793650793650794,True,0.0,True,10.0,0.5,additive,True
0.6936776491540516,0.7821782178217822,0.1970074812967581,0.3147410358565737,original,SKAB,fold_1,999,4,3,3,0.5,avg_negative_log,10,0.6931,0.9,,225,35,400,0.050793650793650794,True,0.0,True,10.0,0.5,additive,True
0.684772929652716,0.7582417582417582,0.17206982543640897,0.2804878048780488,gaussian_noise,SKAB,fold_1,999,4,3,3,0.5,avg_negative_log,10,0.6931,0.9,,225,35,400,0.050793650793650794,True,0.0,True,10.0,0.5,additive,True
0.7685433422698839,0.6599552572706935,0.7338308457711443,0.6949352179034158,original,SKAB,fold_2,42,4,3,3,0.5,avg_negative_log,10,0.6931,0.9,,234,34,438,0.05505279034690799,True,0.0,True,10.0,0.5,additive,True
0.7792672028596962,0.6710816777041942,0.7562189054726368,0.7111111111111111,gaussian_noise,SKAB,fold_2,42,4,3,3,0.5,avg_negative_log,10,0.6931,0.9,,234,34,438,0.05505279034690799,True,0.0,True,10.0,0.5,additive,True
0.7685433422698839,0.6599552572706935,0.7338308457711443,0.6949352179034158,original,SKAB,fold_2,123,4,3,3,0.5,avg_negative_log,10,0.6931,0.9,,234,34,438,0.05505279034690799,True,0.0,True,10.0,0.5,additive,True
0.7882037533512064,0.6766595289079229,0.7860696517412935,0.7272727272727273,gaussian_noise,SKAB,fold_2,123,4,3,3,0.5,avg_negative_log,10,0.6931,0.9,,234,34,438,0.05505279034690799,True,0.0,True,10.0,0.5,additive,True
0.7685433422698839,0.6599552572706935,0.7338308457711443,0.6949352179034158,original,SKAB,fold_2,2026,4,3,3,0.5,avg_negative_log,10,0.6931,0.9,,234,34,438,0.05505279034690799,True,0.0,True,10.0,0.5,additive,True
0.774798927613941,0.6595744680851063,0.7711442786069652,0.7110091743119266,gaussian_noise,SKAB,fold_2,2026,4,3,3,0.5,avg_negative_log,10,0.6931,0.9,,234,34,438,0.05505279034690799,True,0.0,True,10.0,0.5,additive,True
0.7685433422698839,0.6599552572706935,0.7338308457711443,0.6949352179034158,original,SKAB,fold_2,7,4,3,3,0.5,avg_negative_log,10,0.6931,0.9,,234,34,438,0.05505279034690799,True,0.0,True,10.0,0.5,additive,True
0.7828418230563002,0.6702355460385439,0.7786069651741293,0.7203682393555811,gaussian_noise,SKAB,fold_2,7,4,3,3,0.5,avg_negative_log,10,0.6931,0.9,,234,34,438,0.05505279034690799,True,0.0,True,10.0,0.5,additive,True
0.7685433422698839,0.6599552572706935,0.7338308457711443,0.6949352179034158,original,SKAB,fold_2,999,4,3,3,0.5,avg_negative_log,10,0.6931,0.9,,234,34,438,0.05505279034690799,True,0.0,True,10.0,0.5,additive,True
0.7658623771224308,0.65625,0.7313432835820896,0.691764705882353,gaussian_noise,SKAB,fold_2,999,4,3,3,0.5,avg_negative_log,10,0.6931,0.9,,234,34,438,0.05505279034690799,True,0.0,True,10.0,0.5,additive,True
0.5969615728328865,0.448,0.5614035087719298,0.4983314794215795,original,SKAB,fold_3,42,4,3,3,0.5,avg_negative_log,10,0.6931,0.9,,243,37,440,0.048937826715604496,True,0.0,True,10.0,0.5,additive,True
0.6032171581769437,0.4537987679671458,0.5538847117794486,0.49887133182844245,gaussian_noise,SKAB,fold_3,42,4,3,3,0.5,avg_negative_log,10,0.6931,0.9,,243,37,440,0.048937826715604496,True,0.0,True,10.0,0.5,additive,True
0.5969615728328865,0.448,0.5614035087719298,0.4983314794215795,original,SKAB,fold_3,123,4,3,3,0.5,avg_negative_log,10,0.6931,0.9,,243,37,440,0.048937826715604496,True,0.0,True,10.0,0.5,additive,True
0.5898123324396782,0.44163424124513617,0.568922305764411,0.49726177437020813,gaussian_noise,SKAB,fold_3,123,4,3,3,0.5,avg_negative_log,10,0.6931,0.9,,243,37,440,0.048937826715604496,True,0.0,True,10.0,0.5,additive,True
0.5969615728328865,0.448,0.5614035087719298,0.4983314794215795,original,SKAB,fold_3,2026,4,3,3,0.5,avg_negative_log,10,0.6931,0.9,,243,37,440,0.048937826715604496,True,0.0,True,10.0,0.5,additive,True
0.5987488829311886,0.4505928853754941,0.5714285714285714,0.5038674033149171,gaussian_noise,SKAB,fold_3,2026,4,3,3,0.5,avg_negative_log,10,0.6931,0.9,,243,37,440,0.048937826715604496,True,0.0,True,10.0,0.5,additive,True
0.5969615728328865,0.448,0.5614035087719298,0.4983314794215795,original,SKAB,fold_3,7,4,3,3,0.5,avg_negative_log,10,0.6931,0.9,,243,37,440,0.048937826715604496,True,0.0,True,10.0,0.5,additive,True
0.613047363717605,0.4669260700389105,0.6015037593984962,0.5257393209200438,gaussian_noise,SKAB,fold_3,7,4,3,3,0.5,avg_negative_log,10,0.6931,0.9,,243,37,440,0.048937826715604496,True,0.0,True,10.0,0.5,additive,True
0.5969615728328865,0.448,0.5614035087719298,0.4983314794215795,original,SKAB,fold_3,999,4,3,3,0.5,avg_negative_log,10,0.6931,0.9,,243,37,440,0.048937826715604496,True,0.0,True,10.0,0.5,additive,True
0.5880250223413762,0.4389763779527559,0.5588972431077694,0.49173098125689085,gaussian_noise,SKAB,fold_3,999,4,3,3,0.5,avg_negative_log,10,0.6931,0.9,,243,37,440,0.048937826715604496,True,0.0,True,10.0,0.5,additive,True
0.34692028985507245,0.13574660633484162,0.15037593984962405,0.1426872770511296,original,SKAB,fold_4,42,4,3,3,0.5,avg_negative_log,10,0.6931,0.9,,241,36,449,0.05175195942830797,True,0.0,True,10.0,0.5,additive,True
0.33605072463768115,0.13537117903930132,0.15538847117794485,0.14469078179696615,gaussian_noise,SKAB,fold_4,42,4,3,3,0.5,avg_negative_log,10,0.6931,0.9,,241,36,449,0.05175195942830797,True,0.0,True,10.0,0.5,additive,True
0.34692028985507245,0.13574660633484162,0.15037593984962405,0.1426872770511296,original,SKAB,fold_4,123,4,3,3,0.5,avg_negative_log,10,0.6931,0.9,,241,36,449,0.05175195942830797,True,0.0,True,10.0,0.5,additive,True
0.3432971014492754,0.13452914798206278,0.15037593984962405,0.14201183431952663,gaussian_noise,SKAB,fold_4,123,4,3,3,0.5,avg_negative_log,10,0.6931,0.9,,241,36,449,0.05175195942830797,True,0.0,True,10.0,0.5,additive,True
0.34692028985507245,0.13574660633484162,0.15037593984962405,0.1426872770511296,original,SKAB,fold_4,2026,4,3,3,0.5,avg_negative_log,10,0.6931,0.9,,241,36,449,0.05175195942830797,True,0.0,True,10.0,0.5,additive,True
0.33967391304347827,0.13495575221238937,0.15288220551378445,0.14336075205640422,gaussian_noise,SKAB,fold_4,2026,4,3,3,0.5,avg_negative_log,10,0.6931,0.9,,241,36,449,0.05175195942830797,True,0.0,True,10.0,0.5,additive,True
0.34692028985507245,0.13574660633484162,0.15037593984962405,0.1426872770511296,original,SKAB,fold_4,7,4,3,3,0.5,avg_negative_log,10,0.6931,0.9,,241,36,449,0.05175195942830797,True,0.0,True,10.0,0.5,additive,True
0.34782608695652173,0.13439635535307518,0.14786967418546365,0.14081145584725538,gaussian_noise,SKAB,fold_4,7,4,3,3,0.5,avg_negative_log,10,0.6931,0.9,,241,36,449,0.05175195942830797,True,0.0,True,10.0,0.5,additive,True
0.34692028985507245,0.13574660633484162,0.15037593984962405,0.1426872770511296,original,SKAB,fold_4,999,4,3,3,0.5,avg_negative_log,10,0.6931,0.9,,241,36,449,0.05175195942830797,True,0.0,True,10.0,0.5,additive,True
0.3342391304347826,0.13157894736842105,0.15037593984962405,0.14035087719298245,gaussian_noise,SKAB,fold_4,999,4,3,3,0.5,avg_negative_log,10,0.6931,0.9,,241,36,449,0.05175195942830797,True,0.0,True,10.0,0.5,additive,True
0.6153846153846154,0.47715736040609136,0.9423558897243107,0.6335299073294018,original,SKAB,fold_5,42,4,3,3,0.5,avg_negative_log,10,0.6931,0.9,,225,36,389,0.048024691358024695,True,0.0,True,10.0,0.5,additive,True
0.610079575596817,0.4734848484848485,0.9398496240601504,0.6297229219143576,gaussian_noise,SKAB,fold_5,42,4,3,3,0.5,avg_negative_log,10,0.6931,0.9,,225,36,389,0.048024691358024695,True,0.0,True,10.0,0.5,additive,True
0.6153846153846154,0.47715736040609136,0.9423558897243107,0.6335299073294018,original,SKAB,fold_5,123,4,3,3,0.5,avg_negative_log,10,0.6931,0.9,,225,36,389,0.048024691358024695,True,0.0,True,10.0,0.5,additive,True
0.6127320954907162,0.4745762711864407,0.9122807017543859,0.6243567753001715,gaussian_noise,SKAB,fold_5,123,4,3,3,0.5,avg_negative_log,10,0.6931,0.9,,225,36,389,0.048024691358024695,True,0.0,True,10.0,0.5,additive,True
0.6153846153846154,0.47715736040609136,0.9423558897243107,0.6335299073294018,original,SKAB,fold_5,2026,4,3,3,0.5,avg_negative_log,10,0.6931,0.9,,225,36,389,0.048024691358024695,True,0.0,True,10.0,0.5,additive,True
0.6224580017683466,0.48267326732673266,0.9774436090225563,0.6462303231151616,gaussian_noise,SKAB,fold_5,2026,4,3,3,0.5,avg_negative_log,10,0.6931,0.9,,225,36,389,0.048024691358024695,True,0.0,True,10.0,0.5,additive,True
0.6153846153846154,0.47715736040609136,0.9423558897243107,0.6335299073294018,original,SKAB,fold_5,7,4,3,3,0.5,avg_negative_log,10,0.6931,0.9,,225,36,389,0.048024691358024695,True,0.0,True,10.0,0.5,additive,True
0.5977011494252874,0.4648241206030151,0.9273182957393483,0.6192468619246861,gaussian_noise,SKAB,fold_5,7,4,3,3,0.5,avg_negative_log,10,0.6931,0.9,,225,36,389,0.048024691358024695,True,0.0,True,10.0,0.5,additive,True
0.6153846153846154,0.47715736040609136,0.9423558897243107,0.6335299073294018,original,SKAB,fold_5,999,4,3,3,0.5,avg_negative_log,10,0.6931,0.9,,225,36,389,0.048024691358024695,True,0.0,True,10.0,0.5,additive,True
0.5826702033598585,0.4540880503144654,0.9047619047619048,0.6046901172529313,gaussian_noise,SKAB,fold_5,999,4,3,3,0.5,avg_negative_log,10,0.6931,0.9,,225,36,389,0.048024691358024695,True,0.0,True,10.0,0.5,additive,True
0.686553873552983,0.7752808988764045,0.17206982543640897,0.2816326530612245,original,SKAB,fold_1,42,4,3,3,0.5,avg_negative_log,10,0.9163,0.9,,225,35,400,0.050793650793650794,True,0.0,True,10.0,0.5,additive,True
0.6883348174532502,0.7575757575757576,0.18703241895261846,0.3,gaussian_noise,SKAB,fold_1,42,4,3,3,0.5,avg_negative_log,10,0.9163,0.9,,225,35,400,0.050793650793650794,True,0.0,True,10.0,0.5,additive,True
0.686553873552983,0.7752808988764045,0.17206982543640897,0.2816326530612245,original,SKAB,fold_1,123,4,3,3,0.5,avg_negative_log,10,0.9163,0.9,,225,35,400,0.050793650793650794,True,0.0,True,10.0,0.5,additive,True
0.6749777382012466,0.7368421052631579,0.1396508728179551,0.2348008385744235,gaussian_noise,SKAB,fold_1,123,4,3,3,0.5,avg_negative_log,10,0.9163,0.9,,225,35,400,0.050793650793650794,True,0.0,True,10.0,0.5,additive,True
0.686553873552983,0.7752808988764045,0.17206982543640897,0.2816326530612245,original,SKAB,fold_1,2026,4,3,3,0.5,avg_negative_log,10,0.9163,0.9,,225,35,400,0.050793650793650794,True,0.0,True,10.0,0.5,additive,True
0.6812110418521816,0.7171717171717171,0.1770573566084788,0.284,gaussian_noise,SKAB,fold_1,2026,4,3,3,0.5,avg_negative_log,10,0.9163,0.9,,225,35,400,0.050793650793650794,True,0.0,True,10.0,0.5,additive,True
0.686553873552983,0.7752808988764045,0.17206982543640897,0.2816326530612245,original,SKAB,fold_1,7,4,3,3,0.5,avg_negative_log,10,0.9163,0.9,,225,35,400,0.050793650793650794,True,0.0,True,10.0,0.5,additive,True
0.684772929652716,0.7473684210526316,0.1770573566084788,0.2862903225806452,gaussian_noise,SKAB,fold_1,7,4,3,3,0.5,avg_negative_log,10,0.9163,0.9,,225,35,400,0.050793650793650794,True,0.0,True,10.0,0.5,additive,True
0.686553873552983,0.7752808988764045,0.17206982543640897,0.2816326530612245,original,SKAB,fold_1,999,4,3,3,0.5,avg_negative_log,10,0.9163,0.9,,225,35,400,0.050793650793650794,True,0.0,True,10.0,0.5,additive,True
0.674087266251113,0.7333333333333333,0.1371571072319202,0.23109243697478993,gaussian_noise,SKAB,fold_1,999,4,3,3,0.5,avg_negative_log,10,0.9163,0.9,,225,35,400,0.050793650793650794,True,0.0,True,10.0,0.5,additive,True
0.7855227882037533,0.7165775401069518,0.6666666666666666,0.6907216494845361,original,SKAB,fold_2,42,4,3,3,0.5,avg_negative_log,10,0.9163,0.9,,234,34,438,0.05505279034690799,True,0.0,True,10.0,0.5,additive,True
0.7873100983020554,0.7081218274111675,0.6940298507462687,0.7010050251256281,gaussian_noise,SKAB,fold_2,42,4,3,3,0.5,avg_negative_log,10,0.9163,0.9,,234,34,438,0.05505279034690799,True,0.0,True,10.0,0.5,additive,True
0.7855227882037533,0.7165775401069518,0.6666666666666666,0.6907216494845361,original,SKAB,fold_2,123,4,3,3,0.5,avg_negative_log,10,0.9163,0.9,,234,34,438,0.05505279034690799,True,0.0,True,10.0,0.5,additive,True
0.8096514745308311,0.7368421052631579,0.7313432835820896,0.7340823970037453,gaussian_noise,SKAB,fold_2,123,4,3,3,0.5,avg_negative_log,10,0.9163,0.9,,234,34,438,0.05505279034690799,True,0.0,True,10.0,0.5,additive,True
0.7855227882037533,0.7165775401069518,0.6666666666666666,0.6907216494845361,original,SKAB,fold_2,2026,4,3,3,0.5,avg_negative_log,10,0.9163,0.9,,234,34,438,0.05505279034690799,True,0.0,True,10.0,0.5,additive,True
0.7935656836461126,0.708029197080292,0.7238805970149254,0.7158671586715867,gaussian_noise,SKAB,fold_2,2026,4,3,3,0.5,avg_negative_log,10,0.9163,0.9,,234,34,438,0.05505279034690799,True,0.0,True,10.0,0.5,additive,True
0.7855227882037533,0.7165775401069518,0.6666666666666666,0.6907216494845361,original,SKAB,fold_2,7,4,3,3,0.5,avg_negative_log,10,0.9163,0.9,,234,34,438,0.05505279034690799,True,0.0,True,10.0,0.5,additive,True
0.7989276139410187,0.7218045112781954,0.7164179104477612,0.7191011235955056,gaussian_noise,SKAB,fold_2,7,4,3,3,0.5,avg_negative_log,10,0.9163,0.9,,234,34,438,0.05505279034690799,True,0.0,True,10.0,0.5,additive,True
0.7855227882037533,0.7165775401069518,0.6666666666666666,0.6907216494845361,original,SKAB,fold_2,999,4,3,3,0.5,avg_negative_log,10,0.9163,0.9,,234,34,438,0.05505279034690799,True,0.0,True,10.0,0.5,additive,True
0.7864164432529044,0.7150395778364116,0.6741293532338308,0.6939820742637645,gaussian_noise,SKAB,fold_2,999,4,3,3,0.5,avg_negative_log,10,0.9163,0.9,,234,34,438,0.05505279034690799,True,0.0,True,10.0,0.5,additive,True
0.5987488829311886,0.4431818181818182,0.48872180451127817,0.464839094159714,original,SKAB,fold_3,42,4,3,3,0.5,avg_negative_log,10,0.9163,0.9,,243,37,440,0.048937826715604496,True,0.0,True,10.0,0.5,additive,True
0.6014298480786416,0.44646924829157175,0.49122807017543857,0.4677804295942721,gaussian_noise,SKAB,fold_3,42,4,3,3,0.5,avg_negative_log,10,0.9163,0.9,,243,37,440,0.048937826715604496,True,0.0,True,10.0,0.5,additive,True
0.5987488829311886,0.4431818181818182,0.48872180451127817,0.464839094159714,original,SKAB,fold_3,123,4,3,3,0.5,avg_negative_log,10,0.9163,0.9,,243,37,440,0.048937826715604496,True,0.0,True,10.0,0.5,additive,True
0.5871313672922251,0.4319654427645788,0.5012531328320802,0.46403712296983757,gaussian_noise,SKAB,fold_3,123,4,3,3,0.5,avg_negative_log,10,0.9163,0.9,,243,37,440,0.048937826715604496,True,0.0,True,10.0,0.5,additive,True
0.5987488829311886,0.4431818181818182,0.48872180451127817,0.464839094159714,original,SKAB,fold_3,2026,4,3,3,0.5,avg_negative_log,10,0.9163,0.9,,243,37,440,0.048937826715604496,True,0.0,True,10.0,0.5,additive,True
0.5907059874888293,0.432183908045977,0.47117794486215536,0.45083932853717024,gaussian_noise,SKAB,fold_3,2026,4,3,3,0.5,avg_negative_log,10,0.9163,0.9,,243,37,440,0.048937826715604496,True,0.0,True,10.0,0.5,additive,True
0.5987488829311886,0.4431818181818182,0.48872180451127817,0.464839094159714,original,SKAB,fold_3,7,4,3,3,0.5,avg_negative_log,10,0.9163,0.9,,243,37,440,0.048937826715604496,True,0.0,True,10.0,0.5,additive,True
0.6041108132260947,0.4517543859649123,0.5162907268170426,0.4818713450292398,gaussian_noise,SKAB,fold_3,7,4,3,3,0.5,avg_negative_log,10,0.9163,0.9,,243,37,440,0.048937826715604496,True,0.0,True,10.0,0.5,additive,True
0.5987488829311886,0.4431818181818182,0.48872180451127817,0.464839094159714,original,SKAB,fold_3,999,4,3,3,0.5,avg_negative_log,10,0.9163,0.9,,243,37,440,0.048937826715604496,True,0.0,True,10.0,0.5,additive,True
0.5844504021447721,0.4243119266055046,0.46365914786967416,0.4431137724550898,gaussian_noise,SKAB,fold_3,999,4,3,3,0.5,avg_negative_log,10,0.9163,0.9,,243,37,440,0.048937826715604496,True,0.0,True,10.0,0.5,additive,True
0.3795289855072464,0.1196808510638298,0.11278195488721804,0.11612903225806452,original,SKAB,fold_4,42,4,3,3,0.5,avg_negative_log,10,0.9163,0.9,,241,36,449,0.05175195942830797,True,0.0,True,10.0,0.5,additive,True
0.36684782608695654,0.11928934010152284,0.11779448621553884,0.11853720050441362,gaussian_noise,SKAB,fold_4,42,4,3,3,0.5,avg_negative_log,10,0.9163,0.9,,241,36,449,0.05175195942830797,True,0.0,True,10.0,0.5,additive,True
0.3795289855072464,0.1196808510638298,0.11278195488721804,0.11612903225806452,original,SKAB,fold_4,123,4,3,3,0.5,avg_negative_log,10,0.9163,0.9,,241,36,449,0.05175195942830797,True,0.0,True,10.0,0.5,additive,True
0.384963768115942,0.11956521739130435,0.11027568922305764,0.11473272490221642,gaussian_noise,SKAB,fold_4,123,4,3,3,0.5,avg_negative_log,10,0.9163,0.9,,241,36,449,0.05175195942830797,True,0.0,True,10.0,0.5,additive,True
0.3795289855072464,0.1196808510638298,0.11278195488721804,0.11612903225806452,original,SKAB,fold_4,2026,4,3,3,0.5,avg_negative_log,10,0.9163,0.9,,241,36,449,0.05175195942830797,True,0.0,True,10.0,0.5,additive,True
0.375,0.11405835543766578,0.10776942355889724,0.11082474226804123,gaussian_noise,SKAB,fold_4,2026,4,3,3,0.5,avg_negative_log,10,0.9163,0.9,,241,36,449,0.05175195942830797,True,0.0,True,10.0,0.5,additive,True
0.3795289855072464,0.1196808510638298,0.11278195488721804,0.11612903225806452,original,SKAB,fold_4,7,4,3,3,0.5,avg_negative_log,10,0.9163,0.9,,241,36,449,0.05175195942830797,True,0.0,True,10.0,0.5,additive,True
0.37318840579710144,0.11345646437994723,0.10776942355889724,0.11053984575835475,gaussian_noise,SKAB,fold_4,7,4,3,3,0.5,avg_negative_log,10,0.9163,0.9,,241,36,449,0.05175195942830797,True,0.0,True,10.0,0.5,additive,True
0.3795289855072464,0.1196808510638298,0.11278195488721804,0.11612903225806452,original,SKAB,fold_4,999,4,3,3,0.5,avg_negative_log,10,0.9163,0.9,,241,36,449,0.05175195942830797,True,0.0,True,10.0,0.5,additive,True
0.36594202898550726,0.1111111111111111,0.10776942355889724,0.10941475826972011,gaussian_noise,SKAB,fold_4,999,4,3,3,0.5,avg_negative_log,10,0.9163,0.9,,241,36,449,0.05175195942830797,True,0.0,True,10.0,0.5,additive,True
0.618921308576481,0.47746478873239434,0.849624060150376,0.6113615870153292,original,SKAB,fold_5,42,4,3,3,0.5,avg_negative_log,10,0.9163,0.9,,225,36,389,0.048024691358024695,True,0.0,True,10.0,0.5,additive,True
0.6374889478337754,0.49235048678720444,0.8872180451127819,0.6332737030411449,gaussian_noise,SKAB,fold_5,42,4,3,3,0.5,avg_negative_log,10,0.9163,0.9,,225,36,389,0.048024691358024695,True,0.0,True,10.0,0.5,additive,True
0.618921308576481,0.47746478873239434,0.849624060150376,0.6113615870153292,original,SKAB,fold_5,123,4,3,3,0.5,avg_negative_log,10,0.9163,0.9,,225,36,389,0.048024691358024695,True,0.0,True,10.0,0.5,additive,True
0.6383731211317418,0.4927536231884058,0.8521303258145363,0.6244260789715336,gaussian_noise,SKAB,fold_5,123,4,3,3,0.5,avg_negative_log,10,0.9163,0.9,,225,36,389,0.048024691358024695,True,0.0,True,10.0,0.5,additive,True
0.618921308576481,0.47746478873239434,0.849624060150376,0.6113615870153292,original,SKAB,fold_5,2026,4,3,3,0.5,avg_negative_log,10,0.9163,0.9,,225,36,389,0.048024691358024695,True,0.0,True,10.0,0.5,additive,True
0.6445623342175066,0.49795918367346936,0.9172932330827067,0.6455026455026455,gaussian_noise,SKAB,fold_5,2026,4,3,3,0.5,avg_negative_log,10,0.9163,0.9,,225,36,389,0.048024691358024695,True,0.0,True,10.0,0.5,additive,True
0.618921308576481,0.47746478873239434,0.849624060150376,0.6113615870153292,original,SKAB,fold_5,7,4,3,3,0.5,avg_negative_log,10,0.9163,0.9,,225,36,389,0.048024691358024695,True,0.0,True,10.0,0.5,additive,True
0.5932802829354553,0.4575799721835883,0.8245614035087719,0.5885509838998211,gaussian_noise,SKAB,fold_5,7,4,3,3,0.5,avg_negative_log,10,0.9163,0.9,,225,36,389,0.048024691358024695,True,0.0,True,10.0,0.5,additive,True
0.618921308576481,0.47746478873239434,0.849624060150376,0.6113615870153292,original,SKAB,fold_5,999,4,3,3,0.5,avg_negative_log,10,0.9163,0.9,,225,36,389,0.048024691358024695,True,0.0,True,10.0,0.5,additive,True
0.6056587091069849,0.46685472496473907,0.8295739348370927,0.5974729241877257,gaussian_noise,SKAB,fold_5,999,4,3,3,0.5,avg_negative_log,10,0.9163,0.9,,225,36,389,0.048024691358024695,True,0.0,True,10.0,0.5,additive,True
0.3634336677814939,0.36201117318435755,1.0,0.5315832649712879,original,SKAB,fold_1,42,5,3,3,0.5,avg_negative_log,10,0.0,0.9,,401,71,654,0.022970742158687787,True,0.0,True,10.0,0.5,additive,True
0.3634336677814939,0.36201117318435755,1.0,0.5315832649712879,gaussian_noise,SKAB,fold_1,42,5,3,3,0.5,avg_negative_log,10,0.0,0.9,,401,71,654,0.022970742158687787,True,0.0,True,10.0,0.5,additive,True
0.3634336677814939,0.36201117318435755,1.0,0.5315832649712879,original,SKAB,fold_1,123,5,3,3,0.5,avg_negative_log,10,0.0,0.9,,401,71,654,0.022970742158687787,True,0.0,True,10.0,0.5,additive,True
0.3634336677814939,0.36201117318435755,1.0,0.5315832649712879,gaussian_noise,SKAB,fold_1,123,5,3,3,0.5,avg_negative_log,10,0.0,0.9,,401,71,654,0.022970742158687787,True,0.0,True,10.0,0.5,additive,True
0.3634336677814939,0.36201117318435755,1.0,0.5315832649712879,original,SKAB,fold_1,2026,5,3,3,0.5,avg_negative_log,10,0.0,0.9,,401,71,654,0.022970742158687787,True,0.0,True,10.0,0.5,additive,True
0.3634336677814939,0.36201117318435755,1.0,0.5315832649712879,gaussian_noise,SKAB,fold_1,2026,5,3,3,0.5,avg_negative_log,10,0.0,0.9,,401,71,654,0.022970742158687787,True,0.0,True,10.0,0.5,additive,True
0.3634336677814939,0.36201117318435755,1.0,0.5315832649712879,original,SKAB,fold_1,7,5,3,3,0.5,avg_negative_log,10,0.0,0.9,,401,71,654,0.022970742158687787,True,0.0,True,10.0,0.5,additive,True
0.3634336677814939,0.36201117318435755,1.0,0.5315832649712879,gaussian_noise,SKAB,fold_1,7,5,3,3,0.5,avg_negative_log,10,0.0,0.9,,401,71,654,0.022970742158687787,True,0.0,True,10.0,0.5,additive,True
0.3634336677814939,0.36201117318435755,1.0,0.5315832649712879,original,SKAB,fold_1,999,5,3,3,0.5,avg_negative_log,10,0.0,0.9,,401,71,654,0.022970742158687787,True,0.0,True,10.0,0.5,additive,True
0.3634336677814939,0.36201117318435755,1.0,0.5315832649712879,gaussian_noise,SKAB,fold_1,999,5,3,3,0.5,avg_negative_log,10,0.0,0.9,,401,71,654,0.022970742158687787,True,0.0,True,10.0,0.5,additive,True
0.3617021276595745,0.3602693602693603,1.0,0.5297029702970297,original,SKAB,fold_2,42,5,3,3,0.5,avg_negative_log,10,0.0,0.9,,419,68,716,0.025129861013617857,True,0.0,True,10.0,0.5,additive,True
0.3617021276595745,0.3602693602693603,1.0,0.5297029702970297,gaussian_noise,SKAB,fold_2,42,5,3,3,0.5,avg_negative_log,10,0.0,0.9,,419,68,716,0.025129861013617857,True,0.0,True,10.0,0.5,additive,True
0.3617021276595745,0.3602693602693603,1.0,0.5297029702970297,original,SKAB,fold_2,123,5,3,3,0.5,avg_negative_log,10,0.0,0.9,,419,68,716,0.025129861013617857,True,0.0,True,10.0,0.5,additive,True
0.3617021276595745,0.3602693602693603,1.0,0.5297029702970297,gaussian_noise,SKAB,fold_2,123,5,3,3,0.5,avg_negative_log,10,0.0,0.9,,419,68,716,0.025129861013617857,True,0.0,True,10.0,0.5,additive,True
0.3617021276595745,0.3602693602693603,1.0,0.5297029702970297,original,SKAB,fold_2,2026,5,3,3,0.5,avg_negative_log,10,0.0,0.9,,419,68,716,0.025129861013617857,True,0.0,True,10.0,0.5,additive,True
0.3617021276595745,0.3602693602693603,1.0,0.5297029702970297,gaussian_noise,SKAB,fold_2,2026,5,3,3,0.5,avg_negative_log,10,0.0,0.9,,419,68,716,0.025129861013617857,True,0.0,True,10.0,0.5,additive,True
0.3617021276595745,0.3602693602693603,1.0,0.5297029702970297,original,SKAB,fold_2,7,5,3,3,0.5,avg_negative_log,10,0.0,0.9,,419,68,716,0.025129861013617857,True,0.0,True,10.0,0.5,additive,True
0.3617021276595745,0.3602693602693603,1.0,0.5297029702970297,gaussian_noise,SKAB,fold_2,7,5,3,3,0.5,avg_negative_log,10,0.0,0.9,,419,68,716,0.025129861013617857,True,0.0,True,10.0,0.5,additive,True
0.3617021276595745,0.3602693602693603,1.0,0.5297029702970297,original,SKAB,fold_2,999,5,3,3,0.5,avg_negative_log,10,0.0,0.9,,419,68,716,0.025129861013617857,True,0.0,True,10.0,0.5,additive,True
0.3617021276595745,0.3602693602693603,1.0,0.5297029702970297,gaussian_noise,SKAB,fold_2,999,5,3,3,0.5,avg_negative_log,10,0.0,0.9,,419,68,716,0.025129861013617857,True,0.0,True,10.0,0.5,additive,True
0.3639417693169093,0.36251402918069586,1.0,0.5321252059308073,original,SKAB,fold_3,42,5,3,3,0.5,avg_negative_log,10,0.0,0.9,,407,69,675,0.024035893601110993,True,0.0,True,10.0,0.5,additive,True
0.3639417693169093,0.36251402918069586,1.0,0.5321252059308073,gaussian_noise,SKAB,fold_3,42,5,3,3,0.5,avg_negative_log,10,0.0,0.9,,407,69,675,0.024035893601110993,True,0.0,True,10.0,0.5,additive,True
0.3639417693169093,0.36251402918069586,1.0,0.5321252059308073,original,SKAB,fold_3,123,5,3,3,0.5,avg_negative_log,10,0.0,0.9,,407,69,675,0.024035893601110993,True,0.0,True,10.0,0.5,additive,True
0.3639417693169093,0.36251402918069586,1.0,0.5321252059308073,gaussian_noise,SKAB,fold_3,123,5,3,3,0.5,avg_negative_log,10,0.0,0.9,,407,69,675,0.024035893601110993,True,0.0,True,10.0,0.5,additive,True
0.3639417693169093,0.36251402918069586,1.0,0.5321252059308073,original,SKAB,fold_3,2026,5,3,3,0.5,avg_negative_log,10,0.0,0.9,,407,69,675,0.024035893601110993,True,0.0,True,10.0,0.5,additive,True
0.3639417693169093,0.36251402918069586,1.0,0.5321252059308073,gaussian_noise,SKAB,fold_3,2026,5,3,3,0.5,avg_negative_log,10,0.0,0.9,,407,69,675,0.024035893601110993,True,0.0,True,10.0,0.5,additive,True
0.3639417693169093,0.36251402918069586,1.0,0.5321252059308073,original,SKAB,fold_3,7,5,3,3,0.5,avg_negative_log,10,0.0,0.9,,407,69,675,0.024035893601110993,True,0.0,True,10.0,0.5,additive,True
0.3639417693169093,0.36251402918069586,1.0,0.5321252059308073,gaussian_noise,SKAB,fold_3,7,5,3,3,0.5,avg_negative_log,10,0.0,0.9,,407,69,675,0.024035893601110993,True,0.0,True,10.0,0.5,additive,True
0.3639417693169093,0.36251402918069586,1.0,0.5321252059308073,original,SKAB,fold_3,999,5,3,3,0.5,avg_negative_log,10,0.0,0.9,,407,69,675,0.024035893601110993,True,0.0,True,10.0,0.5,additive,True
0.3639417693169093,0.36251402918069586,1.0,0.5321252059308073,gaussian_noise,SKAB,fold_3,999,5,3,3,0.5,avg_negative_log,10,0.0,0.9,,407,69,675,0.024035893601110993,True,0.0,True,10.0,0.5,additive,True
0.35527809307604996,0.35381114903299204,1.0,0.5226890756302521,original,SKAB,fold_4,42,5,3,3,0.5,avg_negative_log,10,0.0,0.9,,403,68,670,0.02444898554955481,True,0.0,True,10.0,0.5,additive,True
0.35527809307604996,0.35381114903299204,1.0,0.5226890756302521,gaussian_noise,SKAB,fold_4,42,5,3,3,0.5,avg_negative_log,10,0.0,0.9,,403,68,670,0.02444898554955481,True,0.0,True,10.0,0.5,additive,True
0.35527809307604996,0.35381114903299204,1.0,0.5226890756302521,original,SKAB,fold_4,123,5,3,3,0.5,avg_negative_log,10,0.0,0.9,,403,68,670,0.02444898554955481,True,0.0,True,10.0,0.5,additive,True
0.35527809307604996,0.35381114903299204,1.0,0.5226890756302521,gaussian_noise,SKAB,fold_4,123,5,3,3,0.5,avg_negative_log,10,0.0,0.9,,403,68,670,0.02444898554955481,True,0.0,True,10.0,0.5,additive,True
0.35527809307604996,0.35381114903299204,1.0,0.5226890756302521,original,SKAB,fold_4,2026,5,3,3,0.5,avg_negative_log,10,0.0,0.9,,403,68,670,0.02444898554955481,True,0.0,True,10.0,0.5,additive,True
0.35527809307604996,0.35381114903299204,1.0,0.5226890756302521,gaussian_noise,SKAB,fold_4,2026,5,3,3,0.5,avg_negative_log,10,0.0,0.9,,403,68,670,0.02444898554955481,True,0.0,True,10.0,0.5,additive,True
0.35527809307604996,0.35381114903299204,1.0,0.5226890756302521,original,SKAB,fold_4,7,5,3,3,0.5,avg_negative_log,10,0.0,0.9,,403,68,670,0.02444898554955481,True,0.0,True,10.0,0.5,additive,True
0.35527809307604996,0.35381114903299204,1.0,0.5226890756302521,gaussian_noise,SKAB,fold_4,7,5,3,3,0.5,avg_negative_log,10,0.0,0.9,,403,68,670,0.02444898554955481,True,0.0,True,10.0,0.5,additive,True
0.35527809307604996,0.35381114903299204,1.0,0.5226890756302521,original,SKAB,fold_4,999,5,3,3,0.5,avg_negative_log,10,0.0,0.9,,403,68,670,0.02444898554955481,True,0.0,True,10.0,0.5,additive,True
0.35527809307604996,0.35381114903299204,1.0,0.5226890756302521,gaussian_noise,SKAB,fold_4,999,5,3,3,0.5,avg_negative_log,10,0.0,0.9,,403,68,670,0.02444898554955481,True,0.0,True,10.0,0.5,additive,True
0.3687707641196013,0.36736958934517205,1.0,0.5373376623376623,original,SKAB,fold_5,42,5,3,3,0.5,avg_negative_log,10,0.0,0.9,,368,64,606,0.02573029891304348,True,0.0,True,10.0,0.5,additive,True
0.3687707641196013,0.36736958934517205,1.0,0.5373376623376623,gaussian_noise,SKAB,fold_5,42,5,3,3,0.5,avg_negative_log,10,0.0,0.9,,368,64,606,0.02573029891304348,True,0.0,True,10.0,0.5,additive,True
0.3687707641196013,0.36736958934517205,1.0,0.5373376623376623,original,SKAB,fold_5,123,5,3,3,0.5,avg_negative_log,10,0.0,0.9,,368,64,606,0.02573029891304348,True,0.0,True,10.0,0.5,additive,True
0.3687707641196013,0.36736958934517205,1.0,0.5373376623376623,gaussian_noise,SKAB,fold_5,123,5,3,3,0.5,avg_negative_log,10,0.0,0.9,,368,64,606,0.02573029891304348,True,0.0,True,10.0,0.5,additive,True
0.3687707641196013,0.36736958934517205,1.0,0.5373376623376623,original,SKAB,fold_5,2026,5,3,3,0.5,avg_negative_log,10,0.0,0.9,,368,64,606,0.02573029891304348,True,0.0,True,10.0,0.5,additive,True
0.3687707641196013,0.36736958934517205,1.0,0.5373376623376623,gaussian_noise,SKAB,fold_5,2026,5,3,3,0.5,avg_negative_log,10,0.0,0.9,,368,64,606,0.02573029891304348,True,0.0,True,10.0,0.5,additive,True
0.3687707641196013,0.36736958934517205,1.0,0.5373376623376623,original,SKAB,fold_5,7,5,3,3,0.5,avg_negative_log,10,0.0,0.9,,368,64,606,0.02573029891304348,True,0.0,True,10.0,0.5,additive,True
0.3687707641196013,0.36736958934517205,1.0,0.5373376623376623,gaussian_noise,SKAB,fold_5,7,5,3,3,0.5,avg_negative_log,10,0.0,0.9,,368,64,606,0.02573029891304348,True,0.0,True,10.0,0.5,additive,True
0.3687707641196013,0.36736958934517205,1.0,0.5373376623376623,original,SKAB,fold_5,999,5,3,3,0.5,avg_negative_log,10,0.0,0.9,,368,64,606,0.02573029891304348,True,0.0,True,10.0,0.5,additive,True
0.3687707641196013,0.36736958934517205,1.0,0.5373376623376623,gaussian_noise,SKAB,fold_5,999,5,3,3,0.5,avg_negative_log,10,0.0,0.9,,368,64,606,0.02573029891304348,True,0.0,True,10.0,0.5,additive,True
0.3634336677814939,0.36201117318435755,1.0,0.5315832649712879,original,SKAB,fold_1,42,5,3,3,0.5,avg_negative_log,10,0.001,0.9,,401,71,654,0.022970742158687787,True,0.0,True,10.0,0.5,additive,True
0.3634336677814939,0.36201117318435755,1.0,0.5315832649712879,gaussian_noise,SKAB,fold_1,42,5,3,3,0.5,avg_negative_log,10,0.001,0.9,,401,71,654,0.022970742158687787,True,0.0,True,10.0,0.5,additive,True
0.3634336677814939,0.36201117318435755,1.0,0.5315832649712879,original,SKAB,fold_1,123,5,3,3,0.5,avg_negative_log,10,0.001,0.9,,401,71,654,0.022970742158687787,True,0.0,True,10.0,0.5,additive,True
0.3634336677814939,0.36201117318435755,1.0,0.5315832649712879,gaussian_noise,SKAB,fold_1,123,5,3,3,0.5,avg_negative_log,10,0.001,0.9,,401,71,654,0.022970742158687787,True,0.0,True,10.0,0.5,additive,True
0.3634336677814939,0.36201117318435755,1.0,0.5315832649712879,original,SKAB,fold_1,2026,5,3,3,0.5,avg_negative_log,10,0.001,0.9,,401,71,654,0.022970742158687787,True,0.0,True,10.0,0.5,additive,True
0.3634336677814939,0.36201117318435755,1.0,0.5315832649712879,gaussian_noise,SKAB,fold_1,2026,5,3,3,0.5,avg_negative_log,10,0.001,0.9,,401,71,654,0.022970742158687787,True,0.0,True,10.0,0.5,additive,True
0.3634336677814939,0.36201117318435755,1.0,0.5315832649712879,original,SKAB,fold_1,7,5,3,3,0.5,avg_negative_log,10,0.001,0.9,,401,71,654,0.022970742158687787,True,0.0,True,10.0,0.5,additive,True
0.3634336677814939,0.36201117318435755,1.0,0.5315832649712879,gaussian_noise,SKAB,fold_1,7,5,3,3,0.5,avg_negative_log,10,0.001,0.9,,401,71,654,0.022970742158687787,True,0.0,True,10.0,0.5,additive,True
0.3634336677814939,0.36201117318435755,1.0,0.5315832649712879,original,SKAB,fold_1,999,5,3,3,0.5,avg_negative_log,10,0.001,0.9,,401,71,654,0.022970742158687787,True,0.0,True,10.0,0.5,additive,True
0.3634336677814939,0.36201117318435755,1.0,0.5315832649712879,gaussian_noise,SKAB,fold_1,999,5,3,3,0.5,avg_negative_log,10,0.001,0.9,,401,71,654,0.022970742158687787,True,0.0,True,10.0,0.5,additive,True
0.3617021276595745,0.3602693602693603,1.0,0.5297029702970297,original,SKAB,fold_2,42,5,3,3,0.5,avg_negative_log,10,0.001,0.9,,419,68,716,0.025129861013617857,True,0.0,True,10.0,0.5,additive,True
0.3617021276595745,0.3602693602693603,1.0,0.5297029702970297,gaussian_noise,SKAB,fold_2,42,5,3,3,0.5,avg_negative_log,10,0.001,0.9,,419,68,716,0.025129861013617857,True,0.0,True,10.0,0.5,additive,True
0.3617021276595745,0.3602693602693603,1.0,0.5297029702970297,original,SKAB,fold_2,123,5,3,3,0.5,avg_negative_log,10,0.001,0.9,,419,68,716,0.025129861013617857,True,0.0,True,10.0,0.5,additive,True
0.3617021276595745,0.3602693602693603,1.0,0.5297029702970297,gaussian_noise,SKAB,fold_2,123,5,3,3,0.5,avg_negative_log,10,0.001,0.9,,419,68,716,0.025129861013617857,True,0.0,True,10.0,0.5,additive,True
0.3617021276595745,0.3602693602693603,1.0,0.5297029702970297,original,SKAB,fold_2,2026,5,3,3,0.5,avg_negative_log,10,0.001,0.9,,419,68,716,0.025129861013617857,True,0.0,True,10.0,0.5,additive,True
0.3617021276595745,0.3602693602693603,1.0,0.5297029702970297,gaussian_noise,SKAB,fold_2,2026,5,3,3,0.5,avg_negative_log,10,0.001,0.9,,419,68,716,0.025129861013617857,True,0.0,True,10.0,0.5,additive,True
0.3617021276595745,0.3602693602693603,1.0,0.5297029702970297,original,SKAB,fold_2,7,5,3,3,0.5,avg_negative_log,10,0.001,0.9,,419,68,716,0.025129861013617857,True,0.0,True,10.0,0.5,additive,True
0.3617021276595745,0.3602693602693603,1.0,0.5297029702970297,gaussian_noise,SKAB,fold_2,7,5,3,3,0.5,avg_negative_log,10,0.001,0.9,,419,68,716,0.025129861013617857,True,0.0,True,10.0,0.5,additive,True
0.3617021276595745,0.3602693602693603,1.0,0.5297029702970297,original,SKAB,fold_2,999,5,3,3,0.5,avg_negative_log,10,0.001,0.9,,419,68,716,0.025129861013617857,True,0.0,True,10.0,0.5,additive,True
0.3617021276595745,0.3602693602693603,1.0,0.5297029702970297,gaussian_noise,SKAB,fold_2,999,5,3,3,0.5,avg_negative_log,10,0.001,0.9,,419,68,716,0.025129861013617857,True,0.0,True,10.0,0.5,additive,True
0.3639417693169093,0.36251402918069586,1.0,0.5321252059308073,original,SKAB,fold_3,42,5,3,3,0.5,avg_negative_log,10,0.001,0.9,,407,69,675,0.024035893601110993,True,0.0,True,10.0,0.5,additive,True
0.3639417693169093,0.36251402918069586,1.0,0.5321252059308073,gaussian_noise,SKAB,fold_3,42,5,3,3,0.5,avg_negative_log,10,0.001,0.9,,407,69,675,0.024035893601110993,True,0.0,True,10.0,0.5,additive,True
0.3639417693169093,0.36251402918069586,1.0,0.5321252059308073,original,SKAB,fold_3,123,5,3,3,0.5,avg_negative_log,10,0.001,0.9,,407,69,675,0.024035893601110993,True,0.0,True,10.0,0.5,additive,True
0.3639417693169093,0.36251402918069586,1.0,0.5321252059308073,gaussian_noise,SKAB,fold_3,123,5,3,3,0.5,avg_negative_log,10,0.001,0.9,,407,69,675,0.024035893601110993,True,0.0,True,10.0,0.5,additive,True
0.3639417693169093,0.36251402918069586,1.0,0.5321252059308073,original,SKAB,fold_3,2026,5,3,3,0.5,avg_negative_log,10,0.001,0.9,,407,69,675,0.024035893601110993,True,0.0,True,10.0,0.5,additive,True
0.3639417693169093,0.36251402918069586,1.0,0.5321252059308073,gaussian_noise,SKAB,fold_3,2026,5,3,3,0.5,avg_negative_log,10,0.001,0.9,,407,69,675,0.024035893601110993,True,0.0,True,10.0,0.5,additive,True
0.3639417693169093,0.36251402918069586,1.0,0.5321252059308073,original,SKAB,fold_3,7,5,3,3,0.5,avg_negative_log,10,0.001,0.9,,407,69,675,0.024035893601110993,True,0.0,True,10.0,0.5,additive,True
0.3639417693169093,0.36251402918069586,1.0,0.5321252059308073,gaussian_noise,SKAB,fold_3,7,5,3,3,0.5,avg_negative_log,10,0.001,0.9,,407,69,675,0.024035893601110993,True,0.0,True,10.0,0.5,additive,True
0.3639417693169093,0.36251402918069586,1.0,0.5321252059308073,original,SKAB,fold_3,999,5,3,3,0.5,avg_negative_log,10,0.001,0.9,,407,69,675,0.024035893601110993,True,0.0,True,10.0,0.5,additive,True
0.3639417693169093,0.36251402918069586,1.0,0.5321252059308073,gaussian_noise,SKAB,fold_3,999,5,3,3,0.5,avg_negative_log,10,0.001,0.9,,407,69,675,0.024035893601110993,True,0.0,True,10.0,0.5,additive,True
0.35527809307604996,0.35381114903299204,1.0,0.5226890756302521,original,SKAB,fold_4,42,5,3,3,0.5,avg_negative_log,10,0.001,0.9,,403,68,670,0.02444898554955481,True,0.0,True,10.0,0.5,additive,True
0.35527809307604996,0.35381114903299204,1.0,0.5226890756302521,gaussian_noise,SKAB,fold_4,42,5,3,3,0.5,avg_negative_log,10,0.001,0.9,,403,68,670,0.02444898554955481,True,0.0,True,10.0,0.5,additive,True
0.35527809307604996,0.35381114903299204,1.0,0.5226890756302521,original,SKAB,fold_4,123,5,3,3,0.5,avg_negative_log,10,0.001,0.9,,403,68,670,0.02444898554955481,True,0.0,True,10.0,0.5,additive,True
0.35527809307604996,0.35381114903299204,1.0,0.5226890756302521,gaussian_noise,SKAB,fold_4,123,5,3,3,0.5,avg_negative_log,10,0.001,0.9,,403,68,670,0.02444898554955481,True,0.0,True,10.0,0.5,additive,True
0.35527809307604996,0.35381114903299204,1.0,0.5226890756302521,original,SKAB,fold_4,2026,5,3,3,0.5,avg_negative_log,10,0.001,0.9,,403,68,670,0.02444898554955481,True,0.0,True,10.0,0.5,additive,True
0.35527809307604996,0.35381114903299204,1.0,0.5226890756302521,gaussian_noise,SKAB,fold_4,2026,5,3,3,0.5,avg_negative_log,10,0.001,0.9,,403,68,670,0.02444898554955481,True,0.0,True,10.0,0.5,additive,True
0.35527809307604996,0.35381114903299204,1.0,0.5226890756302521,original,SKAB,fold_4,7,5,3,3,0.5,avg_negative_log,10,0.001,0.9,,403,68,670,0.02444898554955481,True,0.0,True,10.0,0.5,additive,True
0.35527809307604996,0.35381114903299204,1.0,0.5226890756302521,gaussian_noise,SKAB,fold_4,7,5,3,3,0.5,avg_negative_log,10,0.001,0.9,,403,68,670,0.02444898554955481,True,0.0,True,10.0,0.5,additive,True
0.35527809307604996,0.35381114903299204,1.0,0.5226890756302521,original,SKAB,fold_4,999,5,3,3,0.5,avg_negative_log,10,0.001,0.9,,403,68,670,0.02444898554955481,True,0.0,True,10.0,0.5,additive,True
0.35527809307604996,0.35381114903299204,1.0,0.5226890756302521,gaussian_noise,SKAB,fold_4,999,5,3,3,0.5,avg_negative_log,10,0.001,0.9,,403,68,670,0.02444898554955481,True,0.0,True,10.0,0.5,additive,True
0.3687707641196013,0.36736958934517205,1.0,0.5373376623376623,original,SKAB,fold_5,42,5,3,3,0.5,avg_negative_log,10,0.001,0.9,,368,64,606,0.02573029891304348,True,0.0,True,10.0,0.5,additive,True
0.3687707641196013,0.36736958934517205,1.0,0.5373376623376623,gaussian_noise,SKAB,fold_5,42,5,3,3,0.5,avg_negative_log,10,0.001,0.9,,368,64,606,0.02573029891304348,True,0.0,True,10.0,0.5,additive,True
0.3687707641196013,0.36736958934517205,1.0,0.5373376623376623,original,SKAB,fold_5,123,5,3,3,0.5,avg_negative_log,10,0.001,0.9,,368,64,606,0.02573029891304348,True,0.0,True,10.0,0.5,additive,True
0.3687707641196013,0.36736958934517205,1.0,0.5373376623376623,gaussian_noise,SKAB,fold_5,123,5,3,3,0.5,avg_negative_log,10,0.001,0.9,,368,64,606,0.02573029891304348,True,0.0,True,10.0,0.5,additive,True
0.3687707641196013,0.36736958934517205,1.0,0.5373376623376623,original,SKAB,fold_5,2026,5,3,3,0.5,avg_negative_log,10,0.001,0.9,,368,64,606,0.02573029891304348,True,0.0,True,10.0,0.5,additive,True
0.3687707641196013,0.36736958934517205,1.0,0.5373376623376623,gaussian_noise,SKAB,fold_5,2026,5,3,3,0.5,avg_negative_log,10,0.001,0.9,,368,64,606,0.02573029891304348,True,0.0,True,10.0,0.5,additive,True
0.3687707641196013,0.36736958934517205,1.0,0.5373376623376623,original,SKAB,fold_5,7,5,3,3,0.5,avg_negative_log,10,0.001,0.9,,368,64,606,0.02573029891304348,True,0.0,True,10.0,0.5,additive,True
0.3687707641196013,0.36736958934517205,1.0,0.5373376623376623,gaussian_noise,SKAB,fold_5,7,5,3,3,0.5,avg_negative_log,10,0.001,0.9,,368,64,606,0.02573029891304348,True,0.0,True,10.0,0.5,additive,True
0.3687707641196013,0.36736958934517205,1.0,0.5373376623376623,original,SKAB,fold_5,999,5,3,3,0.5,avg_negative_log,10,0.001,0.9,,368,64,606,0.02573029891304348,True,0.0,True,10.0,0.5,additive,True
0.3687707641196013,0.36736958934517205,1.0,0.5373376623376623,gaussian_noise,SKAB,fold_5,999,5,3,3,0.5,avg_negative_log,10,0.001,0.9,,368,64,606,0.02573029891304348,True,0.0,True,10.0,0.5,additive,True
0.3634336677814939,0.36201117318435755,1.0,0.5315832649712879,original,SKAB,fold_1,42,5,3,3,0.5,avg_negative_log,10,0.005,0.9,,401,71,654,0.022970742158687787,True,0.0,True,10.0,0.5,additive,True
0.3634336677814939,0.36201117318435755,1.0,0.5315832649712879,gaussian_noise,SKAB,fold_1,42,5,3,3,0.5,avg_negative_log,10,0.005,0.9,,401,71,654,0.022970742158687787,True,0.0,True,10.0,0.5,additive,True
0.3634336677814939,0.36201117318435755,1.0,0.5315832649712879,original,SKAB,fold_1,123,5,3,3,0.5,avg_negative_log,10,0.005,0.9,,401,71,654,0.022970742158687787,True,0.0,True,10.0,0.5,additive,True
0.3634336677814939,0.36201117318435755,1.0,0.5315832649712879,gaussian_noise,SKAB,fold_1,123,5,3,3,0.5,avg_negative_log,10,0.005,0.9,,401,71,654,0.022970742158687787,True,0.0,True,10.0,0.5,additive,True
0.3634336677814939,0.36201117318435755,1.0,0.5315832649712879,original,SKAB,fold_1,2026,5,3,3,0.5,avg_negative_log,10,0.005,0.9,,401,71,654,0.022970742158687787,True,0.0,True,10.0,0.5,additive,True
0.3634336677814939,0.36201117318435755,1.0,0.5315832649712879,gaussian_noise,SKAB,fold_1,2026,5,3,3,0.5,avg_negative_log,10,0.005,0.9,,401,71,654,0.022970742158687787,True,0.0,True,10.0,0.5,additive,True
0.3634336677814939,0.36201117318435755,1.0,0.5315832649712879,original,SKAB,fold_1,7,5,3,3,0.5,avg_negative_log,10,0.005,0.9,,401,71,654,0.022970742158687787,True,0.0,True,10.0,0.5,additive,True
0.3634336677814939,0.36201117318435755,1.0,0.5315832649712879,gaussian_noise,SKAB,fold_1,7,5,3,3,0.5,avg_negative_log,10,0.005,0.9,,401,71,654,0.022970742158687787,True,0.0,True,10.0,0.5,additive,True
0.3634336677814939,0.36201117318435755,1.0,0.5315832649712879,original,SKAB,fold_1,999,5,3,3,0.5,avg_negative_log,10,0.005,0.9,,401,71,654,0.022970742158687787,True,0.0,True,10.0,0.5,additive,True
0.3634336677814939,0.36201117318435755,1.0,0.5315832649712879,gaussian_noise,SKAB,fold_1,999,5,3,3,0.5,avg_negative_log,10,0.005,0.9,,401,71,654,0.022970742158687787,True,0.0,True,10.0,0.5,additive,True
0.3617021276595745,0.3602693602693603,1.0,0.5297029702970297,original,SKAB,fold_2,42,5,3,3,0.5,avg_negative_log,10,0.005,0.9,,419,68,716,0.025129861013617857,True,0.0,True,10.0,0.5,additive,True
0.3617021276595745,0.3602693602693603,1.0,0.5297029702970297,gaussian_noise,SKAB,fold_2,42,5,3,3,0.5,avg_negative_log,10,0.005,0.9,,419,68,716,0.025129861013617857,True,0.0,True,10.0,0.5,additive,True
0.3617021276595745,0.3602693602693603,1.0,0.5297029702970297,original,SKAB,fold_2,123,5,3,3,0.5,avg_negative_log,10,0.005,0.9,,419,68,716,0.025129861013617857,True,0.0,True,10.0,0.5,additive,True
0.3617021276595745,0.3602693602693603,1.0,0.5297029702970297,gaussian_noise,SKAB,fold_2,123,5,3,3,0.5,avg_negative_log,10,0.005,0.9,,419,68,716,0.025129861013617857,True,0.0,True,10.0,0.5,additive,True
0.3617021276595745,0.3602693602693603,1.0,0.5297029702970297,original,SKAB,fold_2,2026,5,3,3,0.5,avg_negative_log,10,0.005,0.9,,419,68,716,0.025129861013617857,True,0.0,True,10.0,0.5,additive,True
0.3617021276595745,0.3602693602693603,1.0,0.5297029702970297,gaussian_noise,SKAB,fold_2,2026,5,3,3,0.5,avg_negative_log,10,0.005,0.9,,419,68,716,0.025129861013617857,True,0.0,True,10.0,0.5,additive,True
0.3617021276595745,0.3602693602693603,1.0,0.5297029702970297,original,SKAB,fold_2,7,5,3,3,0.5,avg_negative_log,10,0.005,0.9,,419,68,716,0.025129861013617857,True,0.0,True,10.0,0.5,additive,True
0.3617021276595745,0.3602693602693603,1.0,0.5297029702970297,gaussian_noise,SKAB,fold_2,7,5,3,3,0.5,avg_negative_log,10,0.005,0.9,,419,68,716,0.025129861013617857,True,0.0,True,10.0,0.5,additive,True
0.3617021276595745,0.3602693602693603,1.0,0.5297029702970297,original,SKAB,fold_2,999,5,3,3,0.5,avg_negative_log,10,0.005,0.9,,419,68,716,0.025129861013617857,True,0.0,True,10.0,0.5,additive,True
0.3617021276595745,0.3602693602693603,1.0,0.5297029702970297,gaussian_noise,SKAB,fold_2,999,5,3,3,0.5,avg_negative_log,10,0.005,0.9,,419,68,716,0.025129861013617857,True,0.0,True,10.0,0.5,additive,True
0.3639417693169093,0.36251402918069586,1.0,0.5321252059308073,original,SKAB,fold_3,42,5,3,3,0.5,avg_negative_log,10,0.005,0.9,,407,69,675,0.024035893601110993,True,0.0,True,10.0,0.5,additive,True
0.3639417693169093,0.36251402918069586,1.0,0.5321252059308073,gaussian_noise,SKAB,fold_3,42,5,3,3,0.5,avg_negative_log,10,0.005,0.9,,407,69,675,0.024035893601110993,True,0.0,True,10.0,0.5,additive,True
0.3639417693169093,0.36251402918069586,1.0,0.5321252059308073,original,SKAB,fold_3,123,5,3,3,0.5,avg_negative_log,10,0.005,0.9,,407,69,675,0.024035893601110993,True,0.0,True,10.0,0.5,additive,True
0.3639417693169093,0.36251402918069586,1.0,0.5321252059308073,gaussian_noise,SKAB,fold_3,123,5,3,3,0.5,avg_negative_log,10,0.005,0.9,,407,69,675,0.024035893601110993,True,0.0,True,10.0,0.5,additive,True
0.3639417693169093,0.36251402918069586,1.0,0.5321252059308073,original,SKAB,fold_3,2026,5,3,3,0.5,avg_negative_log,10,0.005,0.9,,407,69,675,0.024035893601110993,True,0.0,True,10.0,0.5,additive,True
0.3639417693169093,0.36251402918069586,1.0,0.5321252059308073,gaussian_noise,SKAB,fold_3,2026,5,3,3,0.5,avg_negative_log,10,0.005,0.9,,407,69,675,0.024035893601110993,True,0.0,True,10.0,0.5,additive,True
0.3639417693169093,0.36251402918069586,1.0,0.5321252059308073,original,SKAB,fold_3,7,5,3,3,0.5,avg_negative_log,10,0.005,0.9,,407,69,675,0.024035893601110993,True,0.0,True,10.0,0.5,additive,True
0.3639417693169093,0.36251402918069586,1.0,0.5321252059308073,gaussian_noise,SKAB,fold_3,7,5,3,3,0.5,avg_negative_log,10,0.005,0.9,,407,69,675,0.024035893601110993,True,0.0,True,10.0,0.5,additive,True
0.3639417693169093,0.36251402918069586,1.0,0.5321252059308073,original,SKAB,fold_3,999,5,3,3,0.5,avg_negative_log,10,0.005,0.9,,407,69,675,0.024035893601110993,True,0.0,True,10.0,0.5,additive,True
0.3639417693169093,0.36251402918069586,1.0,0.5321252059308073,gaussian_noise,SKAB,fold_3,999,5,3,3,0.5,avg_negative_log,10,0.005,0.9,,407,69,675,0.024035893601110993,True,0.0,True,10.0,0.5,additive,True
0.35527809307604996,0.35381114903299204,1.0,0.5226890756302521,original,SKAB,fold_4,42,5,3,3,0.5,avg_negative_log,10,0.005,0.9,,403,68,670,0.02444898554955481,True,0.0,True,10.0,0.5,additive,True
0.35527809307604996,0.35381114903299204,1.0,0.5226890756302521,gaussian_noise,SKAB,fold_4,42,5,3,3,0.5,avg_negative_log,10,0.005,0.9,,403,68,670,0.02444898554955481,True,0.0,True,10.0,0.5,additive,True
0.35527809307604996,0.35381114903299204,1.0,0.5226890756302521,original,SKAB,fold_4,123,5,3,3,0.5,avg_negative_log,10,0.005,0.9,,403,68,670,0.02444898554955481,True,0.0,True,10.0,0.5,additive,True
0.35527809307604996,0.35381114903299204,1.0,0.5226890756302521,gaussian_noise,SKAB,fold_4,123,5,3,3,0.5,avg_negative_log,10,0.005,0.9,,403,68,670,0.02444898554955481,True,0.0,True,10.0,0.5,additive,True
0.35527809307604996,0.35381114903299204,1.0,0.5226890756302521,original,SKAB,fold_4,2026,5,3,3,0.5,avg_negative_log,10,0.005,0.9,,403,68,670,0.02444898554955481,True,0.0,True,10.0,0.5,additive,True
0.35527809307604996,0.35381114903299204,1.0,0.5226890756302521,gaussian_noise,SKAB,fold_4,2026,5,3,3,0.5,avg_negative_log,10,0.005,0.9,,403,68,670,0.02444898554955481,True,0.0,True,10.0,0.5,additive,True
0.35527809307604996,0.35381114903299204,1.0,0.5226890756302521,original,SKAB,fold_4,7,5,3,3,0.5,avg_negative_log,10,0.005,0.9,,403,68,670,0.02444898554955481,True,0.0,True,10.0,0.5,additive,True
0.35527809307604996,0.35381114903299204,1.0,0.5226890756302521,gaussian_noise,SKAB,fold_4,7,5,3,3,0.5,avg_negative_log,10,0.005,0.9,,403,68,670,0.02444898554955481,True,0.0,True,10.0,0.5,additive,True
0.35527809307604996,0.35381114903299204,1.0,0.5226890756302521,original,SKAB,fold_4,999,5,3,3,0.5,avg_negative_log,10,0.005,0.9,,403,68,670,0.02444898554955481,True,0.0,True,10.0,0.5,additive,True
0.35527809307604996,0.35381114903299204,1.0,0.5226890756302521,gaussian_noise,SKAB,fold_4,999,5,3,3,0.5,avg_negative_log,10,0.005,0.9,,403,68,670,0.02444898554955481,True,0.0,True,10.0,0.5,additive,True
0.3687707641196013,0.36736958934517205,1.0,0.5373376623376623,original,SKAB,fold_5,42,5,3,3,0.5,avg_negative_log,10,0.005,0.9,,368,64,606,0.02573029891304348,True,0.0,True,10.0,0.5,additive,True
0.3687707641196013,0.36736958934517205,1.0,0.5373376623376623,gaussian_noise,SKAB,fold_5,42,5,3,3,0.5,avg_negative_log,10,0.005,0.9,,368,64,606,0.02573029891304348,True,0.0,True,10.0,0.5,additive,True
0.3687707641196013,0.36736958934517205,1.0,0.5373376623376623,original,SKAB,fold_5,123,5,3,3,0.5,avg_negative_log,10,0.005,0.9,,368,64,606,0.02573029891304348,True,0.0,True,10.0,0.5,additive,True
0.3687707641196013,0.36736958934517205,1.0,0.5373376623376623,gaussian_noise,SKAB,fold_5,123,5,3,3,0.5,avg_negative_log,10,0.005,0.9,,368,64,606,0.02573029891304348,True,0.0,True,10.0,0.5,additive,True
0.3687707641196013,0.36736958934517205,1.0,0.5373376623376623,original,SKAB,fold_5,2026,5,3,3,0.5,avg_negative_log,10,0.005,0.9,,368,64,606,0.02573029891304348,True,0.0,True,10.0,0.5,additive,True
0.3687707641196013,0.36736958934517205,1.0,0.5373376623376623,gaussian_noise,SKAB,fold_5,2026,5,3,3,0.5,avg_negative_log,10,0.005,0.9,,368,64,606,0.02573029891304348,True,0.0,True,10.0,0.5,additive,True
0.3687707641196013,0.36736958934517205,1.0,0.5373376623376623,original,SKAB,fold_5,7,5,3,3,0.5,avg_negative_log,10,0.005,0.9,,368,64,606,0.02573029891304348,True,0.0,True,10.0,0.5,additive,True
0.3687707641196013,0.36736958934517205,1.0,0.5373376623376623,gaussian_noise,SKAB,fold_5,7,5,3,3,0.5,avg_negative_log,10,0.005,0.9,,368,64,606,0.02573029891304348,True,0.0,True,10.0,0.5,additive,True
0.3687707641196013,0.36736958934517205,1.0,0.5373376623376623,original,SKAB,fold_5,999,5,3,3,0.5,avg_negative_log,10,0.005,0.9,,368,64,606,0.02573029891304348,True,0.0,True,10.0,0.5,additive,True
0.3687707641196013,0.36736958934517205,1.0,0.5373376623376623,gaussian_noise,SKAB,fold_5,999,5,3,3,0.5,avg_negative_log,10,0.005,0.9,,368,64,606,0.02573029891304348,True,0.0,True,10.0,0.5,additive,True
0.3634336677814939,0.36201117318435755,1.0,0.5315832649712879,original,SKAB,fold_1,42,5,3,3,0.5,avg_negative_log,10,0.01,0.9,,401,71,654,0.022970742158687787,True,0.0,True,10.0,0.5,additive,True
0.3634336677814939,0.36201117318435755,1.0,0.5315832649712879,gaussian_noise,SKAB,fold_1,42,5,3,3,0.5,avg_negative_log,10,0.01,0.9,,401,71,654,0.022970742158687787,True,0.0,True,10.0,0.5,additive,True
0.3634336677814939,0.36201117318435755,1.0,0.5315832649712879,original,SKAB,fold_1,123,5,3,3,0.5,avg_negative_log,10,0.01,0.9,,401,71,654,0.022970742158687787,True,0.0,True,10.0,0.5,additive,True
0.3634336677814939,0.36201117318435755,1.0,0.5315832649712879,gaussian_noise,SKAB,fold_1,123,5,3,3,0.5,avg_negative_log,10,0.01,0.9,,401,71,654,0.022970742158687787,True,0.0,True,10.0,0.5,additive,True
0.3634336677814939,0.36201117318435755,1.0,0.5315832649712879,original,SKAB,fold_1,2026,5,3,3,0.5,avg_negative_log,10,0.01,0.9,,401,71,654,0.022970742158687787,True,0.0,True,10.0,0.5,additive,True
0.3634336677814939,0.36201117318435755,1.0,0.5315832649712879,gaussian_noise,SKAB,fold_1,2026,5,3,3,0.5,avg_negative_log,10,0.01,0.9,,401,71,654,0.022970742158687787,True,0.0,True,10.0,0.5,additive,True
0.3634336677814939,0.36201117318435755,1.0,0.5315832649712879,original,SKAB,fold_1,7,5,3,3,0.5,avg_negative_log,10,0.01,0.9,,401,71,654,0.022970742158687787,True,0.0,True,10.0,0.5,additive,True
0.3634336677814939,0.36201117318435755,1.0,0.5315832649712879,gaussian_noise,SKAB,fold_1,7,5,3,3,0.5,avg_negative_log,10,0.01,0.9,,401,71,654,0.022970742158687787,True,0.0,True,10.0,0.5,additive,True
0.3634336677814939,0.36201117318435755,1.0,0.5315832649712879,original,SKAB,fold_1,999,5,3,3,0.5,avg_negative_log,10,0.01,0.9,,401,71,654,0.022970742158687787,True,0.0,True,10.0,0.5,additive,True
0.3634336677814939,0.36201117318435755,1.0,0.5315832649712879,gaussian_noise,SKAB,fold_1,999,5,3,3,0.5,avg_negative_log,10,0.01,0.9,,401,71,654,0.022970742158687787,True,0.0,True,10.0,0.5,additive,True
0.3617021276595745,0.3602693602693603,1.0,0.5297029702970297,original,SKAB,fold_2,42,5,3,3,0.5,avg_negative_log,10,0.01,0.9,,419,68,716,0.025129861013617857,True,0.0,True,10.0,0.5,additive,True
0.3617021276595745,0.3602693602693603,1.0,0.5297029702970297,gaussian_noise,SKAB,fold_2,42,5,3,3,0.5,avg_negative_log,10,0.01,0.9,,419,68,716,0.025129861013617857,True,0.0,True,10.0,0.5,additive,True
0.3617021276595745,0.3602693602693603,1.0,0.5297029702970297,original,SKAB,fold_2,123,5,3,3,0.5,avg_negative_log,10,0.01,0.9,,419,68,716,0.025129861013617857,True,0.0,True,10.0,0.5,additive,True
0.3617021276595745,0.3602693602693603,1.0,0.5297029702970297,gaussian_noise,SKAB,fold_2,123,5,3,3,0.5,avg_negative_log,10,0.01,0.9,,419,68,716,0.025129861013617857,True,0.0,True,10.0,0.5,additive,True
0.3617021276595745,0.3602693602693603,1.0,0.5297029702970297,original,SKAB,fold_2,2026,5,3,3,0.5,avg_negative_log,10,0.01,0.9,,419,68,716,0.025129861013617857,True,0.0,True,10.0,0.5,additive,True
0.3617021276595745,0.3602693602693603,1.0,0.5297029702970297,gaussian_noise,SKAB,fold_2,2026,5,3,3,0.5,avg_negative_log,10,0.01,0.9,,419,68,716,0.025129861013617857,True,0.0,True,10.0,0.5,additive,True
0.3617021276595745,0.3602693602693603,1.0,0.5297029702970297,original,SKAB,fold_2,7,5,3,3,0.5,avg_negative_log,10,0.01,0.9,,419,68,716,0.025129861013617857,True,0.0,True,10.0,0.5,additive,True
0.3617021276595745,0.3602693602693603,1.0,0.5297029702970297,gaussian_noise,SKAB,fold_2,7,5,3,3,0.5,avg_negative_log,10,0.01,0.9,,419,68,716,0.025129861013617857,True,0.0,True,10.0,0.5,additive,True
0.3617021276595745,0.3602693602693603,1.0,0.5297029702970297,original,SKAB,fold_2,999,5,3,3,0.5,avg_negative_log,10,0.01,0.9,,419,68,716,0.025129861013617857,True,0.0,True,10.0,0.5,additive,True
0.3617021276595745,0.3602693602693603,1.0,0.5297029702970297,gaussian_noise,SKAB,fold_2,999,5,3,3,0.5,avg_negative_log,10,0.01,0.9,,419,68,716,0.025129861013617857,True,0.0,True,10.0,0.5,additive,True
0.3639417693169093,0.36251402918069586,1.0,0.5321252059308073,original,SKAB,fold_3,42,5,3,3,0.5,avg_negative_log,10,0.01,0.9,,407,69,675,0.024035893601110993,True,0.0,True,10.0,0.5,additive,True
0.3639417693169093,0.36251402918069586,1.0,0.5321252059308073,gaussian_noise,SKAB,fold_3,42,5,3,3,0.5,avg_negative_log,10,0.01,0.9,,407,69,675,0.024035893601110993,True,0.0,True,10.0,0.5,additive,True
0.3639417693169093,0.36251402918069586,1.0,0.5321252059308073,original,SKAB,fold_3,123,5,3,3,0.5,avg_negative_log,10,0.01,0.9,,407,69,675,0.024035893601110993,True,0.0,True,10.0,0.5,additive,True
0.3639417693169093,0.36251402918069586,1.0,0.5321252059308073,gaussian_noise,SKAB,fold_3,123,5,3,3,0.5,avg_negative_log,10,0.01,0.9,,407,69,675,0.024035893601110993,True,0.0,True,10.0,0.5,additive,True
0.3639417693169093,0.36251402918069586,1.0,0.5321252059308073,original,SKAB,fold_3,2026,5,3,3,0.5,avg_negative_log,10,0.01,0.9,,407,69,675,0.024035893601110993,True,0.0,True,10.0,0.5,additive,True
0.3639417693169093,0.36251402918069586,1.0,0.5321252059308073,gaussian_noise,SKAB,fold_3,2026,5,3,3,0.5,avg_negative_log,10,0.01,0.9,,407,69,675,0.024035893601110993,True,0.0,True,10.0,0.5,additive,True
0.3639417693169093,0.36251402918069586,1.0,0.5321252059308073,original,SKAB,fold_3,7,5,3,3,0.5,avg_negative_log,10,0.01,0.9,,407,69,675,0.024035893601110993,True,0.0,True,10.0,0.5,additive,True
0.3639417693169093,0.36251402918069586,1.0,0.5321252059308073,gaussian_noise,SKAB,fold_3,7,5,3,3,0.5,avg_negative_log,10,0.01,0.9,,407,69,675,0.024035893601110993,True,0.0,True,10.0,0.5,additive,True
0.3639417693169093,0.36251402918069586,1.0,0.5321252059308073,original,SKAB,fold_3,999,5,3,3,0.5,avg_negative_log,10,0.01,0.9,,407,69,675,0.024035893601110993,True,0.0,True,10.0,0.5,additive,True
0.3639417693169093,0.36251402918069586,1.0,0.5321252059308073,gaussian_noise,SKAB,fold_3,999,5,3,3,0.5,avg_negative_log,10,0.01,0.9,,407,69,675,0.024035893601110993,True,0.0,True,10.0,0.5,additive,True
0.35527809307604996,0.35381114903299204,1.0,0.5226890756302521,original,SKAB,fold_4,42,5,3,3,0.5,avg_negative_log,10,0.01,0.9,,403,68,670,0.02444898554955481,True,0.0,True,10.0,0.5,additive,True
0.35527809307604996,0.35381114903299204,1.0,0.5226890756302521,gaussian_noise,SKAB,fold_4,42,5,3,3,0.5,avg_negative_log,10,0.01,0.9,,403,68,670,0.02444898554955481,True,0.0,True,10.0,0.5,additive,True
0.35527809307604996,0.35381114903299204,1.0,0.5226890756302521,original,SKAB,fold_4,123,5,3,3,0.5,avg_negative_log,10,0.01,0.9,,403,68,670,0.02444898554955481,True,0.0,True,10.0,0.5,additive,True
0.35527809307604996,0.35381114903299204,1.0,0.5226890756302521,gaussian_noise,SKAB,fold_4,123,5,3,3,0.5,avg_negative_log,10,0.01,0.9,,403,68,670,0.02444898554955481,True,0.0,True,10.0,0.5,additive,True
0.35527809307604996,0.35381114903299204,1.0,0.5226890756302521,original,SKAB,fold_4,2026,5,3,3,0.5,avg_negative_log,10,0.01,0.9,,403,68,670,0.02444898554955481,True,0.0,True,10.0,0.5,additive,True
0.35527809307604996,0.35381114903299204,1.0,0.5226890756302521,gaussian_noise,SKAB,fold_4,2026,5,3,3,0.5,avg_negative_log,10,0.01,0.9,,403,68,670,0.02444898554955481,True,0.0,True,10.0,0.5,additive,True
0.35527809307604996,0.35381114903299204,1.0,0.5226890756302521,original,SKAB,fold_4,7,5,3,3,0.5,avg_negative_log,10,0.01,0.9,,403,68,670,0.02444898554955481,True,0.0,True,10.0,0.5,additive,True
0.35527809307604996,0.35381114903299204,1.0,0.5226890756302521,gaussian_noise,SKAB,fold_4,7,5,3,3,0.5,avg_negative_log,10,0.01,0.9,,403,68,670,0.02444898554955481,True,0.0,True,10.0,0.5,additive,True
0.35527809307604996,0.35381114903299204,1.0,0.5226890756302521,original,SKAB,fold_4,999,5,3,3,0.5,avg_negative_log,10,0.01,0.9,,403,68,670,0.02444898554955481,True,0.0,True,10.0,0.5,additive,True
0.35527809307604996,0.35381114903299204,1.0,0.5226890756302521,gaussian_noise,SKAB,fold_4,999,5,3,3,0.5,avg_negative_log,10,0.01,0.9,,403,68,670,0.02444898554955481,True,0.0,True,10.0,0.5,additive,True
0.3687707641196013,0.36736958934517205,1.0,0.5373376623376623,original,SKAB,fold_5,42,5,3,3,0.5,avg_negative_log,10,0.01,0.9,,368,64,606,0.02573029891304348,True,0.0,True,10.0,0.5,additive,True
0.3687707641196013,0.36736958934517205,1.0,0.5373376623376623,gaussian_noise,SKAB,fold_5,42,5,3,3,0.5,avg_negative_log,10,0.01,0.9,,368,64,606,0.02573029891304348,True,0.0,True,10.0,0.5,additive,True
0.3687707641196013,0.36736958934517205,1.0,0.5373376623376623,original,SKAB,fold_5,123,5,3,3,0.5,avg_negative_log,10,0.01,0.9,,368,64,606,0.02573029891304348,True,0.0,True,10.0,0.5,additive,True
0.3687707641196013,0.36736958934517205,1.0,0.5373376623376623,gaussian_noise,SKAB,fold_5,123,5,3,3,0.5,avg_negative_log,10,0.01,0.9,,368,64,606,0.02573029891304348,True,0.0,True,10.0,0.5,additive,True
0.3687707641196013,0.36736958934517205,1.0,0.5373376623376623,original,SKAB,fold_5,2026,5,3,3,0.5,avg_negative_log,10,0.01,0.9,,368,64,606,0.02573029891304348,True,0.0,True,10.0,0.5,additive,True
0.3687707641196013,0.36736958934517205,1.0,0.5373376623376623,gaussian_noise,SKAB,fold_5,2026,5,3,3,0.5,avg_negative_log,10,0.01,0.9,,368,64,606,0.02573029891304348,True,0.0,True,10.0,0.5,additive,True
0.3687707641196013,0.36736958934517205,1.0,0.5373376623376623,original,SKAB,fold_5,7,5,3,3,0.5,avg_negative_log,10,0.01,0.9,,368,64,606,0.02573029891304348,True,0.0,True,10.0,0.5,additive,True
0.3687707641196013,0.36736958934517205,1.0,0.5373376623376623,gaussian_noise,SKAB,fold_5,7,5,3,3,0.5,avg_negative_log,10,0.01,0.9,,368,64,606,0.02573029891304348,True,0.0,True,10.0,0.5,additive,True
0.3687707641196013,0.36736958934517205,1.0,0.5373376623376623,original,SKAB,fold_5,999,5,3,3,0.5,avg_negative_log,10,0.01,0.9,,368,64,606,0.02573029891304348,True,0.0,True,10.0,0.5,additive,True
0.3687707641196013,0.36736958934517205,1.0,0.5373376623376623,gaussian_noise,SKAB,fold_5,999,5,3,3,0.5,avg_negative_log,10,0.01,0.9,,368,64,606,0.02573029891304348,True,0.0,True,10.0,0.5,additive,True
0.3634336677814939,0.36201117318435755,1.0,0.5315832649712879,original,SKAB,fold_1,42,5,3,3,0.5,avg_negative_log,10,0.05,0.9,,401,71,654,0.022970742158687787,True,0.0,True,10.0,0.5,additive,True
0.3634336677814939,0.36201117318435755,1.0,0.5315832649712879,gaussian_noise,SKAB,fold_1,42,5,3,3,0.5,avg_negative_log,10,0.05,0.9,,401,71,654,0.022970742158687787,True,0.0,True,10.0,0.5,additive,True
0.3634336677814939,0.36201117318435755,1.0,0.5315832649712879,original,SKAB,fold_1,123,5,3,3,0.5,avg_negative_log,10,0.05,0.9,,401,71,654,0.022970742158687787,True,0.0,True,10.0,0.5,additive,True
0.3634336677814939,0.36201117318435755,1.0,0.5315832649712879,gaussian_noise,SKAB,fold_1,123,5,3,3,0.5,avg_negative_log,10,0.05,0.9,,401,71,654,0.022970742158687787,True,0.0,True,10.0,0.5,additive,True
0.3634336677814939,0.36201117318435755,1.0,0.5315832649712879,original,SKAB,fold_1,2026,5,3,3,0.5,avg_negative_log,10,0.05,0.9,,401,71,654,0.022970742158687787,True,0.0,True,10.0,0.5,additive,True
0.3634336677814939,0.36201117318435755,1.0,0.5315832649712879,gaussian_noise,SKAB,fold_1,2026,5,3,3,0.5,avg_negative_log,10,0.05,0.9,,401,71,654,0.022970742158687787,True,0.0,True,10.0,0.5,additive,True
0.3634336677814939,0.36201117318435755,1.0,0.5315832649712879,original,SKAB,fold_1,7,5,3,3,0.5,avg_negative_log,10,0.05,0.9,,401,71,654,0.022970742158687787,True,0.0,True,10.0,0.5,additive,True
0.3634336677814939,0.36201117318435755,1.0,0.5315832649712879,gaussian_noise,SKAB,fold_1,7,5,3,3,0.5,avg_negative_log,10,0.05,0.9,,401,71,654,0.022970742158687787,True,0.0,True,10.0,0.5,additive,True
0.3634336677814939,0.36201117318435755,1.0,0.5315832649712879,original,SKAB,fold_1,999,5,3,3,0.5,avg_negative_log,10,0.05,0.9,,401,71,654,0.022970742158687787,True,0.0,True,10.0,0.5,additive,True
0.3634336677814939,0.36201117318435755,1.0,0.5315832649712879,gaussian_noise,SKAB,fold_1,999,5,3,3,0.5,avg_negative_log,10,0.05,0.9,,401,71,654,0.022970742158687787,True,0.0,True,10.0,0.5,additive,True
0.3617021276595745,0.3602693602693603,1.0,0.5297029702970297,original,SKAB,fold_2,42,5,3,3,0.5,avg_negative_log,10,0.05,0.9,,419,68,716,0.025129861013617857,True,0.0,True,10.0,0.5,additive,True
0.3617021276595745,0.3602693602693603,1.0,0.5297029702970297,gaussian_noise,SKAB,fold_2,42,5,3,3,0.5,avg_negative_log,10,0.05,0.9,,419,68,716,0.025129861013617857,True,0.0,True,10.0,0.5,additive,True
0.3617021276595745,0.3602693602693603,1.0,0.5297029702970297,original,SKAB,fold_2,123,5,3,3,0.5,avg_negative_log,10,0.05,0.9,,419,68,716,0.025129861013617857,True,0.0,True,10.0,0.5,additive,True
0.3617021276595745,0.3602693602693603,1.0,0.5297029702970297,gaussian_noise,SKAB,fold_2,123,5,3,3,0.5,avg_negative_log,10,0.05,0.9,,419,68,716,0.025129861013617857,True,0.0,True,10.0,0.5,additive,True
0.3617021276595745,0.3602693602693603,1.0,0.5297029702970297,original,SKAB,fold_2,2026,5,3,3,0.5,avg_negative_log,10,0.05,0.9,,419,68,716,0.025129861013617857,True,0.0,True,10.0,0.5,additive,True
0.3617021276595745,0.3602693602693603,1.0,0.5297029702970297,gaussian_noise,SKAB,fold_2,2026,5,3,3,0.5,avg_negative_log,10,0.05,0.9,,419,68,716,0.025129861013617857,True,0.0,True,10.0,0.5,additive,True
0.3617021276595745,0.3602693602693603,1.0,0.5297029702970297,original,SKAB,fold_2,7,5,3,3,0.5,avg_negative_log,10,0.05,0.9,,419,68,716,0.025129861013617857,True,0.0,True,10.0,0.5,additive,True
0.3617021276595745,0.3602693602693603,1.0,0.5297029702970297,gaussian_noise,SKAB,fold_2,7,5,3,3,0.5,avg_negative_log,10,0.05,0.9,,419,68,716,0.025129861013617857,True,0.0,True,10.0,0.5,additive,True
0.3617021276595745,0.3602693602693603,1.0,0.5297029702970297,original,SKAB,fold_2,999,5,3,3,0.5,avg_negative_log,10,0.05,0.9,,419,68,716,0.025129861013617857,True,0.0,True,10.0,0.5,additive,True
0.3617021276595745,0.3602693602693603,1.0,0.5297029702970297,gaussian_noise,SKAB,fold_2,999,5,3,3,0.5,avg_negative_log,10,0.05,0.9,,419,68,716,0.025129861013617857,True,0.0,True,10.0,0.5,additive,True
0.3639417693169093,0.36251402918069586,1.0,0.5321252059308073,original,SKAB,fold_3,42,5,3,3,0.5,avg_negative_log,10,0.05,0.9,,407,69,675,0.024035893601110993,True,0.0,True,10.0,0.5,additive,True
0.3639417693169093,0.36251402918069586,1.0,0.5321252059308073,gaussian_noise,SKAB,fold_3,42,5,3,3,0.5,avg_negative_log,10,0.05,0.9,,407,69,675,0.024035893601110993,True,0.0,True,10.0,0.5,additive,True
0.3639417693169093,0.36251402918069586,1.0,0.5321252059308073,original,SKAB,fold_3,123,5,3,3,0.5,avg_negative_log,10,0.05,0.9,,407,69,675,0.024035893601110993,True,0.0,True,10.0,0.5,additive,True
0.3639417693169093,0.36251402918069586,1.0,0.5321252059308073,gaussian_noise,SKAB,fold_3,123,5,3,3,0.5,avg_negative_log,10,0.05,0.9,,407,69,675,0.024035893601110993,True,0.0,True,10.0,0.5,additive,True
0.3639417693169093,0.36251402918069586,1.0,0.5321252059308073,original,SKAB,fold_3,2026,5,3,3,0.5,avg_negative_log,10,0.05,0.9,,407,69,675,0.024035893601110993,True,0.0,True,10.0,0.5,additive,True
0.3639417693169093,0.36251402918069586,1.0,0.5321252059308073,gaussian_noise,SKAB,fold_3,2026,5,3,3,0.5,avg_negative_log,10,0.05,0.9,,407,69,675,0.024035893601110993,True,0.0,True,10.0,0.5,additive,True
0.3639417693169093,0.36251402918069586,1.0,0.5321252059308073,original,SKAB,fold_3,7,5,3,3,0.5,avg_negative_log,10,0.05,0.9,,407,69,675,0.024035893601110993,True,0.0,True,10.0,0.5,additive,True
0.3639417693169093,0.36251402918069586,1.0,0.5321252059308073,gaussian_noise,SKAB,fold_3,7,5,3,3,0.5,avg_negative_log,10,0.05,0.9,,407,69,675,0.024035893601110993,True,0.0,True,10.0,0.5,additive,True
0.3639417693169093,0.36251402918069586,1.0,0.5321252059308073,original,SKAB,fold_3,999,5,3,3,0.5,avg_negative_log,10,0.05,0.9,,407,69,675,0.024035893601110993,True,0.0,True,10.0,0.5,additive,True
0.3639417693169093,0.36251402918069586,1.0,0.5321252059308073,gaussian_noise,SKAB,fold_3,999,5,3,3,0.5,avg_negative_log,10,0.05,0.9,,407,69,675,0.024035893601110993,True,0.0,True,10.0,0.5,additive,True
0.35527809307604996,0.35381114903299204,1.0,0.5226890756302521,original,SKAB,fold_4,42,5,3,3,0.5,avg_negative_log,10,0.05,0.9,,403,68,670,0.02444898554955481,True,0.0,True,10.0,0.5,additive,True
0.35527809307604996,0.35381114903299204,1.0,0.5226890756302521,gaussian_noise,SKAB,fold_4,42,5,3,3,0.5,avg_negative_log,10,0.05,0.9,,403,68,670,0.02444898554955481,True,0.0,True,10.0,0.5,additive,True
0.35527809307604996,0.35381114903299204,1.0,0.5226890756302521,original,SKAB,fold_4,123,5,3,3,0.5,avg_negative_log,10,0.05,0.9,,403,68,670,0.02444898554955481,True,0.0,True,10.0,0.5,additive,True
0.35527809307604996,0.35381114903299204,1.0,0.5226890756302521,gaussian_noise,SKAB,fold_4,123,5,3,3,0.5,avg_negative_log,10,0.05,0.9,,403,68,670,0.02444898554955481,True,0.0,True,10.0,0.5,additive,True
0.35527809307604996,0.35381114903299204,1.0,0.5226890756302521,original,SKAB,fold_4,2026,5,3,3,0.5,avg_negative_log,10,0.05,0.9,,403,68,670,0.02444898554955481,True,0.0,True,10.0,0.5,additive,True
0.35527809307604996,0.35381114903299204,1.0,0.5226890756302521,gaussian_noise,SKAB,fold_4,2026,5,3,3,0.5,avg_negative_log,10,0.05,0.9,,403,68,670,0.02444898554955481,True,0.0,True,10.0,0.5,additive,True
0.35527809307604996,0.35381114903299204,1.0,0.5226890756302521,original,SKAB,fold_4,7,5,3,3,0.5,avg_negative_log,10,0.05,0.9,,403,68,670,0.02444898554955481,True,0.0,True,10.0,0.5,additive,True
0.35527809307604996,0.35381114903299204,1.0,0.5226890756302521,gaussian_noise,SKAB,fold_4,7,5,3,3,0.5,avg_negative_log,10,0.05,0.9,,403,68,670,0.02444898554955481,True,0.0,True,10.0,0.5,additive,True
0.35527809307604996,0.35381114903299204,1.0,0.5226890756302521,original,SKAB,fold_4,999,5,3,3,0.5,avg_negative_log,10,0.05,0.9,,403,68,670,0.02444898554955481,True,0.0,True,10.0,0.5,additive,True
0.35527809307604996,0.35381114903299204,1.0,0.5226890756302521,gaussian_noise,SKAB,fold_4,999,5,3,3,0.5,avg_negative_log,10,0.05,0.9,,403,68,670,0.02444898554955481,True,0.0,True,10.0,0.5,additive,True
0.49280177187153934,0.41951837769328265,1.0,0.5910714285714286,original,SKAB,fold_5,42,5,3,3,0.5,avg_negative_log,10,0.05,0.9,,368,64,606,0.02573029891304348,True,0.0,True,10.0,0.5,additive,True
0.4695459579180509,0.408641975308642,1.0,0.5801928133216476,gaussian_noise,SKAB,fold_5,42,5,3,3,0.5,avg_negative_log,10,0.05,0.9,,368,64,606,0.02573029891304348,True,0.0,True,10.0,0.5,additive,True
0.49280177187153934,0.41951837769328265,1.0,0.5910714285714286,original,SKAB,fold_5,123,5,3,3,0.5,avg_negative_log,10,0.05,0.9,,368,64,606,0.02573029891304348,True,0.0,True,10.0,0.5,additive,True
0.48726467331118495,0.4168765743073048,1.0,0.5884444444444444,gaussian_noise,SKAB,fold_5,123,5,3,3,0.5,avg_negative_log,10,0.05,0.9,,368,64,606,0.02573029891304348,True,0.0,True,10.0,0.5,additive,True
0.49280177187153934,0.41951837769328265,1.0,0.5910714285714286,original,SKAB,fold_5,2026,5,3,3,0.5,avg_negative_log,10,0.05,0.9,,368,64,606,0.02573029891304348,True,0.0,True,10.0,0.5,additive,True
0.49723145071982283,0.42165605095541403,1.0,0.5931899641577061,gaussian_noise,SKAB,fold_5,2026,5,3,3,0.5,avg_negative_log,10,0.05,0.9,,368,64,606,0.02573029891304348,True,0.0,True,10.0,0.5,additive,True
0.49280177187153934,0.41951837769328265,1.0,0.5910714285714286,original,SKAB,fold_5,7,5,3,3,0.5,avg_negative_log,10,0.05,0.9,,368,64,606,0.02573029891304348,True,0.0,True,10.0,0.5,additive,True
0.4850498338870432,0.4158291457286432,1.0,0.5874001774622892,gaussian_noise,SKAB,fold_5,7,5,3,3,0.5,avg_negative_log,10,0.05,0.9,,368,64,606,0.02573029891304348,True,0.0,True,10.0,0.5,additive,True
0.49280177187153934,0.41951837769328265,1.0,0.5910714285714286,original,SKAB,fold_5,999,5,3,3,0.5,avg_negative_log,10,0.05,0.9,,368,64,606,0.02573029891304348,True,0.0,True,10.0,0.5,additive,True
0.49612403100775193,0.4211195928753181,1.0,0.5926589077887198,gaussian_noise,SKAB,fold_5,999,5,3,3,0.5,avg_negative_log,10,0.05,0.9,,368,64,606,0.02573029891304348,True,0.0,True,10.0,0.5,additive,True
0.27201783723522854,0.0,0.0,0.0,original,SKAB,fold_1,42,5,3,3,0.5,avg_negative_log,10,0.1054,0.9,,401,71,654,0.022970742158687787,True,0.0,True,10.0,0.5,additive,True
0.27647714604236345,0.0,0.0,0.0,gaussian_noise,SKAB,fold_1,42,5,3,3,0.5,avg_negative_log,10,0.1054,0.9,,401,71,654,0.022970742158687787,True,0.0,True,10.0,0.5,additive,True
0.27201783723522854,0.0,0.0,0.0,original,SKAB,fold_1,123,5,3,3,0.5,avg_negative_log,10,0.1054,0.9,,401,71,654,0.022970742158687787,True,0.0,True,10.0,0.5,additive,True
0.27647714604236345,0.0,0.0,0.0,gaussian_noise,SKAB,fold_1,123,5,3,3,0.5,avg_negative_log,10,0.1054,0.9,,401,71,654,0.022970742158687787,True,0.0,True,10.0,0.5,additive,True
0.27201783723522854,0.0,0.0,0.0,original,SKAB,fold_1,2026,5,3,3,0.5,avg_negative_log,10,0.1054,0.9,,401,71,654,0.022970742158687787,True,0.0,True,10.0,0.5,additive,True
0.2753623188405797,0.0,0.0,0.0,gaussian_noise,SKAB,fold_1,2026,5,3,3,0.5,avg_negative_log,10,0.1054,0.9,,401,71,654,0.022970742158687787,True,0.0,True,10.0,0.5,additive,True
0.27201783723522854,0.0,0.0,0.0,original,SKAB,fold_1,7,5,3,3,0.5,avg_negative_log,10,0.1054,0.9,,401,71,654,0.022970742158687787,True,0.0,True,10.0,0.5,additive,True
0.27201783723522854,0.0,0.0,0.0,gaussian_noise,SKAB,fold_1,7,5,3,3,0.5,avg_negative_log,10,0.1054,0.9,,401,71,654,0.022970742158687787,True,0.0,True,10.0,0.5,additive,True
0.27201783723522854,0.0,0.0,0.0,original,SKAB,fold_1,999,5,3,3,0.5,avg_negative_log,10,0.1054,0.9,,401,71,654,0.022970742158687787,True,0.0,True,10.0,0.5,additive,True
0.27424749163879597,0.0,0.0,0.0,gaussian_noise,SKAB,fold_1,999,5,3,3,0.5,avg_negative_log,10,0.1054,0.9,,401,71,654,0.022970742158687787,True,0.0,True,10.0,0.5,additive,True
0.48376259798432253,0.34234234234234234,0.4735202492211838,0.39738562091503266,original,SKAB,fold_2,42,5,3,3,0.5,avg_negative_log,10,0.1054,0.9,,419,68,716,0.025129861013617857,True,0.0,True,10.0,0.5,additive,True
0.5072788353863382,0.37420718816067655,0.5514018691588785,0.44584382871536526,gaussian_noise,SKAB,fold_2,42,5,3,3,0.5,avg_negative_log,10,0.1054,0.9,,419,68,716,0.025129861013617857,True,0.0,True,10.0,0.5,additive,True
0.48376259798432253,0.34234234234234234,0.4735202492211838,0.39738562091503266,original,SKAB,fold_2,123,5,3,3,0.5,avg_negative_log,10,0.1054,0.9,,419,68,716,0.025129861013617857,True,0.0,True,10.0,0.5,additive,True
0.5218365061590146,0.3891213389121339,0.5794392523364486,0.4655819774718398,gaussian_noise,SKAB,fold_2,123,5,3,3,0.5,avg_negative_log,10,0.1054,0.9,,419,68,716,0.025129861013617857,True,0.0,True,10.0,0.5,additive,True
0.48376259798432253,0.34234234234234234,0.4735202492211838,0.39738562091503266,original,SKAB,fold_2,2026,5,3,3,0.5,avg_negative_log,10,0.1054,0.9,,419,68,716,0.025129861013617857,True,0.0,True,10.0,0.5,additive,True
0.48824188129899215,0.3508771929824561,0.4984423676012461,0.4118404118404118,gaussian_noise,SKAB,fold_2,2026,5,3,3,0.5,avg_negative_log,10,0.1054,0.9,,419,68,716,0.025129861013617857,True,0.0,True,10.0,0.5,additive,True
0.48376259798432253,0.34234234234234234,0.4735202492211838,0.39738562091503266,original,SKAB,fold_2,7,5,3,3,0.5,avg_negative_log,10,0.1054,0.9,,419,68,716,0.025129861013617857,True,0.0,True,10.0,0.5,additive,True
0.47928331466965285,0.3392857142857143,0.4735202492211838,0.3953185955786736,gaussian_noise,SKAB,fold_2,7,5,3,3,0.5,avg_negative_log,10,0.1054,0.9,,419,68,716,0.025129861013617857,True,0.0,True,10.0,0.5,additive,True
0.48376259798432253,0.34234234234234234,0.4735202492211838,0.39738562091503266,original,SKAB,fold_2,999,5,3,3,0.5,avg_negative_log,10,0.1054,0.9,,419,68,716,0.025129861013617857,True,0.0,True,10.0,0.5,additive,True
0.5072788353863382,0.37420718816067655,0.5514018691588785,0.44584382871536526,gaussian_noise,SKAB,fold_2,999,5,3,3,0.5,avg_negative_log,10,0.1054,0.9,,419,68,716,0.025129861013617857,True,0.0,True,10.0,0.5,additive,True
0.46808510638297873,0.3560606060606061,0.5820433436532507,0.4418331374853114,original,SKAB,fold_3,42,5,3,3,0.5,avg_negative_log,10,0.1054,0.9,,407,69,675,0.024035893601110993,True,0.0,True,10.0,0.5,additive,True
0.4826427771556551,0.37153419593345655,0.6222910216718266,0.4652777777777778,gaussian_noise,SKAB,fold_3,42,5,3,3,0.5,avg_negative_log,10,0.1054,0.9,,407,69,675,0.024035893601110993,True,0.0,True,10.0,0.5,additive,True
0.46808510638297873,0.3560606060606061,0.5820433436532507,0.4418331374853114,original,SKAB,fold_3,123,5,3,3,0.5,avg_negative_log,10,0.1054,0.9,,407,69,675,0.024035893601110993,True,0.0,True,10.0,0.5,additive,True
0.4916013437849944,0.3806921675774135,0.6470588235294118,0.4793577981651376,gaussian_noise,SKAB,fold_3,123,5,3,3,0.5,avg_negative_log,10,0.1054,0.9,,407,69,675,0.024035893601110993,True,0.0,True,10.0,0.5,additive,True
0.46808510638297873,0.3560606060606061,0.5820433436532507,0.4418331374853114,original,SKAB,fold_3,2026,5,3,3,0.5,avg_negative_log,10,0.1054,0.9,,407,69,675,0.024035893601110993,True,0.0,True,10.0,0.5,additive,True
0.458006718924972,0.3448940269749518,0.5541795665634675,0.4251781472684085,gaussian_noise,SKAB,fold_3,2026,5,3,3,0.5,avg_negative_log,10,0.1054,0.9,,407,69,675,0.024035893601110993,True,0.0,True,10.0,0.5,additive,True
0.46808510638297873,0.3560606060606061,0.5820433436532507,0.4418331374853114,original,SKAB,fold_3,7,5,3,3,0.5,avg_negative_log,10,0.1054,0.9,,407,69,675,0.024035893601110993,True,0.0,True,10.0,0.5,additive,True
0.4658454647256439,0.35192307692307695,0.56656346749226,0.43416370106761565,gaussian_noise,SKAB,fold_3,7,5,3,3,0.5,avg_negative_log,10,0.1054,0.9,,407,69,675,0.024035893601110993,True,0.0,True,10.0,0.5,additive,True
0.46808510638297873,0.3560606060606061,0.5820433436532507,0.4418331374853114,original,SKAB,fold_3,999,5,3,3,0.5,avg_negative_log,10,0.1054,0.9,,407,69,675,0.024035893601110993,True,0.0,True,10.0,0.5,additive,True
0.47144456886898095,0.3586337760910816,0.5851393188854489,0.4447058823529412,gaussian_noise,SKAB,fold_3,999,5,3,3,0.5,avg_negative_log,10,0.1054,0.9,,407,69,675,0.024035893601110993,True,0.0,True,10.0,0.5,additive,True
0.4426787741203178,0.3357664233576642,0.5916398713826366,0.42840512223515714,original,SKAB,fold_4,42,5,3,3,0.5,avg_negative_log,10,0.1054,0.9,,403,68,670,0.02444898554955481,True,0.0,True,10.0,0.5,additive,True
0.4426787741203178,0.33516483516483514,0.5884244372990354,0.42707117852975496,gaussian_noise,SKAB,fold_4,42,5,3,3,0.5,avg_negative_log,10,0.1054,0.9,,403,68,670,0.02444898554955481,True,0.0,True,10.0,0.5,additive,True
0.4426787741203178,0.3357664233576642,0.5916398713826366,0.42840512223515714,original,SKAB,fold_4,123,5,3,3,0.5,avg_negative_log,10,0.1054,0.9,,403,68,670,0.02444898554955481,True,0.0,True,10.0,0.5,additive,True
0.44154370034052215,0.33455210237659966,0.5884244372990354,0.42657342657342656,gaussian_noise,SKAB,fold_4,123,5,3,3,0.5,avg_negative_log,10,0.1054,0.9,,403,68,670,0.02444898554955481,True,0.0,True,10.0,0.5,additive,True
0.4426787741203178,0.3357664233576642,0.5916398713826366,0.42840512223515714,original,SKAB,fold_4,2026,5,3,3,0.5,avg_negative_log,10,0.1054,0.9,,403,68,670,0.02444898554955481,True,0.0,True,10.0,0.5,additive,True
0.44154370034052215,0.33455210237659966,0.5884244372990354,0.42657342657342656,gaussian_noise,SKAB,fold_4,2026,5,3,3,0.5,avg_negative_log,10,0.1054,0.9,,403,68,670,0.02444898554955481,True,0.0,True,10.0,0.5,additive,True
0.4426787741203178,0.3357664233576642,0.5916398713826366,0.42840512223515714,original,SKAB,fold_4,7,5,3,3,0.5,avg_negative_log,10,0.1054,0.9,,403,68,670,0.02444898554955481,True,0.0,True,10.0,0.5,additive,True
0.4449489216799092,0.336996336996337,0.5916398713826366,0.4294049008168028,gaussian_noise,SKAB,fold_4,7,5,3,3,0.5,avg_negative_log,10,0.1054,0.9,,403,68,670,0.02444898554955481,True,0.0,True,10.0,0.5,additive,True
0.4426787741203178,0.3357664233576642,0.5916398713826366,0.42840512223515714,original,SKAB,fold_4,999,5,3,3,0.5,avg_negative_log,10,0.1054,0.9,,403,68,670,0.02444898554955481,True,0.0,True,10.0,0.5,additive,True
0.4426787741203178,0.3357664233576642,0.5916398713826366,0.42840512223515714,gaussian_noise,SKAB,fold_4,999,5,3,3,0.5,avg_negative_log,10,0.1054,0.9,,403,68,670,0.02444898554955481,True,0.0,True,10.0,0.5,additive,True
0.6146179401993356,0.48748159057437407,1.0,0.6554455445544555,original,SKAB,fold_5,42,5,3,3,0.5,avg_negative_log,10,0.1054,0.9,,368,64,606,0.02573029891304348,True,0.0,True,10.0,0.5,additive,True
0.584717607973422,0.4688385269121813,1.0,0.6383799421407907,gaussian_noise,SKAB,fold_5,42,5,3,3,0.5,avg_negative_log,10,0.1054,0.9,,368,64,606,0.02573029891304348,True,0.0,True,10.0,0.5,additive,True
0.6146179401993356,0.48748159057437407,1.0,0.6554455445544555,original,SKAB,fold_5,123,5,3,3,0.5,avg_negative_log,10,0.1054,0.9,,368,64,606,0.02573029891304348,True,0.0,True,10.0,0.5,additive,True
0.6124031007751938,0.48604992657856094,1.0,0.6541501976284585,gaussian_noise,SKAB,fold_5,123,5,3,3,0.5,avg_negative_log,10,0.1054,0.9,,368,64,606,0.02573029891304348,True,0.0,True,10.0,0.5,additive,True
0.6146179401993356,0.48748159057437407,1.0,0.6554455445544555,original,SKAB,fold_5,2026,5,3,3,0.5,avg_negative_log,10,0.1054,0.9,,368,64,606,0.02573029891304348,True,0.0,True,10.0,0.5,additive,True
0.6223698781838317,0.49255952380952384,1.0,0.6600199401794616,gaussian_noise,SKAB,fold_5,2026,5,3,3,0.5,avg_negative_log,10,0.1054,0.9,,368,64,606,0.02573029891304348,True,0.0,True,10.0,0.5,additive,True
0.6146179401993356,0.48748159057437407,1.0,0.6554455445544555,original,SKAB,fold_5,7,5,3,3,0.5,avg_negative_log,10,0.1054,0.9,,368,64,606,0.02573029891304348,True,0.0,True,10.0,0.5,additive,True
0.6068660022148394,0.48250728862973763,1.0,0.6509341199606686,gaussian_noise,SKAB,fold_5,7,5,3,3,0.5,avg_negative_log,10,0.1054,0.9,,368,64,606,0.02573029891304348,True,0.0,True,10.0,0.5,additive,True
0.6146179401993356,0.48748159057437407,1.0,0.6554455445544555,original,SKAB,fold_5,999,5,3,3,0.5,avg_negative_log,10,0.1054,0.9,,368,64,606,0.02573029891304348,True,0.0,True,10.0,0.5,additive,True
0.6168327796234773,0.48892171344165436,1.0,0.6567460317460317,gaussian_noise,SKAB,fold_5,999,5,3,3,0.5,avg_negative_log,10,0.1054,0.9,,368,64,606,0.02573029891304348,True,0.0,True,10.0,0.5,additive,True
0.5005574136008919,0.0,0.0,0.0,original,SKAB,fold_1,42,5,3,3,0.5,avg_negative_log,10,0.2231,0.9,,401,71,654,0.022970742158687787,True,0.0,True,10.0,0.5,additive,True
0.48606465997770343,0.0,0.0,0.0,gaussian_noise,SKAB,fold_1,42,5,3,3,0.5,avg_negative_log,10,0.2231,0.9,,401,71,654,0.022970742158687787,True,0.0,True,10.0,0.5,additive,True
0.5005574136008919,0.0,0.0,0.0,original,SKAB,fold_1,123,5,3,3,0.5,avg_negative_log,10,0.2231,0.9,,401,71,654,0.022970742158687787,True,0.0,True,10.0,0.5,additive,True
0.48606465997770343,0.0,0.0,0.0,gaussian_noise,SKAB,fold_1,123,5,3,3,0.5,avg_negative_log,10,0.2231,0.9,,401,71,654,0.022970742158687787,True,0.0,True,10.0,0.5,additive,True
0.5005574136008919,0.0,0.0,0.0,original,SKAB,fold_1,2026,5,3,3,0.5,avg_negative_log,10,0.2231,0.9,,401,71,654,0.022970742158687787,True,0.0,True,10.0,0.5,additive,True
0.48494983277591974,0.0,0.0,0.0,gaussian_noise,SKAB,fold_1,2026,5,3,3,0.5,avg_negative_log,10,0.2231,0.9,,401,71,654,0.022970742158687787,True,0.0,True,10.0,0.5,additive,True
0.5005574136008919,0.0,0.0,0.0,original,SKAB,fold_1,7,5,3,3,0.5,avg_negative_log,10,0.2231,0.9,,401,71,654,0.022970742158687787,True,0.0,True,10.0,0.5,additive,True
0.5005574136008919,0.0,0.0,0.0,gaussian_noise,SKAB,fold_1,7,5,3,3,0.5,avg_negative_log,10,0.2231,0.9,,401,71,654,0.022970742158687787,True,0.0,True,10.0,0.5,additive,True
0.5005574136008919,0.0,0.0,0.0,original,SKAB,fold_1,999,5,3,3,0.5,avg_negative_log,10,0.2231,0.9,,401,71,654,0.022970742158687787,True,0.0,True,10.0,0.5,additive,True
0.5027870680044593,0.0,0.0,0.0,gaussian_noise,SKAB,fold_1,999,5,3,3,0.5,avg_negative_log,10,0.2231,0.9,,401,71,654,0.022970742158687787,True,0.0,True,10.0,0.5,additive,True
0.49720044792833146,0.35046728971962615,0.4672897196261682,0.40053404539385845,original,SKAB,fold_2,42,5,3,3,0.5,avg_negative_log,10,0.2231,0.9,,419,68,716,0.025129861013617857,True,0.0,True,10.0,0.5,additive,True
0.5184770436730123,0.38074398249452956,0.5420560747663551,0.4473007712082262,gaussian_noise,SKAB,fold_2,42,5,3,3,0.5,avg_negative_log,10,0.2231,0.9,,419,68,716,0.025129861013617857,True,0.0,True,10.0,0.5,additive,True
0.49720044792833146,0.35046728971962615,0.4672897196261682,0.40053404539385845,original,SKAB,fold_2,123,5,3,3,0.5,avg_negative_log,10,0.2231,0.9,,419,68,716,0.025129861013617857,True,0.0,True,10.0,0.5,additive,True
0.5397536394176932,0.4008810572687225,0.5669781931464174,0.4696774193548387,gaussian_noise,SKAB,fold_2,123,5,3,3,0.5,avg_negative_log,10,0.2231,0.9,,419,68,716,0.025129861013617857,True,0.0,True,10.0,0.5,additive,True
0.49720044792833146,0.35046728971962615,0.4672897196261682,0.40053404539385845,original,SKAB,fold_2,2026,5,3,3,0.5,avg_negative_log,10,0.2231,0.9,,419,68,716,0.025129861013617857,True,0.0,True,10.0,0.5,additive,True
0.4916013437849944,0.3518930957683742,0.49221183800623053,0.4103896103896104,gaussian_noise,SKAB,fold_2,2026,5,3,3,0.5,avg_negative_log,10,0.2231,0.9,,419,68,716,0.025129861013617857,True,0.0,True,10.0,0.5,additive,True
0.49720044792833146,0.35046728971962615,0.4672897196261682,0.40053404539385845,original,SKAB,fold_2,7,5,3,3,0.5,avg_negative_log,10,0.2231,0.9,,419,68,716,0.025129861013617857,True,0.0,True,10.0,0.5,additive,True
0.49048152295632697,0.3456221198156682,0.4672897196261682,0.3973509933774834,gaussian_noise,SKAB,fold_2,7,5,3,3,0.5,avg_negative_log,10,0.2231,0.9,,419,68,716,0.025129861013617857,True,0.0,True,10.0,0.5,additive,True
0.49720044792833146,0.35046728971962615,0.4672897196261682,0.40053404539385845,original,SKAB,fold_2,999,5,3,3,0.5,avg_negative_log,10,0.2231,0.9,,419,68,716,0.025129861013617857,True,0.0,True,10.0,0.5,additive,True
0.5106382978723404,0.375,0.5420560747663551,0.44331210191082804,gaussian_noise,SKAB,fold_2,999,5,3,3,0.5,avg_negative_log,10,0.2231,0.9,,419,68,716,0.025129861013617857,True,0.0,True,10.0,0.5,additive,True
0.49832026875699886,0.36673773987206826,0.5325077399380805,0.43434343434343436,original,SKAB,fold_3,42,5,3,3,0.5,avg_negative_log,10,0.2231,0.9,,407,69,675,0.024035893601110993,True,0.0,True,10.0,0.5,additive,True
0.49272116461366183,0.3689516129032258,0.56656346749226,0.4468864468864469,gaussian_noise,SKAB,fold_3,42,5,3,3,0.5,avg_negative_log,10,0.2231,0.9,,407,69,675,0.024035893601110993,True,0.0,True,10.0,0.5,additive,True
0.49832026875699886,0.36673773987206826,0.5325077399380805,0.43434343434343436,original,SKAB,fold_3,123,5,3,3,0.5,avg_negative_log,10,0.2231,0.9,,407,69,675,0.024035893601110993,True,0.0,True,10.0,0.5,additive,True
0.522956326987682,0.39337474120082816,0.5882352941176471,0.47146401985111663,gaussian_noise,SKAB,fold_3,123,5,3,3,0.5,avg_negative_log,10,0.2231,0.9,,407,69,675,0.024035893601110993,True,0.0,True,10.0,0.5,additive,True
0.49832026875699886,0.36673773987206826,0.5325077399380805,0.43434343434343436,original,SKAB,fold_3,2026,5,3,3,0.5,avg_negative_log,10,0.2231,0.9,,407,69,675,0.024035893601110993,True,0.0,True,10.0,0.5,additive,True
0.48376259798432253,0.35064935064935066,0.5015479876160991,0.41273885350318473,gaussian_noise,SKAB,fold_3,2026,5,3,3,0.5,avg_negative_log,10,0.2231,0.9,,407,69,675,0.024035893601110993,True,0.0,True,10.0,0.5,additive,True
0.49832026875699886,0.36673773987206826,0.5325077399380805,0.43434343434343436,original,SKAB,fold_3,7,5,3,3,0.5,avg_negative_log,10,0.2231,0.9,,407,69,675,0.024035893601110993,True,0.0,True,10.0,0.5,additive,True
0.47704367301231804,0.3493723849372385,0.5170278637770898,0.41697877652933835,gaussian_noise,SKAB,fold_3,7,5,3,3,0.5,avg_negative_log,10,0.2231,0.9,,407,69,675,0.024035893601110993,True,0.0,True,10.0,0.5,additive,True
0.49832026875699886,0.36673773987206826,0.5325077399380805,0.43434343434343436,original,SKAB,fold_3,999,5,3,3,0.5,avg_negative_log,10,0.2231,0.9,,407,69,675,0.024035893601110993,True,0.0,True,10.0,0.5,additive,True
0.4826427771556551,0.35670103092783506,0.5356037151702786,0.4282178217821782,gaussian_noise,SKAB,fold_3,999,5,3,3,0.5,avg_negative_log,10,0.2231,0.9,,407,69,675,0.024035893601110993,True,0.0,True,10.0,0.5,additive,True
0.5448354143019296,0.3991031390134529,0.572347266881029,0.4702774108322325,original,SKAB,fold_4,42,5,3,3,0.5,avg_negative_log,10,0.2231,0.9,,403,68,670,0.02444898554955481,True,0.0,True,10.0,0.5,additive,True
0.5209988649262202,0.38064516129032255,0.5691318327974276,0.45618556701030927,gaussian_noise,SKAB,fold_4,42,5,3,3,0.5,avg_negative_log,10,0.2231,0.9,,403,68,670,0.02444898554955481,True,0.0,True,10.0,0.5,additive,True
0.5448354143019296,0.3991031390134529,0.572347266881029,0.4702774108322325,original,SKAB,fold_4,123,5,3,3,0.5,avg_negative_log,10,0.2231,0.9,,403,68,670,0.02444898554955481,True,0.0,True,10.0,0.5,additive,True
0.5437003405221339,0.39775280898876403,0.5691318327974276,0.46825396825396826,gaussian_noise,SKAB,fold_4,123,5,3,3,0.5,avg_negative_log,10,0.2231,0.9,,403,68,670,0.02444898554955481,True,0.0,True,10.0,0.5,additive,True
0.5448354143019296,0.3991031390134529,0.572347266881029,0.4702774108322325,original,SKAB,fold_4,2026,5,3,3,0.5,avg_negative_log,10,0.2231,0.9,,403,68,670,0.02444898554955481,True,0.0,True,10.0,0.5,additive,True
0.5039727582292849,0.3670886075949367,0.5594855305466238,0.44331210191082804,gaussian_noise,SKAB,fold_4,2026,5,3,3,0.5,avg_negative_log,10,0.2231,0.9,,403,68,670,0.02444898554955481,True,0.0,True,10.0,0.5,additive,True
0.5448354143019296,0.3991031390134529,0.572347266881029,0.4702774108322325,original,SKAB,fold_4,7,5,3,3,0.5,avg_negative_log,10,0.2231,0.9,,403,68,670,0.02444898554955481,True,0.0,True,10.0,0.5,additive,True
0.565266742338252,0.4158878504672897,0.572347266881029,0.4817320703653586,gaussian_noise,SKAB,fold_4,7,5,3,3,0.5,avg_negative_log,10,0.2231,0.9,,403,68,670,0.02444898554955481,True,0.0,True,10.0,0.5,additive,True
0.5448354143019296,0.3991031390134529,0.572347266881029,0.4702774108322325,original,SKAB,fold_4,999,5,3,3,0.5,avg_negative_log,10,0.2231,0.9,,403,68,670,0.02444898554955481,True,0.0,True,10.0,0.5,additive,True
0.5448354143019296,0.3991031390134529,0.572347266881029,0.4702774108322325,gaussian_noise,SKAB,fold_4,999,5,3,3,0.5,avg_negative_log,10,0.2231,0.9,,403,68,670,0.02444898554955481,True,0.0,True,10.0,0.5,additive,True
0.574750830564784,0.4576,0.8640483383685801,0.5983263598326359,original,SKAB,fold_5,42,5,3,3,0.5,avg_negative_log,10,0.2231,0.9,,368,64,606,0.02573029891304348,True,0.0,True,10.0,0.5,additive,True
0.5769656699889258,0.46266471449487556,0.9546827794561934,0.6232741617357002,gaussian_noise,SKAB,fold_5,42,5,3,3,0.5,avg_negative_log,10,0.2231,0.9,,368,64,606,0.02573029891304348,True,0.0,True,10.0,0.5,additive,True
0.574750830564784,0.4576,0.8640483383685801,0.5983263598326359,original,SKAB,fold_5,123,5,3,3,0.5,avg_negative_log,10,0.2231,0.9,,368,64,606,0.02573029891304348,True,0.0,True,10.0,0.5,additive,True
0.5858250276854928,0.4665629860031104,0.9063444108761329,0.6160164271047228,gaussian_noise,SKAB,fold_5,123,5,3,3,0.5,avg_negative_log,10,0.2231,0.9,,368,64,606,0.02573029891304348,True,0.0,True,10.0,0.5,additive,True
0.574750830564784,0.4576,0.8640483383685801,0.5983263598326359,original,SKAB,fold_5,2026,5,3,3,0.5,avg_negative_log,10,0.2231,0.9,,368,64,606,0.02573029891304348,True,0.0,True,10.0,0.5,additive,True
0.6101882613510521,0.48372093023255813,0.9425981873111783,0.639344262295082,gaussian_noise,SKAB,fold_5,2026,5,3,3,0.5,avg_negative_log,10,0.2231,0.9,,368,64,606,0.02573029891304348,True,0.0,True,10.0,0.5,additive,True
0.574750830564784,0.4576,0.8640483383685801,0.5983263598326359,original,SKAB,fold_5,7,5,3,3,0.5,avg_negative_log,10,0.2231,0.9,,368,64,606,0.02573029891304348,True,0.0,True,10.0,0.5,additive,True
0.592469545957918,0.4717557251908397,0.9335347432024169,0.6267748478701826,gaussian_noise,SKAB,fold_5,7,5,3,3,0.5,avg_negative_log,10,0.2231,0.9,,368,64,606,0.02573029891304348,True,0.0,True,10.0,0.5,additive,True
0.574750830564784,0.4576,0.8640483383685801,0.5983263598326359,original,SKAB,fold_5,999,5,3,3,0.5,avg_negative_log,10,0.2231,0.9,,368,64,606,0.02573029891304348,True,0.0,True,10.0,0.5,additive,True
0.6090808416389811,0.48328267477203646,0.9607250755287009,0.6430738119312437,gaussian_noise,SKAB,fold_5,999,5,3,3,0.5,avg_negative_log,10,0.2231,0.9,,368,64,606,0.02573029891304348,True,0.0,True,10.0,0.5,additive,True
0.5039018952062431,0.0,0.0,0.0,original,SKAB,fold_1,42,5,3,3,0.5,avg_negative_log,10,0.3567,0.9,,401,71,654,0.022970742158687787,True,0.0,True,10.0,0.5,additive,True
0.49052396878483834,0.0,0.0,0.0,gaussian_noise,SKAB,fold_1,42,5,3,3,0.5,avg_negative_log,10,0.3567,0.9,,401,71,654,0.022970742158687787,True,0.0,True,10.0,0.5,additive,True
0.5039018952062431,0.0,0.0,0.0,original,SKAB,fold_1,123,5,3,3,0.5,avg_negative_log,10,0.3567,0.9,,401,71,654,0.022970742158687787,True,0.0,True,10.0,0.5,additive,True
0.49052396878483834,0.0,0.0,0.0,gaussian_noise,SKAB,fold_1,123,5,3,3,0.5,avg_negative_log,10,0.3567,0.9,,401,71,654,0.022970742158687787,True,0.0,True,10.0,0.5,additive,True
0.5039018952062431,0.0,0.0,0.0,original,SKAB,fold_1,2026,5,3,3,0.5,avg_negative_log,10,0.3567,0.9,,401,71,654,0.022970742158687787,True,0.0,True,10.0,0.5,additive,True
0.48940914158305465,0.0,0.0,0.0,gaussian_noise,SKAB,fold_1,2026,5,3,3,0.5,avg_negative_log,10,0.3567,0.9,,401,71,654,0.022970742158687787,True,0.0,True,10.0,0.5,additive,True
0.5039018952062431,0.0,0.0,0.0,original,SKAB,fold_1,7,5,3,3,0.5,avg_negative_log,10,0.3567,0.9,,401,71,654,0.022970742158687787,True,0.0,True,10.0,0.5,additive,True
0.5039018952062431,0.0,0.0,0.0,gaussian_noise,SKAB,fold_1,7,5,3,3,0.5,avg_negative_log,10,0.3567,0.9,,401,71,654,0.022970742158687787,True,0.0,True,10.0,0.5,additive,True
0.5039018952062431,0.0,0.0,0.0,original,SKAB,fold_1,999,5,3,3,0.5,avg_negative_log,10,0.3567,0.9,,401,71,654,0.022970742158687787,True,0.0,True,10.0,0.5,additive,True
0.5061315496098104,0.0,0.0,0.0,gaussian_noise,SKAB,fold_1,999,5,3,3,0.5,avg_negative_log,10,0.3567,0.9,,401,71,654,0.022970742158687787,True,0.0,True,10.0,0.5,additive,True
0.49832026875699886,0.3491686460807601,0.45794392523364486,0.39622641509433965,original,SKAB,fold_2,42,5,3,3,0.5,avg_negative_log,10,0.3567,0.9,,419,68,716,0.025129861013617857,True,0.0,True,10.0,0.5,additive,True
0.5184770436730123,0.37915742793791574,0.5327102803738317,0.4430051813471503,gaussian_noise,SKAB,fold_2,42,5,3,3,0.5,avg_negative_log,10,0.3567,0.9,,419,68,716,0.025129861013617857,True,0.0,True,10.0,0.5,additive,True
0.49832026875699886,0.3491686460807601,0.45794392523364486,0.39622641509433965,original,SKAB,fold_2,123,5,3,3,0.5,avg_negative_log,10,0.3567,0.9,,419,68,716,0.025129861013617857,True,0.0,True,10.0,0.5,additive,True
0.5386338185890257,0.3982102908277405,0.5545171339563862,0.4635416666666667,gaussian_noise,SKAB,fold_2,123,5,3,3,0.5,avg_negative_log,10,0.3567,0.9,,419,68,716,0.025129861013617857,True,0.0,True,10.0,0.5,additive,True
0.49832026875699886,0.3491686460807601,0.45794392523364486,0.39622641509433965,original,SKAB,fold_2,2026,5,3,3,0.5,avg_negative_log,10,0.3567,0.9,,419,68,716,0.025129861013617857,True,0.0,True,10.0,0.5,additive,True
0.49048152295632697,0.3490990990990991,0.48286604361370716,0.40522875816993464,gaussian_noise,SKAB,fold_2,2026,5,3,3,0.5,avg_negative_log,10,0.3567,0.9,,419,68,716,0.025129861013617857,True,0.0,True,10.0,0.5,additive,True
0.49832026875699886,0.3491686460807601,0.45794392523364486,0.39622641509433965,original,SKAB,fold_2,7,5,3,3,0.5,avg_negative_log,10,0.3567,0.9,,419,68,716,0.025129861013617857,True,0.0,True,10.0,0.5,additive,True
0.49048152295632697,0.34345794392523366,0.45794392523364486,0.3925233644859813,gaussian_noise,SKAB,fold_2,7,5,3,3,0.5,avg_negative_log,10,0.3567,0.9,,419,68,716,0.025129861013617857,True,0.0,True,10.0,0.5,additive,True
0.49832026875699886,0.3491686460807601,0.45794392523364486,0.39622641509433965,original,SKAB,fold_2,999,5,3,3,0.5,avg_negative_log,10,0.3567,0.9,,419,68,716,0.025129861013617857,True,0.0,True,10.0,0.5,additive,True
0.509518477043673,0.37254901960784315,0.5327102803738317,0.43846153846153846,gaussian_noise,SKAB,fold_2,999,5,3,3,0.5,avg_negative_log,10,0.3567,0.9,,419,68,716,0.025129861013617857,True,0.0,True,10.0,0.5,additive,True
0.49608062709966405,0.36225596529284165,0.5170278637770898,0.4260204081632653,original,SKAB,fold_3,42,5,3,3,0.5,avg_negative_log,10,0.3567,0.9,,407,69,675,0.024035893601110993,True,0.0,True,10.0,0.5,additive,True
0.48936170212765956,0.3628865979381443,0.544891640866873,0.43564356435643564,gaussian_noise,SKAB,fold_3,42,5,3,3,0.5,avg_negative_log,10,0.3567,0.9,,407,69,675,0.024035893601110993,True,0.0,True,10.0,0.5,additive,True
0.49608062709966405,0.36225596529284165,0.5170278637770898,0.4260204081632653,original,SKAB,fold_3,123,5,3,3,0.5,avg_negative_log,10,0.3567,0.9,,407,69,675,0.024035893601110993,True,0.0,True,10.0,0.5,additive,True
0.5207166853303471,0.3890063424947146,0.5696594427244582,0.4623115577889447,gaussian_noise,SKAB,fold_3,123,5,3,3,0.5,avg_negative_log,10,0.3567,0.9,,407,69,675,0.024035893601110993,True,0.0,True,10.0,0.5,additive,True
0.49608062709966405,0.36225596529284165,0.5170278637770898,0.4260204081632653,original,SKAB,fold_3,2026,5,3,3,0.5,avg_negative_log,10,0.3567,0.9,,407,69,675,0.024035893601110993,True,0.0,True,10.0,0.5,additive,True
0.48040313549832026,0.3443708609271523,0.48297213622291024,0.4020618556701031,gaussian_noise,SKAB,fold_3,2026,5,3,3,0.5,avg_negative_log,10,0.3567,0.9,,407,69,675,0.024035893601110993,True,0.0,True,10.0,0.5,additive,True
0.49608062709966405,0.36225596529284165,0.5170278637770898,0.4260204081632653,original,SKAB,fold_3,7,5,3,3,0.5,avg_negative_log,10,0.3567,0.9,,407,69,675,0.024035893601110993,True,0.0,True,10.0,0.5,additive,True
0.4748040313549832,0.344017094017094,0.4984520123839009,0.40707964601769914,gaussian_noise,SKAB,fold_3,7,5,3,3,0.5,avg_negative_log,10,0.3567,0.9,,407,69,675,0.024035893601110993,True,0.0,True,10.0,0.5,additive,True
0.49608062709966405,0.36225596529284165,0.5170278637770898,0.4260204081632653,original,SKAB,fold_3,999,5,3,3,0.5,avg_negative_log,10,0.3567,0.9,,407,69,675,0.024035893601110993,True,0.0,True,10.0,0.5,additive,True
0.48152295632698766,0.35294117647058826,0.5201238390092879,0.42052565707133915,gaussian_noise,SKAB,fold_3,999,5,3,3,0.5,avg_negative_log,10,0.3567,0.9,,407,69,675,0.024035893601110993,True,0.0,True,10.0,0.5,additive,True
0.5459704880817253,0.39863325740318906,0.5627009646302251,0.4666666666666667,original,SKAB,fold_4,42,5,3,3,0.5,avg_negative_log,10,0.3567,0.9,,403,68,670,0.02444898554955481,True,0.0,True,10.0,0.5,additive,True
0.5232690124858116,0.38074398249452956,0.5594855305466238,0.453125,gaussian_noise,SKAB,fold_4,42,5,3,3,0.5,avg_negative_log,10,0.3567,0.9,,403,68,670,0.02444898554955481,True,0.0,True,10.0,0.5,additive,True
0.5459704880817253,0.39863325740318906,0.5627009646302251,0.4666666666666667,original,SKAB,fold_4,123,5,3,3,0.5,avg_negative_log,10,0.3567,0.9,,403,68,670,0.02444898554955481,True,0.0,True,10.0,0.5,additive,True
0.5448354143019296,0.3972602739726027,0.5594855305466238,0.46461949265687585,gaussian_noise,SKAB,fold_4,123,5,3,3,0.5,avg_negative_log,10,0.3567,0.9,,403,68,670,0.02444898554955481,True,0.0,True,10.0,0.5,additive,True
0.5459704880817253,0.39863325740318906,0.5627009646302251,0.4666666666666667,original,SKAB,fold_4,2026,5,3,3,0.5,avg_negative_log,10,0.3567,0.9,,403,68,670,0.02444898554955481,True,0.0,True,10.0,0.5,additive,True
0.5073779795686719,0.36774193548387096,0.5498392282958199,0.44072164948453607,gaussian_noise,SKAB,fold_4,2026,5,3,3,0.5,avg_negative_log,10,0.3567,0.9,,403,68,670,0.02444898554955481,True,0.0,True,10.0,0.5,additive,True
0.5459704880817253,0.39863325740318906,0.5627009646302251,0.4666666666666667,original,SKAB,fold_4,7,5,3,3,0.5,avg_negative_log,10,0.3567,0.9,,403,68,670,0.02444898554955481,True,0.0,True,10.0,0.5,additive,True
0.5664018161180476,0.4156769596199525,0.5627009646302251,0.4781420765027322,gaussian_noise,SKAB,fold_4,7,5,3,3,0.5,avg_negative_log,10,0.3567,0.9,,403,68,670,0.02444898554955481,True,0.0,True,10.0,0.5,additive,True
0.5459704880817253,0.39863325740318906,0.5627009646302251,0.4666666666666667,original,SKAB,fold_4,999,5,3,3,0.5,avg_negative_log,10,0.3567,0.9,,403,68,670,0.02444898554955481,True,0.0,True,10.0,0.5,additive,True
0.5459704880817253,0.39863325740318906,0.5627009646302251,0.4666666666666667,gaussian_noise,SKAB,fold_4,999,5,3,3,0.5,avg_negative_log,10,0.3567,0.9,,403,68,670,0.02444898554955481,True,0.0,True,10.0,0.5,additive,True
0.5758582502768549,0.4577922077922078,0.851963746223565,0.5955649419218585,original,SKAB,fold_5,42,5,3,3,0.5,avg_negative_log,10,0.3567,0.9,,368,64,606,0.02573029891304348,True,0.0,True,10.0,0.5,additive,True
0.5769656699889258,0.46244477172312226,0.9486404833836858,0.6217821782178218,gaussian_noise,SKAB,fold_5,42,5,3,3,0.5,avg_negative_log,10,0.3567,0.9,,368,64,606,0.02573029891304348,True,0.0,True,10.0,0.5,additive,True
0.5758582502768549,0.4577922077922078,0.851963746223565,0.5955649419218585,original,SKAB,fold_5,123,5,3,3,0.5,avg_negative_log,10,0.3567,0.9,,368,64,606,0.02573029891304348,True,0.0,True,10.0,0.5,additive,True
0.5880398671096345,0.46781789638932497,0.9003021148036254,0.6157024793388429,gaussian_noise,SKAB,fold_5,123,5,3,3,0.5,avg_negative_log,10,0.3567,0.9,,368,64,606,0.02573029891304348,True,0.0,True,10.0,0.5,additive,True
0.5758582502768549,0.4577922077922078,0.851963746223565,0.5955649419218585,original,SKAB,fold_5,2026,5,3,3,0.5,avg_negative_log,10,0.3567,0.9,,368,64,606,0.02573029891304348,True,0.0,True,10.0,0.5,additive,True
0.6079734219269103,0.48200312989045385,0.9305135951661632,0.6350515463917525,gaussian_noise,SKAB,fold_5,2026,5,3,3,0.5,avg_negative_log,10,0.3567,0.9,,368,64,606,0.02573029891304348,True,0.0,True,10.0,0.5,additive,True
0.5758582502768549,0.4577922077922078,0.851963746223565,0.5955649419218585,original,SKAB,fold_5,7,5,3,3,0.5,avg_negative_log,10,0.3567,0.9,,368,64,606,0.02573029891304348,True,0.0,True,10.0,0.5,additive,True
0.5957918050941307,0.4737654320987654,0.9274924471299094,0.627170582226762,gaussian_noise,SKAB,fold_5,7,5,3,3,0.5,avg_negative_log,10,0.3567,0.9,,368,64,606,0.02573029891304348,True,0.0,True,10.0,0.5,additive,True
0.5758582502768549,0.4577922077922078,0.851963746223565,0.5955649419218585,original,SKAB,fold_5,999,5,3,3,0.5,avg_negative_log,10,0.3567,0.9,,368,64,606,0.02573029891304348,True,0.0,True,10.0,0.5,additive,True
0.6112956810631229,0.4847094801223242,0.9577039274924471,0.6436548223350254,gaussian_noise,SKAB,fold_5,999,5,3,3,0.5,avg_negative_log,10,0.3567,0.9,,368,64,606,0.02573029891304348,True,0.0,True,10.0,0.5,additive,True
0.5083612040133779,0.0,0.0,0.0,original,SKAB,fold_1,42,5,3,3,0.5,avg_negative_log,10,0.5108,0.9,,401,71,654,0.022970742158687787,True,0.0,True,10.0,0.5,additive,True
0.496098104793757,0.0,0.0,0.0,gaussian_noise,SKAB,fold_1,42,5,3,3,0.5,avg_negative_log,10,0.5108,0.9,,401,71,654,0.022970742158687787,True,0.0,True,10.0,0.5,additive,True
0.5083612040133779,0.0,0.0,0.0,original,SKAB,fold_1,123,5,3,3,0.5,avg_negative_log,10,0.5108,0.9,,401,71,654,0.022970742158687787,True,0.0,True,10.0,0.5,additive,True
0.496098104793757,0.0,0.0,0.0,gaussian_noise,SKAB,fold_1,123,5,3,3,0.5,avg_negative_log,10,0.5108,0.9,,401,71,654,0.022970742158687787,True,0.0,True,10.0,0.5,additive,True
0.5083612040133779,0.0,0.0,0.0,original,SKAB,fold_1,2026,5,3,3,0.5,avg_negative_log,10,0.5108,0.9,,401,71,654,0.022970742158687787,True,0.0,True,10.0,0.5,additive,True
0.4972129319955407,0.0,0.0,0.0,gaussian_noise,SKAB,fold_1,2026,5,3,3,0.5,avg_negative_log,10,0.5108,0.9,,401,71,654,0.022970742158687787,True,0.0,True,10.0,0.5,additive,True
0.5083612040133779,0.0,0.0,0.0,original,SKAB,fold_1,7,5,3,3,0.5,avg_negative_log,10,0.5108,0.9,,401,71,654,0.022970742158687787,True,0.0,True,10.0,0.5,additive,True
0.5083612040133779,0.0,0.0,0.0,gaussian_noise,SKAB,fold_1,7,5,3,3,0.5,avg_negative_log,10,0.5108,0.9,,401,71,654,0.022970742158687787,True,0.0,True,10.0,0.5,additive,True
0.5083612040133779,0.0,0.0,0.0,original,SKAB,fold_1,999,5,3,3,0.5,avg_negative_log,10,0.5108,0.9,,401,71,654,0.022970742158687787,True,0.0,True,10.0,0.5,additive,True
0.5105908584169454,0.0,0.0,0.0,gaussian_noise,SKAB,fold_1,999,5,3,3,0.5,avg_negative_log,10,0.5108,0.9,,401,71,654,0.022970742158687787,True,0.0,True,10.0,0.5,additive,True
0.5061590145576708,0.35294117647058826,0.4485981308411215,0.3950617283950617,original,SKAB,fold_2,42,5,3,3,0.5,avg_negative_log,10,0.5108,0.9,,419,68,716,0.025129861013617857,True,0.0,True,10.0,0.5,additive,True
0.522956326987682,0.37986270022883295,0.5171339563862928,0.43799472295514513,gaussian_noise,SKAB,fold_2,42,5,3,3,0.5,avg_negative_log,10,0.5108,0.9,,419,68,716,0.025129861013617857,True,0.0,True,10.0,0.5,additive,True
0.5061590145576708,0.35294117647058826,0.4485981308411215,0.3950617283950617,original,SKAB,fold_2,123,5,3,3,0.5,avg_negative_log,10,0.5108,0.9,,419,68,716,0.025129861013617857,True,0.0,True,10.0,0.5,additive,True
0.5408734602463606,0.39675174013921116,0.5327102803738317,0.45478723404255317,gaussian_noise,SKAB,fold_2,123,5,3,3,0.5,avg_negative_log,10,0.5108,0.9,,419,68,716,0.025129861013617857,True,0.0,True,10.0,0.5,additive,True
0.5061590145576708,0.35294117647058826,0.4485981308411215,0.3950617283950617,original,SKAB,fold_2,2026,5,3,3,0.5,avg_negative_log,10,0.5108,0.9,,419,68,716,0.025129861013617857,True,0.0,True,10.0,0.5,additive,True
0.49272116461366183,0.3486238532110092,0.4735202492211838,0.40158520475561427,gaussian_noise,SKAB,fold_2,2026,5,3,3,0.5,avg_negative_log,10,0.5108,0.9,,419,68,716,0.025129861013617857,True,0.0,True,10.0,0.5,additive,True
0.5061590145576708,0.35294117647058826,0.4485981308411215,0.3950617283950617,original,SKAB,fold_2,7,5,3,3,0.5,avg_negative_log,10,0.5108,0.9,,419,68,716,0.025129861013617857,True,0.0,True,10.0,0.5,additive,True
0.49384098544232924,0.3436754176610978,0.4485981308411215,0.3891891891891892,gaussian_noise,SKAB,fold_2,7,5,3,3,0.5,avg_negative_log,10,0.5108,0.9,,419,68,716,0.025129861013617857,True,0.0,True,10.0,0.5,additive,True
0.5061590145576708,0.35294117647058826,0.4485981308411215,0.3950617283950617,original,SKAB,fold_2,999,5,3,3,0.5,avg_negative_log,10,0.5108,0.9,,419,68,716,0.025129861013617857,True,0.0,True,10.0,0.5,additive,True
0.5117581187010078,0.37193763919821826,0.5202492211838006,0.43376623376623374,gaussian_noise,SKAB,fold_2,999,5,3,3,0.5,avg_negative_log,10,0.5108,0.9,,419,68,716,0.025129861013617857,True,0.0,True,10.0,0.5,additive,True
0.49272116461366183,0.35294117647058826,0.48297213622291024,0.40784313725490196,original,SKAB,fold_3,42,5,3,3,0.5,avg_negative_log,10,0.5108,0.9,,407,69,675,0.024035893601110993,True,0.0,True,10.0,0.5,additive,True
0.4826427771556551,0.3492407809110629,0.4984520123839009,0.4107142857142857,gaussian_noise,SKAB,fold_3,42,5,3,3,0.5,avg_negative_log,10,0.5108,0.9,,407,69,675,0.024035893601110993,True,0.0,True,10.0,0.5,additive,True
0.49272116461366183,0.35294117647058826,0.48297213622291024,0.40784313725490196,original,SKAB,fold_3,123,5,3,3,0.5,avg_negative_log,10,0.5108,0.9,,407,69,675,0.024035893601110993,True,0.0,True,10.0,0.5,additive,True
0.5151175811870101,0.37777777777777777,0.5263157894736842,0.4398447606727037,gaussian_noise,SKAB,fold_3,123,5,3,3,0.5,avg_negative_log,10,0.5108,0.9,,407,69,675,0.024035893601110993,True,0.0,True,10.0,0.5,additive,True
0.49272116461366183,0.35294117647058826,0.48297213622291024,0.40784313725490196,original,SKAB,fold_3,2026,5,3,3,0.5,avg_negative_log,10,0.5108,0.9,,407,69,675,0.024035893601110993,True,0.0,True,10.0,0.5,additive,True
0.47592385218365063,0.3325635103926097,0.4458204334365325,0.38095238095238093,gaussian_noise,SKAB,fold_3,2026,5,3,3,0.5,avg_negative_log,10,0.5108,0.9,,407,69,675,0.024035893601110993,True,0.0,True,10.0,0.5,additive,True
0.49272116461366183,0.35294117647058826,0.48297213622291024,0.40784313725490196,original,SKAB,fold_3,7,5,3,3,0.5,avg_negative_log,10,0.5108,0.9,,407,69,675,0.024035893601110993,True,0.0,True,10.0,0.5,additive,True
0.47032474804031354,0.33183856502242154,0.4582043343653251,0.38491547464239273,gaussian_noise,SKAB,fold_3,7,5,3,3,0.5,avg_negative_log,10,0.5108,0.9,,407,69,675,0.024035893601110993,True,0.0,True,10.0,0.5,additive,True
0.49272116461366183,0.35294117647058826,0.48297213622291024,0.40784313725490196,original,SKAB,fold_3,999,5,3,3,0.5,avg_negative_log,10,0.5108,0.9,,407,69,675,0.024035893601110993,True,0.0,True,10.0,0.5,additive,True
0.48040313549832026,0.34573304157549234,0.4891640866873065,0.40512820512820513,gaussian_noise,SKAB,fold_3,999,5,3,3,0.5,avg_negative_log,10,0.5108,0.9,,407,69,675,0.024035893601110993,True,0.0,True,10.0,0.5,additive,True
0.547105561861521,0.39767441860465114,0.5498392282958199,0.46153846153846156,original,SKAB,fold_4,42,5,3,3,0.5,avg_negative_log,10,0.5108,0.9,,403,68,670,0.02444898554955481,True,0.0,True,10.0,0.5,additive,True
0.5278093076049943,0.38202247191011235,0.5466237942122186,0.4497354497354497,gaussian_noise,SKAB,fold_4,42,5,3,3,0.5,avg_negative_log,10,0.5108,0.9,,403,68,670,0.02444898554955481,True,0.0,True,10.0,0.5,additive,True
0.547105561861521,0.39767441860465114,0.5498392282958199,0.46153846153846156,original,SKAB,fold_4,123,5,3,3,0.5,avg_negative_log,10,0.5108,0.9,,403,68,670,0.02444898554955481,True,0.0,True,10.0,0.5,additive,True
0.5459704880817253,0.3962703962703963,0.5466237942122186,0.4594594594594595,gaussian_noise,SKAB,fold_4,123,5,3,3,0.5,avg_negative_log,10,0.5108,0.9,,403,68,670,0.02444898554955481,True,0.0,True,10.0,0.5,additive,True
0.547105561861521,0.39767441860465114,0.5498392282958199,0.46153846153846156,original,SKAB,fold_4,2026,5,3,3,0.5,avg_negative_log,10,0.5108,0.9,,403,68,670,0.02444898554955481,True,0.0,True,10.0,0.5,additive,True
0.5130533484676504,0.3694690265486726,0.5369774919614148,0.43774574049803405,gaussian_noise,SKAB,fold_4,2026,5,3,3,0.5,avg_negative_log,10,0.5108,0.9,,403,68,670,0.02444898554955481,True,0.0,True,10.0,0.5,additive,True
0.547105561861521,0.39767441860465114,0.5498392282958199,0.46153846153846156,original,SKAB,fold_4,7,5,3,3,0.5,avg_negative_log,10,0.5108,0.9,,403,68,670,0.02444898554955481,True,0.0,True,10.0,0.5,additive,True
0.5686719636776391,0.41605839416058393,0.5498392282958199,0.47368421052631576,gaussian_noise,SKAB,fold_4,7,5,3,3,0.5,avg_negative_log,10,0.5108,0.9,,403,68,670,0.02444898554955481,True,0.0,True,10.0,0.5,additive,True
0.547105561861521,0.39767441860465114,0.5498392282958199,0.46153846153846156,original,SKAB,fold_4,999,5,3,3,0.5,avg_negative_log,10,0.5108,0.9,,403,68,670,0.02444898554955481,True,0.0,True,10.0,0.5,additive,True
0.547105561861521,0.39767441860465114,0.5498392282958199,0.46153846153846156,gaussian_noise,SKAB,fold_4,999,5,3,3,0.5,avg_negative_log,10,0.5108,0.9,,403,68,670,0.02444898554955481,True,0.0,True,10.0,0.5,additive,True
0.5902547065337763,0.467005076142132,0.8338368580060423,0.5986984815618221,original,SKAB,fold_5,42,5,3,3,0.5,avg_negative_log,10,0.5108,0.9,,368,64,606,0.02573029891304348,True,0.0,True,10.0,0.5,additive,True
0.5902547065337763,0.4703196347031963,0.9335347432024169,0.6255060728744939,gaussian_noise,SKAB,fold_5,42,5,3,3,0.5,avg_negative_log,10,0.5108,0.9,,368,64,606,0.02573029891304348,True,0.0,True,10.0,0.5,additive,True
0.5902547065337763,0.467005076142132,0.8338368580060423,0.5986984815618221,original,SKAB,fold_5,123,5,3,3,0.5,avg_negative_log,10,0.5108,0.9,,368,64,606,0.02573029891304348,True,0.0,True,10.0,0.5,additive,True
0.5991140642303433,0.47495961227786754,0.8882175226586103,0.6189473684210526,gaussian_noise,SKAB,fold_5,123,5,3,3,0.5,avg_negative_log,10,0.5108,0.9,,368,64,606,0.02573029891304348,True,0.0,True,10.0,0.5,additive,True
0.5902547065337763,0.467005076142132,0.8338368580060423,0.5986984815618221,original,SKAB,fold_5,2026,5,3,3,0.5,avg_negative_log,10,0.5108,0.9,,368,64,606,0.02573029891304348,True,0.0,True,10.0,0.5,additive,True
0.6212624584717608,0.49108589951377635,0.9154078549848943,0.6392405063291139,gaussian_noise,SKAB,fold_5,2026,5,3,3,0.5,avg_negative_log,10,0.5108,0.9,,368,64,606,0.02573029891304348,True,0.0,True,10.0,0.5,additive,True
0.5902547065337763,0.467005076142132,0.8338368580060423,0.5986984815618221,original,SKAB,fold_5,7,5,3,3,0.5,avg_negative_log,10,0.5108,0.9,,368,64,606,0.02573029891304348,True,0.0,True,10.0,0.5,additive,True
0.6157253599114064,0.48722044728434505,0.9214501510574018,0.6374085684430512,gaussian_noise,SKAB,fold_5,7,5,3,3,0.5,avg_negative_log,10,0.5108,0.9,,368,64,606,0.02573029891304348,True,0.0,True,10.0,0.5,additive,True
0.5902547065337763,0.467005076142132,0.8338368580060423,0.5986984815618221,original,SKAB,fold_5,999,5,3,3,0.5,avg_negative_log,10,0.5108,0.9,,368,64,606,0.02573029891304348,True,0.0,True,10.0,0.5,additive,True
0.6234772978959026,0.49295774647887325,0.9516616314199395,0.6494845360824743,gaussian_noise,SKAB,fold_5,999,5,3,3,0.5,avg_negative_log,10,0.5108,0.9,,368,64,606,0.02573029891304348,True,0.0,True,10.0,0.5,additive,True
0.5161649944258639,0.0,0.0,0.0,original,SKAB,fold_1,42,5,3,3,0.5,avg_negative_log,10,0.6931,0.9,,401,71,654,0.022970742158687787,True,0.0,True,10.0,0.5,additive,True
0.5083612040133779,0.0,0.0,0.0,gaussian_noise,SKAB,fold_1,42,5,3,3,0.5,avg_negative_log,10,0.6931,0.9,,401,71,654,0.022970742158687787,True,0.0,True,10.0,0.5,additive,True
0.5161649944258639,0.0,0.0,0.0,original,SKAB,fold_1,123,5,3,3,0.5,avg_negative_log,10,0.6931,0.9,,401,71,654,0.022970742158687787,True,0.0,True,10.0,0.5,additive,True
0.5083612040133779,0.0,0.0,0.0,gaussian_noise,SKAB,fold_1,123,5,3,3,0.5,avg_negative_log,10,0.6931,0.9,,401,71,654,0.022970742158687787,True,0.0,True,10.0,0.5,additive,True
0.5161649944258639,0.0,0.0,0.0,original,SKAB,fold_1,2026,5,3,3,0.5,avg_negative_log,10,0.6931,0.9,,401,71,654,0.022970742158687787,True,0.0,True,10.0,0.5,additive,True
0.5072463768115942,0.0,0.0,0.0,gaussian_noise,SKAB,fold_1,2026,5,3,3,0.5,avg_negative_log,10,0.6931,0.9,,401,71,654,0.022970742158687787,True,0.0,True,10.0,0.5,additive,True
0.5161649944258639,0.0,0.0,0.0,original,SKAB,fold_1,7,5,3,3,0.5,avg_negative_log,10,0.6931,0.9,,401,71,654,0.022970742158687787,True,0.0,True,10.0,0.5,additive,True
0.5161649944258639,0.0,0.0,0.0,gaussian_noise,SKAB,fold_1,7,5,3,3,0.5,avg_negative_log,10,0.6931,0.9,,401,71,654,0.022970742158687787,True,0.0,True,10.0,0.5,additive,True
0.5161649944258639,0.0,0.0,0.0,original,SKAB,fold_1,999,5,3,3,0.5,avg_negative_log,10,0.6931,0.9,,401,71,654,0.022970742158687787,True,0.0,True,10.0,0.5,additive,True
0.5183946488294314,0.0,0.0,0.0,gaussian_noise,SKAB,fold_1,999,5,3,3,0.5,avg_negative_log,10,0.6931,0.9,,401,71,654,0.022970742158687787,True,0.0,True,10.0,0.5,additive,True
0.5151175811870101,0.3549222797927461,0.42679127725856697,0.38755304101838756,original,SKAB,fold_2,42,5,3,3,0.5,avg_negative_log,10,0.6931,0.9,,419,68,716,0.025129861013617857,True,0.0,True,10.0,0.5,additive,True
0.5319148936170213,0.38313253012048193,0.4953271028037383,0.4320652173913043,gaussian_noise,SKAB,fold_2,42,5,3,3,0.5,avg_negative_log,10,0.6931,0.9,,419,68,716,0.025129861013617857,True,0.0,True,10.0,0.5,additive,True
0.5151175811870101,0.3549222797927461,0.42679127725856697,0.38755304101838756,original,SKAB,fold_2,123,5,3,3,0.5,avg_negative_log,10,0.6931,0.9,,419,68,716,0.025129861013617857,True,0.0,True,10.0,0.5,additive,True
0.5475923852183651,0.39753086419753086,0.5015576323987538,0.44352617079889806,gaussian_noise,SKAB,fold_2,123,5,3,3,0.5,avg_negative_log,10,0.6931,0.9,,419,68,716,0.025129861013617857,True,0.0,True,10.0,0.5,additive,True
0.5151175811870101,0.3549222797927461,0.42679127725856697,0.38755304101838756,original,SKAB,fold_2,2026,5,3,3,0.5,avg_negative_log,10,0.6931,0.9,,419,68,716,0.025129861013617857,True,0.0,True,10.0,0.5,additive,True
0.49944008958566627,0.3485576923076923,0.4517133956386293,0.39348710990502034,gaussian_noise,SKAB,fold_2,2026,5,3,3,0.5,avg_negative_log,10,0.6931,0.9,,419,68,716,0.025129861013617857,True,0.0,True,10.0,0.5,additive,True
0.5151175811870101,0.3549222797927461,0.42679127725856697,0.38755304101838756,original,SKAB,fold_2,7,5,3,3,0.5,avg_negative_log,10,0.6931,0.9,,419,68,716,0.025129861013617857,True,0.0,True,10.0,0.5,additive,True
0.49720044792833146,0.3407960199004975,0.42679127725856697,0.3789764868603043,gaussian_noise,SKAB,fold_2,7,5,3,3,0.5,avg_negative_log,10,0.6931,0.9,,419,68,716,0.025129861013617857,True,0.0,True,10.0,0.5,additive,True
0.5151175811870101,0.3549222797927461,0.42679127725856697,0.38755304101838756,original,SKAB,fold_2,999,5,3,3,0.5,avg_negative_log,10,0.6931,0.9,,419,68,716,0.025129861013617857,True,0.0,True,10.0,0.5,additive,True
0.5184770436730123,0.372960372960373,0.4984423676012461,0.4266666666666667,gaussian_noise,SKAB,fold_2,999,5,3,3,0.5,avg_negative_log,10,0.6931,0.9,,419,68,716,0.025129861013617857,True,0.0,True,10.0,0.5,additive,True
0.49048152295632697,0.34285714285714286,0.4458204334365325,0.3876177658142665,original,SKAB,fold_3,42,5,3,3,0.5,avg_negative_log,10,0.6931,0.9,,407,69,675,0.024035893601110993,True,0.0,True,10.0,0.5,additive,True
0.47704367301231804,0.3348623853211009,0.4520123839009288,0.3847167325428195,gaussian_noise,SKAB,fold_3,42,5,3,3,0.5,avg_negative_log,10,0.6931,0.9,,407,69,675,0.024035893601110993,True,0.0,True,10.0,0.5,additive,True
0.49048152295632697,0.34285714285714286,0.4458204334365325,0.3876177658142665,original,SKAB,fold_3,123,5,3,3,0.5,avg_negative_log,10,0.6931,0.9,,407,69,675,0.024035893601110993,True,0.0,True,10.0,0.5,additive,True
0.509518477043673,0.3640661938534279,0.47678018575851394,0.4128686327077748,gaussian_noise,SKAB,fold_3,123,5,3,3,0.5,avg_negative_log,10,0.6931,0.9,,407,69,675,0.024035893601110993,True,0.0,True,10.0,0.5,additive,True
0.49048152295632697,0.34285714285714286,0.4458204334365325,0.3876177658142665,original,SKAB,fold_3,2026,5,3,3,0.5,avg_negative_log,10,0.6931,0.9,,407,69,675,0.024035893601110993,True,0.0,True,10.0,0.5,additive,True
0.47144456886898095,0.31784841075794623,0.4024767801857585,0.3551912568306011,gaussian_noise,SKAB,fold_3,2026,5,3,3,0.5,avg_negative_log,10,0.6931,0.9,,407,69,675,0.024035893601110993,True,0.0,True,10.0,0.5,additive,True
0.49048152295632697,0.34285714285714286,0.4458204334365325,0.3876177658142665,original,SKAB,fold_3,7,5,3,3,0.5,avg_negative_log,10,0.6931,0.9,,407,69,675,0.024035893601110993,True,0.0,True,10.0,0.5,additive,True
0.4669652855543113,0.3191489361702128,0.4179566563467492,0.36193029490616624,gaussian_noise,SKAB,fold_3,7,5,3,3,0.5,avg_negative_log,10,0.6931,0.9,,407,69,675,0.024035893601110993,True,0.0,True,10.0,0.5,additive,True
0.49048152295632697,0.34285714285714286,0.4458204334365325,0.3876177658142665,original,SKAB,fold_3,999,5,3,3,0.5,avg_negative_log,10,0.6931,0.9,,407,69,675,0.024035893601110993,True,0.0,True,10.0,0.5,additive,True
0.48040313549832026,0.33867276887871856,0.4582043343653251,0.3894736842105263,gaussian_noise,SKAB,fold_3,999,5,3,3,0.5,avg_negative_log,10,0.6931,0.9,,407,69,675,0.024035893601110993,True,0.0,True,10.0,0.5,additive,True
0.5505107832009081,0.39709443099273606,0.5273311897106109,0.4530386740331492,original,SKAB,fold_4,42,5,3,3,0.5,avg_negative_log,10,0.6931,0.9,,403,68,670,0.02444898554955481,True,0.0,True,10.0,0.5,additive,True
0.5323496027241771,0.382830626450116,0.5305466237942122,0.444743935309973,gaussian_noise,SKAB,fold_4,42,5,3,3,0.5,avg_negative_log,10,0.6931,0.9,,403,68,670,0.02444898554955481,True,0.0,True,10.0,0.5,additive,True
0.5505107832009081,0.39709443099273606,0.5273311897106109,0.4530386740331492,original,SKAB,fold_4,123,5,3,3,0.5,avg_negative_log,10,0.6931,0.9,,403,68,670,0.02444898554955481,True,0.0,True,10.0,0.5,additive,True
0.5505107832009081,0.39709443099273606,0.5273311897106109,0.4530386740331492,gaussian_noise,SKAB,fold_4,123,5,3,3,0.5,avg_negative_log,10,0.6931,0.9,,403,68,670,0.02444898554955481,True,0.0,True,10.0,0.5,additive,True
0.5505107832009081,0.39709443099273606,0.5273311897106109,0.4530386740331492,original,SKAB,fold_4,2026,5,3,3,0.5,avg_negative_log,10,0.6931,0.9,,403,68,670,0.02444898554955481,True,0.0,True,10.0,0.5,additive,True
0.5232690124858116,0.37354988399071926,0.5176848874598071,0.4339622641509434,gaussian_noise,SKAB,fold_4,2026,5,3,3,0.5,avg_negative_log,10,0.6931,0.9,,403,68,670,0.02444898554955481,True,0.0,True,10.0,0.5,additive,True
0.5505107832009081,0.39709443099273606,0.5273311897106109,0.4530386740331492,original,SKAB,fold_4,7,5,3,3,0.5,avg_negative_log,10,0.6931,0.9,,403,68,670,0.02444898554955481,True,0.0,True,10.0,0.5,additive,True
0.5686719636776391,0.41309823677581864,0.5273311897106109,0.4632768361581921,gaussian_noise,SKAB,fold_4,7,5,3,3,0.5,avg_negative_log,10,0.6931,0.9,,403,68,670,0.02444898554955481,True,0.0,True,10.0,0.5,additive,True
0.5505107832009081,0.39709443099273606,0.5273311897106109,0.4530386740331492,original,SKAB,fold_4,999,5,3,3,0.5,avg_negative_log,10,0.6931,0.9,,403,68,670,0.02444898554955481,True,0.0,True,10.0,0.5,additive,True
0.5539160045402951,0.4014423076923077,0.5369774919614148,0.4594222833562586,gaussian_noise,SKAB,fold_4,999,5,3,3,0.5,avg_negative_log,10,0.6931,0.9,,403,68,670,0.02444898554955481,True,0.0,True,10.0,0.5,additive,True
0.592469545957918,0.46760070052539404,0.8066465256797583,0.5920177383592018,original,SKAB,fold_5,42,5,3,3,0.5,avg_negative_log,10,0.6931,0.9,,368,64,606,0.02573029891304348,True,0.0,True,10.0,0.5,additive,True
0.5902547065337763,0.46938775510204084,0.9033232628398792,0.6177685950413223,gaussian_noise,SKAB,fold_5,42,5,3,3,0.5,avg_negative_log,10,0.6931,0.9,,368,64,606,0.02573029891304348,True,0.0,True,10.0,0.5,additive,True
0.592469545957918,0.46760070052539404,0.8066465256797583,0.5920177383592018,original,SKAB,fold_5,123,5,3,3,0.5,avg_negative_log,10,0.6931,0.9,,368,64,606,0.02573029891304348,True,0.0,True,10.0,0.5,additive,True
0.6068660022148394,0.4801980198019802,0.879154078549849,0.6211312700106724,gaussian_noise,SKAB,fold_5,123,5,3,3,0.5,avg_negative_log,10,0.6931,0.9,,368,64,606,0.02573029891304348,True,0.0,True,10.0,0.5,additive,True
0.592469545957918,0.46760070052539404,0.8066465256797583,0.5920177383592018,original,SKAB,fold_5,2026,5,3,3,0.5,avg_negative_log,10,0.6931,0.9,,368,64,606,0.02573029891304348,True,0.0,True,10.0,0.5,additive,True
0.6223698781838317,0.49166666666666664,0.8912386706948641,0.6337271750805585,gaussian_noise,SKAB,fold_5,2026,5,3,3,0.5,avg_negative_log,10,0.6931,0.9,,368,64,606,0.02573029891304348,True,0.0,True,10.0,0.5,additive,True
0.592469545957918,0.46760070052539404,0.8066465256797583,0.5920177383592018,original,SKAB,fold_5,7,5,3,3,0.5,avg_negative_log,10,0.6931,0.9,,368,64,606,0.02573029891304348,True,0.0,True,10.0,0.5,additive,True
0.6267995570321152,0.49508196721311476,0.9123867069486404,0.6418703506907545,gaussian_noise,SKAB,fold_5,7,5,3,3,0.5,avg_negative_log,10,0.6931,0.9,,368,64,606,0.02573029891304348,True,0.0,True,10.0,0.5,additive,True
0.592469545957918,0.46760070052539404,0.8066465256797583,0.5920177383592018,original,SKAB,fold_5,999,5,3,3,0.5,avg_negative_log,10,0.6931,0.9,,368,64,606,0.02573029891304348,True,0.0,True,10.0,0.5,additive,True
0.6267995570321152,0.4952076677316294,0.9365558912386707,0.6478578892371996,gaussian_noise,SKAB,fold_5,999,5,3,3,0.5,avg_negative_log,10,0.6931,0.9,,368,64,606,0.02573029891304348,True,0.0,True,10.0,0.5,additive,True
0.5261984392419174,0.0,0.0,0.0,original,SKAB,fold_1,42,5,3,3,0.5,avg_negative_log,10,0.9163,0.9,,401,71,654,0.022970742158687787,True,0.0,True,10.0,0.5,additive,True
0.5206243032329989,0.0,0.0,0.0,gaussian_noise,SKAB,fold_1,42,5,3,3,0.5,avg_negative_log,10,0.9163,0.9,,401,71,654,0.022970742158687787,True,0.0,True,10.0,0.5,additive,True
0.5261984392419174,0.0,0.0,0.0,original,SKAB,fold_1,123,5,3,3,0.5,avg_negative_log,10,0.9163,0.9,,401,71,654,0.022970742158687787,True,0.0,True,10.0,0.5,additive,True
0.5239687848383501,0.0,0.0,0.0,gaussian_noise,SKAB,fold_1,123,5,3,3,0.5,avg_negative_log,10,0.9163,0.9,,401,71,654,0.022970742158687787,True,0.0,True,10.0,0.5,additive,True
0.5261984392419174,0.0,0.0,0.0,original,SKAB,fold_1,2026,5,3,3,0.5,avg_negative_log,10,0.9163,0.9,,401,71,654,0.022970742158687787,True,0.0,True,10.0,0.5,additive,True
0.5206243032329989,0.0,0.0,0.0,gaussian_noise,SKAB,fold_1,2026,5,3,3,0.5,avg_negative_log,10,0.9163,0.9,,401,71,654,0.022970742158687787,True,0.0,True,10.0,0.5,additive,True
0.5261984392419174,0.0,0.0,0.0,original,SKAB,fold_1,7,5,3,3,0.5,avg_negative_log,10,0.9163,0.9,,401,71,654,0.022970742158687787,True,0.0,True,10.0,0.5,additive,True
0.5261984392419174,0.0,0.0,0.0,gaussian_noise,SKAB,fold_1,7,5,3,3,0.5,avg_negative_log,10,0.9163,0.9,,401,71,654,0.022970742158687787,True,0.0,True,10.0,0.5,additive,True
0.5261984392419174,0.0,0.0,0.0,original,SKAB,fold_1,999,5,3,3,0.5,avg_negative_log,10,0.9163,0.9,,401,71,654,0.022970742158687787,True,0.0,True,10.0,0.5,additive,True
0.5273132664437012,0.0,0.0,0.0,gaussian_noise,SKAB,fold_1,999,5,3,3,0.5,avg_negative_log,10,0.9163,0.9,,401,71,654,0.022970742158687787,True,0.0,True,10.0,0.5,additive,True
0.528555431131019,0.3626373626373626,0.411214953271028,0.3854014598540146,original,SKAB,fold_2,42,5,3,3,0.5,avg_negative_log,10,0.9163,0.9,,419,68,716,0.025129861013617857,True,0.0,True,10.0,0.5,additive,True
0.5464725643896976,0.3923076923076923,0.4766355140186916,0.43037974683544306,gaussian_noise,SKAB,fold_2,42,5,3,3,0.5,avg_negative_log,10,0.9163,0.9,,419,68,716,0.025129861013617857,True,0.0,True,10.0,0.5,additive,True
0.528555431131019,0.3626373626373626,0.411214953271028,0.3854014598540146,original,SKAB,fold_2,123,5,3,3,0.5,avg_negative_log,10,0.9163,0.9,,419,68,716,0.025129861013617857,True,0.0,True,10.0,0.5,additive,True
0.5520716685330347,0.39577836411609496,0.4672897196261682,0.42857142857142855,gaussian_noise,SKAB,fold_2,123,5,3,3,0.5,avg_negative_log,10,0.9163,0.9,,419,68,716,0.025129861013617857,True,0.0,True,10.0,0.5,additive,True
0.528555431131019,0.3626373626373626,0.411214953271028,0.3854014598540146,original,SKAB,fold_2,2026,5,3,3,0.5,avg_negative_log,10,0.9163,0.9,,419,68,716,0.025129861013617857,True,0.0,True,10.0,0.5,additive,True
0.5151175811870101,0.3564102564102564,0.43302180685358255,0.3909985935302391,gaussian_noise,SKAB,fold_2,2026,5,3,3,0.5,avg_negative_log,10,0.9163,0.9,,419,68,716,0.025129861013617857,True,0.0,True,10.0,0.5,additive,True
0.528555431131019,0.3626373626373626,0.411214953271028,0.3854014598540146,original,SKAB,fold_2,7,5,3,3,0.5,avg_negative_log,10,0.9163,0.9,,419,68,716,0.025129861013617857,True,0.0,True,10.0,0.5,additive,True
0.5050391937290034,0.34285714285714286,0.411214953271028,0.37393767705382436,gaussian_noise,SKAB,fold_2,7,5,3,3,0.5,avg_negative_log,10,0.9163,0.9,,419,68,716,0.025129861013617857,True,0.0,True,10.0,0.5,additive,True
0.528555431131019,0.3626373626373626,0.411214953271028,0.3854014598540146,original,SKAB,fold_2,999,5,3,3,0.5,avg_negative_log,10,0.9163,0.9,,419,68,716,0.025129861013617857,True,0.0,True,10.0,0.5,additive,True
0.5296752519596865,0.3783783783783784,0.4797507788161994,0.4230769230769231,gaussian_noise,SKAB,fold_2,999,5,3,3,0.5,avg_negative_log,10,0.9163,0.9,,419,68,716,0.025129861013617857,True,0.0,True,10.0,0.5,additive,True
0.48712206047032475,0.3273657289002558,0.39628482972136225,0.3585434173669468,original,SKAB,fold_3,42,5,3,3,0.5,avg_negative_log,10,0.9163,0.9,,407,69,675,0.024035893601110993,True,0.0,True,10.0,0.5,additive,True
0.47592385218365063,0.32098765432098764,0.4024767801857585,0.35714285714285715,gaussian_noise,SKAB,fold_3,42,5,3,3,0.5,avg_negative_log,10,0.9163,0.9,,407,69,675,0.024035893601110993,True,0.0,True,10.0,0.5,additive,True
0.48712206047032475,0.3273657289002558,0.39628482972136225,0.3585434173669468,original,SKAB,fold_3,123,5,3,3,0.5,avg_negative_log,10,0.9163,0.9,,407,69,675,0.024035893601110993,True,0.0,True,10.0,0.5,additive,True
0.5027995520716685,0.3452685421994885,0.4179566563467492,0.37815126050420167,gaussian_noise,SKAB,fold_3,123,5,3,3,0.5,avg_negative_log,10,0.9163,0.9,,407,69,675,0.024035893601110993,True,0.0,True,10.0,0.5,additive,True
0.48712206047032475,0.3273657289002558,0.39628482972136225,0.3585434173669468,original,SKAB,fold_3,2026,5,3,3,0.5,avg_negative_log,10,0.9163,0.9,,407,69,675,0.024035893601110993,True,0.0,True,10.0,0.5,additive,True
0.47144456886898095,0.3034300791556728,0.3560371517027864,0.32763532763532766,gaussian_noise,SKAB,fold_3,2026,5,3,3,0.5,avg_negative_log,10,0.9163,0.9,,407,69,675,0.024035893601110993,True,0.0,True,10.0,0.5,additive,True
0.48712206047032475,0.3273657289002558,0.39628482972136225,0.3585434173669468,original,SKAB,fold_3,7,5,3,3,0.5,avg_negative_log,10,0.9163,0.9,,407,69,675,0.024035893601110993,True,0.0,True,10.0,0.5,additive,True
0.47144456886898095,0.30848329048843187,0.3715170278637771,0.33707865168539325,gaussian_noise,SKAB,fold_3,7,5,3,3,0.5,avg_negative_log,10,0.9163,0.9,,407,69,675,0.024035893601110993,True,0.0,True,10.0,0.5,additive,True
0.48712206047032475,0.3273657289002558,0.39628482972136225,0.3585434173669468,original,SKAB,fold_3,999,5,3,3,0.5,avg_negative_log,10,0.9163,0.9,,407,69,675,0.024035893601110993,True,0.0,True,10.0,0.5,additive,True
0.48376259798432253,0.33170731707317075,0.42105263157894735,0.3710777626193724,gaussian_noise,SKAB,fold_3,999,5,3,3,0.5,avg_negative_log,10,0.9163,0.9,,407,69,675,0.024035893601110993,True,0.0,True,10.0,0.5,additive,True
0.5493757094211124,0.39086294416243655,0.49517684887459806,0.4368794326241135,original,SKAB,fold_4,42,5,3,3,0.5,avg_negative_log,10,0.9163,0.9,,403,68,670,0.02444898554955481,True,0.0,True,10.0,0.5,additive,True
0.5414301929625426,0.3863080684596577,0.5080385852090032,0.4388888888888889,gaussian_noise,SKAB,fold_4,42,5,3,3,0.5,avg_negative_log,10,0.9163,0.9,,403,68,670,0.02444898554955481,True,0.0,True,10.0,0.5,additive,True
0.5493757094211124,0.39086294416243655,0.49517684887459806,0.4368794326241135,original,SKAB,fold_4,123,5,3,3,0.5,avg_negative_log,10,0.9163,0.9,,403,68,670,0.02444898554955481,True,0.0,True,10.0,0.5,additive,True
0.5505107832009081,0.3924050632911392,0.4983922829581994,0.43909348441926344,gaussian_noise,SKAB,fold_4,123,5,3,3,0.5,avg_negative_log,10,0.9163,0.9,,403,68,670,0.02444898554955481,True,0.0,True,10.0,0.5,additive,True
0.5493757094211124,0.39086294416243655,0.49517684887459806,0.4368794326241135,original,SKAB,fold_4,2026,5,3,3,0.5,avg_negative_log,10,0.9163,0.9,,403,68,670,0.02444898554955481,True,0.0,True,10.0,0.5,additive,True
0.5391600454029511,0.38095238095238093,0.4887459807073955,0.428169014084507,gaussian_noise,SKAB,fold_4,2026,5,3,3,0.5,avg_negative_log,10,0.9163,0.9,,403,68,670,0.02444898554955481,True,0.0,True,10.0,0.5,additive,True
0.5493757094211124,0.39086294416243655,0.49517684887459806,0.4368794326241135,original,SKAB,fold_4,7,5,3,3,0.5,avg_negative_log,10,0.9163,0.9,,403,68,670,0.02444898554955481,True,0.0,True,10.0,0.5,additive,True
0.5686719636776391,0.4065040650406504,0.48231511254019294,0.4411764705882353,gaussian_noise,SKAB,fold_4,7,5,3,3,0.5,avg_negative_log,10,0.9163,0.9,,403,68,670,0.02444898554955481,True,0.0,True,10.0,0.5,additive,True
0.5493757094211124,0.39086294416243655,0.49517684887459806,0.4368794326241135,original,SKAB,fold_4,999,5,3,3,0.5,avg_negative_log,10,0.9163,0.9,,403,68,670,0.02444898554955481,True,0.0,True,10.0,0.5,additive,True
0.5618615209988649,0.40601503759398494,0.5209003215434084,0.4563380281690141,gaussian_noise,SKAB,fold_4,999,5,3,3,0.5,avg_negative_log,10,0.9163,0.9,,403,68,670,0.02444898554955481,True,0.0,True,10.0,0.5,additive,True
0.6013289036544851,0.4726930320150659,0.7583081570996979,0.5823665893271461,original,SKAB,fold_5,42,5,3,3,0.5,avg_negative_log,10,0.9163,0.9,,368,64,606,0.02573029891304348,True,0.0,True,10.0,0.5,additive,True
0.5902547065337763,0.467005076142132,0.8338368580060423,0.5986984815618221,gaussian_noise,SKAB,fold_5,42,5,3,3,0.5,avg_negative_log,10,0.9163,0.9,,368,64,606,0.02573029891304348,True,0.0,True,10.0,0.5,additive,True
0.6013289036544851,0.4726930320150659,0.7583081570996979,0.5823665893271461,original,SKAB,fold_5,123,5,3,3,0.5,avg_negative_log,10,0.9163,0.9,,368,64,606,0.02573029891304348,True,0.0,True,10.0,0.5,additive,True
0.6190476190476191,0.4886561954624782,0.8459214501510574,0.6194690265486725,gaussian_noise,SKAB,fold_5,123,5,3,3,0.5,avg_negative_log,10,0.9163,0.9,,368,64,606,0.02573029891304348,True,0.0,True,10.0,0.5,additive,True
0.6013289036544851,0.4726930320150659,0.7583081570996979,0.5823665893271461,original,SKAB,fold_5,2026,5,3,3,0.5,avg_negative_log,10,0.9163,0.9,,368,64,606,0.02573029891304348,True,0.0,True,10.0,0.5,additive,True
0.6212624584717608,0.49023090586145646,0.8338368580060423,0.6174496644295302,gaussian_noise,SKAB,fold_5,2026,5,3,3,0.5,avg_negative_log,10,0.9163,0.9,,368,64,606,0.02573029891304348,True,0.0,True,10.0,0.5,additive,True
0.6013289036544851,0.4726930320150659,0.7583081570996979,0.5823665893271461,original,SKAB,fold_5,7,5,3,3,0.5,avg_negative_log,10,0.9163,0.9,,368,64,606,0.02573029891304348,True,0.0,True,10.0,0.5,additive,True
0.6423034330011074,0.5069686411149826,0.879154078549849,0.6430939226519337,gaussian_noise,SKAB,fold_5,7,5,3,3,0.5,avg_negative_log,10,0.9163,0.9,,368,64,606,0.02573029891304348,True,0.0,True,10.0,0.5,additive,True
0.6013289036544851,0.4726930320150659,0.7583081570996979,0.5823665893271461,original,SKAB,fold_5,999,5,3,3,0.5,avg_negative_log,10,0.9163,0.9,,368,64,606,0.02573029891304348,True,0.0,True,10.0,0.5,additive,True
0.6378737541528239,0.5033670033670034,0.9033232628398792,0.6464864864864864,gaussian_noise,SKAB,fold_5,999,5,3,3,0.5,avg_negative_log,10,0.9163,0.9,,368,64,606,0.02573029891304348,True,0.0,True,10.0,0.5,additive,True
0.23355704697986576,0.23149394347240915,1.0,0.37595628415300547,original,SKAB,fold_1,42,6,3,3,0.5,avg_negative_log,10,0.0,0.9,,647,123,977,0.01227679973863108,True,0.0,True,10.0,0.5,additive,True
0.23355704697986576,0.23149394347240915,1.0,0.37595628415300547,gaussian_noise,SKAB,fold_1,42,6,3,3,0.5,avg_negative_log,10,0.0,0.9,,647,123,977,0.01227679973863108,True,0.0,True,10.0,0.5,additive,True
0.23355704697986576,0.23149394347240915,1.0,0.37595628415300547,original,SKAB,fold_1,123,6,3,3,0.5,avg_negative_log,10,0.0,0.9,,647,123,977,0.01227679973863108,True,0.0,True,10.0,0.5,additive,True
0.23355704697986576,0.23149394347240915,1.0,0.37595628415300547,gaussian_noise,SKAB,fold_1,123,6,3,3,0.5,avg_negative_log,10,0.0,0.9,,647,123,977,0.01227679973863108,True,0.0,True,10.0,0.5,additive,True
0.23355704697986576,0.23149394347240915,1.0,0.37595628415300547,original,SKAB,fold_1,2026,6,3,3,0.5,avg_negative_log,10,0.0,0.9,,647,123,977,0.01227679973863108,True,0.0,True,10.0,0.5,additive,True
0.23355704697986576,0.23149394347240915,1.0,0.37595628415300547,gaussian_noise,SKAB,fold_1,2026,6,3,3,0.5,avg_negative_log,10,0.0,0.9,,647,123,977,0.01227679973863108,True,0.0,True,10.0,0.5,additive,True
0.23355704697986576,0.23149394347240915,1.0,0.37595628415300547,original,SKAB,fold_1,7,6,3,3,0.5,avg_negative_log,10,0.0,0.9,,647,123,977,0.01227679973863108,True,0.0,True,10.0,0.5,additive,True
0.23355704697986576,0.23149394347240915,1.0,0.37595628415300547,gaussian_noise,SKAB,fold_1,7,6,3,3,0.5,avg_negative_log,10,0.0,0.9,,647,123,977,0.01227679973863108,True,0.0,True,10.0,0.5,additive,True
0.23355704697986576,0.23149394347240915,1.0,0.37595628415300547,original,SKAB,fold_1,999,6,3,3,0.5,avg_negative_log,10,0.0,0.9,,647,123,977,0.01227679973863108,True,0.0,True,10.0,0.5,additive,True
0.23355704697986576,0.23149394347240915,1.0,0.37595628415300547,gaussian_noise,SKAB,fold_1,999,6,3,3,0.5,avg_negative_log,10,0.0,0.9,,647,123,977,0.01227679973863108,True,0.0,True,10.0,0.5,additive,True
0.23180592991913745,0.22972972972972974,1.0,0.37362637362637363,original,SKAB,fold_2,42,6,3,3,0.5,avg_negative_log,10,0.0,0.9,,677,124,1016,0.012102730261590509,True,0.0,True,10.0,0.5,additive,True
0.23180592991913745,0.22972972972972974,1.0,0.37362637362637363,gaussian_noise,SKAB,fold_2,42,6,3,3,0.5,avg_negative_log,10,0.0,0.9,,677,124,1016,0.012102730261590509,True,0.0,True,10.0,0.5,additive,True
0.23180592991913745,0.22972972972972974,1.0,0.37362637362637363,original,SKAB,fold_2,123,6,3,3,0.5,avg_negative_log,10,0.0,0.9,,677,124,1016,0.012102730261590509,True,0.0,True,10.0,0.5,additive,True
0.23180592991913745,0.22972972972972974,1.0,0.37362637362637363,gaussian_noise,SKAB,fold_2,123,6,3,3,0.5,avg_negative_log,10,0.0,0.9,,677,124,1016,0.012102730261590509,True,0.0,True,10.0,0.5,additive,True
0.23180592991913745,0.22972972972972974,1.0,0.37362637362637363,original,SKAB,fold_2,2026,6,3,3,0.5,avg_negative_log,10,0.0,0.9,,677,124,1016,0.012102730261590509,True,0.0,True,10.0,0.5,additive,True
0.23180592991913745,0.22972972972972974,1.0,0.37362637362637363,gaussian_noise,SKAB,fold_2,2026,6,3,3,0.5,avg_negative_log,10,0.0,0.9,,677,124,1016,0.012102730261590509,True,0.0,True,10.0,0.5,additive,True
0.23180592991913745,0.22972972972972974,1.0,0.37362637362637363,original,SKAB,fold_2,7,6,3,3,0.5,avg_negative_log,10,0.0,0.9,,677,124,1016,0.012102730261590509,True,0.0,True,10.0,0.5,additive,True
0.23180592991913745,0.22972972972972974,1.0,0.37362637362637363,gaussian_noise,SKAB,fold_2,7,6,3,3,0.5,avg_negative_log,10,0.0,0.9,,677,124,1016,0.012102730261590509,True,0.0,True,10.0,0.5,additive,True
0.23180592991913745,0.22972972972972974,1.0,0.37362637362637363,original,SKAB,fold_2,999,6,3,3,0.5,avg_negative_log,10,0.0,0.9,,677,124,1016,0.012102730261590509,True,0.0,True,10.0,0.5,additive,True
0.23180592991913745,0.22972972972972974,1.0,0.37362637362637363,gaussian_noise,SKAB,fold_2,999,6,3,3,0.5,avg_negative_log,10,0.0,0.9,,677,124,1016,0.012102730261590509,True,0.0,True,10.0,0.5,additive,True
0.23450134770889489,0.23243243243243245,1.0,0.37719298245614036,original,SKAB,fold_3,42,6,3,3,0.5,avg_negative_log,10,0.0,0.9,,686,126,1028,0.011893192651210143,True,0.0,True,10.0,0.5,additive,True
0.23450134770889489,0.23243243243243245,1.0,0.37719298245614036,gaussian_noise,SKAB,fold_3,42,6,3,3,0.5,avg_negative_log,10,0.0,0.9,,686,126,1028,0.011893192651210143,True,0.0,True,10.0,0.5,additive,True
0.23450134770889489,0.23243243243243245,1.0,0.37719298245614036,original,SKAB,fold_3,123,6,3,3,0.5,avg_negative_log,10,0.0,0.9,,686,126,1028,0.011893192651210143,True,0.0,True,10.0,0.5,additive,True
0.23450134770889489,0.23243243243243245,1.0,0.37719298245614036,gaussian_noise,SKAB,fold_3,123,6,3,3,0.5,avg_negative_log,10,0.0,0.9,,686,126,1028,0.011893192651210143,True,0.0,True,10.0,0.5,additive,True
0.23450134770889489,0.23243243243243245,1.0,0.37719298245614036,original,SKAB,fold_3,2026,6,3,3,0.5,avg_negative_log,10,0.0,0.9,,686,126,1028,0.011893192651210143,True,0.0,True,10.0,0.5,additive,True
0.23450134770889489,0.23243243243243245,1.0,0.37719298245614036,gaussian_noise,SKAB,fold_3,2026,6,3,3,0.5,avg_negative_log,10,0.0,0.9,,686,126,1028,0.011893192651210143,True,0.0,True,10.0,0.5,additive,True
0.23450134770889489,0.23243243243243245,1.0,0.37719298245614036,original,SKAB,fold_3,7,6,3,3,0.5,avg_negative_log,10,0.0,0.9,,686,126,1028,0.011893192651210143,True,0.0,True,10.0,0.5,additive,True
0.23450134770889489,0.23243243243243245,1.0,0.37719298245614036,gaussian_noise,SKAB,fold_3,7,6,3,3,0.5,avg_negative_log,10,0.0,0.9,,686,126,1028,0.011893192651210143,True,0.0,True,10.0,0.5,additive,True
0.23450134770889489,0.23243243243243245,1.0,0.37719298245614036,original,SKAB,fold_3,999,6,3,3,0.5,avg_negative_log,10,0.0,0.9,,686,126,1028,0.011893192651210143,True,0.0,True,10.0,0.5,additive,True
0.23450134770889489,0.23243243243243245,1.0,0.37719298245614036,gaussian_noise,SKAB,fold_3,999,6,3,3,0.5,avg_negative_log,10,0.0,0.9,,686,126,1028,0.011893192651210143,True,0.0,True,10.0,0.5,additive,True
0.22404371584699453,0.2219178082191781,1.0,0.3632286995515695,original,SKAB,fold_4,42,6,3,3,0.5,avg_negative_log,10,0.0,0.9,,692,129,1032,0.011560693641618497,True,0.0,True,10.0,0.5,additive,True
0.22404371584699453,0.2219178082191781,1.0,0.3632286995515695,gaussian_noise,SKAB,fold_4,42,6,3,3,0.5,avg_negative_log,10,0.0,0.9,,692,129,1032,0.011560693641618497,True,0.0,True,10.0,0.5,additive,True
0.22404371584699453,0.2219178082191781,1.0,0.3632286995515695,original,SKAB,fold_4,123,6,3,3,0.5,avg_negative_log,10,0.0,0.9,,692,129,1032,0.011560693641618497,True,0.0,True,10.0,0.5,additive,True
0.22404371584699453,0.2219178082191781,1.0,0.3632286995515695,gaussian_noise,SKAB,fold_4,123,6,3,3,0.5,avg_negative_log,10,0.0,0.9,,692,129,1032,0.011560693641618497,True,0.0,True,10.0,0.5,additive,True
0.22404371584699453,0.2219178082191781,1.0,0.3632286995515695,original,SKAB,fold_4,2026,6,3,3,0.5,avg_negative_log,10,0.0,0.9,,692,129,1032,0.011560693641618497,True,0.0,True,10.0,0.5,additive,True
0.22404371584699453,0.2219178082191781,1.0,0.3632286995515695,gaussian_noise,SKAB,fold_4,2026,6,3,3,0.5,avg_negative_log,10,0.0,0.9,,692,129,1032,0.011560693641618497,True,0.0,True,10.0,0.5,additive,True
0.22404371584699453,0.2219178082191781,1.0,0.3632286995515695,original,SKAB,fold_4,7,6,3,3,0.5,avg_negative_log,10,0.0,0.9,,692,129,1032,0.011560693641618497,True,0.0,True,10.0,0.5,additive,True
0.22404371584699453,0.2219178082191781,1.0,0.3632286995515695,gaussian_noise,SKAB,fold_4,7,6,3,3,0.5,avg_negative_log,10,0.0,0.9,,692,129,1032,0.011560693641618497,True,0.0,True,10.0,0.5,additive,True
0.22404371584699453,0.2219178082191781,1.0,0.3632286995515695,original,SKAB,fold_4,999,6,3,3,0.5,avg_negative_log,10,0.0,0.9,,692,129,1032,0.011560693641618497,True,0.0,True,10.0,0.5,additive,True
0.22404371584699453,0.2219178082191781,1.0,0.3632286995515695,gaussian_noise,SKAB,fold_4,999,6,3,3,0.5,avg_negative_log,10,0.0,0.9,,692,129,1032,0.011560693641618497,True,0.0,True,10.0,0.5,additive,True
0.24101198402130491,0.2389853137516689,1.0,0.3857758620689655,original,SKAB,fold_5,42,6,3,3,0.5,avg_negative_log,10,0.0,0.9,,603,113,936,0.013736626601505746,True,0.0,True,10.0,0.5,additive,True
0.24101198402130491,0.2389853137516689,1.0,0.3857758620689655,gaussian_noise,SKAB,fold_5,42,6,3,3,0.5,avg_negative_log,10,0.0,0.9,,603,113,936,0.013736626601505746,True,0.0,True,10.0,0.5,additive,True
0.24101198402130491,0.2389853137516689,1.0,0.3857758620689655,original,SKAB,fold_5,123,6,3,3,0.5,avg_negative_log,10,0.0,0.9,,603,113,936,0.013736626601505746,True,0.0,True,10.0,0.5,additive,True
0.24101198402130491,0.2389853137516689,1.0,0.3857758620689655,gaussian_noise,SKAB,fold_5,123,6,3,3,0.5,avg_negative_log,10,0.0,0.9,,603,113,936,0.013736626601505746,True,0.0,True,10.0,0.5,additive,True
0.24101198402130491,0.2389853137516689,1.0,0.3857758620689655,original,SKAB,fold_5,2026,6,3,3,0.5,avg_negative_log,10,0.0,0.9,,603,113,936,0.013736626601505746,True,0.0,True,10.0,0.5,additive,True
0.24101198402130491,0.2389853137516689,1.0,0.3857758620689655,gaussian_noise,SKAB,fold_5,2026,6,3,3,0.5,avg_negative_log,10,0.0,0.9,,603,113,936,0.013736626601505746,True,0.0,True,10.0,0.5,additive,True
0.24101198402130491,0.2389853137516689,1.0,0.3857758620689655,original,SKAB,fold_5,7,6,3,3,0.5,avg_negative_log,10,0.0,0.9,,603,113,936,0.013736626601505746,True,0.0,True,10.0,0.5,additive,True
0.24101198402130491,0.2389853137516689,1.0,0.3857758620689655,gaussian_noise,SKAB,fold_5,7,6,3,3,0.5,avg_negative_log,10,0.0,0.9,,603,113,936,0.013736626601505746,True,0.0,True,10.0,0.5,additive,True
0.24101198402130491,0.2389853137516689,1.0,0.3857758620689655,original,SKAB,fold_5,999,6,3,3,0.5,avg_negative_log,10,0.0,0.9,,603,113,936,0.013736626601505746,True,0.0,True,10.0,0.5,additive,True
0.24101198402130491,0.2389853137516689,1.0,0.3857758620689655,gaussian_noise,SKAB,fold_5,999,6,3,3,0.5,avg_negative_log,10,0.0,0.9,,603,113,936,0.013736626601505746,True,0.0,True,10.0,0.5,additive,True
0.23355704697986576,0.23149394347240915,1.0,0.37595628415300547,original,SKAB,fold_1,42,6,3,3,0.5,avg_negative_log,10,0.001,0.9,,647,123,977,0.01227679973863108,True,0.0,True,10.0,0.5,additive,True
0.23355704697986576,0.23149394347240915,1.0,0.37595628415300547,gaussian_noise,SKAB,fold_1,42,6,3,3,0.5,avg_negative_log,10,0.001,0.9,,647,123,977,0.01227679973863108,True,0.0,True,10.0,0.5,additive,True
0.23355704697986576,0.23149394347240915,1.0,0.37595628415300547,original,SKAB,fold_1,123,6,3,3,0.5,avg_negative_log,10,0.001,0.9,,647,123,977,0.01227679973863108,True,0.0,True,10.0,0.5,additive,True
0.23355704697986576,0.23149394347240915,1.0,0.37595628415300547,gaussian_noise,SKAB,fold_1,123,6,3,3,0.5,avg_negative_log,10,0.001,0.9,,647,123,977,0.01227679973863108,True,0.0,True,10.0,0.5,additive,True
0.23355704697986576,0.23149394347240915,1.0,0.37595628415300547,original,SKAB,fold_1,2026,6,3,3,0.5,avg_negative_log,10,0.001,0.9,,647,123,977,0.01227679973863108,True,0.0,True,10.0,0.5,additive,True
0.23355704697986576,0.23149394347240915,1.0,0.37595628415300547,gaussian_noise,SKAB,fold_1,2026,6,3,3,0.5,avg_negative_log,10,0.001,0.9,,647,123,977,0.01227679973863108,True,0.0,True,10.0,0.5,additive,True
0.23355704697986576,0.23149394347240915,1.0,0.37595628415300547,original,SKAB,fold_1,7,6,3,3,0.5,avg_negative_log,10,0.001,0.9,,647,123,977,0.01227679973863108,True,0.0,True,10.0,0.5,additive,True
0.23355704697986576,0.23149394347240915,1.0,0.37595628415300547,gaussian_noise,SKAB,fold_1,7,6,3,3,0.5,avg_negative_log,10,0.001,0.9,,647,123,977,0.01227679973863108,True,0.0,True,10.0,0.5,additive,True
0.23355704697986576,0.23149394347240915,1.0,0.37595628415300547,original,SKAB,fold_1,999,6,3,3,0.5,avg_negative_log,10,0.001,0.9,,647,123,977,0.01227679973863108,True,0.0,True,10.0,0.5,additive,True
0.23355704697986576,0.23149394347240915,1.0,0.37595628415300547,gaussian_noise,SKAB,fold_1,999,6,3,3,0.5,avg_negative_log,10,0.001,0.9,,647,123,977,0.01227679973863108,True,0.0,True,10.0,0.5,additive,True
0.23180592991913745,0.22972972972972974,1.0,0.37362637362637363,original,SKAB,fold_2,42,6,3,3,0.5,avg_negative_log,10,0.001,0.9,,677,124,1016,0.012102730261590509,True,0.0,True,10.0,0.5,additive,True
0.23180592991913745,0.22972972972972974,1.0,0.37362637362637363,gaussian_noise,SKAB,fold_2,42,6,3,3,0.5,avg_negative_log,10,0.001,0.9,,677,124,1016,0.012102730261590509,True,0.0,True,10.0,0.5,additive,True
0.23180592991913745,0.22972972972972974,1.0,0.37362637362637363,original,SKAB,fold_2,123,6,3,3,0.5,avg_negative_log,10,0.001,0.9,,677,124,1016,0.012102730261590509,True,0.0,True,10.0,0.5,additive,True
0.23180592991913745,0.22972972972972974,1.0,0.37362637362637363,gaussian_noise,SKAB,fold_2,123,6,3,3,0.5,avg_negative_log,10,0.001,0.9,,677,124,1016,0.012102730261590509,True,0.0,True,10.0,0.5,additive,True
0.23180592991913745,0.22972972972972974,1.0,0.37362637362637363,original,SKAB,fold_2,2026,6,3,3,0.5,avg_negative_log,10,0.001,0.9,,677,124,1016,0.012102730261590509,True,0.0,True,10.0,0.5,additive,True
0.23180592991913745,0.22972972972972974,1.0,0.37362637362637363,gaussian_noise,SKAB,fold_2,2026,6,3,3,0.5,avg_negative_log,10,0.001,0.9,,677,124,1016,0.012102730261590509,True,0.0,True,10.0,0.5,additive,True
0.23180592991913745,0.22972972972972974,1.0,0.37362637362637363,original,SKAB,fold_2,7,6,3,3,0.5,avg_negative_log,10,0.001,0.9,,677,124,1016,0.012102730261590509,True,0.0,True,10.0,0.5,additive,True
0.23180592991913745,0.22972972972972974,1.0,0.37362637362637363,gaussian_noise,SKAB,fold_2,7,6,3,3,0.5,avg_negative_log,10,0.001,0.9,,677,124,1016,0.012102730261590509,True,0.0,True,10.0,0.5,additive,True
0.23180592991913745,0.22972972972972974,1.0,0.37362637362637363,original,SKAB,fold_2,999,6,3,3,0.5,avg_negative_log,10,0.001,0.9,,677,124,1016,0.012102730261590509,True,0.0,True,10.0,0.5,additive,True
0.23180592991913745,0.22972972972972974,1.0,0.37362637362637363,gaussian_noise,SKAB,fold_2,999,6,3,3,0.5,avg_negative_log,10,0.001,0.9,,677,124,1016,0.012102730261590509,True,0.0,True,10.0,0.5,additive,True
0.23450134770889489,0.23243243243243245,1.0,0.37719298245614036,original,SKAB,fold_3,42,6,3,3,0.5,avg_negative_log,10,0.001,0.9,,686,126,1028,0.011893192651210143,True,0.0,True,10.0,0.5,additive,True
0.23450134770889489,0.23243243243243245,1.0,0.37719298245614036,gaussian_noise,SKAB,fold_3,42,6,3,3,0.5,avg_negative_log,10,0.001,0.9,,686,126,1028,0.011893192651210143,True,0.0,True,10.0,0.5,additive,True
0.23450134770889489,0.23243243243243245,1.0,0.37719298245614036,original,SKAB,fold_3,123,6,3,3,0.5,avg_negative_log,10,0.001,0.9,,686,126,1028,0.011893192651210143,True,0.0,True,10.0,0.5,additive,True
0.23450134770889489,0.23243243243243245,1.0,0.37719298245614036,gaussian_noise,SKAB,fold_3,123,6,3,3,0.5,avg_negative_log,10,0.001,0.9,,686,126,1028,0.011893192651210143,True,0.0,True,10.0,0.5,additive,True
0.23450134770889489,0.23243243243243245,1.0,0.37719298245614036,original,SKAB,fold_3,2026,6,3,3,0.5,avg_negative_log,10,0.001,0.9,,686,126,1028,0.011893192651210143,True,0.0,True,10.0,0.5,additive,True
0.23450134770889489,0.23243243243243245,1.0,0.37719298245614036,gaussian_noise,SKAB,fold_3,2026,6,3,3,0.5,avg_negative_log,10,0.001,0.9,,686,126,1028,0.011893192651210143,True,0.0,True,10.0,0.5,additive,True
0.23450134770889489,0.23243243243243245,1.0,0.37719298245614036,original,SKAB,fold_3,7,6,3,3,0.5,avg_negative_log,10,0.001,0.9,,686,126,1028,0.011893192651210143,True,0.0,True,10.0,0.5,additive,True
0.23450134770889489,0.23243243243243245,1.0,0.37719298245614036,gaussian_noise,SKAB,fold_3,7,6,3,3,0.5,avg_negative_log,10,0.001,0.9,,686,126,1028,0.011893192651210143,True,0.0,True,10.0,0.5,additive,True
0.23450134770889489,0.23243243243243245,1.0,0.37719298245614036,original,SKAB,fold_3,999,6,3,3,0.5,avg_negative_log,10,0.001,0.9,,686,126,1028,0.011893192651210143,True,0.0,True,10.0,0.5,additive,True
0.23450134770889489,0.23243243243243245,1.0,0.37719298245614036,gaussian_noise,SKAB,fold_3,999,6,3,3,0.5,avg_negative_log,10,0.001,0.9,,686,126,1028,0.011893192651210143,True,0.0,True,10.0,0.5,additive,True
0.22404371584699453,0.2219178082191781,1.0,0.3632286995515695,original,SKAB,fold_4,42,6,3,3,0.5,avg_negative_log,10,0.001,0.9,,692,129,1032,0.011560693641618497,True,0.0,True,10.0,0.5,additive,True
0.22404371584699453,0.2219178082191781,1.0,0.3632286995515695,gaussian_noise,SKAB,fold_4,42,6,3,3,0.5,avg_negative_log,10,0.001,0.9,,692,129,1032,0.011560693641618497,True,0.0,True,10.0,0.5,additive,True
0.22404371584699453,0.2219178082191781,1.0,0.3632286995515695,original,SKAB,fold_4,123,6,3,3,0.5,avg_negative_log,10,0.001,0.9,,692,129,1032,0.011560693641618497,True,0.0,True,10.0,0.5,additive,True
0.22404371584699453,0.2219178082191781,1.0,0.3632286995515695,gaussian_noise,SKAB,fold_4,123,6,3,3,0.5,avg_negative_log,10,0.001,0.9,,692,129,1032,0.011560693641618497,True,0.0,True,10.0,0.5,additive,True
0.22404371584699453,0.2219178082191781,1.0,0.3632286995515695,original,SKAB,fold_4,2026,6,3,3,0.5,avg_negative_log,10,0.001,0.9,,692,129,1032,0.011560693641618497,True,0.0,True,10.0,0.5,additive,True
0.22404371584699453,0.2219178082191781,1.0,0.3632286995515695,gaussian_noise,SKAB,fold_4,2026,6,3,3,0.5,avg_negative_log,10,0.001,0.9,,692,129,1032,0.011560693641618497,True,0.0,True,10.0,0.5,additive,True
0.22404371584699453,0.2219178082191781,1.0,0.3632286995515695,original,SKAB,fold_4,7,6,3,3,0.5,avg_negative_log,10,0.001,0.9,,692,129,1032,0.011560693641618497,True,0.0,True,10.0,0.5,additive,True
0.22404371584699453,0.2219178082191781,1.0,0.3632286995515695,gaussian_noise,SKAB,fold_4,7,6,3,3,0.5,avg_negative_log,10,0.001,0.9,,692,129,1032,0.011560693641618497,True,0.0,True,10.0,0.5,additive,True
0.22404371584699453,0.2219178082191781,1.0,0.3632286995515695,original,SKAB,fold_4,999,6,3,3,0.5,avg_negative_log,10,0.001,0.9,,692,129,1032,0.011560693641618497,True,0.0,True,10.0,0.5,additive,True
0.22404371584699453,0.2219178082191781,1.0,0.3632286995515695,gaussian_noise,SKAB,fold_4,999,6,3,3,0.5,avg_negative_log,10,0.001,0.9,,692,129,1032,0.011560693641618497,True,0.0,True,10.0,0.5,additive,True
0.24101198402130491,0.2389853137516689,1.0,0.3857758620689655,original,SKAB,fold_5,42,6,3,3,0.5,avg_negative_log,10,0.001,0.9,,603,113,936,0.013736626601505746,True,0.0,True,10.0,0.5,additive,True
0.24101198402130491,0.2389853137516689,1.0,0.3857758620689655,gaussian_noise,SKAB,fold_5,42,6,3,3,0.5,avg_negative_log,10,0.001,0.9,,603,113,936,0.013736626601505746,True,0.0,True,10.0,0.5,additive,True
0.24101198402130491,0.2389853137516689,1.0,0.3857758620689655,original,SKAB,fold_5,123,6,3,3,0.5,avg_negative_log,10,0.001,0.9,,603,113,936,0.013736626601505746,True,0.0,True,10.0,0.5,additive,True
0.24101198402130491,0.2389853137516689,1.0,0.3857758620689655,gaussian_noise,SKAB,fold_5,123,6,3,3,0.5,avg_negative_log,10,0.001,0.9,,603,113,936,0.013736626601505746,True,0.0,True,10.0,0.5,additive,True
0.24101198402130491,0.2389853137516689,1.0,0.3857758620689655,original,SKAB,fold_5,2026,6,3,3,0.5,avg_negative_log,10,0.001,0.9,,603,113,936,0.013736626601505746,True,0.0,True,10.0,0.5,additive,True
0.24101198402130491,0.2389853137516689,1.0,0.3857758620689655,gaussian_noise,SKAB,fold_5,2026,6,3,3,0.5,avg_negative_log,10,0.001,0.9,,603,113,936,0.013736626601505746,True,0.0,True,10.0,0.5,additive,True
0.24101198402130491,0.2389853137516689,1.0,0.3857758620689655,original,SKAB,fold_5,7,6,3,3,0.5,avg_negative_log,10,0.001,0.9,,603,113,936,0.013736626601505746,True,0.0,True,10.0,0.5,additive,True
0.24101198402130491,0.2389853137516689,1.0,0.3857758620689655,gaussian_noise,SKAB,fold_5,7,6,3,3,0.5,avg_negative_log,10,0.001,0.9,,603,113,936,0.013736626601505746,True,0.0,True,10.0,0.5,additive,True
0.24101198402130491,0.2389853137516689,1.0,0.3857758620689655,original,SKAB,fold_5,999,6,3,3,0.5,avg_negative_log,10,0.001,0.9,,603,113,936,0.013736626601505746,True,0.0,True,10.0,0.5,additive,True
0.24101198402130491,0.2389853137516689,1.0,0.3857758620689655,gaussian_noise,SKAB,fold_5,999,6,3,3,0.5,avg_negative_log,10,0.001,0.9,,603,113,936,0.013736626601505746,True,0.0,True,10.0,0.5,additive,True
0.23355704697986576,0.23149394347240915,1.0,0.37595628415300547,original,SKAB,fold_1,42,6,3,3,0.5,avg_negative_log,10,0.005,0.9,,647,123,977,0.01227679973863108,True,0.0,True,10.0,0.5,additive,True
0.23355704697986576,0.23149394347240915,1.0,0.37595628415300547,gaussian_noise,SKAB,fold_1,42,6,3,3,0.5,avg_negative_log,10,0.005,0.9,,647,123,977,0.01227679973863108,True,0.0,True,10.0,0.5,additive,True
0.23355704697986576,0.23149394347240915,1.0,0.37595628415300547,original,SKAB,fold_1,123,6,3,3,0.5,avg_negative_log,10,0.005,0.9,,647,123,977,0.01227679973863108,True,0.0,True,10.0,0.5,additive,True
0.23355704697986576,0.23149394347240915,1.0,0.37595628415300547,gaussian_noise,SKAB,fold_1,123,6,3,3,0.5,avg_negative_log,10,0.005,0.9,,647,123,977,0.01227679973863108,True,0.0,True,10.0,0.5,additive,True
0.23355704697986576,0.23149394347240915,1.0,0.37595628415300547,original,SKAB,fold_1,2026,6,3,3,0.5,avg_negative_log,10,0.005,0.9,,647,123,977,0.01227679973863108,True,0.0,True,10.0,0.5,additive,True
0.23355704697986576,0.23149394347240915,1.0,0.37595628415300547,gaussian_noise,SKAB,fold_1,2026,6,3,3,0.5,avg_negative_log,10,0.005,0.9,,647,123,977,0.01227679973863108,True,0.0,True,10.0,0.5,additive,True
0.23355704697986576,0.23149394347240915,1.0,0.37595628415300547,original,SKAB,fold_1,7,6,3,3,0.5,avg_negative_log,10,0.005,0.9,,647,123,977,0.01227679973863108,True,0.0,True,10.0,0.5,additive,True
0.23355704697986576,0.23149394347240915,1.0,0.37595628415300547,gaussian_noise,SKAB,fold_1,7,6,3,3,0.5,avg_negative_log,10,0.005,0.9,,647,123,977,0.01227679973863108,True,0.0,True,10.0,0.5,additive,True
0.23355704697986576,0.23149394347240915,1.0,0.37595628415300547,original,SKAB,fold_1,999,6,3,3,0.5,avg_negative_log,10,0.005,0.9,,647,123,977,0.01227679973863108,True,0.0,True,10.0,0.5,additive,True
0.23355704697986576,0.23149394347240915,1.0,0.37595628415300547,gaussian_noise,SKAB,fold_1,999,6,3,3,0.5,avg_negative_log,10,0.005,0.9,,647,123,977,0.01227679973863108,True,0.0,True,10.0,0.5,additive,True
0.23180592991913745,0.22972972972972974,1.0,0.37362637362637363,original,SKAB,fold_2,42,6,3,3,0.5,avg_negative_log,10,0.005,0.9,,677,124,1016,0.012102730261590509,True,0.0,True,10.0,0.5,additive,True
0.23180592991913745,0.22972972972972974,1.0,0.37362637362637363,gaussian_noise,SKAB,fold_2,42,6,3,3,0.5,avg_negative_log,10,0.005,0.9,,677,124,1016,0.012102730261590509,True,0.0,True,10.0,0.5,additive,True
0.23180592991913745,0.22972972972972974,1.0,0.37362637362637363,original,SKAB,fold_2,123,6,3,3,0.5,avg_negative_log,10,0.005,0.9,,677,124,1016,0.012102730261590509,True,0.0,True,10.0,0.5,additive,True
0.23180592991913745,0.22972972972972974,1.0,0.37362637362637363,gaussian_noise,SKAB,fold_2,123,6,3,3,0.5,avg_negative_log,10,0.005,0.9,,677,124,1016,0.012102730261590509,True,0.0,True,10.0,0.5,additive,True
0.23180592991913745,0.22972972972972974,1.0,0.37362637362637363,original,SKAB,fold_2,2026,6,3,3,0.5,avg_negative_log,10,0.005,0.9,,677,124,1016,0.012102730261590509,True,0.0,True,10.0,0.5,additive,True
0.23180592991913745,0.22972972972972974,1.0,0.37362637362637363,gaussian_noise,SKAB,fold_2,2026,6,3,3,0.5,avg_negative_log,10,0.005,0.9,,677,124,1016,0.012102730261590509,True,0.0,True,10.0,0.5,additive,True
0.23180592991913745,0.22972972972972974,1.0,0.37362637362637363,original,SKAB,fold_2,7,6,3,3,0.5,avg_negative_log,10,0.005,0.9,,677,124,1016,0.012102730261590509,True,0.0,True,10.0,0.5,additive,True
0.23180592991913745,0.22972972972972974,1.0,0.37362637362637363,gaussian_noise,SKAB,fold_2,7,6,3,3,0.5,avg_negative_log,10,0.005,0.9,,677,124,1016,0.012102730261590509,True,0.0,True,10.0,0.5,additive,True
0.23180592991913745,0.22972972972972974,1.0,0.37362637362637363,original,SKAB,fold_2,999,6,3,3,0.5,avg_negative_log,10,0.005,0.9,,677,124,1016,0.012102730261590509,True,0.0,True,10.0,0.5,additive,True
0.23180592991913745,0.22972972972972974,1.0,0.37362637362637363,gaussian_noise,SKAB,fold_2,999,6,3,3,0.5,avg_negative_log,10,0.005,0.9,,677,124,1016,0.012102730261590509,True,0.0,True,10.0,0.5,additive,True
0.23450134770889489,0.23243243243243245,1.0,0.37719298245614036,original,SKAB,fold_3,42,6,3,3,0.5,avg_negative_log,10,0.005,0.9,,686,126,1028,0.011893192651210143,True,0.0,True,10.0,0.5,additive,True
0.23450134770889489,0.23243243243243245,1.0,0.37719298245614036,gaussian_noise,SKAB,fold_3,42,6,3,3,0.5,avg_negative_log,10,0.005,0.9,,686,126,1028,0.011893192651210143,True,0.0,True,10.0,0.5,additive,True
0.23450134770889489,0.23243243243243245,1.0,0.37719298245614036,original,SKAB,fold_3,123,6,3,3,0.5,avg_negative_log,10,0.005,0.9,,686,126,1028,0.011893192651210143,True,0.0,True,10.0,0.5,additive,True
0.23450134770889489,0.23243243243243245,1.0,0.37719298245614036,gaussian_noise,SKAB,fold_3,123,6,3,3,0.5,avg_negative_log,10,0.005,0.9,,686,126,1028,0.011893192651210143,True,0.0,True,10.0,0.5,additive,True
0.23450134770889489,0.23243243243243245,1.0,0.37719298245614036,original,SKAB,fold_3,2026,6,3,3,0.5,avg_negative_log,10,0.005,0.9,,686,126,1028,0.011893192651210143,True,0.0,True,10.0,0.5,additive,True
0.23450134770889489,0.23243243243243245,1.0,0.37719298245614036,gaussian_noise,SKAB,fold_3,2026,6,3,3,0.5,avg_negative_log,10,0.005,0.9,,686,126,1028,0.011893192651210143,True,0.0,True,10.0,0.5,additive,True
0.23450134770889489,0.23243243243243245,1.0,0.37719298245614036,original,SKAB,fold_3,7,6,3,3,0.5,avg_negative_log,10,0.005,0.9,,686,126,1028,0.011893192651210143,True,0.0,True,10.0,0.5,additive,True
0.23450134770889489,0.23243243243243245,1.0,0.37719298245614036,gaussian_noise,SKAB,fold_3,7,6,3,3,0.5,avg_negative_log,10,0.005,0.9,,686,126,1028,0.011893192651210143,True,0.0,True,10.0,0.5,additive,True
0.23450134770889489,0.23243243243243245,1.0,0.37719298245614036,original,SKAB,fold_3,999,6,3,3,0.5,avg_negative_log,10,0.005,0.9,,686,126,1028,0.011893192651210143,True,0.0,True,10.0,0.5,additive,True
0.23450134770889489,0.23243243243243245,1.0,0.37719298245614036,gaussian_noise,SKAB,fold_3,999,6,3,3,0.5,avg_negative_log,10,0.005,0.9,,686,126,1028,0.011893192651210143,True,0.0,True,10.0,0.5,additive,True
0.22404371584699453,0.2219178082191781,1.0,0.3632286995515695,original,SKAB,fold_4,42,6,3,3,0.5,avg_negative_log,10,0.005,0.9,,692,129,1032,0.011560693641618497,True,0.0,True,10.0,0.5,additive,True
0.22404371584699453,0.2219178082191781,1.0,0.3632286995515695,gaussian_noise,SKAB,fold_4,42,6,3,3,0.5,avg_negative_log,10,0.005,0.9,,692,129,1032,0.011560693641618497,True,0.0,True,10.0,0.5,additive,True
0.22404371584699453,0.2219178082191781,1.0,0.3632286995515695,original,SKAB,fold_4,123,6,3,3,0.5,avg_negative_log,10,0.005,0.9,,692,129,1032,0.011560693641618497,True,0.0,True,10.0,0.5,additive,True
0.22404371584699453,0.2219178082191781,1.0,0.3632286995515695,gaussian_noise,SKAB,fold_4,123,6,3,3,0.5,avg_negative_log,10,0.005,0.9,,692,129,1032,0.011560693641618497,True,0.0,True,10.0,0.5,additive,True
0.22404371584699453,0.2219178082191781,1.0,0.3632286995515695,original,SKAB,fold_4,2026,6,3,3,0.5,avg_negative_log,10,0.005,0.9,,692,129,1032,0.011560693641618497,True,0.0,True,10.0,0.5,additive,True
0.22404371584699453,0.2219178082191781,1.0,0.3632286995515695,gaussian_noise,SKAB,fold_4,2026,6,3,3,0.5,avg_negative_log,10,0.005,0.9,,692,129,1032,0.011560693641618497,True,0.0,True,10.0,0.5,additive,True
0.22404371584699453,0.2219178082191781,1.0,0.3632286995515695,original,SKAB,fold_4,7,6,3,3,0.5,avg_negative_log,10,0.005,0.9,,692,129,1032,0.011560693641618497,True,0.0,True,10.0,0.5,additive,True
0.22404371584699453,0.2219178082191781,1.0,0.3632286995515695,gaussian_noise,SKAB,fold_4,7,6,3,3,0.5,avg_negative_log,10,0.005,0.9,,692,129,1032,0.011560693641618497,True,0.0,True,10.0,0.5,additive,True
0.22404371584699453,0.2219178082191781,1.0,0.3632286995515695,original,SKAB,fold_4,999,6,3,3,0.5,avg_negative_log,10,0.005,0.9,,692,129,1032,0.011560693641618497,True,0.0,True,10.0,0.5,additive,True
0.22404371584699453,0.2219178082191781,1.0,0.3632286995515695,gaussian_noise,SKAB,fold_4,999,6,3,3,0.5,avg_negative_log,10,0.005,0.9,,692,129,1032,0.011560693641618497,True,0.0,True,10.0,0.5,additive,True
0.24101198402130491,0.2389853137516689,1.0,0.3857758620689655,original,SKAB,fold_5,42,6,3,3,0.5,avg_negative_log,10,0.005,0.9,,603,113,936,0.013736626601505746,True,0.0,True,10.0,0.5,additive,True
0.24101198402130491,0.2389853137516689,1.0,0.3857758620689655,gaussian_noise,SKAB,fold_5,42,6,3,3,0.5,avg_negative_log,10,0.005,0.9,,603,113,936,0.013736626601505746,True,0.0,True,10.0,0.5,additive,True
0.24101198402130491,0.2389853137516689,1.0,0.3857758620689655,original,SKAB,fold_5,123,6,3,3,0.5,avg_negative_log,10,0.005,0.9,,603,113,936,0.013736626601505746,True,0.0,True,10.0,0.5,additive,True
0.24101198402130491,0.2389853137516689,1.0,0.3857758620689655,gaussian_noise,SKAB,fold_5,123,6,3,3,0.5,avg_negative_log,10,0.005,0.9,,603,113,936,0.013736626601505746,True,0.0,True,10.0,0.5,additive,True
0.24101198402130491,0.2389853137516689,1.0,0.3857758620689655,original,SKAB,fold_5,2026,6,3,3,0.5,avg_negative_log,10,0.005,0.9,,603,113,936,0.013736626601505746,True,0.0,True,10.0,0.5,additive,True
0.24101198402130491,0.2389853137516689,1.0,0.3857758620689655,gaussian_noise,SKAB,fold_5,2026,6,3,3,0.5,avg_negative_log,10,0.005,0.9,,603,113,936,0.013736626601505746,True,0.0,True,10.0,0.5,additive,True
0.24101198402130491,0.2389853137516689,1.0,0.3857758620689655,original,SKAB,fold_5,7,6,3,3,0.5,avg_negative_log,10,0.005,0.9,,603,113,936,0.013736626601505746,True,0.0,True,10.0,0.5,additive,True
0.24101198402130491,0.2389853137516689,1.0,0.3857758620689655,gaussian_noise,SKAB,fold_5,7,6,3,3,0.5,avg_negative_log,10,0.005,0.9,,603,113,936,0.013736626601505746,True,0.0,True,10.0,0.5,additive,True
0.24101198402130491,0.2389853137516689,1.0,0.3857758620689655,original,SKAB,fold_5,999,6,3,3,0.5,avg_negative_log,10,0.005,0.9,,603,113,936,0.013736626601505746,True,0.0,True,10.0,0.5,additive,True
0.24101198402130491,0.2389853137516689,1.0,0.3857758620689655,gaussian_noise,SKAB,fold_5,999,6,3,3,0.5,avg_negative_log,10,0.005,0.9,,603,113,936,0.013736626601505746,True,0.0,True,10.0,0.5,additive,True
0.23355704697986576,0.23149394347240915,1.0,0.37595628415300547,original,SKAB,fold_1,42,6,3,3,0.5,avg_negative_log,10,0.01,0.9,,647,123,977,0.01227679973863108,True,0.0,True,10.0,0.5,additive,True
0.23355704697986576,0.23149394347240915,1.0,0.37595628415300547,gaussian_noise,SKAB,fold_1,42,6,3,3,0.5,avg_negative_log,10,0.01,0.9,,647,123,977,0.01227679973863108,True,0.0,True,10.0,0.5,additive,True
0.23355704697986576,0.23149394347240915,1.0,0.37595628415300547,original,SKAB,fold_1,123,6,3,3,0.5,avg_negative_log,10,0.01,0.9,,647,123,977,0.01227679973863108,True,0.0,True,10.0,0.5,additive,True
0.23355704697986576,0.23149394347240915,1.0,0.37595628415300547,gaussian_noise,SKAB,fold_1,123,6,3,3,0.5,avg_negative_log,10,0.01,0.9,,647,123,977,0.01227679973863108,True,0.0,True,10.0,0.5,additive,True
0.23355704697986576,0.23149394347240915,1.0,0.37595628415300547,original,SKAB,fold_1,2026,6,3,3,0.5,avg_negative_log,10,0.01,0.9,,647,123,977,0.01227679973863108,True,0.0,True,10.0,0.5,additive,True
0.23355704697986576,0.23149394347240915,1.0,0.37595628415300547,gaussian_noise,SKAB,fold_1,2026,6,3,3,0.5,avg_negative_log,10,0.01,0.9,,647,123,977,0.01227679973863108,True,0.0,True,10.0,0.5,additive,True
0.23355704697986576,0.23149394347240915,1.0,0.37595628415300547,original,SKAB,fold_1,7,6,3,3,0.5,avg_negative_log,10,0.01,0.9,,647,123,977,0.01227679973863108,True,0.0,True,10.0,0.5,additive,True
0.23355704697986576,0.23149394347240915,1.0,0.37595628415300547,gaussian_noise,SKAB,fold_1,7,6,3,3,0.5,avg_negative_log,10,0.01,0.9,,647,123,977,0.01227679973863108,True,0.0,True,10.0,0.5,additive,True
0.23355704697986576,0.23149394347240915,1.0,0.37595628415300547,original,SKAB,fold_1,999,6,3,3,0.5,avg_negative_log,10,0.01,0.9,,647,123,977,0.01227679973863108,True,0.0,True,10.0,0.5,additive,True
0.23355704697986576,0.23149394347240915,1.0,0.37595628415300547,gaussian_noise,SKAB,fold_1,999,6,3,3,0.5,avg_negative_log,10,0.01,0.9,,647,123,977,0.01227679973863108,True,0.0,True,10.0,0.5,additive,True
0.23180592991913745,0.22972972972972974,1.0,0.37362637362637363,original,SKAB,fold_2,42,6,3,3,0.5,avg_negative_log,10,0.01,0.9,,677,124,1016,0.012102730261590509,True,0.0,True,10.0,0.5,additive,True
0.23180592991913745,0.22972972972972974,1.0,0.37362637362637363,gaussian_noise,SKAB,fold_2,42,6,3,3,0.5,avg_negative_log,10,0.01,0.9,,677,124,1016,0.012102730261590509,True,0.0,True,10.0,0.5,additive,True
0.23180592991913745,0.22972972972972974,1.0,0.37362637362637363,original,SKAB,fold_2,123,6,3,3,0.5,avg_negative_log,10,0.01,0.9,,677,124,1016,0.012102730261590509,True,0.0,True,10.0,0.5,additive,True
0.23180592991913745,0.22972972972972974,1.0,0.37362637362637363,gaussian_noise,SKAB,fold_2,123,6,3,3,0.5,avg_negative_log,10,0.01,0.9,,677,124,1016,0.012102730261590509,True,0.0,True,10.0,0.5,additive,True
0.23180592991913745,0.22972972972972974,1.0,0.37362637362637363,original,SKAB,fold_2,2026,6,3,3,0.5,avg_negative_log,10,0.01,0.9,,677,124,1016,0.012102730261590509,True,0.0,True,10.0,0.5,additive,True
0.23180592991913745,0.22972972972972974,1.0,0.37362637362637363,gaussian_noise,SKAB,fold_2,2026,6,3,3,0.5,avg_negative_log,10,0.01,0.9,,677,124,1016,0.012102730261590509,True,0.0,True,10.0,0.5,additive,True
0.23180592991913745,0.22972972972972974,1.0,0.37362637362637363,original,SKAB,fold_2,7,6,3,3,0.5,avg_negative_log,10,0.01,0.9,,677,124,1016,0.012102730261590509,True,0.0,True,10.0,0.5,additive,True
0.23180592991913745,0.22972972972972974,1.0,0.37362637362637363,gaussian_noise,SKAB,fold_2,7,6,3,3,0.5,avg_negative_log,10,0.01,0.9,,677,124,1016,0.012102730261590509,True,0.0,True,10.0,0.5,additive,True
0.23180592991913745,0.22972972972972974,1.0,0.37362637362637363,original,SKAB,fold_2,999,6,3,3,0.5,avg_negative_log,10,0.01,0.9,,677,124,1016,0.012102730261590509,True,0.0,True,10.0,0.5,additive,True
0.23180592991913745,0.22972972972972974,1.0,0.37362637362637363,gaussian_noise,SKAB,fold_2,999,6,3,3,0.5,avg_negative_log,10,0.01,0.9,,677,124,1016,0.012102730261590509,True,0.0,True,10.0,0.5,additive,True
0.23450134770889489,0.23243243243243245,1.0,0.37719298245614036,original,SKAB,fold_3,42,6,3,3,0.5,avg_negative_log,10,0.01,0.9,,686,126,1028,0.011893192651210143,True,0.0,True,10.0,0.5,additive,True
0.23450134770889489,0.23243243243243245,1.0,0.37719298245614036,gaussian_noise,SKAB,fold_3,42,6,3,3,0.5,avg_negative_log,10,0.01,0.9,,686,126,1028,0.011893192651210143,True,0.0,True,10.0,0.5,additive,True
0.23450134770889489,0.23243243243243245,1.0,0.37719298245614036,original,SKAB,fold_3,123,6,3,3,0.5,avg_negative_log,10,0.01,0.9,,686,126,1028,0.011893192651210143,True,0.0,True,10.0,0.5,additive,True
0.23450134770889489,0.23243243243243245,1.0,0.37719298245614036,gaussian_noise,SKAB,fold_3,123,6,3,3,0.5,avg_negative_log,10,0.01,0.9,,686,126,1028,0.011893192651210143,True,0.0,True,10.0,0.5,additive,True
0.23450134770889489,0.23243243243243245,1.0,0.37719298245614036,original,SKAB,fold_3,2026,6,3,3,0.5,avg_negative_log,10,0.01,0.9,,686,126,1028,0.011893192651210143,True,0.0,True,10.0,0.5,additive,True
0.23450134770889489,0.23243243243243245,1.0,0.37719298245614036,gaussian_noise,SKAB,fold_3,2026,6,3,3,0.5,avg_negative_log,10,0.01,0.9,,686,126,1028,0.011893192651210143,True,0.0,True,10.0,0.5,additive,True
0.23450134770889489,0.23243243243243245,1.0,0.37719298245614036,original,SKAB,fold_3,7,6,3,3,0.5,avg_negative_log,10,0.01,0.9,,686,126,1028,0.011893192651210143,True,0.0,True,10.0,0.5,additive,True
0.23450134770889489,0.23243243243243245,1.0,0.37719298245614036,gaussian_noise,SKAB,fold_3,7,6,3,3,0.5,avg_negative_log,10,0.01,0.9,,686,126,1028,0.011893192651210143,True,0.0,True,10.0,0.5,additive,True
0.23450134770889489,0.23243243243243245,1.0,0.37719298245614036,original,SKAB,fold_3,999,6,3,3,0.5,avg_negative_log,10,0.01,0.9,,686,126,1028,0.011893192651210143,True,0.0,True,10.0,0.5,additive,True
0.23450134770889489,0.23243243243243245,1.0,0.37719298245614036,gaussian_noise,SKAB,fold_3,999,6,3,3,0.5,avg_negative_log,10,0.01,0.9,,686,126,1028,0.011893192651210143,True,0.0,True,10.0,0.5,additive,True
0.22404371584699453,0.2219178082191781,1.0,0.3632286995515695,original,SKAB,fold_4,42,6,3,3,0.5,avg_negative_log,10,0.01,0.9,,692,129,1032,0.011560693641618497,True,0.0,True,10.0,0.5,additive,True
0.22404371584699453,0.2219178082191781,1.0,0.3632286995515695,gaussian_noise,SKAB,fold_4,42,6,3,3,0.5,avg_negative_log,10,0.01,0.9,,692,129,1032,0.011560693641618497,True,0.0,True,10.0,0.5,additive,True
0.22404371584699453,0.2219178082191781,1.0,0.3632286995515695,original,SKAB,fold_4,123,6,3,3,0.5,avg_negative_log,10,0.01,0.9,,692,129,1032,0.011560693641618497,True,0.0,True,10.0,0.5,additive,True
0.22404371584699453,0.2219178082191781,1.0,0.3632286995515695,gaussian_noise,SKAB,fold_4,123,6,3,3,0.5,avg_negative_log,10,0.01,0.9,,692,129,1032,0.011560693641618497,True,0.0,True,10.0,0.5,additive,True
0.22404371584699453,0.2219178082191781,1.0,0.3632286995515695,original,SKAB,fold_4,2026,6,3,3,0.5,avg_negative_log,10,0.01,0.9,,692,129,1032,0.011560693641618497,True,0.0,True,10.0,0.5,additive,True
0.22404371584699453,0.2219178082191781,1.0,0.3632286995515695,gaussian_noise,SKAB,fold_4,2026,6,3,3,0.5,avg_negative_log,10,0.01,0.9,,692,129,1032,0.011560693641618497,True,0.0,True,10.0,0.5,additive,True
0.22404371584699453,0.2219178082191781,1.0,0.3632286995515695,original,SKAB,fold_4,7,6,3,3,0.5,avg_negative_log,10,0.01,0.9,,692,129,1032,0.011560693641618497,True,0.0,True,10.0,0.5,additive,True
0.22404371584699453,0.2219178082191781,1.0,0.3632286995515695,gaussian_noise,SKAB,fold_4,7,6,3,3,0.5,avg_negative_log,10,0.01,0.9,,692,129,1032,0.011560693641618497,True,0.0,True,10.0,0.5,additive,True
0.22404371584699453,0.2219178082191781,1.0,0.3632286995515695,original,SKAB,fold_4,999,6,3,3,0.5,avg_negative_log,10,0.01,0.9,,692,129,1032,0.011560693641618497,True,0.0,True,10.0,0.5,additive,True
0.22404371584699453,0.2219178082191781,1.0,0.3632286995515695,gaussian_noise,SKAB,fold_4,999,6,3,3,0.5,avg_negative_log,10,0.01,0.9,,692,129,1032,0.011560693641618497,True,0.0,True,10.0,0.5,additive,True
0.24101198402130491,0.2389853137516689,1.0,0.3857758620689655,original,SKAB,fold_5,42,6,3,3,0.5,avg_negative_log,10,0.01,0.9,,603,113,936,0.013736626601505746,True,0.0,True,10.0,0.5,additive,True
0.24101198402130491,0.2389853137516689,1.0,0.3857758620689655,gaussian_noise,SKAB,fold_5,42,6,3,3,0.5,avg_negative_log,10,0.01,0.9,,603,113,936,0.013736626601505746,True,0.0,True,10.0,0.5,additive,True
0.24101198402130491,0.2389853137516689,1.0,0.3857758620689655,original,SKAB,fold_5,123,6,3,3,0.5,avg_negative_log,10,0.01,0.9,,603,113,936,0.013736626601505746,True,0.0,True,10.0,0.5,additive,True
0.24101198402130491,0.2389853137516689,1.0,0.3857758620689655,gaussian_noise,SKAB,fold_5,123,6,3,3,0.5,avg_negative_log,10,0.01,0.9,,603,113,936,0.013736626601505746,True,0.0,True,10.0,0.5,additive,True
0.24101198402130491,0.2389853137516689,1.0,0.3857758620689655,original,SKAB,fold_5,2026,6,3,3,0.5,avg_negative_log,10,0.01,0.9,,603,113,936,0.013736626601505746,True,0.0,True,10.0,0.5,additive,True
0.24101198402130491,0.2389853137516689,1.0,0.3857758620689655,gaussian_noise,SKAB,fold_5,2026,6,3,3,0.5,avg_negative_log,10,0.01,0.9,,603,113,936,0.013736626601505746,True,0.0,True,10.0,0.5,additive,True
0.24101198402130491,0.2389853137516689,1.0,0.3857758620689655,original,SKAB,fold_5,7,6,3,3,0.5,avg_negative_log,10,0.01,0.9,,603,113,936,0.013736626601505746,True,0.0,True,10.0,0.5,additive,True
0.24101198402130491,0.2389853137516689,1.0,0.3857758620689655,gaussian_noise,SKAB,fold_5,7,6,3,3,0.5,avg_negative_log,10,0.01,0.9,,603,113,936,0.013736626601505746,True,0.0,True,10.0,0.5,additive,True
0.24101198402130491,0.2389853137516689,1.0,0.3857758620689655,original,SKAB,fold_5,999,6,3,3,0.5,avg_negative_log,10,0.01,0.9,,603,113,936,0.013736626601505746,True,0.0,True,10.0,0.5,additive,True
0.24101198402130491,0.2389853137516689,1.0,0.3857758620689655,gaussian_noise,SKAB,fold_5,999,6,3,3,0.5,avg_negative_log,10,0.01,0.9,,603,113,936,0.013736626601505746,True,0.0,True,10.0,0.5,additive,True
0.23355704697986576,0.23149394347240915,1.0,0.37595628415300547,original,SKAB,fold_1,42,6,3,3,0.5,avg_negative_log,10,0.05,0.9,,647,123,977,0.01227679973863108,True,0.0,True,10.0,0.5,additive,True
0.23355704697986576,0.23149394347240915,1.0,0.37595628415300547,gaussian_noise,SKAB,fold_1,42,6,3,3,0.5,avg_negative_log,10,0.05,0.9,,647,123,977,0.01227679973863108,True,0.0,True,10.0,0.5,additive,True
0.23355704697986576,0.23149394347240915,1.0,0.37595628415300547,original,SKAB,fold_1,123,6,3,3,0.5,avg_negative_log,10,0.05,0.9,,647,123,977,0.01227679973863108,True,0.0,True,10.0,0.5,additive,True
0.23355704697986576,0.23149394347240915,1.0,0.37595628415300547,gaussian_noise,SKAB,fold_1,123,6,3,3,0.5,avg_negative_log,10,0.05,0.9,,647,123,977,0.01227679973863108,True,0.0,True,10.0,0.5,additive,True
0.23355704697986576,0.23149394347240915,1.0,0.37595628415300547,original,SKAB,fold_1,2026,6,3,3,0.5,avg_negative_log,10,0.05,0.9,,647,123,977,0.01227679973863108,True,0.0,True,10.0,0.5,additive,True
0.23355704697986576,0.23149394347240915,1.0,0.37595628415300547,gaussian_noise,SKAB,fold_1,2026,6,3,3,0.5,avg_negative_log,10,0.05,0.9,,647,123,977,0.01227679973863108,True,0.0,True,10.0,0.5,additive,True
0.23355704697986576,0.23149394347240915,1.0,0.37595628415300547,original,SKAB,fold_1,7,6,3,3,0.5,avg_negative_log,10,0.05,0.9,,647,123,977,0.01227679973863108,True,0.0,True,10.0,0.5,additive,True
0.23355704697986576,0.23149394347240915,1.0,0.37595628415300547,gaussian_noise,SKAB,fold_1,7,6,3,3,0.5,avg_negative_log,10,0.05,0.9,,647,123,977,0.01227679973863108,True,0.0,True,10.0,0.5,additive,True
0.23355704697986576,0.23149394347240915,1.0,0.37595628415300547,original,SKAB,fold_1,999,6,3,3,0.5,avg_negative_log,10,0.05,0.9,,647,123,977,0.01227679973863108,True,0.0,True,10.0,0.5,additive,True
0.23355704697986576,0.23149394347240915,1.0,0.37595628415300547,gaussian_noise,SKAB,fold_1,999,6,3,3,0.5,avg_negative_log,10,0.05,0.9,,647,123,977,0.01227679973863108,True,0.0,True,10.0,0.5,additive,True
0.23180592991913745,0.22972972972972974,1.0,0.37362637362637363,original,SKAB,fold_2,42,6,3,3,0.5,avg_negative_log,10,0.05,0.9,,677,124,1016,0.012102730261590509,True,0.0,True,10.0,0.5,additive,True
0.23180592991913745,0.22972972972972974,1.0,0.37362637362637363,gaussian_noise,SKAB,fold_2,42,6,3,3,0.5,avg_negative_log,10,0.05,0.9,,677,124,1016,0.012102730261590509,True,0.0,True,10.0,0.5,additive,True
0.23180592991913745,0.22972972972972974,1.0,0.37362637362637363,original,SKAB,fold_2,123,6,3,3,0.5,avg_negative_log,10,0.05,0.9,,677,124,1016,0.012102730261590509,True,0.0,True,10.0,0.5,additive,True
0.23180592991913745,0.22972972972972974,1.0,0.37362637362637363,gaussian_noise,SKAB,fold_2,123,6,3,3,0.5,avg_negative_log,10,0.05,0.9,,677,124,1016,0.012102730261590509,True,0.0,True,10.0,0.5,additive,True
0.23180592991913745,0.22972972972972974,1.0,0.37362637362637363,original,SKAB,fold_2,2026,6,3,3,0.5,avg_negative_log,10,0.05,0.9,,677,124,1016,0.012102730261590509,True,0.0,True,10.0,0.5,additive,True
0.23180592991913745,0.22972972972972974,1.0,0.37362637362637363,gaussian_noise,SKAB,fold_2,2026,6,3,3,0.5,avg_negative_log,10,0.05,0.9,,677,124,1016,0.012102730261590509,True,0.0,True,10.0,0.5,additive,True
0.23180592991913745,0.22972972972972974,1.0,0.37362637362637363,original,SKAB,fold_2,7,6,3,3,0.5,avg_negative_log,10,0.05,0.9,,677,124,1016,0.012102730261590509,True,0.0,True,10.0,0.5,additive,True
0.23180592991913745,0.22972972972972974,1.0,0.37362637362637363,gaussian_noise,SKAB,fold_2,7,6,3,3,0.5,avg_negative_log,10,0.05,0.9,,677,124,1016,0.012102730261590509,True,0.0,True,10.0,0.5,additive,True
0.23180592991913745,0.22972972972972974,1.0,0.37362637362637363,original,SKAB,fold_2,999,6,3,3,0.5,avg_negative_log,10,0.05,0.9,,677,124,1016,0.012102730261590509,True,0.0,True,10.0,0.5,additive,True
0.23180592991913745,0.22972972972972974,1.0,0.37362637362637363,gaussian_noise,SKAB,fold_2,999,6,3,3,0.5,avg_negative_log,10,0.05,0.9,,677,124,1016,0.012102730261590509,True,0.0,True,10.0,0.5,additive,True
0.23450134770889489,0.23243243243243245,1.0,0.37719298245614036,original,SKAB,fold_3,42,6,3,3,0.5,avg_negative_log,10,0.05,0.9,,686,126,1028,0.011893192651210143,True,0.0,True,10.0,0.5,additive,True
0.23450134770889489,0.23243243243243245,1.0,0.37719298245614036,gaussian_noise,SKAB,fold_3,42,6,3,3,0.5,avg_negative_log,10,0.05,0.9,,686,126,1028,0.011893192651210143,True,0.0,True,10.0,0.5,additive,True
0.23450134770889489,0.23243243243243245,1.0,0.37719298245614036,original,SKAB,fold_3,123,6,3,3,0.5,avg_negative_log,10,0.05,0.9,,686,126,1028,0.011893192651210143,True,0.0,True,10.0,0.5,additive,True
0.23450134770889489,0.23243243243243245,1.0,0.37719298245614036,gaussian_noise,SKAB,fold_3,123,6,3,3,0.5,avg_negative_log,10,0.05,0.9,,686,126,1028,0.011893192651210143,True,0.0,True,10.0,0.5,additive,True
0.23450134770889489,0.23243243243243245,1.0,0.37719298245614036,original,SKAB,fold_3,2026,6,3,3,0.5,avg_negative_log,10,0.05,0.9,,686,126,1028,0.011893192651210143,True,0.0,True,10.0,0.5,additive,True
0.23450134770889489,0.23243243243243245,1.0,0.37719298245614036,gaussian_noise,SKAB,fold_3,2026,6,3,3,0.5,avg_negative_log,10,0.05,0.9,,686,126,1028,0.011893192651210143,True,0.0,True,10.0,0.5,additive,True
0.23450134770889489,0.23243243243243245,1.0,0.37719298245614036,original,SKAB,fold_3,7,6,3,3,0.5,avg_negative_log,10,0.05,0.9,,686,126,1028,0.011893192651210143,True,0.0,True,10.0,0.5,additive,True
0.23450134770889489,0.23243243243243245,1.0,0.37719298245614036,gaussian_noise,SKAB,fold_3,7,6,3,3,0.5,avg_negative_log,10,0.05,0.9,,686,126,1028,0.011893192651210143,True,0.0,True,10.0,0.5,additive,True
0.23450134770889489,0.23243243243243245,1.0,0.37719298245614036,original,SKAB,fold_3,999,6,3,3,0.5,avg_negative_log,10,0.05,0.9,,686,126,1028,0.011893192651210143,True,0.0,True,10.0,0.5,additive,True
0.23450134770889489,0.23243243243243245,1.0,0.37719298245614036,gaussian_noise,SKAB,fold_3,999,6,3,3,0.5,avg_negative_log,10,0.05,0.9,,686,126,1028,0.011893192651210143,True,0.0,True,10.0,0.5,additive,True
0.22404371584699453,0.2219178082191781,1.0,0.3632286995515695,original,SKAB,fold_4,42,6,3,3,0.5,avg_negative_log,10,0.05,0.9,,692,129,1032,0.011560693641618497,True,0.0,True,10.0,0.5,additive,True
0.22404371584699453,0.2219178082191781,1.0,0.3632286995515695,gaussian_noise,SKAB,fold_4,42,6,3,3,0.5,avg_negative_log,10,0.05,0.9,,692,129,1032,0.011560693641618497,True,0.0,True,10.0,0.5,additive,True
0.22404371584699453,0.2219178082191781,1.0,0.3632286995515695,original,SKAB,fold_4,123,6,3,3,0.5,avg_negative_log,10,0.05,0.9,,692,129,1032,0.011560693641618497,True,0.0,True,10.0,0.5,additive,True
0.22404371584699453,0.2219178082191781,1.0,0.3632286995515695,gaussian_noise,SKAB,fold_4,123,6,3,3,0.5,avg_negative_log,10,0.05,0.9,,692,129,1032,0.011560693641618497,True,0.0,True,10.0,0.5,additive,True
0.22404371584699453,0.2219178082191781,1.0,0.3632286995515695,original,SKAB,fold_4,2026,6,3,3,0.5,avg_negative_log,10,0.05,0.9,,692,129,1032,0.011560693641618497,True,0.0,True,10.0,0.5,additive,True
0.22404371584699453,0.2219178082191781,1.0,0.3632286995515695,gaussian_noise,SKAB,fold_4,2026,6,3,3,0.5,avg_negative_log,10,0.05,0.9,,692,129,1032,0.011560693641618497,True,0.0,True,10.0,0.5,additive,True
0.22404371584699453,0.2219178082191781,1.0,0.3632286995515695,original,SKAB,fold_4,7,6,3,3,0.5,avg_negative_log,10,0.05,0.9,,692,129,1032,0.011560693641618497,True,0.0,True,10.0,0.5,additive,True
0.22404371584699453,0.2219178082191781,1.0,0.3632286995515695,gaussian_noise,SKAB,fold_4,7,6,3,3,0.5,avg_negative_log,10,0.05,0.9,,692,129,1032,0.011560693641618497,True,0.0,True,10.0,0.5,additive,True
0.22404371584699453,0.2219178082191781,1.0,0.3632286995515695,original,SKAB,fold_4,999,6,3,3,0.5,avg_negative_log,10,0.05,0.9,,692,129,1032,0.011560693641618497,True,0.0,True,10.0,0.5,additive,True
0.22404371584699453,0.2219178082191781,1.0,0.3632286995515695,gaussian_noise,SKAB,fold_4,999,6,3,3,0.5,avg_negative_log,10,0.05,0.9,,692,129,1032,0.011560693641618497,True,0.0,True,10.0,0.5,additive,True
0.24101198402130491,0.2389853137516689,1.0,0.3857758620689655,original,SKAB,fold_5,42,6,3,3,0.5,avg_negative_log,10,0.05,0.9,,603,113,936,0.013736626601505746,True,0.0,True,10.0,0.5,additive,True
0.24101198402130491,0.2389853137516689,1.0,0.3857758620689655,gaussian_noise,SKAB,fold_5,42,6,3,3,0.5,avg_negative_log,10,0.05,0.9,,603,113,936,0.013736626601505746,True,0.0,True,10.0,0.5,additive,True
0.24101198402130491,0.2389853137516689,1.0,0.3857758620689655,original,SKAB,fold_5,123,6,3,3,0.5,avg_negative_log,10,0.05,0.9,,603,113,936,0.013736626601505746,True,0.0,True,10.0,0.5,additive,True
0.24101198402130491,0.2389853137516689,1.0,0.3857758620689655,gaussian_noise,SKAB,fold_5,123,6,3,3,0.5,avg_negative_log,10,0.05,0.9,,603,113,936,0.013736626601505746,True,0.0,True,10.0,0.5,additive,True
0.24101198402130491,0.2389853137516689,1.0,0.3857758620689655,original,SKAB,fold_5,2026,6,3,3,0.5,avg_negative_log,10,0.05,0.9,,603,113,936,0.013736626601505746,True,0.0,True,10.0,0.5,additive,True
0.24101198402130491,0.2389853137516689,1.0,0.3857758620689655,gaussian_noise,SKAB,fold_5,2026,6,3,3,0.5,avg_negative_log,10,0.05,0.9,,603,113,936,0.013736626601505746,True,0.0,True,10.0,0.5,additive,True
0.24101198402130491,0.2389853137516689,1.0,0.3857758620689655,original,SKAB,fold_5,7,6,3,3,0.5,avg_negative_log,10,0.05,0.9,,603,113,936,0.013736626601505746,True,0.0,True,10.0,0.5,additive,True
0.24101198402130491,0.2389853137516689,1.0,0.3857758620689655,gaussian_noise,SKAB,fold_5,7,6,3,3,0.5,avg_negative_log,10,0.05,0.9,,603,113,936,0.013736626601505746,True,0.0,True,10.0,0.5,additive,True
0.24101198402130491,0.2389853137516689,1.0,0.3857758620689655,original,SKAB,fold_5,999,6,3,3,0.5,avg_negative_log,10,0.05,0.9,,603,113,936,0.013736626601505746,True,0.0,True,10.0,0.5,additive,True
0.24101198402130491,0.2389853137516689,1.0,0.3857758620689655,gaussian_noise,SKAB,fold_5,999,6,3,3,0.5,avg_negative_log,10,0.05,0.9,,603,113,936,0.013736626601505746,True,0.0,True,10.0,0.5,additive,True
0.4791946308724832,0.30714285714285716,1.0,0.46994535519125685,original,SKAB,fold_1,42,6,3,3,0.5,avg_negative_log,10,0.1054,0.9,,647,123,977,0.01227679973863108,True,0.0,True,10.0,0.5,additive,True
0.4791946308724832,0.30714285714285716,1.0,0.46994535519125685,gaussian_noise,SKAB,fold_1,42,6,3,3,0.5,avg_negative_log,10,0.1054,0.9,,647,123,977,0.01227679973863108,True,0.0,True,10.0,0.5,additive,True
0.4791946308724832,0.30714285714285716,1.0,0.46994535519125685,original,SKAB,fold_1,123,6,3,3,0.5,avg_negative_log,10,0.1054,0.9,,647,123,977,0.01227679973863108,True,0.0,True,10.0,0.5,additive,True
0.4791946308724832,0.30714285714285716,1.0,0.46994535519125685,gaussian_noise,SKAB,fold_1,123,6,3,3,0.5,avg_negative_log,10,0.1054,0.9,,647,123,977,0.01227679973863108,True,0.0,True,10.0,0.5,additive,True
0.4791946308724832,0.30714285714285716,1.0,0.46994535519125685,original,SKAB,fold_1,2026,6,3,3,0.5,avg_negative_log,10,0.1054,0.9,,647,123,977,0.01227679973863108,True,0.0,True,10.0,0.5,additive,True
0.4791946308724832,0.30714285714285716,1.0,0.46994535519125685,gaussian_noise,SKAB,fold_1,2026,6,3,3,0.5,avg_negative_log,10,0.1054,0.9,,647,123,977,0.01227679973863108,True,0.0,True,10.0,0.5,additive,True
0.4791946308724832,0.30714285714285716,1.0,0.46994535519125685,original,SKAB,fold_1,7,6,3,3,0.5,avg_negative_log,10,0.1054,0.9,,647,123,977,0.01227679973863108,True,0.0,True,10.0,0.5,additive,True
0.4791946308724832,0.30714285714285716,1.0,0.46994535519125685,gaussian_noise,SKAB,fold_1,7,6,3,3,0.5,avg_negative_log,10,0.1054,0.9,,647,123,977,0.01227679973863108,True,0.0,True,10.0,0.5,additive,True
0.4791946308724832,0.30714285714285716,1.0,0.46994535519125685,original,SKAB,fold_1,999,6,3,3,0.5,avg_negative_log,10,0.1054,0.9,,647,123,977,0.01227679973863108,True,0.0,True,10.0,0.5,additive,True
0.4791946308724832,0.30714285714285716,1.0,0.46994535519125685,gaussian_noise,SKAB,fold_1,999,6,3,3,0.5,avg_negative_log,10,0.1054,0.9,,647,123,977,0.01227679973863108,True,0.0,True,10.0,0.5,additive,True
0.23180592991913745,0.22972972972972974,1.0,0.37362637362637363,original,SKAB,fold_2,42,6,3,3,0.5,avg_negative_log,10,0.1054,0.9,,677,124,1016,0.012102730261590509,True,0.0,True,10.0,0.5,additive,True
0.23180592991913745,0.22972972972972974,1.0,0.37362637362637363,gaussian_noise,SKAB,fold_2,42,6,3,3,0.5,avg_negative_log,10,0.1054,0.9,,677,124,1016,0.012102730261590509,True,0.0,True,10.0,0.5,additive,True
0.23180592991913745,0.22972972972972974,1.0,0.37362637362637363,original,SKAB,fold_2,123,6,3,3,0.5,avg_negative_log,10,0.1054,0.9,,677,124,1016,0.012102730261590509,True,0.0,True,10.0,0.5,additive,True
0.23180592991913745,0.22972972972972974,1.0,0.37362637362637363,gaussian_noise,SKAB,fold_2,123,6,3,3,0.5,avg_negative_log,10,0.1054,0.9,,677,124,1016,0.012102730261590509,True,0.0,True,10.0,0.5,additive,True
0.23180592991913745,0.22972972972972974,1.0,0.37362637362637363,original,SKAB,fold_2,2026,6,3,3,0.5,avg_negative_log,10,0.1054,0.9,,677,124,1016,0.012102730261590509,True,0.0,True,10.0,0.5,additive,True
0.23180592991913745,0.22972972972972974,1.0,0.37362637362637363,gaussian_noise,SKAB,fold_2,2026,6,3,3,0.5,avg_negative_log,10,0.1054,0.9,,677,124,1016,0.012102730261590509,True,0.0,True,10.0,0.5,additive,True
0.23180592991913745,0.22972972972972974,1.0,0.37362637362637363,original,SKAB,fold_2,7,6,3,3,0.5,avg_negative_log,10,0.1054,0.9,,677,124,1016,0.012102730261590509,True,0.0,True,10.0,0.5,additive,True
0.23180592991913745,0.22972972972972974,1.0,0.37362637362637363,gaussian_noise,SKAB,fold_2,7,6,3,3,0.5,avg_negative_log,10,0.1054,0.9,,677,124,1016,0.012102730261590509,True,0.0,True,10.0,0.5,additive,True
0.23180592991913745,0.22972972972972974,1.0,0.37362637362637363,original,SKAB,fold_2,999,6,3,3,0.5,avg_negative_log,10,0.1054,0.9,,677,124,1016,0.012102730261590509,True,0.0,True,10.0,0.5,additive,True
0.23180592991913745,0.22972972972972974,1.0,0.37362637362637363,gaussian_noise,SKAB,fold_2,999,6,3,3,0.5,avg_negative_log,10,0.1054,0.9,,677,124,1016,0.012102730261590509,True,0.0,True,10.0,0.5,additive,True
0.23450134770889489,0.23243243243243245,1.0,0.37719298245614036,original,SKAB,fold_3,42,6,3,3,0.5,avg_negative_log,10,0.1054,0.9,,686,126,1028,0.011893192651210143,True,0.0,True,10.0,0.5,additive,True
0.23450134770889489,0.23243243243243245,1.0,0.37719298245614036,gaussian_noise,SKAB,fold_3,42,6,3,3,0.5,avg_negative_log,10,0.1054,0.9,,686,126,1028,0.011893192651210143,True,0.0,True,10.0,0.5,additive,True
0.23450134770889489,0.23243243243243245,1.0,0.37719298245614036,original,SKAB,fold_3,123,6,3,3,0.5,avg_negative_log,10,0.1054,0.9,,686,126,1028,0.011893192651210143,True,0.0,True,10.0,0.5,additive,True
0.23450134770889489,0.23243243243243245,1.0,0.37719298245614036,gaussian_noise,SKAB,fold_3,123,6,3,3,0.5,avg_negative_log,10,0.1054,0.9,,686,126,1028,0.011893192651210143,True,0.0,True,10.0,0.5,additive,True
0.23450134770889489,0.23243243243243245,1.0,0.37719298245614036,original,SKAB,fold_3,2026,6,3,3,0.5,avg_negative_log,10,0.1054,0.9,,686,126,1028,0.011893192651210143,True,0.0,True,10.0,0.5,additive,True
0.23450134770889489,0.23243243243243245,1.0,0.37719298245614036,gaussian_noise,SKAB,fold_3,2026,6,3,3,0.5,avg_negative_log,10,0.1054,0.9,,686,126,1028,0.011893192651210143,True,0.0,True,10.0,0.5,additive,True
0.23450134770889489,0.23243243243243245,1.0,0.37719298245614036,original,SKAB,fold_3,7,6,3,3,0.5,avg_negative_log,10,0.1054,0.9,,686,126,1028,0.011893192651210143,True,0.0,True,10.0,0.5,additive,True
0.23450134770889489,0.23243243243243245,1.0,0.37719298245614036,gaussian_noise,SKAB,fold_3,7,6,3,3,0.5,avg_negative_log,10,0.1054,0.9,,686,126,1028,0.011893192651210143,True,0.0,True,10.0,0.5,additive,True
0.23450134770889489,0.23243243243243245,1.0,0.37719298245614036,original,SKAB,fold_3,999,6,3,3,0.5,avg_negative_log,10,0.1054,0.9,,686,126,1028,0.011893192651210143,True,0.0,True,10.0,0.5,additive,True
0.23450134770889489,0.23243243243243245,1.0,0.37719298245614036,gaussian_noise,SKAB,fold_3,999,6,3,3,0.5,avg_negative_log,10,0.1054,0.9,,686,126,1028,0.011893192651210143,True,0.0,True,10.0,0.5,additive,True
0.22404371584699453,0.2219178082191781,1.0,0.3632286995515695,original,SKAB,fold_4,42,6,3,3,0.5,avg_negative_log,10,0.1054,0.9,,692,129,1032,0.011560693641618497,True,0.0,True,10.0,0.5,additive,True
0.22404371584699453,0.2219178082191781,1.0,0.3632286995515695,gaussian_noise,SKAB,fold_4,42,6,3,3,0.5,avg_negative_log,10,0.1054,0.9,,692,129,1032,0.011560693641618497,True,0.0,True,10.0,0.5,additive,True
0.22404371584699453,0.2219178082191781,1.0,0.3632286995515695,original,SKAB,fold_4,123,6,3,3,0.5,avg_negative_log,10,0.1054,0.9,,692,129,1032,0.011560693641618497,True,0.0,True,10.0,0.5,additive,True
0.22404371584699453,0.2219178082191781,1.0,0.3632286995515695,gaussian_noise,SKAB,fold_4,123,6,3,3,0.5,avg_negative_log,10,0.1054,0.9,,692,129,1032,0.011560693641618497,True,0.0,True,10.0,0.5,additive,True
0.22404371584699453,0.2219178082191781,1.0,0.3632286995515695,original,SKAB,fold_4,2026,6,3,3,0.5,avg_negative_log,10,0.1054,0.9,,692,129,1032,0.011560693641618497,True,0.0,True,10.0,0.5,additive,True
0.22404371584699453,0.2219178082191781,1.0,0.3632286995515695,gaussian_noise,SKAB,fold_4,2026,6,3,3,0.5,avg_negative_log,10,0.1054,0.9,,692,129,1032,0.011560693641618497,True,0.0,True,10.0,0.5,additive,True
0.22404371584699453,0.2219178082191781,1.0,0.3632286995515695,original,SKAB,fold_4,7,6,3,3,0.5,avg_negative_log,10,0.1054,0.9,,692,129,1032,0.011560693641618497,True,0.0,True,10.0,0.5,additive,True
0.22404371584699453,0.2219178082191781,1.0,0.3632286995515695,gaussian_noise,SKAB,fold_4,7,6,3,3,0.5,avg_negative_log,10,0.1054,0.9,,692,129,1032,0.011560693641618497,True,0.0,True,10.0,0.5,additive,True
0.22404371584699453,0.2219178082191781,1.0,0.3632286995515695,original,SKAB,fold_4,999,6,3,3,0.5,avg_negative_log,10,0.1054,0.9,,692,129,1032,0.011560693641618497,True,0.0,True,10.0,0.5,additive,True
0.22404371584699453,0.2219178082191781,1.0,0.3632286995515695,gaussian_noise,SKAB,fold_4,999,6,3,3,0.5,avg_negative_log,10,0.1054,0.9,,692,129,1032,0.011560693641618497,True,0.0,True,10.0,0.5,additive,True
0.340878828229028,0.2655786350148368,1.0,0.4196951934349355,original,SKAB,fold_5,42,6,3,3,0.5,avg_negative_log,10,0.1054,0.9,,603,113,936,0.013736626601505746,True,0.0,True,10.0,0.5,additive,True
0.33422103861517977,0.26362297496318116,1.0,0.4172494172494173,gaussian_noise,SKAB,fold_5,42,6,3,3,0.5,avg_negative_log,10,0.1054,0.9,,603,113,936,0.013736626601505746,True,0.0,True,10.0,0.5,additive,True
0.340878828229028,0.2655786350148368,1.0,0.4196951934349355,original,SKAB,fold_5,123,6,3,3,0.5,avg_negative_log,10,0.1054,0.9,,603,113,936,0.013736626601505746,True,0.0,True,10.0,0.5,additive,True
0.3288948069241012,0.26207906295754024,1.0,0.41531322505800466,gaussian_noise,SKAB,fold_5,123,6,3,3,0.5,avg_negative_log,10,0.1054,0.9,,603,113,936,0.013736626601505746,True,0.0,True,10.0,0.5,additive,True
0.340878828229028,0.2655786350148368,1.0,0.4196951934349355,original,SKAB,fold_5,2026,6,3,3,0.5,avg_negative_log,10,0.1054,0.9,,603,113,936,0.013736626601505746,True,0.0,True,10.0,0.5,additive,True
0.3249001331557923,0.260932944606414,1.0,0.4138728323699422,gaussian_noise,SKAB,fold_5,2026,6,3,3,0.5,avg_negative_log,10,0.1054,0.9,,603,113,936,0.013736626601505746,True,0.0,True,10.0,0.5,additive,True
0.340878828229028,0.2655786350148368,1.0,0.4196951934349355,original,SKAB,fold_5,7,6,3,3,0.5,avg_negative_log,10,0.1054,0.9,,603,113,936,0.013736626601505746,True,0.0,True,10.0,0.5,additive,True
0.340878828229028,0.2655786350148368,1.0,0.4196951934349355,gaussian_noise,SKAB,fold_5,7,6,3,3,0.5,avg_negative_log,10,0.1054,0.9,,603,113,936,0.013736626601505746,True,0.0,True,10.0,0.5,additive,True
0.340878828229028,0.2655786350148368,1.0,0.4196951934349355,original,SKAB,fold_5,999,6,3,3,0.5,avg_negative_log,10,0.1054,0.9,,603,113,936,0.013736626601505746,True,0.0,True,10.0,0.5,additive,True
0.33155792276964047,0.26284875183553597,1.0,0.41627906976744183,gaussian_noise,SKAB,fold_5,999,6,3,3,0.5,avg_negative_log,10,0.1054,0.9,,603,113,936,0.013736626601505746,True,0.0,True,10.0,0.5,additive,True
0.6174496644295302,0.0,0.0,0.0,original,SKAB,fold_1,42,6,3,3,0.5,avg_negative_log,10,0.2231,0.9,,647,123,977,0.01227679973863108,True,0.0,True,10.0,0.5,additive,True
0.6174496644295302,0.0,0.0,0.0,gaussian_noise,SKAB,fold_1,42,6,3,3,0.5,avg_negative_log,10,0.2231,0.9,,647,123,977,0.01227679973863108,True,0.0,True,10.0,0.5,additive,True
0.6174496644295302,0.0,0.0,0.0,original,SKAB,fold_1,123,6,3,3,0.5,avg_negative_log,10,0.2231,0.9,,647,123,977,0.01227679973863108,True,0.0,True,10.0,0.5,additive,True
0.6174496644295302,0.0,0.0,0.0,gaussian_noise,SKAB,fold_1,123,6,3,3,0.5,avg_negative_log,10,0.2231,0.9,,647,123,977,0.01227679973863108,True,0.0,True,10.0,0.5,additive,True
0.6174496644295302,0.0,0.0,0.0,original,SKAB,fold_1,2026,6,3,3,0.5,avg_negative_log,10,0.2231,0.9,,647,123,977,0.01227679973863108,True,0.0,True,10.0,0.5,additive,True
0.6241610738255033,0.0,0.0,0.0,gaussian_noise,SKAB,fold_1,2026,6,3,3,0.5,avg_negative_log,10,0.2231,0.9,,647,123,977,0.01227679973863108,True,0.0,True,10.0,0.5,additive,True
0.6174496644295302,0.0,0.0,0.0,original,SKAB,fold_1,7,6,3,3,0.5,avg_negative_log,10,0.2231,0.9,,647,123,977,0.01227679973863108,True,0.0,True,10.0,0.5,additive,True
0.5879194630872483,0.0,0.0,0.0,gaussian_noise,SKAB,fold_1,7,6,3,3,0.5,avg_negative_log,10,0.2231,0.9,,647,123,977,0.01227679973863108,True,0.0,True,10.0,0.5,additive,True
0.6174496644295302,0.0,0.0,0.0,original,SKAB,fold_1,999,6,3,3,0.5,avg_negative_log,10,0.2231,0.9,,647,123,977,0.01227679973863108,True,0.0,True,10.0,0.5,additive,True
0.6174496644295302,0.0,0.0,0.0,gaussian_noise,SKAB,fold_1,999,6,3,3,0.5,avg_negative_log,10,0.2231,0.9,,647,123,977,0.01227679973863108,True,0.0,True,10.0,0.5,additive,True
0.3584905660377358,0.1076923076923077,0.24705882352941178,0.15,original,SKAB,fold_2,42,6,3,3,0.5,avg_negative_log,10,0.2231,0.9,,677,124,1016,0.012102730261590509,True,0.0,True,10.0,0.5,additive,True
0.35983827493261455,0.10997442455242967,0.2529411764705882,0.1532976827094474,gaussian_noise,SKAB,fold_2,42,6,3,3,0.5,avg_negative_log,10,0.2231,0.9,,677,124,1016,0.012102730261590509,True,0.0,True,10.0,0.5,additive,True
0.3584905660377358,0.1076923076923077,0.24705882352941178,0.15,original,SKAB,fold_2,123,6,3,3,0.5,avg_negative_log,10,0.2231,0.9,,677,124,1016,0.012102730261590509,True,0.0,True,10.0,0.5,additive,True
0.4137466307277628,0.17761557177615572,0.4294117647058823,0.2512908777969019,gaussian_noise,SKAB,fold_2,123,6,3,3,0.5,avg_negative_log,10,0.2231,0.9,,677,124,1016,0.012102730261590509,True,0.0,True,10.0,0.5,additive,True
0.3584905660377358,0.1076923076923077,0.24705882352941178,0.15,original,SKAB,fold_2,2026,6,3,3,0.5,avg_negative_log,10,0.2231,0.9,,677,124,1016,0.012102730261590509,True,0.0,True,10.0,0.5,additive,True
0.3584905660377358,0.1076923076923077,0.24705882352941178,0.15,gaussian_noise,SKAB,fold_2,2026,6,3,3,0.5,avg_negative_log,10,0.2231,0.9,,677,124,1016,0.012102730261590509,True,0.0,True,10.0,0.5,additive,True
0.3584905660377358,0.1076923076923077,0.24705882352941178,0.15,original,SKAB,fold_2,7,6,3,3,0.5,avg_negative_log,10,0.2231,0.9,,677,124,1016,0.012102730261590509,True,0.0,True,10.0,0.5,additive,True
0.38274932614555257,0.14705882352941177,0.35294117647058826,0.20761245674740483,gaussian_noise,SKAB,fold_2,7,6,3,3,0.5,avg_negative_log,10,0.2231,0.9,,677,124,1016,0.012102730261590509,True,0.0,True,10.0,0.5,additive,True
0.3584905660377358,0.1076923076923077,0.24705882352941178,0.15,original,SKAB,fold_2,999,6,3,3,0.5,avg_negative_log,10,0.2231,0.9,,677,124,1016,0.012102730261590509,True,0.0,True,10.0,0.5,additive,True
0.38274932614555257,0.14705882352941177,0.35294117647058826,0.20761245674740483,gaussian_noise,SKAB,fold_2,999,6,3,3,0.5,avg_negative_log,10,0.2231,0.9,,677,124,1016,0.012102730261590509,True,0.0,True,10.0,0.5,additive,True
0.3908355795148248,0.1744186046511628,0.436046511627907,0.24916943521594684,original,SKAB,fold_3,42,6,3,3,0.5,avg_negative_log,10,0.2231,0.9,,686,126,1028,0.011893192651210143,True,0.0,True,10.0,0.5,additive,True
0.4110512129380054,0.18225419664268586,0.4418604651162791,0.25806451612903225,gaussian_noise,SKAB,fold_3,42,6,3,3,0.5,avg_negative_log,10,0.2231,0.9,,686,126,1028,0.011893192651210143,True,0.0,True,10.0,0.5,additive,True
0.3908355795148248,0.1744186046511628,0.436046511627907,0.24916943521594684,original,SKAB,fold_3,123,6,3,3,0.5,avg_negative_log,10,0.2231,0.9,,686,126,1028,0.011893192651210143,True,0.0,True,10.0,0.5,additive,True
0.4137466307277628,0.18004866180048662,0.43023255813953487,0.2538593481989708,gaussian_noise,SKAB,fold_3,123,6,3,3,0.5,avg_negative_log,10,0.2231,0.9,,686,126,1028,0.011893192651210143,True,0.0,True,10.0,0.5,additive,True
0.3908355795148248,0.1744186046511628,0.436046511627907,0.24916943521594684,original,SKAB,fold_3,2026,6,3,3,0.5,avg_negative_log,10,0.2231,0.9,,686,126,1028,0.011893192651210143,True,0.0,True,10.0,0.5,additive,True
0.42183288409703507,0.18427518427518427,0.436046511627907,0.25906735751295334,gaussian_noise,SKAB,fold_3,2026,6,3,3,0.5,avg_negative_log,10,0.2231,0.9,,686,126,1028,0.011893192651210143,True,0.0,True,10.0,0.5,additive,True
0.3908355795148248,0.1744186046511628,0.436046511627907,0.24916943521594684,original,SKAB,fold_3,7,6,3,3,0.5,avg_negative_log,10,0.2231,0.9,,686,126,1028,0.011893192651210143,True,0.0,True,10.0,0.5,additive,True
0.3921832884097035,0.17633410672853828,0.4418604651162791,0.25207296849087896,gaussian_noise,SKAB,fold_3,7,6,3,3,0.5,avg_negative_log,10,0.2231,0.9,,686,126,1028,0.011893192651210143,True,0.0,True,10.0,0.5,additive,True
0.3908355795148248,0.1744186046511628,0.436046511627907,0.24916943521594684,original,SKAB,fold_3,999,6,3,3,0.5,avg_negative_log,10,0.2231,0.9,,686,126,1028,0.011893192651210143,True,0.0,True,10.0,0.5,additive,True
0.4002695417789757,0.18620689655172415,0.47093023255813954,0.26688632619439867,gaussian_noise,SKAB,fold_3,999,6,3,3,0.5,avg_negative_log,10,0.2231,0.9,,686,126,1028,0.011893192651210143,True,0.0,True,10.0,0.5,additive,True
0.6038251366120219,0.34,0.8395061728395061,0.48398576512455516,original,SKAB,fold_4,42,6,3,3,0.5,avg_negative_log,10,0.2231,0.9,,692,129,1032,0.011560693641618497,True,0.0,True,10.0,0.5,additive,True
0.6038251366120219,0.34,0.8395061728395061,0.48398576512455516,gaussian_noise,SKAB,fold_4,42,6,3,3,0.5,avg_negative_log,10,0.2231,0.9,,692,129,1032,0.011560693641618497,True,0.0,True,10.0,0.5,additive,True
0.6038251366120219,0.34,0.8395061728395061,0.48398576512455516,original,SKAB,fold_4,123,6,3,3,0.5,avg_negative_log,10,0.2231,0.9,,692,129,1032,0.011560693641618497,True,0.0,True,10.0,0.5,additive,True
0.6120218579234973,0.35121951219512193,0.8888888888888888,0.5034965034965035,gaussian_noise,SKAB,fold_4,123,6,3,3,0.5,avg_negative_log,10,0.2231,0.9,,692,129,1032,0.011560693641618497,True,0.0,True,10.0,0.5,additive,True
0.6038251366120219,0.34,0.8395061728395061,0.48398576512455516,original,SKAB,fold_4,2026,6,3,3,0.5,avg_negative_log,10,0.2231,0.9,,692,129,1032,0.011560693641618497,True,0.0,True,10.0,0.5,additive,True
0.6038251366120219,0.34,0.8395061728395061,0.48398576512455516,gaussian_noise,SKAB,fold_4,2026,6,3,3,0.5,avg_negative_log,10,0.2231,0.9,,692,129,1032,0.011560693641618497,True,0.0,True,10.0,0.5,additive,True
0.6038251366120219,0.34,0.8395061728395061,0.48398576512455516,original,SKAB,fold_4,7,6,3,3,0.5,avg_negative_log,10,0.2231,0.9,,692,129,1032,0.011560693641618497,True,0.0,True,10.0,0.5,additive,True
0.610655737704918,0.35036496350364965,0.8888888888888888,0.5026178010471204,gaussian_noise,SKAB,fold_4,7,6,3,3,0.5,avg_negative_log,10,0.2231,0.9,,692,129,1032,0.011560693641618497,True,0.0,True,10.0,0.5,additive,True
0.6038251366120219,0.34,0.8395061728395061,0.48398576512455516,original,SKAB,fold_4,999,6,3,3,0.5,avg_negative_log,10,0.2231,0.9,,692,129,1032,0.011560693641618497,True,0.0,True,10.0,0.5,additive,True
0.5983606557377049,0.33663366336633666,0.8395061728395061,0.48056537102473496,gaussian_noise,SKAB,fold_4,999,6,3,3,0.5,avg_negative_log,10,0.2231,0.9,,692,129,1032,0.011560693641618497,True,0.0,True,10.0,0.5,additive,True
0.4620505992010652,0.307032590051458,1.0,0.46981627296587924,original,SKAB,fold_5,42,6,3,3,0.5,avg_negative_log,10,0.2231,0.9,,603,113,936,0.013736626601505746,True,0.0,True,10.0,0.5,additive,True
0.4647137150466045,0.3080895008605852,1.0,0.4710526315789474,gaussian_noise,SKAB,fold_5,42,6,3,3,0.5,avg_negative_log,10,0.2231,0.9,,603,113,936,0.013736626601505746,True,0.0,True,10.0,0.5,additive,True
0.4620505992010652,0.307032590051458,1.0,0.46981627296587924,original,SKAB,fold_5,123,6,3,3,0.5,avg_negative_log,10,0.2231,0.9,,603,113,936,0.013736626601505746,True,0.0,True,10.0,0.5,additive,True
0.47270306258322237,0.31130434782608696,1.0,0.47480106100795755,gaussian_noise,SKAB,fold_5,123,6,3,3,0.5,avg_negative_log,10,0.2231,0.9,,603,113,936,0.013736626601505746,True,0.0,True,10.0,0.5,additive,True
0.4620505992010652,0.307032590051458,1.0,0.46981627296587924,original,SKAB,fold_5,2026,6,3,3,0.5,avg_negative_log,10,0.2231,0.9,,603,113,936,0.013736626601505746,True,0.0,True,10.0,0.5,additive,True
0.4633821571238349,0.3075601374570447,1.0,0.4704336399474376,gaussian_noise,SKAB,fold_5,2026,6,3,3,0.5,avg_negative_log,10,0.2231,0.9,,603,113,936,0.013736626601505746,True,0.0,True,10.0,0.5,additive,True
0.4620505992010652,0.307032590051458,1.0,0.46981627296587924,original,SKAB,fold_5,7,6,3,3,0.5,avg_negative_log,10,0.2231,0.9,,603,113,936,0.013736626601505746,True,0.0,True,10.0,0.5,additive,True
0.4793608521970706,0.3140350877192982,1.0,0.4779706275033378,gaussian_noise,SKAB,fold_5,7,6,3,3,0.5,avg_negative_log,10,0.2231,0.9,,603,113,936,0.013736626601505746,True,0.0,True,10.0,0.5,additive,True
0.4620505992010652,0.307032590051458,1.0,0.46981627296587924,original,SKAB,fold_5,999,6,3,3,0.5,avg_negative_log,10,0.2231,0.9,,603,113,936,0.013736626601505746,True,0.0,True,10.0,0.5,additive,True
0.4540612516644474,0.30390492359932086,1.0,0.4661458333333333,gaussian_noise,SKAB,fold_5,999,6,3,3,0.5,avg_negative_log,10,0.2231,0.9,,603,113,936,0.013736626601505746,True,0.0,True,10.0,0.5,additive,True
0.6201342281879194,0.0,0.0,0.0,original,SKAB,fold_1,42,6,3,3,0.5,avg_negative_log,10,0.3567,0.9,,647,123,977,0.01227679973863108,True,0.0,True,10.0,0.5,additive,True
0.6201342281879194,0.0,0.0,0.0,gaussian_noise,SKAB,fold_1,42,6,3,3,0.5,avg_negative_log,10,0.3567,0.9,,647,123,977,0.01227679973863108,True,0.0,True,10.0,0.5,additive,True
0.6201342281879194,0.0,0.0,0.0,original,SKAB,fold_1,123,6,3,3,0.5,avg_negative_log,10,0.3567,0.9,,647,123,977,0.01227679973863108,True,0.0,True,10.0,0.5,additive,True
0.6201342281879194,0.0,0.0,0.0,gaussian_noise,SKAB,fold_1,123,6,3,3,0.5,avg_negative_log,10,0.3567,0.9,,647,123,977,0.01227679973863108,True,0.0,True,10.0,0.5,additive,True
0.6201342281879194,0.0,0.0,0.0,original,SKAB,fold_1,2026,6,3,3,0.5,avg_negative_log,10,0.3567,0.9,,647,123,977,0.01227679973863108,True,0.0,True,10.0,0.5,additive,True
0.6268456375838927,0.0,0.0,0.0,gaussian_noise,SKAB,fold_1,2026,6,3,3,0.5,avg_negative_log,10,0.3567,0.9,,647,123,977,0.01227679973863108,True,0.0,True,10.0,0.5,additive,True
0.6201342281879194,0.0,0.0,0.0,original,SKAB,fold_1,7,6,3,3,0.5,avg_negative_log,10,0.3567,0.9,,647,123,977,0.01227679973863108,True,0.0,True,10.0,0.5,additive,True
0.5906040268456376,0.0,0.0,0.0,gaussian_noise,SKAB,fold_1,7,6,3,3,0.5,avg_negative_log,10,0.3567,0.9,,647,123,977,0.01227679973863108,True,0.0,True,10.0,0.5,additive,True
0.6201342281879194,0.0,0.0,0.0,original,SKAB,fold_1,999,6,3,3,0.5,avg_negative_log,10,0.3567,0.9,,647,123,977,0.01227679973863108,True,0.0,True,10.0,0.5,additive,True
0.6201342281879194,0.0,0.0,0.0,gaussian_noise,SKAB,fold_1,999,6,3,3,0.5,avg_negative_log,10,0.3567,0.9,,647,123,977,0.01227679973863108,True,0.0,True,10.0,0.5,additive,True
0.3584905660377358,0.10362694300518134,0.23529411764705882,0.14388489208633093,original,SKAB,fold_2,42,6,3,3,0.5,avg_negative_log,10,0.3567,0.9,,677,124,1016,0.012102730261590509,True,0.0,True,10.0,0.5,additive,True
0.3611859838274933,0.10621761658031088,0.2411764705882353,0.1474820143884892,gaussian_noise,SKAB,fold_2,42,6,3,3,0.5,avg_negative_log,10,0.3567,0.9,,677,124,1016,0.012102730261590509,True,0.0,True,10.0,0.5,additive,True
0.3584905660377358,0.10362694300518134,0.23529411764705882,0.14388489208633093,original,SKAB,fold_2,123,6,3,3,0.5,avg_negative_log,10,0.3567,0.9,,677,124,1016,0.012102730261590509,True,0.0,True,10.0,0.5,additive,True
0.4123989218328841,0.1707920792079208,0.40588235294117647,0.24041811846689895,gaussian_noise,SKAB,fold_2,123,6,3,3,0.5,avg_negative_log,10,0.3567,0.9,,677,124,1016,0.012102730261590509,True,0.0,True,10.0,0.5,additive,True
0.3584905660377358,0.10362694300518134,0.23529411764705882,0.14388489208633093,original,SKAB,fold_2,2026,6,3,3,0.5,avg_negative_log,10,0.3567,0.9,,677,124,1016,0.012102730261590509,True,0.0,True,10.0,0.5,additive,True
0.35983827493261455,0.1038961038961039,0.23529411764705882,0.14414414414414414,gaussian_noise,SKAB,fold_2,2026,6,3,3,0.5,avg_negative_log,10,0.3567,0.9,,677,124,1016,0.012102730261590509,True,0.0,True,10.0,0.5,additive,True
0.3584905660377358,0.10362694300518134,0.23529411764705882,0.14388489208633093,original,SKAB,fold_2,7,6,3,3,0.5,avg_negative_log,10,0.3567,0.9,,677,124,1016,0.012102730261590509,True,0.0,True,10.0,0.5,additive,True
0.38140161725067384,0.141439205955335,0.3352941176470588,0.19895287958115182,gaussian_noise,SKAB,fold_2,7,6,3,3,0.5,avg_negative_log,10,0.3567,0.9,,677,124,1016,0.012102730261590509,True,0.0,True,10.0,0.5,additive,True
0.3584905660377358,0.10362694300518134,0.23529411764705882,0.14388489208633093,original,SKAB,fold_2,999,6,3,3,0.5,avg_negative_log,10,0.3567,0.9,,677,124,1016,0.012102730261590509,True,0.0,True,10.0,0.5,additive,True
0.38140161725067384,0.141439205955335,0.3352941176470588,0.19895287958115182,gaussian_noise,SKAB,fold_2,999,6,3,3,0.5,avg_negative_log,10,0.3567,0.9,,677,124,1016,0.012102730261590509,True,0.0,True,10.0,0.5,additive,True
0.3921832884097035,0.17176470588235293,0.42441860465116277,0.24455611390284757,original,SKAB,fold_3,42,6,3,3,0.5,avg_negative_log,10,0.3567,0.9,,686,126,1028,0.011893192651210143,True,0.0,True,10.0,0.5,additive,True
0.4137466307277628,0.18004866180048662,0.43023255813953487,0.2538593481989708,gaussian_noise,SKAB,fold_3,42,6,3,3,0.5,avg_negative_log,10,0.3567,0.9,,686,126,1028,0.011893192651210143,True,0.0,True,10.0,0.5,additive,True
0.3921832884097035,0.17176470588235293,0.42441860465116277,0.24455611390284757,original,SKAB,fold_3,123,6,3,3,0.5,avg_negative_log,10,0.3567,0.9,,686,126,1028,0.011893192651210143,True,0.0,True,10.0,0.5,additive,True
0.41509433962264153,0.17733990147783252,0.4186046511627907,0.2491349480968858,gaussian_noise,SKAB,fold_3,123,6,3,3,0.5,avg_negative_log,10,0.3567,0.9,,686,126,1028,0.011893192651210143,True,0.0,True,10.0,0.5,additive,True
0.3921832884097035,0.17176470588235293,0.42441860465116277,0.24455611390284757,original,SKAB,fold_3,2026,6,3,3,0.5,avg_negative_log,10,0.3567,0.9,,686,126,1028,0.011893192651210143,True,0.0,True,10.0,0.5,additive,True
0.42318059299191374,0.18159203980099503,0.42441860465116277,0.25435540069686413,gaussian_noise,SKAB,fold_3,2026,6,3,3,0.5,avg_negative_log,10,0.3567,0.9,,686,126,1028,0.011893192651210143,True,0.0,True,10.0,0.5,additive,True
0.3921832884097035,0.17176470588235293,0.42441860465116277,0.24455611390284757,original,SKAB,fold_3,7,6,3,3,0.5,avg_negative_log,10,0.3567,0.9,,686,126,1028,0.011893192651210143,True,0.0,True,10.0,0.5,additive,True
0.39622641509433965,0.176056338028169,0.436046511627907,0.2508361204013378,gaussian_noise,SKAB,fold_3,7,6,3,3,0.5,avg_negative_log,10,0.3567,0.9,,686,126,1028,0.011893192651210143,True,0.0,True,10.0,0.5,additive,True
0.3921832884097035,0.17176470588235293,0.42441860465116277,0.24455611390284757,original,SKAB,fold_3,999,6,3,3,0.5,avg_negative_log,10,0.3567,0.9,,686,126,1028,0.011893192651210143,True,0.0,True,10.0,0.5,additive,True
0.4029649595687331,0.18414918414918416,0.45930232558139533,0.2628951747088186,gaussian_noise,SKAB,fold_3,999,6,3,3,0.5,avg_negative_log,10,0.3567,0.9,,686,126,1028,0.011893192651210143,True,0.0,True,10.0,0.5,additive,True
0.610655737704918,0.3435114503816794,0.8333333333333334,0.4864864864864865,original,SKAB,fold_4,42,6,3,3,0.5,avg_negative_log,10,0.3567,0.9,,692,129,1032,0.011560693641618497,True,0.0,True,10.0,0.5,additive,True
0.610655737704918,0.3435114503816794,0.8333333333333334,0.4864864864864865,gaussian_noise,SKAB,fold_4,42,6,3,3,0.5,avg_negative_log,10,0.3567,0.9,,692,129,1032,0.011560693641618497,True,0.0,True,10.0,0.5,additive,True
0.610655737704918,0.3435114503816794,0.8333333333333334,0.4864864864864865,original,SKAB,fold_4,123,6,3,3,0.5,avg_negative_log,10,0.3567,0.9,,692,129,1032,0.011560693641618497,True,0.0,True,10.0,0.5,additive,True
0.6188524590163934,0.3548387096774194,0.8827160493827161,0.5061946902654867,gaussian_noise,SKAB,fold_4,123,6,3,3,0.5,avg_negative_log,10,0.3567,0.9,,692,129,1032,0.011560693641618497,True,0.0,True,10.0,0.5,additive,True
0.610655737704918,0.3435114503816794,0.8333333333333334,0.4864864864864865,original,SKAB,fold_4,2026,6,3,3,0.5,avg_negative_log,10,0.3567,0.9,,692,129,1032,0.011560693641618497,True,0.0,True,10.0,0.5,additive,True
0.610655737704918,0.3435114503816794,0.8333333333333334,0.4864864864864865,gaussian_noise,SKAB,fold_4,2026,6,3,3,0.5,avg_negative_log,10,0.3567,0.9,,692,129,1032,0.011560693641618497,True,0.0,True,10.0,0.5,additive,True
0.610655737704918,0.3435114503816794,0.8333333333333334,0.4864864864864865,original,SKAB,fold_4,7,6,3,3,0.5,avg_negative_log,10,0.3567,0.9,,692,129,1032,0.011560693641618497,True,0.0,True,10.0,0.5,additive,True
0.6174863387978142,0.35396039603960394,0.8827160493827161,0.5053003533568905,gaussian_noise,SKAB,fold_4,7,6,3,3,0.5,avg_negative_log,10,0.3567,0.9,,692,129,1032,0.011560693641618497,True,0.0,True,10.0,0.5,additive,True
0.610655737704918,0.3435114503816794,0.8333333333333334,0.4864864864864865,original,SKAB,fold_4,999,6,3,3,0.5,avg_negative_log,10,0.3567,0.9,,692,129,1032,0.011560693641618497,True,0.0,True,10.0,0.5,additive,True
0.605191256830601,0.34005037783375314,0.8333333333333334,0.48300536672629696,gaussian_noise,SKAB,fold_4,999,6,3,3,0.5,avg_negative_log,10,0.3567,0.9,,692,129,1032,0.011560693641618497,True,0.0,True,10.0,0.5,additive,True
0.474034620505992,0.30714285714285716,0.9608938547486033,0.4654939106901218,original,SKAB,fold_5,42,6,3,3,0.5,avg_negative_log,10,0.3567,0.9,,603,113,936,0.013736626601505746,True,0.0,True,10.0,0.5,additive,True
0.46604527296937415,0.29891304347826086,0.9217877094972067,0.45143638850889195,gaussian_noise,SKAB,fold_5,42,6,3,3,0.5,avg_negative_log,10,0.3567,0.9,,603,113,936,0.013736626601505746,True,0.0,True,10.0,0.5,additive,True
0.474034620505992,0.30714285714285716,0.9608938547486033,0.4654939106901218,original,SKAB,fold_5,123,6,3,3,0.5,avg_negative_log,10,0.3567,0.9,,603,113,936,0.013736626601505746,True,0.0,True,10.0,0.5,additive,True
0.4873501997336884,0.31066176470588236,0.9441340782122905,0.46749654218533887,gaussian_noise,SKAB,fold_5,123,6,3,3,0.5,avg_negative_log,10,0.3567,0.9,,603,113,936,0.013736626601505746,True,0.0,True,10.0,0.5,additive,True
0.474034620505992,0.30714285714285716,0.9608938547486033,0.4654939106901218,original,SKAB,fold_5,2026,6,3,3,0.5,avg_negative_log,10,0.3567,0.9,,603,113,936,0.013736626601505746,True,0.0,True,10.0,0.5,additive,True
0.5006657789613849,0.3231046931407942,1.0,0.48840381991814463,gaussian_noise,SKAB,fold_5,2026,6,3,3,0.5,avg_negative_log,10,0.3567,0.9,,603,113,936,0.013736626601505746,True,0.0,True,10.0,0.5,additive,True
0.474034620505992,0.30714285714285716,0.9608938547486033,0.4654939106901218,original,SKAB,fold_5,7,6,3,3,0.5,avg_negative_log,10,0.3567,0.9,,603,113,936,0.013736626601505746,True,0.0,True,10.0,0.5,additive,True
0.47003994673768307,0.3005464480874317,0.9217877094972067,0.4532967032967033,gaussian_noise,SKAB,fold_5,7,6,3,3,0.5,avg_negative_log,10,0.3567,0.9,,603,113,936,0.013736626601505746,True,0.0,True,10.0,0.5,additive,True
0.474034620505992,0.30714285714285716,0.9608938547486033,0.4654939106901218,original,SKAB,fold_5,999,6,3,3,0.5,avg_negative_log,10,0.3567,0.9,,603,113,936,0.013736626601505746,True,0.0,True,10.0,0.5,additive,True
0.4420772303595206,0.2894736842105263,0.9217877094972067,0.44058744993324434,gaussian_noise,SKAB,fold_5,999,6,3,3,0.5,avg_negative_log,10,0.3567,0.9,,603,113,936,0.013736626601505746,True,0.0,True,10.0,0.5,additive,True
0.625503355704698,0.0,0.0,0.0,original,SKAB,fold_1,42,6,3,3,0.5,avg_negative_log,10,0.5108,0.9,,647,123,977,0.01227679973863108,True,0.0,True,10.0,0.5,additive,True
0.625503355704698,0.0,0.0,0.0,gaussian_noise,SKAB,fold_1,42,6,3,3,0.5,avg_negative_log,10,0.5108,0.9,,647,123,977,0.01227679973863108,True,0.0,True,10.0,0.5,additive,True
0.625503355704698,0.0,0.0,0.0,original,SKAB,fold_1,123,6,3,3,0.5,avg_negative_log,10,0.5108,0.9,,647,123,977,0.01227679973863108,True,0.0,True,10.0,0.5,additive,True
0.625503355704698,0.0,0.0,0.0,gaussian_noise,SKAB,fold_1,123,6,3,3,0.5,avg_negative_log,10,0.5108,0.9,,647,123,977,0.01227679973863108,True,0.0,True,10.0,0.5,additive,True
0.625503355704698,0.0,0.0,0.0,original,SKAB,fold_1,2026,6,3,3,0.5,avg_negative_log,10,0.5108,0.9,,647,123,977,0.01227679973863108,True,0.0,True,10.0,0.5,additive,True
0.6335570469798658,0.0,0.0,0.0,gaussian_noise,SKAB,fold_1,2026,6,3,3,0.5,avg_negative_log,10,0.5108,0.9,,647,123,977,0.01227679973863108,True,0.0,True,10.0,0.5,additive,True
0.625503355704698,0.0,0.0,0.0,original,SKAB,fold_1,7,6,3,3,0.5,avg_negative_log,10,0.5108,0.9,,647,123,977,0.01227679973863108,True,0.0,True,10.0,0.5,additive,True
0.5973154362416108,0.0,0.0,0.0,gaussian_noise,SKAB,fold_1,7,6,3,3,0.5,avg_negative_log,10,0.5108,0.9,,647,123,977,0.01227679973863108,True,0.0,True,10.0,0.5,additive,True
0.625503355704698,0.0,0.0,0.0,original,SKAB,fold_1,999,6,3,3,0.5,avg_negative_log,10,0.5108,0.9,,647,123,977,0.01227679973863108,True,0.0,True,10.0,0.5,additive,True
0.625503355704698,0.0,0.0,0.0,gaussian_noise,SKAB,fold_1,999,6,3,3,0.5,avg_negative_log,10,0.5108,0.9,,647,123,977,0.01227679973863108,True,0.0,True,10.0,0.5,additive,True
0.35714285714285715,0.09711286089238845,0.21764705882352942,0.13430127041742287,original,SKAB,fold_2,42,6,3,3,0.5,avg_negative_log,10,0.5108,0.9,,677,124,1016,0.012102730261590509,True,0.0,True,10.0,0.5,additive,True
0.36253369272237196,0.10026385224274406,0.2235294117647059,0.1384335154826958,gaussian_noise,SKAB,fold_2,42,6,3,3,0.5,avg_negative_log,10,0.5108,0.9,,677,124,1016,0.012102730261590509,True,0.0,True,10.0,0.5,additive,True
0.35714285714285715,0.09711286089238845,0.21764705882352942,0.13430127041742287,original,SKAB,fold_2,123,6,3,3,0.5,avg_negative_log,10,0.5108,0.9,,677,124,1016,0.012102730261590509,True,0.0,True,10.0,0.5,additive,True
0.4056603773584906,0.1569620253164557,0.36470588235294116,0.21946902654867256,gaussian_noise,SKAB,fold_2,123,6,3,3,0.5,avg_negative_log,10,0.5108,0.9,,677,124,1016,0.012102730261590509,True,0.0,True,10.0,0.5,additive,True
0.35714285714285715,0.09711286089238845,0.21764705882352942,0.13430127041742287,original,SKAB,fold_2,2026,6,3,3,0.5,avg_negative_log,10,0.5108,0.9,,677,124,1016,0.012102730261590509,True,0.0,True,10.0,0.5,additive,True
0.3611859838274933,0.09788359788359788,0.21764705882352942,0.13503649635036497,gaussian_noise,SKAB,fold_2,2026,6,3,3,0.5,avg_negative_log,10,0.5108,0.9,,677,124,1016,0.012102730261590509,True,0.0,True,10.0,0.5,additive,True
0.35714285714285715,0.09711286089238845,0.21764705882352942,0.13430127041742287,original,SKAB,fold_2,7,6,3,3,0.5,avg_negative_log,10,0.5108,0.9,,677,124,1016,0.012102730261590509,True,0.0,True,10.0,0.5,additive,True
0.37735849056603776,0.13131313131313133,0.3058823529411765,0.18374558303886926,gaussian_noise,SKAB,fold_2,7,6,3,3,0.5,avg_negative_log,10,0.5108,0.9,,677,124,1016,0.012102730261590509,True,0.0,True,10.0,0.5,additive,True
0.35714285714285715,0.09711286089238845,0.21764705882352942,0.13430127041742287,original,SKAB,fold_2,999,6,3,3,0.5,avg_negative_log,10,0.5108,0.9,,677,124,1016,0.012102730261590509,True,0.0,True,10.0,0.5,additive,True
0.37735849056603776,0.13131313131313133,0.3058823529411765,0.18374558303886926,gaussian_noise,SKAB,fold_2,999,6,3,3,0.5,avg_negative_log,10,0.5108,0.9,,677,124,1016,0.012102730261590509,True,0.0,True,10.0,0.5,additive,True
0.3935309973045822,0.1642512077294686,0.3953488372093023,0.23208191126279865,original,SKAB,fold_3,42,6,3,3,0.5,avg_negative_log,10,0.5108,0.9,,686,126,1028,0.011893192651210143,True,0.0,True,10.0,0.5,additive,True
0.4164420485175202,0.17293233082706766,0.4011627906976744,0.24168126094570927,gaussian_noise,SKAB,fold_3,42,6,3,3,0.5,avg_negative_log,10,0.5108,0.9,,686,126,1028,0.011893192651210143,True,0.0,True,10.0,0.5,additive,True
0.3935309973045822,0.1642512077294686,0.3953488372093023,0.23208191126279865,original,SKAB,fold_3,123,6,3,3,0.5,avg_negative_log,10,0.5108,0.9,,686,126,1028,0.011893192651210143,True,0.0,True,10.0,0.5,additive,True
0.4164420485175202,0.16962025316455695,0.38953488372093026,0.23633156966490299,gaussian_noise,SKAB,fold_3,123,6,3,3,0.5,avg_negative_log,10,0.5108,0.9,,686,126,1028,0.011893192651210143,True,0.0,True,10.0,0.5,additive,True
0.3935309973045822,0.1642512077294686,0.3953488372093023,0.23208191126279865,original,SKAB,fold_3,2026,6,3,3,0.5,avg_negative_log,10,0.5108,0.9,,686,126,1028,0.011893192651210143,True,0.0,True,10.0,0.5,additive,True
0.42452830188679247,0.17391304347826086,0.3953488372093023,0.24156305506216696,gaussian_noise,SKAB,fold_3,2026,6,3,3,0.5,avg_negative_log,10,0.5108,0.9,,686,126,1028,0.011893192651210143,True,0.0,True,10.0,0.5,additive,True
0.3935309973045822,0.1642512077294686,0.3953488372093023,0.23208191126279865,original,SKAB,fold_3,7,6,3,3,0.5,avg_negative_log,10,0.5108,0.9,,686,126,1028,0.011893192651210143,True,0.0,True,10.0,0.5,additive,True
0.40161725067385445,0.17307692307692307,0.4186046511627907,0.24489795918367346,gaussian_noise,SKAB,fold_3,7,6,3,3,0.5,avg_negative_log,10,0.5108,0.9,,686,126,1028,0.011893192651210143,True,0.0,True,10.0,0.5,additive,True
0.3935309973045822,0.1642512077294686,0.3953488372093023,0.23208191126279865,original,SKAB,fold_3,999,6,3,3,0.5,avg_negative_log,10,0.5108,0.9,,686,126,1028,0.011893192651210143,True,0.0,True,10.0,0.5,additive,True
0.4056603773584906,0.1774580335731415,0.43023255813953487,0.25127334465195245,gaussian_noise,SKAB,fold_3,999,6,3,3,0.5,avg_negative_log,10,0.5108,0.9,,686,126,1028,0.011893192651210143,True,0.0,True,10.0,0.5,additive,True
0.6133879781420765,0.3444730077120823,0.8271604938271605,0.4863883847549909,original,SKAB,fold_4,42,6,3,3,0.5,avg_negative_log,10,0.5108,0.9,,692,129,1032,0.011560693641618497,True,0.0,True,10.0,0.5,additive,True
0.6120218579234973,0.3435897435897436,0.8271604938271605,0.4855072463768116,gaussian_noise,SKAB,fold_4,42,6,3,3,0.5,avg_negative_log,10,0.5108,0.9,,692,129,1032,0.011560693641618497,True,0.0,True,10.0,0.5,additive,True
0.6133879781420765,0.3444730077120823,0.8271604938271605,0.4863883847549909,original,SKAB,fold_4,123,6,3,3,0.5,avg_negative_log,10,0.5108,0.9,,692,129,1032,0.011560693641618497,True,0.0,True,10.0,0.5,additive,True
0.6202185792349727,0.3542713567839196,0.8703703703703703,0.5035714285714286,gaussian_noise,SKAB,fold_4,123,6,3,3,0.5,avg_negative_log,10,0.5108,0.9,,692,129,1032,0.011560693641618497,True,0.0,True,10.0,0.5,additive,True
0.6133879781420765,0.3444730077120823,0.8271604938271605,0.4863883847549909,original,SKAB,fold_4,2026,6,3,3,0.5,avg_negative_log,10,0.5108,0.9,,692,129,1032,0.011560693641618497,True,0.0,True,10.0,0.5,additive,True
0.6133879781420765,0.3444730077120823,0.8271604938271605,0.4863883847549909,gaussian_noise,SKAB,fold_4,2026,6,3,3,0.5,avg_negative_log,10,0.5108,0.9,,692,129,1032,0.011560693641618497,True,0.0,True,10.0,0.5,additive,True
0.6133879781420765,0.3444730077120823,0.8271604938271605,0.4863883847549909,original,SKAB,fold_4,7,6,3,3,0.5,avg_negative_log,10,0.5108,0.9,,692,129,1032,0.011560693641618497,True,0.0,True,10.0,0.5,additive,True
0.6188524590163934,0.3533834586466165,0.8703703703703703,0.5026737967914439,gaussian_noise,SKAB,fold_4,7,6,3,3,0.5,avg_negative_log,10,0.5108,0.9,,692,129,1032,0.011560693641618497,True,0.0,True,10.0,0.5,additive,True
0.6133879781420765,0.3444730077120823,0.8271604938271605,0.4863883847549909,original,SKAB,fold_4,999,6,3,3,0.5,avg_negative_log,10,0.5108,0.9,,692,129,1032,0.011560693641618497,True,0.0,True,10.0,0.5,additive,True
0.6079234972677595,0.34096692111959287,0.8271604938271605,0.4828828828828829,gaussian_noise,SKAB,fold_4,999,6,3,3,0.5,avg_negative_log,10,0.5108,0.9,,692,129,1032,0.011560693641618497,True,0.0,True,10.0,0.5,additive,True
0.4806924101198402,0.3092224231464738,0.9553072625698324,0.4672131147540984,original,SKAB,fold_5,42,6,3,3,0.5,avg_negative_log,10,0.5108,0.9,,603,113,936,0.013736626601505746,True,0.0,True,10.0,0.5,additive,True
0.47137150466045274,0.30036630036630035,0.9162011173184358,0.45241379310344826,gaussian_noise,SKAB,fold_5,42,6,3,3,0.5,avg_negative_log,10,0.5108,0.9,,603,113,936,0.013736626601505746,True,0.0,True,10.0,0.5,additive,True
0.4806924101198402,0.3092224231464738,0.9553072625698324,0.4672131147540984,original,SKAB,fold_5,123,6,3,3,0.5,avg_negative_log,10,0.5108,0.9,,603,113,936,0.013736626601505746,True,0.0,True,10.0,0.5,additive,True
0.4940079893475366,0.3128491620111732,0.9385474860335196,0.4692737430167598,gaussian_noise,SKAB,fold_5,123,6,3,3,0.5,avg_negative_log,10,0.5108,0.9,,603,113,936,0.013736626601505746,True,0.0,True,10.0,0.5,additive,True
0.4806924101198402,0.3092224231464738,0.9553072625698324,0.4672131147540984,original,SKAB,fold_5,2026,6,3,3,0.5,avg_negative_log,10,0.5108,0.9,,603,113,936,0.013736626601505746,True,0.0,True,10.0,0.5,additive,True
0.5086551264980027,0.3266423357664234,1.0,0.4924346629986245,gaussian_noise,SKAB,fold_5,2026,6,3,3,0.5,avg_negative_log,10,0.5108,0.9,,603,113,936,0.013736626601505746,True,0.0,True,10.0,0.5,additive,True
0.4806924101198402,0.3092224231464738,0.9553072625698324,0.4672131147540984,original,SKAB,fold_5,7,6,3,3,0.5,avg_negative_log,10,0.5108,0.9,,603,113,936,0.013736626601505746,True,0.0,True,10.0,0.5,additive,True
0.47536617842876167,0.3020257826887661,0.9162011173184358,0.45429362880886426,gaussian_noise,SKAB,fold_5,7,6,3,3,0.5,avg_negative_log,10,0.5108,0.9,,603,113,936,0.013736626601505746,True,0.0,True,10.0,0.5,additive,True
0.4806924101198402,0.3092224231464738,0.9553072625698324,0.4672131147540984,original,SKAB,fold_5,999,6,3,3,0.5,avg_negative_log,10,0.5108,0.9,,603,113,936,0.013736626601505746,True,0.0,True,10.0,0.5,additive,True
0.44607190412782954,0.2902654867256637,0.9162011173184358,0.44086021505376344,gaussian_noise,SKAB,fold_5,999,6,3,3,0.5,avg_negative_log,10,0.5108,0.9,,603,113,936,0.013736626601505746,True,0.0,True,10.0,0.5,additive,True
0.6335570469798658,0.0,0.0,0.0,original,SKAB,fold_1,42,6,3,3,0.5,avg_negative_log,10,0.6931,0.9,,647,123,977,0.01227679973863108,True,0.0,True,10.0,0.5,additive,True
0.6335570469798658,0.0,0.0,0.0,gaussian_noise,SKAB,fold_1,42,6,3,3,0.5,avg_negative_log,10,0.6931,0.9,,647,123,977,0.01227679973863108,True,0.0,True,10.0,0.5,additive,True
0.6335570469798658,0.0,0.0,0.0,original,SKAB,fold_1,123,6,3,3,0.5,avg_negative_log,10,0.6931,0.9,,647,123,977,0.01227679973863108,True,0.0,True,10.0,0.5,additive,True
0.6335570469798658,0.0,0.0,0.0,gaussian_noise,SKAB,fold_1,123,6,3,3,0.5,avg_negative_log,10,0.6931,0.9,,647,123,977,0.01227679973863108,True,0.0,True,10.0,0.5,additive,True
0.6335570469798658,0.0,0.0,0.0,original,SKAB,fold_1,2026,6,3,3,0.5,avg_negative_log,10,0.6931,0.9,,647,123,977,0.01227679973863108,True,0.0,True,10.0,0.5,additive,True
0.6442953020134228,0.0,0.0,0.0,gaussian_noise,SKAB,fold_1,2026,6,3,3,0.5,avg_negative_log,10,0.6931,0.9,,647,123,977,0.01227679973863108,True,0.0,True,10.0,0.5,additive,True
0.6335570469798658,0.0,0.0,0.0,original,SKAB,fold_1,7,6,3,3,0.5,avg_negative_log,10,0.6931,0.9,,647,123,977,0.01227679973863108,True,0.0,True,10.0,0.5,additive,True
0.6080536912751678,0.0,0.0,0.0,gaussian_noise,SKAB,fold_1,7,6,3,3,0.5,avg_negative_log,10,0.6931,0.9,,647,123,977,0.01227679973863108,True,0.0,True,10.0,0.5,additive,True
0.6335570469798658,0.0,0.0,0.0,original,SKAB,fold_1,999,6,3,3,0.5,avg_negative_log,10,0.6931,0.9,,647,123,977,0.01227679973863108,True,0.0,True,10.0,0.5,additive,True
0.6335570469798658,0.0,0.0,0.0,gaussian_noise,SKAB,fold_1,999,6,3,3,0.5,avg_negative_log,10,0.6931,0.9,,647,123,977,0.01227679973863108,True,0.0,True,10.0,0.5,additive,True
0.35714285714285715,0.09066666666666667,0.2,0.12477064220183487,original,SKAB,fold_2,42,6,3,3,0.5,avg_negative_log,10,0.6931,0.9,,677,124,1016,0.012102730261590509,True,0.0,True,10.0,0.5,additive,True
0.3665768194070081,0.0945945945945946,0.20588235294117646,0.12962962962962962,gaussian_noise,SKAB,fold_2,42,6,3,3,0.5,avg_negative_log,10,0.6931,0.9,,677,124,1016,0.012102730261590509,True,0.0,True,10.0,0.5,additive,True
0.35714285714285715,0.09066666666666667,0.2,0.12477064220183487,original,SKAB,fold_2,123,6,3,3,0.5,avg_negative_log,10,0.6931,0.9,,677,124,1016,0.012102730261590509,True,0.0,True,10.0,0.5,additive,True
0.4056603773584906,0.14805194805194805,0.3352941176470588,0.20540540540540542,gaussian_noise,SKAB,fold_2,123,6,3,3,0.5,avg_negative_log,10,0.6931,0.9,,677,124,1016,0.012102730261590509,True,0.0,True,10.0,0.5,additive,True
0.35714285714285715,0.09066666666666667,0.2,0.12477064220183487,original,SKAB,fold_2,2026,6,3,3,0.5,avg_negative_log,10,0.6931,0.9,,677,124,1016,0.012102730261590509,True,0.0,True,10.0,0.5,additive,True
0.3638814016172507,0.0918918918918919,0.2,0.1259259259259259,gaussian_noise,SKAB,fold_2,2026,6,3,3,0.5,avg_negative_log,10,0.6931,0.9,,677,124,1016,0.012102730261590509,True,0.0,True,10.0,0.5,additive,True
0.35714285714285715,0.09066666666666667,0.2,0.12477064220183487,original,SKAB,fold_2,7,6,3,3,0.5,avg_negative_log,10,0.6931,0.9,,677,124,1016,0.012102730261590509,True,0.0,True,10.0,0.5,additive,True
0.37735849056603776,0.12371134020618557,0.2823529411764706,0.17204301075268819,gaussian_noise,SKAB,fold_2,7,6,3,3,0.5,avg_negative_log,10,0.6931,0.9,,677,124,1016,0.012102730261590509,True,0.0,True,10.0,0.5,additive,True
0.35714285714285715,0.09066666666666667,0.2,0.12477064220183487,original,SKAB,fold_2,999,6,3,3,0.5,avg_negative_log,10,0.6931,0.9,,677,124,1016,0.012102730261590509,True,0.0,True,10.0,0.5,additive,True
0.37601078167115903,0.12339331619537275,0.2823529411764706,0.17173524150268335,gaussian_noise,SKAB,fold_2,999,6,3,3,0.5,avg_negative_log,10,0.6931,0.9,,677,124,1016,0.012102730261590509,True,0.0,True,10.0,0.5,additive,True
0.40431266846361186,0.1590909090909091,0.36627906976744184,0.22183098591549297,original,SKAB,fold_3,42,6,3,3,0.5,avg_negative_log,10,0.6931,0.9,,686,126,1028,0.011893192651210143,True,0.0,True,10.0,0.5,additive,True
0.42318059299191374,0.16666666666666666,0.37209302325581395,0.2302158273381295,gaussian_noise,SKAB,fold_3,42,6,3,3,0.5,avg_negative_log,10,0.6931,0.9,,686,126,1028,0.011893192651210143,True,0.0,True,10.0,0.5,additive,True
0.40431266846361186,0.1590909090909091,0.36627906976744184,0.22183098591549297,original,SKAB,fold_3,123,6,3,3,0.5,avg_negative_log,10,0.6931,0.9,,686,126,1028,0.011893192651210143,True,0.0,True,10.0,0.5,additive,True
0.42587601078167114,0.164021164021164,0.36046511627906974,0.22545454545454546,gaussian_noise,SKAB,fold_3,123,6,3,3,0.5,avg_negative_log,10,0.6931,0.9,,686,126,1028,0.011893192651210143,True,0.0,True,10.0,0.5,additive,True
0.40431266846361186,0.1590909090909091,0.36627906976744184,0.22183098591549297,original,SKAB,fold_3,2026,6,3,3,0.5,avg_negative_log,10,0.6931,0.9,,686,126,1028,0.011893192651210143,True,0.0,True,10.0,0.5,additive,True
0.4353099730458221,0.16890080428954424,0.36627906976744184,0.23119266055045873,gaussian_noise,SKAB,fold_3,2026,6,3,3,0.5,avg_negative_log,10,0.6931,0.9,,686,126,1028,0.011893192651210143,True,0.0,True,10.0,0.5,additive,True
0.40431266846361186,0.1590909090909091,0.36627906976744184,0.22183098591549297,original,SKAB,fold_3,7,6,3,3,0.5,avg_negative_log,10,0.6931,0.9,,686,126,1028,0.011893192651210143,True,0.0,True,10.0,0.5,additive,True
0.4137466307277628,0.17206982543640897,0.4011627906976744,0.24083769633507854,gaussian_noise,SKAB,fold_3,7,6,3,3,0.5,avg_negative_log,10,0.6931,0.9,,686,126,1028,0.011893192651210143,True,0.0,True,10.0,0.5,additive,True
0.40431266846361186,0.1590909090909091,0.36627906976744184,0.22183098591549297,original,SKAB,fold_3,999,6,3,3,0.5,avg_negative_log,10,0.6931,0.9,,686,126,1028,0.011893192651210143,True,0.0,True,10.0,0.5,additive,True
0.41509433962264153,0.1725,0.4011627906976744,0.24125874125874125,gaussian_noise,SKAB,fold_3,999,6,3,3,0.5,avg_negative_log,10,0.6931,0.9,,686,126,1028,0.011893192651210143,True,0.0,True,10.0,0.5,additive,True
0.6284153005464481,0.35294117647058826,0.8148148148148148,0.4925373134328358,original,SKAB,fold_4,42,6,3,3,0.5,avg_negative_log,10,0.6931,0.9,,692,129,1032,0.011560693641618497,True,0.0,True,10.0,0.5,additive,True
0.6256830601092896,0.3502673796791444,0.808641975308642,0.48880597014925375,gaussian_noise,SKAB,fold_4,42,6,3,3,0.5,avg_negative_log,10,0.6931,0.9,,692,129,1032,0.011560693641618497,True,0.0,True,10.0,0.5,additive,True
0.6284153005464481,0.35294117647058826,0.8148148148148148,0.4925373134328358,original,SKAB,fold_4,123,6,3,3,0.5,avg_negative_log,10,0.6931,0.9,,692,129,1032,0.011560693641618497,True,0.0,True,10.0,0.5,additive,True
0.6338797814207651,0.3619791666666667,0.8580246913580247,0.5091575091575091,gaussian_noise,SKAB,fold_4,123,6,3,3,0.5,avg_negative_log,10,0.6931,0.9,,692,129,1032,0.011560693641618497,True,0.0,True,10.0,0.5,additive,True
0.6284153005464481,0.35294117647058826,0.8148148148148148,0.4925373134328358,original,SKAB,fold_4,2026,6,3,3,0.5,avg_negative_log,10,0.6931,0.9,,692,129,1032,0.011560693641618497,True,0.0,True,10.0,0.5,additive,True
0.6284153005464481,0.35294117647058826,0.8148148148148148,0.4925373134328358,gaussian_noise,SKAB,fold_4,2026,6,3,3,0.5,avg_negative_log,10,0.6931,0.9,,692,129,1032,0.011560693641618497,True,0.0,True,10.0,0.5,additive,True
0.6284153005464481,0.35294117647058826,0.8148148148148148,0.4925373134328358,original,SKAB,fold_4,7,6,3,3,0.5,avg_negative_log,10,0.6931,0.9,,692,129,1032,0.011560693641618497,True,0.0,True,10.0,0.5,additive,True
0.6338797814207651,0.3619791666666667,0.8580246913580247,0.5091575091575091,gaussian_noise,SKAB,fold_4,7,6,3,3,0.5,avg_negative_log,10,0.6931,0.9,,692,129,1032,0.011560693641618497,True,0.0,True,10.0,0.5,additive,True
0.6284153005464481,0.35294117647058826,0.8148148148148148,0.4925373134328358,original,SKAB,fold_4,999,6,3,3,0.5,avg_negative_log,10,0.6931,0.9,,692,129,1032,0.011560693641618497,True,0.0,True,10.0,0.5,additive,True
0.6229508196721312,0.3492063492063492,0.8148148148148148,0.4888888888888889,gaussian_noise,SKAB,fold_4,999,6,3,3,0.5,avg_negative_log,10,0.6931,0.9,,692,129,1032,0.011560693641618497,True,0.0,True,10.0,0.5,additive,True
0.5033288948069241,0.31835205992509363,0.9497206703910615,0.47685834502103785,original,SKAB,fold_5,42,6,3,3,0.5,avg_negative_log,10,0.6931,0.9,,603,113,936,0.013736626601505746,True,0.0,True,10.0,0.5,additive,True
0.48868175765645805,0.3069679849340866,0.9106145251396648,0.4591549295774648,gaussian_noise,SKAB,fold_5,42,6,3,3,0.5,avg_negative_log,10,0.6931,0.9,,603,113,936,0.013736626601505746,True,0.0,True,10.0,0.5,additive,True
0.5033288948069241,0.31835205992509363,0.9497206703910615,0.47685834502103785,original,SKAB,fold_5,123,6,3,3,0.5,avg_negative_log,10,0.6931,0.9,,603,113,936,0.013736626601505746,True,0.0,True,10.0,0.5,additive,True
0.511318242343542,0.3192307692307692,0.9273743016759777,0.474964234620887,gaussian_noise,SKAB,fold_5,123,6,3,3,0.5,avg_negative_log,10,0.6931,0.9,,603,113,936,0.013736626601505746,True,0.0,True,10.0,0.5,additive,True
0.5033288948069241,0.31835205992509363,0.9497206703910615,0.47685834502103785,original,SKAB,fold_5,2026,6,3,3,0.5,avg_negative_log,10,0.6931,0.9,,603,113,936,0.013736626601505746,True,0.0,True,10.0,0.5,additive,True
0.5286284953395473,0.33583489681050654,1.0,0.5028089887640449,gaussian_noise,SKAB,fold_5,2026,6,3,3,0.5,avg_negative_log,10,0.6931,0.9,,603,113,936,0.013736626601505746,True,0.0,True,10.0,0.5,additive,True
0.5033288948069241,0.31835205992509363,0.9497206703910615,0.47685834502103785,original,SKAB,fold_5,7,6,3,3,0.5,avg_negative_log,10,0.6931,0.9,,603,113,936,0.013736626601505746,True,0.0,True,10.0,0.5,additive,True
0.49134487350199735,0.30812854442344045,0.9106145251396648,0.4604519774011299,gaussian_noise,SKAB,fold_5,7,6,3,3,0.5,avg_negative_log,10,0.6931,0.9,,603,113,936,0.013736626601505746,True,0.0,True,10.0,0.5,additive,True
0.5033288948069241,0.31835205992509363,0.9497206703910615,0.47685834502103785,original,SKAB,fold_5,999,6,3,3,0.5,avg_negative_log,10,0.6931,0.9,,603,113,936,0.013736626601505746,True,0.0,True,10.0,0.5,additive,True
0.459387483355526,0.29475587703435807,0.9106145251396648,0.4453551912568306,gaussian_noise,SKAB,fold_5,999,6,3,3,0.5,avg_negative_log,10,0.6931,0.9,,603,113,936,0.013736626601505746,True,0.0,True,10.0,0.5,additive,True
0.6456375838926175,0.0,0.0,0.0,original,SKAB,fold_1,42,6,3,3,0.5,avg_negative_log,10,0.9163,0.9,,647,123,977,0.01227679973863108,True,0.0,True,10.0,0.5,additive,True
0.6456375838926175,0.0,0.0,0.0,gaussian_noise,SKAB,fold_1,42,6,3,3,0.5,avg_negative_log,10,0.9163,0.9,,647,123,977,0.01227679973863108,True,0.0,True,10.0,0.5,additive,True
0.6456375838926175,0.0,0.0,0.0,original,SKAB,fold_1,123,6,3,3,0.5,avg_negative_log,10,0.9163,0.9,,647,123,977,0.01227679973863108,True,0.0,True,10.0,0.5,additive,True
0.6456375838926175,0.0,0.0,0.0,gaussian_noise,SKAB,fold_1,123,6,3,3,0.5,avg_negative_log,10,0.9163,0.9,,647,123,977,0.01227679973863108,True,0.0,True,10.0,0.5,additive,True
0.6456375838926175,0.0,0.0,0.0,original,SKAB,fold_1,2026,6,3,3,0.5,avg_negative_log,10,0.9163,0.9,,647,123,977,0.01227679973863108,True,0.0,True,10.0,0.5,additive,True
0.6523489932885906,0.0,0.0,0.0,gaussian_noise,SKAB,fold_1,2026,6,3,3,0.5,avg_negative_log,10,0.9163,0.9,,647,123,977,0.01227679973863108,True,0.0,True,10.0,0.5,additive,True
0.6456375838926175,0.0,0.0,0.0,original,SKAB,fold_1,7,6,3,3,0.5,avg_negative_log,10,0.9163,0.9,,647,123,977,0.01227679973863108,True,0.0,True,10.0,0.5,additive,True
0.6228187919463087,0.0,0.0,0.0,gaussian_noise,SKAB,fold_1,7,6,3,3,0.5,avg_negative_log,10,0.9163,0.9,,647,123,977,0.01227679973863108,True,0.0,True,10.0,0.5,additive,True
0.6456375838926175,0.0,0.0,0.0,original,SKAB,fold_1,999,6,3,3,0.5,avg_negative_log,10,0.9163,0.9,,647,123,977,0.01227679973863108,True,0.0,True,10.0,0.5,additive,True
0.6456375838926175,0.0,0.0,0.0,gaussian_noise,SKAB,fold_1,999,6,3,3,0.5,avg_negative_log,10,0.9163,0.9,,647,123,977,0.01227679973863108,True,0.0,True,10.0,0.5,additive,True
0.3638814016172507,0.08516483516483517,0.18235294117647058,0.11610486891385768,original,SKAB,fold_2,42,6,3,3,0.5,avg_negative_log,10,0.9163,0.9,,677,124,1016,0.012102730261590509,True,0.0,True,10.0,0.5,additive,True
0.3746630727762803,0.0893854748603352,0.18823529411764706,0.12121212121212122,gaussian_noise,SKAB,fold_2,42,6,3,3,0.5,avg_negative_log,10,0.9163,0.9,,677,124,1016,0.012102730261590509,True,0.0,True,10.0,0.5,additive,True
0.3638814016172507,0.08516483516483517,0.18235294117647058,0.11610486891385768,original,SKAB,fold_2,123,6,3,3,0.5,avg_negative_log,10,0.9163,0.9,,677,124,1016,0.012102730261590509,True,0.0,True,10.0,0.5,additive,True
0.4029649595687331,0.1320754716981132,0.28823529411764703,0.18114602587800369,gaussian_noise,SKAB,fold_2,123,6,3,3,0.5,avg_negative_log,10,0.9163,0.9,,677,124,1016,0.012102730261590509,True,0.0,True,10.0,0.5,additive,True
0.3638814016172507,0.08516483516483517,0.18235294117647058,0.11610486891385768,original,SKAB,fold_2,2026,6,3,3,0.5,avg_negative_log,10,0.9163,0.9,,677,124,1016,0.012102730261590509,True,0.0,True,10.0,0.5,additive,True
0.3706199460916442,0.08635097493036212,0.18235294117647058,0.11720226843100189,gaussian_noise,SKAB,fold_2,2026,6,3,3,0.5,avg_negative_log,10,0.9163,0.9,,677,124,1016,0.012102730261590509,True,0.0,True,10.0,0.5,additive,True
0.3638814016172507,0.08516483516483517,0.18235294117647058,0.11610486891385768,original,SKAB,fold_2,7,6,3,3,0.5,avg_negative_log,10,0.9163,0.9,,677,124,1016,0.012102730261590509,True,0.0,True,10.0,0.5,additive,True
0.37870619946091644,0.112,0.24705882352941178,0.15412844036697249,gaussian_noise,SKAB,fold_2,7,6,3,3,0.5,avg_negative_log,10,0.9163,0.9,,677,124,1016,0.012102730261590509,True,0.0,True,10.0,0.5,additive,True
0.3638814016172507,0.08516483516483517,0.18235294117647058,0.11610486891385768,original,SKAB,fold_2,999,6,3,3,0.5,avg_negative_log,10,0.9163,0.9,,677,124,1016,0.012102730261590509,True,0.0,True,10.0,0.5,additive,True
0.37735849056603776,0.11170212765957446,0.24705882352941178,0.15384615384615385,gaussian_noise,SKAB,fold_2,999,6,3,3,0.5,avg_negative_log,10,0.9163,0.9,,677,124,1016,0.012102730261590509,True,0.0,True,10.0,0.5,additive,True
0.4123989218328841,0.15263157894736842,0.3372093023255814,0.21014492753623187,original,SKAB,fold_3,42,6,3,3,0.5,avg_negative_log,10,0.9163,0.9,,686,126,1028,0.011893192651210143,True,0.0,True,10.0,0.5,additive,True
0.431266846361186,0.16216216216216217,0.3488372093023256,0.22140221402214022,gaussian_noise,SKAB,fold_3,42,6,3,3,0.5,avg_negative_log,10,0.9163,0.9,,686,126,1028,0.011893192651210143,True,0.0,True,10.0,0.5,additive,True
0.4123989218328841,0.15263157894736842,0.3372093023255814,0.21014492753623187,original,SKAB,fold_3,123,6,3,3,0.5,avg_negative_log,10,0.9163,0.9,,686,126,1028,0.011893192651210143,True,0.0,True,10.0,0.5,additive,True
0.4339622641509434,0.1574585635359116,0.3313953488372093,0.21348314606741572,gaussian_noise,SKAB,fold_3,123,6,3,3,0.5,avg_negative_log,10,0.9163,0.9,,686,126,1028,0.011893192651210143,True,0.0,True,10.0,0.5,additive,True
0.4123989218328841,0.15263157894736842,0.3372093023255814,0.21014492753623187,original,SKAB,fold_3,2026,6,3,3,0.5,avg_negative_log,10,0.9163,0.9,,686,126,1028,0.011893192651210143,True,0.0,True,10.0,0.5,additive,True
0.44339622641509435,0.16246498599439776,0.3372093023255814,0.21928166351606806,gaussian_noise,SKAB,fold_3,2026,6,3,3,0.5,avg_negative_log,10,0.9163,0.9,,686,126,1028,0.011893192651210143,True,0.0,True,10.0,0.5,additive,True
0.4123989218328841,0.15263157894736842,0.3372093023255814,0.21014492753623187,original,SKAB,fold_3,7,6,3,3,0.5,avg_negative_log,10,0.9163,0.9,,686,126,1028,0.011893192651210143,True,0.0,True,10.0,0.5,additive,True
0.42452830188679247,0.17054263565891473,0.38372093023255816,0.23613595706618962,gaussian_noise,SKAB,fold_3,7,6,3,3,0.5,avg_negative_log,10,0.9163,0.9,,686,126,1028,0.011893192651210143,True,0.0,True,10.0,0.5,additive,True
0.4123989218328841,0.15263157894736842,0.3372093023255814,0.21014492753623187,original,SKAB,fold_3,999,6,3,3,0.5,avg_negative_log,10,0.9163,0.9,,686,126,1028,0.011893192651210143,True,0.0,True,10.0,0.5,additive,True
0.42318059299191374,0.16666666666666666,0.37209302325581395,0.2302158273381295,gaussian_noise,SKAB,fold_3,999,6,3,3,0.5,avg_negative_log,10,0.9163,0.9,,686,126,1028,0.011893192651210143,True,0.0,True,10.0,0.5,additive,True
0.6420765027322405,0.36033519553072624,0.7962962962962963,0.49615384615384617,original,SKAB,fold_4,42,6,3,3,0.5,avg_negative_log,10,0.9163,0.9,,692,129,1032,0.011560693641618497,True,0.0,True,10.0,0.5,additive,True
0.639344262295082,0.35833333333333334,0.7962962962962963,0.4942528735632184,gaussian_noise,SKAB,fold_4,42,6,3,3,0.5,avg_negative_log,10,0.9163,0.9,,692,129,1032,0.011560693641618497,True,0.0,True,10.0,0.5,additive,True
0.6420765027322405,0.36033519553072624,0.7962962962962963,0.49615384615384617,original,SKAB,fold_4,123,6,3,3,0.5,avg_negative_log,10,0.9163,0.9,,692,129,1032,0.011560693641618497,True,0.0,True,10.0,0.5,additive,True
0.644808743169399,0.36684782608695654,0.8333333333333334,0.5094339622641509,gaussian_noise,SKAB,fold_4,123,6,3,3,0.5,avg_negative_log,10,0.9163,0.9,,692,129,1032,0.011560693641618497,True,0.0,True,10.0,0.5,additive,True
0.6420765027322405,0.36033519553072624,0.7962962962962963,0.49615384615384617,original,SKAB,fold_4,2026,6,3,3,0.5,avg_negative_log,10,0.9163,0.9,,692,129,1032,0.011560693641618497,True,0.0,True,10.0,0.5,additive,True
0.6420765027322405,0.36033519553072624,0.7962962962962963,0.49615384615384617,gaussian_noise,SKAB,fold_4,2026,6,3,3,0.5,avg_negative_log,10,0.9163,0.9,,692,129,1032,0.011560693641618497,True,0.0,True,10.0,0.5,additive,True
0.6420765027322405,0.36033519553072624,0.7962962962962963,0.49615384615384617,original,SKAB,fold_4,7,6,3,3,0.5,avg_negative_log,10,0.9163,0.9,,692,129,1032,0.011560693641618497,True,0.0,True,10.0,0.5,additive,True
0.6461748633879781,0.3678474114441417,0.8333333333333334,0.5103969754253308,gaussian_noise,SKAB,fold_4,7,6,3,3,0.5,avg_negative_log,10,0.9163,0.9,,692,129,1032,0.011560693641618497,True,0.0,True,10.0,0.5,additive,True
0.6420765027322405,0.36033519553072624,0.7962962962962963,0.49615384615384617,original,SKAB,fold_4,999,6,3,3,0.5,avg_negative_log,10,0.9163,0.9,,692,129,1032,0.011560693641618497,True,0.0,True,10.0,0.5,additive,True
0.6366120218579235,0.356353591160221,0.7962962962962963,0.49236641221374045,gaussian_noise,SKAB,fold_4,999,6,3,3,0.5,avg_negative_log,10,0.9163,0.9,,692,129,1032,0.011560693641618497,True,0.0,True,10.0,0.5,additive,True
0.521970705725699,0.32558139534883723,0.9385474860335196,0.48345323741007196,original,SKAB,fold_5,42,6,3,3,0.5,avg_negative_log,10,0.9163,0.9,,603,113,936,0.013736626601505746,True,0.0,True,10.0,0.5,additive,True
0.5059920106524634,0.3132295719844358,0.8994413407821229,0.46464646464646464,gaussian_noise,SKAB,fold_5,42,6,3,3,0.5,avg_negative_log,10,0.9163,0.9,,603,113,936,0.013736626601505746,True,0.0,True,10.0,0.5,additive,True
0.521970705725699,0.32558139534883723,0.9385474860335196,0.48345323741007196,original,SKAB,fold_5,123,6,3,3,0.5,avg_negative_log,10,0.9163,0.9,,603,113,936,0.013736626601505746,True,0.0,True,10.0,0.5,additive,True
0.5246338215712384,0.32341269841269843,0.9106145251396648,0.4773060029282577,gaussian_noise,SKAB,fold_5,123,6,3,3,0.5,avg_negative_log,10,0.9163,0.9,,603,113,936,0.013736626601505746,True,0.0,True,10.0,0.5,additive,True
0.521970705725699,0.32558139534883723,0.9385474860335196,0.48345323741007196,original,SKAB,fold_5,2026,6,3,3,0.5,avg_negative_log,10,0.9163,0.9,,603,113,936,0.013736626601505746,True,0.0,True,10.0,0.5,additive,True
0.5459387483355526,0.34423076923076923,1.0,0.5121602288984263,gaussian_noise,SKAB,fold_5,2026,6,3,3,0.5,avg_negative_log,10,0.9163,0.9,,603,113,936,0.013736626601505746,True,0.0,True,10.0,0.5,additive,True
0.521970705725699,0.32558139534883723,0.9385474860335196,0.48345323741007196,original,SKAB,fold_5,7,6,3,3,0.5,avg_negative_log,10,0.9163,0.9,,603,113,936,0.013736626601505746,True,0.0,True,10.0,0.5,additive,True
0.511318242343542,0.3156862745098039,0.8994413407821229,0.46734397677793904,gaussian_noise,SKAB,fold_5,7,6,3,3,0.5,avg_negative_log,10,0.9163,0.9,,603,113,936,0.013736626601505746,True,0.0,True,10.0,0.5,additive,True
0.521970705725699,0.32558139534883723,0.9385474860335196,0.48345323741007196,original,SKAB,fold_5,999,6,3,3,0.5,avg_negative_log,10,0.9163,0.9,,603,113,936,0.013736626601505746,True,0.0,True,10.0,0.5,additive,True
0.4673768308921438,0.2965009208103131,0.8994413407821229,0.44598337950138506,gaussian_noise,SKAB,fold_5,999,6,3,3,0.5,avg_negative_log,10,0.9163,0.9,,603,113,936,0.013736626601505746,True,0.0,True,10.0,0.5,additive,True
0.10361067503924647,0.10078740157480315,1.0,0.18311874105865522,original,SKAB,fold_1,42,7,3,3,0.5,avg_negative_log,10,0.0,0.9,,822,182,1105,0.0073861661452902325,True,0.0,True,10.0,0.5,additive,True
0.10361067503924647,0.10078740157480315,1.0,0.18311874105865522,gaussian_noise,SKAB,fold_1,42,7,3,3,0.5,avg_negative_log,10,0.0,0.9,,822,182,1105,0.0073861661452902325,True,0.0,True,10.0,0.5,additive,True
0.10361067503924647,0.10078740157480315,1.0,0.18311874105865522,original,SKAB,fold_1,123,7,3,3,0.5,avg_negative_log,10,0.0,0.9,,822,182,1105,0.0073861661452902325,True,0.0,True,10.0,0.5,additive,True
0.10361067503924647,0.10078740157480315,1.0,0.18311874105865522,gaussian_noise,SKAB,fold_1,123,7,3,3,0.5,avg_negative_log,10,0.0,0.9,,822,182,1105,0.0073861661452902325,True,0.0,True,10.0,0.5,additive,True
0.10361067503924647,0.10078740157480315,1.0,0.18311874105865522,original,SKAB,fold_1,2026,7,3,3,0.5,avg_negative_log,10,0.0,0.9,,822,182,1105,0.0073861661452902325,True,0.0,True,10.0,0.5,additive,True
0.10361067503924647,0.10078740157480315,1.0,0.18311874105865522,gaussian_noise,SKAB,fold_1,2026,7,3,3,0.5,avg_negative_log,10,0.0,0.9,,822,182,1105,0.0073861661452902325,True,0.0,True,10.0,0.5,additive,True
0.10361067503924647,0.10078740157480315,1.0,0.18311874105865522,original,SKAB,fold_1,7,7,3,3,0.5,avg_negative_log,10,0.0,0.9,,822,182,1105,0.0073861661452902325,True,0.0,True,10.0,0.5,additive,True
0.10361067503924647,0.10078740157480315,1.0,0.18311874105865522,gaussian_noise,SKAB,fold_1,7,7,3,3,0.5,avg_negative_log,10,0.0,0.9,,822,182,1105,0.0073861661452902325,True,0.0,True,10.0,0.5,additive,True
0.10361067503924647,0.10078740157480315,1.0,0.18311874105865522,original,SKAB,fold_1,999,7,3,3,0.5,avg_negative_log,10,0.0,0.9,,822,182,1105,0.0073861661452902325,True,0.0,True,10.0,0.5,additive,True
0.10361067503924647,0.10078740157480315,1.0,0.18311874105865522,gaussian_noise,SKAB,fold_1,999,7,3,3,0.5,avg_negative_log,10,0.0,0.9,,822,182,1105,0.0073861661452902325,True,0.0,True,10.0,0.5,additive,True
0.10094637223974763,0.0981012658227848,1.0,0.1786743515850144,original,SKAB,fold_2,42,7,3,3,0.5,avg_negative_log,10,0.0,0.9,,965,207,1307,0.006543015193612175,True,0.0,True,10.0,0.5,additive,True
0.10094637223974763,0.0981012658227848,1.0,0.1786743515850144,gaussian_noise,SKAB,fold_2,42,7,3,3,0.5,avg_negative_log,10,0.0,0.9,,965,207,1307,0.006543015193612175,True,0.0,True,10.0,0.5,additive,True
0.10094637223974763,0.0981012658227848,1.0,0.1786743515850144,original,SKAB,fold_2,123,7,3,3,0.5,avg_negative_log,10,0.0,0.9,,965,207,1307,0.006543015193612175,True,0.0,True,10.0,0.5,additive,True
0.10094637223974763,0.0981012658227848,1.0,0.1786743515850144,gaussian_noise,SKAB,fold_2,123,7,3,3,0.5,avg_negative_log,10,0.0,0.9,,965,207,1307,0.006543015193612175,True,0.0,True,10.0,0.5,additive,True
0.10094637223974763,0.0981012658227848,1.0,0.1786743515850144,original,SKAB,fold_2,2026,7,3,3,0.5,avg_negative_log,10,0.0,0.9,,965,207,1307,0.006543015193612175,True,0.0,True,10.0,0.5,additive,True
0.10094637223974763,0.0981012658227848,1.0,0.1786743515850144,gaussian_noise,SKAB,fold_2,2026,7,3,3,0.5,avg_negative_log,10,0.0,0.9,,965,207,1307,0.006543015193612175,True,0.0,True,10.0,0.5,additive,True
0.10094637223974763,0.0981012658227848,1.0,0.1786743515850144,original,SKAB,fold_2,7,7,3,3,0.5,avg_negative_log,10,0.0,0.9,,965,207,1307,0.006543015193612175,True,0.0,True,10.0,0.5,additive,True
0.10094637223974763,0.0981012658227848,1.0,0.1786743515850144,gaussian_noise,SKAB,fold_2,7,7,3,3,0.5,avg_negative_log,10,0.0,0.9,,965,207,1307,0.006543015193612175,True,0.0,True,10.0,0.5,additive,True
0.10094637223974763,0.0981012658227848,1.0,0.1786743515850144,original,SKAB,fold_2,999,7,3,3,0.5,avg_negative_log,10,0.0,0.9,,965,207,1307,0.006543015193612175,True,0.0,True,10.0,0.5,additive,True
0.10094637223974763,0.0981012658227848,1.0,0.1786743515850144,gaussian_noise,SKAB,fold_2,999,7,3,3,0.5,avg_negative_log,10,0.0,0.9,,965,207,1307,0.006543015193612175,True,0.0,True,10.0,0.5,additive,True
0.10410094637223975,0.10126582278481013,1.0,0.1839080459770115,original,SKAB,fold_3,42,7,3,3,0.5,avg_negative_log,10,0.0,0.9,,980,215,1313,0.006231608922638823,True,0.0,True,10.0,0.5,additive,True
0.10410094637223975,0.10126582278481013,1.0,0.1839080459770115,gaussian_noise,SKAB,fold_3,42,7,3,3,0.5,avg_negative_log,10,0.0,0.9,,980,215,1313,0.006231608922638823,True,0.0,True,10.0,0.5,additive,True
0.10410094637223975,0.10126582278481013,1.0,0.1839080459770115,original,SKAB,fold_3,123,7,3,3,0.5,avg_negative_log,10,0.0,0.9,,980,215,1313,0.006231608922638823,True,0.0,True,10.0,0.5,additive,True
0.10410094637223975,0.10126582278481013,1.0,0.1839080459770115,gaussian_noise,SKAB,fold_3,123,7,3,3,0.5,avg_negative_log,10,0.0,0.9,,980,215,1313,0.006231608922638823,True,0.0,True,10.0,0.5,additive,True
0.10410094637223975,0.10126582278481013,1.0,0.1839080459770115,original,SKAB,fold_3,2026,7,3,3,0.5,avg_negative_log,10,0.0,0.9,,980,215,1313,0.006231608922638823,True,0.0,True,10.0,0.5,additive,True
0.10410094637223975,0.10126582278481013,1.0,0.1839080459770115,gaussian_noise,SKAB,fold_3,2026,7,3,3,0.5,avg_negative_log,10,0.0,0.9,,980,215,1313,0.006231608922638823,True,0.0,True,10.0,0.5,additive,True
0.10410094637223975,0.10126582278481013,1.0,0.1839080459770115,original,SKAB,fold_3,7,7,3,3,0.5,avg_negative_log,10,0.0,0.9,,980,215,1313,0.006231608922638823,True,0.0,True,10.0,0.5,additive,True
0.10410094637223975,0.10126582278481013,1.0,0.1839080459770115,gaussian_noise,SKAB,fold_3,7,7,3,3,0.5,avg_negative_log,10,0.0,0.9,,980,215,1313,0.006231608922638823,True,0.0,True,10.0,0.5,additive,True
0.10410094637223975,0.10126582278481013,1.0,0.1839080459770115,original,SKAB,fold_3,999,7,3,3,0.5,avg_negative_log,10,0.0,0.9,,980,215,1313,0.006231608922638823,True,0.0,True,10.0,0.5,additive,True
0.10410094637223975,0.10126582278481013,1.0,0.1839080459770115,gaussian_noise,SKAB,fold_3,999,7,3,3,0.5,avg_negative_log,10,0.0,0.9,,980,215,1313,0.006231608922638823,True,0.0,True,10.0,0.5,additive,True
0.0926517571884984,0.08974358974358974,1.0,0.16470588235294117,original,SKAB,fold_4,42,7,3,3,0.5,avg_negative_log,10,0.0,0.9,,994,212,1372,0.006510762689343609,True,0.0,True,10.0,0.5,additive,True
0.0926517571884984,0.08974358974358974,1.0,0.16470588235294117,gaussian_noise,SKAB,fold_4,42,7,3,3,0.5,avg_negative_log,10,0.0,0.9,,994,212,1372,0.006510762689343609,True,0.0,True,10.0,0.5,additive,True
0.0926517571884984,0.08974358974358974,1.0,0.16470588235294117,original,SKAB,fold_4,123,7,3,3,0.5,avg_negative_log,10,0.0,0.9,,994,212,1372,0.006510762689343609,True,0.0,True,10.0,0.5,additive,True
0.0926517571884984,0.08974358974358974,1.0,0.16470588235294117,gaussian_noise,SKAB,fold_4,123,7,3,3,0.5,avg_negative_log,10,0.0,0.9,,994,212,1372,0.006510762689343609,True,0.0,True,10.0,0.5,additive,True
0.0926517571884984,0.08974358974358974,1.0,0.16470588235294117,original,SKAB,fold_4,2026,7,3,3,0.5,avg_negative_log,10,0.0,0.9,,994,212,1372,0.006510762689343609,True,0.0,True,10.0,0.5,additive,True
0.0926517571884984,0.08974358974358974,1.0,0.16470588235294117,gaussian_noise,SKAB,fold_4,2026,7,3,3,0.5,avg_negative_log,10,0.0,0.9,,994,212,1372,0.006510762689343609,True,0.0,True,10.0,0.5,additive,True
0.0926517571884984,0.08974358974358974,1.0,0.16470588235294117,original,SKAB,fold_4,7,7,3,3,0.5,avg_negative_log,10,0.0,0.9,,994,212,1372,0.006510762689343609,True,0.0,True,10.0,0.5,additive,True
0.0926517571884984,0.08974358974358974,1.0,0.16470588235294117,gaussian_noise,SKAB,fold_4,7,7,3,3,0.5,avg_negative_log,10,0.0,0.9,,994,212,1372,0.006510762689343609,True,0.0,True,10.0,0.5,additive,True
0.0926517571884984,0.08974358974358974,1.0,0.16470588235294117,original,SKAB,fold_4,999,7,3,3,0.5,avg_negative_log,10,0.0,0.9,,994,212,1372,0.006510762689343609,True,0.0,True,10.0,0.5,additive,True
0.0926517571884984,0.08974358974358974,1.0,0.16470588235294117,gaussian_noise,SKAB,fold_4,999,7,3,3,0.5,avg_negative_log,10,0.0,0.9,,994,212,1372,0.006510762689343609,True,0.0,True,10.0,0.5,additive,True
0.11214953271028037,0.109375,1.0,0.19718309859154928,original,SKAB,fold_5,42,7,3,3,0.5,avg_negative_log,10,0.0,0.9,,912,181,1312,0.007948046912862267,True,0.0,True,10.0,0.5,additive,True
0.11214953271028037,0.109375,1.0,0.19718309859154928,gaussian_noise,SKAB,fold_5,42,7,3,3,0.5,avg_negative_log,10,0.0,0.9,,912,181,1312,0.007948046912862267,True,0.0,True,10.0,0.5,additive,True
0.11214953271028037,0.109375,1.0,0.19718309859154928,original,SKAB,fold_5,123,7,3,3,0.5,avg_negative_log,10,0.0,0.9,,912,181,1312,0.007948046912862267,True,0.0,True,10.0,0.5,additive,True
0.11214953271028037,0.109375,1.0,0.19718309859154928,gaussian_noise,SKAB,fold_5,123,7,3,3,0.5,avg_negative_log,10,0.0,0.9,,912,181,1312,0.007948046912862267,True,0.0,True,10.0,0.5,additive,True
0.11214953271028037,0.109375,1.0,0.19718309859154928,original,SKAB,fold_5,2026,7,3,3,0.5,avg_negative_log,10,0.0,0.9,,912,181,1312,0.007948046912862267,True,0.0,True,10.0,0.5,additive,True
0.11214953271028037,0.109375,1.0,0.19718309859154928,gaussian_noise,SKAB,fold_5,2026,7,3,3,0.5,avg_negative_log,10,0.0,0.9,,912,181,1312,0.007948046912862267,True,0.0,True,10.0,0.5,additive,True
0.11214953271028037,0.109375,1.0,0.19718309859154928,original,SKAB,fold_5,7,7,3,3,0.5,avg_negative_log,10,0.0,0.9,,912,181,1312,0.007948046912862267,True,0.0,True,10.0,0.5,additive,True
0.11214953271028037,0.109375,1.0,0.19718309859154928,gaussian_noise,SKAB,fold_5,7,7,3,3,0.5,avg_negative_log,10,0.0,0.9,,912,181,1312,0.007948046912862267,True,0.0,True,10.0,0.5,additive,True
0.11214953271028037,0.109375,1.0,0.19718309859154928,original,SKAB,fold_5,999,7,3,3,0.5,avg_negative_log,10,0.0,0.9,,912,181,1312,0.007948046912862267,True,0.0,True,10.0,0.5,additive,True
0.11214953271028037,0.109375,1.0,0.19718309859154928,gaussian_noise,SKAB,fold_5,999,7,3,3,0.5,avg_negative_log,10,0.0,0.9,,912,181,1312,0.007948046912862267,True,0.0,True,10.0,0.5,additive,True
0.10361067503924647,0.10078740157480315,1.0,0.18311874105865522,original,SKAB,fold_1,42,7,3,3,0.5,avg_negative_log,10,0.001,0.9,,822,182,1105,0.0073861661452902325,True,0.0,True,10.0,0.5,additive,True
0.10361067503924647,0.10078740157480315,1.0,0.18311874105865522,gaussian_noise,SKAB,fold_1,42,7,3,3,0.5,avg_negative_log,10,0.001,0.9,,822,182,1105,0.0073861661452902325,True,0.0,True,10.0,0.5,additive,True
0.10361067503924647,0.10078740157480315,1.0,0.18311874105865522,original,SKAB,fold_1,123,7,3,3,0.5,avg_negative_log,10,0.001,0.9,,822,182,1105,0.0073861661452902325,True,0.0,True,10.0,0.5,additive,True
0.10361067503924647,0.10078740157480315,1.0,0.18311874105865522,gaussian_noise,SKAB,fold_1,123,7,3,3,0.5,avg_negative_log,10,0.001,0.9,,822,182,1105,0.0073861661452902325,True,0.0,True,10.0,0.5,additive,True
0.10361067503924647,0.10078740157480315,1.0,0.18311874105865522,original,SKAB,fold_1,2026,7,3,3,0.5,avg_negative_log,10,0.001,0.9,,822,182,1105,0.0073861661452902325,True,0.0,True,10.0,0.5,additive,True
0.10361067503924647,0.10078740157480315,1.0,0.18311874105865522,gaussian_noise,SKAB,fold_1,2026,7,3,3,0.5,avg_negative_log,10,0.001,0.9,,822,182,1105,0.0073861661452902325,True,0.0,True,10.0,0.5,additive,True
0.10361067503924647,0.10078740157480315,1.0,0.18311874105865522,original,SKAB,fold_1,7,7,3,3,0.5,avg_negative_log,10,0.001,0.9,,822,182,1105,0.0073861661452902325,True,0.0,True,10.0,0.5,additive,True
0.10361067503924647,0.10078740157480315,1.0,0.18311874105865522,gaussian_noise,SKAB,fold_1,7,7,3,3,0.5,avg_negative_log,10,0.001,0.9,,822,182,1105,0.0073861661452902325,True,0.0,True,10.0,0.5,additive,True
0.10361067503924647,0.10078740157480315,1.0,0.18311874105865522,original,SKAB,fold_1,999,7,3,3,0.5,avg_negative_log,10,0.001,0.9,,822,182,1105,0.0073861661452902325,True,0.0,True,10.0,0.5,additive,True
0.10361067503924647,0.10078740157480315,1.0,0.18311874105865522,gaussian_noise,SKAB,fold_1,999,7,3,3,0.5,avg_negative_log,10,0.001,0.9,,822,182,1105,0.0073861661452902325,True,0.0,True,10.0,0.5,additive,True
0.10094637223974763,0.0981012658227848,1.0,0.1786743515850144,original,SKAB,fold_2,42,7,3,3,0.5,avg_negative_log,10,0.001,0.9,,965,207,1307,0.006543015193612175,True,0.0,True,10.0,0.5,additive,True
0.10094637223974763,0.0981012658227848,1.0,0.1786743515850144,gaussian_noise,SKAB,fold_2,42,7,3,3,0.5,avg_negative_log,10,0.001,0.9,,965,207,1307,0.006543015193612175,True,0.0,True,10.0,0.5,additive,True
0.10094637223974763,0.0981012658227848,1.0,0.1786743515850144,original,SKAB,fold_2,123,7,3,3,0.5,avg_negative_log,10,0.001,0.9,,965,207,1307,0.006543015193612175,True,0.0,True,10.0,0.5,additive,True
0.10094637223974763,0.0981012658227848,1.0,0.1786743515850144,gaussian_noise,SKAB,fold_2,123,7,3,3,0.5,avg_negative_log,10,0.001,0.9,,965,207,1307,0.006543015193612175,True,0.0,True,10.0,0.5,additive,True
0.10094637223974763,0.0981012658227848,1.0,0.1786743515850144,original,SKAB,fold_2,2026,7,3,3,0.5,avg_negative_log,10,0.001,0.9,,965,207,1307,0.006543015193612175,True,0.0,True,10.0,0.5,additive,True
0.10094637223974763,0.0981012658227848,1.0,0.1786743515850144,gaussian_noise,SKAB,fold_2,2026,7,3,3,0.5,avg_negative_log,10,0.001,0.9,,965,207,1307,0.006543015193612175,True,0.0,True,10.0,0.5,additive,True
0.10094637223974763,0.0981012658227848,1.0,0.1786743515850144,original,SKAB,fold_2,7,7,3,3,0.5,avg_negative_log,10,0.001,0.9,,965,207,1307,0.006543015193612175,True,0.0,True,10.0,0.5,additive,True
0.10094637223974763,0.0981012658227848,1.0,0.1786743515850144,gaussian_noise,SKAB,fold_2,7,7,3,3,0.5,avg_negative_log,10,0.001,0.9,,965,207,1307,0.006543015193612175,True,0.0,True,10.0,0.5,additive,True
0.10094637223974763,0.0981012658227848,1.0,0.1786743515850144,original,SKAB,fold_2,999,7,3,3,0.5,avg_negative_log,10,0.001,0.9,,965,207,1307,0.006543015193612175,True,0.0,True,10.0,0.5,additive,True
0.10094637223974763,0.0981012658227848,1.0,0.1786743515850144,gaussian_noise,SKAB,fold_2,999,7,3,3,0.5,avg_negative_log,10,0.001,0.9,,965,207,1307,0.006543015193612175,True,0.0,True,10.0,0.5,additive,True
0.10410094637223975,0.10126582278481013,1.0,0.1839080459770115,original,SKAB,fold_3,42,7,3,3,0.5,avg_negative_log,10,0.001,0.9,,980,215,1313,0.006231608922638823,True,0.0,True,10.0,0.5,additive,True
0.10410094637223975,0.10126582278481013,1.0,0.1839080459770115,gaussian_noise,SKAB,fold_3,42,7,3,3,0.5,avg_negative_log,10,0.001,0.9,,980,215,1313,0.006231608922638823,True,0.0,True,10.0,0.5,additive,True
0.10410094637223975,0.10126582278481013,1.0,0.1839080459770115,original,SKAB,fold_3,123,7,3,3,0.5,avg_negative_log,10,0.001,0.9,,980,215,1313,0.006231608922638823,True,0.0,True,10.0,0.5,additive,True
0.10410094637223975,0.10126582278481013,1.0,0.1839080459770115,gaussian_noise,SKAB,fold_3,123,7,3,3,0.5,avg_negative_log,10,0.001,0.9,,980,215,1313,0.006231608922638823,True,0.0,True,10.0,0.5,additive,True
0.10410094637223975,0.10126582278481013,1.0,0.1839080459770115,original,SKAB,fold_3,2026,7,3,3,0.5,avg_negative_log,10,0.001,0.9,,980,215,1313,0.006231608922638823,True,0.0,True,10.0,0.5,additive,True
0.10410094637223975,0.10126582278481013,1.0,0.1839080459770115,gaussian_noise,SKAB,fold_3,2026,7,3,3,0.5,avg_negative_log,10,0.001,0.9,,980,215,1313,0.006231608922638823,True,0.0,True,10.0,0.5,additive,True
0.10410094637223975,0.10126582278481013,1.0,0.1839080459770115,original,SKAB,fold_3,7,7,3,3,0.5,avg_negative_log,10,0.001,0.9,,980,215,1313,0.006231608922638823,True,0.0,True,10.0,0.5,additive,True
0.10410094637223975,0.10126582278481013,1.0,0.1839080459770115,gaussian_noise,SKAB,fold_3,7,7,3,3,0.5,avg_negative_log,10,0.001,0.9,,980,215,1313,0.006231608922638823,True,0.0,True,10.0,0.5,additive,True
0.10410094637223975,0.10126582278481013,1.0,0.1839080459770115,original,SKAB,fold_3,999,7,3,3,0.5,avg_negative_log,10,0.001,0.9,,980,215,1313,0.006231608922638823,True,0.0,True,10.0,0.5,additive,True
0.10410094637223975,0.10126582278481013,1.0,0.1839080459770115,gaussian_noise,SKAB,fold_3,999,7,3,3,0.5,avg_negative_log,10,0.001,0.9,,980,215,1313,0.006231608922638823,True,0.0,True,10.0,0.5,additive,True
0.0926517571884984,0.08974358974358974,1.0,0.16470588235294117,original,SKAB,fold_4,42,7,3,3,0.5,avg_negative_log,10,0.001,0.9,,994,212,1372,0.006510762689343609,True,0.0,True,10.0,0.5,additive,True
0.0926517571884984,0.08974358974358974,1.0,0.16470588235294117,gaussian_noise,SKAB,fold_4,42,7,3,3,0.5,avg_negative_log,10,0.001,0.9,,994,212,1372,0.006510762689343609,True,0.0,True,10.0,0.5,additive,True
0.0926517571884984,0.08974358974358974,1.0,0.16470588235294117,original,SKAB,fold_4,123,7,3,3,0.5,avg_negative_log,10,0.001,0.9,,994,212,1372,0.006510762689343609,True,0.0,True,10.0,0.5,additive,True
0.0926517571884984,0.08974358974358974,1.0,0.16470588235294117,gaussian_noise,SKAB,fold_4,123,7,3,3,0.5,avg_negative_log,10,0.001,0.9,,994,212,1372,0.006510762689343609,True,0.0,True,10.0,0.5,additive,True
0.0926517571884984,0.08974358974358974,1.0,0.16470588235294117,original,SKAB,fold_4,2026,7,3,3,0.5,avg_negative_log,10,0.001,0.9,,994,212,1372,0.006510762689343609,True,0.0,True,10.0,0.5,additive,True
0.0926517571884984,0.08974358974358974,1.0,0.16470588235294117,gaussian_noise,SKAB,fold_4,2026,7,3,3,0.5,avg_negative_log,10,0.001,0.9,,994,212,1372,0.006510762689343609,True,0.0,True,10.0,0.5,additive,True
0.0926517571884984,0.08974358974358974,1.0,0.16470588235294117,original,SKAB,fold_4,7,7,3,3,0.5,avg_negative_log,10,0.001,0.9,,994,212,1372,0.006510762689343609,True,0.0,True,10.0,0.5,additive,True
0.0926517571884984,0.08974358974358974,1.0,0.16470588235294117,gaussian_noise,SKAB,fold_4,7,7,3,3,0.5,avg_negative_log,10,0.001,0.9,,994,212,1372,0.006510762689343609,True,0.0,True,10.0,0.5,additive,True
0.0926517571884984,0.08974358974358974,1.0,0.16470588235294117,original,SKAB,fold_4,999,7,3,3,0.5,avg_negative_log,10,0.001,0.9,,994,212,1372,0.006510762689343609,True,0.0,True,10.0,0.5,additive,True
0.0926517571884984,0.08974358974358974,1.0,0.16470588235294117,gaussian_noise,SKAB,fold_4,999,7,3,3,0.5,avg_negative_log,10,0.001,0.9,,994,212,1372,0.006510762689343609,True,0.0,True,10.0,0.5,additive,True
0.11214953271028037,0.109375,1.0,0.19718309859154928,original,SKAB,fold_5,42,7,3,3,0.5,avg_negative_log,10,0.001,0.9,,912,181,1312,0.007948046912862267,True,0.0,True,10.0,0.5,additive,True
0.11214953271028037,0.109375,1.0,0.19718309859154928,gaussian_noise,SKAB,fold_5,42,7,3,3,0.5,avg_negative_log,10,0.001,0.9,,912,181,1312,0.007948046912862267,True,0.0,True,10.0,0.5,additive,True
0.11214953271028037,0.109375,1.0,0.19718309859154928,original,SKAB,fold_5,123,7,3,3,0.5,avg_negative_log,10,0.001,0.9,,912,181,1312,0.007948046912862267,True,0.0,True,10.0,0.5,additive,True
0.11214953271028037,0.109375,1.0,0.19718309859154928,gaussian_noise,SKAB,fold_5,123,7,3,3,0.5,avg_negative_log,10,0.001,0.9,,912,181,1312,0.007948046912862267,True,0.0,True,10.0,0.5,additive,True
0.11214953271028037,0.109375,1.0,0.19718309859154928,original,SKAB,fold_5,2026,7,3,3,0.5,avg_negative_log,10,0.001,0.9,,912,181,1312,0.007948046912862267,True,0.0,True,10.0,0.5,additive,True
0.11214953271028037,0.109375,1.0,0.19718309859154928,gaussian_noise,SKAB,fold_5,2026,7,3,3,0.5,avg_negative_log,10,0.001,0.9,,912,181,1312,0.007948046912862267,True,0.0,True,10.0,0.5,additive,True
0.11214953271028037,0.109375,1.0,0.19718309859154928,original,SKAB,fold_5,7,7,3,3,0.5,avg_negative_log,10,0.001,0.9,,912,181,1312,0.007948046912862267,True,0.0,True,10.0,0.5,additive,True
0.11214953271028037,0.109375,1.0,0.19718309859154928,gaussian_noise,SKAB,fold_5,7,7,3,3,0.5,avg_negative_log,10,0.001,0.9,,912,181,1312,0.007948046912862267,True,0.0,True,10.0,0.5,additive,True
0.11214953271028037,0.109375,1.0,0.19718309859154928,original,SKAB,fold_5,999,7,3,3,0.5,avg_negative_log,10,0.001,0.9,,912,181,1312,0.007948046912862267,True,0.0,True,10.0,0.5,additive,True
0.11214953271028037,0.109375,1.0,0.19718309859154928,gaussian_noise,SKAB,fold_5,999,7,3,3,0.5,avg_negative_log,10,0.001,0.9,,912,181,1312,0.007948046912862267,True,0.0,True,10.0,0.5,additive,True
0.10361067503924647,0.10078740157480315,1.0,0.18311874105865522,original,SKAB,fold_1,42,7,3,3,0.5,avg_negative_log,10,0.005,0.9,,822,182,1105,0.0073861661452902325,True,0.0,True,10.0,0.5,additive,True
0.10361067503924647,0.10078740157480315,1.0,0.18311874105865522,gaussian_noise,SKAB,fold_1,42,7,3,3,0.5,avg_negative_log,10,0.005,0.9,,822,182,1105,0.0073861661452902325,True,0.0,True,10.0,0.5,additive,True
0.10361067503924647,0.10078740157480315,1.0,0.18311874105865522,original,SKAB,fold_1,123,7,3,3,0.5,avg_negative_log,10,0.005,0.9,,822,182,1105,0.0073861661452902325,True,0.0,True,10.0,0.5,additive,True
0.10361067503924647,0.10078740157480315,1.0,0.18311874105865522,gaussian_noise,SKAB,fold_1,123,7,3,3,0.5,avg_negative_log,10,0.005,0.9,,822,182,1105,0.0073861661452902325,True,0.0,True,10.0,0.5,additive,True
0.10361067503924647,0.10078740157480315,1.0,0.18311874105865522,original,SKAB,fold_1,2026,7,3,3,0.5,avg_negative_log,10,0.005,0.9,,822,182,1105,0.0073861661452902325,True,0.0,True,10.0,0.5,additive,True
0.10361067503924647,0.10078740157480315,1.0,0.18311874105865522,gaussian_noise,SKAB,fold_1,2026,7,3,3,0.5,avg_negative_log,10,0.005,0.9,,822,182,1105,0.0073861661452902325,True,0.0,True,10.0,0.5,additive,True
0.10361067503924647,0.10078740157480315,1.0,0.18311874105865522,original,SKAB,fold_1,7,7,3,3,0.5,avg_negative_log,10,0.005,0.9,,822,182,1105,0.0073861661452902325,True,0.0,True,10.0,0.5,additive,True
0.10361067503924647,0.10078740157480315,1.0,0.18311874105865522,gaussian_noise,SKAB,fold_1,7,7,3,3,0.5,avg_negative_log,10,0.005,0.9,,822,182,1105,0.0073861661452902325,True,0.0,True,10.0,0.5,additive,True
0.10361067503924647,0.10078740157480315,1.0,0.18311874105865522,original,SKAB,fold_1,999,7,3,3,0.5,avg_negative_log,10,0.005,0.9,,822,182,1105,0.0073861661452902325,True,0.0,True,10.0,0.5,additive,True
0.10361067503924647,0.10078740157480315,1.0,0.18311874105865522,gaussian_noise,SKAB,fold_1,999,7,3,3,0.5,avg_negative_log,10,0.005,0.9,,822,182,1105,0.0073861661452902325,True,0.0,True,10.0,0.5,additive,True
0.10094637223974763,0.0981012658227848,1.0,0.1786743515850144,original,SKAB,fold_2,42,7,3,3,0.5,avg_negative_log,10,0.005,0.9,,965,207,1307,0.006543015193612175,True,0.0,True,10.0,0.5,additive,True
0.10094637223974763,0.0981012658227848,1.0,0.1786743515850144,gaussian_noise,SKAB,fold_2,42,7,3,3,0.5,avg_negative_log,10,0.005,0.9,,965,207,1307,0.006543015193612175,True,0.0,True,10.0,0.5,additive,True
0.10094637223974763,0.0981012658227848,1.0,0.1786743515850144,original,SKAB,fold_2,123,7,3,3,0.5,avg_negative_log,10,0.005,0.9,,965,207,1307,0.006543015193612175,True,0.0,True,10.0,0.5,additive,True
0.10094637223974763,0.0981012658227848,1.0,0.1786743515850144,gaussian_noise,SKAB,fold_2,123,7,3,3,0.5,avg_negative_log,10,0.005,0.9,,965,207,1307,0.006543015193612175,True,0.0,True,10.0,0.5,additive,True
0.10094637223974763,0.0981012658227848,1.0,0.1786743515850144,original,SKAB,fold_2,2026,7,3,3,0.5,avg_negative_log,10,0.005,0.9,,965,207,1307,0.006543015193612175,True,0.0,True,10.0,0.5,additive,True
0.10094637223974763,0.0981012658227848,1.0,0.1786743515850144,gaussian_noise,SKAB,fold_2,2026,7,3,3,0.5,avg_negative_log,10,0.005,0.9,,965,207,1307,0.006543015193612175,True,0.0,True,10.0,0.5,additive,True
0.10094637223974763,0.0981012658227848,1.0,0.1786743515850144,original,SKAB,fold_2,7,7,3,3,0.5,avg_negative_log,10,0.005,0.9,,965,207,1307,0.006543015193612175,True,0.0,True,10.0,0.5,additive,True
0.10094637223974763,0.0981012658227848,1.0,0.1786743515850144,gaussian_noise,SKAB,fold_2,7,7,3,3,0.5,avg_negative_log,10,0.005,0.9,,965,207,1307,0.006543015193612175,True,0.0,True,10.0,0.5,additive,True
0.10094637223974763,0.0981012658227848,1.0,0.1786743515850144,original,SKAB,fold_2,999,7,3,3,0.5,avg_negative_log,10,0.005,0.9,,965,207,1307,0.006543015193612175,True,0.0,True,10.0,0.5,additive,True
0.10094637223974763,0.0981012658227848,1.0,0.1786743515850144,gaussian_noise,SKAB,fold_2,999,7,3,3,0.5,avg_negative_log,10,0.005,0.9,,965,207,1307,0.006543015193612175,True,0.0,True,10.0,0.5,additive,True
0.10410094637223975,0.10126582278481013,1.0,0.1839080459770115,original,SKAB,fold_3,42,7,3,3,0.5,avg_negative_log,10,0.005,0.9,,980,215,1313,0.006231608922638823,True,0.0,True,10.0,0.5,additive,True
0.10410094637223975,0.10126582278481013,1.0,0.1839080459770115,gaussian_noise,SKAB,fold_3,42,7,3,3,0.5,avg_negative_log,10,0.005,0.9,,980,215,1313,0.006231608922638823,True,0.0,True,10.0,0.5,additive,True
0.10410094637223975,0.10126582278481013,1.0,0.1839080459770115,original,SKAB,fold_3,123,7,3,3,0.5,avg_negative_log,10,0.005,0.9,,980,215,1313,0.006231608922638823,True,0.0,True,10.0,0.5,additive,True
0.10410094637223975,0.10126582278481013,1.0,0.1839080459770115,gaussian_noise,SKAB,fold_3,123,7,3,3,0.5,avg_negative_log,10,0.005,0.9,,980,215,1313,0.006231608922638823,True,0.0,True,10.0,0.5,additive,True
0.10410094637223975,0.10126582278481013,1.0,0.1839080459770115,original,SKAB,fold_3,2026,7,3,3,0.5,avg_negative_log,10,0.005,0.9,,980,215,1313,0.006231608922638823,True,0.0,True,10.0,0.5,additive,True
0.10410094637223975,0.10126582278481013,1.0,0.1839080459770115,gaussian_noise,SKAB,fold_3,2026,7,3,3,0.5,avg_negative_log,10,0.005,0.9,,980,215,1313,0.006231608922638823,True,0.0,True,10.0,0.5,additive,True
0.10410094637223975,0.10126582278481013,1.0,0.1839080459770115,original,SKAB,fold_3,7,7,3,3,0.5,avg_negative_log,10,0.005,0.9,,980,215,1313,0.006231608922638823,True,0.0,True,10.0,0.5,additive,True
0.10410094637223975,0.10126582278481013,1.0,0.1839080459770115,gaussian_noise,SKAB,fold_3,7,7,3,3,0.5,avg_negative_log,10,0.005,0.9,,980,215,1313,0.006231608922638823,True,0.0,True,10.0,0.5,additive,True
0.10410094637223975,0.10126582278481013,1.0,0.1839080459770115,original,SKAB,fold_3,999,7,3,3,0.5,avg_negative_log,10,0.005,0.9,,980,215,1313,0.006231608922638823,True,0.0,True,10.0,0.5,additive,True
0.10410094637223975,0.10126582278481013,1.0,0.1839080459770115,gaussian_noise,SKAB,fold_3,999,7,3,3,0.5,avg_negative_log,10,0.005,0.9,,980,215,1313,0.006231608922638823,True,0.0,True,10.0,0.5,additive,True
0.0926517571884984,0.08974358974358974,1.0,0.16470588235294117,original,SKAB,fold_4,42,7,3,3,0.5,avg_negative_log,10,0.005,0.9,,994,212,1372,0.006510762689343609,True,0.0,True,10.0,0.5,additive,True
0.0926517571884984,0.08974358974358974,1.0,0.16470588235294117,gaussian_noise,SKAB,fold_4,42,7,3,3,0.5,avg_negative_log,10,0.005,0.9,,994,212,1372,0.006510762689343609,True,0.0,True,10.0,0.5,additive,True
0.0926517571884984,0.08974358974358974,1.0,0.16470588235294117,original,SKAB,fold_4,123,7,3,3,0.5,avg_negative_log,10,0.005,0.9,,994,212,1372,0.006510762689343609,True,0.0,True,10.0,0.5,additive,True
0.0926517571884984,0.08974358974358974,1.0,0.16470588235294117,gaussian_noise,SKAB,fold_4,123,7,3,3,0.5,avg_negative_log,10,0.005,0.9,,994,212,1372,0.006510762689343609,True,0.0,True,10.0,0.5,additive,True
0.0926517571884984,0.08974358974358974,1.0,0.16470588235294117,original,SKAB,fold_4,2026,7,3,3,0.5,avg_negative_log,10,0.005,0.9,,994,212,1372,0.006510762689343609,True,0.0,True,10.0,0.5,additive,True
0.0926517571884984,0.08974358974358974,1.0,0.16470588235294117,gaussian_noise,SKAB,fold_4,2026,7,3,3,0.5,avg_negative_log,10,0.005,0.9,,994,212,1372,0.006510762689343609,True,0.0,True,10.0,0.5,additive,True
0.0926517571884984,0.08974358974358974,1.0,0.16470588235294117,original,SKAB,fold_4,7,7,3,3,0.5,avg_negative_log,10,0.005,0.9,,994,212,1372,0.006510762689343609,True,0.0,True,10.0,0.5,additive,True
0.0926517571884984,0.08974358974358974,1.0,0.16470588235294117,gaussian_noise,SKAB,fold_4,7,7,3,3,0.5,avg_negative_log,10,0.005,0.9,,994,212,1372,0.006510762689343609,True,0.0,True,10.0,0.5,additive,True
0.0926517571884984,0.08974358974358974,1.0,0.16470588235294117,original,SKAB,fold_4,999,7,3,3,0.5,avg_negative_log,10,0.005,0.9,,994,212,1372,0.006510762689343609,True,0.0,True,10.0,0.5,additive,True
0.0926517571884984,0.08974358974358974,1.0,0.16470588235294117,gaussian_noise,SKAB,fold_4,999,7,3,3,0.5,avg_negative_log,10,0.005,0.9,,994,212,1372,0.006510762689343609,True,0.0,True,10.0,0.5,additive,True
0.11214953271028037,0.109375,1.0,0.19718309859154928,original,SKAB,fold_5,42,7,3,3,0.5,avg_negative_log,10,0.005,0.9,,912,181,1312,0.007948046912862267,True,0.0,True,10.0,0.5,additive,True
0.11214953271028037,0.109375,1.0,0.19718309859154928,gaussian_noise,SKAB,fold_5,42,7,3,3,0.5,avg_negative_log,10,0.005,0.9,,912,181,1312,0.007948046912862267,True,0.0,True,10.0,0.5,additive,True
0.11214953271028037,0.109375,1.0,0.19718309859154928,original,SKAB,fold_5,123,7,3,3,0.5,avg_negative_log,10,0.005,0.9,,912,181,1312,0.007948046912862267,True,0.0,True,10.0,0.5,additive,True
0.11214953271028037,0.109375,1.0,0.19718309859154928,gaussian_noise,SKAB,fold_5,123,7,3,3,0.5,avg_negative_log,10,0.005,0.9,,912,181,1312,0.007948046912862267,True,0.0,True,10.0,0.5,additive,True
0.11214953271028037,0.109375,1.0,0.19718309859154928,original,SKAB,fold_5,2026,7,3,3,0.5,avg_negative_log,10,0.005,0.9,,912,181,1312,0.007948046912862267,True,0.0,True,10.0,0.5,additive,True
0.11214953271028037,0.109375,1.0,0.19718309859154928,gaussian_noise,SKAB,fold_5,2026,7,3,3,0.5,avg_negative_log,10,0.005,0.9,,912,181,1312,0.007948046912862267,True,0.0,True,10.0,0.5,additive,True
0.11214953271028037,0.109375,1.0,0.19718309859154928,original,SKAB,fold_5,7,7,3,3,0.5,avg_negative_log,10,0.005,0.9,,912,181,1312,0.007948046912862267,True,0.0,True,10.0,0.5,additive,True
0.11214953271028037,0.109375,1.0,0.19718309859154928,gaussian_noise,SKAB,fold_5,7,7,3,3,0.5,avg_negative_log,10,0.005,0.9,,912,181,1312,0.007948046912862267,True,0.0,True,10.0,0.5,additive,True
0.11214953271028037,0.109375,1.0,0.19718309859154928,original,SKAB,fold_5,999,7,3,3,0.5,avg_negative_log,10,0.005,0.9,,912,181,1312,0.007948046912862267,True,0.0,True,10.0,0.5,additive,True
0.11214953271028037,0.109375,1.0,0.19718309859154928,gaussian_noise,SKAB,fold_5,999,7,3,3,0.5,avg_negative_log,10,0.005,0.9,,912,181,1312,0.007948046912862267,True,0.0,True,10.0,0.5,additive,True
0.10361067503924647,0.10078740157480315,1.0,0.18311874105865522,original,SKAB,fold_1,42,7,3,3,0.5,avg_negative_log,10,0.01,0.9,,822,182,1105,0.0073861661452902325,True,0.0,True,10.0,0.5,additive,True
0.10361067503924647,0.10078740157480315,1.0,0.18311874105865522,gaussian_noise,SKAB,fold_1,42,7,3,3,0.5,avg_negative_log,10,0.01,0.9,,822,182,1105,0.0073861661452902325,True,0.0,True,10.0,0.5,additive,True
0.10361067503924647,0.10078740157480315,1.0,0.18311874105865522,original,SKAB,fold_1,123,7,3,3,0.5,avg_negative_log,10,0.01,0.9,,822,182,1105,0.0073861661452902325,True,0.0,True,10.0,0.5,additive,True
0.10361067503924647,0.10078740157480315,1.0,0.18311874105865522,gaussian_noise,SKAB,fold_1,123,7,3,3,0.5,avg_negative_log,10,0.01,0.9,,822,182,1105,0.0073861661452902325,True,0.0,True,10.0,0.5,additive,True
0.10361067503924647,0.10078740157480315,1.0,0.18311874105865522,original,SKAB,fold_1,2026,7,3,3,0.5,avg_negative_log,10,0.01,0.9,,822,182,1105,0.0073861661452902325,True,0.0,True,10.0,0.5,additive,True
0.10361067503924647,0.10078740157480315,1.0,0.18311874105865522,gaussian_noise,SKAB,fold_1,2026,7,3,3,0.5,avg_negative_log,10,0.01,0.9,,822,182,1105,0.0073861661452902325,True,0.0,True,10.0,0.5,additive,True
0.10361067503924647,0.10078740157480315,1.0,0.18311874105865522,original,SKAB,fold_1,7,7,3,3,0.5,avg_negative_log,10,0.01,0.9,,822,182,1105,0.0073861661452902325,True,0.0,True,10.0,0.5,additive,True
0.10361067503924647,0.10078740157480315,1.0,0.18311874105865522,gaussian_noise,SKAB,fold_1,7,7,3,3,0.5,avg_negative_log,10,0.01,0.9,,822,182,1105,0.0073861661452902325,True,0.0,True,10.0,0.5,additive,True
0.10361067503924647,0.10078740157480315,1.0,0.18311874105865522,original,SKAB,fold_1,999,7,3,3,0.5,avg_negative_log,10,0.01,0.9,,822,182,1105,0.0073861661452902325,True,0.0,True,10.0,0.5,additive,True
0.10361067503924647,0.10078740157480315,1.0,0.18311874105865522,gaussian_noise,SKAB,fold_1,999,7,3,3,0.5,avg_negative_log,10,0.01,0.9,,822,182,1105,0.0073861661452902325,True,0.0,True,10.0,0.5,additive,True
0.10094637223974763,0.0981012658227848,1.0,0.1786743515850144,original,SKAB,fold_2,42,7,3,3,0.5,avg_negative_log,10,0.01,0.9,,965,207,1307,0.006543015193612175,True,0.0,True,10.0,0.5,additive,True
0.10094637223974763,0.0981012658227848,1.0,0.1786743515850144,gaussian_noise,SKAB,fold_2,42,7,3,3,0.5,avg_negative_log,10,0.01,0.9,,965,207,1307,0.006543015193612175,True,0.0,True,10.0,0.5,additive,True
0.10094637223974763,0.0981012658227848,1.0,0.1786743515850144,original,SKAB,fold_2,123,7,3,3,0.5,avg_negative_log,10,0.01,0.9,,965,207,1307,0.006543015193612175,True,0.0,True,10.0,0.5,additive,True
0.10094637223974763,0.0981012658227848,1.0,0.1786743515850144,gaussian_noise,SKAB,fold_2,123,7,3,3,0.5,avg_negative_log,10,0.01,0.9,,965,207,1307,0.006543015193612175,True,0.0,True,10.0,0.5,additive,True
0.10094637223974763,0.0981012658227848,1.0,0.1786743515850144,original,SKAB,fold_2,2026,7,3,3,0.5,avg_negative_log,10,0.01,0.9,,965,207,1307,0.006543015193612175,True,0.0,True,10.0,0.5,additive,True
0.10094637223974763,0.0981012658227848,1.0,0.1786743515850144,gaussian_noise,SKAB,fold_2,2026,7,3,3,0.5,avg_negative_log,10,0.01,0.9,,965,207,1307,0.006543015193612175,True,0.0,True,10.0,0.5,additive,True
0.10094637223974763,0.0981012658227848,1.0,0.1786743515850144,original,SKAB,fold_2,7,7,3,3,0.5,avg_negative_log,10,0.01,0.9,,965,207,1307,0.006543015193612175,True,0.0,True,10.0,0.5,additive,True
0.10094637223974763,0.0981012658227848,1.0,0.1786743515850144,gaussian_noise,SKAB,fold_2,7,7,3,3,0.5,avg_negative_log,10,0.01,0.9,,965,207,1307,0.006543015193612175,True,0.0,True,10.0,0.5,additive,True
0.10094637223974763,0.0981012658227848,1.0,0.1786743515850144,original,SKAB,fold_2,999,7,3,3,0.5,avg_negative_log,10,0.01,0.9,,965,207,1307,0.006543015193612175,True,0.0,True,10.0,0.5,additive,True
0.10094637223974763,0.0981012658227848,1.0,0.1786743515850144,gaussian_noise,SKAB,fold_2,999,7,3,3,0.5,avg_negative_log,10,0.01,0.9,,965,207,1307,0.006543015193612175,True,0.0,True,10.0,0.5,additive,True
0.10410094637223975,0.10126582278481013,1.0,0.1839080459770115,original,SKAB,fold_3,42,7,3,3,0.5,avg_negative_log,10,0.01,0.9,,980,215,1313,0.006231608922638823,True,0.0,True,10.0,0.5,additive,True
0.10410094637223975,0.10126582278481013,1.0,0.1839080459770115,gaussian_noise,SKAB,fold_3,42,7,3,3,0.5,avg_negative_log,10,0.01,0.9,,980,215,1313,0.006231608922638823,True,0.0,True,10.0,0.5,additive,True
0.10410094637223975,0.10126582278481013,1.0,0.1839080459770115,original,SKAB,fold_3,123,7,3,3,0.5,avg_negative_log,10,0.01,0.9,,980,215,1313,0.006231608922638823,True,0.0,True,10.0,0.5,additive,True
0.10410094637223975,0.10126582278481013,1.0,0.1839080459770115,gaussian_noise,SKAB,fold_3,123,7,3,3,0.5,avg_negative_log,10,0.01,0.9,,980,215,1313,0.006231608922638823,True,0.0,True,10.0,0.5,additive,True
0.10410094637223975,0.10126582278481013,1.0,0.1839080459770115,original,SKAB,fold_3,2026,7,3,3,0.5,avg_negative_log,10,0.01,0.9,,980,215,1313,0.006231608922638823,True,0.0,True,10.0,0.5,additive,True
0.10410094637223975,0.10126582278481013,1.0,0.1839080459770115,gaussian_noise,SKAB,fold_3,2026,7,3,3,0.5,avg_negative_log,10,0.01,0.9,,980,215,1313,0.006231608922638823,True,0.0,True,10.0,0.5,additive,True
0.10410094637223975,0.10126582278481013,1.0,0.1839080459770115,original,SKAB,fold_3,7,7,3,3,0.5,avg_negative_log,10,0.01,0.9,,980,215,1313,0.006231608922638823,True,0.0,True,10.0,0.5,additive,True
0.10410094637223975,0.10126582278481013,1.0,0.1839080459770115,gaussian_noise,SKAB,fold_3,7,7,3,3,0.5,avg_negative_log,10,0.01,0.9,,980,215,1313,0.006231608922638823,True,0.0,True,10.0,0.5,additive,True
0.10410094637223975,0.10126582278481013,1.0,0.1839080459770115,original,SKAB,fold_3,999,7,3,3,0.5,avg_negative_log,10,0.01,0.9,,980,215,1313,0.006231608922638823,True,0.0,True,10.0,0.5,additive,True
0.10410094637223975,0.10126582278481013,1.0,0.1839080459770115,gaussian_noise,SKAB,fold_3,999,7,3,3,0.5,avg_negative_log,10,0.01,0.9,,980,215,1313,0.006231608922638823,True,0.0,True,10.0,0.5,additive,True
0.0926517571884984,0.08974358974358974,1.0,0.16470588235294117,original,SKAB,fold_4,42,7,3,3,0.5,avg_negative_log,10,0.01,0.9,,994,212,1372,0.006510762689343609,True,0.0,True,10.0,0.5,additive,True
0.0926517571884984,0.08974358974358974,1.0,0.16470588235294117,gaussian_noise,SKAB,fold_4,42,7,3,3,0.5,avg_negative_log,10,0.01,0.9,,994,212,1372,0.006510762689343609,True,0.0,True,10.0,0.5,additive,True
0.0926517571884984,0.08974358974358974,1.0,0.16470588235294117,original,SKAB,fold_4,123,7,3,3,0.5,avg_negative_log,10,0.01,0.9,,994,212,1372,0.006510762689343609,True,0.0,True,10.0,0.5,additive,True
0.0926517571884984,0.08974358974358974,1.0,0.16470588235294117,gaussian_noise,SKAB,fold_4,123,7,3,3,0.5,avg_negative_log,10,0.01,0.9,,994,212,1372,0.006510762689343609,True,0.0,True,10.0,0.5,additive,True
0.0926517571884984,0.08974358974358974,1.0,0.16470588235294117,original,SKAB,fold_4,2026,7,3,3,0.5,avg_negative_log,10,0.01,0.9,,994,212,1372,0.006510762689343609,True,0.0,True,10.0,0.5,additive,True
0.0926517571884984,0.08974358974358974,1.0,0.16470588235294117,gaussian_noise,SKAB,fold_4,2026,7,3,3,0.5,avg_negative_log,10,0.01,0.9,,994,212,1372,0.006510762689343609,True,0.0,True,10.0,0.5,additive,True
0.0926517571884984,0.08974358974358974,1.0,0.16470588235294117,original,SKAB,fold_4,7,7,3,3,0.5,avg_negative_log,10,0.01,0.9,,994,212,1372,0.006510762689343609,True,0.0,True,10.0,0.5,additive,True
0.0926517571884984,0.08974358974358974,1.0,0.16470588235294117,gaussian_noise,SKAB,fold_4,7,7,3,3,0.5,avg_negative_log,10,0.01,0.9,,994,212,1372,0.006510762689343609,True,0.0,True,10.0,0.5,additive,True
0.0926517571884984,0.08974358974358974,1.0,0.16470588235294117,original,SKAB,fold_4,999,7,3,3,0.5,avg_negative_log,10,0.01,0.9,,994,212,1372,0.006510762689343609,True,0.0,True,10.0,0.5,additive,True
0.0926517571884984,0.08974358974358974,1.0,0.16470588235294117,gaussian_noise,SKAB,fold_4,999,7,3,3,0.5,avg_negative_log,10,0.01,0.9,,994,212,1372,0.006510762689343609,True,0.0,True,10.0,0.5,additive,True
0.11214953271028037,0.109375,1.0,0.19718309859154928,original,SKAB,fold_5,42,7,3,3,0.5,avg_negative_log,10,0.01,0.9,,912,181,1312,0.007948046912862267,True,0.0,True,10.0,0.5,additive,True
0.11214953271028037,0.109375,1.0,0.19718309859154928,gaussian_noise,SKAB,fold_5,42,7,3,3,0.5,avg_negative_log,10,0.01,0.9,,912,181,1312,0.007948046912862267,True,0.0,True,10.0,0.5,additive,True
0.11214953271028037,0.109375,1.0,0.19718309859154928,original,SKAB,fold_5,123,7,3,3,0.5,avg_negative_log,10,0.01,0.9,,912,181,1312,0.007948046912862267,True,0.0,True,10.0,0.5,additive,True
0.11214953271028037,0.109375,1.0,0.19718309859154928,gaussian_noise,SKAB,fold_5,123,7,3,3,0.5,avg_negative_log,10,0.01,0.9,,912,181,1312,0.007948046912862267,True,0.0,True,10.0,0.5,additive,True
0.11214953271028037,0.109375,1.0,0.19718309859154928,original,SKAB,fold_5,2026,7,3,3,0.5,avg_negative_log,10,0.01,0.9,,912,181,1312,0.007948046912862267,True,0.0,True,10.0,0.5,additive,True
0.11214953271028037,0.109375,1.0,0.19718309859154928,gaussian_noise,SKAB,fold_5,2026,7,3,3,0.5,avg_negative_log,10,0.01,0.9,,912,181,1312,0.007948046912862267,True,0.0,True,10.0,0.5,additive,True
0.11214953271028037,0.109375,1.0,0.19718309859154928,original,SKAB,fold_5,7,7,3,3,0.5,avg_negative_log,10,0.01,0.9,,912,181,1312,0.007948046912862267,True,0.0,True,10.0,0.5,additive,True
0.11214953271028037,0.109375,1.0,0.19718309859154928,gaussian_noise,SKAB,fold_5,7,7,3,3,0.5,avg_negative_log,10,0.01,0.9,,912,181,1312,0.007948046912862267,True,0.0,True,10.0,0.5,additive,True
0.11214953271028037,0.109375,1.0,0.19718309859154928,original,SKAB,fold_5,999,7,3,3,0.5,avg_negative_log,10,0.01,0.9,,912,181,1312,0.007948046912862267,True,0.0,True,10.0,0.5,additive,True
0.11214953271028037,0.109375,1.0,0.19718309859154928,gaussian_noise,SKAB,fold_5,999,7,3,3,0.5,avg_negative_log,10,0.01,0.9,,912,181,1312,0.007948046912862267,True,0.0,True,10.0,0.5,additive,True
0.10361067503924647,0.10078740157480315,1.0,0.18311874105865522,original,SKAB,fold_1,42,7,3,3,0.5,avg_negative_log,10,0.05,0.9,,822,182,1105,0.0073861661452902325,True,0.0,True,10.0,0.5,additive,True
0.10361067503924647,0.10078740157480315,1.0,0.18311874105865522,gaussian_noise,SKAB,fold_1,42,7,3,3,0.5,avg_negative_log,10,0.05,0.9,,822,182,1105,0.0073861661452902325,True,0.0,True,10.0,0.5,additive,True
0.10361067503924647,0.10078740157480315,1.0,0.18311874105865522,original,SKAB,fold_1,123,7,3,3,0.5,avg_negative_log,10,0.05,0.9,,822,182,1105,0.0073861661452902325,True,0.0,True,10.0,0.5,additive,True
0.10361067503924647,0.10078740157480315,1.0,0.18311874105865522,gaussian_noise,SKAB,fold_1,123,7,3,3,0.5,avg_negative_log,10,0.05,0.9,,822,182,1105,0.0073861661452902325,True,0.0,True,10.0,0.5,additive,True
0.10361067503924647,0.10078740157480315,1.0,0.18311874105865522,original,SKAB,fold_1,2026,7,3,3,0.5,avg_negative_log,10,0.05,0.9,,822,182,1105,0.0073861661452902325,True,0.0,True,10.0,0.5,additive,True
0.10361067503924647,0.10078740157480315,1.0,0.18311874105865522,gaussian_noise,SKAB,fold_1,2026,7,3,3,0.5,avg_negative_log,10,0.05,0.9,,822,182,1105,0.0073861661452902325,True,0.0,True,10.0,0.5,additive,True
0.10361067503924647,0.10078740157480315,1.0,0.18311874105865522,original,SKAB,fold_1,7,7,3,3,0.5,avg_negative_log,10,0.05,0.9,,822,182,1105,0.0073861661452902325,True,0.0,True,10.0,0.5,additive,True
0.10361067503924647,0.10078740157480315,1.0,0.18311874105865522,gaussian_noise,SKAB,fold_1,7,7,3,3,0.5,avg_negative_log,10,0.05,0.9,,822,182,1105,0.0073861661452902325,True,0.0,True,10.0,0.5,additive,True
0.10361067503924647,0.10078740157480315,1.0,0.18311874105865522,original,SKAB,fold_1,999,7,3,3,0.5,avg_negative_log,10,0.05,0.9,,822,182,1105,0.0073861661452902325,True,0.0,True,10.0,0.5,additive,True
0.10361067503924647,0.10078740157480315,1.0,0.18311874105865522,gaussian_noise,SKAB,fold_1,999,7,3,3,0.5,avg_negative_log,10,0.05,0.9,,822,182,1105,0.0073861661452902325,True,0.0,True,10.0,0.5,additive,True
0.10094637223974763,0.0981012658227848,1.0,0.1786743515850144,original,SKAB,fold_2,42,7,3,3,0.5,avg_negative_log,10,0.05,0.9,,965,207,1307,0.006543015193612175,True,0.0,True,10.0,0.5,additive,True
0.10094637223974763,0.0981012658227848,1.0,0.1786743515850144,gaussian_noise,SKAB,fold_2,42,7,3,3,0.5,avg_negative_log,10,0.05,0.9,,965,207,1307,0.006543015193612175,True,0.0,True,10.0,0.5,additive,True
0.10094637223974763,0.0981012658227848,1.0,0.1786743515850144,original,SKAB,fold_2,123,7,3,3,0.5,avg_negative_log,10,0.05,0.9,,965,207,1307,0.006543015193612175,True,0.0,True,10.0,0.5,additive,True
0.10094637223974763,0.0981012658227848,1.0,0.1786743515850144,gaussian_noise,SKAB,fold_2,123,7,3,3,0.5,avg_negative_log,10,0.05,0.9,,965,207,1307,0.006543015193612175,True,0.0,True,10.0,0.5,additive,True
0.10094637223974763,0.0981012658227848,1.0,0.1786743515850144,original,SKAB,fold_2,2026,7,3,3,0.5,avg_negative_log,10,0.05,0.9,,965,207,1307,0.006543015193612175,True,0.0,True,10.0,0.5,additive,True
0.10094637223974763,0.0981012658227848,1.0,0.1786743515850144,gaussian_noise,SKAB,fold_2,2026,7,3,3,0.5,avg_negative_log,10,0.05,0.9,,965,207,1307,0.006543015193612175,True,0.0,True,10.0,0.5,additive,True
0.10094637223974763,0.0981012658227848,1.0,0.1786743515850144,original,SKAB,fold_2,7,7,3,3,0.5,avg_negative_log,10,0.05,0.9,,965,207,1307,0.006543015193612175,True,0.0,True,10.0,0.5,additive,True
0.10094637223974763,0.0981012658227848,1.0,0.1786743515850144,gaussian_noise,SKAB,fold_2,7,7,3,3,0.5,avg_negative_log,10,0.05,0.9,,965,207,1307,0.006543015193612175,True,0.0,True,10.0,0.5,additive,True
0.10094637223974763,0.0981012658227848,1.0,0.1786743515850144,original,SKAB,fold_2,999,7,3,3,0.5,avg_negative_log,10,0.05,0.9,,965,207,1307,0.006543015193612175,True,0.0,True,10.0,0.5,additive,True
0.10094637223974763,0.0981012658227848,1.0,0.1786743515850144,gaussian_noise,SKAB,fold_2,999,7,3,3,0.5,avg_negative_log,10,0.05,0.9,,965,207,1307,0.006543015193612175,True,0.0,True,10.0,0.5,additive,True
0.10410094637223975,0.10126582278481013,1.0,0.1839080459770115,original,SKAB,fold_3,42,7,3,3,0.5,avg_negative_log,10,0.05,0.9,,980,215,1313,0.006231608922638823,True,0.0,True,10.0,0.5,additive,True
0.10410094637223975,0.10126582278481013,1.0,0.1839080459770115,gaussian_noise,SKAB,fold_3,42,7,3,3,0.5,avg_negative_log,10,0.05,0.9,,980,215,1313,0.006231608922638823,True,0.0,True,10.0,0.5,additive,True
0.10410094637223975,0.10126582278481013,1.0,0.1839080459770115,original,SKAB,fold_3,123,7,3,3,0.5,avg_negative_log,10,0.05,0.9,,980,215,1313,0.006231608922638823,True,0.0,True,10.0,0.5,additive,True
0.10410094637223975,0.10126582278481013,1.0,0.1839080459770115,gaussian_noise,SKAB,fold_3,123,7,3,3,0.5,avg_negative_log,10,0.05,0.9,,980,215,1313,0.006231608922638823,True,0.0,True,10.0,0.5,additive,True
0.10410094637223975,0.10126582278481013,1.0,0.1839080459770115,original,SKAB,fold_3,2026,7,3,3,0.5,avg_negative_log,10,0.05,0.9,,980,215,1313,0.006231608922638823,True,0.0,True,10.0,0.5,additive,True
0.10410094637223975,0.10126582278481013,1.0,0.1839080459770115,gaussian_noise,SKAB,fold_3,2026,7,3,3,0.5,avg_negative_log,10,0.05,0.9,,980,215,1313,0.006231608922638823,True,0.0,True,10.0,0.5,additive,True
0.10410094637223975,0.10126582278481013,1.0,0.1839080459770115,original,SKAB,fold_3,7,7,3,3,0.5,avg_negative_log,10,0.05,0.9,,980,215,1313,0.006231608922638823,True,0.0,True,10.0,0.5,additive,True
0.10410094637223975,0.10126582278481013,1.0,0.1839080459770115,gaussian_noise,SKAB,fold_3,7,7,3,3,0.5,avg_negative_log,10,0.05,0.9,,980,215,1313,0.006231608922638823,True,0.0,True,10.0,0.5,additive,True
0.10410094637223975,0.10126582278481013,1.0,0.1839080459770115,original,SKAB,fold_3,999,7,3,3,0.5,avg_negative_log,10,0.05,0.9,,980,215,1313,0.006231608922638823,True,0.0,True,10.0,0.5,additive,True
0.10410094637223975,0.10126582278481013,1.0,0.1839080459770115,gaussian_noise,SKAB,fold_3,999,7,3,3,0.5,avg_negative_log,10,0.05,0.9,,980,215,1313,0.006231608922638823,True,0.0,True,10.0,0.5,additive,True
0.0926517571884984,0.08974358974358974,1.0,0.16470588235294117,original,SKAB,fold_4,42,7,3,3,0.5,avg_negative_log,10,0.05,0.9,,994,212,1372,0.006510762689343609,True,0.0,True,10.0,0.5,additive,True
0.0926517571884984,0.08974358974358974,1.0,0.16470588235294117,gaussian_noise,SKAB,fold_4,42,7,3,3,0.5,avg_negative_log,10,0.05,0.9,,994,212,1372,0.006510762689343609,True,0.0,True,10.0,0.5,additive,True
0.0926517571884984,0.08974358974358974,1.0,0.16470588235294117,original,SKAB,fold_4,123,7,3,3,0.5,avg_negative_log,10,0.05,0.9,,994,212,1372,0.006510762689343609,True,0.0,True,10.0,0.5,additive,True
0.0926517571884984,0.08974358974358974,1.0,0.16470588235294117,gaussian_noise,SKAB,fold_4,123,7,3,3,0.5,avg_negative_log,10,0.05,0.9,,994,212,1372,0.006510762689343609,True,0.0,True,10.0,0.5,additive,True
0.0926517571884984,0.08974358974358974,1.0,0.16470588235294117,original,SKAB,fold_4,2026,7,3,3,0.5,avg_negative_log,10,0.05,0.9,,994,212,1372,0.006510762689343609,True,0.0,True,10.0,0.5,additive,True
0.0926517571884984,0.08974358974358974,1.0,0.16470588235294117,gaussian_noise,SKAB,fold_4,2026,7,3,3,0.5,avg_negative_log,10,0.05,0.9,,994,212,1372,0.006510762689343609,True,0.0,True,10.0,0.5,additive,True
0.0926517571884984,0.08974358974358974,1.0,0.16470588235294117,original,SKAB,fold_4,7,7,3,3,0.5,avg_negative_log,10,0.05,0.9,,994,212,1372,0.006510762689343609,True,0.0,True,10.0,0.5,additive,True
0.0926517571884984,0.08974358974358974,1.0,0.16470588235294117,gaussian_noise,SKAB,fold_4,7,7,3,3,0.5,avg_negative_log,10,0.05,0.9,,994,212,1372,0.006510762689343609,True,0.0,True,10.0,0.5,additive,True
0.0926517571884984,0.08974358974358974,1.0,0.16470588235294117,original,SKAB,fold_4,999,7,3,3,0.5,avg_negative_log,10,0.05,0.9,,994,212,1372,0.006510762689343609,True,0.0,True,10.0,0.5,additive,True
0.0926517571884984,0.08974358974358974,1.0,0.16470588235294117,gaussian_noise,SKAB,fold_4,999,7,3,3,0.5,avg_negative_log,10,0.05,0.9,,994,212,1372,0.006510762689343609,True,0.0,True,10.0,0.5,additive,True
0.11214953271028037,0.109375,1.0,0.19718309859154928,original,SKAB,fold_5,42,7,3,3,0.5,avg_negative_log,10,0.05,0.9,,912,181,1312,0.007948046912862267,True,0.0,True,10.0,0.5,additive,True
0.11214953271028037,0.109375,1.0,0.19718309859154928,gaussian_noise,SKAB,fold_5,42,7,3,3,0.5,avg_negative_log,10,0.05,0.9,,912,181,1312,0.007948046912862267,True,0.0,True,10.0,0.5,additive,True
0.11214953271028037,0.109375,1.0,0.19718309859154928,original,SKAB,fold_5,123,7,3,3,0.5,avg_negative_log,10,0.05,0.9,,912,181,1312,0.007948046912862267,True,0.0,True,10.0,0.5,additive,True
0.11214953271028037,0.109375,1.0,0.19718309859154928,gaussian_noise,SKAB,fold_5,123,7,3,3,0.5,avg_negative_log,10,0.05,0.9,,912,181,1312,0.007948046912862267,True,0.0,True,10.0,0.5,additive,True
0.11214953271028037,0.109375,1.0,0.19718309859154928,original,SKAB,fold_5,2026,7,3,3,0.5,avg_negative_log,10,0.05,0.9,,912,181,1312,0.007948046912862267,True,0.0,True,10.0,0.5,additive,True
0.11214953271028037,0.109375,1.0,0.19718309859154928,gaussian_noise,SKAB,fold_5,2026,7,3,3,0.5,avg_negative_log,10,0.05,0.9,,912,181,1312,0.007948046912862267,True,0.0,True,10.0,0.5,additive,True
0.11214953271028037,0.109375,1.0,0.19718309859154928,original,SKAB,fold_5,7,7,3,3,0.5,avg_negative_log,10,0.05,0.9,,912,181,1312,0.007948046912862267,True,0.0,True,10.0,0.5,additive,True
0.11214953271028037,0.109375,1.0,0.19718309859154928,gaussian_noise,SKAB,fold_5,7,7,3,3,0.5,avg_negative_log,10,0.05,0.9,,912,181,1312,0.007948046912862267,True,0.0,True,10.0,0.5,additive,True
0.11214953271028037,0.109375,1.0,0.19718309859154928,original,SKAB,fold_5,999,7,3,3,0.5,avg_negative_log,10,0.05,0.9,,912,181,1312,0.007948046912862267,True,0.0,True,10.0,0.5,additive,True
0.11214953271028037,0.109375,1.0,0.19718309859154928,gaussian_noise,SKAB,fold_5,999,7,3,3,0.5,avg_negative_log,10,0.05,0.9,,912,181,1312,0.007948046912862267,True,0.0,True,10.0,0.5,additive,True
0.10361067503924647,0.10078740157480315,1.0,0.18311874105865522,original,SKAB,fold_1,42,7,3,3,0.5,avg_negative_log,10,0.1054,0.9,,822,182,1105,0.0073861661452902325,True,0.0,True,10.0,0.5,additive,True
0.10361067503924647,0.10078740157480315,1.0,0.18311874105865522,gaussian_noise,SKAB,fold_1,42,7,3,3,0.5,avg_negative_log,10,0.1054,0.9,,822,182,1105,0.0073861661452902325,True,0.0,True,10.0,0.5,additive,True
0.10361067503924647,0.10078740157480315,1.0,0.18311874105865522,original,SKAB,fold_1,123,7,3,3,0.5,avg_negative_log,10,0.1054,0.9,,822,182,1105,0.0073861661452902325,True,0.0,True,10.0,0.5,additive,True
0.10361067503924647,0.10078740157480315,1.0,0.18311874105865522,gaussian_noise,SKAB,fold_1,123,7,3,3,0.5,avg_negative_log,10,0.1054,0.9,,822,182,1105,0.0073861661452902325,True,0.0,True,10.0,0.5,additive,True
0.10361067503924647,0.10078740157480315,1.0,0.18311874105865522,original,SKAB,fold_1,2026,7,3,3,0.5,avg_negative_log,10,0.1054,0.9,,822,182,1105,0.0073861661452902325,True,0.0,True,10.0,0.5,additive,True
0.10361067503924647,0.10078740157480315,1.0,0.18311874105865522,gaussian_noise,SKAB,fold_1,2026,7,3,3,0.5,avg_negative_log,10,0.1054,0.9,,822,182,1105,0.0073861661452902325,True,0.0,True,10.0,0.5,additive,True
0.10361067503924647,0.10078740157480315,1.0,0.18311874105865522,original,SKAB,fold_1,7,7,3,3,0.5,avg_negative_log,10,0.1054,0.9,,822,182,1105,0.0073861661452902325,True,0.0,True,10.0,0.5,additive,True
0.10361067503924647,0.10078740157480315,1.0,0.18311874105865522,gaussian_noise,SKAB,fold_1,7,7,3,3,0.5,avg_negative_log,10,0.1054,0.9,,822,182,1105,0.0073861661452902325,True,0.0,True,10.0,0.5,additive,True
0.10361067503924647,0.10078740157480315,1.0,0.18311874105865522,original,SKAB,fold_1,999,7,3,3,0.5,avg_negative_log,10,0.1054,0.9,,822,182,1105,0.0073861661452902325,True,0.0,True,10.0,0.5,additive,True
0.10361067503924647,0.10078740157480315,1.0,0.18311874105865522,gaussian_noise,SKAB,fold_1,999,7,3,3,0.5,avg_negative_log,10,0.1054,0.9,,822,182,1105,0.0073861661452902325,True,0.0,True,10.0,0.5,additive,True
0.10094637223974763,0.0981012658227848,1.0,0.1786743515850144,original,SKAB,fold_2,42,7,3,3,0.5,avg_negative_log,10,0.1054,0.9,,965,207,1307,0.006543015193612175,True,0.0,True,10.0,0.5,additive,True
0.10094637223974763,0.0981012658227848,1.0,0.1786743515850144,gaussian_noise,SKAB,fold_2,42,7,3,3,0.5,avg_negative_log,10,0.1054,0.9,,965,207,1307,0.006543015193612175,True,0.0,True,10.0,0.5,additive,True
0.10094637223974763,0.0981012658227848,1.0,0.1786743515850144,original,SKAB,fold_2,123,7,3,3,0.5,avg_negative_log,10,0.1054,0.9,,965,207,1307,0.006543015193612175,True,0.0,True,10.0,0.5,additive,True
0.10094637223974763,0.0981012658227848,1.0,0.1786743515850144,gaussian_noise,SKAB,fold_2,123,7,3,3,0.5,avg_negative_log,10,0.1054,0.9,,965,207,1307,0.006543015193612175,True,0.0,True,10.0,0.5,additive,True
0.10094637223974763,0.0981012658227848,1.0,0.1786743515850144,original,SKAB,fold_2,2026,7,3,3,0.5,avg_negative_log,10,0.1054,0.9,,965,207,1307,0.006543015193612175,True,0.0,True,10.0,0.5,additive,True
0.10094637223974763,0.0981012658227848,1.0,0.1786743515850144,gaussian_noise,SKAB,fold_2,2026,7,3,3,0.5,avg_negative_log,10,0.1054,0.9,,965,207,1307,0.006543015193612175,True,0.0,True,10.0,0.5,additive,True
0.10094637223974763,0.0981012658227848,1.0,0.1786743515850144,original,SKAB,fold_2,7,7,3,3,0.5,avg_negative_log,10,0.1054,0.9,,965,207,1307,0.006543015193612175,True,0.0,True,10.0,0.5,additive,True
0.10094637223974763,0.0981012658227848,1.0,0.1786743515850144,gaussian_noise,SKAB,fold_2,7,7,3,3,0.5,avg_negative_log,10,0.1054,0.9,,965,207,1307,0.006543015193612175,True,0.0,True,10.0,0.5,additive,True
0.10094637223974763,0.0981012658227848,1.0,0.1786743515850144,original,SKAB,fold_2,999,7,3,3,0.5,avg_negative_log,10,0.1054,0.9,,965,207,1307,0.006543015193612175,True,0.0,True,10.0,0.5,additive,True
0.10094637223974763,0.0981012658227848,1.0,0.1786743515850144,gaussian_noise,SKAB,fold_2,999,7,3,3,0.5,avg_negative_log,10,0.1054,0.9,,965,207,1307,0.006543015193612175,True,0.0,True,10.0,0.5,additive,True
0.10410094637223975,0.10126582278481013,1.0,0.1839080459770115,original,SKAB,fold_3,42,7,3,3,0.5,avg_negative_log,10,0.1054,0.9,,980,215,1313,0.006231608922638823,True,0.0,True,10.0,0.5,additive,True
0.10410094637223975,0.10126582278481013,1.0,0.1839080459770115,gaussian_noise,SKAB,fold_3,42,7,3,3,0.5,avg_negative_log,10,0.1054,0.9,,980,215,1313,0.006231608922638823,True,0.0,True,10.0,0.5,additive,True
0.10410094637223975,0.10126582278481013,1.0,0.1839080459770115,original,SKAB,fold_3,123,7,3,3,0.5,avg_negative_log,10,0.1054,0.9,,980,215,1313,0.006231608922638823,True,0.0,True,10.0,0.5,additive,True
0.10410094637223975,0.10126582278481013,1.0,0.1839080459770115,gaussian_noise,SKAB,fold_3,123,7,3,3,0.5,avg_negative_log,10,0.1054,0.9,,980,215,1313,0.006231608922638823,True,0.0,True,10.0,0.5,additive,True
0.10410094637223975,0.10126582278481013,1.0,0.1839080459770115,original,SKAB,fold_3,2026,7,3,3,0.5,avg_negative_log,10,0.1054,0.9,,980,215,1313,0.006231608922638823,True,0.0,True,10.0,0.5,additive,True
0.10410094637223975,0.10126582278481013,1.0,0.1839080459770115,gaussian_noise,SKAB,fold_3,2026,7,3,3,0.5,avg_negative_log,10,0.1054,0.9,,980,215,1313,0.006231608922638823,True,0.0,True,10.0,0.5,additive,True
0.10410094637223975,0.10126582278481013,1.0,0.1839080459770115,original,SKAB,fold_3,7,7,3,3,0.5,avg_negative_log,10,0.1054,0.9,,980,215,1313,0.006231608922638823,True,0.0,True,10.0,0.5,additive,True
0.10410094637223975,0.10126582278481013,1.0,0.1839080459770115,gaussian_noise,SKAB,fold_3,7,7,3,3,0.5,avg_negative_log,10,0.1054,0.9,,980,215,1313,0.006231608922638823,True,0.0,True,10.0,0.5,additive,True
0.10410094637223975,0.10126582278481013,1.0,0.1839080459770115,original,SKAB,fold_3,999,7,3,3,0.5,avg_negative_log,10,0.1054,0.9,,980,215,1313,0.006231608922638823,True,0.0,True,10.0,0.5,additive,True
0.10410094637223975,0.10126582278481013,1.0,0.1839080459770115,gaussian_noise,SKAB,fold_3,999,7,3,3,0.5,avg_negative_log,10,0.1054,0.9,,980,215,1313,0.006231608922638823,True,0.0,True,10.0,0.5,additive,True
0.0926517571884984,0.08974358974358974,1.0,0.16470588235294117,original,SKAB,fold_4,42,7,3,3,0.5,avg_negative_log,10,0.1054,0.9,,994,212,1372,0.006510762689343609,True,0.0,True,10.0,0.5,additive,True
0.0926517571884984,0.08974358974358974,1.0,0.16470588235294117,gaussian_noise,SKAB,fold_4,42,7,3,3,0.5,avg_negative_log,10,0.1054,0.9,,994,212,1372,0.006510762689343609,True,0.0,True,10.0,0.5,additive,True
0.0926517571884984,0.08974358974358974,1.0,0.16470588235294117,original,SKAB,fold_4,123,7,3,3,0.5,avg_negative_log,10,0.1054,0.9,,994,212,1372,0.006510762689343609,True,0.0,True,10.0,0.5,additive,True
0.0926517571884984,0.08974358974358974,1.0,0.16470588235294117,gaussian_noise,SKAB,fold_4,123,7,3,3,0.5,avg_negative_log,10,0.1054,0.9,,994,212,1372,0.006510762689343609,True,0.0,True,10.0,0.5,additive,True
0.0926517571884984,0.08974358974358974,1.0,0.16470588235294117,original,SKAB,fold_4,2026,7,3,3,0.5,avg_negative_log,10,0.1054,0.9,,994,212,1372,0.006510762689343609,True,0.0,True,10.0,0.5,additive,True
0.0926517571884984,0.08974358974358974,1.0,0.16470588235294117,gaussian_noise,SKAB,fold_4,2026,7,3,3,0.5,avg_negative_log,10,0.1054,0.9,,994,212,1372,0.006510762689343609,True,0.0,True,10.0,0.5,additive,True
0.0926517571884984,0.08974358974358974,1.0,0.16470588235294117,original,SKAB,fold_4,7,7,3,3,0.5,avg_negative_log,10,0.1054,0.9,,994,212,1372,0.006510762689343609,True,0.0,True,10.0,0.5,additive,True
0.0926517571884984,0.08974358974358974,1.0,0.16470588235294117,gaussian_noise,SKAB,fold_4,7,7,3,3,0.5,avg_negative_log,10,0.1054,0.9,,994,212,1372,0.006510762689343609,True,0.0,True,10.0,0.5,additive,True
0.0926517571884984,0.08974358974358974,1.0,0.16470588235294117,original,SKAB,fold_4,999,7,3,3,0.5,avg_negative_log,10,0.1054,0.9,,994,212,1372,0.006510762689343609,True,0.0,True,10.0,0.5,additive,True
0.0926517571884984,0.08974358974358974,1.0,0.16470588235294117,gaussian_noise,SKAB,fold_4,999,7,3,3,0.5,avg_negative_log,10,0.1054,0.9,,994,212,1372,0.006510762689343609,True,0.0,True,10.0,0.5,additive,True
0.11214953271028037,0.109375,1.0,0.19718309859154928,original,SKAB,fold_5,42,7,3,3,0.5,avg_negative_log,10,0.1054,0.9,,912,181,1312,0.007948046912862267,True,0.0,True,10.0,0.5,additive,True
0.11214953271028037,0.109375,1.0,0.19718309859154928,gaussian_noise,SKAB,fold_5,42,7,3,3,0.5,avg_negative_log,10,0.1054,0.9,,912,181,1312,0.007948046912862267,True,0.0,True,10.0,0.5,additive,True
0.11214953271028037,0.109375,1.0,0.19718309859154928,original,SKAB,fold_5,123,7,3,3,0.5,avg_negative_log,10,0.1054,0.9,,912,181,1312,0.007948046912862267,True,0.0,True,10.0,0.5,additive,True
0.11214953271028037,0.109375,1.0,0.19718309859154928,gaussian_noise,SKAB,fold_5,123,7,3,3,0.5,avg_negative_log,10,0.1054,0.9,,912,181,1312,0.007948046912862267,True,0.0,True,10.0,0.5,additive,True
0.11214953271028037,0.109375,1.0,0.19718309859154928,original,SKAB,fold_5,2026,7,3,3,0.5,avg_negative_log,10,0.1054,0.9,,912,181,1312,0.007948046912862267,True,0.0,True,10.0,0.5,additive,True
0.11214953271028037,0.109375,1.0,0.19718309859154928,gaussian_noise,SKAB,fold_5,2026,7,3,3,0.5,avg_negative_log,10,0.1054,0.9,,912,181,1312,0.007948046912862267,True,0.0,True,10.0,0.5,additive,True
0.11214953271028037,0.109375,1.0,0.19718309859154928,original,SKAB,fold_5,7,7,3,3,0.5,avg_negative_log,10,0.1054,0.9,,912,181,1312,0.007948046912862267,True,0.0,True,10.0,0.5,additive,True
0.11214953271028037,0.109375,1.0,0.19718309859154928,gaussian_noise,SKAB,fold_5,7,7,3,3,0.5,avg_negative_log,10,0.1054,0.9,,912,181,1312,0.007948046912862267,True,0.0,True,10.0,0.5,additive,True
0.11214953271028037,0.109375,1.0,0.19718309859154928,original,SKAB,fold_5,999,7,3,3,0.5,avg_negative_log,10,0.1054,0.9,,912,181,1312,0.007948046912862267,True,0.0,True,10.0,0.5,additive,True
0.11214953271028037,0.109375,1.0,0.19718309859154928,gaussian_noise,SKAB,fold_5,999,7,3,3,0.5,avg_negative_log,10,0.1054,0.9,,912,181,1312,0.007948046912862267,True,0.0,True,10.0,0.5,additive,True
0.521193092621664,0.0,0.0,0.0,original,SKAB,fold_1,42,7,3,3,0.5,avg_negative_log,10,0.2231,0.9,,822,182,1105,0.0073861661452902325,True,0.0,True,10.0,0.5,additive,True
0.5164835164835165,0.0,0.0,0.0,gaussian_noise,SKAB,fold_1,42,7,3,3,0.5,avg_negative_log,10,0.2231,0.9,,822,182,1105,0.0073861661452902325,True,0.0,True,10.0,0.5,additive,True
0.521193092621664,0.0,0.0,0.0,original,SKAB,fold_1,123,7,3,3,0.5,avg_negative_log,10,0.2231,0.9,,822,182,1105,0.0073861661452902325,True,0.0,True,10.0,0.5,additive,True
0.521193092621664,0.0,0.0,0.0,gaussian_noise,SKAB,fold_1,123,7,3,3,0.5,avg_negative_log,10,0.2231,0.9,,822,182,1105,0.0073861661452902325,True,0.0,True,10.0,0.5,additive,True
0.521193092621664,0.0,0.0,0.0,original,SKAB,fold_1,2026,7,3,3,0.5,avg_negative_log,10,0.2231,0.9,,822,182,1105,0.0073861661452902325,True,0.0,True,10.0,0.5,additive,True
0.5164835164835165,0.0,0.0,0.0,gaussian_noise,SKAB,fold_1,2026,7,3,3,0.5,avg_negative_log,10,0.2231,0.9,,822,182,1105,0.0073861661452902325,True,0.0,True,10.0,0.5,additive,True
0.521193092621664,0.0,0.0,0.0,original,SKAB,fold_1,7,7,3,3,0.5,avg_negative_log,10,0.2231,0.9,,822,182,1105,0.0073861661452902325,True,0.0,True,10.0,0.5,additive,True
0.5164835164835165,0.0,0.0,0.0,gaussian_noise,SKAB,fold_1,7,7,3,3,0.5,avg_negative_log,10,0.2231,0.9,,822,182,1105,0.0073861661452902325,True,0.0,True,10.0,0.5,additive,True
0.521193092621664,0.0,0.0,0.0,original,SKAB,fold_1,999,7,3,3,0.5,avg_negative_log,10,0.2231,0.9,,822,182,1105,0.0073861661452902325,True,0.0,True,10.0,0.5,additive,True
0.521193092621664,0.0,0.0,0.0,gaussian_noise,SKAB,fold_1,999,7,3,3,0.5,avg_negative_log,10,0.2231,0.9,,822,182,1105,0.0073861661452902325,True,0.0,True,10.0,0.5,additive,True
0.3675078864353312,0.0,0.0,0.0,original,SKAB,fold_2,42,7,3,3,0.5,avg_negative_log,10,0.2231,0.9,,965,207,1307,0.006543015193612175,True,0.0,True,10.0,0.5,additive,True
0.36908517350157727,0.0,0.0,0.0,gaussian_noise,SKAB,fold_2,42,7,3,3,0.5,avg_negative_log,10,0.2231,0.9,,965,207,1307,0.006543015193612175,True,0.0,True,10.0,0.5,additive,True
0.3675078864353312,0.0,0.0,0.0,original,SKAB,fold_2,123,7,3,3,0.5,avg_negative_log,10,0.2231,0.9,,965,207,1307,0.006543015193612175,True,0.0,True,10.0,0.5,additive,True
0.3659305993690852,0.017045454545454544,0.0967741935483871,0.028985507246376812,gaussian_noise,SKAB,fold_2,123,7,3,3,0.5,avg_negative_log,10,0.2231,0.9,,965,207,1307,0.006543015193612175,True,0.0,True,10.0,0.5,additive,True
0.3675078864353312,0.0,0.0,0.0,original,SKAB,fold_2,2026,7,3,3,0.5,avg_negative_log,10,0.2231,0.9,,965,207,1307,0.006543015193612175,True,0.0,True,10.0,0.5,additive,True
0.3280757097791798,0.0,0.0,0.0,gaussian_noise,SKAB,fold_2,2026,7,3,3,0.5,avg_negative_log,10,0.2231,0.9,,965,207,1307,0.006543015193612175,True,0.0,True,10.0,0.5,additive,True
0.3675078864353312,0.0,0.0,0.0,original,SKAB,fold_2,7,7,3,3,0.5,avg_negative_log,10,0.2231,0.9,,965,207,1307,0.006543015193612175,True,0.0,True,10.0,0.5,additive,True
0.3675078864353312,0.0,0.0,0.0,gaussian_noise,SKAB,fold_2,7,7,3,3,0.5,avg_negative_log,10,0.2231,0.9,,965,207,1307,0.006543015193612175,True,0.0,True,10.0,0.5,additive,True
0.3675078864353312,0.0,0.0,0.0,original,SKAB,fold_2,999,7,3,3,0.5,avg_negative_log,10,0.2231,0.9,,965,207,1307,0.006543015193612175,True,0.0,True,10.0,0.5,additive,True
0.334384858044164,0.0,0.0,0.0,gaussian_noise,SKAB,fold_2,999,7,3,3,0.5,avg_negative_log,10,0.2231,0.9,,965,207,1307,0.006543015193612175,True,0.0,True,10.0,0.5,additive,True
0.3422712933753943,0.05764411027568922,0.359375,0.09935205183585313,original,SKAB,fold_3,42,7,3,3,0.5,avg_negative_log,10,0.2231,0.9,,980,215,1313,0.006231608922638823,True,0.0,True,10.0,0.5,additive,True
0.3422712933753943,0.05764411027568922,0.359375,0.09935205183585313,gaussian_noise,SKAB,fold_3,42,7,3,3,0.5,avg_negative_log,10,0.2231,0.9,,980,215,1313,0.006231608922638823,True,0.0,True,10.0,0.5,additive,True
0.3422712933753943,0.05764411027568922,0.359375,0.09935205183585313,original,SKAB,fold_3,123,7,3,3,0.5,avg_negative_log,10,0.2231,0.9,,980,215,1313,0.006231608922638823,True,0.0,True,10.0,0.5,additive,True
0.3422712933753943,0.05764411027568922,0.359375,0.09935205183585313,gaussian_noise,SKAB,fold_3,123,7,3,3,0.5,avg_negative_log,10,0.2231,0.9,,980,215,1313,0.006231608922638823,True,0.0,True,10.0,0.5,additive,True
0.3422712933753943,0.05764411027568922,0.359375,0.09935205183585313,original,SKAB,fold_3,2026,7,3,3,0.5,avg_negative_log,10,0.2231,0.9,,980,215,1313,0.006231608922638823,True,0.0,True,10.0,0.5,additive,True
0.3422712933753943,0.05764411027568922,0.359375,0.09935205183585313,gaussian_noise,SKAB,fold_3,2026,7,3,3,0.5,avg_negative_log,10,0.2231,0.9,,980,215,1313,0.006231608922638823,True,0.0,True,10.0,0.5,additive,True
0.3422712933753943,0.05764411027568922,0.359375,0.09935205183585313,original,SKAB,fold_3,7,7,3,3,0.5,avg_negative_log,10,0.2231,0.9,,980,215,1313,0.006231608922638823,True,0.0,True,10.0,0.5,additive,True
0.3422712933753943,0.05764411027568922,0.359375,0.09935205183585313,gaussian_noise,SKAB,fold_3,7,7,3,3,0.5,avg_negative_log,10,0.2231,0.9,,980,215,1313,0.006231608922638823,True,0.0,True,10.0,0.5,additive,True
0.3422712933753943,0.05764411027568922,0.359375,0.09935205183585313,original,SKAB,fold_3,999,7,3,3,0.5,avg_negative_log,10,0.2231,0.9,,980,215,1313,0.006231608922638823,True,0.0,True,10.0,0.5,additive,True
0.33280757097791797,0.056790123456790124,0.359375,0.09808102345415778,gaussian_noise,SKAB,fold_3,999,7,3,3,0.5,avg_negative_log,10,0.2231,0.9,,980,215,1313,0.006231608922638823,True,0.0,True,10.0,0.5,additive,True
0.4424920127795527,0.1382716049382716,1.0,0.24295010845986983,original,SKAB,fold_4,42,7,3,3,0.5,avg_negative_log,10,0.2231,0.9,,994,212,1372,0.006510762689343609,True,0.0,True,10.0,0.5,additive,True
0.4424920127795527,0.1382716049382716,1.0,0.24295010845986983,gaussian_noise,SKAB,fold_4,42,7,3,3,0.5,avg_negative_log,10,0.2231,0.9,,994,212,1372,0.006510762689343609,True,0.0,True,10.0,0.5,additive,True
0.4424920127795527,0.1382716049382716,1.0,0.24295010845986983,original,SKAB,fold_4,123,7,3,3,0.5,avg_negative_log,10,0.2231,0.9,,994,212,1372,0.006510762689343609,True,0.0,True,10.0,0.5,additive,True
0.4424920127795527,0.1382716049382716,1.0,0.24295010845986983,gaussian_noise,SKAB,fold_4,123,7,3,3,0.5,avg_negative_log,10,0.2231,0.9,,994,212,1372,0.006510762689343609,True,0.0,True,10.0,0.5,additive,True
0.4424920127795527,0.1382716049382716,1.0,0.24295010845986983,original,SKAB,fold_4,2026,7,3,3,0.5,avg_negative_log,10,0.2231,0.9,,994,212,1372,0.006510762689343609,True,0.0,True,10.0,0.5,additive,True
0.42971246006389774,0.13559322033898305,1.0,0.23880597014925373,gaussian_noise,SKAB,fold_4,2026,7,3,3,0.5,avg_negative_log,10,0.2231,0.9,,994,212,1372,0.006510762689343609,True,0.0,True,10.0,0.5,additive,True
0.4424920127795527,0.1382716049382716,1.0,0.24295010845986983,original,SKAB,fold_4,7,7,3,3,0.5,avg_negative_log,10,0.2231,0.9,,994,212,1372,0.006510762689343609,True,0.0,True,10.0,0.5,additive,True
0.4424920127795527,0.1382716049382716,1.0,0.24295010845986983,gaussian_noise,SKAB,fold_4,7,7,3,3,0.5,avg_negative_log,10,0.2231,0.9,,994,212,1372,0.006510762689343609,True,0.0,True,10.0,0.5,additive,True
0.4424920127795527,0.1382716049382716,1.0,0.24295010845986983,original,SKAB,fold_4,999,7,3,3,0.5,avg_negative_log,10,0.2231,0.9,,994,212,1372,0.006510762689343609,True,0.0,True,10.0,0.5,additive,True
0.4424920127795527,0.1382716049382716,1.0,0.24295010845986983,gaussian_noise,SKAB,fold_4,999,7,3,3,0.5,avg_negative_log,10,0.2231,0.9,,994,212,1372,0.006510762689343609,True,0.0,True,10.0,0.5,additive,True
0.3302180685358255,0.14,1.0,0.24561403508771928,original,SKAB,fold_5,42,7,3,3,0.5,avg_negative_log,10,0.2231,0.9,,912,181,1312,0.007948046912862267,True,0.0,True,10.0,0.5,additive,True
0.3348909657320872,0.14084507042253522,1.0,0.24691358024691357,gaussian_noise,SKAB,fold_5,42,7,3,3,0.5,avg_negative_log,10,0.2231,0.9,,912,181,1312,0.007948046912862267,True,0.0,True,10.0,0.5,additive,True
0.3302180685358255,0.14,1.0,0.24561403508771928,original,SKAB,fold_5,123,7,3,3,0.5,avg_negative_log,10,0.2231,0.9,,912,181,1312,0.007948046912862267,True,0.0,True,10.0,0.5,additive,True
0.29906542056074764,0.1346153846153846,1.0,0.23728813559322035,gaussian_noise,SKAB,fold_5,123,7,3,3,0.5,avg_negative_log,10,0.2231,0.9,,912,181,1312,0.007948046912862267,True,0.0,True,10.0,0.5,additive,True
0.3302180685358255,0.14,1.0,0.24561403508771928,original,SKAB,fold_5,2026,7,3,3,0.5,avg_negative_log,10,0.2231,0.9,,912,181,1312,0.007948046912862267,True,0.0,True,10.0,0.5,additive,True
0.3348909657320872,0.14084507042253522,1.0,0.24691358024691357,gaussian_noise,SKAB,fold_5,2026,7,3,3,0.5,avg_negative_log,10,0.2231,0.9,,912,181,1312,0.007948046912862267,True,0.0,True,10.0,0.5,additive,True
0.3302180685358255,0.14,1.0,0.24561403508771928,original,SKAB,fold_5,7,7,3,3,0.5,avg_negative_log,10,0.2231,0.9,,912,181,1312,0.007948046912862267,True,0.0,True,10.0,0.5,additive,True
0.2897196261682243,0.13307984790874525,1.0,0.2348993288590604,gaussian_noise,SKAB,fold_5,7,7,3,3,0.5,avg_negative_log,10,0.2231,0.9,,912,181,1312,0.007948046912862267,True,0.0,True,10.0,0.5,additive,True
0.3302180685358255,0.14,1.0,0.24561403508771928,original,SKAB,fold_5,999,7,3,3,0.5,avg_negative_log,10,0.2231,0.9,,912,181,1312,0.007948046912862267,True,0.0,True,10.0,0.5,additive,True
0.3348909657320872,0.14084507042253522,1.0,0.24691358024691357,gaussian_noise,SKAB,fold_5,999,7,3,3,0.5,avg_negative_log,10,0.2231,0.9,,912,181,1312,0.007948046912862267,True,0.0,True,10.0,0.5,additive,True
0.7425431711145997,0.0,0.0,0.0,original,SKAB,fold_1,42,7,3,3,0.5,avg_negative_log,10,0.3567,0.9,,822,182,1105,0.0073861661452902325,True,0.0,True,10.0,0.5,additive,True
0.7378335949764521,0.0,0.0,0.0,gaussian_noise,SKAB,fold_1,42,7,3,3,0.5,avg_negative_log,10,0.3567,0.9,,822,182,1105,0.0073861661452902325,True,0.0,True,10.0,0.5,additive,True
0.7425431711145997,0.0,0.0,0.0,original,SKAB,fold_1,123,7,3,3,0.5,avg_negative_log,10,0.3567,0.9,,822,182,1105,0.0073861661452902325,True,0.0,True,10.0,0.5,additive,True
0.7425431711145997,0.0,0.0,0.0,gaussian_noise,SKAB,fold_1,123,7,3,3,0.5,avg_negative_log,10,0.3567,0.9,,822,182,1105,0.0073861661452902325,True,0.0,True,10.0,0.5,additive,True
0.7425431711145997,0.0,0.0,0.0,original,SKAB,fold_1,2026,7,3,3,0.5,avg_negative_log,10,0.3567,0.9,,822,182,1105,0.0073861661452902325,True,0.0,True,10.0,0.5,additive,True
0.7080062794348508,0.0,0.0,0.0,gaussian_noise,SKAB,fold_1,2026,7,3,3,0.5,avg_negative_log,10,0.3567,0.9,,822,182,1105,0.0073861661452902325,True,0.0,True,10.0,0.5,additive,True
0.7425431711145997,0.0,0.0,0.0,original,SKAB,fold_1,7,7,3,3,0.5,avg_negative_log,10,0.3567,0.9,,822,182,1105,0.0073861661452902325,True,0.0,True,10.0,0.5,additive,True
0.7378335949764521,0.0,0.0,0.0,gaussian_noise,SKAB,fold_1,7,7,3,3,0.5,avg_negative_log,10,0.3567,0.9,,822,182,1105,0.0073861661452902325,True,0.0,True,10.0,0.5,additive,True
0.7425431711145997,0.0,0.0,0.0,original,SKAB,fold_1,999,7,3,3,0.5,avg_negative_log,10,0.3567,0.9,,822,182,1105,0.0073861661452902325,True,0.0,True,10.0,0.5,additive,True
0.7425431711145997,0.0,0.0,0.0,gaussian_noise,SKAB,fold_1,999,7,3,3,0.5,avg_negative_log,10,0.3567,0.9,,822,182,1105,0.0073861661452902325,True,0.0,True,10.0,0.5,additive,True
0.36908517350157727,0.0,0.0,0.0,original,SKAB,fold_2,42,7,3,3,0.5,avg_negative_log,10,0.3567,0.9,,965,207,1307,0.006543015193612175,True,0.0,True,10.0,0.5,additive,True
0.37697160883280756,0.0,0.0,0.0,gaussian_noise,SKAB,fold_2,42,7,3,3,0.5,avg_negative_log,10,0.3567,0.9,,965,207,1307,0.006543015193612175,True,0.0,True,10.0,0.5,additive,True
0.36908517350157727,0.0,0.0,0.0,original,SKAB,fold_2,123,7,3,3,0.5,avg_negative_log,10,0.3567,0.9,,965,207,1307,0.006543015193612175,True,0.0,True,10.0,0.5,additive,True
0.3675078864353312,0.017094017094017096,0.0967741935483871,0.029055690072639227,gaussian_noise,SKAB,fold_2,123,7,3,3,0.5,avg_negative_log,10,0.3567,0.9,,965,207,1307,0.006543015193612175,True,0.0,True,10.0,0.5,additive,True
0.36908517350157727,0.0,0.0,0.0,original,SKAB,fold_2,2026,7,3,3,0.5,avg_negative_log,10,0.3567,0.9,,965,207,1307,0.006543015193612175,True,0.0,True,10.0,0.5,additive,True
0.33753943217665616,0.0,0.0,0.0,gaussian_noise,SKAB,fold_2,2026,7,3,3,0.5,avg_negative_log,10,0.3567,0.9,,965,207,1307,0.006543015193612175,True,0.0,True,10.0,0.5,additive,True
0.36908517350157727,0.0,0.0,0.0,original,SKAB,fold_2,7,7,3,3,0.5,avg_negative_log,10,0.3567,0.9,,965,207,1307,0.006543015193612175,True,0.0,True,10.0,0.5,additive,True
0.3675078864353312,0.0,0.0,0.0,gaussian_noise,SKAB,fold_2,7,7,3,3,0.5,avg_negative_log,10,0.3567,0.9,,965,207,1307,0.006543015193612175,True,0.0,True,10.0,0.5,additive,True
0.36908517350157727,0.0,0.0,0.0,original,SKAB,fold_2,999,7,3,3,0.5,avg_negative_log,10,0.3567,0.9,,965,207,1307,0.006543015193612175,True,0.0,True,10.0,0.5,additive,True
0.3359621451104101,0.0,0.0,0.0,gaussian_noise,SKAB,fold_2,999,7,3,3,0.5,avg_negative_log,10,0.3567,0.9,,965,207,1307,0.006543015193612175,True,0.0,True,10.0,0.5,additive,True
0.4558359621451104,0.07033639143730887,0.359375,0.11764705882352941,original,SKAB,fold_3,42,7,3,3,0.5,avg_negative_log,10,0.3567,0.9,,980,215,1313,0.006231608922638823,True,0.0,True,10.0,0.5,additive,True
0.4274447949526814,0.06666666666666667,0.359375,0.11246943765281174,gaussian_noise,SKAB,fold_3,42,7,3,3,0.5,avg_negative_log,10,0.3567,0.9,,980,215,1313,0.006231608922638823,True,0.0,True,10.0,0.5,additive,True
0.4558359621451104,0.07033639143730887,0.359375,0.11764705882352941,original,SKAB,fold_3,123,7,3,3,0.5,avg_negative_log,10,0.3567,0.9,,980,215,1313,0.006231608922638823,True,0.0,True,10.0,0.5,additive,True
0.4274447949526814,0.06666666666666667,0.359375,0.11246943765281174,gaussian_noise,SKAB,fold_3,123,7,3,3,0.5,avg_negative_log,10,0.3567,0.9,,980,215,1313,0.006231608922638823,True,0.0,True,10.0,0.5,additive,True
0.4558359621451104,0.07033639143730887,0.359375,0.11764705882352941,original,SKAB,fold_3,2026,7,3,3,0.5,avg_negative_log,10,0.3567,0.9,,980,215,1313,0.006231608922638823,True,0.0,True,10.0,0.5,additive,True
0.4558359621451104,0.07033639143730887,0.359375,0.11764705882352941,gaussian_noise,SKAB,fold_3,2026,7,3,3,0.5,avg_negative_log,10,0.3567,0.9,,980,215,1313,0.006231608922638823,True,0.0,True,10.0,0.5,additive,True
0.4558359621451104,0.07033639143730887,0.359375,0.11764705882352941,original,SKAB,fold_3,7,7,3,3,0.5,avg_negative_log,10,0.3567,0.9,,980,215,1313,0.006231608922638823,True,0.0,True,10.0,0.5,additive,True
0.4400630914826498,0.06824925816023739,0.359375,0.11471321695760599,gaussian_noise,SKAB,fold_3,7,7,3,3,0.5,avg_negative_log,10,0.3567,0.9,,980,215,1313,0.006231608922638823,True,0.0,True,10.0,0.5,additive,True
0.4558359621451104,0.07033639143730887,0.359375,0.11764705882352941,original,SKAB,fold_3,999,7,3,3,0.5,avg_negative_log,10,0.3567,0.9,,980,215,1313,0.006231608922638823,True,0.0,True,10.0,0.5,additive,True
0.43375394321766564,0.06744868035190615,0.359375,0.11358024691358025,gaussian_noise,SKAB,fold_3,999,7,3,3,0.5,avg_negative_log,10,0.3567,0.9,,980,215,1313,0.006231608922638823,True,0.0,True,10.0,0.5,additive,True
0.5511182108626198,0.1661721068249258,1.0,0.28498727735368956,original,SKAB,fold_4,42,7,3,3,0.5,avg_negative_log,10,0.3567,0.9,,994,212,1372,0.006510762689343609,True,0.0,True,10.0,0.5,additive,True
0.5207667731629393,0.15730337078651685,1.0,0.27184466019417475,gaussian_noise,SKAB,fold_4,42,7,3,3,0.5,avg_negative_log,10,0.3567,0.9,,994,212,1372,0.006510762689343609,True,0.0,True,10.0,0.5,additive,True
0.5511182108626198,0.1661721068249258,1.0,0.28498727735368956,original,SKAB,fold_4,123,7,3,3,0.5,avg_negative_log,10,0.3567,0.9,,994,212,1372,0.006510762689343609,True,0.0,True,10.0,0.5,additive,True
0.547923322683706,0.16519174041297935,1.0,0.28354430379746837,gaussian_noise,SKAB,fold_4,123,7,3,3,0.5,avg_negative_log,10,0.3567,0.9,,994,212,1372,0.006510762689343609,True,0.0,True,10.0,0.5,additive,True
0.5511182108626198,0.1661721068249258,1.0,0.28498727735368956,original,SKAB,fold_4,2026,7,3,3,0.5,avg_negative_log,10,0.3567,0.9,,994,212,1372,0.006510762689343609,True,0.0,True,10.0,0.5,additive,True
0.5383386581469649,0.16231884057971013,1.0,0.2793017456359102,gaussian_noise,SKAB,fold_4,2026,7,3,3,0.5,avg_negative_log,10,0.3567,0.9,,994,212,1372,0.006510762689343609,True,0.0,True,10.0,0.5,additive,True
0.5511182108626198,0.1661721068249258,1.0,0.28498727735368956,original,SKAB,fold_4,7,7,3,3,0.5,avg_negative_log,10,0.3567,0.9,,994,212,1372,0.006510762689343609,True,0.0,True,10.0,0.5,additive,True
0.5223642172523961,0.15774647887323945,1.0,0.2725060827250608,gaussian_noise,SKAB,fold_4,7,7,3,3,0.5,avg_negative_log,10,0.3567,0.9,,994,212,1372,0.006510762689343609,True,0.0,True,10.0,0.5,additive,True
0.5511182108626198,0.1661721068249258,1.0,0.28498727735368956,original,SKAB,fold_4,999,7,3,3,0.5,avg_negative_log,10,0.3567,0.9,,994,212,1372,0.006510762689343609,True,0.0,True,10.0,0.5,additive,True
0.5511182108626198,0.1661721068249258,1.0,0.28498727735368956,gaussian_noise,SKAB,fold_4,999,7,3,3,0.5,avg_negative_log,10,0.3567,0.9,,994,212,1372,0.006510762689343609,True,0.0,True,10.0,0.5,additive,True
0.3333333333333333,0.14056224899598393,1.0,0.24647887323943662,original,SKAB,fold_5,42,7,3,3,0.5,avg_negative_log,10,0.3567,0.9,,912,181,1312,0.007948046912862267,True,0.0,True,10.0,0.5,additive,True
0.338006230529595,0.1414141414141414,1.0,0.24778761061946902,gaussian_noise,SKAB,fold_5,42,7,3,3,0.5,avg_negative_log,10,0.3567,0.9,,912,181,1312,0.007948046912862267,True,0.0,True,10.0,0.5,additive,True
0.3333333333333333,0.14056224899598393,1.0,0.24647887323943662,original,SKAB,fold_5,123,7,3,3,0.5,avg_negative_log,10,0.3567,0.9,,912,181,1312,0.007948046912862267,True,0.0,True,10.0,0.5,additive,True
0.30218068535825543,0.13513513513513514,1.0,0.23809523809523808,gaussian_noise,SKAB,fold_5,123,7,3,3,0.5,avg_negative_log,10,0.3567,0.9,,912,181,1312,0.007948046912862267,True,0.0,True,10.0,0.5,additive,True
0.3333333333333333,0.14056224899598393,1.0,0.24647887323943662,original,SKAB,fold_5,2026,7,3,3,0.5,avg_negative_log,10,0.3567,0.9,,912,181,1312,0.007948046912862267,True,0.0,True,10.0,0.5,additive,True
0.338006230529595,0.1414141414141414,1.0,0.24778761061946902,gaussian_noise,SKAB,fold_5,2026,7,3,3,0.5,avg_negative_log,10,0.3567,0.9,,912,181,1312,0.007948046912862267,True,0.0,True,10.0,0.5,additive,True
0.3333333333333333,0.14056224899598393,1.0,0.24647887323943662,original,SKAB,fold_5,7,7,3,3,0.5,avg_negative_log,10,0.3567,0.9,,912,181,1312,0.007948046912862267,True,0.0,True,10.0,0.5,additive,True
0.29283489096573206,0.13358778625954199,1.0,0.2356902356902357,gaussian_noise,SKAB,fold_5,7,7,3,3,0.5,avg_negative_log,10,0.3567,0.9,,912,181,1312,0.007948046912862267,True,0.0,True,10.0,0.5,additive,True
0.3333333333333333,0.14056224899598393,1.0,0.24647887323943662,original,SKAB,fold_5,999,7,3,3,0.5,avg_negative_log,10,0.3567,0.9,,912,181,1312,0.007948046912862267,True,0.0,True,10.0,0.5,additive,True
0.338006230529595,0.1414141414141414,1.0,0.24778761061946902,gaussian_noise,SKAB,fold_5,999,7,3,3,0.5,avg_negative_log,10,0.3567,0.9,,912,181,1312,0.007948046912862267,True,0.0,True,10.0,0.5,additive,True
0.7441130298273155,0.0,0.0,0.0,original,SKAB,fold_1,42,7,3,3,0.5,avg_negative_log,10,0.5108,0.9,,822,182,1105,0.0073861661452902325,True,0.0,True,10.0,0.5,additive,True
0.7394034536891679,0.0,0.0,0.0,gaussian_noise,SKAB,fold_1,42,7,3,3,0.5,avg_negative_log,10,0.5108,0.9,,822,182,1105,0.0073861661452902325,True,0.0,True,10.0,0.5,additive,True
0.7441130298273155,0.0,0.0,0.0,original,SKAB,fold_1,123,7,3,3,0.5,avg_negative_log,10,0.5108,0.9,,822,182,1105,0.0073861661452902325,True,0.0,True,10.0,0.5,additive,True
0.7441130298273155,0.0,0.0,0.0,gaussian_noise,SKAB,fold_1,123,7,3,3,0.5,avg_negative_log,10,0.5108,0.9,,822,182,1105,0.0073861661452902325,True,0.0,True,10.0,0.5,additive,True
0.7441130298273155,0.0,0.0,0.0,original,SKAB,fold_1,2026,7,3,3,0.5,avg_negative_log,10,0.5108,0.9,,822,182,1105,0.0073861661452902325,True,0.0,True,10.0,0.5,additive,True
0.7095761381475667,0.0,0.0,0.0,gaussian_noise,SKAB,fold_1,2026,7,3,3,0.5,avg_negative_log,10,0.5108,0.9,,822,182,1105,0.0073861661452902325,True,0.0,True,10.0,0.5,additive,True
0.7441130298273155,0.0,0.0,0.0,original,SKAB,fold_1,7,7,3,3,0.5,avg_negative_log,10,0.5108,0.9,,822,182,1105,0.0073861661452902325,True,0.0,True,10.0,0.5,additive,True
0.7394034536891679,0.0,0.0,0.0,gaussian_noise,SKAB,fold_1,7,7,3,3,0.5,avg_negative_log,10,0.5108,0.9,,822,182,1105,0.0073861661452902325,True,0.0,True,10.0,0.5,additive,True
0.7441130298273155,0.0,0.0,0.0,original,SKAB,fold_1,999,7,3,3,0.5,avg_negative_log,10,0.5108,0.9,,822,182,1105,0.0073861661452902325,True,0.0,True,10.0,0.5,additive,True
0.7441130298273155,0.0,0.0,0.0,gaussian_noise,SKAB,fold_1,999,7,3,3,0.5,avg_negative_log,10,0.5108,0.9,,822,182,1105,0.0073861661452902325,True,0.0,True,10.0,0.5,additive,True
0.3753943217665615,0.0,0.0,0.0,original,SKAB,fold_2,42,7,3,3,0.5,avg_negative_log,10,0.5108,0.9,,965,207,1307,0.006543015193612175,True,0.0,True,10.0,0.5,additive,True
0.3832807570977918,0.0,0.0,0.0,gaussian_noise,SKAB,fold_2,42,7,3,3,0.5,avg_negative_log,10,0.5108,0.9,,965,207,1307,0.006543015193612175,True,0.0,True,10.0,0.5,additive,True
0.3753943217665615,0.0,0.0,0.0,original,SKAB,fold_2,123,7,3,3,0.5,avg_negative_log,10,0.5108,0.9,,965,207,1307,0.006543015193612175,True,0.0,True,10.0,0.5,additive,True
0.3722397476340694,0.014450867052023121,0.08064516129032258,0.024509803921568627,gaussian_noise,SKAB,fold_2,123,7,3,3,0.5,avg_negative_log,10,0.5108,0.9,,965,207,1307,0.006543015193612175,True,0.0,True,10.0,0.5,additive,True
0.3753943217665615,0.0,0.0,0.0,original,SKAB,fold_2,2026,7,3,3,0.5,avg_negative_log,10,0.5108,0.9,,965,207,1307,0.006543015193612175,True,0.0,True,10.0,0.5,additive,True
0.34542586750788645,0.0,0.0,0.0,gaussian_noise,SKAB,fold_2,2026,7,3,3,0.5,avg_negative_log,10,0.5108,0.9,,965,207,1307,0.006543015193612175,True,0.0,True,10.0,0.5,additive,True
0.3753943217665615,0.0,0.0,0.0,original,SKAB,fold_2,7,7,3,3,0.5,avg_negative_log,10,0.5108,0.9,,965,207,1307,0.006543015193612175,True,0.0,True,10.0,0.5,additive,True
0.37381703470031546,0.0,0.0,0.0,gaussian_noise,SKAB,fold_2,7,7,3,3,0.5,avg_negative_log,10,0.5108,0.9,,965,207,1307,0.006543015193612175,True,0.0,True,10.0,0.5,additive,True
0.3753943217665615,0.0,0.0,0.0,original,SKAB,fold_2,999,7,3,3,0.5,avg_negative_log,10,0.5108,0.9,,965,207,1307,0.006543015193612175,True,0.0,True,10.0,0.5,additive,True
0.3438485804416404,0.0,0.0,0.0,gaussian_noise,SKAB,fold_2,999,7,3,3,0.5,avg_negative_log,10,0.5108,0.9,,965,207,1307,0.006543015193612175,True,0.0,True,10.0,0.5,additive,True
0.46214511041009465,0.07120743034055728,0.359375,0.11886304909560723,original,SKAB,fold_3,42,7,3,3,0.5,avg_negative_log,10,0.5108,0.9,,980,215,1313,0.006231608922638823,True,0.0,True,10.0,0.5,additive,True
0.43375394321766564,0.06744868035190615,0.359375,0.11358024691358025,gaussian_noise,SKAB,fold_3,42,7,3,3,0.5,avg_negative_log,10,0.5108,0.9,,980,215,1313,0.006231608922638823,True,0.0,True,10.0,0.5,additive,True
0.46214511041009465,0.07120743034055728,0.359375,0.11886304909560723,original,SKAB,fold_3,123,7,3,3,0.5,avg_negative_log,10,0.5108,0.9,,980,215,1313,0.006231608922638823,True,0.0,True,10.0,0.5,additive,True
0.43375394321766564,0.06744868035190615,0.359375,0.11358024691358025,gaussian_noise,SKAB,fold_3,123,7,3,3,0.5,avg_negative_log,10,0.5108,0.9,,980,215,1313,0.006231608922638823,True,0.0,True,10.0,0.5,additive,True
0.46214511041009465,0.07120743034055728,0.359375,0.11886304909560723,original,SKAB,fold_3,2026,7,3,3,0.5,avg_negative_log,10,0.5108,0.9,,980,215,1313,0.006231608922638823,True,0.0,True,10.0,0.5,additive,True
0.46214511041009465,0.07120743034055728,0.359375,0.11886304909560723,gaussian_noise,SKAB,fold_3,2026,7,3,3,0.5,avg_negative_log,10,0.5108,0.9,,980,215,1313,0.006231608922638823,True,0.0,True,10.0,0.5,additive,True
0.46214511041009465,0.07120743034055728,0.359375,0.11886304909560723,original,SKAB,fold_3,7,7,3,3,0.5,avg_negative_log,10,0.5108,0.9,,980,215,1313,0.006231608922638823,True,0.0,True,10.0,0.5,additive,True
0.44637223974763407,0.06906906906906907,0.359375,0.11586901763224182,gaussian_noise,SKAB,fold_3,7,7,3,3,0.5,avg_negative_log,10,0.5108,0.9,,980,215,1313,0.006231608922638823,True,0.0,True,10.0,0.5,additive,True
0.46214511041009465,0.07120743034055728,0.359375,0.11886304909560723,original,SKAB,fold_3,999,7,3,3,0.5,avg_negative_log,10,0.5108,0.9,,980,215,1313,0.006231608922638823,True,0.0,True,10.0,0.5,additive,True
0.4400630914826498,0.06824925816023739,0.359375,0.11471321695760599,gaussian_noise,SKAB,fold_3,999,7,3,3,0.5,avg_negative_log,10,0.5108,0.9,,980,215,1313,0.006231608922638823,True,0.0,True,10.0,0.5,additive,True
0.5575079872204473,0.16816816816816818,1.0,0.2879177377892031,original,SKAB,fold_4,42,7,3,3,0.5,avg_negative_log,10,0.5108,0.9,,994,212,1372,0.006510762689343609,True,0.0,True,10.0,0.5,additive,True
0.5271565495207667,0.1590909090909091,1.0,0.27450980392156865,gaussian_noise,SKAB,fold_4,42,7,3,3,0.5,avg_negative_log,10,0.5108,0.9,,994,212,1372,0.006510762689343609,True,0.0,True,10.0,0.5,additive,True
0.5575079872204473,0.16816816816816818,1.0,0.2879177377892031,original,SKAB,fold_4,123,7,3,3,0.5,avg_negative_log,10,0.5108,0.9,,994,212,1372,0.006510762689343609,True,0.0,True,10.0,0.5,additive,True
0.5543130990415336,0.16716417910447762,1.0,0.2864450127877238,gaussian_noise,SKAB,fold_4,123,7,3,3,0.5,avg_negative_log,10,0.5108,0.9,,994,212,1372,0.006510762689343609,True,0.0,True,10.0,0.5,additive,True
0.5575079872204473,0.16816816816816818,1.0,0.2879177377892031,original,SKAB,fold_4,2026,7,3,3,0.5,avg_negative_log,10,0.5108,0.9,,994,212,1372,0.006510762689343609,True,0.0,True,10.0,0.5,additive,True
0.5447284345047924,0.16422287390029325,1.0,0.28211586901763225,gaussian_noise,SKAB,fold_4,2026,7,3,3,0.5,avg_negative_log,10,0.5108,0.9,,994,212,1372,0.006510762689343609,True,0.0,True,10.0,0.5,additive,True
0.5575079872204473,0.16816816816816818,1.0,0.2879177377892031,original,SKAB,fold_4,7,7,3,3,0.5,avg_negative_log,10,0.5108,0.9,,994,212,1372,0.006510762689343609,True,0.0,True,10.0,0.5,additive,True
0.5287539936102237,0.15954415954415954,1.0,0.2751842751842752,gaussian_noise,SKAB,fold_4,7,7,3,3,0.5,avg_negative_log,10,0.5108,0.9,,994,212,1372,0.006510762689343609,True,0.0,True,10.0,0.5,additive,True
0.5575079872204473,0.16816816816816818,1.0,0.2879177377892031,original,SKAB,fold_4,999,7,3,3,0.5,avg_negative_log,10,0.5108,0.9,,994,212,1372,0.006510762689343609,True,0.0,True,10.0,0.5,additive,True
0.5575079872204473,0.16816816816816818,1.0,0.2879177377892031,gaussian_noise,SKAB,fold_4,999,7,3,3,0.5,avg_negative_log,10,0.5108,0.9,,994,212,1372,0.006510762689343609,True,0.0,True,10.0,0.5,additive,True
0.35669781931464173,0.14492753623188406,1.0,0.25316455696202533,original,SKAB,fold_5,42,7,3,3,0.5,avg_negative_log,10,0.5108,0.9,,912,181,1312,0.007948046912862267,True,0.0,True,10.0,0.5,additive,True
0.3987538940809969,0.15350877192982457,1.0,0.2661596958174905,gaussian_noise,SKAB,fold_5,42,7,3,3,0.5,avg_negative_log,10,0.5108,0.9,,912,181,1312,0.007948046912862267,True,0.0,True,10.0,0.5,additive,True
0.35669781931464173,0.14492753623188406,1.0,0.25316455696202533,original,SKAB,fold_5,123,7,3,3,0.5,avg_negative_log,10,0.5108,0.9,,912,181,1312,0.007948046912862267,True,0.0,True,10.0,0.5,additive,True
0.3411214953271028,0.14198782961460446,1.0,0.24866785079928952,gaussian_noise,SKAB,fold_5,123,7,3,3,0.5,avg_negative_log,10,0.5108,0.9,,912,181,1312,0.007948046912862267,True,0.0,True,10.0,0.5,additive,True
0.35669781931464173,0.14492753623188406,1.0,0.25316455696202533,original,SKAB,fold_5,2026,7,3,3,0.5,avg_negative_log,10,0.5108,0.9,,912,181,1312,0.007948046912862267,True,0.0,True,10.0,0.5,additive,True
0.35669781931464173,0.14492753623188406,1.0,0.25316455696202533,gaussian_noise,SKAB,fold_5,2026,7,3,3,0.5,avg_negative_log,10,0.5108,0.9,,912,181,1312,0.007948046912862267,True,0.0,True,10.0,0.5,additive,True
0.35669781931464173,0.14492753623188406,1.0,0.25316455696202533,original,SKAB,fold_5,7,7,3,3,0.5,avg_negative_log,10,0.5108,0.9,,912,181,1312,0.007948046912862267,True,0.0,True,10.0,0.5,additive,True
0.3426791277258567,0.14227642276422764,1.0,0.2491103202846975,gaussian_noise,SKAB,fold_5,7,7,3,3,0.5,avg_negative_log,10,0.5108,0.9,,912,181,1312,0.007948046912862267,True,0.0,True,10.0,0.5,additive,True
0.35669781931464173,0.14492753623188406,1.0,0.25316455696202533,original,SKAB,fold_5,999,7,3,3,0.5,avg_negative_log,10,0.5108,0.9,,912,181,1312,0.007948046912862267,True,0.0,True,10.0,0.5,additive,True
0.35514018691588783,0.1446280991735537,1.0,0.2527075812274368,gaussian_noise,SKAB,fold_5,999,7,3,3,0.5,avg_negative_log,10,0.5108,0.9,,912,181,1312,0.007948046912862267,True,0.0,True,10.0,0.5,additive,True
0.7519623233908949,0.0,0.0,0.0,original,SKAB,fold_1,42,7,3,3,0.5,avg_negative_log,10,0.6931,0.9,,822,182,1105,0.0073861661452902325,True,0.0,True,10.0,0.5,additive,True
0.7488226059654631,0.0,0.0,0.0,gaussian_noise,SKAB,fold_1,42,7,3,3,0.5,avg_negative_log,10,0.6931,0.9,,822,182,1105,0.0073861661452902325,True,0.0,True,10.0,0.5,additive,True
0.7519623233908949,0.0,0.0,0.0,original,SKAB,fold_1,123,7,3,3,0.5,avg_negative_log,10,0.6931,0.9,,822,182,1105,0.0073861661452902325,True,0.0,True,10.0,0.5,additive,True
0.7519623233908949,0.0,0.0,0.0,gaussian_noise,SKAB,fold_1,123,7,3,3,0.5,avg_negative_log,10,0.6931,0.9,,822,182,1105,0.0073861661452902325,True,0.0,True,10.0,0.5,additive,True
0.7519623233908949,0.0,0.0,0.0,original,SKAB,fold_1,2026,7,3,3,0.5,avg_negative_log,10,0.6931,0.9,,822,182,1105,0.0073861661452902325,True,0.0,True,10.0,0.5,additive,True
0.7221350078492935,0.0,0.0,0.0,gaussian_noise,SKAB,fold_1,2026,7,3,3,0.5,avg_negative_log,10,0.6931,0.9,,822,182,1105,0.0073861661452902325,True,0.0,True,10.0,0.5,additive,True
0.7519623233908949,0.0,0.0,0.0,original,SKAB,fold_1,7,7,3,3,0.5,avg_negative_log,10,0.6931,0.9,,822,182,1105,0.0073861661452902325,True,0.0,True,10.0,0.5,additive,True
0.7488226059654631,0.0,0.0,0.0,gaussian_noise,SKAB,fold_1,7,7,3,3,0.5,avg_negative_log,10,0.6931,0.9,,822,182,1105,0.0073861661452902325,True,0.0,True,10.0,0.5,additive,True
0.7519623233908949,0.0,0.0,0.0,original,SKAB,fold_1,999,7,3,3,0.5,avg_negative_log,10,0.6931,0.9,,822,182,1105,0.0073861661452902325,True,0.0,True,10.0,0.5,additive,True
0.7519623233908949,0.0,0.0,0.0,gaussian_noise,SKAB,fold_1,999,7,3,3,0.5,avg_negative_log,10,0.6931,0.9,,822,182,1105,0.0073861661452902325,True,0.0,True,10.0,0.5,additive,True
0.3832807570977918,0.0,0.0,0.0,original,SKAB,fold_2,42,7,3,3,0.5,avg_negative_log,10,0.6931,0.9,,965,207,1307,0.006543015193612175,True,0.0,True,10.0,0.5,additive,True
0.38958990536277605,0.0,0.0,0.0,gaussian_noise,SKAB,fold_2,42,7,3,3,0.5,avg_negative_log,10,0.6931,0.9,,965,207,1307,0.006543015193612175,True,0.0,True,10.0,0.5,additive,True
0.3832807570977918,0.0,0.0,0.0,original,SKAB,fold_2,123,7,3,3,0.5,avg_negative_log,10,0.6931,0.9,,965,207,1307,0.006543015193612175,True,0.0,True,10.0,0.5,additive,True
0.38170347003154576,0.014705882352941176,0.08064516129032258,0.024875621890547265,gaussian_noise,SKAB,fold_2,123,7,3,3,0.5,avg_negative_log,10,0.6931,0.9,,965,207,1307,0.006543015193612175,True,0.0,True,10.0,0.5,additive,True
0.3832807570977918,0.0,0.0,0.0,original,SKAB,fold_2,2026,7,3,3,0.5,avg_negative_log,10,0.6931,0.9,,965,207,1307,0.006543015193612175,True,0.0,True,10.0,0.5,additive,True
0.35331230283911674,0.0,0.0,0.0,gaussian_noise,SKAB,fold_2,2026,7,3,3,0.5,avg_negative_log,10,0.6931,0.9,,965,207,1307,0.006543015193612175,True,0.0,True,10.0,0.5,additive,True
0.3832807570977918,0.0,0.0,0.0,original,SKAB,fold_2,7,7,3,3,0.5,avg_negative_log,10,0.6931,0.9,,965,207,1307,0.006543015193612175,True,0.0,True,10.0,0.5,additive,True
0.3801261829652997,0.0,0.0,0.0,gaussian_noise,SKAB,fold_2,7,7,3,3,0.5,avg_negative_log,10,0.6931,0.9,,965,207,1307,0.006543015193612175,True,0.0,True,10.0,0.5,additive,True
0.3832807570977918,0.0,0.0,0.0,original,SKAB,fold_2,999,7,3,3,0.5,avg_negative_log,10,0.6931,0.9,,965,207,1307,0.006543015193612175,True,0.0,True,10.0,0.5,additive,True
0.35331230283911674,0.0,0.0,0.0,gaussian_noise,SKAB,fold_2,999,7,3,3,0.5,avg_negative_log,10,0.6931,0.9,,965,207,1307,0.006543015193612175,True,0.0,True,10.0,0.5,additive,True
0.47791798107255523,0.0707395498392283,0.34375,0.11733333333333333,original,SKAB,fold_3,42,7,3,3,0.5,avg_negative_log,10,0.6931,0.9,,980,215,1313,0.006231608922638823,True,0.0,True,10.0,0.5,additive,True
0.44952681388012616,0.0668693009118541,0.34375,0.11195928753180662,gaussian_noise,SKAB,fold_3,42,7,3,3,0.5,avg_negative_log,10,0.6931,0.9,,980,215,1313,0.006231608922638823,True,0.0,True,10.0,0.5,additive,True
0.47791798107255523,0.0707395498392283,0.34375,0.11733333333333333,original,SKAB,fold_3,123,7,3,3,0.5,avg_negative_log,10,0.6931,0.9,,980,215,1313,0.006231608922638823,True,0.0,True,10.0,0.5,additive,True
0.44952681388012616,0.0668693009118541,0.34375,0.11195928753180662,gaussian_noise,SKAB,fold_3,123,7,3,3,0.5,avg_negative_log,10,0.6931,0.9,,980,215,1313,0.006231608922638823,True,0.0,True,10.0,0.5,additive,True
0.47791798107255523,0.0707395498392283,0.34375,0.11733333333333333,original,SKAB,fold_3,2026,7,3,3,0.5,avg_negative_log,10,0.6931,0.9,,980,215,1313,0.006231608922638823,True,0.0,True,10.0,0.5,additive,True
0.47634069400630913,0.06774193548387097,0.328125,0.11229946524064172,gaussian_noise,SKAB,fold_3,2026,7,3,3,0.5,avg_negative_log,10,0.6931,0.9,,980,215,1313,0.006231608922638823,True,0.0,True,10.0,0.5,additive,True
0.47791798107255523,0.0707395498392283,0.34375,0.11733333333333333,original,SKAB,fold_3,7,7,3,3,0.5,avg_negative_log,10,0.6931,0.9,,980,215,1313,0.006231608922638823,True,0.0,True,10.0,0.5,additive,True
0.4605678233438486,0.065625,0.328125,0.109375,gaussian_noise,SKAB,fold_3,7,7,3,3,0.5,avg_negative_log,10,0.6931,0.9,,980,215,1313,0.006231608922638823,True,0.0,True,10.0,0.5,additive,True
0.47791798107255523,0.0707395498392283,0.34375,0.11733333333333333,original,SKAB,fold_3,999,7,3,3,0.5,avg_negative_log,10,0.6931,0.9,,980,215,1313,0.006231608922638823,True,0.0,True,10.0,0.5,additive,True
0.45425867507886436,0.06748466257668712,0.34375,0.11282051282051282,gaussian_noise,SKAB,fold_3,999,7,3,3,0.5,avg_negative_log,10,0.6931,0.9,,980,215,1313,0.006231608922638823,True,0.0,True,10.0,0.5,additive,True
0.5750798722044729,0.17391304347826086,1.0,0.2962962962962963,original,SKAB,fold_4,42,7,3,3,0.5,avg_negative_log,10,0.6931,0.9,,994,212,1372,0.006510762689343609,True,0.0,True,10.0,0.5,additive,True
0.549520766773163,0.16568047337278108,1.0,0.28426395939086296,gaussian_noise,SKAB,fold_4,42,7,3,3,0.5,avg_negative_log,10,0.6931,0.9,,994,212,1372,0.006510762689343609,True,0.0,True,10.0,0.5,additive,True
0.5750798722044729,0.17391304347826086,1.0,0.2962962962962963,original,SKAB,fold_4,123,7,3,3,0.5,avg_negative_log,10,0.6931,0.9,,994,212,1372,0.006510762689343609,True,0.0,True,10.0,0.5,additive,True
0.5718849840255591,0.1728395061728395,1.0,0.29473684210526313,gaussian_noise,SKAB,fold_4,123,7,3,3,0.5,avg_negative_log,10,0.6931,0.9,,994,212,1372,0.006510762689343609,True,0.0,True,10.0,0.5,additive,True
0.5750798722044729,0.17391304347826086,1.0,0.2962962962962963,original,SKAB,fold_4,2026,7,3,3,0.5,avg_negative_log,10,0.6931,0.9,,994,212,1372,0.006510762689343609,True,0.0,True,10.0,0.5,additive,True
0.5623003194888179,0.1696969696969697,1.0,0.29015544041450775,gaussian_noise,SKAB,fold_4,2026,7,3,3,0.5,avg_negative_log,10,0.6931,0.9,,994,212,1372,0.006510762689343609,True,0.0,True,10.0,0.5,additive,True
0.5750798722044729,0.17391304347826086,1.0,0.2962962962962963,original,SKAB,fold_4,7,7,3,3,0.5,avg_negative_log,10,0.6931,0.9,,994,212,1372,0.006510762689343609,True,0.0,True,10.0,0.5,additive,True
0.549520766773163,0.16568047337278108,1.0,0.28426395939086296,gaussian_noise,SKAB,fold_4,7,7,3,3,0.5,avg_negative_log,10,0.6931,0.9,,994,212,1372,0.006510762689343609,True,0.0,True,10.0,0.5,additive,True
0.5750798722044729,0.17391304347826086,1.0,0.2962962962962963,original,SKAB,fold_4,999,7,3,3,0.5,avg_negative_log,10,0.6931,0.9,,994,212,1372,0.006510762689343609,True,0.0,True,10.0,0.5,additive,True
0.5750798722044729,0.17391304347826086,1.0,0.2962962962962963,gaussian_noise,SKAB,fold_4,999,7,3,3,0.5,avg_negative_log,10,0.6931,0.9,,994,212,1372,0.006510762689343609,True,0.0,True,10.0,0.5,additive,True
0.3691588785046729,0.14736842105263157,1.0,0.25688073394495414,original,SKAB,fold_5,42,7,3,3,0.5,avg_negative_log,10,0.6931,0.9,,912,181,1312,0.007948046912862267,True,0.0,True,10.0,0.5,additive,True
0.411214953271028,0.15625,1.0,0.2702702702702703,gaussian_noise,SKAB,fold_5,42,7,3,3,0.5,avg_negative_log,10,0.6931,0.9,,912,181,1312,0.007948046912862267,True,0.0,True,10.0,0.5,additive,True
0.3691588785046729,0.14736842105263157,1.0,0.25688073394495414,original,SKAB,fold_5,123,7,3,3,0.5,avg_negative_log,10,0.6931,0.9,,912,181,1312,0.007948046912862267,True,0.0,True,10.0,0.5,additive,True
0.35202492211838005,0.1440329218106996,1.0,0.2517985611510791,gaussian_noise,SKAB,fold_5,123,7,3,3,0.5,avg_negative_log,10,0.6931,0.9,,912,181,1312,0.007948046912862267,True,0.0,True,10.0,0.5,additive,True
0.3691588785046729,0.14736842105263157,1.0,0.25688073394495414,original,SKAB,fold_5,2026,7,3,3,0.5,avg_negative_log,10,0.6931,0.9,,912,181,1312,0.007948046912862267,True,0.0,True,10.0,0.5,additive,True
0.3691588785046729,0.14736842105263157,1.0,0.25688073394495414,gaussian_noise,SKAB,fold_5,2026,7,3,3,0.5,avg_negative_log,10,0.6931,0.9,,912,181,1312,0.007948046912862267,True,0.0,True,10.0,0.5,additive,True
0.3691588785046729,0.14736842105263157,1.0,0.25688073394495414,original,SKAB,fold_5,7,7,3,3,0.5,avg_negative_log,10,0.6931,0.9,,912,181,1312,0.007948046912862267,True,0.0,True,10.0,0.5,additive,True
0.35202492211838005,0.1440329218106996,1.0,0.2517985611510791,gaussian_noise,SKAB,fold_5,7,7,3,3,0.5,avg_negative_log,10,0.6931,0.9,,912,181,1312,0.007948046912862267,True,0.0,True,10.0,0.5,additive,True
0.3691588785046729,0.14736842105263157,1.0,0.25688073394495414,original,SKAB,fold_5,999,7,3,3,0.5,avg_negative_log,10,0.6931,0.9,,912,181,1312,0.007948046912862267,True,0.0,True,10.0,0.5,additive,True
0.3660436137071651,0.14675052410901468,1.0,0.25594149908592323,gaussian_noise,SKAB,fold_5,999,7,3,3,0.5,avg_negative_log,10,0.6931,0.9,,912,181,1312,0.007948046912862267,True,0.0,True,10.0,0.5,additive,True
0.7598116169544741,0.0,0.0,0.0,original,SKAB,fold_1,42,7,3,3,0.5,avg_negative_log,10,0.9163,0.9,,822,182,1105,0.0073861661452902325,True,0.0,True,10.0,0.5,additive,True
0.7566718995290423,0.0,0.0,0.0,gaussian_noise,SKAB,fold_1,42,7,3,3,0.5,avg_negative_log,10,0.9163,0.9,,822,182,1105,0.0073861661452902325,True,0.0,True,10.0,0.5,additive,True
0.7598116169544741,0.0,0.0,0.0,original,SKAB,fold_1,123,7,3,3,0.5,avg_negative_log,10,0.9163,0.9,,822,182,1105,0.0073861661452902325,True,0.0,True,10.0,0.5,additive,True
0.7598116169544741,0.0,0.0,0.0,gaussian_noise,SKAB,fold_1,123,7,3,3,0.5,avg_negative_log,10,0.9163,0.9,,822,182,1105,0.0073861661452902325,True,0.0,True,10.0,0.5,additive,True
0.7598116169544741,0.0,0.0,0.0,original,SKAB,fold_1,2026,7,3,3,0.5,avg_negative_log,10,0.9163,0.9,,822,182,1105,0.0073861661452902325,True,0.0,True,10.0,0.5,additive,True
0.7315541601255887,0.0,0.0,0.0,gaussian_noise,SKAB,fold_1,2026,7,3,3,0.5,avg_negative_log,10,0.9163,0.9,,822,182,1105,0.0073861661452902325,True,0.0,True,10.0,0.5,additive,True
0.7598116169544741,0.0,0.0,0.0,original,SKAB,fold_1,7,7,3,3,0.5,avg_negative_log,10,0.9163,0.9,,822,182,1105,0.0073861661452902325,True,0.0,True,10.0,0.5,additive,True
0.7566718995290423,0.0,0.0,0.0,gaussian_noise,SKAB,fold_1,7,7,3,3,0.5,avg_negative_log,10,0.9163,0.9,,822,182,1105,0.0073861661452902325,True,0.0,True,10.0,0.5,additive,True
0.7598116169544741,0.0,0.0,0.0,original,SKAB,fold_1,999,7,3,3,0.5,avg_negative_log,10,0.9163,0.9,,822,182,1105,0.0073861661452902325,True,0.0,True,10.0,0.5,additive,True
0.7598116169544741,0.0,0.0,0.0,gaussian_noise,SKAB,fold_1,999,7,3,3,0.5,avg_negative_log,10,0.9163,0.9,,822,182,1105,0.0073861661452902325,True,0.0,True,10.0,0.5,additive,True
0.3943217665615142,0.0,0.0,0.0,original,SKAB,fold_2,42,7,3,3,0.5,avg_negative_log,10,0.9163,0.9,,965,207,1307,0.006543015193612175,True,0.0,True,10.0,0.5,additive,True
0.3990536277602524,0.0,0.0,0.0,gaussian_noise,SKAB,fold_2,42,7,3,3,0.5,avg_negative_log,10,0.9163,0.9,,965,207,1307,0.006543015193612175,True,0.0,True,10.0,0.5,additive,True
0.3943217665615142,0.0,0.0,0.0,original,SKAB,fold_2,123,7,3,3,0.5,avg_negative_log,10,0.9163,0.9,,965,207,1307,0.006543015193612175,True,0.0,True,10.0,0.5,additive,True
0.39274447949526814,0.012084592145015106,0.06451612903225806,0.020356234096692113,gaussian_noise,SKAB,fold_2,123,7,3,3,0.5,avg_negative_log,10,0.9163,0.9,,965,207,1307,0.006543015193612175,True,0.0,True,10.0,0.5,additive,True
0.3943217665615142,0.0,0.0,0.0,original,SKAB,fold_2,2026,7,3,3,0.5,avg_negative_log,10,0.9163,0.9,,965,207,1307,0.006543015193612175,True,0.0,True,10.0,0.5,additive,True
0.3675078864353312,0.0,0.0,0.0,gaussian_noise,SKAB,fold_2,2026,7,3,3,0.5,avg_negative_log,10,0.9163,0.9,,965,207,1307,0.006543015193612175,True,0.0,True,10.0,0.5,additive,True
0.3943217665615142,0.0,0.0,0.0,original,SKAB,fold_2,7,7,3,3,0.5,avg_negative_log,10,0.9163,0.9,,965,207,1307,0.006543015193612175,True,0.0,True,10.0,0.5,additive,True
0.38958990536277605,0.0,0.0,0.0,gaussian_noise,SKAB,fold_2,7,7,3,3,0.5,avg_negative_log,10,0.9163,0.9,,965,207,1307,0.006543015193612175,True,0.0,True,10.0,0.5,additive,True
0.3943217665615142,0.0,0.0,0.0,original,SKAB,fold_2,999,7,3,3,0.5,avg_negative_log,10,0.9163,0.9,,965,207,1307,0.006543015193612175,True,0.0,True,10.0,0.5,additive,True
0.3675078864353312,0.0,0.0,0.0,gaussian_noise,SKAB,fold_2,999,7,3,3,0.5,avg_negative_log,10,0.9163,0.9,,965,207,1307,0.006543015193612175,True,0.0,True,10.0,0.5,additive,True
0.4968454258675079,0.0707070707070707,0.328125,0.11634349030470914,original,SKAB,fold_3,42,7,3,3,0.5,avg_negative_log,10,0.9163,0.9,,980,215,1313,0.006231608922638823,True,0.0,True,10.0,0.5,additive,True
0.4668769716088328,0.06645569620253164,0.328125,0.11052631578947368,gaussian_noise,SKAB,fold_3,42,7,3,3,0.5,avg_negative_log,10,0.9163,0.9,,980,215,1313,0.006231608922638823,True,0.0,True,10.0,0.5,additive,True
0.4968454258675079,0.0707070707070707,0.328125,0.11634349030470914,original,SKAB,fold_3,123,7,3,3,0.5,avg_negative_log,10,0.9163,0.9,,980,215,1313,0.006231608922638823,True,0.0,True,10.0,0.5,additive,True
0.46529968454258674,0.06624605678233439,0.328125,0.11023622047244094,gaussian_noise,SKAB,fold_3,123,7,3,3,0.5,avg_negative_log,10,0.9163,0.9,,980,215,1313,0.006231608922638823,True,0.0,True,10.0,0.5,additive,True
0.4968454258675079,0.0707070707070707,0.328125,0.11634349030470914,original,SKAB,fold_3,2026,7,3,3,0.5,avg_negative_log,10,0.9163,0.9,,980,215,1313,0.006231608922638823,True,0.0,True,10.0,0.5,additive,True
0.4921135646687697,0.061224489795918366,0.28125,0.1005586592178771,gaussian_noise,SKAB,fold_3,2026,7,3,3,0.5,avg_negative_log,10,0.9163,0.9,,980,215,1313,0.006231608922638823,True,0.0,True,10.0,0.5,additive,True
0.4968454258675079,0.0707070707070707,0.328125,0.11634349030470914,original,SKAB,fold_3,7,7,3,3,0.5,avg_negative_log,10,0.9163,0.9,,980,215,1313,0.006231608922638823,True,0.0,True,10.0,0.5,additive,True
0.47634069400630913,0.05921052631578947,0.28125,0.09782608695652174,gaussian_noise,SKAB,fold_3,7,7,3,3,0.5,avg_negative_log,10,0.9163,0.9,,980,215,1313,0.006231608922638823,True,0.0,True,10.0,0.5,additive,True
0.4968454258675079,0.0707070707070707,0.328125,0.11634349030470914,original,SKAB,fold_3,999,7,3,3,0.5,avg_negative_log,10,0.9163,0.9,,980,215,1313,0.006231608922638823,True,0.0,True,10.0,0.5,additive,True
0.471608832807571,0.0670926517571885,0.328125,0.11140583554376658,gaussian_noise,SKAB,fold_3,999,7,3,3,0.5,avg_negative_log,10,0.9163,0.9,,980,215,1313,0.006231608922638823,True,0.0,True,10.0,0.5,additive,True
0.5862619808306709,0.17777777777777778,1.0,0.3018867924528302,original,SKAB,fold_4,42,7,3,3,0.5,avg_negative_log,10,0.9163,0.9,,994,212,1372,0.006510762689343609,True,0.0,True,10.0,0.5,additive,True
0.5670926517571885,0.1712538226299694,1.0,0.2924281984334204,gaussian_noise,SKAB,fold_4,42,7,3,3,0.5,avg_negative_log,10,0.9163,0.9,,994,212,1372,0.006510762689343609,True,0.0,True,10.0,0.5,additive,True
0.5862619808306709,0.17777777777777778,1.0,0.3018867924528302,original,SKAB,fold_4,123,7,3,3,0.5,avg_negative_log,10,0.9163,0.9,,994,212,1372,0.006510762689343609,True,0.0,True,10.0,0.5,additive,True
0.5830670926517572,0.17665615141955837,1.0,0.3002680965147453,gaussian_noise,SKAB,fold_4,123,7,3,3,0.5,avg_negative_log,10,0.9163,0.9,,994,212,1372,0.006510762689343609,True,0.0,True,10.0,0.5,additive,True
0.5862619808306709,0.17777777777777778,1.0,0.3018867924528302,original,SKAB,fold_4,2026,7,3,3,0.5,avg_negative_log,10,0.9163,0.9,,994,212,1372,0.006510762689343609,True,0.0,True,10.0,0.5,additive,True
0.5750798722044729,0.17391304347826086,1.0,0.2962962962962963,gaussian_noise,SKAB,fold_4,2026,7,3,3,0.5,avg_negative_log,10,0.9163,0.9,,994,212,1372,0.006510762689343609,True,0.0,True,10.0,0.5,additive,True
0.5862619808306709,0.17777777777777778,1.0,0.3018867924528302,original,SKAB,fold_4,7,7,3,3,0.5,avg_negative_log,10,0.9163,0.9,,994,212,1372,0.006510762689343609,True,0.0,True,10.0,0.5,additive,True
0.5638977635782748,0.1702127659574468,1.0,0.2909090909090909,gaussian_noise,SKAB,fold_4,7,7,3,3,0.5,avg_negative_log,10,0.9163,0.9,,994,212,1372,0.006510762689343609,True,0.0,True,10.0,0.5,additive,True
0.5862619808306709,0.17777777777777778,1.0,0.3018867924528302,original,SKAB,fold_4,999,7,3,3,0.5,avg_negative_log,10,0.9163,0.9,,994,212,1372,0.006510762689343609,True,0.0,True,10.0,0.5,additive,True
0.5878594249201278,0.17834394904458598,1.0,0.3027027027027027,gaussian_noise,SKAB,fold_4,999,7,3,3,0.5,avg_negative_log,10,0.9163,0.9,,994,212,1372,0.006510762689343609,True,0.0,True,10.0,0.5,additive,True
0.3878504672897196,0.1511879049676026,1.0,0.2626641651031895,original,SKAB,fold_5,42,7,3,3,0.5,avg_negative_log,10,0.9163,0.9,,912,181,1312,0.007948046912862267,True,0.0,True,10.0,0.5,additive,True
0.43302180685358255,0.16129032258064516,1.0,0.2777777777777778,gaussian_noise,SKAB,fold_5,42,7,3,3,0.5,avg_negative_log,10,0.9163,0.9,,912,181,1312,0.007948046912862267,True,0.0,True,10.0,0.5,additive,True
0.3878504672897196,0.1511879049676026,1.0,0.2626641651031895,original,SKAB,fold_5,123,7,3,3,0.5,avg_negative_log,10,0.9163,0.9,,912,181,1312,0.007948046912862267,True,0.0,True,10.0,0.5,additive,True
0.37227414330218067,0.14799154334038056,1.0,0.2578268876611418,gaussian_noise,SKAB,fold_5,123,7,3,3,0.5,avg_negative_log,10,0.9163,0.9,,912,181,1312,0.007948046912862267,True,0.0,True,10.0,0.5,additive,True
0.3878504672897196,0.1511879049676026,1.0,0.2626641651031895,original,SKAB,fold_5,2026,7,3,3,0.5,avg_negative_log,10,0.9163,0.9,,912,181,1312,0.007948046912862267,True,0.0,True,10.0,0.5,additive,True
0.3847352024922118,0.1475054229934924,0.9714285714285714,0.256120527306968,gaussian_noise,SKAB,fold_5,2026,7,3,3,0.5,avg_negative_log,10,0.9163,0.9,,912,181,1312,0.007948046912862267,True,0.0,True,10.0,0.5,additive,True
0.3878504672897196,0.1511879049676026,1.0,0.2626641651031895,original,SKAB,fold_5,7,7,3,3,0.5,avg_negative_log,10,0.9163,0.9,,912,181,1312,0.007948046912862267,True,0.0,True,10.0,0.5,additive,True
0.37227414330218067,0.14799154334038056,1.0,0.2578268876611418,gaussian_noise,SKAB,fold_5,7,7,3,3,0.5,avg_negative_log,10,0.9163,0.9,,912,181,1312,0.007948046912862267,True,0.0,True,10.0,0.5,additive,True
0.3878504672897196,0.1511879049676026,1.0,0.2626641651031895,original,SKAB,fold_5,999,7,3,3,0.5,avg_negative_log,10,0.9163,0.9,,912,181,1312,0.007948046912862267,True,0.0,True,10.0,0.5,additive,True
0.3847352024922118,0.15053763440860216,1.0,0.2616822429906542,gaussian_noise,SKAB,fold_5,999,7,3,3,0.5,avg_negative_log,10,0.9163,0.9,,912,181,1312,0.007948046912862267,True,0.0,True,10.0,0.5,additive,True
0.0036036036036036037,0.0,0.0,0.0,original,SKAB,fold_1,42,8,3,3,0.5,avg_negative_log,10,0.0,0.9,,1088,273,1348,0.004538353803059686,True,0.0,True,10.0,0.5,additive,True
0.0036036036036036037,0.0,0.0,0.0,gaussian_noise,SKAB,fold_1,42,8,3,3,0.5,avg_negative_log,10,0.0,0.9,,1088,273,1348,0.004538353803059686,True,0.0,True,10.0,0.5,additive,True
0.0036036036036036037,0.0,0.0,0.0,original,SKAB,fold_1,123,8,3,3,0.5,avg_negative_log,10,0.0,0.9,,1088,273,1348,0.004538353803059686,True,0.0,True,10.0,0.5,additive,True
0.0036036036036036037,0.0,0.0,0.0,gaussian_noise,SKAB,fold_1,123,8,3,3,0.5,avg_negative_log,10,0.0,0.9,,1088,273,1348,0.004538353803059686,True,0.0,True,10.0,0.5,additive,True
0.0036036036036036037,0.0,0.0,0.0,original,SKAB,fold_1,2026,8,3,3,0.5,avg_negative_log,10,0.0,0.9,,1088,273,1348,0.004538353803059686,True,0.0,True,10.0,0.5,additive,True
0.0036036036036036037,0.0,0.0,0.0,gaussian_noise,SKAB,fold_1,2026,8,3,3,0.5,avg_negative_log,10,0.0,0.9,,1088,273,1348,0.004538353803059686,True,0.0,True,10.0,0.5,additive,True
0.0036036036036036037,0.0,0.0,0.0,original,SKAB,fold_1,7,8,3,3,0.5,avg_negative_log,10,0.0,0.9,,1088,273,1348,0.004538353803059686,True,0.0,True,10.0,0.5,additive,True
0.0036036036036036037,0.0,0.0,0.0,gaussian_noise,SKAB,fold_1,7,8,3,3,0.5,avg_negative_log,10,0.0,0.9,,1088,273,1348,0.004538353803059686,True,0.0,True,10.0,0.5,additive,True
0.0036036036036036037,0.0,0.0,0.0,original,SKAB,fold_1,999,8,3,3,0.5,avg_negative_log,10,0.0,0.9,,1088,273,1348,0.004538353803059686,True,0.0,True,10.0,0.5,additive,True
0.0036036036036036037,0.0,0.0,0.0,gaussian_noise,SKAB,fold_1,999,8,3,3,0.5,avg_negative_log,10,0.0,0.9,,1088,273,1348,0.004538353803059686,True,0.0,True,10.0,0.5,additive,True
0.003616636528028933,0.0,0.0,0.0,original,SKAB,fold_2,42,8,3,3,0.5,avg_negative_log,10,0.0,0.9,,1260,318,1542,0.0038484576220425277,True,0.0,True,10.0,0.5,additive,True
0.003616636528028933,0.0,0.0,0.0,gaussian_noise,SKAB,fold_2,42,8,3,3,0.5,avg_negative_log,10,0.0,0.9,,1260,318,1542,0.0038484576220425277,True,0.0,True,10.0,0.5,additive,True
0.003616636528028933,0.0,0.0,0.0,original,SKAB,fold_2,123,8,3,3,0.5,avg_negative_log,10,0.0,0.9,,1260,318,1542,0.0038484576220425277,True,0.0,True,10.0,0.5,additive,True
0.003616636528028933,0.0,0.0,0.0,gaussian_noise,SKAB,fold_2,123,8,3,3,0.5,avg_negative_log,10,0.0,0.9,,1260,318,1542,0.0038484576220425277,True,0.0,True,10.0,0.5,additive,True
0.003616636528028933,0.0,0.0,0.0,original,SKAB,fold_2,2026,8,3,3,0.5,avg_negative_log,10,0.0,0.9,,1260,318,1542,0.0038484576220425277,True,0.0,True,10.0,0.5,additive,True
0.003616636528028933,0.0,0.0,0.0,gaussian_noise,SKAB,fold_2,2026,8,3,3,0.5,avg_negative_log,10,0.0,0.9,,1260,318,1542,0.0038484576220425277,True,0.0,True,10.0,0.5,additive,True
0.003616636528028933,0.0,0.0,0.0,original,SKAB,fold_2,7,8,3,3,0.5,avg_negative_log,10,0.0,0.9,,1260,318,1542,0.0038484576220425277,True,0.0,True,10.0,0.5,additive,True
0.003616636528028933,0.0,0.0,0.0,gaussian_noise,SKAB,fold_2,7,8,3,3,0.5,avg_negative_log,10,0.0,0.9,,1260,318,1542,0.0038484576220425277,True,0.0,True,10.0,0.5,additive,True
0.003616636528028933,0.0,0.0,0.0,original,SKAB,fold_2,999,8,3,3,0.5,avg_negative_log,10,0.0,0.9,,1260,318,1542,0.0038484576220425277,True,0.0,True,10.0,0.5,additive,True
0.003616636528028933,0.0,0.0,0.0,gaussian_noise,SKAB,fold_2,999,8,3,3,0.5,avg_negative_log,10,0.0,0.9,,1260,318,1542,0.0038484576220425277,True,0.0,True,10.0,0.5,additive,True
0.003616636528028933,0.0,0.0,0.0,original,SKAB,fold_3,42,8,3,3,0.5,avg_negative_log,10,0.0,0.9,,1302,329,1597,0.003728189971939359,True,0.0,True,10.0,0.5,additive,True
0.003616636528028933,0.0,0.0,0.0,gaussian_noise,SKAB,fold_3,42,8,3,3,0.5,avg_negative_log,10,0.0,0.9,,1302,329,1597,0.003728189971939359,True,0.0,True,10.0,0.5,additive,True
0.003616636528028933,0.0,0.0,0.0,original,SKAB,fold_3,123,8,3,3,0.5,avg_negative_log,10,0.0,0.9,,1302,329,1597,0.003728189971939359,True,0.0,True,10.0,0.5,additive,True
0.003616636528028933,0.0,0.0,0.0,gaussian_noise,SKAB,fold_3,123,8,3,3,0.5,avg_negative_log,10,0.0,0.9,,1302,329,1597,0.003728189971939359,True,0.0,True,10.0,0.5,additive,True
0.003616636528028933,0.0,0.0,0.0,original,SKAB,fold_3,2026,8,3,3,0.5,avg_negative_log,10,0.0,0.9,,1302,329,1597,0.003728189971939359,True,0.0,True,10.0,0.5,additive,True
0.003616636528028933,0.0,0.0,0.0,gaussian_noise,SKAB,fold_3,2026,8,3,3,0.5,avg_negative_log,10,0.0,0.9,,1302,329,1597,0.003728189971939359,True,0.0,True,10.0,0.5,additive,True
0.003616636528028933,0.0,0.0,0.0,original,SKAB,fold_3,7,8,3,3,0.5,avg_negative_log,10,0.0,0.9,,1302,329,1597,0.003728189971939359,True,0.0,True,10.0,0.5,additive,True
0.003616636528028933,0.0,0.0,0.0,gaussian_noise,SKAB,fold_3,7,8,3,3,0.5,avg_negative_log,10,0.0,0.9,,1302,329,1597,0.003728189971939359,True,0.0,True,10.0,0.5,additive,True
0.003616636528028933,0.0,0.0,0.0,original,SKAB,fold_3,999,8,3,3,0.5,avg_negative_log,10,0.0,0.9,,1302,329,1597,0.003728189971939359,True,0.0,True,10.0,0.5,additive,True
0.003616636528028933,0.0,0.0,0.0,gaussian_noise,SKAB,fold_3,999,8,3,3,0.5,avg_negative_log,10,0.0,0.9,,1302,329,1597,0.003728189971939359,True,0.0,True,10.0,0.5,additive,True
0.003663003663003663,0.0,0.0,0.0,original,SKAB,fold_4,42,8,3,3,0.5,avg_negative_log,10,0.0,0.9,,1269,318,1562,0.0038707247324937678,True,0.0,True,10.0,0.5,additive,True
0.003663003663003663,0.0,0.0,0.0,gaussian_noise,SKAB,fold_4,42,8,3,3,0.5,avg_negative_log,10,0.0,0.9,,1269,318,1562,0.0038707247324937678,True,0.0,True,10.0,0.5,additive,True
0.003663003663003663,0.0,0.0,0.0,original,SKAB,fold_4,123,8,3,3,0.5,avg_negative_log,10,0.0,0.9,,1269,318,1562,0.0038707247324937678,True,0.0,True,10.0,0.5,additive,True
0.003663003663003663,0.0,0.0,0.0,gaussian_noise,SKAB,fold_4,123,8,3,3,0.5,avg_negative_log,10,0.0,0.9,,1269,318,1562,0.0038707247324937678,True,0.0,True,10.0,0.5,additive,True
0.003663003663003663,0.0,0.0,0.0,original,SKAB,fold_4,2026,8,3,3,0.5,avg_negative_log,10,0.0,0.9,,1269,318,1562,0.0038707247324937678,True,0.0,True,10.0,0.5,additive,True
0.003663003663003663,0.0,0.0,0.0,gaussian_noise,SKAB,fold_4,2026,8,3,3,0.5,avg_negative_log,10,0.0,0.9,,1269,318,1562,0.0038707247324937678,True,0.0,True,10.0,0.5,additive,True
0.003663003663003663,0.0,0.0,0.0,original,SKAB,fold_4,7,8,3,3,0.5,avg_negative_log,10,0.0,0.9,,1269,318,1562,0.0038707247324937678,True,0.0,True,10.0,0.5,additive,True
0.003663003663003663,0.0,0.0,0.0,gaussian_noise,SKAB,fold_4,7,8,3,3,0.5,avg_negative_log,10,0.0,0.9,,1269,318,1562,0.0038707247324937678,True,0.0,True,10.0,0.5,additive,True
0.003663003663003663,0.0,0.0,0.0,original,SKAB,fold_4,999,8,3,3,0.5,avg_negative_log,10,0.0,0.9,,1269,318,1562,0.0038707247324937678,True,0.0,True,10.0,0.5,additive,True
0.003663003663003663,0.0,0.0,0.0,gaussian_noise,SKAB,fold_4,999,8,3,3,0.5,avg_negative_log,10,0.0,0.9,,1269,318,1562,0.0038707247324937678,True,0.0,True,10.0,0.5,additive,True
0.0035778175313059034,0.0,0.0,0.0,original,SKAB,fold_5,42,8,3,3,0.5,avg_negative_log,10,0.0,0.9,,1231,290,1559,0.004367069105577187,True,0.0,True,10.0,0.5,additive,True
0.0035778175313059034,0.0,0.0,0.0,gaussian_noise,SKAB,fold_5,42,8,3,3,0.5,avg_negative_log,10,0.0,0.9,,1231,290,1559,0.004367069105577187,True,0.0,True,10.0,0.5,additive,True
0.0035778175313059034,0.0,0.0,0.0,original,SKAB,fold_5,123,8,3,3,0.5,avg_negative_log,10,0.0,0.9,,1231,290,1559,0.004367069105577187,True,0.0,True,10.0,0.5,additive,True
0.0035778175313059034,0.0,0.0,0.0,gaussian_noise,SKAB,fold_5,123,8,3,3,0.5,avg_negative_log,10,0.0,0.9,,1231,290,1559,0.004367069105577187,True,0.0,True,10.0,0.5,additive,True
0.0035778175313059034,0.0,0.0,0.0,original,SKAB,fold_5,2026,8,3,3,0.5,avg_negative_log,10,0.0,0.9,,1231,290,1559,0.004367069105577187,True,0.0,True,10.0,0.5,additive,True
0.0035778175313059034,0.0,0.0,0.0,gaussian_noise,SKAB,fold_5,2026,8,3,3,0.5,avg_negative_log,10,0.0,0.9,,1231,290,1559,0.004367069105577187,True,0.0,True,10.0,0.5,additive,True
0.0035778175313059034,0.0,0.0,0.0,original,SKAB,fold_5,7,8,3,3,0.5,avg_negative_log,10,0.0,0.9,,1231,290,1559,0.004367069105577187,True,0.0,True,10.0,0.5,additive,True
0.0035778175313059034,0.0,0.0,0.0,gaussian_noise,SKAB,fold_5,7,8,3,3,0.5,avg_negative_log,10,0.0,0.9,,1231,290,1559,0.004367069105577187,True,0.0,True,10.0,0.5,additive,True
0.0035778175313059034,0.0,0.0,0.0,original,SKAB,fold_5,999,8,3,3,0.5,avg_negative_log,10,0.0,0.9,,1231,290,1559,0.004367069105577187,True,0.0,True,10.0,0.5,additive,True
0.0035778175313059034,0.0,0.0,0.0,gaussian_noise,SKAB,fold_5,999,8,3,3,0.5,avg_negative_log,10,0.0,0.9,,1231,290,1559,0.004367069105577187,True,0.0,True,10.0,0.5,additive,True
0.0036036036036036037,0.0,0.0,0.0,original,SKAB,fold_1,42,8,3,3,0.5,avg_negative_log,10,0.001,0.9,,1088,273,1348,0.004538353803059686,True,0.0,True,10.0,0.5,additive,True
0.0036036036036036037,0.0,0.0,0.0,gaussian_noise,SKAB,fold_1,42,8,3,3,0.5,avg_negative_log,10,0.001,0.9,,1088,273,1348,0.004538353803059686,True,0.0,True,10.0,0.5,additive,True
0.0036036036036036037,0.0,0.0,0.0,original,SKAB,fold_1,123,8,3,3,0.5,avg_negative_log,10,0.001,0.9,,1088,273,1348,0.004538353803059686,True,0.0,True,10.0,0.5,additive,True
0.0036036036036036037,0.0,0.0,0.0,gaussian_noise,SKAB,fold_1,123,8,3,3,0.5,avg_negative_log,10,0.001,0.9,,1088,273,1348,0.004538353803059686,True,0.0,True,10.0,0.5,additive,True
0.0036036036036036037,0.0,0.0,0.0,original,SKAB,fold_1,2026,8,3,3,0.5,avg_negative_log,10,0.001,0.9,,1088,273,1348,0.004538353803059686,True,0.0,True,10.0,0.5,additive,True
0.0036036036036036037,0.0,0.0,0.0,gaussian_noise,SKAB,fold_1,2026,8,3,3,0.5,avg_negative_log,10,0.001,0.9,,1088,273,1348,0.004538353803059686,True,0.0,True,10.0,0.5,additive,True
0.0036036036036036037,0.0,0.0,0.0,original,SKAB,fold_1,7,8,3,3,0.5,avg_negative_log,10,0.001,0.9,,1088,273,1348,0.004538353803059686,True,0.0,True,10.0,0.5,additive,True
0.0036036036036036037,0.0,0.0,0.0,gaussian_noise,SKAB,fold_1,7,8,3,3,0.5,avg_negative_log,10,0.001,0.9,,1088,273,1348,0.004538353803059686,True,0.0,True,10.0,0.5,additive,True
0.0036036036036036037,0.0,0.0,0.0,original,SKAB,fold_1,999,8,3,3,0.5,avg_negative_log,10,0.001,0.9,,1088,273,1348,0.004538353803059686,True,0.0,True,10.0,0.5,additive,True
0.0036036036036036037,0.0,0.0,0.0,gaussian_noise,SKAB,fold_1,999,8,3,3,0.5,avg_negative_log,10,0.001,0.9,,1088,273,1348,0.004538353803059686,True,0.0,True,10.0,0.5,additive,True
0.003616636528028933,0.0,0.0,0.0,original,SKAB,fold_2,42,8,3,3,0.5,avg_negative_log,10,0.001,0.9,,1260,318,1542,0.0038484576220425277,True,0.0,True,10.0,0.5,additive,True
0.003616636528028933,0.0,0.0,0.0,gaussian_noise,SKAB,fold_2,42,8,3,3,0.5,avg_negative_log,10,0.001,0.9,,1260,318,1542,0.0038484576220425277,True,0.0,True,10.0,0.5,additive,True
0.003616636528028933,0.0,0.0,0.0,original,SKAB,fold_2,123,8,3,3,0.5,avg_negative_log,10,0.001,0.9,,1260,318,1542,0.0038484576220425277,True,0.0,True,10.0,0.5,additive,True
0.003616636528028933,0.0,0.0,0.0,gaussian_noise,SKAB,fold_2,123,8,3,3,0.5,avg_negative_log,10,0.001,0.9,,1260,318,1542,0.0038484576220425277,True,0.0,True,10.0,0.5,additive,True
0.003616636528028933,0.0,0.0,0.0,original,SKAB,fold_2,2026,8,3,3,0.5,avg_negative_log,10,0.001,0.9,,1260,318,1542,0.0038484576220425277,True,0.0,True,10.0,0.5,additive,True
0.003616636528028933,0.0,0.0,0.0,gaussian_noise,SKAB,fold_2,2026,8,3,3,0.5,avg_negative_log,10,0.001,0.9,,1260,318,1542,0.0038484576220425277,True,0.0,True,10.0,0.5,additive,True
0.003616636528028933,0.0,0.0,0.0,original,SKAB,fold_2,7,8,3,3,0.5,avg_negative_log,10,0.001,0.9,,1260,318,1542,0.0038484576220425277,True,0.0,True,10.0,0.5,additive,True
0.003616636528028933,0.0,0.0,0.0,gaussian_noise,SKAB,fold_2,7,8,3,3,0.5,avg_negative_log,10,0.001,0.9,,1260,318,1542,0.0038484576220425277,True,0.0,True,10.0,0.5,additive,True
0.003616636528028933,0.0,0.0,0.0,original,SKAB,fold_2,999,8,3,3,0.5,avg_negative_log,10,0.001,0.9,,1260,318,1542,0.0038484576220425277,True,0.0,True,10.0,0.5,additive,True
0.003616636528028933,0.0,0.0,0.0,gaussian_noise,SKAB,fold_2,999,8,3,3,0.5,avg_negative_log,10,0.001,0.9,,1260,318,1542,0.0038484576220425277,True,0.0,True,10.0,0.5,additive,True
0.003616636528028933,0.0,0.0,0.0,original,SKAB,fold_3,42,8,3,3,0.5,avg_negative_log,10,0.001,0.9,,1302,329,1597,0.003728189971939359,True,0.0,True,10.0,0.5,additive,True
0.003616636528028933,0.0,0.0,0.0,gaussian_noise,SKAB,fold_3,42,8,3,3,0.5,avg_negative_log,10,0.001,0.9,,1302,329,1597,0.003728189971939359,True,0.0,True,10.0,0.5,additive,True
0.003616636528028933,0.0,0.0,0.0,original,SKAB,fold_3,123,8,3,3,0.5,avg_negative_log,10,0.001,0.9,,1302,329,1597,0.003728189971939359,True,0.0,True,10.0,0.5,additive,True
0.003616636528028933,0.0,0.0,0.0,gaussian_noise,SKAB,fold_3,123,8,3,3,0.5,avg_negative_log,10,0.001,0.9,,1302,329,1597,0.003728189971939359,True,0.0,True,10.0,0.5,additive,True
0.003616636528028933,0.0,0.0,0.0,original,SKAB,fold_3,2026,8,3,3,0.5,avg_negative_log,10,0.001,0.9,,1302,329,1597,0.003728189971939359,True,0.0,True,10.0,0.5,additive,True
0.003616636528028933,0.0,0.0,0.0,gaussian_noise,SKAB,fold_3,2026,8,3,3,0.5,avg_negative_log,10,0.001,0.9,,1302,329,1597,0.003728189971939359,True,0.0,True,10.0,0.5,additive,True
0.003616636528028933,0.0,0.0,0.0,original,SKAB,fold_3,7,8,3,3,0.5,avg_negative_log,10,0.001,0.9,,1302,329,1597,0.003728189971939359,True,0.0,True,10.0,0.5,additive,True
0.003616636528028933,0.0,0.0,0.0,gaussian_noise,SKAB,fold_3,7,8,3,3,0.5,avg_negative_log,10,0.001,0.9,,1302,329,1597,0.003728189971939359,True,0.0,True,10.0,0.5,additive,True
0.003616636528028933,0.0,0.0,0.0,original,SKAB,fold_3,999,8,3,3,0.5,avg_negative_log,10,0.001,0.9,,1302,329,1597,0.003728189971939359,True,0.0,True,10.0,0.5,additive,True
0.003616636528028933,0.0,0.0,0.0,gaussian_noise,SKAB,fold_3,999,8,3,3,0.5,avg_negative_log,10,0.001,0.9,,1302,329,1597,0.003728189971939359,True,0.0,True,10.0,0.5,additive,True
0.003663003663003663,0.0,0.0,0.0,original,SKAB,fold_4,42,8,3,3,0.5,avg_negative_log,10,0.001,0.9,,1269,318,1562,0.0038707247324937678,True,0.0,True,10.0,0.5,additive,True
0.003663003663003663,0.0,0.0,0.0,gaussian_noise,SKAB,fold_4,42,8,3,3,0.5,avg_negative_log,10,0.001,0.9,,1269,318,1562,0.0038707247324937678,True,0.0,True,10.0,0.5,additive,True
0.003663003663003663,0.0,0.0,0.0,original,SKAB,fold_4,123,8,3,3,0.5,avg_negative_log,10,0.001,0.9,,1269,318,1562,0.0038707247324937678,True,0.0,True,10.0,0.5,additive,True
0.003663003663003663,0.0,0.0,0.0,gaussian_noise,SKAB,fold_4,123,8,3,3,0.5,avg_negative_log,10,0.001,0.9,,1269,318,1562,0.0038707247324937678,True,0.0,True,10.0,0.5,additive,True
0.003663003663003663,0.0,0.0,0.0,original,SKAB,fold_4,2026,8,3,3,0.5,avg_negative_log,10,0.001,0.9,,1269,318,1562,0.0038707247324937678,True,0.0,True,10.0,0.5,additive,True
0.003663003663003663,0.0,0.0,0.0,gaussian_noise,SKAB,fold_4,2026,8,3,3,0.5,avg_negative_log,10,0.001,0.9,,1269,318,1562,0.0038707247324937678,True,0.0,True,10.0,0.5,additive,True
0.003663003663003663,0.0,0.0,0.0,original,SKAB,fold_4,7,8,3,3,0.5,avg_negative_log,10,0.001,0.9,,1269,318,1562,0.0038707247324937678,True,0.0,True,10.0,0.5,additive,True
0.003663003663003663,0.0,0.0,0.0,gaussian_noise,SKAB,fold_4,7,8,3,3,0.5,avg_negative_log,10,0.001,0.9,,1269,318,1562,0.0038707247324937678,True,0.0,True,10.0,0.5,additive,True
0.003663003663003663,0.0,0.0,0.0,original,SKAB,fold_4,999,8,3,3,0.5,avg_negative_log,10,0.001,0.9,,1269,318,1562,0.0038707247324937678,True,0.0,True,10.0,0.5,additive,True
0.003663003663003663,0.0,0.0,0.0,gaussian_noise,SKAB,fold_4,999,8,3,3,0.5,avg_negative_log,10,0.001,0.9,,1269,318,1562,0.0038707247324937678,True,0.0,True,10.0,0.5,additive,True
0.0035778175313059034,0.0,0.0,0.0,original,SKAB,fold_5,42,8,3,3,0.5,avg_negative_log,10,0.001,0.9,,1231,290,1559,0.004367069105577187,True,0.0,True,10.0,0.5,additive,True
0.0035778175313059034,0.0,0.0,0.0,gaussian_noise,SKAB,fold_5,42,8,3,3,0.5,avg_negative_log,10,0.001,0.9,,1231,290,1559,0.004367069105577187,True,0.0,True,10.0,0.5,additive,True
0.0035778175313059034,0.0,0.0,0.0,original,SKAB,fold_5,123,8,3,3,0.5,avg_negative_log,10,0.001,0.9,,1231,290,1559,0.004367069105577187,True,0.0,True,10.0,0.5,additive,True
0.0035778175313059034,0.0,0.0,0.0,gaussian_noise,SKAB,fold_5,123,8,3,3,0.5,avg_negative_log,10,0.001,0.9,,1231,290,1559,0.004367069105577187,True,0.0,True,10.0,0.5,additive,True
0.0035778175313059034,0.0,0.0,0.0,original,SKAB,fold_5,2026,8,3,3,0.5,avg_negative_log,10,0.001,0.9,,1231,290,1559,0.004367069105577187,True,0.0,True,10.0,0.5,additive,True
0.0035778175313059034,0.0,0.0,0.0,gaussian_noise,SKAB,fold_5,2026,8,3,3,0.5,avg_negative_log,10,0.001,0.9,,1231,290,1559,0.004367069105577187,True,0.0,True,10.0,0.5,additive,True
0.0035778175313059034,0.0,0.0,0.0,original,SKAB,fold_5,7,8,3,3,0.5,avg_negative_log,10,0.001,0.9,,1231,290,1559,0.004367069105577187,True,0.0,True,10.0,0.5,additive,True
0.0035778175313059034,0.0,0.0,0.0,gaussian_noise,SKAB,fold_5,7,8,3,3,0.5,avg_negative_log,10,0.001,0.9,,1231,290,1559,0.004367069105577187,True,0.0,True,10.0,0.5,additive,True
0.0035778175313059034,0.0,0.0,0.0,original,SKAB,fold_5,999,8,3,3,0.5,avg_negative_log,10,0.001,0.9,,1231,290,1559,0.004367069105577187,True,0.0,True,10.0,0.5,additive,True
0.0035778175313059034,0.0,0.0,0.0,gaussian_noise,SKAB,fold_5,999,8,3,3,0.5,avg_negative_log,10,0.001,0.9,,1231,290,1559,0.004367069105577187,True,0.0,True,10.0,0.5,additive,True
0.0036036036036036037,0.0,0.0,0.0,original,SKAB,fold_1,42,8,3,3,0.5,avg_negative_log,10,0.005,0.9,,1088,273,1348,0.004538353803059686,True,0.0,True,10.0,0.5,additive,True
0.0036036036036036037,0.0,0.0,0.0,gaussian_noise,SKAB,fold_1,42,8,3,3,0.5,avg_negative_log,10,0.005,0.9,,1088,273,1348,0.004538353803059686,True,0.0,True,10.0,0.5,additive,True
0.0036036036036036037,0.0,0.0,0.0,original,SKAB,fold_1,123,8,3,3,0.5,avg_negative_log,10,0.005,0.9,,1088,273,1348,0.004538353803059686,True,0.0,True,10.0,0.5,additive,True
0.0036036036036036037,0.0,0.0,0.0,gaussian_noise,SKAB,fold_1,123,8,3,3,0.5,avg_negative_log,10,0.005,0.9,,1088,273,1348,0.004538353803059686,True,0.0,True,10.0,0.5,additive,True
0.0036036036036036037,0.0,0.0,0.0,original,SKAB,fold_1,2026,8,3,3,0.5,avg_negative_log,10,0.005,0.9,,1088,273,1348,0.004538353803059686,True,0.0,True,10.0,0.5,additive,True
0.0036036036036036037,0.0,0.0,0.0,gaussian_noise,SKAB,fold_1,2026,8,3,3,0.5,avg_negative_log,10,0.005,0.9,,1088,273,1348,0.004538353803059686,True,0.0,True,10.0,0.5,additive,True
0.0036036036036036037,0.0,0.0,0.0,original,SKAB,fold_1,7,8,3,3,0.5,avg_negative_log,10,0.005,0.9,,1088,273,1348,0.004538353803059686,True,0.0,True,10.0,0.5,additive,True
0.0036036036036036037,0.0,0.0,0.0,gaussian_noise,SKAB,fold_1,7,8,3,3,0.5,avg_negative_log,10,0.005,0.9,,1088,273,1348,0.004538353803059686,True,0.0,True,10.0,0.5,additive,True
0.0036036036036036037,0.0,0.0,0.0,original,SKAB,fold_1,999,8,3,3,0.5,avg_negative_log,10,0.005,0.9,,1088,273,1348,0.004538353803059686,True,0.0,True,10.0,0.5,additive,True
0.0036036036036036037,0.0,0.0,0.0,gaussian_noise,SKAB,fold_1,999,8,3,3,0.5,avg_negative_log,10,0.005,0.9,,1088,273,1348,0.004538353803059686,True,0.0,True,10.0,0.5,additive,True
0.003616636528028933,0.0,0.0,0.0,original,SKAB,fold_2,42,8,3,3,0.5,avg_negative_log,10,0.005,0.9,,1260,318,1542,0.0038484576220425277,True,0.0,True,10.0,0.5,additive,True
0.003616636528028933,0.0,0.0,0.0,gaussian_noise,SKAB,fold_2,42,8,3,3,0.5,avg_negative_log,10,0.005,0.9,,1260,318,1542,0.0038484576220425277,True,0.0,True,10.0,0.5,additive,True
0.003616636528028933,0.0,0.0,0.0,original,SKAB,fold_2,123,8,3,3,0.5,avg_negative_log,10,0.005,0.9,,1260,318,1542,0.0038484576220425277,True,0.0,True,10.0,0.5,additive,True
0.003616636528028933,0.0,0.0,0.0,gaussian_noise,SKAB,fold_2,123,8,3,3,0.5,avg_negative_log,10,0.005,0.9,,1260,318,1542,0.0038484576220425277,True,0.0,True,10.0,0.5,additive,True
0.003616636528028933,0.0,0.0,0.0,original,SKAB,fold_2,2026,8,3,3,0.5,avg_negative_log,10,0.005,0.9,,1260,318,1542,0.0038484576220425277,True,0.0,True,10.0,0.5,additive,True
0.003616636528028933,0.0,0.0,0.0,gaussian_noise,SKAB,fold_2,2026,8,3,3,0.5,avg_negative_log,10,0.005,0.9,,1260,318,1542,0.0038484576220425277,True,0.0,True,10.0,0.5,additive,True
0.003616636528028933,0.0,0.0,0.0,original,SKAB,fold_2,7,8,3,3,0.5,avg_negative_log,10,0.005,0.9,,1260,318,1542,0.0038484576220425277,True,0.0,True,10.0,0.5,additive,True
0.003616636528028933,0.0,0.0,0.0,gaussian_noise,SKAB,fold_2,7,8,3,3,0.5,avg_negative_log,10,0.005,0.9,,1260,318,1542,0.0038484576220425277,True,0.0,True,10.0,0.5,additive,True
0.003616636528028933,0.0,0.0,0.0,original,SKAB,fold_2,999,8,3,3,0.5,avg_negative_log,10,0.005,0.9,,1260,318,1542,0.0038484576220425277,True,0.0,True,10.0,0.5,additive,True
0.003616636528028933,0.0,0.0,0.0,gaussian_noise,SKAB,fold_2,999,8,3,3,0.5,avg_negative_log,10,0.005,0.9,,1260,318,1542,0.0038484576220425277,True,0.0,True,10.0,0.5,additive,True
0.003616636528028933,0.0,0.0,0.0,original,SKAB,fold_3,42,8,3,3,0.5,avg_negative_log,10,0.005,0.9,,1302,329,1597,0.003728189971939359,True,0.0,True,10.0,0.5,additive,True
0.003616636528028933,0.0,0.0,0.0,gaussian_noise,SKAB,fold_3,42,8,3,3,0.5,avg_negative_log,10,0.005,0.9,,1302,329,1597,0.003728189971939359,True,0.0,True,10.0,0.5,additive,True
0.003616636528028933,0.0,0.0,0.0,original,SKAB,fold_3,123,8,3,3,0.5,avg_negative_log,10,0.005,0.9,,1302,329,1597,0.003728189971939359,True,0.0,True,10.0,0.5,additive,True
0.003616636528028933,0.0,0.0,0.0,gaussian_noise,SKAB,fold_3,123,8,3,3,0.5,avg_negative_log,10,0.005,0.9,,1302,329,1597,0.003728189971939359,True,0.0,True,10.0,0.5,additive,True
0.003616636528028933,0.0,0.0,0.0,original,SKAB,fold_3,2026,8,3,3,0.5,avg_negative_log,10,0.005,0.9,,1302,329,1597,0.003728189971939359,True,0.0,True,10.0,0.5,additive,True
0.003616636528028933,0.0,0.0,0.0,gaussian_noise,SKAB,fold_3,2026,8,3,3,0.5,avg_negative_log,10,0.005,0.9,,1302,329,1597,0.003728189971939359,True,0.0,True,10.0,0.5,additive,True
0.003616636528028933,0.0,0.0,0.0,original,SKAB,fold_3,7,8,3,3,0.5,avg_negative_log,10,0.005,0.9,,1302,329,1597,0.003728189971939359,True,0.0,True,10.0,0.5,additive,True
0.003616636528028933,0.0,0.0,0.0,gaussian_noise,SKAB,fold_3,7,8,3,3,0.5,avg_negative_log,10,0.005,0.9,,1302,329,1597,0.003728189971939359,True,0.0,True,10.0,0.5,additive,True
0.003616636528028933,0.0,0.0,0.0,original,SKAB,fold_3,999,8,3,3,0.5,avg_negative_log,10,0.005,0.9,,1302,329,1597,0.003728189971939359,True,0.0,True,10.0,0.5,additive,True
0.003616636528028933,0.0,0.0,0.0,gaussian_noise,SKAB,fold_3,999,8,3,3,0.5,avg_negative_log,10,0.005,0.9,,1302,329,1597,0.003728189971939359,True,0.0,True,10.0,0.5,additive,True
0.003663003663003663,0.0,0.0,0.0,original,SKAB,fold_4,42,8,3,3,0.5,avg_negative_log,10,0.005,0.9,,1269,318,1562,0.0038707247324937678,True,0.0,True,10.0,0.5,additive,True
0.003663003663003663,0.0,0.0,0.0,gaussian_noise,SKAB,fold_4,42,8,3,3,0.5,avg_negative_log,10,0.005,0.9,,1269,318,1562,0.0038707247324937678,True,0.0,True,10.0,0.5,additive,True
0.003663003663003663,0.0,0.0,0.0,original,SKAB,fold_4,123,8,3,3,0.5,avg_negative_log,10,0.005,0.9,,1269,318,1562,0.0038707247324937678,True,0.0,True,10.0,0.5,additive,True
0.003663003663003663,0.0,0.0,0.0,gaussian_noise,SKAB,fold_4,123,8,3,3,0.5,avg_negative_log,10,0.005,0.9,,1269,318,1562,0.0038707247324937678,True,0.0,True,10.0,0.5,additive,True
0.003663003663003663,0.0,0.0,0.0,original,SKAB,fold_4,2026,8,3,3,0.5,avg_negative_log,10,0.005,0.9,,1269,318,1562,0.0038707247324937678,True,0.0,True,10.0,0.5,additive,True
0.003663003663003663,0.0,0.0,0.0,gaussian_noise,SKAB,fold_4,2026,8,3,3,0.5,avg_negative_log,10,0.005,0.9,,1269,318,1562,0.0038707247324937678,True,0.0,True,10.0,0.5,additive,True
0.003663003663003663,0.0,0.0,0.0,original,SKAB,fold_4,7,8,3,3,0.5,avg_negative_log,10,0.005,0.9,,1269,318,1562,0.0038707247324937678,True,0.0,True,10.0,0.5,additive,True
0.003663003663003663,0.0,0.0,0.0,gaussian_noise,SKAB,fold_4,7,8,3,3,0.5,avg_negative_log,10,0.005,0.9,,1269,318,1562,0.0038707247324937678,True,0.0,True,10.0,0.5,additive,True
0.003663003663003663,0.0,0.0,0.0,original,SKAB,fold_4,999,8,3,3,0.5,avg_negative_log,10,0.005,0.9,,1269,318,1562,0.0038707247324937678,True,0.0,True,10.0,0.5,additive,True
0.003663003663003663,0.0,0.0,0.0,gaussian_noise,SKAB,fold_4,999,8,3,3,0.5,avg_negative_log,10,0.005,0.9,,1269,318,1562,0.0038707247324937678,True,0.0,True,10.0,0.5,additive,True
0.0035778175313059034,0.0,0.0,0.0,original,SKAB,fold_5,42,8,3,3,0.5,avg_negative_log,10,0.005,0.9,,1231,290,1559,0.004367069105577187,True,0.0,True,10.0,0.5,additive,True
0.0035778175313059034,0.0,0.0,0.0,gaussian_noise,SKAB,fold_5,42,8,3,3,0.5,avg_negative_log,10,0.005,0.9,,1231,290,1559,0.004367069105577187,True,0.0,True,10.0,0.5,additive,True
0.0035778175313059034,0.0,0.0,0.0,original,SKAB,fold_5,123,8,3,3,0.5,avg_negative_log,10,0.005,0.9,,1231,290,1559,0.004367069105577187,True,0.0,True,10.0,0.5,additive,True
0.0035778175313059034,0.0,0.0,0.0,gaussian_noise,SKAB,fold_5,123,8,3,3,0.5,avg_negative_log,10,0.005,0.9,,1231,290,1559,0.004367069105577187,True,0.0,True,10.0,0.5,additive,True
0.0035778175313059034,0.0,0.0,0.0,original,SKAB,fold_5,2026,8,3,3,0.5,avg_negative_log,10,0.005,0.9,,1231,290,1559,0.004367069105577187,True,0.0,True,10.0,0.5,additive,True
0.0035778175313059034,0.0,0.0,0.0,gaussian_noise,SKAB,fold_5,2026,8,3,3,0.5,avg_negative_log,10,0.005,0.9,,1231,290,1559,0.004367069105577187,True,0.0,True,10.0,0.5,additive,True
0.0035778175313059034,0.0,0.0,0.0,original,SKAB,fold_5,7,8,3,3,0.5,avg_negative_log,10,0.005,0.9,,1231,290,1559,0.004367069105577187,True,0.0,True,10.0,0.5,additive,True
0.0035778175313059034,0.0,0.0,0.0,gaussian_noise,SKAB,fold_5,7,8,3,3,0.5,avg_negative_log,10,0.005,0.9,,1231,290,1559,0.004367069105577187,True,0.0,True,10.0,0.5,additive,True
0.0035778175313059034,0.0,0.0,0.0,original,SKAB,fold_5,999,8,3,3,0.5,avg_negative_log,10,0.005,0.9,,1231,290,1559,0.004367069105577187,True,0.0,True,10.0,0.5,additive,True
0.0035778175313059034,0.0,0.0,0.0,gaussian_noise,SKAB,fold_5,999,8,3,3,0.5,avg_negative_log,10,0.005,0.9,,1231,290,1559,0.004367069105577187,True,0.0,True,10.0,0.5,additive,True
0.0036036036036036037,0.0,0.0,0.0,original,SKAB,fold_1,42,8,3,3,0.5,avg_negative_log,10,0.01,0.9,,1088,273,1348,0.004538353803059686,True,0.0,True,10.0,0.5,additive,True
0.0036036036036036037,0.0,0.0,0.0,gaussian_noise,SKAB,fold_1,42,8,3,3,0.5,avg_negative_log,10,0.01,0.9,,1088,273,1348,0.004538353803059686,True,0.0,True,10.0,0.5,additive,True
0.0036036036036036037,0.0,0.0,0.0,original,SKAB,fold_1,123,8,3,3,0.5,avg_negative_log,10,0.01,0.9,,1088,273,1348,0.004538353803059686,True,0.0,True,10.0,0.5,additive,True
0.0036036036036036037,0.0,0.0,0.0,gaussian_noise,SKAB,fold_1,123,8,3,3,0.5,avg_negative_log,10,0.01,0.9,,1088,273,1348,0.004538353803059686,True,0.0,True,10.0,0.5,additive,True
0.0036036036036036037,0.0,0.0,0.0,original,SKAB,fold_1,2026,8,3,3,0.5,avg_negative_log,10,0.01,0.9,,1088,273,1348,0.004538353803059686,True,0.0,True,10.0,0.5,additive,True
0.0036036036036036037,0.0,0.0,0.0,gaussian_noise,SKAB,fold_1,2026,8,3,3,0.5,avg_negative_log,10,0.01,0.9,,1088,273,1348,0.004538353803059686,True,0.0,True,10.0,0.5,additive,True
0.0036036036036036037,0.0,0.0,0.0,original,SKAB,fold_1,7,8,3,3,0.5,avg_negative_log,10,0.01,0.9,,1088,273,1348,0.004538353803059686,True,0.0,True,10.0,0.5,additive,True
0.0036036036036036037,0.0,0.0,0.0,gaussian_noise,SKAB,fold_1,7,8,3,3,0.5,avg_negative_log,10,0.01,0.9,,1088,273,1348,0.004538353803059686,True,0.0,True,10.0,0.5,additive,True
0.0036036036036036037,0.0,0.0,0.0,original,SKAB,fold_1,999,8,3,3,0.5,avg_negative_log,10,0.01,0.9,,1088,273,1348,0.004538353803059686,True,0.0,True,10.0,0.5,additive,True
0.0036036036036036037,0.0,0.0,0.0,gaussian_noise,SKAB,fold_1,999,8,3,3,0.5,avg_negative_log,10,0.01,0.9,,1088,273,1348,0.004538353803059686,True,0.0,True,10.0,0.5,additive,True
0.003616636528028933,0.0,0.0,0.0,original,SKAB,fold_2,42,8,3,3,0.5,avg_negative_log,10,0.01,0.9,,1260,318,1542,0.0038484576220425277,True,0.0,True,10.0,0.5,additive,True
0.003616636528028933,0.0,0.0,0.0,gaussian_noise,SKAB,fold_2,42,8,3,3,0.5,avg_negative_log,10,0.01,0.9,,1260,318,1542,0.0038484576220425277,True,0.0,True,10.0,0.5,additive,True
0.003616636528028933,0.0,0.0,0.0,original,SKAB,fold_2,123,8,3,3,0.5,avg_negative_log,10,0.01,0.9,,1260,318,1542,0.0038484576220425277,True,0.0,True,10.0,0.5,additive,True
0.003616636528028933,0.0,0.0,0.0,gaussian_noise,SKAB,fold_2,123,8,3,3,0.5,avg_negative_log,10,0.01,0.9,,1260,318,1542,0.0038484576220425277,True,0.0,True,10.0,0.5,additive,True
0.003616636528028933,0.0,0.0,0.0,original,SKAB,fold_2,2026,8,3,3,0.5,avg_negative_log,10,0.01,0.9,,1260,318,1542,0.0038484576220425277,True,0.0,True,10.0,0.5,additive,True
0.003616636528028933,0.0,0.0,0.0,gaussian_noise,SKAB,fold_2,2026,8,3,3,0.5,avg_negative_log,10,0.01,0.9,,1260,318,1542,0.0038484576220425277,True,0.0,True,10.0,0.5,additive,True
0.003616636528028933,0.0,0.0,0.0,original,SKAB,fold_2,7,8,3,3,0.5,avg_negative_log,10,0.01,0.9,,1260,318,1542,0.0038484576220425277,True,0.0,True,10.0,0.5,additive,True
0.003616636528028933,0.0,0.0,0.0,gaussian_noise,SKAB,fold_2,7,8,3,3,0.5,avg_negative_log,10,0.01,0.9,,1260,318,1542,0.0038484576220425277,True,0.0,True,10.0,0.5,additive,True
0.003616636528028933,0.0,0.0,0.0,original,SKAB,fold_2,999,8,3,3,0.5,avg_negative_log,10,0.01,0.9,,1260,318,1542,0.0038484576220425277,True,0.0,True,10.0,0.5,additive,True
0.003616636528028933,0.0,0.0,0.0,gaussian_noise,SKAB,fold_2,999,8,3,3,0.5,avg_negative_log,10,0.01,0.9,,1260,318,1542,0.0038484576220425277,True,0.0,True,10.0,0.5,additive,True
0.003616636528028933,0.0,0.0,0.0,original,SKAB,fold_3,42,8,3,3,0.5,avg_negative_log,10,0.01,0.9,,1302,329,1597,0.003728189971939359,True,0.0,True,10.0,0.5,additive,True
0.003616636528028933,0.0,0.0,0.0,gaussian_noise,SKAB,fold_3,42,8,3,3,0.5,avg_negative_log,10,0.01,0.9,,1302,329,1597,0.003728189971939359,True,0.0,True,10.0,0.5,additive,True
0.003616636528028933,0.0,0.0,0.0,original,SKAB,fold_3,123,8,3,3,0.5,avg_negative_log,10,0.01,0.9,,1302,329,1597,0.003728189971939359,True,0.0,True,10.0,0.5,additive,True
0.003616636528028933,0.0,0.0,0.0,gaussian_noise,SKAB,fold_3,123,8,3,3,0.5,avg_negative_log,10,0.01,0.9,,1302,329,1597,0.003728189971939359,True,0.0,True,10.0,0.5,additive,True
0.003616636528028933,0.0,0.0,0.0,original,SKAB,fold_3,2026,8,3,3,0.5,avg_negative_log,10,0.01,0.9,,1302,329,1597,0.003728189971939359,True,0.0,True,10.0,0.5,additive,True
0.003616636528028933,0.0,0.0,0.0,gaussian_noise,SKAB,fold_3,2026,8,3,3,0.5,avg_negative_log,10,0.01,0.9,,1302,329,1597,0.003728189971939359,True,0.0,True,10.0,0.5,additive,True
0.003616636528028933,0.0,0.0,0.0,original,SKAB,fold_3,7,8,3,3,0.5,avg_negative_log,10,0.01,0.9,,1302,329,1597,0.003728189971939359,True,0.0,True,10.0,0.5,additive,True
0.003616636528028933,0.0,0.0,0.0,gaussian_noise,SKAB,fold_3,7,8,3,3,0.5,avg_negative_log,10,0.01,0.9,,1302,329,1597,0.003728189971939359,True,0.0,True,10.0,0.5,additive,True
0.003616636528028933,0.0,0.0,0.0,original,SKAB,fold_3,999,8,3,3,0.5,avg_negative_log,10,0.01,0.9,,1302,329,1597,0.003728189971939359,True,0.0,True,10.0,0.5,additive,True
0.003616636528028933,0.0,0.0,0.0,gaussian_noise,SKAB,fold_3,999,8,3,3,0.5,avg_negative_log,10,0.01,0.9,,1302,329,1597,0.003728189971939359,True,0.0,True,10.0,0.5,additive,True
0.003663003663003663,0.0,0.0,0.0,original,SKAB,fold_4,42,8,3,3,0.5,avg_negative_log,10,0.01,0.9,,1269,318,1562,0.0038707247324937678,True,0.0,True,10.0,0.5,additive,True
0.003663003663003663,0.0,0.0,0.0,gaussian_noise,SKAB,fold_4,42,8,3,3,0.5,avg_negative_log,10,0.01,0.9,,1269,318,1562,0.0038707247324937678,True,0.0,True,10.0,0.5,additive,True
0.003663003663003663,0.0,0.0,0.0,original,SKAB,fold_4,123,8,3,3,0.5,avg_negative_log,10,0.01,0.9,,1269,318,1562,0.0038707247324937678,True,0.0,True,10.0,0.5,additive,True
0.003663003663003663,0.0,0.0,0.0,gaussian_noise,SKAB,fold_4,123,8,3,3,0.5,avg_negative_log,10,0.01,0.9,,1269,318,1562,0.0038707247324937678,True,0.0,True,10.0,0.5,additive,True
0.003663003663003663,0.0,0.0,0.0,original,SKAB,fold_4,2026,8,3,3,0.5,avg_negative_log,10,0.01,0.9,,1269,318,1562,0.0038707247324937678,True,0.0,True,10.0,0.5,additive,True
0.003663003663003663,0.0,0.0,0.0,gaussian_noise,SKAB,fold_4,2026,8,3,3,0.5,avg_negative_log,10,0.01,0.9,,1269,318,1562,0.0038707247324937678,True,0.0,True,10.0,0.5,additive,True
0.003663003663003663,0.0,0.0,0.0,original,SKAB,fold_4,7,8,3,3,0.5,avg_negative_log,10,0.01,0.9,,1269,318,1562,0.0038707247324937678,True,0.0,True,10.0,0.5,additive,True
0.003663003663003663,0.0,0.0,0.0,gaussian_noise,SKAB,fold_4,7,8,3,3,0.5,avg_negative_log,10,0.01,0.9,,1269,318,1562,0.0038707247324937678,True,0.0,True,10.0,0.5,additive,True
0.003663003663003663,0.0,0.0,0.0,original,SKAB,fold_4,999,8,3,3,0.5,avg_negative_log,10,0.01,0.9,,1269,318,1562,0.0038707247324937678,True,0.0,True,10.0,0.5,additive,True
0.003663003663003663,0.0,0.0,0.0,gaussian_noise,SKAB,fold_4,999,8,3,3,0.5,avg_negative_log,10,0.01,0.9,,1269,318,1562,0.0038707247324937678,True,0.0,True,10.0,0.5,additive,True
0.0035778175313059034,0.0,0.0,0.0,original,SKAB,fold_5,42,8,3,3,0.5,avg_negative_log,10,0.01,0.9,,1231,290,1559,0.004367069105577187,True,0.0,True,10.0,0.5,additive,True
0.0035778175313059034,0.0,0.0,0.0,gaussian_noise,SKAB,fold_5,42,8,3,3,0.5,avg_negative_log,10,0.01,0.9,,1231,290,1559,0.004367069105577187,True,0.0,True,10.0,0.5,additive,True
0.0035778175313059034,0.0,0.0,0.0,original,SKAB,fold_5,123,8,3,3,0.5,avg_negative_log,10,0.01,0.9,,1231,290,1559,0.004367069105577187,True,0.0,True,10.0,0.5,additive,True
0.0035778175313059034,0.0,0.0,0.0,gaussian_noise,SKAB,fold_5,123,8,3,3,0.5,avg_negative_log,10,0.01,0.9,,1231,290,1559,0.004367069105577187,True,0.0,True,10.0,0.5,additive,True
0.0035778175313059034,0.0,0.0,0.0,original,SKAB,fold_5,2026,8,3,3,0.5,avg_negative_log,10,0.01,0.9,,1231,290,1559,0.004367069105577187,True,0.0,True,10.0,0.5,additive,True
0.0035778175313059034,0.0,0.0,0.0,gaussian_noise,SKAB,fold_5,2026,8,3,3,0.5,avg_negative_log,10,0.01,0.9,,1231,290,1559,0.004367069105577187,True,0.0,True,10.0,0.5,additive,True
0.0035778175313059034,0.0,0.0,0.0,original,SKAB,fold_5,7,8,3,3,0.5,avg_negative_log,10,0.01,0.9,,1231,290,1559,0.004367069105577187,True,0.0,True,10.0,0.5,additive,True
0.0035778175313059034,0.0,0.0,0.0,gaussian_noise,SKAB,fold_5,7,8,3,3,0.5,avg_negative_log,10,0.01,0.9,,1231,290,1559,0.004367069105577187,True,0.0,True,10.0,0.5,additive,True
0.0035778175313059034,0.0,0.0,0.0,original,SKAB,fold_5,999,8,3,3,0.5,avg_negative_log,10,0.01,0.9,,1231,290,1559,0.004367069105577187,True,0.0,True,10.0,0.5,additive,True
0.0035778175313059034,0.0,0.0,0.0,gaussian_noise,SKAB,fold_5,999,8,3,3,0.5,avg_negative_log,10,0.01,0.9,,1231,290,1559,0.004367069105577187,True,0.0,True,10.0,0.5,additive,True
0.0036036036036036037,0.0,0.0,0.0,original,SKAB,fold_1,42,8,3,3,0.5,avg_negative_log,10,0.05,0.9,,1088,273,1348,0.004538353803059686,True,0.0,True,10.0,0.5,additive,True
0.0036036036036036037,0.0,0.0,0.0,gaussian_noise,SKAB,fold_1,42,8,3,3,0.5,avg_negative_log,10,0.05,0.9,,1088,273,1348,0.004538353803059686,True,0.0,True,10.0,0.5,additive,True
0.0036036036036036037,0.0,0.0,0.0,original,SKAB,fold_1,123,8,3,3,0.5,avg_negative_log,10,0.05,0.9,,1088,273,1348,0.004538353803059686,True,0.0,True,10.0,0.5,additive,True
0.0036036036036036037,0.0,0.0,0.0,gaussian_noise,SKAB,fold_1,123,8,3,3,0.5,avg_negative_log,10,0.05,0.9,,1088,273,1348,0.004538353803059686,True,0.0,True,10.0,0.5,additive,True
0.0036036036036036037,0.0,0.0,0.0,original,SKAB,fold_1,2026,8,3,3,0.5,avg_negative_log,10,0.05,0.9,,1088,273,1348,0.004538353803059686,True,0.0,True,10.0,0.5,additive,True
0.0036036036036036037,0.0,0.0,0.0,gaussian_noise,SKAB,fold_1,2026,8,3,3,0.5,avg_negative_log,10,0.05,0.9,,1088,273,1348,0.004538353803059686,True,0.0,True,10.0,0.5,additive,True
0.0036036036036036037,0.0,0.0,0.0,original,SKAB,fold_1,7,8,3,3,0.5,avg_negative_log,10,0.05,0.9,,1088,273,1348,0.004538353803059686,True,0.0,True,10.0,0.5,additive,True
0.0036036036036036037,0.0,0.0,0.0,gaussian_noise,SKAB,fold_1,7,8,3,3,0.5,avg_negative_log,10,0.05,0.9,,1088,273,1348,0.004538353803059686,True,0.0,True,10.0,0.5,additive,True
0.0036036036036036037,0.0,0.0,0.0,original,SKAB,fold_1,999,8,3,3,0.5,avg_negative_log,10,0.05,0.9,,1088,273,1348,0.004538353803059686,True,0.0,True,10.0,0.5,additive,True
0.0036036036036036037,0.0,0.0,0.0,gaussian_noise,SKAB,fold_1,999,8,3,3,0.5,avg_negative_log,10,0.05,0.9,,1088,273,1348,0.004538353803059686,True,0.0,True,10.0,0.5,additive,True
0.003616636528028933,0.0,0.0,0.0,original,SKAB,fold_2,42,8,3,3,0.5,avg_negative_log,10,0.05,0.9,,1260,318,1542,0.0038484576220425277,True,0.0,True,10.0,0.5,additive,True
0.003616636528028933,0.0,0.0,0.0,gaussian_noise,SKAB,fold_2,42,8,3,3,0.5,avg_negative_log,10,0.05,0.9,,1260,318,1542,0.0038484576220425277,True,0.0,True,10.0,0.5,additive,True
0.003616636528028933,0.0,0.0,0.0,original,SKAB,fold_2,123,8,3,3,0.5,avg_negative_log,10,0.05,0.9,,1260,318,1542,0.0038484576220425277,True,0.0,True,10.0,0.5,additive,True
0.003616636528028933,0.0,0.0,0.0,gaussian_noise,SKAB,fold_2,123,8,3,3,0.5,avg_negative_log,10,0.05,0.9,,1260,318,1542,0.0038484576220425277,True,0.0,True,10.0,0.5,additive,True
0.003616636528028933,0.0,0.0,0.0,original,SKAB,fold_2,2026,8,3,3,0.5,avg_negative_log,10,0.05,0.9,,1260,318,1542,0.0038484576220425277,True,0.0,True,10.0,0.5,additive,True
0.003616636528028933,0.0,0.0,0.0,gaussian_noise,SKAB,fold_2,2026,8,3,3,0.5,avg_negative_log,10,0.05,0.9,,1260,318,1542,0.0038484576220425277,True,0.0,True,10.0,0.5,additive,True
0.003616636528028933,0.0,0.0,0.0,original,SKAB,fold_2,7,8,3,3,0.5,avg_negative_log,10,0.05,0.9,,1260,318,1542,0.0038484576220425277,True,0.0,True,10.0,0.5,additive,True
0.003616636528028933,0.0,0.0,0.0,gaussian_noise,SKAB,fold_2,7,8,3,3,0.5,avg_negative_log,10,0.05,0.9,,1260,318,1542,0.0038484576220425277,True,0.0,True,10.0,0.5,additive,True
0.003616636528028933,0.0,0.0,0.0,original,SKAB,fold_2,999,8,3,3,0.5,avg_negative_log,10,0.05,0.9,,1260,318,1542,0.0038484576220425277,True,0.0,True,10.0,0.5,additive,True
0.003616636528028933,0.0,0.0,0.0,gaussian_noise,SKAB,fold_2,999,8,3,3,0.5,avg_negative_log,10,0.05,0.9,,1260,318,1542,0.0038484576220425277,True,0.0,True,10.0,0.5,additive,True
0.003616636528028933,0.0,0.0,0.0,original,SKAB,fold_3,42,8,3,3,0.5,avg_negative_log,10,0.05,0.9,,1302,329,1597,0.003728189971939359,True,0.0,True,10.0,0.5,additive,True
0.003616636528028933,0.0,0.0,0.0,gaussian_noise,SKAB,fold_3,42,8,3,3,0.5,avg_negative_log,10,0.05,0.9,,1302,329,1597,0.003728189971939359,True,0.0,True,10.0,0.5,additive,True
0.003616636528028933,0.0,0.0,0.0,original,SKAB,fold_3,123,8,3,3,0.5,avg_negative_log,10,0.05,0.9,,1302,329,1597,0.003728189971939359,True,0.0,True,10.0,0.5,additive,True
0.003616636528028933,0.0,0.0,0.0,gaussian_noise,SKAB,fold_3,123,8,3,3,0.5,avg_negative_log,10,0.05,0.9,,1302,329,1597,0.003728189971939359,True,0.0,True,10.0,0.5,additive,True
0.003616636528028933,0.0,0.0,0.0,original,SKAB,fold_3,2026,8,3,3,0.5,avg_negative_log,10,0.05,0.9,,1302,329,1597,0.003728189971939359,True,0.0,True,10.0,0.5,additive,True
0.003616636528028933,0.0,0.0,0.0,gaussian_noise,SKAB,fold_3,2026,8,3,3,0.5,avg_negative_log,10,0.05,0.9,,1302,329,1597,0.003728189971939359,True,0.0,True,10.0,0.5,additive,True
0.003616636528028933,0.0,0.0,0.0,original,SKAB,fold_3,7,8,3,3,0.5,avg_negative_log,10,0.05,0.9,,1302,329,1597,0.003728189971939359,True,0.0,True,10.0,0.5,additive,True
0.003616636528028933,0.0,0.0,0.0,gaussian_noise,SKAB,fold_3,7,8,3,3,0.5,avg_negative_log,10,0.05,0.9,,1302,329,1597,0.003728189971939359,True,0.0,True,10.0,0.5,additive,True
0.003616636528028933,0.0,0.0,0.0,original,SKAB,fold_3,999,8,3,3,0.5,avg_negative_log,10,0.05,0.9,,1302,329,1597,0.003728189971939359,True,0.0,True,10.0,0.5,additive,True
0.003616636528028933,0.0,0.0,0.0,gaussian_noise,SKAB,fold_3,999,8,3,3,0.5,avg_negative_log,10,0.05,0.9,,1302,329,1597,0.003728189971939359,True,0.0,True,10.0,0.5,additive,True
0.003663003663003663,0.0,0.0,0.0,original,SKAB,fold_4,42,8,3,3,0.5,avg_negative_log,10,0.05,0.9,,1269,318,1562,0.0038707247324937678,True,0.0,True,10.0,0.5,additive,True
0.003663003663003663,0.0,0.0,0.0,gaussian_noise,SKAB,fold_4,42,8,3,3,0.5,avg_negative_log,10,0.05,0.9,,1269,318,1562,0.0038707247324937678,True,0.0,True,10.0,0.5,additive,True
0.003663003663003663,0.0,0.0,0.0,original,SKAB,fold_4,123,8,3,3,0.5,avg_negative_log,10,0.05,0.9,,1269,318,1562,0.0038707247324937678,True,0.0,True,10.0,0.5,additive,True
0.003663003663003663,0.0,0.0,0.0,gaussian_noise,SKAB,fold_4,123,8,3,3,0.5,avg_negative_log,10,0.05,0.9,,1269,318,1562,0.0038707247324937678,True,0.0,True,10.0,0.5,additive,True
0.003663003663003663,0.0,0.0,0.0,original,SKAB,fold_4,2026,8,3,3,0.5,avg_negative_log,10,0.05,0.9,,1269,318,1562,0.0038707247324937678,True,0.0,True,10.0,0.5,additive,True
0.003663003663003663,0.0,0.0,0.0,gaussian_noise,SKAB,fold_4,2026,8,3,3,0.5,avg_negative_log,10,0.05,0.9,,1269,318,1562,0.0038707247324937678,True,0.0,True,10.0,0.5,additive,True
0.003663003663003663,0.0,0.0,0.0,original,SKAB,fold_4,7,8,3,3,0.5,avg_negative_log,10,0.05,0.9,,1269,318,1562,0.0038707247324937678,True,0.0,True,10.0,0.5,additive,True
0.003663003663003663,0.0,0.0,0.0,gaussian_noise,SKAB,fold_4,7,8,3,3,0.5,avg_negative_log,10,0.05,0.9,,1269,318,1562,0.0038707247324937678,True,0.0,True,10.0,0.5,additive,True
0.003663003663003663,0.0,0.0,0.0,original,SKAB,fold_4,999,8,3,3,0.5,avg_negative_log,10,0.05,0.9,,1269,318,1562,0.0038707247324937678,True,0.0,True,10.0,0.5,additive,True
0.003663003663003663,0.0,0.0,0.0,gaussian_noise,SKAB,fold_4,999,8,3,3,0.5,avg_negative_log,10,0.05,0.9,,1269,318,1562,0.0038707247324937678,True,0.0,True,10.0,0.5,additive,True
0.0035778175313059034,0.0,0.0,0.0,original,SKAB,fold_5,42,8,3,3,0.5,avg_negative_log,10,0.05,0.9,,1231,290,1559,0.004367069105577187,True,0.0,True,10.0,0.5,additive,True
0.0035778175313059034,0.0,0.0,0.0,gaussian_noise,SKAB,fold_5,42,8,3,3,0.5,avg_negative_log,10,0.05,0.9,,1231,290,1559,0.004367069105577187,True,0.0,True,10.0,0.5,additive,True
0.0035778175313059034,0.0,0.0,0.0,original,SKAB,fold_5,123,8,3,3,0.5,avg_negative_log,10,0.05,0.9,,1231,290,1559,0.004367069105577187,True,0.0,True,10.0,0.5,additive,True
0.0035778175313059034,0.0,0.0,0.0,gaussian_noise,SKAB,fold_5,123,8,3,3,0.5,avg_negative_log,10,0.05,0.9,,1231,290,1559,0.004367069105577187,True,0.0,True,10.0,0.5,additive,True
0.0035778175313059034,0.0,0.0,0.0,original,SKAB,fold_5,2026,8,3,3,0.5,avg_negative_log,10,0.05,0.9,,1231,290,1559,0.004367069105577187,True,0.0,True,10.0,0.5,additive,True
0.0035778175313059034,0.0,0.0,0.0,gaussian_noise,SKAB,fold_5,2026,8,3,3,0.5,avg_negative_log,10,0.05,0.9,,1231,290,1559,0.004367069105577187,True,0.0,True,10.0,0.5,additive,True
0.0035778175313059034,0.0,0.0,0.0,original,SKAB,fold_5,7,8,3,3,0.5,avg_negative_log,10,0.05,0.9,,1231,290,1559,0.004367069105577187,True,0.0,True,10.0,0.5,additive,True
0.0035778175313059034,0.0,0.0,0.0,gaussian_noise,SKAB,fold_5,7,8,3,3,0.5,avg_negative_log,10,0.05,0.9,,1231,290,1559,0.004367069105577187,True,0.0,True,10.0,0.5,additive,True
0.0035778175313059034,0.0,0.0,0.0,original,SKAB,fold_5,999,8,3,3,0.5,avg_negative_log,10,0.05,0.9,,1231,290,1559,0.004367069105577187,True,0.0,True,10.0,0.5,additive,True
0.0035778175313059034,0.0,0.0,0.0,gaussian_noise,SKAB,fold_5,999,8,3,3,0.5,avg_negative_log,10,0.05,0.9,,1231,290,1559,0.004367069105577187,True,0.0,True,10.0,0.5,additive,True
0.0036036036036036037,0.0,0.0,0.0,original,SKAB,fold_1,42,8,3,3,0.5,avg_negative_log,10,0.1054,0.9,,1088,273,1348,0.004538353803059686,True,0.0,True,10.0,0.5,additive,True
0.0036036036036036037,0.0,0.0,0.0,gaussian_noise,SKAB,fold_1,42,8,3,3,0.5,avg_negative_log,10,0.1054,0.9,,1088,273,1348,0.004538353803059686,True,0.0,True,10.0,0.5,additive,True
0.0036036036036036037,0.0,0.0,0.0,original,SKAB,fold_1,123,8,3,3,0.5,avg_negative_log,10,0.1054,0.9,,1088,273,1348,0.004538353803059686,True,0.0,True,10.0,0.5,additive,True
0.0036036036036036037,0.0,0.0,0.0,gaussian_noise,SKAB,fold_1,123,8,3,3,0.5,avg_negative_log,10,0.1054,0.9,,1088,273,1348,0.004538353803059686,True,0.0,True,10.0,0.5,additive,True
0.0036036036036036037,0.0,0.0,0.0,original,SKAB,fold_1,2026,8,3,3,0.5,avg_negative_log,10,0.1054,0.9,,1088,273,1348,0.004538353803059686,True,0.0,True,10.0,0.5,additive,True
0.0036036036036036037,0.0,0.0,0.0,gaussian_noise,SKAB,fold_1,2026,8,3,3,0.5,avg_negative_log,10,0.1054,0.9,,1088,273,1348,0.004538353803059686,True,0.0,True,10.0,0.5,additive,True
0.0036036036036036037,0.0,0.0,0.0,original,SKAB,fold_1,7,8,3,3,0.5,avg_negative_log,10,0.1054,0.9,,1088,273,1348,0.004538353803059686,True,0.0,True,10.0,0.5,additive,True
0.0036036036036036037,0.0,0.0,0.0,gaussian_noise,SKAB,fold_1,7,8,3,3,0.5,avg_negative_log,10,0.1054,0.9,,1088,273,1348,0.004538353803059686,True,0.0,True,10.0,0.5,additive,True
0.0036036036036036037,0.0,0.0,0.0,original,SKAB,fold_1,999,8,3,3,0.5,avg_negative_log,10,0.1054,0.9,,1088,273,1348,0.004538353803059686,True,0.0,True,10.0,0.5,additive,True
0.0036036036036036037,0.0,0.0,0.0,gaussian_noise,SKAB,fold_1,999,8,3,3,0.5,avg_negative_log,10,0.1054,0.9,,1088,273,1348,0.004538353803059686,True,0.0,True,10.0,0.5,additive,True
0.003616636528028933,0.0,0.0,0.0,original,SKAB,fold_2,42,8,3,3,0.5,avg_negative_log,10,0.1054,0.9,,1260,318,1542,0.0038484576220425277,True,0.0,True,10.0,0.5,additive,True
0.003616636528028933,0.0,0.0,0.0,gaussian_noise,SKAB,fold_2,42,8,3,3,0.5,avg_negative_log,10,0.1054,0.9,,1260,318,1542,0.0038484576220425277,True,0.0,True,10.0,0.5,additive,True
0.003616636528028933,0.0,0.0,0.0,original,SKAB,fold_2,123,8,3,3,0.5,avg_negative_log,10,0.1054,0.9,,1260,318,1542,0.0038484576220425277,True,0.0,True,10.0,0.5,additive,True
0.003616636528028933,0.0,0.0,0.0,gaussian_noise,SKAB,fold_2,123,8,3,3,0.5,avg_negative_log,10,0.1054,0.9,,1260,318,1542,0.0038484576220425277,True,0.0,True,10.0,0.5,additive,True
0.003616636528028933,0.0,0.0,0.0,original,SKAB,fold_2,2026,8,3,3,0.5,avg_negative_log,10,0.1054,0.9,,1260,318,1542,0.0038484576220425277,True,0.0,True,10.0,0.5,additive,True
0.003616636528028933,0.0,0.0,0.0,gaussian_noise,SKAB,fold_2,2026,8,3,3,0.5,avg_negative_log,10,0.1054,0.9,,1260,318,1542,0.0038484576220425277,True,0.0,True,10.0,0.5,additive,True
0.003616636528028933,0.0,0.0,0.0,original,SKAB,fold_2,7,8,3,3,0.5,avg_negative_log,10,0.1054,0.9,,1260,318,1542,0.0038484576220425277,True,0.0,True,10.0,0.5,additive,True
0.003616636528028933,0.0,0.0,0.0,gaussian_noise,SKAB,fold_2,7,8,3,3,0.5,avg_negative_log,10,0.1054,0.9,,1260,318,1542,0.0038484576220425277,True,0.0,True,10.0,0.5,additive,True
0.003616636528028933,0.0,0.0,0.0,original,SKAB,fold_2,999,8,3,3,0.5,avg_negative_log,10,0.1054,0.9,,1260,318,1542,0.0038484576220425277,True,0.0,True,10.0,0.5,additive,True
0.003616636528028933,0.0,0.0,0.0,gaussian_noise,SKAB,fold_2,999,8,3,3,0.5,avg_negative_log,10,0.1054,0.9,,1260,318,1542,0.0038484576220425277,True,0.0,True,10.0,0.5,additive,True
0.003616636528028933,0.0,0.0,0.0,original,SKAB,fold_3,42,8,3,3,0.5,avg_negative_log,10,0.1054,0.9,,1302,329,1597,0.003728189971939359,True,0.0,True,10.0,0.5,additive,True
0.003616636528028933,0.0,0.0,0.0,gaussian_noise,SKAB,fold_3,42,8,3,3,0.5,avg_negative_log,10,0.1054,0.9,,1302,329,1597,0.003728189971939359,True,0.0,True,10.0,0.5,additive,True
0.003616636528028933,0.0,0.0,0.0,original,SKAB,fold_3,123,8,3,3,0.5,avg_negative_log,10,0.1054,0.9,,1302,329,1597,0.003728189971939359,True,0.0,True,10.0,0.5,additive,True
0.003616636528028933,0.0,0.0,0.0,gaussian_noise,SKAB,fold_3,123,8,3,3,0.5,avg_negative_log,10,0.1054,0.9,,1302,329,1597,0.003728189971939359,True,0.0,True,10.0,0.5,additive,True
0.003616636528028933,0.0,0.0,0.0,original,SKAB,fold_3,2026,8,3,3,0.5,avg_negative_log,10,0.1054,0.9,,1302,329,1597,0.003728189971939359,True,0.0,True,10.0,0.5,additive,True
0.003616636528028933,0.0,0.0,0.0,gaussian_noise,SKAB,fold_3,2026,8,3,3,0.5,avg_negative_log,10,0.1054,0.9,,1302,329,1597,0.003728189971939359,True,0.0,True,10.0,0.5,additive,True
0.003616636528028933,0.0,0.0,0.0,original,SKAB,fold_3,7,8,3,3,0.5,avg_negative_log,10,0.1054,0.9,,1302,329,1597,0.003728189971939359,True,0.0,True,10.0,0.5,additive,True
0.003616636528028933,0.0,0.0,0.0,gaussian_noise,SKAB,fold_3,7,8,3,3,0.5,avg_negative_log,10,0.1054,0.9,,1302,329,1597,0.003728189971939359,True,0.0,True,10.0,0.5,additive,True
0.003616636528028933,0.0,0.0,0.0,original,SKAB,fold_3,999,8,3,3,0.5,avg_negative_log,10,0.1054,0.9,,1302,329,1597,0.003728189971939359,True,0.0,True,10.0,0.5,additive,True
0.003616636528028933,0.0,0.0,0.0,gaussian_noise,SKAB,fold_3,999,8,3,3,0.5,avg_negative_log,10,0.1054,0.9,,1302,329,1597,0.003728189971939359,True,0.0,True,10.0,0.5,additive,True
0.003663003663003663,0.0,0.0,0.0,original,SKAB,fold_4,42,8,3,3,0.5,avg_negative_log,10,0.1054,0.9,,1269,318,1562,0.0038707247324937678,True,0.0,True,10.0,0.5,additive,True
0.003663003663003663,0.0,0.0,0.0,gaussian_noise,SKAB,fold_4,42,8,3,3,0.5,avg_negative_log,10,0.1054,0.9,,1269,318,1562,0.0038707247324937678,True,0.0,True,10.0,0.5,additive,True
0.003663003663003663,0.0,0.0,0.0,original,SKAB,fold_4,123,8,3,3,0.5,avg_negative_log,10,0.1054,0.9,,1269,318,1562,0.0038707247324937678,True,0.0,True,10.0,0.5,additive,True
0.003663003663003663,0.0,0.0,0.0,gaussian_noise,SKAB,fold_4,123,8,3,3,0.5,avg_negative_log,10,0.1054,0.9,,1269,318,1562,0.0038707247324937678,True,0.0,True,10.0,0.5,additive,True
0.003663003663003663,0.0,0.0,0.0,original,SKAB,fold_4,2026,8,3,3,0.5,avg_negative_log,10,0.1054,0.9,,1269,318,1562,0.0038707247324937678,True,0.0,True,10.0,0.5,additive,True
0.003663003663003663,0.0,0.0,0.0,gaussian_noise,SKAB,fold_4,2026,8,3,3,0.5,avg_negative_log,10,0.1054,0.9,,1269,318,1562,0.0038707247324937678,True,0.0,True,10.0,0.5,additive,True
0.003663003663003663,0.0,0.0,0.0,original,SKAB,fold_4,7,8,3,3,0.5,avg_negative_log,10,0.1054,0.9,,1269,318,1562,0.0038707247324937678,True,0.0,True,10.0,0.5,additive,True
0.003663003663003663,0.0,0.0,0.0,gaussian_noise,SKAB,fold_4,7,8,3,3,0.5,avg_negative_log,10,0.1054,0.9,,1269,318,1562,0.0038707247324937678,True,0.0,True,10.0,0.5,additive,True
0.003663003663003663,0.0,0.0,0.0,original,SKAB,fold_4,999,8,3,3,0.5,avg_negative_log,10,0.1054,0.9,,1269,318,1562,0.0038707247324937678,True,0.0,True,10.0,0.5,additive,True
0.003663003663003663,0.0,0.0,0.0,gaussian_noise,SKAB,fold_4,999,8,3,3,0.5,avg_negative_log,10,0.1054,0.9,,1269,318,1562,0.0038707247324937678,True,0.0,True,10.0,0.5,additive,True
0.0035778175313059034,0.0,0.0,0.0,original,SKAB,fold_5,42,8,3,3,0.5,avg_negative_log,10,0.1054,0.9,,1231,290,1559,0.004367069105577187,True,0.0,True,10.0,0.5,additive,True
0.0035778175313059034,0.0,0.0,0.0,gaussian_noise,SKAB,fold_5,42,8,3,3,0.5,avg_negative_log,10,0.1054,0.9,,1231,290,1559,0.004367069105577187,True,0.0,True,10.0,0.5,additive,True
0.0035778175313059034,0.0,0.0,0.0,original,SKAB,fold_5,123,8,3,3,0.5,avg_negative_log,10,0.1054,0.9,,1231,290,1559,0.004367069105577187,True,0.0,True,10.0,0.5,additive,True
0.0035778175313059034,0.0,0.0,0.0,gaussian_noise,SKAB,fold_5,123,8,3,3,0.5,avg_negative_log,10,0.1054,0.9,,1231,290,1559,0.004367069105577187,True,0.0,True,10.0,0.5,additive,True
0.0035778175313059034,0.0,0.0,0.0,original,SKAB,fold_5,2026,8,3,3,0.5,avg_negative_log,10,0.1054,0.9,,1231,290,1559,0.004367069105577187,True,0.0,True,10.0,0.5,additive,True
0.0035778175313059034,0.0,0.0,0.0,gaussian_noise,SKAB,fold_5,2026,8,3,3,0.5,avg_negative_log,10,0.1054,0.9,,1231,290,1559,0.004367069105577187,True,0.0,True,10.0,0.5,additive,True
0.0035778175313059034,0.0,0.0,0.0,original,SKAB,fold_5,7,8,3,3,0.5,avg_negative_log,10,0.1054,0.9,,1231,290,1559,0.004367069105577187,True,0.0,True,10.0,0.5,additive,True
0.0035778175313059034,0.0,0.0,0.0,gaussian_noise,SKAB,fold_5,7,8,3,3,0.5,avg_negative_log,10,0.1054,0.9,,1231,290,1559,0.004367069105577187,True,0.0,True,10.0,0.5,additive,True
0.0035778175313059034,0.0,0.0,0.0,original,SKAB,fold_5,999,8,3,3,0.5,avg_negative_log,10,0.1054,0.9,,1231,290,1559,0.004367069105577187,True,0.0,True,10.0,0.5,additive,True
0.0035778175313059034,0.0,0.0,0.0,gaussian_noise,SKAB,fold_5,999,8,3,3,0.5,avg_negative_log,10,0.1054,0.9,,1231,290,1559,0.004367069105577187,True,0.0,True,10.0,0.5,additive,True
0.0036036036036036037,0.0,0.0,0.0,original,SKAB,fold_1,42,8,3,3,0.5,avg_negative_log,10,0.2231,0.9,,1088,273,1348,0.004538353803059686,True,0.0,True,10.0,0.5,additive,True
0.0036036036036036037,0.0,0.0,0.0,gaussian_noise,SKAB,fold_1,42,8,3,3,0.5,avg_negative_log,10,0.2231,0.9,,1088,273,1348,0.004538353803059686,True,0.0,True,10.0,0.5,additive,True
0.0036036036036036037,0.0,0.0,0.0,original,SKAB,fold_1,123,8,3,3,0.5,avg_negative_log,10,0.2231,0.9,,1088,273,1348,0.004538353803059686,True,0.0,True,10.0,0.5,additive,True
0.0036036036036036037,0.0,0.0,0.0,gaussian_noise,SKAB,fold_1,123,8,3,3,0.5,avg_negative_log,10,0.2231,0.9,,1088,273,1348,0.004538353803059686,True,0.0,True,10.0,0.5,additive,True
0.0036036036036036037,0.0,0.0,0.0,original,SKAB,fold_1,2026,8,3,3,0.5,avg_negative_log,10,0.2231,0.9,,1088,273,1348,0.004538353803059686,True,0.0,True,10.0,0.5,additive,True
0.0036036036036036037,0.0,0.0,0.0,gaussian_noise,SKAB,fold_1,2026,8,3,3,0.5,avg_negative_log,10,0.2231,0.9,,1088,273,1348,0.004538353803059686,True,0.0,True,10.0,0.5,additive,True
0.0036036036036036037,0.0,0.0,0.0,original,SKAB,fold_1,7,8,3,3,0.5,avg_negative_log,10,0.2231,0.9,,1088,273,1348,0.004538353803059686,True,0.0,True,10.0,0.5,additive,True
0.0036036036036036037,0.0,0.0,0.0,gaussian_noise,SKAB,fold_1,7,8,3,3,0.5,avg_negative_log,10,0.2231,0.9,,1088,273,1348,0.004538353803059686,True,0.0,True,10.0,0.5,additive,True
0.0036036036036036037,0.0,0.0,0.0,original,SKAB,fold_1,999,8,3,3,0.5,avg_negative_log,10,0.2231,0.9,,1088,273,1348,0.004538353803059686,True,0.0,True,10.0,0.5,additive,True
0.0036036036036036037,0.0,0.0,0.0,gaussian_noise,SKAB,fold_1,999,8,3,3,0.5,avg_negative_log,10,0.2231,0.9,,1088,273,1348,0.004538353803059686,True,0.0,True,10.0,0.5,additive,True
0.003616636528028933,0.0,0.0,0.0,original,SKAB,fold_2,42,8,3,3,0.5,avg_negative_log,10,0.2231,0.9,,1260,318,1542,0.0038484576220425277,True,0.0,True,10.0,0.5,additive,True
0.003616636528028933,0.0,0.0,0.0,gaussian_noise,SKAB,fold_2,42,8,3,3,0.5,avg_negative_log,10,0.2231,0.9,,1260,318,1542,0.0038484576220425277,True,0.0,True,10.0,0.5,additive,True
0.003616636528028933,0.0,0.0,0.0,original,SKAB,fold_2,123,8,3,3,0.5,avg_negative_log,10,0.2231,0.9,,1260,318,1542,0.0038484576220425277,True,0.0,True,10.0,0.5,additive,True
0.003616636528028933,0.0,0.0,0.0,gaussian_noise,SKAB,fold_2,123,8,3,3,0.5,avg_negative_log,10,0.2231,0.9,,1260,318,1542,0.0038484576220425277,True,0.0,True,10.0,0.5,additive,True
0.003616636528028933,0.0,0.0,0.0,original,SKAB,fold_2,2026,8,3,3,0.5,avg_negative_log,10,0.2231,0.9,,1260,318,1542,0.0038484576220425277,True,0.0,True,10.0,0.5,additive,True
0.003616636528028933,0.0,0.0,0.0,gaussian_noise,SKAB,fold_2,2026,8,3,3,0.5,avg_negative_log,10,0.2231,0.9,,1260,318,1542,0.0038484576220425277,True,0.0,True,10.0,0.5,additive,True
0.003616636528028933,0.0,0.0,0.0,original,SKAB,fold_2,7,8,3,3,0.5,avg_negative_log,10,0.2231,0.9,,1260,318,1542,0.0038484576220425277,True,0.0,True,10.0,0.5,additive,True
0.003616636528028933,0.0,0.0,0.0,gaussian_noise,SKAB,fold_2,7,8,3,3,0.5,avg_negative_log,10,0.2231,0.9,,1260,318,1542,0.0038484576220425277,True,0.0,True,10.0,0.5,additive,True
0.003616636528028933,0.0,0.0,0.0,original,SKAB,fold_2,999,8,3,3,0.5,avg_negative_log,10,0.2231,0.9,,1260,318,1542,0.0038484576220425277,True,0.0,True,10.0,0.5,additive,True
0.003616636528028933,0.0,0.0,0.0,gaussian_noise,SKAB,fold_2,999,8,3,3,0.5,avg_negative_log,10,0.2231,0.9,,1260,318,1542,0.0038484576220425277,True,0.0,True,10.0,0.5,additive,True
0.003616636528028933,0.0,0.0,0.0,original,SKAB,fold_3,42,8,3,3,0.5,avg_negative_log,10,0.2231,0.9,,1302,329,1597,0.003728189971939359,True,0.0,True,10.0,0.5,additive,True
0.003616636528028933,0.0,0.0,0.0,gaussian_noise,SKAB,fold_3,42,8,3,3,0.5,avg_negative_log,10,0.2231,0.9,,1302,329,1597,0.003728189971939359,True,0.0,True,10.0,0.5,additive,True
0.003616636528028933,0.0,0.0,0.0,original,SKAB,fold_3,123,8,3,3,0.5,avg_negative_log,10,0.2231,0.9,,1302,329,1597,0.003728189971939359,True,0.0,True,10.0,0.5,additive,True
0.003616636528028933,0.0,0.0,0.0,gaussian_noise,SKAB,fold_3,123,8,3,3,0.5,avg_negative_log,10,0.2231,0.9,,1302,329,1597,0.003728189971939359,True,0.0,True,10.0,0.5,additive,True
0.003616636528028933,0.0,0.0,0.0,original,SKAB,fold_3,2026,8,3,3,0.5,avg_negative_log,10,0.2231,0.9,,1302,329,1597,0.003728189971939359,True,0.0,True,10.0,0.5,additive,True
0.003616636528028933,0.0,0.0,0.0,gaussian_noise,SKAB,fold_3,2026,8,3,3,0.5,avg_negative_log,10,0.2231,0.9,,1302,329,1597,0.003728189971939359,True,0.0,True,10.0,0.5,additive,True
0.003616636528028933,0.0,0.0,0.0,original,SKAB,fold_3,7,8,3,3,0.5,avg_negative_log,10,0.2231,0.9,,1302,329,1597,0.003728189971939359,True,0.0,True,10.0,0.5,additive,True
0.003616636528028933,0.0,0.0,0.0,gaussian_noise,SKAB,fold_3,7,8,3,3,0.5,avg_negative_log,10,0.2231,0.9,,1302,329,1597,0.003728189971939359,True,0.0,True,10.0,0.5,additive,True
0.003616636528028933,0.0,0.0,0.0,original,SKAB,fold_3,999,8,3,3,0.5,avg_negative_log,10,0.2231,0.9,,1302,329,1597,0.003728189971939359,True,0.0,True,10.0,0.5,additive,True
0.003616636528028933,0.0,0.0,0.0,gaussian_noise,SKAB,fold_3,999,8,3,3,0.5,avg_negative_log,10,0.2231,0.9,,1302,329,1597,0.003728189971939359,True,0.0,True,10.0,0.5,additive,True
0.003663003663003663,0.0,0.0,0.0,original,SKAB,fold_4,42,8,3,3,0.5,avg_negative_log,10,0.2231,0.9,,1269,318,1562,0.0038707247324937678,True,0.0,True,10.0,0.5,additive,True
0.003663003663003663,0.0,0.0,0.0,gaussian_noise,SKAB,fold_4,42,8,3,3,0.5,avg_negative_log,10,0.2231,0.9,,1269,318,1562,0.0038707247324937678,True,0.0,True,10.0,0.5,additive,True
0.003663003663003663,0.0,0.0,0.0,original,SKAB,fold_4,123,8,3,3,0.5,avg_negative_log,10,0.2231,0.9,,1269,318,1562,0.0038707247324937678,True,0.0,True,10.0,0.5,additive,True
0.003663003663003663,0.0,0.0,0.0,gaussian_noise,SKAB,fold_4,123,8,3,3,0.5,avg_negative_log,10,0.2231,0.9,,1269,318,1562,0.0038707247324937678,True,0.0,True,10.0,0.5,additive,True
0.003663003663003663,0.0,0.0,0.0,original,SKAB,fold_4,2026,8,3,3,0.5,avg_negative_log,10,0.2231,0.9,,1269,318,1562,0.0038707247324937678,True,0.0,True,10.0,0.5,additive,True
0.003663003663003663,0.0,0.0,0.0,gaussian_noise,SKAB,fold_4,2026,8,3,3,0.5,avg_negative_log,10,0.2231,0.9,,1269,318,1562,0.0038707247324937678,True,0.0,True,10.0,0.5,additive,True
0.003663003663003663,0.0,0.0,0.0,original,SKAB,fold_4,7,8,3,3,0.5,avg_negative_log,10,0.2231,0.9,,1269,318,1562,0.0038707247324937678,True,0.0,True,10.0,0.5,additive,True
0.003663003663003663,0.0,0.0,0.0,gaussian_noise,SKAB,fold_4,7,8,3,3,0.5,avg_negative_log,10,0.2231,0.9,,1269,318,1562,0.0038707247324937678,True,0.0,True,10.0,0.5,additive,True
0.003663003663003663,0.0,0.0,0.0,original,SKAB,fold_4,999,8,3,3,0.5,avg_negative_log,10,0.2231,0.9,,1269,318,1562,0.0038707247324937678,True,0.0,True,10.0,0.5,additive,True
0.003663003663003663,0.0,0.0,0.0,gaussian_noise,SKAB,fold_4,999,8,3,3,0.5,avg_negative_log,10,0.2231,0.9,,1269,318,1562,0.0038707247324937678,True,0.0,True,10.0,0.5,additive,True
0.0035778175313059034,0.0,0.0,0.0,original,SKAB,fold_5,42,8,3,3,0.5,avg_negative_log,10,0.2231,0.9,,1231,290,1559,0.004367069105577187,True,0.0,True,10.0,0.5,additive,True
0.0035778175313059034,0.0,0.0,0.0,gaussian_noise,SKAB,fold_5,42,8,3,3,0.5,avg_negative_log,10,0.2231,0.9,,1231,290,1559,0.004367069105577187,True,0.0,True,10.0,0.5,additive,True
0.0035778175313059034,0.0,0.0,0.0,original,SKAB,fold_5,123,8,3,3,0.5,avg_negative_log,10,0.2231,0.9,,1231,290,1559,0.004367069105577187,True,0.0,True,10.0,0.5,additive,True
0.0035778175313059034,0.0,0.0,0.0,gaussian_noise,SKAB,fold_5,123,8,3,3,0.5,avg_negative_log,10,0.2231,0.9,,1231,290,1559,0.004367069105577187,True,0.0,True,10.0,0.5,additive,True
0.0035778175313059034,0.0,0.0,0.0,original,SKAB,fold_5,2026,8,3,3,0.5,avg_negative_log,10,0.2231,0.9,,1231,290,1559,0.004367069105577187,True,0.0,True,10.0,0.5,additive,True
0.0035778175313059034,0.0,0.0,0.0,gaussian_noise,SKAB,fold_5,2026,8,3,3,0.5,avg_negative_log,10,0.2231,0.9,,1231,290,1559,0.004367069105577187,True,0.0,True,10.0,0.5,additive,True
0.0035778175313059034,0.0,0.0,0.0,original,SKAB,fold_5,7,8,3,3,0.5,avg_negative_log,10,0.2231,0.9,,1231,290,1559,0.004367069105577187,True,0.0,True,10.0,0.5,additive,True
0.0035778175313059034,0.0,0.0,0.0,gaussian_noise,SKAB,fold_5,7,8,3,3,0.5,avg_negative_log,10,0.2231,0.9,,1231,290,1559,0.004367069105577187,True,0.0,True,10.0,0.5,additive,True
0.0035778175313059034,0.0,0.0,0.0,original,SKAB,fold_5,999,8,3,3,0.5,avg_negative_log,10,0.2231,0.9,,1231,290,1559,0.004367069105577187,True,0.0,True,10.0,0.5,additive,True
0.0035778175313059034,0.0,0.0,0.0,gaussian_noise,SKAB,fold_5,999,8,3,3,0.5,avg_negative_log,10,0.2231,0.9,,1231,290,1559,0.004367069105577187,True,0.0,True,10.0,0.5,additive,True
0.609009009009009,0.0,0.0,0.0,original,SKAB,fold_1,42,8,3,3,0.5,avg_negative_log,10,0.3567,0.9,,1088,273,1348,0.004538353803059686,True,0.0,True,10.0,0.5,additive,True
0.609009009009009,0.0,0.0,0.0,gaussian_noise,SKAB,fold_1,42,8,3,3,0.5,avg_negative_log,10,0.3567,0.9,,1088,273,1348,0.004538353803059686,True,0.0,True,10.0,0.5,additive,True
0.609009009009009,0.0,0.0,0.0,original,SKAB,fold_1,123,8,3,3,0.5,avg_negative_log,10,0.3567,0.9,,1088,273,1348,0.004538353803059686,True,0.0,True,10.0,0.5,additive,True
0.609009009009009,0.0,0.0,0.0,gaussian_noise,SKAB,fold_1,123,8,3,3,0.5,avg_negative_log,10,0.3567,0.9,,1088,273,1348,0.004538353803059686,True,0.0,True,10.0,0.5,additive,True
0.609009009009009,0.0,0.0,0.0,original,SKAB,fold_1,2026,8,3,3,0.5,avg_negative_log,10,0.3567,0.9,,1088,273,1348,0.004538353803059686,True,0.0,True,10.0,0.5,additive,True
0.609009009009009,0.0,0.0,0.0,gaussian_noise,SKAB,fold_1,2026,8,3,3,0.5,avg_negative_log,10,0.3567,0.9,,1088,273,1348,0.004538353803059686,True,0.0,True,10.0,0.5,additive,True
0.609009009009009,0.0,0.0,0.0,original,SKAB,fold_1,7,8,3,3,0.5,avg_negative_log,10,0.3567,0.9,,1088,273,1348,0.004538353803059686,True,0.0,True,10.0,0.5,additive,True
0.609009009009009,0.0,0.0,0.0,gaussian_noise,SKAB,fold_1,7,8,3,3,0.5,avg_negative_log,10,0.3567,0.9,,1088,273,1348,0.004538353803059686,True,0.0,True,10.0,0.5,additive,True
0.609009009009009,0.0,0.0,0.0,original,SKAB,fold_1,999,8,3,3,0.5,avg_negative_log,10,0.3567,0.9,,1088,273,1348,0.004538353803059686,True,0.0,True,10.0,0.5,additive,True
0.609009009009009,0.0,0.0,0.0,gaussian_noise,SKAB,fold_1,999,8,3,3,0.5,avg_negative_log,10,0.3567,0.9,,1088,273,1348,0.004538353803059686,True,0.0,True,10.0,0.5,additive,True
0.45750452079566006,0.0,0.0,0.0,original,SKAB,fold_2,42,8,3,3,0.5,avg_negative_log,10,0.3567,0.9,,1260,318,1542,0.0038484576220425277,True,0.0,True,10.0,0.5,additive,True
0.4430379746835443,0.0,0.0,0.0,gaussian_noise,SKAB,fold_2,42,8,3,3,0.5,avg_negative_log,10,0.3567,0.9,,1260,318,1542,0.0038484576220425277,True,0.0,True,10.0,0.5,additive,True
0.45750452079566006,0.0,0.0,0.0,original,SKAB,fold_2,123,8,3,3,0.5,avg_negative_log,10,0.3567,0.9,,1260,318,1542,0.0038484576220425277,True,0.0,True,10.0,0.5,additive,True
0.41952983725135623,0.0,0.0,0.0,gaussian_noise,SKAB,fold_2,123,8,3,3,0.5,avg_negative_log,10,0.3567,0.9,,1260,318,1542,0.0038484576220425277,True,0.0,True,10.0,0.5,additive,True
0.45750452079566006,0.0,0.0,0.0,original,SKAB,fold_2,2026,8,3,3,0.5,avg_negative_log,10,0.3567,0.9,,1260,318,1542,0.0038484576220425277,True,0.0,True,10.0,0.5,additive,True
0.4448462929475588,0.0,0.0,0.0,gaussian_noise,SKAB,fold_2,2026,8,3,3,0.5,avg_negative_log,10,0.3567,0.9,,1260,318,1542,0.0038484576220425277,True,0.0,True,10.0,0.5,additive,True
0.45750452079566006,0.0,0.0,0.0,original,SKAB,fold_2,7,8,3,3,0.5,avg_negative_log,10,0.3567,0.9,,1260,318,1542,0.0038484576220425277,True,0.0,True,10.0,0.5,additive,True
0.4593128390596745,0.0,0.0,0.0,gaussian_noise,SKAB,fold_2,7,8,3,3,0.5,avg_negative_log,10,0.3567,0.9,,1260,318,1542,0.0038484576220425277,True,0.0,True,10.0,0.5,additive,True
0.45750452079566006,0.0,0.0,0.0,original,SKAB,fold_2,999,8,3,3,0.5,avg_negative_log,10,0.3567,0.9,,1260,318,1542,0.0038484576220425277,True,0.0,True,10.0,0.5,additive,True
0.44665461121157324,0.0,0.0,0.0,gaussian_noise,SKAB,fold_2,999,8,3,3,0.5,avg_negative_log,10,0.3567,0.9,,1260,318,1542,0.0038484576220425277,True,0.0,True,10.0,0.5,additive,True
0.34900542495479203,0.0,0.0,0.0,original,SKAB,fold_3,42,8,3,3,0.5,avg_negative_log,10,0.3567,0.9,,1302,329,1597,0.003728189971939359,True,0.0,True,10.0,0.5,additive,True
0.3453887884267631,0.0,0.0,0.0,gaussian_noise,SKAB,fold_3,42,8,3,3,0.5,avg_negative_log,10,0.3567,0.9,,1302,329,1597,0.003728189971939359,True,0.0,True,10.0,0.5,additive,True
0.34900542495479203,0.0,0.0,0.0,original,SKAB,fold_3,123,8,3,3,0.5,avg_negative_log,10,0.3567,0.9,,1302,329,1597,0.003728189971939359,True,0.0,True,10.0,0.5,additive,True
0.3453887884267631,0.0,0.0,0.0,gaussian_noise,SKAB,fold_3,123,8,3,3,0.5,avg_negative_log,10,0.3567,0.9,,1302,329,1597,0.003728189971939359,True,0.0,True,10.0,0.5,additive,True
0.34900542495479203,0.0,0.0,0.0,original,SKAB,fold_3,2026,8,3,3,0.5,avg_negative_log,10,0.3567,0.9,,1302,329,1597,0.003728189971939359,True,0.0,True,10.0,0.5,additive,True
0.34900542495479203,0.0,0.0,0.0,gaussian_noise,SKAB,fold_3,2026,8,3,3,0.5,avg_negative_log,10,0.3567,0.9,,1302,329,1597,0.003728189971939359,True,0.0,True,10.0,0.5,additive,True
0.34900542495479203,0.0,0.0,0.0,original,SKAB,fold_3,7,8,3,3,0.5,avg_negative_log,10,0.3567,0.9,,1302,329,1597,0.003728189971939359,True,0.0,True,10.0,0.5,additive,True
0.3453887884267631,0.0,0.0,0.0,gaussian_noise,SKAB,fold_3,7,8,3,3,0.5,avg_negative_log,10,0.3567,0.9,,1302,329,1597,0.003728189971939359,True,0.0,True,10.0,0.5,additive,True
0.34900542495479203,0.0,0.0,0.0,original,SKAB,fold_3,999,8,3,3,0.5,avg_negative_log,10,0.3567,0.9,,1302,329,1597,0.003728189971939359,True,0.0,True,10.0,0.5,additive,True
0.3453887884267631,0.0,0.0,0.0,gaussian_noise,SKAB,fold_3,999,8,3,3,0.5,avg_negative_log,10,0.3567,0.9,,1302,329,1597,0.003728189971939359,True,0.0,True,10.0,0.5,additive,True
0.3498168498168498,0.0,0.0,0.0,original,SKAB,fold_4,42,8,3,3,0.5,avg_negative_log,10,0.3567,0.9,,1269,318,1562,0.0038707247324937678,True,0.0,True,10.0,0.5,additive,True
0.3498168498168498,0.0,0.0,0.0,gaussian_noise,SKAB,fold_4,42,8,3,3,0.5,avg_negative_log,10,0.3567,0.9,,1269,318,1562,0.0038707247324937678,True,0.0,True,10.0,0.5,additive,True
0.3498168498168498,0.0,0.0,0.0,original,SKAB,fold_4,123,8,3,3,0.5,avg_negative_log,10,0.3567,0.9,,1269,318,1562,0.0038707247324937678,True,0.0,True,10.0,0.5,additive,True
0.3498168498168498,0.0,0.0,0.0,gaussian_noise,SKAB,fold_4,123,8,3,3,0.5,avg_negative_log,10,0.3567,0.9,,1269,318,1562,0.0038707247324937678,True,0.0,True,10.0,0.5,additive,True
0.3498168498168498,0.0,0.0,0.0,original,SKAB,fold_4,2026,8,3,3,0.5,avg_negative_log,10,0.3567,0.9,,1269,318,1562,0.0038707247324937678,True,0.0,True,10.0,0.5,additive,True
0.34798534798534797,0.0,0.0,0.0,gaussian_noise,SKAB,fold_4,2026,8,3,3,0.5,avg_negative_log,10,0.3567,0.9,,1269,318,1562,0.0038707247324937678,True,0.0,True,10.0,0.5,additive,True
0.3498168498168498,0.0,0.0,0.0,original,SKAB,fold_4,7,8,3,3,0.5,avg_negative_log,10,0.3567,0.9,,1269,318,1562,0.0038707247324937678,True,0.0,True,10.0,0.5,additive,True
0.34798534798534797,0.0,0.0,0.0,gaussian_noise,SKAB,fold_4,7,8,3,3,0.5,avg_negative_log,10,0.3567,0.9,,1269,318,1562,0.0038707247324937678,True,0.0,True,10.0,0.5,additive,True
0.3498168498168498,0.0,0.0,0.0,original,SKAB,fold_4,999,8,3,3,0.5,avg_negative_log,10,0.3567,0.9,,1269,318,1562,0.0038707247324937678,True,0.0,True,10.0,0.5,additive,True
0.34798534798534797,0.0,0.0,0.0,gaussian_noise,SKAB,fold_4,999,8,3,3,0.5,avg_negative_log,10,0.3567,0.9,,1269,318,1562,0.0038707247324937678,True,0.0,True,10.0,0.5,additive,True
0.2039355992844365,0.0,0.0,0.0,original,SKAB,fold_5,42,8,3,3,0.5,avg_negative_log,10,0.3567,0.9,,1231,290,1559,0.004367069105577187,True,0.0,True,10.0,0.5,additive,True
0.2003577817531306,0.0,0.0,0.0,gaussian_noise,SKAB,fold_5,42,8,3,3,0.5,avg_negative_log,10,0.3567,0.9,,1231,290,1559,0.004367069105577187,True,0.0,True,10.0,0.5,additive,True
0.2039355992844365,0.0,0.0,0.0,original,SKAB,fold_5,123,8,3,3,0.5,avg_negative_log,10,0.3567,0.9,,1231,290,1559,0.004367069105577187,True,0.0,True,10.0,0.5,additive,True
0.2110912343470483,0.0,0.0,0.0,gaussian_noise,SKAB,fold_5,123,8,3,3,0.5,avg_negative_log,10,0.3567,0.9,,1231,290,1559,0.004367069105577187,True,0.0,True,10.0,0.5,additive,True
0.2039355992844365,0.0,0.0,0.0,original,SKAB,fold_5,2026,8,3,3,0.5,avg_negative_log,10,0.3567,0.9,,1231,290,1559,0.004367069105577187,True,0.0,True,10.0,0.5,additive,True
0.23613595706618962,0.0,0.0,0.0,gaussian_noise,SKAB,fold_5,2026,8,3,3,0.5,avg_negative_log,10,0.3567,0.9,,1231,290,1559,0.004367069105577187,True,0.0,True,10.0,0.5,additive,True
0.2039355992844365,0.0,0.0,0.0,original,SKAB,fold_5,7,8,3,3,0.5,avg_negative_log,10,0.3567,0.9,,1231,290,1559,0.004367069105577187,True,0.0,True,10.0,0.5,additive,True
0.20930232558139536,0.0,0.0,0.0,gaussian_noise,SKAB,fold_5,7,8,3,3,0.5,avg_negative_log,10,0.3567,0.9,,1231,290,1559,0.004367069105577187,True,0.0,True,10.0,0.5,additive,True
0.2039355992844365,0.0,0.0,0.0,original,SKAB,fold_5,999,8,3,3,0.5,avg_negative_log,10,0.3567,0.9,,1231,290,1559,0.004367069105577187,True,0.0,True,10.0,0.5,additive,True
0.22898032200357782,0.0,0.0,0.0,gaussian_noise,SKAB,fold_5,999,8,3,3,0.5,avg_negative_log,10,0.3567,0.9,,1231,290,1559,0.004367069105577187,True,0.0,True,10.0,0.5,additive,True
0.8252252252252252,0.0,0.0,0.0,original,SKAB,fold_1,42,8,3,3,0.5,avg_negative_log,10,0.5108,0.9,,1088,273,1348,0.004538353803059686,True,0.0,True,10.0,0.5,additive,True
0.8234234234234235,0.0,0.0,0.0,gaussian_noise,SKAB,fold_1,42,8,3,3,0.5,avg_negative_log,10,0.5108,0.9,,1088,273,1348,0.004538353803059686,True,0.0,True,10.0,0.5,additive,True
0.8252252252252252,0.0,0.0,0.0,original,SKAB,fold_1,123,8,3,3,0.5,avg_negative_log,10,0.5108,0.9,,1088,273,1348,0.004538353803059686,True,0.0,True,10.0,0.5,additive,True
0.8234234234234235,0.0,0.0,0.0,gaussian_noise,SKAB,fold_1,123,8,3,3,0.5,avg_negative_log,10,0.5108,0.9,,1088,273,1348,0.004538353803059686,True,0.0,True,10.0,0.5,additive,True
0.8252252252252252,0.0,0.0,0.0,original,SKAB,fold_1,2026,8,3,3,0.5,avg_negative_log,10,0.5108,0.9,,1088,273,1348,0.004538353803059686,True,0.0,True,10.0,0.5,additive,True
0.8252252252252252,0.0,0.0,0.0,gaussian_noise,SKAB,fold_1,2026,8,3,3,0.5,avg_negative_log,10,0.5108,0.9,,1088,273,1348,0.004538353803059686,True,0.0,True,10.0,0.5,additive,True
0.8252252252252252,0.0,0.0,0.0,original,SKAB,fold_1,7,8,3,3,0.5,avg_negative_log,10,0.5108,0.9,,1088,273,1348,0.004538353803059686,True,0.0,True,10.0,0.5,additive,True
0.8252252252252252,0.0,0.0,0.0,gaussian_noise,SKAB,fold_1,7,8,3,3,0.5,avg_negative_log,10,0.5108,0.9,,1088,273,1348,0.004538353803059686,True,0.0,True,10.0,0.5,additive,True
0.8252252252252252,0.0,0.0,0.0,original,SKAB,fold_1,999,8,3,3,0.5,avg_negative_log,10,0.5108,0.9,,1088,273,1348,0.004538353803059686,True,0.0,True,10.0,0.5,additive,True
0.8234234234234235,0.0,0.0,0.0,gaussian_noise,SKAB,fold_1,999,8,3,3,0.5,avg_negative_log,10,0.5108,0.9,,1088,273,1348,0.004538353803059686,True,0.0,True,10.0,0.5,additive,True
0.45750452079566006,0.0,0.0,0.0,original,SKAB,fold_2,42,8,3,3,0.5,avg_negative_log,10,0.5108,0.9,,1260,318,1542,0.0038484576220425277,True,0.0,True,10.0,0.5,additive,True
0.4430379746835443,0.0,0.0,0.0,gaussian_noise,SKAB,fold_2,42,8,3,3,0.5,avg_negative_log,10,0.5108,0.9,,1260,318,1542,0.0038484576220425277,True,0.0,True,10.0,0.5,additive,True
0.45750452079566006,0.0,0.0,0.0,original,SKAB,fold_2,123,8,3,3,0.5,avg_negative_log,10,0.5108,0.9,,1260,318,1542,0.0038484576220425277,True,0.0,True,10.0,0.5,additive,True
0.41952983725135623,0.0,0.0,0.0,gaussian_noise,SKAB,fold_2,123,8,3,3,0.5,avg_negative_log,10,0.5108,0.9,,1260,318,1542,0.0038484576220425277,True,0.0,True,10.0,0.5,additive,True
0.45750452079566006,0.0,0.0,0.0,original,SKAB,fold_2,2026,8,3,3,0.5,avg_negative_log,10,0.5108,0.9,,1260,318,1542,0.0038484576220425277,True,0.0,True,10.0,0.5,additive,True
0.4448462929475588,0.0,0.0,0.0,gaussian_noise,SKAB,fold_2,2026,8,3,3,0.5,avg_negative_log,10,0.5108,0.9,,1260,318,1542,0.0038484576220425277,True,0.0,True,10.0,0.5,additive,True
0.45750452079566006,0.0,0.0,0.0,original,SKAB,fold_2,7,8,3,3,0.5,avg_negative_log,10,0.5108,0.9,,1260,318,1542,0.0038484576220425277,True,0.0,True,10.0,0.5,additive,True
0.4593128390596745,0.0,0.0,0.0,gaussian_noise,SKAB,fold_2,7,8,3,3,0.5,avg_negative_log,10,0.5108,0.9,,1260,318,1542,0.0038484576220425277,True,0.0,True,10.0,0.5,additive,True
0.45750452079566006,0.0,0.0,0.0,original,SKAB,fold_2,999,8,3,3,0.5,avg_negative_log,10,0.5108,0.9,,1260,318,1542,0.0038484576220425277,True,0.0,True,10.0,0.5,additive,True
0.44665461121157324,0.0,0.0,0.0,gaussian_noise,SKAB,fold_2,999,8,3,3,0.5,avg_negative_log,10,0.5108,0.9,,1260,318,1542,0.0038484576220425277,True,0.0,True,10.0,0.5,additive,True
0.34900542495479203,0.0,0.0,0.0,original,SKAB,fold_3,42,8,3,3,0.5,avg_negative_log,10,0.5108,0.9,,1302,329,1597,0.003728189971939359,True,0.0,True,10.0,0.5,additive,True
0.3453887884267631,0.0,0.0,0.0,gaussian_noise,SKAB,fold_3,42,8,3,3,0.5,avg_negative_log,10,0.5108,0.9,,1302,329,1597,0.003728189971939359,True,0.0,True,10.0,0.5,additive,True
0.34900542495479203,0.0,0.0,0.0,original,SKAB,fold_3,123,8,3,3,0.5,avg_negative_log,10,0.5108,0.9,,1302,329,1597,0.003728189971939359,True,0.0,True,10.0,0.5,additive,True
0.3453887884267631,0.0,0.0,0.0,gaussian_noise,SKAB,fold_3,123,8,3,3,0.5,avg_negative_log,10,0.5108,0.9,,1302,329,1597,0.003728189971939359,True,0.0,True,10.0,0.5,additive,True
0.34900542495479203,0.0,0.0,0.0,original,SKAB,fold_3,2026,8,3,3,0.5,avg_negative_log,10,0.5108,0.9,,1302,329,1597,0.003728189971939359,True,0.0,True,10.0,0.5,additive,True
0.34900542495479203,0.0,0.0,0.0,gaussian_noise,SKAB,fold_3,2026,8,3,3,0.5,avg_negative_log,10,0.5108,0.9,,1302,329,1597,0.003728189971939359,True,0.0,True,10.0,0.5,additive,True
0.34900542495479203,0.0,0.0,0.0,original,SKAB,fold_3,7,8,3,3,0.5,avg_negative_log,10,0.5108,0.9,,1302,329,1597,0.003728189971939359,True,0.0,True,10.0,0.5,additive,True
0.3453887884267631,0.0,0.0,0.0,gaussian_noise,SKAB,fold_3,7,8,3,3,0.5,avg_negative_log,10,0.5108,0.9,,1302,329,1597,0.003728189971939359,True,0.0,True,10.0,0.5,additive,True
0.34900542495479203,0.0,0.0,0.0,original,SKAB,fold_3,999,8,3,3,0.5,avg_negative_log,10,0.5108,0.9,,1302,329,1597,0.003728189971939359,True,0.0,True,10.0,0.5,additive,True
0.3453887884267631,0.0,0.0,0.0,gaussian_noise,SKAB,fold_3,999,8,3,3,0.5,avg_negative_log,10,0.5108,0.9,,1302,329,1597,0.003728189971939359,True,0.0,True,10.0,0.5,additive,True
0.4194139194139194,0.0,0.0,0.0,original,SKAB,fold_4,42,8,3,3,0.5,avg_negative_log,10,0.5108,0.9,,1269,318,1562,0.0038707247324937678,True,0.0,True,10.0,0.5,additive,True
0.4194139194139194,0.0,0.0,0.0,gaussian_noise,SKAB,fold_4,42,8,3,3,0.5,avg_negative_log,10,0.5108,0.9,,1269,318,1562,0.0038707247324937678,True,0.0,True,10.0,0.5,additive,True
0.4194139194139194,0.0,0.0,0.0,original,SKAB,fold_4,123,8,3,3,0.5,avg_negative_log,10,0.5108,0.9,,1269,318,1562,0.0038707247324937678,True,0.0,True,10.0,0.5,additive,True
0.4194139194139194,0.0,0.0,0.0,gaussian_noise,SKAB,fold_4,123,8,3,3,0.5,avg_negative_log,10,0.5108,0.9,,1269,318,1562,0.0038707247324937678,True,0.0,True,10.0,0.5,additive,True
0.4194139194139194,0.0,0.0,0.0,original,SKAB,fold_4,2026,8,3,3,0.5,avg_negative_log,10,0.5108,0.9,,1269,318,1562,0.0038707247324937678,True,0.0,True,10.0,0.5,additive,True
0.39194139194139194,0.0,0.0,0.0,gaussian_noise,SKAB,fold_4,2026,8,3,3,0.5,avg_negative_log,10,0.5108,0.9,,1269,318,1562,0.0038707247324937678,True,0.0,True,10.0,0.5,additive,True
0.4194139194139194,0.0,0.0,0.0,original,SKAB,fold_4,7,8,3,3,0.5,avg_negative_log,10,0.5108,0.9,,1269,318,1562,0.0038707247324937678,True,0.0,True,10.0,0.5,additive,True
0.4175824175824176,0.0,0.0,0.0,gaussian_noise,SKAB,fold_4,7,8,3,3,0.5,avg_negative_log,10,0.5108,0.9,,1269,318,1562,0.0038707247324937678,True,0.0,True,10.0,0.5,additive,True
0.4194139194139194,0.0,0.0,0.0,original,SKAB,fold_4,999,8,3,3,0.5,avg_negative_log,10,0.5108,0.9,,1269,318,1562,0.0038707247324937678,True,0.0,True,10.0,0.5,additive,True
0.4175824175824176,0.0,0.0,0.0,gaussian_noise,SKAB,fold_4,999,8,3,3,0.5,avg_negative_log,10,0.5108,0.9,,1269,318,1562,0.0038707247324937678,True,0.0,True,10.0,0.5,additive,True
0.2075134168157424,0.0,0.0,0.0,original,SKAB,fold_5,42,8,3,3,0.5,avg_negative_log,10,0.5108,0.9,,1231,290,1559,0.004367069105577187,True,0.0,True,10.0,0.5,additive,True
0.2039355992844365,0.0,0.0,0.0,gaussian_noise,SKAB,fold_5,42,8,3,3,0.5,avg_negative_log,10,0.5108,0.9,,1231,290,1559,0.004367069105577187,True,0.0,True,10.0,0.5,additive,True
0.2075134168157424,0.0,0.0,0.0,original,SKAB,fold_5,123,8,3,3,0.5,avg_negative_log,10,0.5108,0.9,,1231,290,1559,0.004367069105577187,True,0.0,True,10.0,0.5,additive,True
0.2146690518783542,0.0,0.0,0.0,gaussian_noise,SKAB,fold_5,123,8,3,3,0.5,avg_negative_log,10,0.5108,0.9,,1231,290,1559,0.004367069105577187,True,0.0,True,10.0,0.5,additive,True
0.2075134168157424,0.0,0.0,0.0,original,SKAB,fold_5,2026,8,3,3,0.5,avg_negative_log,10,0.5108,0.9,,1231,290,1559,0.004367069105577187,True,0.0,True,10.0,0.5,additive,True
0.23971377459749552,0.0,0.0,0.0,gaussian_noise,SKAB,fold_5,2026,8,3,3,0.5,avg_negative_log,10,0.5108,0.9,,1231,290,1559,0.004367069105577187,True,0.0,True,10.0,0.5,additive,True
0.2075134168157424,0.0,0.0,0.0,original,SKAB,fold_5,7,8,3,3,0.5,avg_negative_log,10,0.5108,0.9,,1231,290,1559,0.004367069105577187,True,0.0,True,10.0,0.5,additive,True
0.21288014311270126,0.0,0.0,0.0,gaussian_noise,SKAB,fold_5,7,8,3,3,0.5,avg_negative_log,10,0.5108,0.9,,1231,290,1559,0.004367069105577187,True,0.0,True,10.0,0.5,additive,True
0.2075134168157424,0.0,0.0,0.0,original,SKAB,fold_5,999,8,3,3,0.5,avg_negative_log,10,0.5108,0.9,,1231,290,1559,0.004367069105577187,True,0.0,True,10.0,0.5,additive,True
0.23255813953488372,0.0,0.0,0.0,gaussian_noise,SKAB,fold_5,999,8,3,3,0.5,avg_negative_log,10,0.5108,0.9,,1231,290,1559,0.004367069105577187,True,0.0,True,10.0,0.5,additive,True
0.827027027027027,0.0,0.0,0.0,original,SKAB,fold_1,42,8,3,3,0.5,avg_negative_log,10,0.6931,0.9,,1088,273,1348,0.004538353803059686,True,0.0,True,10.0,0.5,additive,True
0.8252252252252252,0.0,0.0,0.0,gaussian_noise,SKAB,fold_1,42,8,3,3,0.5,avg_negative_log,10,0.6931,0.9,,1088,273,1348,0.004538353803059686,True,0.0,True,10.0,0.5,additive,True
0.827027027027027,0.0,0.0,0.0,original,SKAB,fold_1,123,8,3,3,0.5,avg_negative_log,10,0.6931,0.9,,1088,273,1348,0.004538353803059686,True,0.0,True,10.0,0.5,additive,True
0.8252252252252252,0.0,0.0,0.0,gaussian_noise,SKAB,fold_1,123,8,3,3,0.5,avg_negative_log,10,0.6931,0.9,,1088,273,1348,0.004538353803059686,True,0.0,True,10.0,0.5,additive,True
0.827027027027027,0.0,0.0,0.0,original,SKAB,fold_1,2026,8,3,3,0.5,avg_negative_log,10,0.6931,0.9,,1088,273,1348,0.004538353803059686,True,0.0,True,10.0,0.5,additive,True
0.827027027027027,0.0,0.0,0.0,gaussian_noise,SKAB,fold_1,2026,8,3,3,0.5,avg_negative_log,10,0.6931,0.9,,1088,273,1348,0.004538353803059686,True,0.0,True,10.0,0.5,additive,True
0.827027027027027,0.0,0.0,0.0,original,SKAB,fold_1,7,8,3,3,0.5,avg_negative_log,10,0.6931,0.9,,1088,273,1348,0.004538353803059686,True,0.0,True,10.0,0.5,additive,True
0.827027027027027,0.0,0.0,0.0,gaussian_noise,SKAB,fold_1,7,8,3,3,0.5,avg_negative_log,10,0.6931,0.9,,1088,273,1348,0.004538353803059686,True,0.0,True,10.0,0.5,additive,True
0.827027027027027,0.0,0.0,0.0,original,SKAB,fold_1,999,8,3,3,0.5,avg_negative_log,10,0.6931,0.9,,1088,273,1348,0.004538353803059686,True,0.0,True,10.0,0.5,additive,True
0.8252252252252252,0.0,0.0,0.0,gaussian_noise,SKAB,fold_1,999,8,3,3,0.5,avg_negative_log,10,0.6931,0.9,,1088,273,1348,0.004538353803059686,True,0.0,True,10.0,0.5,additive,True
0.4665461121157324,0.0,0.0,0.0,original,SKAB,fold_2,42,8,3,3,0.5,avg_negative_log,10,0.6931,0.9,,1260,318,1542,0.0038484576220425277,True,0.0,True,10.0,0.5,additive,True
0.45207956600361665,0.0,0.0,0.0,gaussian_noise,SKAB,fold_2,42,8,3,3,0.5,avg_negative_log,10,0.6931,0.9,,1260,318,1542,0.0038484576220425277,True,0.0,True,10.0,0.5,additive,True
0.4665461121157324,0.0,0.0,0.0,original,SKAB,fold_2,123,8,3,3,0.5,avg_negative_log,10,0.6931,0.9,,1260,318,1542,0.0038484576220425277,True,0.0,True,10.0,0.5,additive,True
0.43399638336347196,0.0,0.0,0.0,gaussian_noise,SKAB,fold_2,123,8,3,3,0.5,avg_negative_log,10,0.6931,0.9,,1260,318,1542,0.0038484576220425277,True,0.0,True,10.0,0.5,additive,True
0.4665461121157324,0.0,0.0,0.0,original,SKAB,fold_2,2026,8,3,3,0.5,avg_negative_log,10,0.6931,0.9,,1260,318,1542,0.0038484576220425277,True,0.0,True,10.0,0.5,additive,True
0.4538878842676311,0.0,0.0,0.0,gaussian_noise,SKAB,fold_2,2026,8,3,3,0.5,avg_negative_log,10,0.6931,0.9,,1260,318,1542,0.0038484576220425277,True,0.0,True,10.0,0.5,additive,True
0.4665461121157324,0.0,0.0,0.0,original,SKAB,fold_2,7,8,3,3,0.5,avg_negative_log,10,0.6931,0.9,,1260,318,1542,0.0038484576220425277,True,0.0,True,10.0,0.5,additive,True
0.4701627486437613,0.0,0.0,0.0,gaussian_noise,SKAB,fold_2,7,8,3,3,0.5,avg_negative_log,10,0.6931,0.9,,1260,318,1542,0.0038484576220425277,True,0.0,True,10.0,0.5,additive,True
0.4665461121157324,0.0,0.0,0.0,original,SKAB,fold_2,999,8,3,3,0.5,avg_negative_log,10,0.6931,0.9,,1260,318,1542,0.0038484576220425277,True,0.0,True,10.0,0.5,additive,True
0.45750452079566006,0.0,0.0,0.0,gaussian_noise,SKAB,fold_2,999,8,3,3,0.5,avg_negative_log,10,0.6931,0.9,,1260,318,1542,0.0038484576220425277,True,0.0,True,10.0,0.5,additive,True
0.41952983725135623,0.0,0.0,0.0,original,SKAB,fold_3,42,8,3,3,0.5,avg_negative_log,10,0.6931,0.9,,1302,329,1597,0.003728189971939359,True,0.0,True,10.0,0.5,additive,True
0.41229656419529837,0.0,0.0,0.0,gaussian_noise,SKAB,fold_3,42,8,3,3,0.5,avg_negative_log,10,0.6931,0.9,,1302,329,1597,0.003728189971939359,True,0.0,True,10.0,0.5,additive,True
0.41952983725135623,0.0,0.0,0.0,original,SKAB,fold_3,123,8,3,3,0.5,avg_negative_log,10,0.6931,0.9,,1302,329,1597,0.003728189971939359,True,0.0,True,10.0,0.5,additive,True
0.40867992766726946,0.0,0.0,0.0,gaussian_noise,SKAB,fold_3,123,8,3,3,0.5,avg_negative_log,10,0.6931,0.9,,1302,329,1597,0.003728189971939359,True,0.0,True,10.0,0.5,additive,True
0.41952983725135623,0.0,0.0,0.0,original,SKAB,fold_3,2026,8,3,3,0.5,avg_negative_log,10,0.6931,0.9,,1302,329,1597,0.003728189971939359,True,0.0,True,10.0,0.5,additive,True
0.41952983725135623,0.0,0.0,0.0,gaussian_noise,SKAB,fold_3,2026,8,3,3,0.5,avg_negative_log,10,0.6931,0.9,,1302,329,1597,0.003728189971939359,True,0.0,True,10.0,0.5,additive,True
0.41952983725135623,0.0,0.0,0.0,original,SKAB,fold_3,7,8,3,3,0.5,avg_negative_log,10,0.6931,0.9,,1302,329,1597,0.003728189971939359,True,0.0,True,10.0,0.5,additive,True
0.41952983725135623,0.0,0.0,0.0,gaussian_noise,SKAB,fold_3,7,8,3,3,0.5,avg_negative_log,10,0.6931,0.9,,1302,329,1597,0.003728189971939359,True,0.0,True,10.0,0.5,additive,True
0.41952983725135623,0.0,0.0,0.0,original,SKAB,fold_3,999,8,3,3,0.5,avg_negative_log,10,0.6931,0.9,,1302,329,1597,0.003728189971939359,True,0.0,True,10.0,0.5,additive,True
0.41229656419529837,0.0,0.0,0.0,gaussian_noise,SKAB,fold_3,999,8,3,3,0.5,avg_negative_log,10,0.6931,0.9,,1302,329,1597,0.003728189971939359,True,0.0,True,10.0,0.5,additive,True
0.43040293040293043,0.0,0.0,0.0,original,SKAB,fold_4,42,8,3,3,0.5,avg_negative_log,10,0.6931,0.9,,1269,318,1562,0.0038707247324937678,True,0.0,True,10.0,0.5,additive,True
0.43040293040293043,0.0,0.0,0.0,gaussian_noise,SKAB,fold_4,42,8,3,3,0.5,avg_negative_log,10,0.6931,0.9,,1269,318,1562,0.0038707247324937678,True,0.0,True,10.0,0.5,additive,True
0.43040293040293043,0.0,0.0,0.0,original,SKAB,fold_4,123,8,3,3,0.5,avg_negative_log,10,0.6931,0.9,,1269,318,1562,0.0038707247324937678,True,0.0,True,10.0,0.5,additive,True
0.43040293040293043,0.0,0.0,0.0,gaussian_noise,SKAB,fold_4,123,8,3,3,0.5,avg_negative_log,10,0.6931,0.9,,1269,318,1562,0.0038707247324937678,True,0.0,True,10.0,0.5,additive,True
0.43040293040293043,0.0,0.0,0.0,original,SKAB,fold_4,2026,8,3,3,0.5,avg_negative_log,10,0.6931,0.9,,1269,318,1562,0.0038707247324937678,True,0.0,True,10.0,0.5,additive,True
0.40293040293040294,0.0,0.0,0.0,gaussian_noise,SKAB,fold_4,2026,8,3,3,0.5,avg_negative_log,10,0.6931,0.9,,1269,318,1562,0.0038707247324937678,True,0.0,True,10.0,0.5,additive,True
0.43040293040293043,0.0,0.0,0.0,original,SKAB,fold_4,7,8,3,3,0.5,avg_negative_log,10,0.6931,0.9,,1269,318,1562,0.0038707247324937678,True,0.0,True,10.0,0.5,additive,True
0.42857142857142855,0.0,0.0,0.0,gaussian_noise,SKAB,fold_4,7,8,3,3,0.5,avg_negative_log,10,0.6931,0.9,,1269,318,1562,0.0038707247324937678,True,0.0,True,10.0,0.5,additive,True
0.43040293040293043,0.0,0.0,0.0,original,SKAB,fold_4,999,8,3,3,0.5,avg_negative_log,10,0.6931,0.9,,1269,318,1562,0.0038707247324937678,True,0.0,True,10.0,0.5,additive,True
0.42857142857142855,0.0,0.0,0.0,gaussian_noise,SKAB,fold_4,999,8,3,3,0.5,avg_negative_log,10,0.6931,0.9,,1269,318,1562,0.0038707247324937678,True,0.0,True,10.0,0.5,additive,True
0.21645796064400716,0.0,0.0,0.0,original,SKAB,fold_5,42,8,3,3,0.5,avg_negative_log,10,0.6931,0.9,,1231,290,1559,0.004367069105577187,True,0.0,True,10.0,0.5,additive,True
0.21288014311270126,0.0,0.0,0.0,gaussian_noise,SKAB,fold_5,42,8,3,3,0.5,avg_negative_log,10,0.6931,0.9,,1231,290,1559,0.004367069105577187,True,0.0,True,10.0,0.5,additive,True
0.21645796064400716,0.0,0.0,0.0,original,SKAB,fold_5,123,8,3,3,0.5,avg_negative_log,10,0.6931,0.9,,1231,290,1559,0.004367069105577187,True,0.0,True,10.0,0.5,additive,True
0.22540250447227192,0.0,0.0,0.0,gaussian_noise,SKAB,fold_5,123,8,3,3,0.5,avg_negative_log,10,0.6931,0.9,,1231,290,1559,0.004367069105577187,True,0.0,True,10.0,0.5,additive,True
0.21645796064400716,0.0,0.0,0.0,original,SKAB,fold_5,2026,8,3,3,0.5,avg_negative_log,10,0.6931,0.9,,1231,290,1559,0.004367069105577187,True,0.0,True,10.0,0.5,additive,True
0.24865831842576028,0.0,0.0,0.0,gaussian_noise,SKAB,fold_5,2026,8,3,3,0.5,avg_negative_log,10,0.6931,0.9,,1231,290,1559,0.004367069105577187,True,0.0,True,10.0,0.5,additive,True
0.21645796064400716,0.0,0.0,0.0,original,SKAB,fold_5,7,8,3,3,0.5,avg_negative_log,10,0.6931,0.9,,1231,290,1559,0.004367069105577187,True,0.0,True,10.0,0.5,additive,True
0.22182468694096602,0.0,0.0,0.0,gaussian_noise,SKAB,fold_5,7,8,3,3,0.5,avg_negative_log,10,0.6931,0.9,,1231,290,1559,0.004367069105577187,True,0.0,True,10.0,0.5,additive,True
0.21645796064400716,0.0,0.0,0.0,original,SKAB,fold_5,999,8,3,3,0.5,avg_negative_log,10,0.6931,0.9,,1231,290,1559,0.004367069105577187,True,0.0,True,10.0,0.5,additive,True
0.24150268336314848,0.0,0.0,0.0,gaussian_noise,SKAB,fold_5,999,8,3,3,0.5,avg_negative_log,10,0.6931,0.9,,1231,290,1559,0.004367069105577187,True,0.0,True,10.0,0.5,additive,True
0.8378378378378378,0.0,0.0,0.0,original,SKAB,fold_1,42,8,3,3,0.5,avg_negative_log,10,0.9163,0.9,,1088,273,1348,0.004538353803059686,True,0.0,True,10.0,0.5,additive,True
0.836036036036036,0.0,0.0,0.0,gaussian_noise,SKAB,fold_1,42,8,3,3,0.5,avg_negative_log,10,0.9163,0.9,,1088,273,1348,0.004538353803059686,True,0.0,True,10.0,0.5,additive,True
0.8378378378378378,0.0,0.0,0.0,original,SKAB,fold_1,123,8,3,3,0.5,avg_negative_log,10,0.9163,0.9,,1088,273,1348,0.004538353803059686,True,0.0,True,10.0,0.5,additive,True
0.836036036036036,0.0,0.0,0.0,gaussian_noise,SKAB,fold_1,123,8,3,3,0.5,avg_negative_log,10,0.9163,0.9,,1088,273,1348,0.004538353803059686,True,0.0,True,10.0,0.5,additive,True
0.8378378378378378,0.0,0.0,0.0,original,SKAB,fold_1,2026,8,3,3,0.5,avg_negative_log,10,0.9163,0.9,,1088,273,1348,0.004538353803059686,True,0.0,True,10.0,0.5,additive,True
0.8378378378378378,0.0,0.0,0.0,gaussian_noise,SKAB,fold_1,2026,8,3,3,0.5,avg_negative_log,10,0.9163,0.9,,1088,273,1348,0.004538353803059686,True,0.0,True,10.0,0.5,additive,True
0.8378378378378378,0.0,0.0,0.0,original,SKAB,fold_1,7,8,3,3,0.5,avg_negative_log,10,0.9163,0.9,,1088,273,1348,0.004538353803059686,True,0.0,True,10.0,0.5,additive,True
0.8378378378378378,0.0,0.0,0.0,gaussian_noise,SKAB,fold_1,7,8,3,3,0.5,avg_negative_log,10,0.9163,0.9,,1088,273,1348,0.004538353803059686,True,0.0,True,10.0,0.5,additive,True
0.8378378378378378,0.0,0.0,0.0,original,SKAB,fold_1,999,8,3,3,0.5,avg_negative_log,10,0.9163,0.9,,1088,273,1348,0.004538353803059686,True,0.0,True,10.0,0.5,additive,True
0.836036036036036,0.0,0.0,0.0,gaussian_noise,SKAB,fold_1,999,8,3,3,0.5,avg_negative_log,10,0.9163,0.9,,1088,273,1348,0.004538353803059686,True,0.0,True,10.0,0.5,additive,True
0.47377938517179025,0.0,0.0,0.0,original,SKAB,fold_2,42,8,3,3,0.5,avg_negative_log,10,0.9163,0.9,,1260,318,1542,0.0038484576220425277,True,0.0,True,10.0,0.5,additive,True
0.4593128390596745,0.0,0.0,0.0,gaussian_noise,SKAB,fold_2,42,8,3,3,0.5,avg_negative_log,10,0.9163,0.9,,1260,318,1542,0.0038484576220425277,True,0.0,True,10.0,0.5,additive,True
0.47377938517179025,0.0,0.0,0.0,original,SKAB,fold_2,123,8,3,3,0.5,avg_negative_log,10,0.9163,0.9,,1260,318,1542,0.0038484576220425277,True,0.0,True,10.0,0.5,additive,True
0.4448462929475588,0.0,0.0,0.0,gaussian_noise,SKAB,fold_2,123,8,3,3,0.5,avg_negative_log,10,0.9163,0.9,,1260,318,1542,0.0038484576220425277,True,0.0,True,10.0,0.5,additive,True
0.47377938517179025,0.0,0.0,0.0,original,SKAB,fold_2,2026,8,3,3,0.5,avg_negative_log,10,0.9163,0.9,,1260,318,1542,0.0038484576220425277,True,0.0,True,10.0,0.5,additive,True
0.46112115732368897,0.0,0.0,0.0,gaussian_noise,SKAB,fold_2,2026,8,3,3,0.5,avg_negative_log,10,0.9163,0.9,,1260,318,1542,0.0038484576220425277,True,0.0,True,10.0,0.5,additive,True
0.47377938517179025,0.0,0.0,0.0,original,SKAB,fold_2,7,8,3,3,0.5,avg_negative_log,10,0.9163,0.9,,1260,318,1542,0.0038484576220425277,True,0.0,True,10.0,0.5,additive,True
0.47920433996383366,0.0,0.0,0.0,gaussian_noise,SKAB,fold_2,7,8,3,3,0.5,avg_negative_log,10,0.9163,0.9,,1260,318,1542,0.0038484576220425277,True,0.0,True,10.0,0.5,additive,True
0.47377938517179025,0.0,0.0,0.0,original,SKAB,fold_2,999,8,3,3,0.5,avg_negative_log,10,0.9163,0.9,,1260,318,1542,0.0038484576220425277,True,0.0,True,10.0,0.5,additive,True
0.4665461121157324,0.0,0.0,0.0,gaussian_noise,SKAB,fold_2,999,8,3,3,0.5,avg_negative_log,10,0.9163,0.9,,1260,318,1542,0.0038484576220425277,True,0.0,True,10.0,0.5,additive,True
0.4394213381555154,0.0,0.0,0.0,original,SKAB,fold_3,42,8,3,3,0.5,avg_negative_log,10,0.9163,0.9,,1302,329,1597,0.003728189971939359,True,0.0,True,10.0,0.5,additive,True
0.42857142857142855,0.0,0.0,0.0,gaussian_noise,SKAB,fold_3,42,8,3,3,0.5,avg_negative_log,10,0.9163,0.9,,1302,329,1597,0.003728189971939359,True,0.0,True,10.0,0.5,additive,True
0.4394213381555154,0.0,0.0,0.0,original,SKAB,fold_3,123,8,3,3,0.5,avg_negative_log,10,0.9163,0.9,,1302,329,1597,0.003728189971939359,True,0.0,True,10.0,0.5,additive,True
0.42857142857142855,0.0,0.0,0.0,gaussian_noise,SKAB,fold_3,123,8,3,3,0.5,avg_negative_log,10,0.9163,0.9,,1302,329,1597,0.003728189971939359,True,0.0,True,10.0,0.5,additive,True
0.4394213381555154,0.0,0.0,0.0,original,SKAB,fold_3,2026,8,3,3,0.5,avg_negative_log,10,0.9163,0.9,,1302,329,1597,0.003728189971939359,True,0.0,True,10.0,0.5,additive,True
0.4394213381555154,0.0,0.0,0.0,gaussian_noise,SKAB,fold_3,2026,8,3,3,0.5,avg_negative_log,10,0.9163,0.9,,1302,329,1597,0.003728189971939359,True,0.0,True,10.0,0.5,additive,True
0.4394213381555154,0.0,0.0,0.0,original,SKAB,fold_3,7,8,3,3,0.5,avg_negative_log,10,0.9163,0.9,,1302,329,1597,0.003728189971939359,True,0.0,True,10.0,0.5,additive,True
0.4430379746835443,0.0,0.0,0.0,gaussian_noise,SKAB,fold_3,7,8,3,3,0.5,avg_negative_log,10,0.9163,0.9,,1302,329,1597,0.003728189971939359,True,0.0,True,10.0,0.5,additive,True
0.4394213381555154,0.0,0.0,0.0,original,SKAB,fold_3,999,8,3,3,0.5,avg_negative_log,10,0.9163,0.9,,1302,329,1597,0.003728189971939359,True,0.0,True,10.0,0.5,additive,True
0.42857142857142855,0.0,0.0,0.0,gaussian_noise,SKAB,fold_3,999,8,3,3,0.5,avg_negative_log,10,0.9163,0.9,,1302,329,1597,0.003728189971939359,True,0.0,True,10.0,0.5,additive,True
0.4432234432234432,0.0,0.0,0.0,original,SKAB,fold_4,42,8,3,3,0.5,avg_negative_log,10,0.9163,0.9,,1269,318,1562,0.0038707247324937678,True,0.0,True,10.0,0.5,additive,True
0.4468864468864469,0.0,0.0,0.0,gaussian_noise,SKAB,fold_4,42,8,3,3,0.5,avg_negative_log,10,0.9163,0.9,,1269,318,1562,0.0038707247324937678,True,0.0,True,10.0,0.5,additive,True
0.4432234432234432,0.0,0.0,0.0,original,SKAB,fold_4,123,8,3,3,0.5,avg_negative_log,10,0.9163,0.9,,1269,318,1562,0.0038707247324937678,True,0.0,True,10.0,0.5,additive,True
0.4432234432234432,0.0,0.0,0.0,gaussian_noise,SKAB,fold_4,123,8,3,3,0.5,avg_negative_log,10,0.9163,0.9,,1269,318,1562,0.0038707247324937678,True,0.0,True,10.0,0.5,additive,True
0.4432234432234432,0.0,0.0,0.0,original,SKAB,fold_4,2026,8,3,3,0.5,avg_negative_log,10,0.9163,0.9,,1269,318,1562,0.0038707247324937678,True,0.0,True,10.0,0.5,additive,True
0.4157509157509158,0.0,0.0,0.0,gaussian_noise,SKAB,fold_4,2026,8,3,3,0.5,avg_negative_log,10,0.9163,0.9,,1269,318,1562,0.0038707247324937678,True,0.0,True,10.0,0.5,additive,True
0.4432234432234432,0.0,0.0,0.0,original,SKAB,fold_4,7,8,3,3,0.5,avg_negative_log,10,0.9163,0.9,,1269,318,1562,0.0038707247324937678,True,0.0,True,10.0,0.5,additive,True
0.44505494505494503,0.0,0.0,0.0,gaussian_noise,SKAB,fold_4,7,8,3,3,0.5,avg_negative_log,10,0.9163,0.9,,1269,318,1562,0.0038707247324937678,True,0.0,True,10.0,0.5,additive,True
0.4432234432234432,0.0,0.0,0.0,original,SKAB,fold_4,999,8,3,3,0.5,avg_negative_log,10,0.9163,0.9,,1269,318,1562,0.0038707247324937678,True,0.0,True,10.0,0.5,additive,True
0.44505494505494503,0.0,0.0,0.0,gaussian_noise,SKAB,fold_4,999,8,3,3,0.5,avg_negative_log,10,0.9163,0.9,,1269,318,1562,0.0038707247324937678,True,0.0,True,10.0,0.5,additive,True
0.28622540250447226,0.0,0.0,0.0,original,SKAB,fold_5,42,8,3,3,0.5,avg_negative_log,10,0.9163,0.9,,1231,290,1559,0.004367069105577187,True,0.0,True,10.0,0.5,additive,True
0.3005366726296959,0.0,0.0,0.0,gaussian_noise,SKAB,fold_5,42,8,3,3,0.5,avg_negative_log,10,0.9163,0.9,,1231,290,1559,0.004367069105577187,True,0.0,True,10.0,0.5,additive,True
0.28622540250447226,0.0,0.0,0.0,original,SKAB,fold_5,123,8,3,3,0.5,avg_negative_log,10,0.9163,0.9,,1231,290,1559,0.004367069105577187,True,0.0,True,10.0,0.5,additive,True
0.29695885509839,0.0,0.0,0.0,gaussian_noise,SKAB,fold_5,123,8,3,3,0.5,avg_negative_log,10,0.9163,0.9,,1231,290,1559,0.004367069105577187,True,0.0,True,10.0,0.5,additive,True
0.28622540250447226,0.0,0.0,0.0,original,SKAB,fold_5,2026,8,3,3,0.5,avg_negative_log,10,0.9163,0.9,,1231,290,1559,0.004367069105577187,True,0.0,True,10.0,0.5,additive,True
0.3148479427549195,0.0,0.0,0.0,gaussian_noise,SKAB,fold_5,2026,8,3,3,0.5,avg_negative_log,10,0.9163,0.9,,1231,290,1559,0.004367069105577187,True,0.0,True,10.0,0.5,additive,True
0.28622540250447226,0.0,0.0,0.0,original,SKAB,fold_5,7,8,3,3,0.5,avg_negative_log,10,0.9163,0.9,,1231,290,1559,0.004367069105577187,True,0.0,True,10.0,0.5,additive,True
0.2772808586762075,0.0,0.0,0.0,gaussian_noise,SKAB,fold_5,7,8,3,3,0.5,avg_negative_log,10,0.9163,0.9,,1231,290,1559,0.004367069105577187,True,0.0,True,10.0,0.5,additive,True
0.28622540250447226,0.0,0.0,0.0,original,SKAB,fold_5,999,8,3,3,0.5,avg_negative_log,10,0.9163,0.9,,1231,290,1559,0.004367069105577187,True,0.0,True,10.0,0.5,additive,True
0.27906976744186046,0.0,0.0,0.0,gaussian_noise,SKAB,fold_5,999,8,3,3,0.5,avg_negative_log,10,0.9163,0.9,,1231,290,1559,0.004367069105577187,True,0.0,True,10.0,0.5,additive,True
0.0040650406504065045,0.0,0.0,0.0,original,SKAB,fold_1,42,9,3,3,0.5,avg_negative_log,10,0.0,0.9,,1110,307,1292,0.003791413563400534,True,0.0,True,10.0,0.5,additive,True
0.0040650406504065045,0.0,0.0,0.0,gaussian_noise,SKAB,fold_1,42,9,3,3,0.5,avg_negative_log,10,0.0,0.9,,1110,307,1292,0.003791413563400534,True,0.0,True,10.0,0.5,additive,True
0.0040650406504065045,0.0,0.0,0.0,original,SKAB,fold_1,123,9,3,3,0.5,avg_negative_log,10,0.0,0.9,,1110,307,1292,0.003791413563400534,True,0.0,True,10.0,0.5,additive,True
0.0040650406504065045,0.0,0.0,0.0,gaussian_noise,SKAB,fold_1,123,9,3,3,0.5,avg_negative_log,10,0.0,0.9,,1110,307,1292,0.003791413563400534,True,0.0,True,10.0,0.5,additive,True
0.0040650406504065045,0.0,0.0,0.0,original,SKAB,fold_1,2026,9,3,3,0.5,avg_negative_log,10,0.0,0.9,,1110,307,1292,0.003791413563400534,True,0.0,True,10.0,0.5,additive,True
0.0040650406504065045,0.0,0.0,0.0,gaussian_noise,SKAB,fold_1,2026,9,3,3,0.5,avg_negative_log,10,0.0,0.9,,1110,307,1292,0.003791413563400534,True,0.0,True,10.0,0.5,additive,True
0.0040650406504065045,0.0,0.0,0.0,original,SKAB,fold_1,7,9,3,3,0.5,avg_negative_log,10,0.0,0.9,,1110,307,1292,0.003791413563400534,True,0.0,True,10.0,0.5,additive,True
0.0040650406504065045,0.0,0.0,0.0,gaussian_noise,SKAB,fold_1,7,9,3,3,0.5,avg_negative_log,10,0.0,0.9,,1110,307,1292,0.003791413563400534,True,0.0,True,10.0,0.5,additive,True
0.0040650406504065045,0.0,0.0,0.0,original,SKAB,fold_1,999,9,3,3,0.5,avg_negative_log,10,0.0,0.9,,1110,307,1292,0.003791413563400534,True,0.0,True,10.0,0.5,additive,True
0.0040650406504065045,0.0,0.0,0.0,gaussian_noise,SKAB,fold_1,999,9,3,3,0.5,avg_negative_log,10,0.0,0.9,,1110,307,1292,0.003791413563400534,True,0.0,True,10.0,0.5,additive,True
0.004081632653061225,0.0,0.0,0.0,original,SKAB,fold_2,42,9,3,3,0.5,avg_negative_log,10,0.0,0.9,,1454,412,1650,0.002754370267491086,True,0.0,True,10.0,0.5,additive,True
0.004081632653061225,0.0,0.0,0.0,gaussian_noise,SKAB,fold_2,42,9,3,3,0.5,avg_negative_log,10,0.0,0.9,,1454,412,1650,0.002754370267491086,True,0.0,True,10.0,0.5,additive,True
0.004081632653061225,0.0,0.0,0.0,original,SKAB,fold_2,123,9,3,3,0.5,avg_negative_log,10,0.0,0.9,,1454,412,1650,0.002754370267491086,True,0.0,True,10.0,0.5,additive,True
0.004081632653061225,0.0,0.0,0.0,gaussian_noise,SKAB,fold_2,123,9,3,3,0.5,avg_negative_log,10,0.0,0.9,,1454,412,1650,0.002754370267491086,True,0.0,True,10.0,0.5,additive,True
0.004081632653061225,0.0,0.0,0.0,original,SKAB,fold_2,2026,9,3,3,0.5,avg_negative_log,10,0.0,0.9,,1454,412,1650,0.002754370267491086,True,0.0,True,10.0,0.5,additive,True
0.004081632653061225,0.0,0.0,0.0,gaussian_noise,SKAB,fold_2,2026,9,3,3,0.5,avg_negative_log,10,0.0,0.9,,1454,412,1650,0.002754370267491086,True,0.0,True,10.0,0.5,additive,True
0.004081632653061225,0.0,0.0,0.0,original,SKAB,fold_2,7,9,3,3,0.5,avg_negative_log,10,0.0,0.9,,1454,412,1650,0.002754370267491086,True,0.0,True,10.0,0.5,additive,True
0.004081632653061225,0.0,0.0,0.0,gaussian_noise,SKAB,fold_2,7,9,3,3,0.5,avg_negative_log,10,0.0,0.9,,1454,412,1650,0.002754370267491086,True,0.0,True,10.0,0.5,additive,True
0.004081632653061225,0.0,0.0,0.0,original,SKAB,fold_2,999,9,3,3,0.5,avg_negative_log,10,0.0,0.9,,1454,412,1650,0.002754370267491086,True,0.0,True,10.0,0.5,additive,True
0.004081632653061225,0.0,0.0,0.0,gaussian_noise,SKAB,fold_2,999,9,3,3,0.5,avg_negative_log,10,0.0,0.9,,1454,412,1650,0.002754370267491086,True,0.0,True,10.0,0.5,additive,True
0.004081632653061225,0.0,0.0,0.0,original,SKAB,fold_3,42,9,3,3,0.5,avg_negative_log,10,0.0,0.9,,1435,395,1652,0.0029144797777091694,True,0.0,True,10.0,0.5,additive,True
0.004081632653061225,0.0,0.0,0.0,gaussian_noise,SKAB,fold_3,42,9,3,3,0.5,avg_negative_log,10,0.0,0.9,,1435,395,1652,0.0029144797777091694,True,0.0,True,10.0,0.5,additive,True
0.004081632653061225,0.0,0.0,0.0,original,SKAB,fold_3,123,9,3,3,0.5,avg_negative_log,10,0.0,0.9,,1435,395,1652,0.0029144797777091694,True,0.0,True,10.0,0.5,additive,True
0.004081632653061225,0.0,0.0,0.0,gaussian_noise,SKAB,fold_3,123,9,3,3,0.5,avg_negative_log,10,0.0,0.9,,1435,395,1652,0.0029144797777091694,True,0.0,True,10.0,0.5,additive,True
0.004081632653061225,0.0,0.0,0.0,original,SKAB,fold_3,2026,9,3,3,0.5,avg_negative_log,10,0.0,0.9,,1435,395,1652,0.0029144797777091694,True,0.0,True,10.0,0.5,additive,True
0.004081632653061225,0.0,0.0,0.0,gaussian_noise,SKAB,fold_3,2026,9,3,3,0.5,avg_negative_log,10,0.0,0.9,,1435,395,1652,0.0029144797777091694,True,0.0,True,10.0,0.5,additive,True
0.004081632653061225,0.0,0.0,0.0,original,SKAB,fold_3,7,9,3,3,0.5,avg_negative_log,10,0.0,0.9,,1435,395,1652,0.0029144797777091694,True,0.0,True,10.0,0.5,additive,True
0.004081632653061225,0.0,0.0,0.0,gaussian_noise,SKAB,fold_3,7,9,3,3,0.5,avg_negative_log,10,0.0,0.9,,1435,395,1652,0.0029144797777091694,True,0.0,True,10.0,0.5,additive,True
0.004081632653061225,0.0,0.0,0.0,original,SKAB,fold_3,999,9,3,3,0.5,avg_negative_log,10,0.0,0.9,,1435,395,1652,0.0029144797777091694,True,0.0,True,10.0,0.5,additive,True
0.004081632653061225,0.0,0.0,0.0,gaussian_noise,SKAB,fold_3,999,9,3,3,0.5,avg_negative_log,10,0.0,0.9,,1435,395,1652,0.0029144797777091694,True,0.0,True,10.0,0.5,additive,True
0.004140786749482402,0.0,0.0,0.0,original,SKAB,fold_4,42,9,3,3,0.5,avg_negative_log,10,0.0,0.9,,1434,403,1633,0.0028257386200428447,True,0.0,True,10.0,0.5,additive,True
0.004140786749482402,0.0,0.0,0.0,gaussian_noise,SKAB,fold_4,42,9,3,3,0.5,avg_negative_log,10,0.0,0.9,,1434,403,1633,0.0028257386200428447,True,0.0,True,10.0,0.5,additive,True
0.004140786749482402,0.0,0.0,0.0,original,SKAB,fold_4,123,9,3,3,0.5,avg_negative_log,10,0.0,0.9,,1434,403,1633,0.0028257386200428447,True,0.0,True,10.0,0.5,additive,True
0.004140786749482402,0.0,0.0,0.0,gaussian_noise,SKAB,fold_4,123,9,3,3,0.5,avg_negative_log,10,0.0,0.9,,1434,403,1633,0.0028257386200428447,True,0.0,True,10.0,0.5,additive,True
0.004140786749482402,0.0,0.0,0.0,original,SKAB,fold_4,2026,9,3,3,0.5,avg_negative_log,10,0.0,0.9,,1434,403,1633,0.0028257386200428447,True,0.0,True,10.0,0.5,additive,True
0.004140786749482402,0.0,0.0,0.0,gaussian_noise,SKAB,fold_4,2026,9,3,3,0.5,avg_negative_log,10,0.0,0.9,,1434,403,1633,0.0028257386200428447,True,0.0,True,10.0,0.5,additive,True
0.004140786749482402,0.0,0.0,0.0,original,SKAB,fold_4,7,9,3,3,0.5,avg_negative_log,10,0.0,0.9,,1434,403,1633,0.0028257386200428447,True,0.0,True,10.0,0.5,additive,True
0.004140786749482402,0.0,0.0,0.0,gaussian_noise,SKAB,fold_4,7,9,3,3,0.5,avg_negative_log,10,0.0,0.9,,1434,403,1633,0.0028257386200428447,True,0.0,True,10.0,0.5,additive,True
0.004140786749482402,0.0,0.0,0.0,original,SKAB,fold_4,999,9,3,3,0.5,avg_negative_log,10,0.0,0.9,,1434,403,1633,0.0028257386200428447,True,0.0,True,10.0,0.5,additive,True
0.004140786749482402,0.0,0.0,0.0,gaussian_noise,SKAB,fold_4,999,9,3,3,0.5,avg_negative_log,10,0.0,0.9,,1434,403,1633,0.0028257386200428447,True,0.0,True,10.0,0.5,additive,True
0.00404040404040404,0.0,0.0,0.0,original,SKAB,fold_5,42,9,3,3,0.5,avg_negative_log,10,0.0,0.9,,1420,381,1678,0.003101548926102547,True,0.0,True,10.0,0.5,additive,True
0.00404040404040404,0.0,0.0,0.0,gaussian_noise,SKAB,fold_5,42,9,3,3,0.5,avg_negative_log,10,0.0,0.9,,1420,381,1678,0.003101548926102547,True,0.0,True,10.0,0.5,additive,True
0.00404040404040404,0.0,0.0,0.0,original,SKAB,fold_5,123,9,3,3,0.5,avg_negative_log,10,0.0,0.9,,1420,381,1678,0.003101548926102547,True,0.0,True,10.0,0.5,additive,True
0.00404040404040404,0.0,0.0,0.0,gaussian_noise,SKAB,fold_5,123,9,3,3,0.5,avg_negative_log,10,0.0,0.9,,1420,381,1678,0.003101548926102547,True,0.0,True,10.0,0.5,additive,True
0.00404040404040404,0.0,0.0,0.0,original,SKAB,fold_5,2026,9,3,3,0.5,avg_negative_log,10,0.0,0.9,,1420,381,1678,0.003101548926102547,True,0.0,True,10.0,0.5,additive,True
0.00404040404040404,0.0,0.0,0.0,gaussian_noise,SKAB,fold_5,2026,9,3,3,0.5,avg_negative_log,10,0.0,0.9,,1420,381,1678,0.003101548926102547,True,0.0,True,10.0,0.5,additive,True
0.00404040404040404,0.0,0.0,0.0,original,SKAB,fold_5,7,9,3,3,0.5,avg_negative_log,10,0.0,0.9,,1420,381,1678,0.003101548926102547,True,0.0,True,10.0,0.5,additive,True
0.00404040404040404,0.0,0.0,0.0,gaussian_noise,SKAB,fold_5,7,9,3,3,0.5,avg_negative_log,10,0.0,0.9,,1420,381,1678,0.003101548926102547,True,0.0,True,10.0,0.5,additive,True
0.00404040404040404,0.0,0.0,0.0,original,SKAB,fold_5,999,9,3,3,0.5,avg_negative_log,10,0.0,0.9,,1420,381,1678,0.003101548926102547,True,0.0,True,10.0,0.5,additive,True
0.00404040404040404,0.0,0.0,0.0,gaussian_noise,SKAB,fold_5,999,9,3,3,0.5,avg_negative_log,10,0.0,0.9,,1420,381,1678,0.003101548926102547,True,0.0,True,10.0,0.5,additive,True
0.0040650406504065045,0.0,0.0,0.0,original,SKAB,fold_1,42,9,3,3,0.5,avg_negative_log,10,0.001,0.9,,1110,307,1292,0.003791413563400534,True,0.0,True,10.0,0.5,additive,True
0.0040650406504065045,0.0,0.0,0.0,gaussian_noise,SKAB,fold_1,42,9,3,3,0.5,avg_negative_log,10,0.001,0.9,,1110,307,1292,0.003791413563400534,True,0.0,True,10.0,0.5,additive,True
0.0040650406504065045,0.0,0.0,0.0,original,SKAB,fold_1,123,9,3,3,0.5,avg_negative_log,10,0.001,0.9,,1110,307,1292,0.003791413563400534,True,0.0,True,10.0,0.5,additive,True
0.0040650406504065045,0.0,0.0,0.0,gaussian_noise,SKAB,fold_1,123,9,3,3,0.5,avg_negative_log,10,0.001,0.9,,1110,307,1292,0.003791413563400534,True,0.0,True,10.0,0.5,additive,True
0.0040650406504065045,0.0,0.0,0.0,original,SKAB,fold_1,2026,9,3,3,0.5,avg_negative_log,10,0.001,0.9,,1110,307,1292,0.003791413563400534,True,0.0,True,10.0,0.5,additive,True
0.0040650406504065045,0.0,0.0,0.0,gaussian_noise,SKAB,fold_1,2026,9,3,3,0.5,avg_negative_log,10,0.001,0.9,,1110,307,1292,0.003791413563400534,True,0.0,True,10.0,0.5,additive,True
0.0040650406504065045,0.0,0.0,0.0,original,SKAB,fold_1,7,9,3,3,0.5,avg_negative_log,10,0.001,0.9,,1110,307,1292,0.003791413563400534,True,0.0,True,10.0,0.5,additive,True
0.0040650406504065045,0.0,0.0,0.0,gaussian_noise,SKAB,fold_1,7,9,3,3,0.5,avg_negative_log,10,0.001,0.9,,1110,307,1292,0.003791413563400534,True,0.0,True,10.0,0.5,additive,True
0.0040650406504065045,0.0,0.0,0.0,original,SKAB,fold_1,999,9,3,3,0.5,avg_negative_log,10,0.001,0.9,,1110,307,1292,0.003791413563400534,True,0.0,True,10.0,0.5,additive,True
0.0040650406504065045,0.0,0.0,0.0,gaussian_noise,SKAB,fold_1,999,9,3,3,0.5,avg_negative_log,10,0.001,0.9,,1110,307,1292,0.003791413563400534,True,0.0,True,10.0,0.5,additive,True
0.004081632653061225,0.0,0.0,0.0,original,SKAB,fold_2,42,9,3,3,0.5,avg_negative_log,10,0.001,0.9,,1454,412,1650,0.002754370267491086,True,0.0,True,10.0,0.5,additive,True
0.004081632653061225,0.0,0.0,0.0,gaussian_noise,SKAB,fold_2,42,9,3,3,0.5,avg_negative_log,10,0.001,0.9,,1454,412,1650,0.002754370267491086,True,0.0,True,10.0,0.5,additive,True
0.004081632653061225,0.0,0.0,0.0,original,SKAB,fold_2,123,9,3,3,0.5,avg_negative_log,10,0.001,0.9,,1454,412,1650,0.002754370267491086,True,0.0,True,10.0,0.5,additive,True
0.004081632653061225,0.0,0.0,0.0,gaussian_noise,SKAB,fold_2,123,9,3,3,0.5,avg_negative_log,10,0.001,0.9,,1454,412,1650,0.002754370267491086,True,0.0,True,10.0,0.5,additive,True
0.004081632653061225,0.0,0.0,0.0,original,SKAB,fold_2,2026,9,3,3,0.5,avg_negative_log,10,0.001,0.9,,1454,412,1650,0.002754370267491086,True,0.0,True,10.0,0.5,additive,True
0.004081632653061225,0.0,0.0,0.0,gaussian_noise,SKAB,fold_2,2026,9,3,3,0.5,avg_negative_log,10,0.001,0.9,,1454,412,1650,0.002754370267491086,True,0.0,True,10.0,0.5,additive,True
0.004081632653061225,0.0,0.0,0.0,original,SKAB,fold_2,7,9,3,3,0.5,avg_negative_log,10,0.001,0.9,,1454,412,1650,0.002754370267491086,True,0.0,True,10.0,0.5,additive,True
0.004081632653061225,0.0,0.0,0.0,gaussian_noise,SKAB,fold_2,7,9,3,3,0.5,avg_negative_log,10,0.001,0.9,,1454,412,1650,0.002754370267491086,True,0.0,True,10.0,0.5,additive,True
0.004081632653061225,0.0,0.0,0.0,original,SKAB,fold_2,999,9,3,3,0.5,avg_negative_log,10,0.001,0.9,,1454,412,1650,0.002754370267491086,True,0.0,True,10.0,0.5,additive,True
0.004081632653061225,0.0,0.0,0.0,gaussian_noise,SKAB,fold_2,999,9,3,3,0.5,avg_negative_log,10,0.001,0.9,,1454,412,1650,0.002754370267491086,True,0.0,True,10.0,0.5,additive,True
0.004081632653061225,0.0,0.0,0.0,original,SKAB,fold_3,42,9,3,3,0.5,avg_negative_log,10,0.001,0.9,,1435,395,1652,0.0029144797777091694,True,0.0,True,10.0,0.5,additive,True
0.004081632653061225,0.0,0.0,0.0,gaussian_noise,SKAB,fold_3,42,9,3,3,0.5,avg_negative_log,10,0.001,0.9,,1435,395,1652,0.0029144797777091694,True,0.0,True,10.0,0.5,additive,True
0.004081632653061225,0.0,0.0,0.0,original,SKAB,fold_3,123,9,3,3,0.5,avg_negative_log,10,0.001,0.9,,1435,395,1652,0.0029144797777091694,True,0.0,True,10.0,0.5,additive,True
0.004081632653061225,0.0,0.0,0.0,gaussian_noise,SKAB,fold_3,123,9,3,3,0.5,avg_negative_log,10,0.001,0.9,,1435,395,1652,0.0029144797777091694,True,0.0,True,10.0,0.5,additive,True
0.004081632653061225,0.0,0.0,0.0,original,SKAB,fold_3,2026,9,3,3,0.5,avg_negative_log,10,0.001,0.9,,1435,395,1652,0.0029144797777091694,True,0.0,True,10.0,0.5,additive,True
0.004081632653061225,0.0,0.0,0.0,gaussian_noise,SKAB,fold_3,2026,9,3,3,0.5,avg_negative_log,10,0.001,0.9,,1435,395,1652,0.0029144797777091694,True,0.0,True,10.0,0.5,additive,True
0.004081632653061225,0.0,0.0,0.0,original,SKAB,fold_3,7,9,3,3,0.5,avg_negative_log,10,0.001,0.9,,1435,395,1652,0.0029144797777091694,True,0.0,True,10.0,0.5,additive,True
0.004081632653061225,0.0,0.0,0.0,gaussian_noise,SKAB,fold_3,7,9,3,3,0.5,avg_negative_log,10,0.001,0.9,,1435,395,1652,0.0029144797777091694,True,0.0,True,10.0,0.5,additive,True
0.004081632653061225,0.0,0.0,0.0,original,SKAB,fold_3,999,9,3,3,0.5,avg_negative_log,10,0.001,0.9,,1435,395,1652,0.0029144797777091694,True,0.0,True,10.0,0.5,additive,True
0.004081632653061225,0.0,0.0,0.0,gaussian_noise,SKAB,fold_3,999,9,3,3,0.5,avg_negative_log,10,0.001,0.9,,1435,395,1652,0.0029144797777091694,True,0.0,True,10.0,0.5,additive,True
0.004140786749482402,0.0,0.0,0.0,original,SKAB,fold_4,42,9,3,3,0.5,avg_negative_log,10,0.001,0.9,,1434,403,1633,0.0028257386200428447,True,0.0,True,10.0,0.5,additive,True
0.004140786749482402,0.0,0.0,0.0,gaussian_noise,SKAB,fold_4,42,9,3,3,0.5,avg_negative_log,10,0.001,0.9,,1434,403,1633,0.0028257386200428447,True,0.0,True,10.0,0.5,additive,True
0.004140786749482402,0.0,0.0,0.0,original,SKAB,fold_4,123,9,3,3,0.5,avg_negative_log,10,0.001,0.9,,1434,403,1633,0.0028257386200428447,True,0.0,True,10.0,0.5,additive,True
0.004140786749482402,0.0,0.0,0.0,gaussian_noise,SKAB,fold_4,123,9,3,3,0.5,avg_negative_log,10,0.001,0.9,,1434,403,1633,0.0028257386200428447,True,0.0,True,10.0,0.5,additive,True
0.004140786749482402,0.0,0.0,0.0,original,SKAB,fold_4,2026,9,3,3,0.5,avg_negative_log,10,0.001,0.9,,1434,403,1633,0.0028257386200428447,True,0.0,True,10.0,0.5,additive,True
0.004140786749482402,0.0,0.0,0.0,gaussian_noise,SKAB,fold_4,2026,9,3,3,0.5,avg_negative_log,10,0.001,0.9,,1434,403,1633,0.0028257386200428447,True,0.0,True,10.0,0.5,additive,True
0.004140786749482402,0.0,0.0,0.0,original,SKAB,fold_4,7,9,3,3,0.5,avg_negative_log,10,0.001,0.9,,1434,403,1633,0.0028257386200428447,True,0.0,True,10.0,0.5,additive,True
0.004140786749482402,0.0,0.0,0.0,gaussian_noise,SKAB,fold_4,7,9,3,3,0.5,avg_negative_log,10,0.001,0.9,,1434,403,1633,0.0028257386200428447,True,0.0,True,10.0,0.5,additive,True
0.004140786749482402,0.0,0.0,0.0,original,SKAB,fold_4,999,9,3,3,0.5,avg_negative_log,10,0.001,0.9,,1434,403,1633,0.0028257386200428447,True,0.0,True,10.0,0.5,additive,True
0.004140786749482402,0.0,0.0,0.0,gaussian_noise,SKAB,fold_4,999,9,3,3,0.5,avg_negative_log,10,0.001,0.9,,1434,403,1633,0.0028257386200428447,True,0.0,True,10.0,0.5,additive,True
0.00404040404040404,0.0,0.0,0.0,original,SKAB,fold_5,42,9,3,3,0.5,avg_negative_log,10,0.001,0.9,,1420,381,1678,0.003101548926102547,True,0.0,True,10.0,0.5,additive,True
0.00404040404040404,0.0,0.0,0.0,gaussian_noise,SKAB,fold_5,42,9,3,3,0.5,avg_negative_log,10,0.001,0.9,,1420,381,1678,0.003101548926102547,True,0.0,True,10.0,0.5,additive,True
0.00404040404040404,0.0,0.0,0.0,original,SKAB,fold_5,123,9,3,3,0.5,avg_negative_log,10,0.001,0.9,,1420,381,1678,0.003101548926102547,True,0.0,True,10.0,0.5,additive,True
0.00404040404040404,0.0,0.0,0.0,gaussian_noise,SKAB,fold_5,123,9,3,3,0.5,avg_negative_log,10,0.001,0.9,,1420,381,1678,0.003101548926102547,True,0.0,True,10.0,0.5,additive,True
0.00404040404040404,0.0,0.0,0.0,original,SKAB,fold_5,2026,9,3,3,0.5,avg_negative_log,10,0.001,0.9,,1420,381,1678,0.003101548926102547,True,0.0,True,10.0,0.5,additive,True
0.00404040404040404,0.0,0.0,0.0,gaussian_noise,SKAB,fold_5,2026,9,3,3,0.5,avg_negative_log,10,0.001,0.9,,1420,381,1678,0.003101548926102547,True,0.0,True,10.0,0.5,additive,True
0.00404040404040404,0.0,0.0,0.0,original,SKAB,fold_5,7,9,3,3,0.5,avg_negative_log,10,0.001,0.9,,1420,381,1678,0.003101548926102547,True,0.0,True,10.0,0.5,additive,True
0.00404040404040404,0.0,0.0,0.0,gaussian_noise,SKAB,fold_5,7,9,3,3,0.5,avg_negative_log,10,0.001,0.9,,1420,381,1678,0.003101548926102547,True,0.0,True,10.0,0.5,additive,True
0.00404040404040404,0.0,0.0,0.0,original,SKAB,fold_5,999,9,3,3,0.5,avg_negative_log,10,0.001,0.9,,1420,381,1678,0.003101548926102547,True,0.0,True,10.0,0.5,additive,True
0.00404040404040404,0.0,0.0,0.0,gaussian_noise,SKAB,fold_5,999,9,3,3,0.5,avg_negative_log,10,0.001,0.9,,1420,381,1678,0.003101548926102547,True,0.0,True,10.0,0.5,additive,True
0.0040650406504065045,0.0,0.0,0.0,original,SKAB,fold_1,42,9,3,3,0.5,avg_negative_log,10,0.005,0.9,,1110,307,1292,0.003791413563400534,True,0.0,True,10.0,0.5,additive,True
0.0040650406504065045,0.0,0.0,0.0,gaussian_noise,SKAB,fold_1,42,9,3,3,0.5,avg_negative_log,10,0.005,0.9,,1110,307,1292,0.003791413563400534,True,0.0,True,10.0,0.5,additive,True
0.0040650406504065045,0.0,0.0,0.0,original,SKAB,fold_1,123,9,3,3,0.5,avg_negative_log,10,0.005,0.9,,1110,307,1292,0.003791413563400534,True,0.0,True,10.0,0.5,additive,True
0.0040650406504065045,0.0,0.0,0.0,gaussian_noise,SKAB,fold_1,123,9,3,3,0.5,avg_negative_log,10,0.005,0.9,,1110,307,1292,0.003791413563400534,True,0.0,True,10.0,0.5,additive,True
0.0040650406504065045,0.0,0.0,0.0,original,SKAB,fold_1,2026,9,3,3,0.5,avg_negative_log,10,0.005,0.9,,1110,307,1292,0.003791413563400534,True,0.0,True,10.0,0.5,additive,True
0.0040650406504065045,0.0,0.0,0.0,gaussian_noise,SKAB,fold_1,2026,9,3,3,0.5,avg_negative_log,10,0.005,0.9,,1110,307,1292,0.003791413563400534,True,0.0,True,10.0,0.5,additive,True
0.0040650406504065045,0.0,0.0,0.0,original,SKAB,fold_1,7,9,3,3,0.5,avg_negative_log,10,0.005,0.9,,1110,307,1292,0.003791413563400534,True,0.0,True,10.0,0.5,additive,True
0.0040650406504065045,0.0,0.0,0.0,gaussian_noise,SKAB,fold_1,7,9,3,3,0.5,avg_negative_log,10,0.005,0.9,,1110,307,1292,0.003791413563400534,True,0.0,True,10.0,0.5,additive,True
0.0040650406504065045,0.0,0.0,0.0,original,SKAB,fold_1,999,9,3,3,0.5,avg_negative_log,10,0.005,0.9,,1110,307,1292,0.003791413563400534,True,0.0,True,10.0,0.5,additive,True
0.0040650406504065045,0.0,0.0,0.0,gaussian_noise,SKAB,fold_1,999,9,3,3,0.5,avg_negative_log,10,0.005,0.9,,1110,307,1292,0.003791413563400534,True,0.0,True,10.0,0.5,additive,True
0.004081632653061225,0.0,0.0,0.0,original,SKAB,fold_2,42,9,3,3,0.5,avg_negative_log,10,0.005,0.9,,1454,412,1650,0.002754370267491086,True,0.0,True,10.0,0.5,additive,True
0.004081632653061225,0.0,0.0,0.0,gaussian_noise,SKAB,fold_2,42,9,3,3,0.5,avg_negative_log,10,0.005,0.9,,1454,412,1650,0.002754370267491086,True,0.0,True,10.0,0.5,additive,True
0.004081632653061225,0.0,0.0,0.0,original,SKAB,fold_2,123,9,3,3,0.5,avg_negative_log,10,0.005,0.9,,1454,412,1650,0.002754370267491086,True,0.0,True,10.0,0.5,additive,True
0.004081632653061225,0.0,0.0,0.0,gaussian_noise,SKAB,fold_2,123,9,3,3,0.5,avg_negative_log,10,0.005,0.9,,1454,412,1650,0.002754370267491086,True,0.0,True,10.0,0.5,additive,True
0.004081632653061225,0.0,0.0,0.0,original,SKAB,fold_2,2026,9,3,3,0.5,avg_negative_log,10,0.005,0.9,,1454,412,1650,0.002754370267491086,True,0.0,True,10.0,0.5,additive,True
0.004081632653061225,0.0,0.0,0.0,gaussian_noise,SKAB,fold_2,2026,9,3,3,0.5,avg_negative_log,10,0.005,0.9,,1454,412,1650,0.002754370267491086,True,0.0,True,10.0,0.5,additive,True
0.004081632653061225,0.0,0.0,0.0,original,SKAB,fold_2,7,9,3,3,0.5,avg_negative_log,10,0.005,0.9,,1454,412,1650,0.002754370267491086,True,0.0,True,10.0,0.5,additive,True
0.004081632653061225,0.0,0.0,0.0,gaussian_noise,SKAB,fold_2,7,9,3,3,0.5,avg_negative_log,10,0.005,0.9,,1454,412,1650,0.002754370267491086,True,0.0,True,10.0,0.5,additive,True
0.004081632653061225,0.0,0.0,0.0,original,SKAB,fold_2,999,9,3,3,0.5,avg_negative_log,10,0.005,0.9,,1454,412,1650,0.002754370267491086,True,0.0,True,10.0,0.5,additive,True
0.004081632653061225,0.0,0.0,0.0,gaussian_noise,SKAB,fold_2,999,9,3,3,0.5,avg_negative_log,10,0.005,0.9,,1454,412,1650,0.002754370267491086,True,0.0,True,10.0,0.5,additive,True
0.004081632653061225,0.0,0.0,0.0,original,SKAB,fold_3,42,9,3,3,0.5,avg_negative_log,10,0.005,0.9,,1435,395,1652,0.0029144797777091694,True,0.0,True,10.0,0.5,additive,True
0.004081632653061225,0.0,0.0,0.0,gaussian_noise,SKAB,fold_3,42,9,3,3,0.5,avg_negative_log,10,0.005,0.9,,1435,395,1652,0.0029144797777091694,True,0.0,True,10.0,0.5,additive,True
0.004081632653061225,0.0,0.0,0.0,original,SKAB,fold_3,123,9,3,3,0.5,avg_negative_log,10,0.005,0.9,,1435,395,1652,0.0029144797777091694,True,0.0,True,10.0,0.5,additive,True
0.004081632653061225,0.0,0.0,0.0,gaussian_noise,SKAB,fold_3,123,9,3,3,0.5,avg_negative_log,10,0.005,0.9,,1435,395,1652,0.0029144797777091694,True,0.0,True,10.0,0.5,additive,True
0.004081632653061225,0.0,0.0,0.0,original,SKAB,fold_3,2026,9,3,3,0.5,avg_negative_log,10,0.005,0.9,,1435,395,1652,0.0029144797777091694,True,0.0,True,10.0,0.5,additive,True
0.004081632653061225,0.0,0.0,0.0,gaussian_noise,SKAB,fold_3,2026,9,3,3,0.5,avg_negative_log,10,0.005,0.9,,1435,395,1652,0.0029144797777091694,True,0.0,True,10.0,0.5,additive,True
0.004081632653061225,0.0,0.0,0.0,original,SKAB,fold_3,7,9,3,3,0.5,avg_negative_log,10,0.005,0.9,,1435,395,1652,0.0029144797777091694,True,0.0,True,10.0,0.5,additive,True
0.004081632653061225,0.0,0.0,0.0,gaussian_noise,SKAB,fold_3,7,9,3,3,0.5,avg_negative_log,10,0.005,0.9,,1435,395,1652,0.0029144797777091694,True,0.0,True,10.0,0.5,additive,True
0.004081632653061225,0.0,0.0,0.0,original,SKAB,fold_3,999,9,3,3,0.5,avg_negative_log,10,0.005,0.9,,1435,395,1652,0.0029144797777091694,True,0.0,True,10.0,0.5,additive,True
0.004081632653061225,0.0,0.0,0.0,gaussian_noise,SKAB,fold_3,999,9,3,3,0.5,avg_negative_log,10,0.005,0.9,,1435,395,1652,0.0029144797777091694,True,0.0,True,10.0,0.5,additive,True
0.004140786749482402,0.0,0.0,0.0,original,SKAB,fold_4,42,9,3,3,0.5,avg_negative_log,10,0.005,0.9,,1434,403,1633,0.0028257386200428447,True,0.0,True,10.0,0.5,additive,True
0.004140786749482402,0.0,0.0,0.0,gaussian_noise,SKAB,fold_4,42,9,3,3,0.5,avg_negative_log,10,0.005,0.9,,1434,403,1633,0.0028257386200428447,True,0.0,True,10.0,0.5,additive,True
0.004140786749482402,0.0,0.0,0.0,original,SKAB,fold_4,123,9,3,3,0.5,avg_negative_log,10,0.005,0.9,,1434,403,1633,0.0028257386200428447,True,0.0,True,10.0,0.5,additive,True
0.004140786749482402,0.0,0.0,0.0,gaussian_noise,SKAB,fold_4,123,9,3,3,0.5,avg_negative_log,10,0.005,0.9,,1434,403,1633,0.0028257386200428447,True,0.0,True,10.0,0.5,additive,True
0.004140786749482402,0.0,0.0,0.0,original,SKAB,fold_4,2026,9,3,3,0.5,avg_negative_log,10,0.005,0.9,,1434,403,1633,0.0028257386200428447,True,0.0,True,10.0,0.5,additive,True
0.004140786749482402,0.0,0.0,0.0,gaussian_noise,SKAB,fold_4,2026,9,3,3,0.5,avg_negative_log,10,0.005,0.9,,1434,403,1633,0.0028257386200428447,True,0.0,True,10.0,0.5,additive,True
0.004140786749482402,0.0,0.0,0.0,original,SKAB,fold_4,7,9,3,3,0.5,avg_negative_log,10,0.005,0.9,,1434,403,1633,0.0028257386200428447,True,0.0,True,10.0,0.5,additive,True
0.004140786749482402,0.0,0.0,0.0,gaussian_noise,SKAB,fold_4,7,9,3,3,0.5,avg_negative_log,10,0.005,0.9,,1434,403,1633,0.0028257386200428447,True,0.0,True,10.0,0.5,additive,True
0.004140786749482402,0.0,0.0,0.0,original,SKAB,fold_4,999,9,3,3,0.5,avg_negative_log,10,0.005,0.9,,1434,403,1633,0.0028257386200428447,True,0.0,True,10.0,0.5,additive,True
0.004140786749482402,0.0,0.0,0.0,gaussian_noise,SKAB,fold_4,999,9,3,3,0.5,avg_negative_log,10,0.005,0.9,,1434,403,1633,0.0028257386200428447,True,0.0,True,10.0,0.5,additive,True
0.00404040404040404,0.0,0.0,0.0,original,SKAB,fold_5,42,9,3,3,0.5,avg_negative_log,10,0.005,0.9,,1420,381,1678,0.003101548926102547,True,0.0,True,10.0,0.5,additive,True
0.00404040404040404,0.0,0.0,0.0,gaussian_noise,SKAB,fold_5,42,9,3,3,0.5,avg_negative_log,10,0.005,0.9,,1420,381,1678,0.003101548926102547,True,0.0,True,10.0,0.5,additive,True
0.00404040404040404,0.0,0.0,0.0,original,SKAB,fold_5,123,9,3,3,0.5,avg_negative_log,10,0.005,0.9,,1420,381,1678,0.003101548926102547,True,0.0,True,10.0,0.5,additive,True
0.00404040404040404,0.0,0.0,0.0,gaussian_noise,SKAB,fold_5,123,9,3,3,0.5,avg_negative_log,10,0.005,0.9,,1420,381,1678,0.003101548926102547,True,0.0,True,10.0,0.5,additive,True
0.00404040404040404,0.0,0.0,0.0,original,SKAB,fold_5,2026,9,3,3,0.5,avg_negative_log,10,0.005,0.9,,1420,381,1678,0.003101548926102547,True,0.0,True,10.0,0.5,additive,True
0.00404040404040404,0.0,0.0,0.0,gaussian_noise,SKAB,fold_5,2026,9,3,3,0.5,avg_negative_log,10,0.005,0.9,,1420,381,1678,0.003101548926102547,True,0.0,True,10.0,0.5,additive,True
0.00404040404040404,0.0,0.0,0.0,original,SKAB,fold_5,7,9,3,3,0.5,avg_negative_log,10,0.005,0.9,,1420,381,1678,0.003101548926102547,True,0.0,True,10.0,0.5,additive,True
0.00404040404040404,0.0,0.0,0.0,gaussian_noise,SKAB,fold_5,7,9,3,3,0.5,avg_negative_log,10,0.005,0.9,,1420,381,1678,0.003101548926102547,True,0.0,True,10.0,0.5,additive,True
0.00404040404040404,0.0,0.0,0.0,original,SKAB,fold_5,999,9,3,3,0.5,avg_negative_log,10,0.005,0.9,,1420,381,1678,0.003101548926102547,True,0.0,True,10.0,0.5,additive,True
0.00404040404040404,0.0,0.0,0.0,gaussian_noise,SKAB,fold_5,999,9,3,3,0.5,avg_negative_log,10,0.005,0.9,,1420,381,1678,0.003101548926102547,True,0.0,True,10.0,0.5,additive,True
0.0040650406504065045,0.0,0.0,0.0,original,SKAB,fold_1,42,9,3,3,0.5,avg_negative_log,10,0.01,0.9,,1110,307,1292,0.003791413563400534,True,0.0,True,10.0,0.5,additive,True
0.0040650406504065045,0.0,0.0,0.0,gaussian_noise,SKAB,fold_1,42,9,3,3,0.5,avg_negative_log,10,0.01,0.9,,1110,307,1292,0.003791413563400534,True,0.0,True,10.0,0.5,additive,True
0.0040650406504065045,0.0,0.0,0.0,original,SKAB,fold_1,123,9,3,3,0.5,avg_negative_log,10,0.01,0.9,,1110,307,1292,0.003791413563400534,True,0.0,True,10.0,0.5,additive,True
0.0040650406504065045,0.0,0.0,0.0,gaussian_noise,SKAB,fold_1,123,9,3,3,0.5,avg_negative_log,10,0.01,0.9,,1110,307,1292,0.003791413563400534,True,0.0,True,10.0,0.5,additive,True
0.0040650406504065045,0.0,0.0,0.0,original,SKAB,fold_1,2026,9,3,3,0.5,avg_negative_log,10,0.01,0.9,,1110,307,1292,0.003791413563400534,True,0.0,True,10.0,0.5,additive,True
0.0040650406504065045,0.0,0.0,0.0,gaussian_noise,SKAB,fold_1,2026,9,3,3,0.5,avg_negative_log,10,0.01,0.9,,1110,307,1292,0.003791413563400534,True,0.0,True,10.0,0.5,additive,True
0.0040650406504065045,0.0,0.0,0.0,original,SKAB,fold_1,7,9,3,3,0.5,avg_negative_log,10,0.01,0.9,,1110,307,1292,0.003791413563400534,True,0.0,True,10.0,0.5,additive,True
0.0040650406504065045,0.0,0.0,0.0,gaussian_noise,SKAB,fold_1,7,9,3,3,0.5,avg_negative_log,10,0.01,0.9,,1110,307,1292,0.003791413563400534,True,0.0,True,10.0,0.5,additive,True
0.0040650406504065045,0.0,0.0,0.0,original,SKAB,fold_1,999,9,3,3,0.5,avg_negative_log,10,0.01,0.9,,1110,307,1292,0.003791413563400534,True,0.0,True,10.0,0.5,additive,True
0.0040650406504065045,0.0,0.0,0.0,gaussian_noise,SKAB,fold_1,999,9,3,3,0.5,avg_negative_log,10,0.01,0.9,,1110,307,1292,0.003791413563400534,True,0.0,True,10.0,0.5,additive,True
0.004081632653061225,0.0,0.0,0.0,original,SKAB,fold_2,42,9,3,3,0.5,avg_negative_log,10,0.01,0.9,,1454,412,1650,0.002754370267491086,True,0.0,True,10.0,0.5,additive,True
0.004081632653061225,0.0,0.0,0.0,gaussian_noise,SKAB,fold_2,42,9,3,3,0.5,avg_negative_log,10,0.01,0.9,,1454,412,1650,0.002754370267491086,True,0.0,True,10.0,0.5,additive,True
0.004081632653061225,0.0,0.0,0.0,original,SKAB,fold_2,123,9,3,3,0.5,avg_negative_log,10,0.01,0.9,,1454,412,1650,0.002754370267491086,True,0.0,True,10.0,0.5,additive,True
0.004081632653061225,0.0,0.0,0.0,gaussian_noise,SKAB,fold_2,123,9,3,3,0.5,avg_negative_log,10,0.01,0.9,,1454,412,1650,0.002754370267491086,True,0.0,True,10.0,0.5,additive,True
0.004081632653061225,0.0,0.0,0.0,original,SKAB,fold_2,2026,9,3,3,0.5,avg_negative_log,10,0.01,0.9,,1454,412,1650,0.002754370267491086,True,0.0,True,10.0,0.5,additive,True
0.004081632653061225,0.0,0.0,0.0,gaussian_noise,SKAB,fold_2,2026,9,3,3,0.5,avg_negative_log,10,0.01,0.9,,1454,412,1650,0.002754370267491086,True,0.0,True,10.0,0.5,additive,True
0.004081632653061225,0.0,0.0,0.0,original,SKAB,fold_2,7,9,3,3,0.5,avg_negative_log,10,0.01,0.9,,1454,412,1650,0.002754370267491086,True,0.0,True,10.0,0.5,additive,True
0.004081632653061225,0.0,0.0,0.0,gaussian_noise,SKAB,fold_2,7,9,3,3,0.5,avg_negative_log,10,0.01,0.9,,1454,412,1650,0.002754370267491086,True,0.0,True,10.0,0.5,additive,True
0.004081632653061225,0.0,0.0,0.0,original,SKAB,fold_2,999,9,3,3,0.5,avg_negative_log,10,0.01,0.9,,1454,412,1650,0.002754370267491086,True,0.0,True,10.0,0.5,additive,True
0.004081632653061225,0.0,0.0,0.0,gaussian_noise,SKAB,fold_2,999,9,3,3,0.5,avg_negative_log,10,0.01,0.9,,1454,412,1650,0.002754370267491086,True,0.0,True,10.0,0.5,additive,True
0.004081632653061225,0.0,0.0,0.0,original,SKAB,fold_3,42,9,3,3,0.5,avg_negative_log,10,0.01,0.9,,1435,395,1652,0.0029144797777091694,True,0.0,True,10.0,0.5,additive,True
0.004081632653061225,0.0,0.0,0.0,gaussian_noise,SKAB,fold_3,42,9,3,3,0.5,avg_negative_log,10,0.01,0.9,,1435,395,1652,0.0029144797777091694,True,0.0,True,10.0,0.5,additive,True
0.004081632653061225,0.0,0.0,0.0,original,SKAB,fold_3,123,9,3,3,0.5,avg_negative_log,10,0.01,0.9,,1435,395,1652,0.0029144797777091694,True,0.0,True,10.0,0.5,additive,True
0.004081632653061225,0.0,0.0,0.0,gaussian_noise,SKAB,fold_3,123,9,3,3,0.5,avg_negative_log,10,0.01,0.9,,1435,395,1652,0.0029144797777091694,True,0.0,True,10.0,0.5,additive,True
0.004081632653061225,0.0,0.0,0.0,original,SKAB,fold_3,2026,9,3,3,0.5,avg_negative_log,10,0.01,0.9,,1435,395,1652,0.0029144797777091694,True,0.0,True,10.0,0.5,additive,True
0.004081632653061225,0.0,0.0,0.0,gaussian_noise,SKAB,fold_3,2026,9,3,3,0.5,avg_negative_log,10,0.01,0.9,,1435,395,1652,0.0029144797777091694,True,0.0,True,10.0,0.5,additive,True
0.004081632653061225,0.0,0.0,0.0,original,SKAB,fold_3,7,9,3,3,0.5,avg_negative_log,10,0.01,0.9,,1435,395,1652,0.0029144797777091694,True,0.0,True,10.0,0.5,additive,True
0.004081632653061225,0.0,0.0,0.0,gaussian_noise,SKAB,fold_3,7,9,3,3,0.5,avg_negative_log,10,0.01,0.9,,1435,395,1652,0.0029144797777091694,True,0.0,True,10.0,0.5,additive,True
0.004081632653061225,0.0,0.0,0.0,original,SKAB,fold_3,999,9,3,3,0.5,avg_negative_log,10,0.01,0.9,,1435,395,1652,0.0029144797777091694,True,0.0,True,10.0,0.5,additive,True
0.004081632653061225,0.0,0.0,0.0,gaussian_noise,SKAB,fold_3,999,9,3,3,0.5,avg_negative_log,10,0.01,0.9,,1435,395,1652,0.0029144797777091694,True,0.0,True,10.0,0.5,additive,True
0.004140786749482402,0.0,0.0,0.0,original,SKAB,fold_4,42,9,3,3,0.5,avg_negative_log,10,0.01,0.9,,1434,403,1633,0.0028257386200428447,True,0.0,True,10.0,0.5,additive,True
0.004140786749482402,0.0,0.0,0.0,gaussian_noise,SKAB,fold_4,42,9,3,3,0.5,avg_negative_log,10,0.01,0.9,,1434,403,1633,0.0028257386200428447,True,0.0,True,10.0,0.5,additive,True
0.004140786749482402,0.0,0.0,0.0,original,SKAB,fold_4,123,9,3,3,0.5,avg_negative_log,10,0.01,0.9,,1434,403,1633,0.0028257386200428447,True,0.0,True,10.0,0.5,additive,True
0.004140786749482402,0.0,0.0,0.0,gaussian_noise,SKAB,fold_4,123,9,3,3,0.5,avg_negative_log,10,0.01,0.9,,1434,403,1633,0.0028257386200428447,True,0.0,True,10.0,0.5,additive,True
0.004140786749482402,0.0,0.0,0.0,original,SKAB,fold_4,2026,9,3,3,0.5,avg_negative_log,10,0.01,0.9,,1434,403,1633,0.0028257386200428447,True,0.0,True,10.0,0.5,additive,True
0.004140786749482402,0.0,0.0,0.0,gaussian_noise,SKAB,fold_4,2026,9,3,3,0.5,avg_negative_log,10,0.01,0.9,,1434,403,1633,0.0028257386200428447,True,0.0,True,10.0,0.5,additive,True
0.004140786749482402,0.0,0.0,0.0,original,SKAB,fold_4,7,9,3,3,0.5,avg_negative_log,10,0.01,0.9,,1434,403,1633,0.0028257386200428447,True,0.0,True,10.0,0.5,additive,True
0.004140786749482402,0.0,0.0,0.0,gaussian_noise,SKAB,fold_4,7,9,3,3,0.5,avg_negative_log,10,0.01,0.9,,1434,403,1633,0.0028257386200428447,True,0.0,True,10.0,0.5,additive,True
0.004140786749482402,0.0,0.0,0.0,original,SKAB,fold_4,999,9,3,3,0.5,avg_negative_log,10,0.01,0.9,,1434,403,1633,0.0028257386200428447,True,0.0,True,10.0,0.5,additive,True
0.004140786749482402,0.0,0.0,0.0,gaussian_noise,SKAB,fold_4,999,9,3,3,0.5,avg_negative_log,10,0.01,0.9,,1434,403,1633,0.0028257386200428447,True,0.0,True,10.0,0.5,additive,True
0.00404040404040404,0.0,0.0,0.0,original,SKAB,fold_5,42,9,3,3,0.5,avg_negative_log,10,0.01,0.9,,1420,381,1678,0.003101548926102547,True,0.0,True,10.0,0.5,additive,True
0.00404040404040404,0.0,0.0,0.0,gaussian_noise,SKAB,fold_5,42,9,3,3,0.5,avg_negative_log,10,0.01,0.9,,1420,381,1678,0.003101548926102547,True,0.0,True,10.0,0.5,additive,True
0.00404040404040404,0.0,0.0,0.0,original,SKAB,fold_5,123,9,3,3,0.5,avg_negative_log,10,0.01,0.9,,1420,381,1678,0.003101548926102547,True,0.0,True,10.0,0.5,additive,True
0.00404040404040404,0.0,0.0,0.0,gaussian_noise,SKAB,fold_5,123,9,3,3,0.5,avg_negative_log,10,0.01,0.9,,1420,381,1678,0.003101548926102547,True,0.0,True,10.0,0.5,additive,True
0.00404040404040404,0.0,0.0,0.0,original,SKAB,fold_5,2026,9,3,3,0.5,avg_negative_log,10,0.01,0.9,,1420,381,1678,0.003101548926102547,True,0.0,True,10.0,0.5,additive,True
0.00404040404040404,0.0,0.0,0.0,gaussian_noise,SKAB,fold_5,2026,9,3,3,0.5,avg_negative_log,10,0.01,0.9,,1420,381,1678,0.003101548926102547,True,0.0,True,10.0,0.5,additive,True
0.00404040404040404,0.0,0.0,0.0,original,SKAB,fold_5,7,9,3,3,0.5,avg_negative_log,10,0.01,0.9,,1420,381,1678,0.003101548926102547,True,0.0,True,10.0,0.5,additive,True
0.00404040404040404,0.0,0.0,0.0,gaussian_noise,SKAB,fold_5,7,9,3,3,0.5,avg_negative_log,10,0.01,0.9,,1420,381,1678,0.003101548926102547,True,0.0,True,10.0,0.5,additive,True
0.00404040404040404,0.0,0.0,0.0,original,SKAB,fold_5,999,9,3,3,0.5,avg_negative_log,10,0.01,0.9,,1420,381,1678,0.003101548926102547,True,0.0,True,10.0,0.5,additive,True
0.00404040404040404,0.0,0.0,0.0,gaussian_noise,SKAB,fold_5,999,9,3,3,0.5,avg_negative_log,10,0.01,0.9,,1420,381,1678,0.003101548926102547,True,0.0,True,10.0,0.5,additive,True
0.0040650406504065045,0.0,0.0,0.0,original,SKAB,fold_1,42,9,3,3,0.5,avg_negative_log,10,0.05,0.9,,1110,307,1292,0.003791413563400534,True,0.0,True,10.0,0.5,additive,True
0.0040650406504065045,0.0,0.0,0.0,gaussian_noise,SKAB,fold_1,42,9,3,3,0.5,avg_negative_log,10,0.05,0.9,,1110,307,1292,0.003791413563400534,True,0.0,True,10.0,0.5,additive,True
0.0040650406504065045,0.0,0.0,0.0,original,SKAB,fold_1,123,9,3,3,0.5,avg_negative_log,10,0.05,0.9,,1110,307,1292,0.003791413563400534,True,0.0,True,10.0,0.5,additive,True
0.0040650406504065045,0.0,0.0,0.0,gaussian_noise,SKAB,fold_1,123,9,3,3,0.5,avg_negative_log,10,0.05,0.9,,1110,307,1292,0.003791413563400534,True,0.0,True,10.0,0.5,additive,True
0.0040650406504065045,0.0,0.0,0.0,original,SKAB,fold_1,2026,9,3,3,0.5,avg_negative_log,10,0.05,0.9,,1110,307,1292,0.003791413563400534,True,0.0,True,10.0,0.5,additive,True
0.0040650406504065045,0.0,0.0,0.0,gaussian_noise,SKAB,fold_1,2026,9,3,3,0.5,avg_negative_log,10,0.05,0.9,,1110,307,1292,0.003791413563400534,True,0.0,True,10.0,0.5,additive,True
0.0040650406504065045,0.0,0.0,0.0,original,SKAB,fold_1,7,9,3,3,0.5,avg_negative_log,10,0.05,0.9,,1110,307,1292,0.003791413563400534,True,0.0,True,10.0,0.5,additive,True
0.0040650406504065045,0.0,0.0,0.0,gaussian_noise,SKAB,fold_1,7,9,3,3,0.5,avg_negative_log,10,0.05,0.9,,1110,307,1292,0.003791413563400534,True,0.0,True,10.0,0.5,additive,True
0.0040650406504065045,0.0,0.0,0.0,original,SKAB,fold_1,999,9,3,3,0.5,avg_negative_log,10,0.05,0.9,,1110,307,1292,0.003791413563400534,True,0.0,True,10.0,0.5,additive,True
0.0040650406504065045,0.0,0.0,0.0,gaussian_noise,SKAB,fold_1,999,9,3,3,0.5,avg_negative_log,10,0.05,0.9,,1110,307,1292,0.003791413563400534,True,0.0,True,10.0,0.5,additive,True
0.004081632653061225,0.0,0.0,0.0,original,SKAB,fold_2,42,9,3,3,0.5,avg_negative_log,10,0.05,0.9,,1454,412,1650,0.002754370267491086,True,0.0,True,10.0,0.5,additive,True
0.004081632653061225,0.0,0.0,0.0,gaussian_noise,SKAB,fold_2,42,9,3,3,0.5,avg_negative_log,10,0.05,0.9,,1454,412,1650,0.002754370267491086,True,0.0,True,10.0,0.5,additive,True
0.004081632653061225,0.0,0.0,0.0,original,SKAB,fold_2,123,9,3,3,0.5,avg_negative_log,10,0.05,0.9,,1454,412,1650,0.002754370267491086,True,0.0,True,10.0,0.5,additive,True
0.004081632653061225,0.0,0.0,0.0,gaussian_noise,SKAB,fold_2,123,9,3,3,0.5,avg_negative_log,10,0.05,0.9,,1454,412,1650,0.002754370267491086,True,0.0,True,10.0,0.5,additive,True
0.004081632653061225,0.0,0.0,0.0,original,SKAB,fold_2,2026,9,3,3,0.5,avg_negative_log,10,0.05,0.9,,1454,412,1650,0.002754370267491086,True,0.0,True,10.0,0.5,additive,True
0.004081632653061225,0.0,0.0,0.0,gaussian_noise,SKAB,fold_2,2026,9,3,3,0.5,avg_negative_log,10,0.05,0.9,,1454,412,1650,0.002754370267491086,True,0.0,True,10.0,0.5,additive,True
0.004081632653061225,0.0,0.0,0.0,original,SKAB,fold_2,7,9,3,3,0.5,avg_negative_log,10,0.05,0.9,,1454,412,1650,0.002754370267491086,True,0.0,True,10.0,0.5,additive,True
0.004081632653061225,0.0,0.0,0.0,gaussian_noise,SKAB,fold_2,7,9,3,3,0.5,avg_negative_log,10,0.05,0.9,,1454,412,1650,0.002754370267491086,True,0.0,True,10.0,0.5,additive,True
0.004081632653061225,0.0,0.0,0.0,original,SKAB,fold_2,999,9,3,3,0.5,avg_negative_log,10,0.05,0.9,,1454,412,1650,0.002754370267491086,True,0.0,True,10.0,0.5,additive,True
0.004081632653061225,0.0,0.0,0.0,gaussian_noise,SKAB,fold_2,999,9,3,3,0.5,avg_negative_log,10,0.05,0.9,,1454,412,1650,0.002754370267491086,True,0.0,True,10.0,0.5,additive,True
0.004081632653061225,0.0,0.0,0.0,original,SKAB,fold_3,42,9,3,3,0.5,avg_negative_log,10,0.05,0.9,,1435,395,1652,0.0029144797777091694,True,0.0,True,10.0,0.5,additive,True
0.004081632653061225,0.0,0.0,0.0,gaussian_noise,SKAB,fold_3,42,9,3,3,0.5,avg_negative_log,10,0.05,0.9,,1435,395,1652,0.0029144797777091694,True,0.0,True,10.0,0.5,additive,True
0.004081632653061225,0.0,0.0,0.0,original,SKAB,fold_3,123,9,3,3,0.5,avg_negative_log,10,0.05,0.9,,1435,395,1652,0.0029144797777091694,True,0.0,True,10.0,0.5,additive,True
0.004081632653061225,0.0,0.0,0.0,gaussian_noise,SKAB,fold_3,123,9,3,3,0.5,avg_negative_log,10,0.05,0.9,,1435,395,1652,0.0029144797777091694,True,0.0,True,10.0,0.5,additive,True
0.004081632653061225,0.0,0.0,0.0,original,SKAB,fold_3,2026,9,3,3,0.5,avg_negative_log,10,0.05,0.9,,1435,395,1652,0.0029144797777091694,True,0.0,True,10.0,0.5,additive,True
0.004081632653061225,0.0,0.0,0.0,gaussian_noise,SKAB,fold_3,2026,9,3,3,0.5,avg_negative_log,10,0.05,0.9,,1435,395,1652,0.0029144797777091694,True,0.0,True,10.0,0.5,additive,True
0.004081632653061225,0.0,0.0,0.0,original,SKAB,fold_3,7,9,3,3,0.5,avg_negative_log,10,0.05,0.9,,1435,395,1652,0.0029144797777091694,True,0.0,True,10.0,0.5,additive,True
0.004081632653061225,0.0,0.0,0.0,gaussian_noise,SKAB,fold_3,7,9,3,3,0.5,avg_negative_log,10,0.05,0.9,,1435,395,1652,0.0029144797777091694,True,0.0,True,10.0,0.5,additive,True
0.004081632653061225,0.0,0.0,0.0,original,SKAB,fold_3,999,9,3,3,0.5,avg_negative_log,10,0.05,0.9,,1435,395,1652,0.0029144797777091694,True,0.0,True,10.0,0.5,additive,True
0.004081632653061225,0.0,0.0,0.0,gaussian_noise,SKAB,fold_3,999,9,3,3,0.5,avg_negative_log,10,0.05,0.9,,1435,395,1652,0.0029144797777091694,True,0.0,True,10.0,0.5,additive,True
0.004140786749482402,0.0,0.0,0.0,original,SKAB,fold_4,42,9,3,3,0.5,avg_negative_log,10,0.05,0.9,,1434,403,1633,0.0028257386200428447,True,0.0,True,10.0,0.5,additive,True
0.004140786749482402,0.0,0.0,0.0,gaussian_noise,SKAB,fold_4,42,9,3,3,0.5,avg_negative_log,10,0.05,0.9,,1434,403,1633,0.0028257386200428447,True,0.0,True,10.0,0.5,additive,True
0.004140786749482402,0.0,0.0,0.0,original,SKAB,fold_4,123,9,3,3,0.5,avg_negative_log,10,0.05,0.9,,1434,403,1633,0.0028257386200428447,True,0.0,True,10.0,0.5,additive,True
0.004140786749482402,0.0,0.0,0.0,gaussian_noise,SKAB,fold_4,123,9,3,3,0.5,avg_negative_log,10,0.05,0.9,,1434,403,1633,0.0028257386200428447,True,0.0,True,10.0,0.5,additive,True
0.004140786749482402,0.0,0.0,0.0,original,SKAB,fold_4,2026,9,3,3,0.5,avg_negative_log,10,0.05,0.9,,1434,403,1633,0.0028257386200428447,True,0.0,True,10.0,0.5,additive,True
0.004140786749482402,0.0,0.0,0.0,gaussian_noise,SKAB,fold_4,2026,9,3,3,0.5,avg_negative_log,10,0.05,0.9,,1434,403,1633,0.0028257386200428447,True,0.0,True,10.0,0.5,additive,True
0.004140786749482402,0.0,0.0,0.0,original,SKAB,fold_4,7,9,3,3,0.5,avg_negative_log,10,0.05,0.9,,1434,403,1633,0.0028257386200428447,True,0.0,True,10.0,0.5,additive,True
0.004140786749482402,0.0,0.0,0.0,gaussian_noise,SKAB,fold_4,7,9,3,3,0.5,avg_negative_log,10,0.05,0.9,,1434,403,1633,0.0028257386200428447,True,0.0,True,10.0,0.5,additive,True
0.004140786749482402,0.0,0.0,0.0,original,SKAB,fold_4,999,9,3,3,0.5,avg_negative_log,10,0.05,0.9,,1434,403,1633,0.0028257386200428447,True,0.0,True,10.0,0.5,additive,True
0.004140786749482402,0.0,0.0,0.0,gaussian_noise,SKAB,fold_4,999,9,3,3,0.5,avg_negative_log,10,0.05,0.9,,1434,403,1633,0.0028257386200428447,True,0.0,True,10.0,0.5,additive,True
0.00404040404040404,0.0,0.0,0.0,original,SKAB,fold_5,42,9,3,3,0.5,avg_negative_log,10,0.05,0.9,,1420,381,1678,0.003101548926102547,True,0.0,True,10.0,0.5,additive,True
0.00404040404040404,0.0,0.0,0.0,gaussian_noise,SKAB,fold_5,42,9,3,3,0.5,avg_negative_log,10,0.05,0.9,,1420,381,1678,0.003101548926102547,True,0.0,True,10.0,0.5,additive,True
0.00404040404040404,0.0,0.0,0.0,original,SKAB,fold_5,123,9,3,3,0.5,avg_negative_log,10,0.05,0.9,,1420,381,1678,0.003101548926102547,True,0.0,True,10.0,0.5,additive,True
0.00404040404040404,0.0,0.0,0.0,gaussian_noise,SKAB,fold_5,123,9,3,3,0.5,avg_negative_log,10,0.05,0.9,,1420,381,1678,0.003101548926102547,True,0.0,True,10.0,0.5,additive,True
0.00404040404040404,0.0,0.0,0.0,original,SKAB,fold_5,2026,9,3,3,0.5,avg_negative_log,10,0.05,0.9,,1420,381,1678,0.003101548926102547,True,0.0,True,10.0,0.5,additive,True
0.00404040404040404,0.0,0.0,0.0,gaussian_noise,SKAB,fold_5,2026,9,3,3,0.5,avg_negative_log,10,0.05,0.9,,1420,381,1678,0.003101548926102547,True,0.0,True,10.0,0.5,additive,True
0.00404040404040404,0.0,0.0,0.0,original,SKAB,fold_5,7,9,3,3,0.5,avg_negative_log,10,0.05,0.9,,1420,381,1678,0.003101548926102547,True,0.0,True,10.0,0.5,additive,True
0.00404040404040404,0.0,0.0,0.0,gaussian_noise,SKAB,fold_5,7,9,3,3,0.5,avg_negative_log,10,0.05,0.9,,1420,381,1678,0.003101548926102547,True,0.0,True,10.0,0.5,additive,True
0.00404040404040404,0.0,0.0,0.0,original,SKAB,fold_5,999,9,3,3,0.5,avg_negative_log,10,0.05,0.9,,1420,381,1678,0.003101548926102547,True,0.0,True,10.0,0.5,additive,True
0.00404040404040404,0.0,0.0,0.0,gaussian_noise,SKAB,fold_5,999,9,3,3,0.5,avg_negative_log,10,0.05,0.9,,1420,381,1678,0.003101548926102547,True,0.0,True,10.0,0.5,additive,True
0.0040650406504065045,0.0,0.0,0.0,original,SKAB,fold_1,42,9,3,3,0.5,avg_negative_log,10,0.1054,0.9,,1110,307,1292,0.003791413563400534,True,0.0,True,10.0,0.5,additive,True
0.0040650406504065045,0.0,0.0,0.0,gaussian_noise,SKAB,fold_1,42,9,3,3,0.5,avg_negative_log,10,0.1054,0.9,,1110,307,1292,0.003791413563400534,True,0.0,True,10.0,0.5,additive,True
0.0040650406504065045,0.0,0.0,0.0,original,SKAB,fold_1,123,9,3,3,0.5,avg_negative_log,10,0.1054,0.9,,1110,307,1292,0.003791413563400534,True,0.0,True,10.0,0.5,additive,True
0.0040650406504065045,0.0,0.0,0.0,gaussian_noise,SKAB,fold_1,123,9,3,3,0.5,avg_negative_log,10,0.1054,0.9,,1110,307,1292,0.003791413563400534,True,0.0,True,10.0,0.5,additive,True
0.0040650406504065045,0.0,0.0,0.0,original,SKAB,fold_1,2026,9,3,3,0.5,avg_negative_log,10,0.1054,0.9,,1110,307,1292,0.003791413563400534,True,0.0,True,10.0,0.5,additive,True
0.0040650406504065045,0.0,0.0,0.0,gaussian_noise,SKAB,fold_1,2026,9,3,3,0.5,avg_negative_log,10,0.1054,0.9,,1110,307,1292,0.003791413563400534,True,0.0,True,10.0,0.5,additive,True
0.0040650406504065045,0.0,0.0,0.0,original,SKAB,fold_1,7,9,3,3,0.5,avg_negative_log,10,0.1054,0.9,,1110,307,1292,0.003791413563400534,True,0.0,True,10.0,0.5,additive,True
0.0040650406504065045,0.0,0.0,0.0,gaussian_noise,SKAB,fold_1,7,9,3,3,0.5,avg_negative_log,10,0.1054,0.9,,1110,307,1292,0.003791413563400534,True,0.0,True,10.0,0.5,additive,True
0.0040650406504065045,0.0,0.0,0.0,original,SKAB,fold_1,999,9,3,3,0.5,avg_negative_log,10,0.1054,0.9,,1110,307,1292,0.003791413563400534,True,0.0,True,10.0,0.5,additive,True
0.0040650406504065045,0.0,0.0,0.0,gaussian_noise,SKAB,fold_1,999,9,3,3,0.5,avg_negative_log,10,0.1054,0.9,,1110,307,1292,0.003791413563400534,True,0.0,True,10.0,0.5,additive,True
0.004081632653061225,0.0,0.0,0.0,original,SKAB,fold_2,42,9,3,3,0.5,avg_negative_log,10,0.1054,0.9,,1454,412,1650,0.002754370267491086,True,0.0,True,10.0,0.5,additive,True
0.004081632653061225,0.0,0.0,0.0,gaussian_noise,SKAB,fold_2,42,9,3,3,0.5,avg_negative_log,10,0.1054,0.9,,1454,412,1650,0.002754370267491086,True,0.0,True,10.0,0.5,additive,True
0.004081632653061225,0.0,0.0,0.0,original,SKAB,fold_2,123,9,3,3,0.5,avg_negative_log,10,0.1054,0.9,,1454,412,1650,0.002754370267491086,True,0.0,True,10.0,0.5,additive,True
0.004081632653061225,0.0,0.0,0.0,gaussian_noise,SKAB,fold_2,123,9,3,3,0.5,avg_negative_log,10,0.1054,0.9,,1454,412,1650,0.002754370267491086,True,0.0,True,10.0,0.5,additive,True
0.004081632653061225,0.0,0.0,0.0,original,SKAB,fold_2,2026,9,3,3,0.5,avg_negative_log,10,0.1054,0.9,,1454,412,1650,0.002754370267491086,True,0.0,True,10.0,0.5,additive,True
0.004081632653061225,0.0,0.0,0.0,gaussian_noise,SKAB,fold_2,2026,9,3,3,0.5,avg_negative_log,10,0.1054,0.9,,1454,412,1650,0.002754370267491086,True,0.0,True,10.0,0.5,additive,True
0.004081632653061225,0.0,0.0,0.0,original,SKAB,fold_2,7,9,3,3,0.5,avg_negative_log,10,0.1054,0.9,,1454,412,1650,0.002754370267491086,True,0.0,True,10.0,0.5,additive,True
0.004081632653061225,0.0,0.0,0.0,gaussian_noise,SKAB,fold_2,7,9,3,3,0.5,avg_negative_log,10,0.1054,0.9,,1454,412,1650,0.002754370267491086,True,0.0,True,10.0,0.5,additive,True
0.004081632653061225,0.0,0.0,0.0,original,SKAB,fold_2,999,9,3,3,0.5,avg_negative_log,10,0.1054,0.9,,1454,412,1650,0.002754370267491086,True,0.0,True,10.0,0.5,additive,True
0.004081632653061225,0.0,0.0,0.0,gaussian_noise,SKAB,fold_2,999,9,3,3,0.5,avg_negative_log,10,0.1054,0.9,,1454,412,1650,0.002754370267491086,True,0.0,True,10.0,0.5,additive,True
0.004081632653061225,0.0,0.0,0.0,original,SKAB,fold_3,42,9,3,3,0.5,avg_negative_log,10,0.1054,0.9,,1435,395,1652,0.0029144797777091694,True,0.0,True,10.0,0.5,additive,True
0.004081632653061225,0.0,0.0,0.0,gaussian_noise,SKAB,fold_3,42,9,3,3,0.5,avg_negative_log,10,0.1054,0.9,,1435,395,1652,0.0029144797777091694,True,0.0,True,10.0,0.5,additive,True
0.004081632653061225,0.0,0.0,0.0,original,SKAB,fold_3,123,9,3,3,0.5,avg_negative_log,10,0.1054,0.9,,1435,395,1652,0.0029144797777091694,True,0.0,True,10.0,0.5,additive,True
0.004081632653061225,0.0,0.0,0.0,gaussian_noise,SKAB,fold_3,123,9,3,3,0.5,avg_negative_log,10,0.1054,0.9,,1435,395,1652,0.0029144797777091694,True,0.0,True,10.0,0.5,additive,True
0.004081632653061225,0.0,0.0,0.0,original,SKAB,fold_3,2026,9,3,3,0.5,avg_negative_log,10,0.1054,0.9,,1435,395,1652,0.0029144797777091694,True,0.0,True,10.0,0.5,additive,True
0.004081632653061225,0.0,0.0,0.0,gaussian_noise,SKAB,fold_3,2026,9,3,3,0.5,avg_negative_log,10,0.1054,0.9,,1435,395,1652,0.0029144797777091694,True,0.0,True,10.0,0.5,additive,True
0.004081632653061225,0.0,0.0,0.0,original,SKAB,fold_3,7,9,3,3,0.5,avg_negative_log,10,0.1054,0.9,,1435,395,1652,0.0029144797777091694,True,0.0,True,10.0,0.5,additive,True
0.004081632653061225,0.0,0.0,0.0,gaussian_noise,SKAB,fold_3,7,9,3,3,0.5,avg_negative_log,10,0.1054,0.9,,1435,395,1652,0.0029144797777091694,True,0.0,True,10.0,0.5,additive,True
0.004081632653061225,0.0,0.0,0.0,original,SKAB,fold_3,999,9,3,3,0.5,avg_negative_log,10,0.1054,0.9,,1435,395,1652,0.0029144797777091694,True,0.0,True,10.0,0.5,additive,True
0.004081632653061225,0.0,0.0,0.0,gaussian_noise,SKAB,fold_3,999,9,3,3,0.5,avg_negative_log,10,0.1054,0.9,,1435,395,1652,0.0029144797777091694,True,0.0,True,10.0,0.5,additive,True
0.004140786749482402,0.0,0.0,0.0,original,SKAB,fold_4,42,9,3,3,0.5,avg_negative_log,10,0.1054,0.9,,1434,403,1633,0.0028257386200428447,True,0.0,True,10.0,0.5,additive,True
0.004140786749482402,0.0,0.0,0.0,gaussian_noise,SKAB,fold_4,42,9,3,3,0.5,avg_negative_log,10,0.1054,0.9,,1434,403,1633,0.0028257386200428447,True,0.0,True,10.0,0.5,additive,True
0.004140786749482402,0.0,0.0,0.0,original,SKAB,fold_4,123,9,3,3,0.5,avg_negative_log,10,0.1054,0.9,,1434,403,1633,0.0028257386200428447,True,0.0,True,10.0,0.5,additive,True
0.004140786749482402,0.0,0.0,0.0,gaussian_noise,SKAB,fold_4,123,9,3,3,0.5,avg_negative_log,10,0.1054,0.9,,1434,403,1633,0.0028257386200428447,True,0.0,True,10.0,0.5,additive,True
0.004140786749482402,0.0,0.0,0.0,original,SKAB,fold_4,2026,9,3,3,0.5,avg_negative_log,10,0.1054,0.9,,1434,403,1633,0.0028257386200428447,True,0.0,True,10.0,0.5,additive,True
0.004140786749482402,0.0,0.0,0.0,gaussian_noise,SKAB,fold_4,2026,9,3,3,0.5,avg_negative_log,10,0.1054,0.9,,1434,403,1633,0.0028257386200428447,True,0.0,True,10.0,0.5,additive,True
0.004140786749482402,0.0,0.0,0.0,original,SKAB,fold_4,7,9,3,3,0.5,avg_negative_log,10,0.1054,0.9,,1434,403,1633,0.0028257386200428447,True,0.0,True,10.0,0.5,additive,True
0.004140786749482402,0.0,0.0,0.0,gaussian_noise,SKAB,fold_4,7,9,3,3,0.5,avg_negative_log,10,0.1054,0.9,,1434,403,1633,0.0028257386200428447,True,0.0,True,10.0,0.5,additive,True
0.004140786749482402,0.0,0.0,0.0,original,SKAB,fold_4,999,9,3,3,0.5,avg_negative_log,10,0.1054,0.9,,1434,403,1633,0.0028257386200428447,True,0.0,True,10.0,0.5,additive,True
0.004140786749482402,0.0,0.0,0.0,gaussian_noise,SKAB,fold_4,999,9,3,3,0.5,avg_negative_log,10,0.1054,0.9,,1434,403,1633,0.0028257386200428447,True,0.0,True,10.0,0.5,additive,True
0.00404040404040404,0.0,0.0,0.0,original,SKAB,fold_5,42,9,3,3,0.5,avg_negative_log,10,0.1054,0.9,,1420,381,1678,0.003101548926102547,True,0.0,True,10.0,0.5,additive,True
0.00404040404040404,0.0,0.0,0.0,gaussian_noise,SKAB,fold_5,42,9,3,3,0.5,avg_negative_log,10,0.1054,0.9,,1420,381,1678,0.003101548926102547,True,0.0,True,10.0,0.5,additive,True
0.00404040404040404,0.0,0.0,0.0,original,SKAB,fold_5,123,9,3,3,0.5,avg_negative_log,10,0.1054,0.9,,1420,381,1678,0.003101548926102547,True,0.0,True,10.0,0.5,additive,True
0.00404040404040404,0.0,0.0,0.0,gaussian_noise,SKAB,fold_5,123,9,3,3,0.5,avg_negative_log,10,0.1054,0.9,,1420,381,1678,0.003101548926102547,True,0.0,True,10.0,0.5,additive,True
0.00404040404040404,0.0,0.0,0.0,original,SKAB,fold_5,2026,9,3,3,0.5,avg_negative_log,10,0.1054,0.9,,1420,381,1678,0.003101548926102547,True,0.0,True,10.0,0.5,additive,True
0.00404040404040404,0.0,0.0,0.0,gaussian_noise,SKAB,fold_5,2026,9,3,3,0.5,avg_negative_log,10,0.1054,0.9,,1420,381,1678,0.003101548926102547,True,0.0,True,10.0,0.5,additive,True
0.00404040404040404,0.0,0.0,0.0,original,SKAB,fold_5,7,9,3,3,0.5,avg_negative_log,10,0.1054,0.9,,1420,381,1678,0.003101548926102547,True,0.0,True,10.0,0.5,additive,True
0.00404040404040404,0.0,0.0,0.0,gaussian_noise,SKAB,fold_5,7,9,3,3,0.5,avg_negative_log,10,0.1054,0.9,,1420,381,1678,0.003101548926102547,True,0.0,True,10.0,0.5,additive,True
0.00404040404040404,0.0,0.0,0.0,original,SKAB,fold_5,999,9,3,3,0.5,avg_negative_log,10,0.1054,0.9,,1420,381,1678,0.003101548926102547,True,0.0,True,10.0,0.5,additive,True
0.00404040404040404,0.0,0.0,0.0,gaussian_noise,SKAB,fold_5,999,9,3,3,0.5,avg_negative_log,10,0.1054,0.9,,1420,381,1678,0.003101548926102547,True,0.0,True,10.0,0.5,additive,True
0.0040650406504065045,0.0,0.0,0.0,original,SKAB,fold_1,42,9,3,3,0.5,avg_negative_log,10,0.2231,0.9,,1110,307,1292,0.003791413563400534,True,0.0,True,10.0,0.5,additive,True
0.0040650406504065045,0.0,0.0,0.0,gaussian_noise,SKAB,fold_1,42,9,3,3,0.5,avg_negative_log,10,0.2231,0.9,,1110,307,1292,0.003791413563400534,True,0.0,True,10.0,0.5,additive,True
0.0040650406504065045,0.0,0.0,0.0,original,SKAB,fold_1,123,9,3,3,0.5,avg_negative_log,10,0.2231,0.9,,1110,307,1292,0.003791413563400534,True,0.0,True,10.0,0.5,additive,True
0.0040650406504065045,0.0,0.0,0.0,gaussian_noise,SKAB,fold_1,123,9,3,3,0.5,avg_negative_log,10,0.2231,0.9,,1110,307,1292,0.003791413563400534,True,0.0,True,10.0,0.5,additive,True
0.0040650406504065045,0.0,0.0,0.0,original,SKAB,fold_1,2026,9,3,3,0.5,avg_negative_log,10,0.2231,0.9,,1110,307,1292,0.003791413563400534,True,0.0,True,10.0,0.5,additive,True
0.0040650406504065045,0.0,0.0,0.0,gaussian_noise,SKAB,fold_1,2026,9,3,3,0.5,avg_negative_log,10,0.2231,0.9,,1110,307,1292,0.003791413563400534,True,0.0,True,10.0,0.5,additive,True
0.0040650406504065045,0.0,0.0,0.0,original,SKAB,fold_1,7,9,3,3,0.5,avg_negative_log,10,0.2231,0.9,,1110,307,1292,0.003791413563400534,True,0.0,True,10.0,0.5,additive,True
0.0040650406504065045,0.0,0.0,0.0,gaussian_noise,SKAB,fold_1,7,9,3,3,0.5,avg_negative_log,10,0.2231,0.9,,1110,307,1292,0.003791413563400534,True,0.0,True,10.0,0.5,additive,True
0.0040650406504065045,0.0,0.0,0.0,original,SKAB,fold_1,999,9,3,3,0.5,avg_negative_log,10,0.2231,0.9,,1110,307,1292,0.003791413563400534,True,0.0,True,10.0,0.5,additive,True
0.0040650406504065045,0.0,0.0,0.0,gaussian_noise,SKAB,fold_1,999,9,3,3,0.5,avg_negative_log,10,0.2231,0.9,,1110,307,1292,0.003791413563400534,True,0.0,True,10.0,0.5,additive,True
0.004081632653061225,0.0,0.0,0.0,original,SKAB,fold_2,42,9,3,3,0.5,avg_negative_log,10,0.2231,0.9,,1454,412,1650,0.002754370267491086,True,0.0,True,10.0,0.5,additive,True
0.004081632653061225,0.0,0.0,0.0,gaussian_noise,SKAB,fold_2,42,9,3,3,0.5,avg_negative_log,10,0.2231,0.9,,1454,412,1650,0.002754370267491086,True,0.0,True,10.0,0.5,additive,True
0.004081632653061225,0.0,0.0,0.0,original,SKAB,fold_2,123,9,3,3,0.5,avg_negative_log,10,0.2231,0.9,,1454,412,1650,0.002754370267491086,True,0.0,True,10.0,0.5,additive,True
0.004081632653061225,0.0,0.0,0.0,gaussian_noise,SKAB,fold_2,123,9,3,3,0.5,avg_negative_log,10,0.2231,0.9,,1454,412,1650,0.002754370267491086,True,0.0,True,10.0,0.5,additive,True
0.004081632653061225,0.0,0.0,0.0,original,SKAB,fold_2,2026,9,3,3,0.5,avg_negative_log,10,0.2231,0.9,,1454,412,1650,0.002754370267491086,True,0.0,True,10.0,0.5,additive,True
0.004081632653061225,0.0,0.0,0.0,gaussian_noise,SKAB,fold_2,2026,9,3,3,0.5,avg_negative_log,10,0.2231,0.9,,1454,412,1650,0.002754370267491086,True,0.0,True,10.0,0.5,additive,True
0.004081632653061225,0.0,0.0,0.0,original,SKAB,fold_2,7,9,3,3,0.5,avg_negative_log,10,0.2231,0.9,,1454,412,1650,0.002754370267491086,True,0.0,True,10.0,0.5,additive,True
0.004081632653061225,0.0,0.0,0.0,gaussian_noise,SKAB,fold_2,7,9,3,3,0.5,avg_negative_log,10,0.2231,0.9,,1454,412,1650,0.002754370267491086,True,0.0,True,10.0,0.5,additive,True
0.004081632653061225,0.0,0.0,0.0,original,SKAB,fold_2,999,9,3,3,0.5,avg_negative_log,10,0.2231,0.9,,1454,412,1650,0.002754370267491086,True,0.0,True,10.0,0.5,additive,True
0.004081632653061225,0.0,0.0,0.0,gaussian_noise,SKAB,fold_2,999,9,3,3,0.5,avg_negative_log,10,0.2231,0.9,,1454,412,1650,0.002754370267491086,True,0.0,True,10.0,0.5,additive,True
0.004081632653061225,0.0,0.0,0.0,original,SKAB,fold_3,42,9,3,3,0.5,avg_negative_log,10,0.2231,0.9,,1435,395,1652,0.0029144797777091694,True,0.0,True,10.0,0.5,additive,True
0.004081632653061225,0.0,0.0,0.0,gaussian_noise,SKAB,fold_3,42,9,3,3,0.5,avg_negative_log,10,0.2231,0.9,,1435,395,1652,0.0029144797777091694,True,0.0,True,10.0,0.5,additive,True
0.004081632653061225,0.0,0.0,0.0,original,SKAB,fold_3,123,9,3,3,0.5,avg_negative_log,10,0.2231,0.9,,1435,395,1652,0.0029144797777091694,True,0.0,True,10.0,0.5,additive,True
0.004081632653061225,0.0,0.0,0.0,gaussian_noise,SKAB,fold_3,123,9,3,3,0.5,avg_negative_log,10,0.2231,0.9,,1435,395,1652,0.0029144797777091694,True,0.0,True,10.0,0.5,additive,True
0.004081632653061225,0.0,0.0,0.0,original,SKAB,fold_3,2026,9,3,3,0.5,avg_negative_log,10,0.2231,0.9,,1435,395,1652,0.0029144797777091694,True,0.0,True,10.0,0.5,additive,True
0.004081632653061225,0.0,0.0,0.0,gaussian_noise,SKAB,fold_3,2026,9,3,3,0.5,avg_negative_log,10,0.2231,0.9,,1435,395,1652,0.0029144797777091694,True,0.0,True,10.0,0.5,additive,True
0.004081632653061225,0.0,0.0,0.0,original,SKAB,fold_3,7,9,3,3,0.5,avg_negative_log,10,0.2231,0.9,,1435,395,1652,0.0029144797777091694,True,0.0,True,10.0,0.5,additive,True
0.004081632653061225,0.0,0.0,0.0,gaussian_noise,SKAB,fold_3,7,9,3,3,0.5,avg_negative_log,10,0.2231,0.9,,1435,395,1652,0.0029144797777091694,True,0.0,True,10.0,0.5,additive,True
0.004081632653061225,0.0,0.0,0.0,original,SKAB,fold_3,999,9,3,3,0.5,avg_negative_log,10,0.2231,0.9,,1435,395,1652,0.0029144797777091694,True,0.0,True,10.0,0.5,additive,True
0.004081632653061225,0.0,0.0,0.0,gaussian_noise,SKAB,fold_3,999,9,3,3,0.5,avg_negative_log,10,0.2231,0.9,,1435,395,1652,0.0029144797777091694,True,0.0,True,10.0,0.5,additive,True
0.004140786749482402,0.0,0.0,0.0,original,SKAB,fold_4,42,9,3,3,0.5,avg_negative_log,10,0.2231,0.9,,1434,403,1633,0.0028257386200428447,True,0.0,True,10.0,0.5,additive,True
0.004140786749482402,0.0,0.0,0.0,gaussian_noise,SKAB,fold_4,42,9,3,3,0.5,avg_negative_log,10,0.2231,0.9,,1434,403,1633,0.0028257386200428447,True,0.0,True,10.0,0.5,additive,True
0.004140786749482402,0.0,0.0,0.0,original,SKAB,fold_4,123,9,3,3,0.5,avg_negative_log,10,0.2231,0.9,,1434,403,1633,0.0028257386200428447,True,0.0,True,10.0,0.5,additive,True
0.004140786749482402,0.0,0.0,0.0,gaussian_noise,SKAB,fold_4,123,9,3,3,0.5,avg_negative_log,10,0.2231,0.9,,1434,403,1633,0.0028257386200428447,True,0.0,True,10.0,0.5,additive,True
0.004140786749482402,0.0,0.0,0.0,original,SKAB,fold_4,2026,9,3,3,0.5,avg_negative_log,10,0.2231,0.9,,1434,403,1633,0.0028257386200428447,True,0.0,True,10.0,0.5,additive,True
0.004140786749482402,0.0,0.0,0.0,gaussian_noise,SKAB,fold_4,2026,9,3,3,0.5,avg_negative_log,10,0.2231,0.9,,1434,403,1633,0.0028257386200428447,True,0.0,True,10.0,0.5,additive,True
0.004140786749482402,0.0,0.0,0.0,original,SKAB,fold_4,7,9,3,3,0.5,avg_negative_log,10,0.2231,0.9,,1434,403,1633,0.0028257386200428447,True,0.0,True,10.0,0.5,additive,True
0.004140786749482402,0.0,0.0,0.0,gaussian_noise,SKAB,fold_4,7,9,3,3,0.5,avg_negative_log,10,0.2231,0.9,,1434,403,1633,0.0028257386200428447,True,0.0,True,10.0,0.5,additive,True
0.004140786749482402,0.0,0.0,0.0,original,SKAB,fold_4,999,9,3,3,0.5,avg_negative_log,10,0.2231,0.9,,1434,403,1633,0.0028257386200428447,True,0.0,True,10.0,0.5,additive,True
0.004140786749482402,0.0,0.0,0.0,gaussian_noise,SKAB,fold_4,999,9,3,3,0.5,avg_negative_log,10,0.2231,0.9,,1434,403,1633,0.0028257386200428447,True,0.0,True,10.0,0.5,additive,True
0.00404040404040404,0.0,0.0,0.0,original,SKAB,fold_5,42,9,3,3,0.5,avg_negative_log,10,0.2231,0.9,,1420,381,1678,0.003101548926102547,True,0.0,True,10.0,0.5,additive,True
0.00404040404040404,0.0,0.0,0.0,gaussian_noise,SKAB,fold_5,42,9,3,3,0.5,avg_negative_log,10,0.2231,0.9,,1420,381,1678,0.003101548926102547,True,0.0,True,10.0,0.5,additive,True
0.00404040404040404,0.0,0.0,0.0,original,SKAB,fold_5,123,9,3,3,0.5,avg_negative_log,10,0.2231,0.9,,1420,381,1678,0.003101548926102547,True,0.0,True,10.0,0.5,additive,True
0.00404040404040404,0.0,0.0,0.0,gaussian_noise,SKAB,fold_5,123,9,3,3,0.5,avg_negative_log,10,0.2231,0.9,,1420,381,1678,0.003101548926102547,True,0.0,True,10.0,0.5,additive,True
0.00404040404040404,0.0,0.0,0.0,original,SKAB,fold_5,2026,9,3,3,0.5,avg_negative_log,10,0.2231,0.9,,1420,381,1678,0.003101548926102547,True,0.0,True,10.0,0.5,additive,True
0.00404040404040404,0.0,0.0,0.0,gaussian_noise,SKAB,fold_5,2026,9,3,3,0.5,avg_negative_log,10,0.2231,0.9,,1420,381,1678,0.003101548926102547,True,0.0,True,10.0,0.5,additive,True
0.00404040404040404,0.0,0.0,0.0,original,SKAB,fold_5,7,9,3,3,0.5,avg_negative_log,10,0.2231,0.9,,1420,381,1678,0.003101548926102547,True,0.0,True,10.0,0.5,additive,True
0.00404040404040404,0.0,0.0,0.0,gaussian_noise,SKAB,fold_5,7,9,3,3,0.5,avg_negative_log,10,0.2231,0.9,,1420,381,1678,0.003101548926102547,True,0.0,True,10.0,0.5,additive,True
0.00404040404040404,0.0,0.0,0.0,original,SKAB,fold_5,999,9,3,3,0.5,avg_negative_log,10,0.2231,0.9,,1420,381,1678,0.003101548926102547,True,0.0,True,10.0,0.5,additive,True
0.00404040404040404,0.0,0.0,0.0,gaussian_noise,SKAB,fold_5,999,9,3,3,0.5,avg_negative_log,10,0.2231,0.9,,1420,381,1678,0.003101548926102547,True,0.0,True,10.0,0.5,additive,True
0.6016260162601627,0.0,0.0,0.0,original,SKAB,fold_1,42,9,3,3,0.5,avg_negative_log,10,0.3567,0.9,,1110,307,1292,0.003791413563400534,True,0.0,True,10.0,0.5,additive,True
0.6016260162601627,0.0,0.0,0.0,gaussian_noise,SKAB,fold_1,42,9,3,3,0.5,avg_negative_log,10,0.3567,0.9,,1110,307,1292,0.003791413563400534,True,0.0,True,10.0,0.5,additive,True
0.6016260162601627,0.0,0.0,0.0,original,SKAB,fold_1,123,9,3,3,0.5,avg_negative_log,10,0.3567,0.9,,1110,307,1292,0.003791413563400534,True,0.0,True,10.0,0.5,additive,True
0.6239837398373984,0.0,0.0,0.0,gaussian_noise,SKAB,fold_1,123,9,3,3,0.5,avg_negative_log,10,0.3567,0.9,,1110,307,1292,0.003791413563400534,True,0.0,True,10.0,0.5,additive,True
0.6016260162601627,0.0,0.0,0.0,original,SKAB,fold_1,2026,9,3,3,0.5,avg_negative_log,10,0.3567,0.9,,1110,307,1292,0.003791413563400534,True,0.0,True,10.0,0.5,additive,True
0.6016260162601627,0.0,0.0,0.0,gaussian_noise,SKAB,fold_1,2026,9,3,3,0.5,avg_negative_log,10,0.3567,0.9,,1110,307,1292,0.003791413563400534,True,0.0,True,10.0,0.5,additive,True
0.6016260162601627,0.0,0.0,0.0,original,SKAB,fold_1,7,9,3,3,0.5,avg_negative_log,10,0.3567,0.9,,1110,307,1292,0.003791413563400534,True,0.0,True,10.0,0.5,additive,True
0.6239837398373984,0.0,0.0,0.0,gaussian_noise,SKAB,fold_1,7,9,3,3,0.5,avg_negative_log,10,0.3567,0.9,,1110,307,1292,0.003791413563400534,True,0.0,True,10.0,0.5,additive,True
0.6016260162601627,0.0,0.0,0.0,original,SKAB,fold_1,999,9,3,3,0.5,avg_negative_log,10,0.3567,0.9,,1110,307,1292,0.003791413563400534,True,0.0,True,10.0,0.5,additive,True
0.6016260162601627,0.0,0.0,0.0,gaussian_noise,SKAB,fold_1,999,9,3,3,0.5,avg_negative_log,10,0.3567,0.9,,1110,307,1292,0.003791413563400534,True,0.0,True,10.0,0.5,additive,True
0.004081632653061225,0.0,0.0,0.0,original,SKAB,fold_2,42,9,3,3,0.5,avg_negative_log,10,0.3567,0.9,,1454,412,1650,0.002754370267491086,True,0.0,True,10.0,0.5,additive,True
0.004081632653061225,0.0,0.0,0.0,gaussian_noise,SKAB,fold_2,42,9,3,3,0.5,avg_negative_log,10,0.3567,0.9,,1454,412,1650,0.002754370267491086,True,0.0,True,10.0,0.5,additive,True
0.004081632653061225,0.0,0.0,0.0,original,SKAB,fold_2,123,9,3,3,0.5,avg_negative_log,10,0.3567,0.9,,1454,412,1650,0.002754370267491086,True,0.0,True,10.0,0.5,additive,True
0.004081632653061225,0.0,0.0,0.0,gaussian_noise,SKAB,fold_2,123,9,3,3,0.5,avg_negative_log,10,0.3567,0.9,,1454,412,1650,0.002754370267491086,True,0.0,True,10.0,0.5,additive,True
0.004081632653061225,0.0,0.0,0.0,original,SKAB,fold_2,2026,9,3,3,0.5,avg_negative_log,10,0.3567,0.9,,1454,412,1650,0.002754370267491086,True,0.0,True,10.0,0.5,additive,True
0.004081632653061225,0.0,0.0,0.0,gaussian_noise,SKAB,fold_2,2026,9,3,3,0.5,avg_negative_log,10,0.3567,0.9,,1454,412,1650,0.002754370267491086,True,0.0,True,10.0,0.5,additive,True
0.004081632653061225,0.0,0.0,0.0,original,SKAB,fold_2,7,9,3,3,0.5,avg_negative_log,10,0.3567,0.9,,1454,412,1650,0.002754370267491086,True,0.0,True,10.0,0.5,additive,True
0.004081632653061225,0.0,0.0,0.0,gaussian_noise,SKAB,fold_2,7,9,3,3,0.5,avg_negative_log,10,0.3567,0.9,,1454,412,1650,0.002754370267491086,True,0.0,True,10.0,0.5,additive,True
0.004081632653061225,0.0,0.0,0.0,original,SKAB,fold_2,999,9,3,3,0.5,avg_negative_log,10,0.3567,0.9,,1454,412,1650,0.002754370267491086,True,0.0,True,10.0,0.5,additive,True
0.004081632653061225,0.0,0.0,0.0,gaussian_noise,SKAB,fold_2,999,9,3,3,0.5,avg_negative_log,10,0.3567,0.9,,1454,412,1650,0.002754370267491086,True,0.0,True,10.0,0.5,additive,True
0.004081632653061225,0.0,0.0,0.0,original,SKAB,fold_3,42,9,3,3,0.5,avg_negative_log,10,0.3567,0.9,,1435,395,1652,0.0029144797777091694,True,0.0,True,10.0,0.5,additive,True
0.004081632653061225,0.0,0.0,0.0,gaussian_noise,SKAB,fold_3,42,9,3,3,0.5,avg_negative_log,10,0.3567,0.9,,1435,395,1652,0.0029144797777091694,True,0.0,True,10.0,0.5,additive,True
0.004081632653061225,0.0,0.0,0.0,original,SKAB,fold_3,123,9,3,3,0.5,avg_negative_log,10,0.3567,0.9,,1435,395,1652,0.0029144797777091694,True,0.0,True,10.0,0.5,additive,True
0.004081632653061225,0.0,0.0,0.0,gaussian_noise,SKAB,fold_3,123,9,3,3,0.5,avg_negative_log,10,0.3567,0.9,,1435,395,1652,0.0029144797777091694,True,0.0,True,10.0,0.5,additive,True
0.004081632653061225,0.0,0.0,0.0,original,SKAB,fold_3,2026,9,3,3,0.5,avg_negative_log,10,0.3567,0.9,,1435,395,1652,0.0029144797777091694,True,0.0,True,10.0,0.5,additive,True
0.004081632653061225,0.0,0.0,0.0,gaussian_noise,SKAB,fold_3,2026,9,3,3,0.5,avg_negative_log,10,0.3567,0.9,,1435,395,1652,0.0029144797777091694,True,0.0,True,10.0,0.5,additive,True
0.004081632653061225,0.0,0.0,0.0,original,SKAB,fold_3,7,9,3,3,0.5,avg_negative_log,10,0.3567,0.9,,1435,395,1652,0.0029144797777091694,True,0.0,True,10.0,0.5,additive,True
0.004081632653061225,0.0,0.0,0.0,gaussian_noise,SKAB,fold_3,7,9,3,3,0.5,avg_negative_log,10,0.3567,0.9,,1435,395,1652,0.0029144797777091694,True,0.0,True,10.0,0.5,additive,True
0.004081632653061225,0.0,0.0,0.0,original,SKAB,fold_3,999,9,3,3,0.5,avg_negative_log,10,0.3567,0.9,,1435,395,1652,0.0029144797777091694,True,0.0,True,10.0,0.5,additive,True
0.004081632653061225,0.0,0.0,0.0,gaussian_noise,SKAB,fold_3,999,9,3,3,0.5,avg_negative_log,10,0.3567,0.9,,1435,395,1652,0.0029144797777091694,True,0.0,True,10.0,0.5,additive,True
0.004140786749482402,0.0,0.0,0.0,original,SKAB,fold_4,42,9,3,3,0.5,avg_negative_log,10,0.3567,0.9,,1434,403,1633,0.0028257386200428447,True,0.0,True,10.0,0.5,additive,True
0.004140786749482402,0.0,0.0,0.0,gaussian_noise,SKAB,fold_4,42,9,3,3,0.5,avg_negative_log,10,0.3567,0.9,,1434,403,1633,0.0028257386200428447,True,0.0,True,10.0,0.5,additive,True
0.004140786749482402,0.0,0.0,0.0,original,SKAB,fold_4,123,9,3,3,0.5,avg_negative_log,10,0.3567,0.9,,1434,403,1633,0.0028257386200428447,True,0.0,True,10.0,0.5,additive,True
0.004140786749482402,0.0,0.0,0.0,gaussian_noise,SKAB,fold_4,123,9,3,3,0.5,avg_negative_log,10,0.3567,0.9,,1434,403,1633,0.0028257386200428447,True,0.0,True,10.0,0.5,additive,True
0.004140786749482402,0.0,0.0,0.0,original,SKAB,fold_4,2026,9,3,3,0.5,avg_negative_log,10,0.3567,0.9,,1434,403,1633,0.0028257386200428447,True,0.0,True,10.0,0.5,additive,True
0.004140786749482402,0.0,0.0,0.0,gaussian_noise,SKAB,fold_4,2026,9,3,3,0.5,avg_negative_log,10,0.3567,0.9,,1434,403,1633,0.0028257386200428447,True,0.0,True,10.0,0.5,additive,True
0.004140786749482402,0.0,0.0,0.0,original,SKAB,fold_4,7,9,3,3,0.5,avg_negative_log,10,0.3567,0.9,,1434,403,1633,0.0028257386200428447,True,0.0,True,10.0,0.5,additive,True
0.004140786749482402,0.0,0.0,0.0,gaussian_noise,SKAB,fold_4,7,9,3,3,0.5,avg_negative_log,10,0.3567,0.9,,1434,403,1633,0.0028257386200428447,True,0.0,True,10.0,0.5,additive,True
0.004140786749482402,0.0,0.0,0.0,original,SKAB,fold_4,999,9,3,3,0.5,avg_negative_log,10,0.3567,0.9,,1434,403,1633,0.0028257386200428447,True,0.0,True,10.0,0.5,additive,True
0.004140786749482402,0.0,0.0,0.0,gaussian_noise,SKAB,fold_4,999,9,3,3,0.5,avg_negative_log,10,0.3567,0.9,,1434,403,1633,0.0028257386200428447,True,0.0,True,10.0,0.5,additive,True
0.09494949494949495,0.0,0.0,0.0,original,SKAB,fold_5,42,9,3,3,0.5,avg_negative_log,10,0.3567,0.9,,1420,381,1678,0.003101548926102547,True,0.0,True,10.0,0.5,additive,True
0.07474747474747474,0.0,0.0,0.0,gaussian_noise,SKAB,fold_5,42,9,3,3,0.5,avg_negative_log,10,0.3567,0.9,,1420,381,1678,0.003101548926102547,True,0.0,True,10.0,0.5,additive,True
0.09494949494949495,0.0,0.0,0.0,original,SKAB,fold_5,123,9,3,3,0.5,avg_negative_log,10,0.3567,0.9,,1420,381,1678,0.003101548926102547,True,0.0,True,10.0,0.5,additive,True
0.06666666666666667,0.0,0.0,0.0,gaussian_noise,SKAB,fold_5,123,9,3,3,0.5,avg_negative_log,10,0.3567,0.9,,1420,381,1678,0.003101548926102547,True,0.0,True,10.0,0.5,additive,True
0.09494949494949495,0.0,0.0,0.0,original,SKAB,fold_5,2026,9,3,3,0.5,avg_negative_log,10,0.3567,0.9,,1420,381,1678,0.003101548926102547,True,0.0,True,10.0,0.5,additive,True
0.12727272727272726,0.0,0.0,0.0,gaussian_noise,SKAB,fold_5,2026,9,3,3,0.5,avg_negative_log,10,0.3567,0.9,,1420,381,1678,0.003101548926102547,True,0.0,True,10.0,0.5,additive,True
0.09494949494949495,0.0,0.0,0.0,original,SKAB,fold_5,7,9,3,3,0.5,avg_negative_log,10,0.3567,0.9,,1420,381,1678,0.003101548926102547,True,0.0,True,10.0,0.5,additive,True
0.12727272727272726,0.0,0.0,0.0,gaussian_noise,SKAB,fold_5,7,9,3,3,0.5,avg_negative_log,10,0.3567,0.9,,1420,381,1678,0.003101548926102547,True,0.0,True,10.0,0.5,additive,True
0.09494949494949495,0.0,0.0,0.0,original,SKAB,fold_5,999,9,3,3,0.5,avg_negative_log,10,0.3567,0.9,,1420,381,1678,0.003101548926102547,True,0.0,True,10.0,0.5,additive,True
0.08888888888888889,0.0,0.0,0.0,gaussian_noise,SKAB,fold_5,999,9,3,3,0.5,avg_negative_log,10,0.3567,0.9,,1420,381,1678,0.003101548926102547,True,0.0,True,10.0,0.5,additive,True
0.6016260162601627,0.0,0.0,0.0,original,SKAB,fold_1,42,9,3,3,0.5,avg_negative_log,10,0.5108,0.9,,1110,307,1292,0.003791413563400534,True,0.0,True,10.0,0.5,additive,True
0.6016260162601627,0.0,0.0,0.0,gaussian_noise,SKAB,fold_1,42,9,3,3,0.5,avg_negative_log,10,0.5108,0.9,,1110,307,1292,0.003791413563400534,True,0.0,True,10.0,0.5,additive,True
0.6016260162601627,0.0,0.0,0.0,original,SKAB,fold_1,123,9,3,3,0.5,avg_negative_log,10,0.5108,0.9,,1110,307,1292,0.003791413563400534,True,0.0,True,10.0,0.5,additive,True
0.6239837398373984,0.0,0.0,0.0,gaussian_noise,SKAB,fold_1,123,9,3,3,0.5,avg_negative_log,10,0.5108,0.9,,1110,307,1292,0.003791413563400534,True,0.0,True,10.0,0.5,additive,True
0.6016260162601627,0.0,0.0,0.0,original,SKAB,fold_1,2026,9,3,3,0.5,avg_negative_log,10,0.5108,0.9,,1110,307,1292,0.003791413563400534,True,0.0,True,10.0,0.5,additive,True
0.6016260162601627,0.0,0.0,0.0,gaussian_noise,SKAB,fold_1,2026,9,3,3,0.5,avg_negative_log,10,0.5108,0.9,,1110,307,1292,0.003791413563400534,True,0.0,True,10.0,0.5,additive,True
0.6016260162601627,0.0,0.0,0.0,original,SKAB,fold_1,7,9,3,3,0.5,avg_negative_log,10,0.5108,0.9,,1110,307,1292,0.003791413563400534,True,0.0,True,10.0,0.5,additive,True
0.6239837398373984,0.0,0.0,0.0,gaussian_noise,SKAB,fold_1,7,9,3,3,0.5,avg_negative_log,10,0.5108,0.9,,1110,307,1292,0.003791413563400534,True,0.0,True,10.0,0.5,additive,True
0.6016260162601627,0.0,0.0,0.0,original,SKAB,fold_1,999,9,3,3,0.5,avg_negative_log,10,0.5108,0.9,,1110,307,1292,0.003791413563400534,True,0.0,True,10.0,0.5,additive,True
0.6016260162601627,0.0,0.0,0.0,gaussian_noise,SKAB,fold_1,999,9,3,3,0.5,avg_negative_log,10,0.5108,0.9,,1110,307,1292,0.003791413563400534,True,0.0,True,10.0,0.5,additive,True
0.42448979591836733,0.0,0.0,0.0,original,SKAB,fold_2,42,9,3,3,0.5,avg_negative_log,10,0.5108,0.9,,1454,412,1650,0.002754370267491086,True,0.0,True,10.0,0.5,additive,True
0.42244897959183675,0.0,0.0,0.0,gaussian_noise,SKAB,fold_2,42,9,3,3,0.5,avg_negative_log,10,0.5108,0.9,,1454,412,1650,0.002754370267491086,True,0.0,True,10.0,0.5,additive,True
0.42448979591836733,0.0,0.0,0.0,original,SKAB,fold_2,123,9,3,3,0.5,avg_negative_log,10,0.5108,0.9,,1454,412,1650,0.002754370267491086,True,0.0,True,10.0,0.5,additive,True
0.40816326530612246,0.0,0.0,0.0,gaussian_noise,SKAB,fold_2,123,9,3,3,0.5,avg_negative_log,10,0.5108,0.9,,1454,412,1650,0.002754370267491086,True,0.0,True,10.0,0.5,additive,True
0.42448979591836733,0.0,0.0,0.0,original,SKAB,fold_2,2026,9,3,3,0.5,avg_negative_log,10,0.5108,0.9,,1454,412,1650,0.002754370267491086,True,0.0,True,10.0,0.5,additive,True
0.42244897959183675,0.0,0.0,0.0,gaussian_noise,SKAB,fold_2,2026,9,3,3,0.5,avg_negative_log,10,0.5108,0.9,,1454,412,1650,0.002754370267491086,True,0.0,True,10.0,0.5,additive,True
0.42448979591836733,0.0,0.0,0.0,original,SKAB,fold_2,7,9,3,3,0.5,avg_negative_log,10,0.5108,0.9,,1454,412,1650,0.002754370267491086,True,0.0,True,10.0,0.5,additive,True
0.4346938775510204,0.0,0.0,0.0,gaussian_noise,SKAB,fold_2,7,9,3,3,0.5,avg_negative_log,10,0.5108,0.9,,1454,412,1650,0.002754370267491086,True,0.0,True,10.0,0.5,additive,True
0.42448979591836733,0.0,0.0,0.0,original,SKAB,fold_2,999,9,3,3,0.5,avg_negative_log,10,0.5108,0.9,,1454,412,1650,0.002754370267491086,True,0.0,True,10.0,0.5,additive,True
0.42244897959183675,0.0,0.0,0.0,gaussian_noise,SKAB,fold_2,999,9,3,3,0.5,avg_negative_log,10,0.5108,0.9,,1454,412,1650,0.002754370267491086,True,0.0,True,10.0,0.5,additive,True
0.32040816326530613,0.0,0.0,0.0,original,SKAB,fold_3,42,9,3,3,0.5,avg_negative_log,10,0.5108,0.9,,1435,395,1652,0.0029144797777091694,True,0.0,True,10.0,0.5,additive,True
0.3224489795918367,0.0,0.0,0.0,gaussian_noise,SKAB,fold_3,42,9,3,3,0.5,avg_negative_log,10,0.5108,0.9,,1435,395,1652,0.0029144797777091694,True,0.0,True,10.0,0.5,additive,True
0.32040816326530613,0.0,0.0,0.0,original,SKAB,fold_3,123,9,3,3,0.5,avg_negative_log,10,0.5108,0.9,,1435,395,1652,0.0029144797777091694,True,0.0,True,10.0,0.5,additive,True
0.3163265306122449,0.0,0.0,0.0,gaussian_noise,SKAB,fold_3,123,9,3,3,0.5,avg_negative_log,10,0.5108,0.9,,1435,395,1652,0.0029144797777091694,True,0.0,True,10.0,0.5,additive,True
0.32040816326530613,0.0,0.0,0.0,original,SKAB,fold_3,2026,9,3,3,0.5,avg_negative_log,10,0.5108,0.9,,1435,395,1652,0.0029144797777091694,True,0.0,True,10.0,0.5,additive,True
0.3551020408163265,0.0,0.0,0.0,gaussian_noise,SKAB,fold_3,2026,9,3,3,0.5,avg_negative_log,10,0.5108,0.9,,1435,395,1652,0.0029144797777091694,True,0.0,True,10.0,0.5,additive,True
0.32040816326530613,0.0,0.0,0.0,original,SKAB,fold_3,7,9,3,3,0.5,avg_negative_log,10,0.5108,0.9,,1435,395,1652,0.0029144797777091694,True,0.0,True,10.0,0.5,additive,True
0.3224489795918367,0.0,0.0,0.0,gaussian_noise,SKAB,fold_3,7,9,3,3,0.5,avg_negative_log,10,0.5108,0.9,,1435,395,1652,0.0029144797777091694,True,0.0,True,10.0,0.5,additive,True
0.32040816326530613,0.0,0.0,0.0,original,SKAB,fold_3,999,9,3,3,0.5,avg_negative_log,10,0.5108,0.9,,1435,395,1652,0.0029144797777091694,True,0.0,True,10.0,0.5,additive,True
0.3224489795918367,0.0,0.0,0.0,gaussian_noise,SKAB,fold_3,999,9,3,3,0.5,avg_negative_log,10,0.5108,0.9,,1435,395,1652,0.0029144797777091694,True,0.0,True,10.0,0.5,additive,True
0.3250517598343685,0.0,0.0,0.0,original,SKAB,fold_4,42,9,3,3,0.5,avg_negative_log,10,0.5108,0.9,,1434,403,1633,0.0028257386200428447,True,0.0,True,10.0,0.5,additive,True
0.3250517598343685,0.0,0.0,0.0,gaussian_noise,SKAB,fold_4,42,9,3,3,0.5,avg_negative_log,10,0.5108,0.9,,1434,403,1633,0.0028257386200428447,True,0.0,True,10.0,0.5,additive,True
0.3250517598343685,0.0,0.0,0.0,original,SKAB,fold_4,123,9,3,3,0.5,avg_negative_log,10,0.5108,0.9,,1434,403,1633,0.0028257386200428447,True,0.0,True,10.0,0.5,additive,True
0.3146997929606625,0.0,0.0,0.0,gaussian_noise,SKAB,fold_4,123,9,3,3,0.5,avg_negative_log,10,0.5108,0.9,,1434,403,1633,0.0028257386200428447,True,0.0,True,10.0,0.5,additive,True
0.3250517598343685,0.0,0.0,0.0,original,SKAB,fold_4,2026,9,3,3,0.5,avg_negative_log,10,0.5108,0.9,,1434,403,1633,0.0028257386200428447,True,0.0,True,10.0,0.5,additive,True
0.32298136645962733,0.0,0.0,0.0,gaussian_noise,SKAB,fold_4,2026,9,3,3,0.5,avg_negative_log,10,0.5108,0.9,,1434,403,1633,0.0028257386200428447,True,0.0,True,10.0,0.5,additive,True
0.3250517598343685,0.0,0.0,0.0,original,SKAB,fold_4,7,9,3,3,0.5,avg_negative_log,10,0.5108,0.9,,1434,403,1633,0.0028257386200428447,True,0.0,True,10.0,0.5,additive,True
0.32298136645962733,0.0,0.0,0.0,gaussian_noise,SKAB,fold_4,7,9,3,3,0.5,avg_negative_log,10,0.5108,0.9,,1434,403,1633,0.0028257386200428447,True,0.0,True,10.0,0.5,additive,True
0.3250517598343685,0.0,0.0,0.0,original,SKAB,fold_4,999,9,3,3,0.5,avg_negative_log,10,0.5108,0.9,,1434,403,1633,0.0028257386200428447,True,0.0,True,10.0,0.5,additive,True
0.32298136645962733,0.0,0.0,0.0,gaussian_noise,SKAB,fold_4,999,9,3,3,0.5,avg_negative_log,10,0.5108,0.9,,1434,403,1633,0.0028257386200428447,True,0.0,True,10.0,0.5,additive,True
0.22626262626262628,0.0,0.0,0.0,original,SKAB,fold_5,42,9,3,3,0.5,avg_negative_log,10,0.5108,0.9,,1420,381,1678,0.003101548926102547,True,0.0,True,10.0,0.5,additive,True
0.21212121212121213,0.0,0.0,0.0,gaussian_noise,SKAB,fold_5,42,9,3,3,0.5,avg_negative_log,10,0.5108,0.9,,1420,381,1678,0.003101548926102547,True,0.0,True,10.0,0.5,additive,True
0.22626262626262628,0.0,0.0,0.0,original,SKAB,fold_5,123,9,3,3,0.5,avg_negative_log,10,0.5108,0.9,,1420,381,1678,0.003101548926102547,True,0.0,True,10.0,0.5,additive,True
0.15555555555555556,0.0,0.0,0.0,gaussian_noise,SKAB,fold_5,123,9,3,3,0.5,avg_negative_log,10,0.5108,0.9,,1420,381,1678,0.003101548926102547,True,0.0,True,10.0,0.5,additive,True
0.22626262626262628,0.0,0.0,0.0,original,SKAB,fold_5,2026,9,3,3,0.5,avg_negative_log,10,0.5108,0.9,,1420,381,1678,0.003101548926102547,True,0.0,True,10.0,0.5,additive,True
0.21616161616161617,0.0,0.0,0.0,gaussian_noise,SKAB,fold_5,2026,9,3,3,0.5,avg_negative_log,10,0.5108,0.9,,1420,381,1678,0.003101548926102547,True,0.0,True,10.0,0.5,additive,True
0.22626262626262628,0.0,0.0,0.0,original,SKAB,fold_5,7,9,3,3,0.5,avg_negative_log,10,0.5108,0.9,,1420,381,1678,0.003101548926102547,True,0.0,True,10.0,0.5,additive,True
0.2585858585858586,0.0,0.0,0.0,gaussian_noise,SKAB,fold_5,7,9,3,3,0.5,avg_negative_log,10,0.5108,0.9,,1420,381,1678,0.003101548926102547,True,0.0,True,10.0,0.5,additive,True
0.22626262626262628,0.0,0.0,0.0,original,SKAB,fold_5,999,9,3,3,0.5,avg_negative_log,10,0.5108,0.9,,1420,381,1678,0.003101548926102547,True,0.0,True,10.0,0.5,additive,True
0.17777777777777778,0.0,0.0,0.0,gaussian_noise,SKAB,fold_5,999,9,3,3,0.5,avg_negative_log,10,0.5108,0.9,,1420,381,1678,0.003101548926102547,True,0.0,True,10.0,0.5,additive,True
0.8089430894308943,0.0,0.0,0.0,original,SKAB,fold_1,42,9,3,3,0.5,avg_negative_log,10,0.6931,0.9,,1110,307,1292,0.003791413563400534,True,0.0,True,10.0,0.5,additive,True
0.8089430894308943,0.0,0.0,0.0,gaussian_noise,SKAB,fold_1,42,9,3,3,0.5,avg_negative_log,10,0.6931,0.9,,1110,307,1292,0.003791413563400534,True,0.0,True,10.0,0.5,additive,True
0.8089430894308943,0.0,0.0,0.0,original,SKAB,fold_1,123,9,3,3,0.5,avg_negative_log,10,0.6931,0.9,,1110,307,1292,0.003791413563400534,True,0.0,True,10.0,0.5,additive,True
0.8313008130081301,0.0,0.0,0.0,gaussian_noise,SKAB,fold_1,123,9,3,3,0.5,avg_negative_log,10,0.6931,0.9,,1110,307,1292,0.003791413563400534,True,0.0,True,10.0,0.5,additive,True
0.8089430894308943,0.0,0.0,0.0,original,SKAB,fold_1,2026,9,3,3,0.5,avg_negative_log,10,0.6931,0.9,,1110,307,1292,0.003791413563400534,True,0.0,True,10.0,0.5,additive,True
0.8089430894308943,0.0,0.0,0.0,gaussian_noise,SKAB,fold_1,2026,9,3,3,0.5,avg_negative_log,10,0.6931,0.9,,1110,307,1292,0.003791413563400534,True,0.0,True,10.0,0.5,additive,True
0.8089430894308943,0.0,0.0,0.0,original,SKAB,fold_1,7,9,3,3,0.5,avg_negative_log,10,0.6931,0.9,,1110,307,1292,0.003791413563400534,True,0.0,True,10.0,0.5,additive,True
0.8313008130081301,0.0,0.0,0.0,gaussian_noise,SKAB,fold_1,7,9,3,3,0.5,avg_negative_log,10,0.6931,0.9,,1110,307,1292,0.003791413563400534,True,0.0,True,10.0,0.5,additive,True
0.8089430894308943,0.0,0.0,0.0,original,SKAB,fold_1,999,9,3,3,0.5,avg_negative_log,10,0.6931,0.9,,1110,307,1292,0.003791413563400534,True,0.0,True,10.0,0.5,additive,True
0.8089430894308943,0.0,0.0,0.0,gaussian_noise,SKAB,fold_1,999,9,3,3,0.5,avg_negative_log,10,0.6931,0.9,,1110,307,1292,0.003791413563400534,True,0.0,True,10.0,0.5,additive,True
0.4306122448979592,0.0,0.0,0.0,original,SKAB,fold_2,42,9,3,3,0.5,avg_negative_log,10,0.6931,0.9,,1454,412,1650,0.002754370267491086,True,0.0,True,10.0,0.5,additive,True
0.42857142857142855,0.0,0.0,0.0,gaussian_noise,SKAB,fold_2,42,9,3,3,0.5,avg_negative_log,10,0.6931,0.9,,1454,412,1650,0.002754370267491086,True,0.0,True,10.0,0.5,additive,True
0.4306122448979592,0.0,0.0,0.0,original,SKAB,fold_2,123,9,3,3,0.5,avg_negative_log,10,0.6931,0.9,,1454,412,1650,0.002754370267491086,True,0.0,True,10.0,0.5,additive,True
0.4163265306122449,0.0,0.0,0.0,gaussian_noise,SKAB,fold_2,123,9,3,3,0.5,avg_negative_log,10,0.6931,0.9,,1454,412,1650,0.002754370267491086,True,0.0,True,10.0,0.5,additive,True
0.4306122448979592,0.0,0.0,0.0,original,SKAB,fold_2,2026,9,3,3,0.5,avg_negative_log,10,0.6931,0.9,,1454,412,1650,0.002754370267491086,True,0.0,True,10.0,0.5,additive,True
0.42857142857142855,0.0,0.0,0.0,gaussian_noise,SKAB,fold_2,2026,9,3,3,0.5,avg_negative_log,10,0.6931,0.9,,1454,412,1650,0.002754370267491086,True,0.0,True,10.0,0.5,additive,True
0.4306122448979592,0.0,0.0,0.0,original,SKAB,fold_2,7,9,3,3,0.5,avg_negative_log,10,0.6931,0.9,,1454,412,1650,0.002754370267491086,True,0.0,True,10.0,0.5,additive,True
0.44081632653061226,0.0,0.0,0.0,gaussian_noise,SKAB,fold_2,7,9,3,3,0.5,avg_negative_log,10,0.6931,0.9,,1454,412,1650,0.002754370267491086,True,0.0,True,10.0,0.5,additive,True
0.4306122448979592,0.0,0.0,0.0,original,SKAB,fold_2,999,9,3,3,0.5,avg_negative_log,10,0.6931,0.9,,1454,412,1650,0.002754370267491086,True,0.0,True,10.0,0.5,additive,True
0.42857142857142855,0.0,0.0,0.0,gaussian_noise,SKAB,fold_2,999,9,3,3,0.5,avg_negative_log,10,0.6931,0.9,,1454,412,1650,0.002754370267491086,True,0.0,True,10.0,0.5,additive,True
0.41020408163265304,0.0,0.0,0.0,original,SKAB,fold_3,42,9,3,3,0.5,avg_negative_log,10,0.6931,0.9,,1435,395,1652,0.0029144797777091694,True,0.0,True,10.0,0.5,additive,True
0.4142857142857143,0.0,0.0,0.0,gaussian_noise,SKAB,fold_3,42,9,3,3,0.5,avg_negative_log,10,0.6931,0.9,,1435,395,1652,0.0029144797777091694,True,0.0,True,10.0,0.5,additive,True
0.41020408163265304,0.0,0.0,0.0,original,SKAB,fold_3,123,9,3,3,0.5,avg_negative_log,10,0.6931,0.9,,1435,395,1652,0.0029144797777091694,True,0.0,True,10.0,0.5,additive,True
0.39387755102040817,0.0,0.0,0.0,gaussian_noise,SKAB,fold_3,123,9,3,3,0.5,avg_negative_log,10,0.6931,0.9,,1435,395,1652,0.0029144797777091694,True,0.0,True,10.0,0.5,additive,True
0.41020408163265304,0.0,0.0,0.0,original,SKAB,fold_3,2026,9,3,3,0.5,avg_negative_log,10,0.6931,0.9,,1435,395,1652,0.0029144797777091694,True,0.0,True,10.0,0.5,additive,True
0.4448979591836735,0.0,0.0,0.0,gaussian_noise,SKAB,fold_3,2026,9,3,3,0.5,avg_negative_log,10,0.6931,0.9,,1435,395,1652,0.0029144797777091694,True,0.0,True,10.0,0.5,additive,True
0.41020408163265304,0.0,0.0,0.0,original,SKAB,fold_3,7,9,3,3,0.5,avg_negative_log,10,0.6931,0.9,,1435,395,1652,0.0029144797777091694,True,0.0,True,10.0,0.5,additive,True
0.4142857142857143,0.0,0.0,0.0,gaussian_noise,SKAB,fold_3,7,9,3,3,0.5,avg_negative_log,10,0.6931,0.9,,1435,395,1652,0.0029144797777091694,True,0.0,True,10.0,0.5,additive,True
0.41020408163265304,0.0,0.0,0.0,original,SKAB,fold_3,999,9,3,3,0.5,avg_negative_log,10,0.6931,0.9,,1435,395,1652,0.0029144797777091694,True,0.0,True,10.0,0.5,additive,True
0.4142857142857143,0.0,0.0,0.0,gaussian_noise,SKAB,fold_3,999,9,3,3,0.5,avg_negative_log,10,0.6931,0.9,,1435,395,1652,0.0029144797777091694,True,0.0,True,10.0,0.5,additive,True
0.42650103519668736,0.0,0.0,0.0,original,SKAB,fold_4,42,9,3,3,0.5,avg_negative_log,10,0.6931,0.9,,1434,403,1633,0.0028257386200428447,True,0.0,True,10.0,0.5,additive,True
0.42650103519668736,0.0,0.0,0.0,gaussian_noise,SKAB,fold_4,42,9,3,3,0.5,avg_negative_log,10,0.6931,0.9,,1434,403,1633,0.0028257386200428447,True,0.0,True,10.0,0.5,additive,True
0.42650103519668736,0.0,0.0,0.0,original,SKAB,fold_4,123,9,3,3,0.5,avg_negative_log,10,0.6931,0.9,,1434,403,1633,0.0028257386200428447,True,0.0,True,10.0,0.5,additive,True
0.4161490683229814,0.0,0.0,0.0,gaussian_noise,SKAB,fold_4,123,9,3,3,0.5,avg_negative_log,10,0.6931,0.9,,1434,403,1633,0.0028257386200428447,True,0.0,True,10.0,0.5,additive,True
0.42650103519668736,0.0,0.0,0.0,original,SKAB,fold_4,2026,9,3,3,0.5,avg_negative_log,10,0.6931,0.9,,1434,403,1633,0.0028257386200428447,True,0.0,True,10.0,0.5,additive,True
0.39751552795031053,0.0,0.0,0.0,gaussian_noise,SKAB,fold_4,2026,9,3,3,0.5,avg_negative_log,10,0.6931,0.9,,1434,403,1633,0.0028257386200428447,True,0.0,True,10.0,0.5,additive,True
0.42650103519668736,0.0,0.0,0.0,original,SKAB,fold_4,7,9,3,3,0.5,avg_negative_log,10,0.6931,0.9,,1434,403,1633,0.0028257386200428447,True,0.0,True,10.0,0.5,additive,True
0.42650103519668736,0.0,0.0,0.0,gaussian_noise,SKAB,fold_4,7,9,3,3,0.5,avg_negative_log,10,0.6931,0.9,,1434,403,1633,0.0028257386200428447,True,0.0,True,10.0,0.5,additive,True
0.42650103519668736,0.0,0.0,0.0,original,SKAB,fold_4,999,9,3,3,0.5,avg_negative_log,10,0.6931,0.9,,1434,403,1633,0.0028257386200428447,True,0.0,True,10.0,0.5,additive,True
0.4244306418219462,0.0,0.0,0.0,gaussian_noise,SKAB,fold_4,999,9,3,3,0.5,avg_negative_log,10,0.6931,0.9,,1434,403,1633,0.0028257386200428447,True,0.0,True,10.0,0.5,additive,True
0.22828282828282828,0.0,0.0,0.0,original,SKAB,fold_5,42,9,3,3,0.5,avg_negative_log,10,0.6931,0.9,,1420,381,1678,0.003101548926102547,True,0.0,True,10.0,0.5,additive,True
0.21414141414141413,0.0,0.0,0.0,gaussian_noise,SKAB,fold_5,42,9,3,3,0.5,avg_negative_log,10,0.6931,0.9,,1420,381,1678,0.003101548926102547,True,0.0,True,10.0,0.5,additive,True
0.22828282828282828,0.0,0.0,0.0,original,SKAB,fold_5,123,9,3,3,0.5,avg_negative_log,10,0.6931,0.9,,1420,381,1678,0.003101548926102547,True,0.0,True,10.0,0.5,additive,True
0.1595959595959596,0.0,0.0,0.0,gaussian_noise,SKAB,fold_5,123,9,3,3,0.5,avg_negative_log,10,0.6931,0.9,,1420,381,1678,0.003101548926102547,True,0.0,True,10.0,0.5,additive,True
0.22828282828282828,0.0,0.0,0.0,original,SKAB,fold_5,2026,9,3,3,0.5,avg_negative_log,10,0.6931,0.9,,1420,381,1678,0.003101548926102547,True,0.0,True,10.0,0.5,additive,True
0.2202020202020202,0.0,0.0,0.0,gaussian_noise,SKAB,fold_5,2026,9,3,3,0.5,avg_negative_log,10,0.6931,0.9,,1420,381,1678,0.003101548926102547,True,0.0,True,10.0,0.5,additive,True
0.22828282828282828,0.0,0.0,0.0,original,SKAB,fold_5,7,9,3,3,0.5,avg_negative_log,10,0.6931,0.9,,1420,381,1678,0.003101548926102547,True,0.0,True,10.0,0.5,additive,True
0.2606060606060606,0.0,0.0,0.0,gaussian_noise,SKAB,fold_5,7,9,3,3,0.5,avg_negative_log,10,0.6931,0.9,,1420,381,1678,0.003101548926102547,True,0.0,True,10.0,0.5,additive,True
0.22828282828282828,0.0,0.0,0.0,original,SKAB,fold_5,999,9,3,3,0.5,avg_negative_log,10,0.6931,0.9,,1420,381,1678,0.003101548926102547,True,0.0,True,10.0,0.5,additive,True
0.18181818181818182,0.0,0.0,0.0,gaussian_noise,SKAB,fold_5,999,9,3,3,0.5,avg_negative_log,10,0.6931,0.9,,1420,381,1678,0.003101548926102547,True,0.0,True,10.0,0.5,additive,True
0.8170731707317073,0.0,0.0,0.0,original,SKAB,fold_1,42,9,3,3,0.5,avg_negative_log,10,0.9163,0.9,,1110,307,1292,0.003791413563400534,True,0.0,True,10.0,0.5,additive,True
0.8170731707317073,0.0,0.0,0.0,gaussian_noise,SKAB,fold_1,42,9,3,3,0.5,avg_negative_log,10,0.9163,0.9,,1110,307,1292,0.003791413563400534,True,0.0,True,10.0,0.5,additive,True
0.8170731707317073,0.0,0.0,0.0,original,SKAB,fold_1,123,9,3,3,0.5,avg_negative_log,10,0.9163,0.9,,1110,307,1292,0.003791413563400534,True,0.0,True,10.0,0.5,additive,True
0.8394308943089431,0.0,0.0,0.0,gaussian_noise,SKAB,fold_1,123,9,3,3,0.5,avg_negative_log,10,0.9163,0.9,,1110,307,1292,0.003791413563400534,True,0.0,True,10.0,0.5,additive,True
0.8170731707317073,0.0,0.0,0.0,original,SKAB,fold_1,2026,9,3,3,0.5,avg_negative_log,10,0.9163,0.9,,1110,307,1292,0.003791413563400534,True,0.0,True,10.0,0.5,additive,True
0.8170731707317073,0.0,0.0,0.0,gaussian_noise,SKAB,fold_1,2026,9,3,3,0.5,avg_negative_log,10,0.9163,0.9,,1110,307,1292,0.003791413563400534,True,0.0,True,10.0,0.5,additive,True
0.8170731707317073,0.0,0.0,0.0,original,SKAB,fold_1,7,9,3,3,0.5,avg_negative_log,10,0.9163,0.9,,1110,307,1292,0.003791413563400534,True,0.0,True,10.0,0.5,additive,True
0.8394308943089431,0.0,0.0,0.0,gaussian_noise,SKAB,fold_1,7,9,3,3,0.5,avg_negative_log,10,0.9163,0.9,,1110,307,1292,0.003791413563400534,True,0.0,True,10.0,0.5,additive,True
0.8170731707317073,0.0,0.0,0.0,original,SKAB,fold_1,999,9,3,3,0.5,avg_negative_log,10,0.9163,0.9,,1110,307,1292,0.003791413563400534,True,0.0,True,10.0,0.5,additive,True
0.8170731707317073,0.0,0.0,0.0,gaussian_noise,SKAB,fold_1,999,9,3,3,0.5,avg_negative_log,10,0.9163,0.9,,1110,307,1292,0.003791413563400534,True,0.0,True,10.0,0.5,additive,True
0.43673469387755104,0.0,0.0,0.0,original,SKAB,fold_2,42,9,3,3,0.5,avg_negative_log,10,0.9163,0.9,,1454,412,1650,0.002754370267491086,True,0.0,True,10.0,0.5,additive,True
0.4346938775510204,0.0,0.0,0.0,gaussian_noise,SKAB,fold_2,42,9,3,3,0.5,avg_negative_log,10,0.9163,0.9,,1454,412,1650,0.002754370267491086,True,0.0,True,10.0,0.5,additive,True
0.43673469387755104,0.0,0.0,0.0,original,SKAB,fold_2,123,9,3,3,0.5,avg_negative_log,10,0.9163,0.9,,1454,412,1650,0.002754370267491086,True,0.0,True,10.0,0.5,additive,True
0.42857142857142855,0.0,0.0,0.0,gaussian_noise,SKAB,fold_2,123,9,3,3,0.5,avg_negative_log,10,0.9163,0.9,,1454,412,1650,0.002754370267491086,True,0.0,True,10.0,0.5,additive,True
0.43673469387755104,0.0,0.0,0.0,original,SKAB,fold_2,2026,9,3,3,0.5,avg_negative_log,10,0.9163,0.9,,1454,412,1650,0.002754370267491086,True,0.0,True,10.0,0.5,additive,True
0.4346938775510204,0.0,0.0,0.0,gaussian_noise,SKAB,fold_2,2026,9,3,3,0.5,avg_negative_log,10,0.9163,0.9,,1454,412,1650,0.002754370267491086,True,0.0,True,10.0,0.5,additive,True
0.43673469387755104,0.0,0.0,0.0,original,SKAB,fold_2,7,9,3,3,0.5,avg_negative_log,10,0.9163,0.9,,1454,412,1650,0.002754370267491086,True,0.0,True,10.0,0.5,additive,True
0.44693877551020406,0.0,0.0,0.0,gaussian_noise,SKAB,fold_2,7,9,3,3,0.5,avg_negative_log,10,0.9163,0.9,,1454,412,1650,0.002754370267491086,True,0.0,True,10.0,0.5,additive,True
0.43673469387755104,0.0,0.0,0.0,original,SKAB,fold_2,999,9,3,3,0.5,avg_negative_log,10,0.9163,0.9,,1454,412,1650,0.002754370267491086,True,0.0,True,10.0,0.5,additive,True
0.4346938775510204,0.0,0.0,0.0,gaussian_noise,SKAB,fold_2,999,9,3,3,0.5,avg_negative_log,10,0.9163,0.9,,1454,412,1650,0.002754370267491086,True,0.0,True,10.0,0.5,additive,True
0.4204081632653061,0.0,0.0,0.0,original,SKAB,fold_3,42,9,3,3,0.5,avg_negative_log,10,0.9163,0.9,,1435,395,1652,0.0029144797777091694,True,0.0,True,10.0,0.5,additive,True
0.42448979591836733,0.0,0.0,0.0,gaussian_noise,SKAB,fold_3,42,9,3,3,0.5,avg_negative_log,10,0.9163,0.9,,1435,395,1652,0.0029144797777091694,True,0.0,True,10.0,0.5,additive,True
0.4204081632653061,0.0,0.0,0.0,original,SKAB,fold_3,123,9,3,3,0.5,avg_negative_log,10,0.9163,0.9,,1435,395,1652,0.0029144797777091694,True,0.0,True,10.0,0.5,additive,True
0.40408163265306124,0.0,0.0,0.0,gaussian_noise,SKAB,fold_3,123,9,3,3,0.5,avg_negative_log,10,0.9163,0.9,,1435,395,1652,0.0029144797777091694,True,0.0,True,10.0,0.5,additive,True
0.4204081632653061,0.0,0.0,0.0,original,SKAB,fold_3,2026,9,3,3,0.5,avg_negative_log,10,0.9163,0.9,,1435,395,1652,0.0029144797777091694,True,0.0,True,10.0,0.5,additive,True
0.45510204081632655,0.0,0.0,0.0,gaussian_noise,SKAB,fold_3,2026,9,3,3,0.5,avg_negative_log,10,0.9163,0.9,,1435,395,1652,0.0029144797777091694,True,0.0,True,10.0,0.5,additive,True
0.4204081632653061,0.0,0.0,0.0,original,SKAB,fold_3,7,9,3,3,0.5,avg_negative_log,10,0.9163,0.9,,1435,395,1652,0.0029144797777091694,True,0.0,True,10.0,0.5,additive,True
0.42448979591836733,0.0,0.0,0.0,gaussian_noise,SKAB,fold_3,7,9,3,3,0.5,avg_negative_log,10,0.9163,0.9,,1435,395,1652,0.0029144797777091694,True,0.0,True,10.0,0.5,additive,True
0.4204081632653061,0.0,0.0,0.0,original,SKAB,fold_3,999,9,3,3,0.5,avg_negative_log,10,0.9163,0.9,,1435,395,1652,0.0029144797777091694,True,0.0,True,10.0,0.5,additive,True
0.42448979591836733,0.0,0.0,0.0,gaussian_noise,SKAB,fold_3,999,9,3,3,0.5,avg_negative_log,10,0.9163,0.9,,1435,395,1652,0.0029144797777091694,True,0.0,True,10.0,0.5,additive,True
0.43478260869565216,0.0,0.0,0.0,original,SKAB,fold_4,42,9,3,3,0.5,avg_negative_log,10,0.9163,0.9,,1434,403,1633,0.0028257386200428447,True,0.0,True,10.0,0.5,additive,True
0.43478260869565216,0.0,0.0,0.0,gaussian_noise,SKAB,fold_4,42,9,3,3,0.5,avg_negative_log,10,0.9163,0.9,,1434,403,1633,0.0028257386200428447,True,0.0,True,10.0,0.5,additive,True
0.43478260869565216,0.0,0.0,0.0,original,SKAB,fold_4,123,9,3,3,0.5,avg_negative_log,10,0.9163,0.9,,1434,403,1633,0.0028257386200428447,True,0.0,True,10.0,0.5,additive,True
0.4244306418219462,0.0,0.0,0.0,gaussian_noise,SKAB,fold_4,123,9,3,3,0.5,avg_negative_log,10,0.9163,0.9,,1434,403,1633,0.0028257386200428447,True,0.0,True,10.0,0.5,additive,True
0.43478260869565216,0.0,0.0,0.0,original,SKAB,fold_4,2026,9,3,3,0.5,avg_negative_log,10,0.9163,0.9,,1434,403,1633,0.0028257386200428447,True,0.0,True,10.0,0.5,additive,True
0.4057971014492754,0.0,0.0,0.0,gaussian_noise,SKAB,fold_4,2026,9,3,3,0.5,avg_negative_log,10,0.9163,0.9,,1434,403,1633,0.0028257386200428447,True,0.0,True,10.0,0.5,additive,True
0.43478260869565216,0.0,0.0,0.0,original,SKAB,fold_4,7,9,3,3,0.5,avg_negative_log,10,0.9163,0.9,,1434,403,1633,0.0028257386200428447,True,0.0,True,10.0,0.5,additive,True
0.43478260869565216,0.0,0.0,0.0,gaussian_noise,SKAB,fold_4,7,9,3,3,0.5,avg_negative_log,10,0.9163,0.9,,1434,403,1633,0.0028257386200428447,True,0.0,True,10.0,0.5,additive,True
0.43478260869565216,0.0,0.0,0.0,original,SKAB,fold_4,999,9,3,3,0.5,avg_negative_log,10,0.9163,0.9,,1434,403,1633,0.0028257386200428447,True,0.0,True,10.0,0.5,additive,True
0.432712215320911,0.0,0.0,0.0,gaussian_noise,SKAB,fold_4,999,9,3,3,0.5,avg_negative_log,10,0.9163,0.9,,1434,403,1633,0.0028257386200428447,True,0.0,True,10.0,0.5,additive,True
0.24242424242424243,0.0,0.0,0.0,original,SKAB,fold_5,42,9,3,3,0.5,avg_negative_log,10,0.9163,0.9,,1420,381,1678,0.003101548926102547,True,0.0,True,10.0,0.5,additive,True
0.23232323232323232,0.0,0.0,0.0,gaussian_noise,SKAB,fold_5,42,9,3,3,0.5,avg_negative_log,10,0.9163,0.9,,1420,381,1678,0.003101548926102547,True,0.0,True,10.0,0.5,additive,True
0.24242424242424243,0.0,0.0,0.0,original,SKAB,fold_5,123,9,3,3,0.5,avg_negative_log,10,0.9163,0.9,,1420,381,1678,0.003101548926102547,True,0.0,True,10.0,0.5,additive,True
0.17575757575757575,0.0,0.0,0.0,gaussian_noise,SKAB,fold_5,123,9,3,3,0.5,avg_negative_log,10,0.9163,0.9,,1420,381,1678,0.003101548926102547,True,0.0,True,10.0,0.5,additive,True
0.24242424242424243,0.0,0.0,0.0,original,SKAB,fold_5,2026,9,3,3,0.5,avg_negative_log,10,0.9163,0.9,,1420,381,1678,0.003101548926102547,True,0.0,True,10.0,0.5,additive,True
0.2404040404040404,0.0,0.0,0.0,gaussian_noise,SKAB,fold_5,2026,9,3,3,0.5,avg_negative_log,10,0.9163,0.9,,1420,381,1678,0.003101548926102547,True,0.0,True,10.0,0.5,additive,True
0.24242424242424243,0.0,0.0,0.0,original,SKAB,fold_5,7,9,3,3,0.5,avg_negative_log,10,0.9163,0.9,,1420,381,1678,0.003101548926102547,True,0.0,True,10.0,0.5,additive,True
0.27474747474747474,0.0,0.0,0.0,gaussian_noise,SKAB,fold_5,7,9,3,3,0.5,avg_negative_log,10,0.9163,0.9,,1420,381,1678,0.003101548926102547,True,0.0,True,10.0,0.5,additive,True
0.24242424242424243,0.0,0.0,0.0,original,SKAB,fold_5,999,9,3,3,0.5,avg_negative_log,10,0.9163,0.9,,1420,381,1678,0.003101548926102547,True,0.0,True,10.0,0.5,additive,True
0.19595959595959597,0.0,0.0,0.0,gaussian_noise,SKAB,fold_5,999,9,3,3,0.5,avg_negative_log,10,0.9163,0.9,,1420,381,1678,0.003101548926102547,True,0.0,True,10.0,0.5,additive,True
0.0045351473922902496,0.0,0.0,0.0,original,SKAB,fold_1,42,10,3,3,0.5,avg_negative_log,10,0.0,0.9,,1158,338,1304,0.0033315959979969547,True,0.0,True,10.0,0.5,additive,True
0.0045351473922902496,0.0,0.0,0.0,gaussian_noise,SKAB,fold_1,42,10,3,3,0.5,avg_negative_log,10,0.0,0.9,,1158,338,1304,0.0033315959979969547,True,0.0,True,10.0,0.5,additive,True
0.0045351473922902496,0.0,0.0,0.0,original,SKAB,fold_1,123,10,3,3,0.5,avg_negative_log,10,0.0,0.9,,1158,338,1304,0.0033315959979969547,True,0.0,True,10.0,0.5,additive,True
0.0045351473922902496,0.0,0.0,0.0,gaussian_noise,SKAB,fold_1,123,10,3,3,0.5,avg_negative_log,10,0.0,0.9,,1158,338,1304,0.0033315959979969547,True,0.0,True,10.0,0.5,additive,True
0.0045351473922902496,0.0,0.0,0.0,original,SKAB,fold_1,2026,10,3,3,0.5,avg_negative_log,10,0.0,0.9,,1158,338,1304,0.0033315959979969547,True,0.0,True,10.0,0.5,additive,True
0.0045351473922902496,0.0,0.0,0.0,gaussian_noise,SKAB,fold_1,2026,10,3,3,0.5,avg_negative_log,10,0.0,0.9,,1158,338,1304,0.0033315959979969547,True,0.0,True,10.0,0.5,additive,True
0.0045351473922902496,0.0,0.0,0.0,original,SKAB,fold_1,7,10,3,3,0.5,avg_negative_log,10,0.0,0.9,,1158,338,1304,0.0033315959979969547,True,0.0,True,10.0,0.5,additive,True
0.0045351473922902496,0.0,0.0,0.0,gaussian_noise,SKAB,fold_1,7,10,3,3,0.5,avg_negative_log,10,0.0,0.9,,1158,338,1304,0.0033315959979969547,True,0.0,True,10.0,0.5,additive,True
0.0045351473922902496,0.0,0.0,0.0,original,SKAB,fold_1,999,10,3,3,0.5,avg_negative_log,10,0.0,0.9,,1158,338,1304,0.0033315959979969547,True,0.0,True,10.0,0.5,additive,True
0.0045351473922902496,0.0,0.0,0.0,gaussian_noise,SKAB,fold_1,999,10,3,3,0.5,avg_negative_log,10,0.0,0.9,,1158,338,1304,0.0033315959979969547,True,0.0,True,10.0,0.5,additive,True
0.004555808656036446,0.0,0.0,0.0,original,SKAB,fold_2,42,10,3,3,0.5,avg_negative_log,10,0.0,0.9,,1531,456,1677,0.002402110763518856,True,0.0,True,10.0,0.5,additive,True
0.004555808656036446,0.0,0.0,0.0,gaussian_noise,SKAB,fold_2,42,10,3,3,0.5,avg_negative_log,10,0.0,0.9,,1531,456,1677,0.002402110763518856,True,0.0,True,10.0,0.5,additive,True
0.004555808656036446,0.0,0.0,0.0,original,SKAB,fold_2,123,10,3,3,0.5,avg_negative_log,10,0.0,0.9,,1531,456,1677,0.002402110763518856,True,0.0,True,10.0,0.5,additive,True
0.004555808656036446,0.0,0.0,0.0,gaussian_noise,SKAB,fold_2,123,10,3,3,0.5,avg_negative_log,10,0.0,0.9,,1531,456,1677,0.002402110763518856,True,0.0,True,10.0,0.5,additive,True
0.004555808656036446,0.0,0.0,0.0,original,SKAB,fold_2,2026,10,3,3,0.5,avg_negative_log,10,0.0,0.9,,1531,456,1677,0.002402110763518856,True,0.0,True,10.0,0.5,additive,True
0.004555808656036446,0.0,0.0,0.0,gaussian_noise,SKAB,fold_2,2026,10,3,3,0.5,avg_negative_log,10,0.0,0.9,,1531,456,1677,0.002402110763518856,True,0.0,True,10.0,0.5,additive,True
0.004555808656036446,0.0,0.0,0.0,original,SKAB,fold_2,7,10,3,3,0.5,avg_negative_log,10,0.0,0.9,,1531,456,1677,0.002402110763518856,True,0.0,True,10.0,0.5,additive,True
0.004555808656036446,0.0,0.0,0.0,gaussian_noise,SKAB,fold_2,7,10,3,3,0.5,avg_negative_log,10,0.0,0.9,,1531,456,1677,0.002402110763518856,True,0.0,True,10.0,0.5,additive,True
0.004555808656036446,0.0,0.0,0.0,original,SKAB,fold_2,999,10,3,3,0.5,avg_negative_log,10,0.0,0.9,,1531,456,1677,0.002402110763518856,True,0.0,True,10.0,0.5,additive,True
0.004555808656036446,0.0,0.0,0.0,gaussian_noise,SKAB,fold_2,999,10,3,3,0.5,avg_negative_log,10,0.0,0.9,,1531,456,1677,0.002402110763518856,True,0.0,True,10.0,0.5,additive,True
0.004555808656036446,0.0,0.0,0.0,original,SKAB,fold_3,42,10,3,3,0.5,avg_negative_log,10,0.0,0.9,,1539,455,1695,0.002420581367949789,True,0.0,True,10.0,0.5,additive,True
0.004555808656036446,0.0,0.0,0.0,gaussian_noise,SKAB,fold_3,42,10,3,3,0.5,avg_negative_log,10,0.0,0.9,,1539,455,1695,0.002420581367949789,True,0.0,True,10.0,0.5,additive,True
0.004555808656036446,0.0,0.0,0.0,original,SKAB,fold_3,123,10,3,3,0.5,avg_negative_log,10,0.0,0.9,,1539,455,1695,0.002420581367949789,True,0.0,True,10.0,0.5,additive,True
0.004555808656036446,0.0,0.0,0.0,gaussian_noise,SKAB,fold_3,123,10,3,3,0.5,avg_negative_log,10,0.0,0.9,,1539,455,1695,0.002420581367949789,True,0.0,True,10.0,0.5,additive,True
0.004555808656036446,0.0,0.0,0.0,original,SKAB,fold_3,2026,10,3,3,0.5,avg_negative_log,10,0.0,0.9,,1539,455,1695,0.002420581367949789,True,0.0,True,10.0,0.5,additive,True
0.004555808656036446,0.0,0.0,0.0,gaussian_noise,SKAB,fold_3,2026,10,3,3,0.5,avg_negative_log,10,0.0,0.9,,1539,455,1695,0.002420581367949789,True,0.0,True,10.0,0.5,additive,True
0.004555808656036446,0.0,0.0,0.0,original,SKAB,fold_3,7,10,3,3,0.5,avg_negative_log,10,0.0,0.9,,1539,455,1695,0.002420581367949789,True,0.0,True,10.0,0.5,additive,True
0.004555808656036446,0.0,0.0,0.0,gaussian_noise,SKAB,fold_3,7,10,3,3,0.5,avg_negative_log,10,0.0,0.9,,1539,455,1695,0.002420581367949789,True,0.0,True,10.0,0.5,additive,True
0.004555808656036446,0.0,0.0,0.0,original,SKAB,fold_3,999,10,3,3,0.5,avg_negative_log,10,0.0,0.9,,1539,455,1695,0.002420581367949789,True,0.0,True,10.0,0.5,additive,True
0.004555808656036446,0.0,0.0,0.0,gaussian_noise,SKAB,fold_3,999,10,3,3,0.5,avg_negative_log,10,0.0,0.9,,1539,455,1695,0.002420581367949789,True,0.0,True,10.0,0.5,additive,True
0.004618937644341801,0.0,0.0,0.0,original,SKAB,fold_4,42,10,3,3,0.5,avg_negative_log,10,0.0,0.9,,1526,443,1698,0.002511767438145138,True,0.0,True,10.0,0.5,additive,True
0.004618937644341801,0.0,0.0,0.0,gaussian_noise,SKAB,fold_4,42,10,3,3,0.5,avg_negative_log,10,0.0,0.9,,1526,443,1698,0.002511767438145138,True,0.0,True,10.0,0.5,additive,True
0.004618937644341801,0.0,0.0,0.0,original,SKAB,fold_4,123,10,3,3,0.5,avg_negative_log,10,0.0,0.9,,1526,443,1698,0.002511767438145138,True,0.0,True,10.0,0.5,additive,True
0.004618937644341801,0.0,0.0,0.0,gaussian_noise,SKAB,fold_4,123,10,3,3,0.5,avg_negative_log,10,0.0,0.9,,1526,443,1698,0.002511767438145138,True,0.0,True,10.0,0.5,additive,True
0.004618937644341801,0.0,0.0,0.0,original,SKAB,fold_4,2026,10,3,3,0.5,avg_negative_log,10,0.0,0.9,,1526,443,1698,0.002511767438145138,True,0.0,True,10.0,0.5,additive,True
0.004618937644341801,0.0,0.0,0.0,gaussian_noise,SKAB,fold_4,2026,10,3,3,0.5,avg_negative_log,10,0.0,0.9,,1526,443,1698,0.002511767438145138,True,0.0,True,10.0,0.5,additive,True
0.004618937644341801,0.0,0.0,0.0,original,SKAB,fold_4,7,10,3,3,0.5,avg_negative_log,10,0.0,0.9,,1526,443,1698,0.002511767438145138,True,0.0,True,10.0,0.5,additive,True
0.004618937644341801,0.0,0.0,0.0,gaussian_noise,SKAB,fold_4,7,10,3,3,0.5,avg_negative_log,10,0.0,0.9,,1526,443,1698,0.002511767438145138,True,0.0,True,10.0,0.5,additive,True
0.004618937644341801,0.0,0.0,0.0,original,SKAB,fold_4,999,10,3,3,0.5,avg_negative_log,10,0.0,0.9,,1526,443,1698,0.002511767438145138,True,0.0,True,10.0,0.5,additive,True
0.004618937644341801,0.0,0.0,0.0,gaussian_noise,SKAB,fold_4,999,10,3,3,0.5,avg_negative_log,10,0.0,0.9,,1526,443,1698,0.002511767438145138,True,0.0,True,10.0,0.5,additive,True
0.0045045045045045045,0.0,0.0,0.0,original,SKAB,fold_5,42,10,3,3,0.5,avg_negative_log,10,0.0,0.9,,1581,454,1781,0.0024812824092263026,True,0.0,True,10.0,0.5,additive,True
0.0045045045045045045,0.0,0.0,0.0,gaussian_noise,SKAB,fold_5,42,10,3,3,0.5,avg_negative_log,10,0.0,0.9,,1581,454,1781,0.0024812824092263026,True,0.0,True,10.0,0.5,additive,True
0.0045045045045045045,0.0,0.0,0.0,original,SKAB,fold_5,123,10,3,3,0.5,avg_negative_log,10,0.0,0.9,,1581,454,1781,0.0024812824092263026,True,0.0,True,10.0,0.5,additive,True
0.0045045045045045045,0.0,0.0,0.0,gaussian_noise,SKAB,fold_5,123,10,3,3,0.5,avg_negative_log,10,0.0,0.9,,1581,454,1781,0.0024812824092263026,True,0.0,True,10.0,0.5,additive,True
0.0045045045045045045,0.0,0.0,0.0,original,SKAB,fold_5,2026,10,3,3,0.5,avg_negative_log,10,0.0,0.9,,1581,454,1781,0.0024812824092263026,True,0.0,True,10.0,0.5,additive,True
0.0045045045045045045,0.0,0.0,0.0,gaussian_noise,SKAB,fold_5,2026,10,3,3,0.5,avg_negative_log,10,0.0,0.9,,1581,454,1781,0.0024812824092263026,True,0.0,True,10.0,0.5,additive,True
0.0045045045045045045,0.0,0.0,0.0,original,SKAB,fold_5,7,10,3,3,0.5,avg_negative_log,10,0.0,0.9,,1581,454,1781,0.0024812824092263026,True,0.0,True,10.0,0.5,additive,True
0.0045045045045045045,0.0,0.0,0.0,gaussian_noise,SKAB,fold_5,7,10,3,3,0.5,avg_negative_log,10,0.0,0.9,,1581,454,1781,0.0024812824092263026,True,0.0,True,10.0,0.5,additive,True
0.0045045045045045045,0.0,0.0,0.0,original,SKAB,fold_5,999,10,3,3,0.5,avg_negative_log,10,0.0,0.9,,1581,454,1781,0.0024812824092263026,True,0.0,True,10.0,0.5,additive,True
0.0045045045045045045,0.0,0.0,0.0,gaussian_noise,SKAB,fold_5,999,10,3,3,0.5,avg_negative_log,10,0.0,0.9,,1581,454,1781,0.0024812824092263026,True,0.0,True,10.0,0.5,additive,True
0.0045351473922902496,0.0,0.0,0.0,original,SKAB,fold_1,42,10,3,3,0.5,avg_negative_log,10,0.001,0.9,,1158,338,1304,0.0033315959979969547,True,0.0,True,10.0,0.5,additive,True
0.0045351473922902496,0.0,0.0,0.0,gaussian_noise,SKAB,fold_1,42,10,3,3,0.5,avg_negative_log,10,0.001,0.9,,1158,338,1304,0.0033315959979969547,True,0.0,True,10.0,0.5,additive,True
0.0045351473922902496,0.0,0.0,0.0,original,SKAB,fold_1,123,10,3,3,0.5,avg_negative_log,10,0.001,0.9,,1158,338,1304,0.0033315959979969547,True,0.0,True,10.0,0.5,additive,True
0.0045351473922902496,0.0,0.0,0.0,gaussian_noise,SKAB,fold_1,123,10,3,3,0.5,avg_negative_log,10,0.001,0.9,,1158,338,1304,0.0033315959979969547,True,0.0,True,10.0,0.5,additive,True
0.0045351473922902496,0.0,0.0,0.0,original,SKAB,fold_1,2026,10,3,3,0.5,avg_negative_log,10,0.001,0.9,,1158,338,1304,0.0033315959979969547,True,0.0,True,10.0,0.5,additive,True
0.0045351473922902496,0.0,0.0,0.0,gaussian_noise,SKAB,fold_1,2026,10,3,3,0.5,avg_negative_log,10,0.001,0.9,,1158,338,1304,0.0033315959979969547,True,0.0,True,10.0,0.5,additive,True
0.0045351473922902496,0.0,0.0,0.0,original,SKAB,fold_1,7,10,3,3,0.5,avg_negative_log,10,0.001,0.9,,1158,338,1304,0.0033315959979969547,True,0.0,True,10.0,0.5,additive,True
0.0045351473922902496,0.0,0.0,0.0,gaussian_noise,SKAB,fold_1,7,10,3,3,0.5,avg_negative_log,10,0.001,0.9,,1158,338,1304,0.0033315959979969547,True,0.0,True,10.0,0.5,additive,True
0.0045351473922902496,0.0,0.0,0.0,original,SKAB,fold_1,999,10,3,3,0.5,avg_negative_log,10,0.001,0.9,,1158,338,1304,0.0033315959979969547,True,0.0,True,10.0,0.5,additive,True
0.0045351473922902496,0.0,0.0,0.0,gaussian_noise,SKAB,fold_1,999,10,3,3,0.5,avg_negative_log,10,0.001,0.9,,1158,338,1304,0.0033315959979969547,True,0.0,True,10.0,0.5,additive,True
0.004555808656036446,0.0,0.0,0.0,original,SKAB,fold_2,42,10,3,3,0.5,avg_negative_log,10,0.001,0.9,,1531,456,1677,0.002402110763518856,True,0.0,True,10.0,0.5,additive,True
0.004555808656036446,0.0,0.0,0.0,gaussian_noise,SKAB,fold_2,42,10,3,3,0.5,avg_negative_log,10,0.001,0.9,,1531,456,1677,0.002402110763518856,True,0.0,True,10.0,0.5,additive,True
0.004555808656036446,0.0,0.0,0.0,original,SKAB,fold_2,123,10,3,3,0.5,avg_negative_log,10,0.001,0.9,,1531,456,1677,0.002402110763518856,True,0.0,True,10.0,0.5,additive,True
0.004555808656036446,0.0,0.0,0.0,gaussian_noise,SKAB,fold_2,123,10,3,3,0.5,avg_negative_log,10,0.001,0.9,,1531,456,1677,0.002402110763518856,True,0.0,True,10.0,0.5,additive,True
0.004555808656036446,0.0,0.0,0.0,original,SKAB,fold_2,2026,10,3,3,0.5,avg_negative_log,10,0.001,0.9,,1531,456,1677,0.002402110763518856,True,0.0,True,10.0,0.5,additive,True
0.004555808656036446,0.0,0.0,0.0,gaussian_noise,SKAB,fold_2,2026,10,3,3,0.5,avg_negative_log,10,0.001,0.9,,1531,456,1677,0.002402110763518856,True,0.0,True,10.0,0.5,additive,True
0.004555808656036446,0.0,0.0,0.0,original,SKAB,fold_2,7,10,3,3,0.5,avg_negative_log,10,0.001,0.9,,1531,456,1677,0.002402110763518856,True,0.0,True,10.0,0.5,additive,True
0.004555808656036446,0.0,0.0,0.0,gaussian_noise,SKAB,fold_2,7,10,3,3,0.5,avg_negative_log,10,0.001,0.9,,1531,456,1677,0.002402110763518856,True,0.0,True,10.0,0.5,additive,True
0.004555808656036446,0.0,0.0,0.0,original,SKAB,fold_2,999,10,3,3,0.5,avg_negative_log,10,0.001,0.9,,1531,456,1677,0.002402110763518856,True,0.0,True,10.0,0.5,additive,True
0.004555808656036446,0.0,0.0,0.0,gaussian_noise,SKAB,fold_2,999,10,3,3,0.5,avg_negative_log,10,0.001,0.9,,1531,456,1677,0.002402110763518856,True,0.0,True,10.0,0.5,additive,True
0.004555808656036446,0.0,0.0,0.0,original,SKAB,fold_3,42,10,3,3,0.5,avg_negative_log,10,0.001,0.9,,1539,455,1695,0.002420581367949789,True,0.0,True,10.0,0.5,additive,True
0.004555808656036446,0.0,0.0,0.0,gaussian_noise,SKAB,fold_3,42,10,3,3,0.5,avg_negative_log,10,0.001,0.9,,1539,455,1695,0.002420581367949789,True,0.0,True,10.0,0.5,additive,True
0.004555808656036446,0.0,0.0,0.0,original,SKAB,fold_3,123,10,3,3,0.5,avg_negative_log,10,0.001,0.9,,1539,455,1695,0.002420581367949789,True,0.0,True,10.0,0.5,additive,True
0.004555808656036446,0.0,0.0,0.0,gaussian_noise,SKAB,fold_3,123,10,3,3,0.5,avg_negative_log,10,0.001,0.9,,1539,455,1695,0.002420581367949789,True,0.0,True,10.0,0.5,additive,True
0.004555808656036446,0.0,0.0,0.0,original,SKAB,fold_3,2026,10,3,3,0.5,avg_negative_log,10,0.001,0.9,,1539,455,1695,0.002420581367949789,True,0.0,True,10.0,0.5,additive,True
0.004555808656036446,0.0,0.0,0.0,gaussian_noise,SKAB,fold_3,2026,10,3,3,0.5,avg_negative_log,10,0.001,0.9,,1539,455,1695,0.002420581367949789,True,0.0,True,10.0,0.5,additive,True
0.004555808656036446,0.0,0.0,0.0,original,SKAB,fold_3,7,10,3,3,0.5,avg_negative_log,10,0.001,0.9,,1539,455,1695,0.002420581367949789,True,0.0,True,10.0,0.5,additive,True
0.004555808656036446,0.0,0.0,0.0,gaussian_noise,SKAB,fold_3,7,10,3,3,0.5,avg_negative_log,10,0.001,0.9,,1539,455,1695,0.002420581367949789,True,0.0,True,10.0,0.5,additive,True
0.004555808656036446,0.0,0.0,0.0,original,SKAB,fold_3,999,10,3,3,0.5,avg_negative_log,10,0.001,0.9,,1539,455,1695,0.002420581367949789,True,0.0,True,10.0,0.5,additive,True
0.004555808656036446,0.0,0.0,0.0,gaussian_noise,SKAB,fold_3,999,10,3,3,0.5,avg_negative_log,10,0.001,0.9,,1539,455,1695,0.002420581367949789,True,0.0,True,10.0,0.5,additive,True
0.004618937644341801,0.0,0.0,0.0,original,SKAB,fold_4,42,10,3,3,0.5,avg_negative_log,10,0.001,0.9,,1526,443,1698,0.002511767438145138,True,0.0,True,10.0,0.5,additive,True
0.004618937644341801,0.0,0.0,0.0,gaussian_noise,SKAB,fold_4,42,10,3,3,0.5,avg_negative_log,10,0.001,0.9,,1526,443,1698,0.002511767438145138,True,0.0,True,10.0,0.5,additive,True
0.004618937644341801,0.0,0.0,0.0,original,SKAB,fold_4,123,10,3,3,0.5,avg_negative_log,10,0.001,0.9,,1526,443,1698,0.002511767438145138,True,0.0,True,10.0,0.5,additive,True
0.004618937644341801,0.0,0.0,0.0,gaussian_noise,SKAB,fold_4,123,10,3,3,0.5,avg_negative_log,10,0.001,0.9,,1526,443,1698,0.002511767438145138,True,0.0,True,10.0,0.5,additive,True
0.004618937644341801,0.0,0.0,0.0,original,SKAB,fold_4,2026,10,3,3,0.5,avg_negative_log,10,0.001,0.9,,1526,443,1698,0.002511767438145138,True,0.0,True,10.0,0.5,additive,True
0.004618937644341801,0.0,0.0,0.0,gaussian_noise,SKAB,fold_4,2026,10,3,3,0.5,avg_negative_log,10,0.001,0.9,,1526,443,1698,0.002511767438145138,True,0.0,True,10.0,0.5,additive,True
0.004618937644341801,0.0,0.0,0.0,original,SKAB,fold_4,7,10,3,3,0.5,avg_negative_log,10,0.001,0.9,,1526,443,1698,0.002511767438145138,True,0.0,True,10.0,0.5,additive,True
0.004618937644341801,0.0,0.0,0.0,gaussian_noise,SKAB,fold_4,7,10,3,3,0.5,avg_negative_log,10,0.001,0.9,,1526,443,1698,0.002511767438145138,True,0.0,True,10.0,0.5,additive,True
0.004618937644341801,0.0,0.0,0.0,original,SKAB,fold_4,999,10,3,3,0.5,avg_negative_log,10,0.001,0.9,,1526,443,1698,0.002511767438145138,True,0.0,True,10.0,0.5,additive,True
0.004618937644341801,0.0,0.0,0.0,gaussian_noise,SKAB,fold_4,999,10,3,3,0.5,avg_negative_log,10,0.001,0.9,,1526,443,1698,0.002511767438145138,True,0.0,True,10.0,0.5,additive,True
0.0045045045045045045,0.0,0.0,0.0,original,SKAB,fold_5,42,10,3,3,0.5,avg_negative_log,10,0.001,0.9,,1581,454,1781,0.0024812824092263026,True,0.0,True,10.0,0.5,additive,True
0.0045045045045045045,0.0,0.0,0.0,gaussian_noise,SKAB,fold_5,42,10,3,3,0.5,avg_negative_log,10,0.001,0.9,,1581,454,1781,0.0024812824092263026,True,0.0,True,10.0,0.5,additive,True
0.0045045045045045045,0.0,0.0,0.0,original,SKAB,fold_5,123,10,3,3,0.5,avg_negative_log,10,0.001,0.9,,1581,454,1781,0.0024812824092263026,True,0.0,True,10.0,0.5,additive,True
0.0045045045045045045,0.0,0.0,0.0,gaussian_noise,SKAB,fold_5,123,10,3,3,0.5,avg_negative_log,10,0.001,0.9,,1581,454,1781,0.0024812824092263026,True,0.0,True,10.0,0.5,additive,True
0.0045045045045045045,0.0,0.0,0.0,original,SKAB,fold_5,2026,10,3,3,0.5,avg_negative_log,10,0.001,0.9,,1581,454,1781,0.0024812824092263026,True,0.0,True,10.0,0.5,additive,True
0.0045045045045045045,0.0,0.0,0.0,gaussian_noise,SKAB,fold_5,2026,10,3,3,0.5,avg_negative_log,10,0.001,0.9,,1581,454,1781,0.0024812824092263026,True,0.0,True,10.0,0.5,additive,True
0.0045045045045045045,0.0,0.0,0.0,original,SKAB,fold_5,7,10,3,3,0.5,avg_negative_log,10,0.001,0.9,,1581,454,1781,0.0024812824092263026,True,0.0,True,10.0,0.5,additive,True
0.0045045045045045045,0.0,0.0,0.0,gaussian_noise,SKAB,fold_5,7,10,3,3,0.5,avg_negative_log,10,0.001,0.9,,1581,454,1781,0.0024812824092263026,True,0.0,True,10.0,0.5,additive,True
0.0045045045045045045,0.0,0.0,0.0,original,SKAB,fold_5,999,10,3,3,0.5,avg_negative_log,10,0.001,0.9,,1581,454,1781,0.0024812824092263026,True,0.0,True,10.0,0.5,additive,True
0.0045045045045045045,0.0,0.0,0.0,gaussian_noise,SKAB,fold_5,999,10,3,3,0.5,avg_negative_log,10,0.001,0.9,,1581,454,1781,0.0024812824092263026,True,0.0,True,10.0,0.5,additive,True
0.0045351473922902496,0.0,0.0,0.0,original,SKAB,fold_1,42,10,3,3,0.5,avg_negative_log,10,0.005,0.9,,1158,338,1304,0.0033315959979969547,True,0.0,True,10.0,0.5,additive,True
0.0045351473922902496,0.0,0.0,0.0,gaussian_noise,SKAB,fold_1,42,10,3,3,0.5,avg_negative_log,10,0.005,0.9,,1158,338,1304,0.0033315959979969547,True,0.0,True,10.0,0.5,additive,True
0.0045351473922902496,0.0,0.0,0.0,original,SKAB,fold_1,123,10,3,3,0.5,avg_negative_log,10,0.005,0.9,,1158,338,1304,0.0033315959979969547,True,0.0,True,10.0,0.5,additive,True
0.0045351473922902496,0.0,0.0,0.0,gaussian_noise,SKAB,fold_1,123,10,3,3,0.5,avg_negative_log,10,0.005,0.9,,1158,338,1304,0.0033315959979969547,True,0.0,True,10.0,0.5,additive,True
0.0045351473922902496,0.0,0.0,0.0,original,SKAB,fold_1,2026,10,3,3,0.5,avg_negative_log,10,0.005,0.9,,1158,338,1304,0.0033315959979969547,True,0.0,True,10.0,0.5,additive,True
0.0045351473922902496,0.0,0.0,0.0,gaussian_noise,SKAB,fold_1,2026,10,3,3,0.5,avg_negative_log,10,0.005,0.9,,1158,338,1304,0.0033315959979969547,True,0.0,True,10.0,0.5,additive,True
0.0045351473922902496,0.0,0.0,0.0,original,SKAB,fold_1,7,10,3,3,0.5,avg_negative_log,10,0.005,0.9,,1158,338,1304,0.0033315959979969547,True,0.0,True,10.0,0.5,additive,True
0.0045351473922902496,0.0,0.0,0.0,gaussian_noise,SKAB,fold_1,7,10,3,3,0.5,avg_negative_log,10,0.005,0.9,,1158,338,1304,0.0033315959979969547,True,0.0,True,10.0,0.5,additive,True
0.0045351473922902496,0.0,0.0,0.0,original,SKAB,fold_1,999,10,3,3,0.5,avg_negative_log,10,0.005,0.9,,1158,338,1304,0.0033315959979969547,True,0.0,True,10.0,0.5,additive,True
0.0045351473922902496,0.0,0.0,0.0,gaussian_noise,SKAB,fold_1,999,10,3,3,0.5,avg_negative_log,10,0.005,0.9,,1158,338,1304,0.0033315959979969547,True,0.0,True,10.0,0.5,additive,True
0.004555808656036446,0.0,0.0,0.0,original,SKAB,fold_2,42,10,3,3,0.5,avg_negative_log,10,0.005,0.9,,1531,456,1677,0.002402110763518856,True,0.0,True,10.0,0.5,additive,True
0.004555808656036446,0.0,0.0,0.0,gaussian_noise,SKAB,fold_2,42,10,3,3,0.5,avg_negative_log,10,0.005,0.9,,1531,456,1677,0.002402110763518856,True,0.0,True,10.0,0.5,additive,True
0.004555808656036446,0.0,0.0,0.0,original,SKAB,fold_2,123,10,3,3,0.5,avg_negative_log,10,0.005,0.9,,1531,456,1677,0.002402110763518856,True,0.0,True,10.0,0.5,additive,True
0.004555808656036446,0.0,0.0,0.0,gaussian_noise,SKAB,fold_2,123,10,3,3,0.5,avg_negative_log,10,0.005,0.9,,1531,456,1677,0.002402110763518856,True,0.0,True,10.0,0.5,additive,True
0.004555808656036446,0.0,0.0,0.0,original,SKAB,fold_2,2026,10,3,3,0.5,avg_negative_log,10,0.005,0.9,,1531,456,1677,0.002402110763518856,True,0.0,True,10.0,0.5,additive,True
0.004555808656036446,0.0,0.0,0.0,gaussian_noise,SKAB,fold_2,2026,10,3,3,0.5,avg_negative_log,10,0.005,0.9,,1531,456,1677,0.002402110763518856,True,0.0,True,10.0,0.5,additive,True
0.004555808656036446,0.0,0.0,0.0,original,SKAB,fold_2,7,10,3,3,0.5,avg_negative_log,10,0.005,0.9,,1531,456,1677,0.002402110763518856,True,0.0,True,10.0,0.5,additive,True
0.004555808656036446,0.0,0.0,0.0,gaussian_noise,SKAB,fold_2,7,10,3,3,0.5,avg_negative_log,10,0.005,0.9,,1531,456,1677,0.002402110763518856,True,0.0,True,10.0,0.5,additive,True
0.004555808656036446,0.0,0.0,0.0,original,SKAB,fold_2,999,10,3,3,0.5,avg_negative_log,10,0.005,0.9,,1531,456,1677,0.002402110763518856,True,0.0,True,10.0,0.5,additive,True
0.004555808656036446,0.0,0.0,0.0,gaussian_noise,SKAB,fold_2,999,10,3,3,0.5,avg_negative_log,10,0.005,0.9,,1531,456,1677,0.002402110763518856,True,0.0,True,10.0,0.5,additive,True
0.004555808656036446,0.0,0.0,0.0,original,SKAB,fold_3,42,10,3,3,0.5,avg_negative_log,10,0.005,0.9,,1539,455,1695,0.002420581367949789,True,0.0,True,10.0,0.5,additive,True
0.004555808656036446,0.0,0.0,0.0,gaussian_noise,SKAB,fold_3,42,10,3,3,0.5,avg_negative_log,10,0.005,0.9,,1539,455,1695,0.002420581367949789,True,0.0,True,10.0,0.5,additive,True
0.004555808656036446,0.0,0.0,0.0,original,SKAB,fold_3,123,10,3,3,0.5,avg_negative_log,10,0.005,0.9,,1539,455,1695,0.002420581367949789,True,0.0,True,10.0,0.5,additive,True
0.004555808656036446,0.0,0.0,0.0,gaussian_noise,SKAB,fold_3,123,10,3,3,0.5,avg_negative_log,10,0.005,0.9,,1539,455,1695,0.002420581367949789,True,0.0,True,10.0,0.5,additive,True
0.004555808656036446,0.0,0.0,0.0,original,SKAB,fold_3,2026,10,3,3,0.5,avg_negative_log,10,0.005,0.9,,1539,455,1695,0.002420581367949789,True,0.0,True,10.0,0.5,additive,True
0.004555808656036446,0.0,0.0,0.0,gaussian_noise,SKAB,fold_3,2026,10,3,3,0.5,avg_negative_log,10,0.005,0.9,,1539,455,1695,0.002420581367949789,True,0.0,True,10.0,0.5,additive,True
0.004555808656036446,0.0,0.0,0.0,original,SKAB,fold_3,7,10,3,3,0.5,avg_negative_log,10,0.005,0.9,,1539,455,1695,0.002420581367949789,True,0.0,True,10.0,0.5,additive,True
0.004555808656036446,0.0,0.0,0.0,gaussian_noise,SKAB,fold_3,7,10,3,3,0.5,avg_negative_log,10,0.005,0.9,,1539,455,1695,0.002420581367949789,True,0.0,True,10.0,0.5,additive,True
0.004555808656036446,0.0,0.0,0.0,original,SKAB,fold_3,999,10,3,3,0.5,avg_negative_log,10,0.005,0.9,,1539,455,1695,0.002420581367949789,True,0.0,True,10.0,0.5,additive,True
0.004555808656036446,0.0,0.0,0.0,gaussian_noise,SKAB,fold_3,999,10,3,3,0.5,avg_negative_log,10,0.005,0.9,,1539,455,1695,0.002420581367949789,True,0.0,True,10.0,0.5,additive,True
0.004618937644341801,0.0,0.0,0.0,original,SKAB,fold_4,42,10,3,3,0.5,avg_negative_log,10,0.005,0.9,,1526,443,1698,0.002511767438145138,True,0.0,True,10.0,0.5,additive,True
0.004618937644341801,0.0,0.0,0.0,gaussian_noise,SKAB,fold_4,42,10,3,3,0.5,avg_negative_log,10,0.005,0.9,,1526,443,1698,0.002511767438145138,True,0.0,True,10.0,0.5,additive,True
0.004618937644341801,0.0,0.0,0.0,original,SKAB,fold_4,123,10,3,3,0.5,avg_negative_log,10,0.005,0.9,,1526,443,1698,0.002511767438145138,True,0.0,True,10.0,0.5,additive,True
0.004618937644341801,0.0,0.0,0.0,gaussian_noise,SKAB,fold_4,123,10,3,3,0.5,avg_negative_log,10,0.005,0.9,,1526,443,1698,0.002511767438145138,True,0.0,True,10.0,0.5,additive,True
0.004618937644341801,0.0,0.0,0.0,original,SKAB,fold_4,2026,10,3,3,0.5,avg_negative_log,10,0.005,0.9,,1526,443,1698,0.002511767438145138,True,0.0,True,10.0,0.5,additive,True
0.004618937644341801,0.0,0.0,0.0,gaussian_noise,SKAB,fold_4,2026,10,3,3,0.5,avg_negative_log,10,0.005,0.9,,1526,443,1698,0.002511767438145138,True,0.0,True,10.0,0.5,additive,True
0.004618937644341801,0.0,0.0,0.0,original,SKAB,fold_4,7,10,3,3,0.5,avg_negative_log,10,0.005,0.9,,1526,443,1698,0.002511767438145138,True,0.0,True,10.0,0.5,additive,True
0.004618937644341801,0.0,0.0,0.0,gaussian_noise,SKAB,fold_4,7,10,3,3,0.5,avg_negative_log,10,0.005,0.9,,1526,443,1698,0.002511767438145138,True,0.0,True,10.0,0.5,additive,True
0.004618937644341801,0.0,0.0,0.0,original,SKAB,fold_4,999,10,3,3,0.5,avg_negative_log,10,0.005,0.9,,1526,443,1698,0.002511767438145138,True,0.0,True,10.0,0.5,additive,True
0.004618937644341801,0.0,0.0,0.0,gaussian_noise,SKAB,fold_4,999,10,3,3,0.5,avg_negative_log,10,0.005,0.9,,1526,443,1698,0.002511767438145138,True,0.0,True,10.0,0.5,additive,True
0.0045045045045045045,0.0,0.0,0.0,original,SKAB,fold_5,42,10,3,3,0.5,avg_negative_log,10,0.005,0.9,,1581,454,1781,0.0024812824092263026,True,0.0,True,10.0,0.5,additive,True
0.0045045045045045045,0.0,0.0,0.0,gaussian_noise,SKAB,fold_5,42,10,3,3,0.5,avg_negative_log,10,0.005,0.9,,1581,454,1781,0.0024812824092263026,True,0.0,True,10.0,0.5,additive,True
0.0045045045045045045,0.0,0.0,0.0,original,SKAB,fold_5,123,10,3,3,0.5,avg_negative_log,10,0.005,0.9,,1581,454,1781,0.0024812824092263026,True,0.0,True,10.0,0.5,additive,True
0.0045045045045045045,0.0,0.0,0.0,gaussian_noise,SKAB,fold_5,123,10,3,3,0.5,avg_negative_log,10,0.005,0.9,,1581,454,1781,0.0024812824092263026,True,0.0,True,10.0,0.5,additive,True
0.0045045045045045045,0.0,0.0,0.0,original,SKAB,fold_5,2026,10,3,3,0.5,avg_negative_log,10,0.005,0.9,,1581,454,1781,0.0024812824092263026,True,0.0,True,10.0,0.5,additive,True
0.0045045045045045045,0.0,0.0,0.0,gaussian_noise,SKAB,fold_5,2026,10,3,3,0.5,avg_negative_log,10,0.005,0.9,,1581,454,1781,0.0024812824092263026,True,0.0,True,10.0,0.5,additive,True
0.0045045045045045045,0.0,0.0,0.0,original,SKAB,fold_5,7,10,3,3,0.5,avg_negative_log,10,0.005,0.9,,1581,454,1781,0.0024812824092263026,True,0.0,True,10.0,0.5,additive,True
0.0045045045045045045,0.0,0.0,0.0,gaussian_noise,SKAB,fold_5,7,10,3,3,0.5,avg_negative_log,10,0.005,0.9,,1581,454,1781,0.0024812824092263026,True,0.0,True,10.0,0.5,additive,True
0.0045045045045045045,0.0,0.0,0.0,original,SKAB,fold_5,999,10,3,3,0.5,avg_negative_log,10,0.005,0.9,,1581,454,1781,0.0024812824092263026,True,0.0,True,10.0,0.5,additive,True
0.0045045045045045045,0.0,0.0,0.0,gaussian_noise,SKAB,fold_5,999,10,3,3,0.5,avg_negative_log,10,0.005,0.9,,1581,454,1781,0.0024812824092263026,True,0.0,True,10.0,0.5,additive,True
0.0045351473922902496,0.0,0.0,0.0,original,SKAB,fold_1,42,10,3,3,0.5,avg_negative_log,10,0.01,0.9,,1158,338,1304,0.0033315959979969547,True,0.0,True,10.0,0.5,additive,True
0.0045351473922902496,0.0,0.0,0.0,gaussian_noise,SKAB,fold_1,42,10,3,3,0.5,avg_negative_log,10,0.01,0.9,,1158,338,1304,0.0033315959979969547,True,0.0,True,10.0,0.5,additive,True
0.0045351473922902496,0.0,0.0,0.0,original,SKAB,fold_1,123,10,3,3,0.5,avg_negative_log,10,0.01,0.9,,1158,338,1304,0.0033315959979969547,True,0.0,True,10.0,0.5,additive,True
0.0045351473922902496,0.0,0.0,0.0,gaussian_noise,SKAB,fold_1,123,10,3,3,0.5,avg_negative_log,10,0.01,0.9,,1158,338,1304,0.0033315959979969547,True,0.0,True,10.0,0.5,additive,True
0.0045351473922902496,0.0,0.0,0.0,original,SKAB,fold_1,2026,10,3,3,0.5,avg_negative_log,10,0.01,0.9,,1158,338,1304,0.0033315959979969547,True,0.0,True,10.0,0.5,additive,True
0.0045351473922902496,0.0,0.0,0.0,gaussian_noise,SKAB,fold_1,2026,10,3,3,0.5,avg_negative_log,10,0.01,0.9,,1158,338,1304,0.0033315959979969547,True,0.0,True,10.0,0.5,additive,True
0.0045351473922902496,0.0,0.0,0.0,original,SKAB,fold_1,7,10,3,3,0.5,avg_negative_log,10,0.01,0.9,,1158,338,1304,0.0033315959979969547,True,0.0,True,10.0,0.5,additive,True
0.0045351473922902496,0.0,0.0,0.0,gaussian_noise,SKAB,fold_1,7,10,3,3,0.5,avg_negative_log,10,0.01,0.9,,1158,338,1304,0.0033315959979969547,True,0.0,True,10.0,0.5,additive,True
0.0045351473922902496,0.0,0.0,0.0,original,SKAB,fold_1,999,10,3,3,0.5,avg_negative_log,10,0.01,0.9,,1158,338,1304,0.0033315959979969547,True,0.0,True,10.0,0.5,additive,True
0.0045351473922902496,0.0,0.0,0.0,gaussian_noise,SKAB,fold_1,999,10,3,3,0.5,avg_negative_log,10,0.01,0.9,,1158,338,1304,0.0033315959979969547,True,0.0,True,10.0,0.5,additive,True
0.004555808656036446,0.0,0.0,0.0,original,SKAB,fold_2,42,10,3,3,0.5,avg_negative_log,10,0.01,0.9,,1531,456,1677,0.002402110763518856,True,0.0,True,10.0,0.5,additive,True
0.004555808656036446,0.0,0.0,0.0,gaussian_noise,SKAB,fold_2,42,10,3,3,0.5,avg_negative_log,10,0.01,0.9,,1531,456,1677,0.002402110763518856,True,0.0,True,10.0,0.5,additive,True
0.004555808656036446,0.0,0.0,0.0,original,SKAB,fold_2,123,10,3,3,0.5,avg_negative_log,10,0.01,0.9,,1531,456,1677,0.002402110763518856,True,0.0,True,10.0,0.5,additive,True
0.004555808656036446,0.0,0.0,0.0,gaussian_noise,SKAB,fold_2,123,10,3,3,0.5,avg_negative_log,10,0.01,0.9,,1531,456,1677,0.002402110763518856,True,0.0,True,10.0,0.5,additive,True
0.004555808656036446,0.0,0.0,0.0,original,SKAB,fold_2,2026,10,3,3,0.5,avg_negative_log,10,0.01,0.9,,1531,456,1677,0.002402110763518856,True,0.0,True,10.0,0.5,additive,True
0.004555808656036446,0.0,0.0,0.0,gaussian_noise,SKAB,fold_2,2026,10,3,3,0.5,avg_negative_log,10,0.01,0.9,,1531,456,1677,0.002402110763518856,True,0.0,True,10.0,0.5,additive,True
0.004555808656036446,0.0,0.0,0.0,original,SKAB,fold_2,7,10,3,3,0.5,avg_negative_log,10,0.01,0.9,,1531,456,1677,0.002402110763518856,True,0.0,True,10.0,0.5,additive,True
0.004555808656036446,0.0,0.0,0.0,gaussian_noise,SKAB,fold_2,7,10,3,3,0.5,avg_negative_log,10,0.01,0.9,,1531,456,1677,0.002402110763518856,True,0.0,True,10.0,0.5,additive,True
0.004555808656036446,0.0,0.0,0.0,original,SKAB,fold_2,999,10,3,3,0.5,avg_negative_log,10,0.01,0.9,,1531,456,1677,0.002402110763518856,True,0.0,True,10.0,0.5,additive,True
0.004555808656036446,0.0,0.0,0.0,gaussian_noise,SKAB,fold_2,999,10,3,3,0.5,avg_negative_log,10,0.01,0.9,,1531,456,1677,0.002402110763518856,True,0.0,True,10.0,0.5,additive,True
0.004555808656036446,0.0,0.0,0.0,original,SKAB,fold_3,42,10,3,3,0.5,avg_negative_log,10,0.01,0.9,,1539,455,1695,0.002420581367949789,True,0.0,True,10.0,0.5,additive,True
0.004555808656036446,0.0,0.0,0.0,gaussian_noise,SKAB,fold_3,42,10,3,3,0.5,avg_negative_log,10,0.01,0.9,,1539,455,1695,0.002420581367949789,True,0.0,True,10.0,0.5,additive,True
0.004555808656036446,0.0,0.0,0.0,original,SKAB,fold_3,123,10,3,3,0.5,avg_negative_log,10,0.01,0.9,,1539,455,1695,0.002420581367949789,True,0.0,True,10.0,0.5,additive,True
0.004555808656036446,0.0,0.0,0.0,gaussian_noise,SKAB,fold_3,123,10,3,3,0.5,avg_negative_log,10,0.01,0.9,,1539,455,1695,0.002420581367949789,True,0.0,True,10.0,0.5,additive,True
0.004555808656036446,0.0,0.0,0.0,original,SKAB,fold_3,2026,10,3,3,0.5,avg_negative_log,10,0.01,0.9,,1539,455,1695,0.002420581367949789,True,0.0,True,10.0,0.5,additive,True
0.004555808656036446,0.0,0.0,0.0,gaussian_noise,SKAB,fold_3,2026,10,3,3,0.5,avg_negative_log,10,0.01,0.9,,1539,455,1695,0.002420581367949789,True,0.0,True,10.0,0.5,additive,True
0.004555808656036446,0.0,0.0,0.0,original,SKAB,fold_3,7,10,3,3,0.5,avg_negative_log,10,0.01,0.9,,1539,455,1695,0.002420581367949789,True,0.0,True,10.0,0.5,additive,True
0.004555808656036446,0.0,0.0,0.0,gaussian_noise,SKAB,fold_3,7,10,3,3,0.5,avg_negative_log,10,0.01,0.9,,1539,455,1695,0.002420581367949789,True,0.0,True,10.0,0.5,additive,True
0.004555808656036446,0.0,0.0,0.0,original,SKAB,fold_3,999,10,3,3,0.5,avg_negative_log,10,0.01,0.9,,1539,455,1695,0.002420581367949789,True,0.0,True,10.0,0.5,additive,True
0.004555808656036446,0.0,0.0,0.0,gaussian_noise,SKAB,fold_3,999,10,3,3,0.5,avg_negative_log,10,0.01,0.9,,1539,455,1695,0.002420581367949789,True,0.0,True,10.0,0.5,additive,True
0.004618937644341801,0.0,0.0,0.0,original,SKAB,fold_4,42,10,3,3,0.5,avg_negative_log,10,0.01,0.9,,1526,443,1698,0.002511767438145138,True,0.0,True,10.0,0.5,additive,True
0.004618937644341801,0.0,0.0,0.0,gaussian_noise,SKAB,fold_4,42,10,3,3,0.5,avg_negative_log,10,0.01,0.9,,1526,443,1698,0.002511767438145138,True,0.0,True,10.0,0.5,additive,True
0.004618937644341801,0.0,0.0,0.0,original,SKAB,fold_4,123,10,3,3,0.5,avg_negative_log,10,0.01,0.9,,1526,443,1698,0.002511767438145138,True,0.0,True,10.0,0.5,additive,True
0.004618937644341801,0.0,0.0,0.0,gaussian_noise,SKAB,fold_4,123,10,3,3,0.5,avg_negative_log,10,0.01,0.9,,1526,443,1698,0.002511767438145138,True,0.0,True,10.0,0.5,additive,True
0.004618937644341801,0.0,0.0,0.0,original,SKAB,fold_4,2026,10,3,3,0.5,avg_negative_log,10,0.01,0.9,,1526,443,1698,0.002511767438145138,True,0.0,True,10.0,0.5,additive,True
0.004618937644341801,0.0,0.0,0.0,gaussian_noise,SKAB,fold_4,2026,10,3,3,0.5,avg_negative_log,10,0.01,0.9,,1526,443,1698,0.002511767438145138,True,0.0,True,10.0,0.5,additive,True
0.004618937644341801,0.0,0.0,0.0,original,SKAB,fold_4,7,10,3,3,0.5,avg_negative_log,10,0.01,0.9,,1526,443,1698,0.002511767438145138,True,0.0,True,10.0,0.5,additive,True
0.004618937644341801,0.0,0.0,0.0,gaussian_noise,SKAB,fold_4,7,10,3,3,0.5,avg_negative_log,10,0.01,0.9,,1526,443,1698,0.002511767438145138,True,0.0,True,10.0,0.5,additive,True
0.004618937644341801,0.0,0.0,0.0,original,SKAB,fold_4,999,10,3,3,0.5,avg_negative_log,10,0.01,0.9,,1526,443,1698,0.002511767438145138,True,0.0,True,10.0,0.5,additive,True
0.004618937644341801,0.0,0.0,0.0,gaussian_noise,SKAB,fold_4,999,10,3,3,0.5,avg_negative_log,10,0.01,0.9,,1526,443,1698,0.002511767438145138,True,0.0,True,10.0,0.5,additive,True
0.0045045045045045045,0.0,0.0,0.0,original,SKAB,fold_5,42,10,3,3,0.5,avg_negative_log,10,0.01,0.9,,1581,454,1781,0.0024812824092263026,True,0.0,True,10.0,0.5,additive,True
0.0045045045045045045,0.0,0.0,0.0,gaussian_noise,SKAB,fold_5,42,10,3,3,0.5,avg_negative_log,10,0.01,0.9,,1581,454,1781,0.0024812824092263026,True,0.0,True,10.0,0.5,additive,True
0.0045045045045045045,0.0,0.0,0.0,original,SKAB,fold_5,123,10,3,3,0.5,avg_negative_log,10,0.01,0.9,,1581,454,1781,0.0024812824092263026,True,0.0,True,10.0,0.5,additive,True
0.0045045045045045045,0.0,0.0,0.0,gaussian_noise,SKAB,fold_5,123,10,3,3,0.5,avg_negative_log,10,0.01,0.9,,1581,454,1781,0.0024812824092263026,True,0.0,True,10.0,0.5,additive,True
0.0045045045045045045,0.0,0.0,0.0,original,SKAB,fold_5,2026,10,3,3,0.5,avg_negative_log,10,0.01,0.9,,1581,454,1781,0.0024812824092263026,True,0.0,True,10.0,0.5,additive,True
0.0045045045045045045,0.0,0.0,0.0,gaussian_noise,SKAB,fold_5,2026,10,3,3,0.5,avg_negative_log,10,0.01,0.9,,1581,454,1781,0.0024812824092263026,True,0.0,True,10.0,0.5,additive,True
0.0045045045045045045,0.0,0.0,0.0,original,SKAB,fold_5,7,10,3,3,0.5,avg_negative_log,10,0.01,0.9,,1581,454,1781,0.0024812824092263026,True,0.0,True,10.0,0.5,additive,True
0.0045045045045045045,0.0,0.0,0.0,gaussian_noise,SKAB,fold_5,7,10,3,3,0.5,avg_negative_log,10,0.01,0.9,,1581,454,1781,0.0024812824092263026,True,0.0,True,10.0,0.5,additive,True
0.0045045045045045045,0.0,0.0,0.0,original,SKAB,fold_5,999,10,3,3,0.5,avg_negative_log,10,0.01,0.9,,1581,454,1781,0.0024812824092263026,True,0.0,True,10.0,0.5,additive,True
0.0045045045045045045,0.0,0.0,0.0,gaussian_noise,SKAB,fold_5,999,10,3,3,0.5,avg_negative_log,10,0.01,0.9,,1581,454,1781,0.0024812824092263026,True,0.0,True,10.0,0.5,additive,True
0.0045351473922902496,0.0,0.0,0.0,original,SKAB,fold_1,42,10,3,3,0.5,avg_negative_log,10,0.05,0.9,,1158,338,1304,0.0033315959979969547,True,0.0,True,10.0,0.5,additive,True
0.0045351473922902496,0.0,0.0,0.0,gaussian_noise,SKAB,fold_1,42,10,3,3,0.5,avg_negative_log,10,0.05,0.9,,1158,338,1304,0.0033315959979969547,True,0.0,True,10.0,0.5,additive,True
0.0045351473922902496,0.0,0.0,0.0,original,SKAB,fold_1,123,10,3,3,0.5,avg_negative_log,10,0.05,0.9,,1158,338,1304,0.0033315959979969547,True,0.0,True,10.0,0.5,additive,True
0.0045351473922902496,0.0,0.0,0.0,gaussian_noise,SKAB,fold_1,123,10,3,3,0.5,avg_negative_log,10,0.05,0.9,,1158,338,1304,0.0033315959979969547,True,0.0,True,10.0,0.5,additive,True
0.0045351473922902496,0.0,0.0,0.0,original,SKAB,fold_1,2026,10,3,3,0.5,avg_negative_log,10,0.05,0.9,,1158,338,1304,0.0033315959979969547,True,0.0,True,10.0,0.5,additive,True
0.0045351473922902496,0.0,0.0,0.0,gaussian_noise,SKAB,fold_1,2026,10,3,3,0.5,avg_negative_log,10,0.05,0.9,,1158,338,1304,0.0033315959979969547,True,0.0,True,10.0,0.5,additive,True
0.0045351473922902496,0.0,0.0,0.0,original,SKAB,fold_1,7,10,3,3,0.5,avg_negative_log,10,0.05,0.9,,1158,338,1304,0.0033315959979969547,True,0.0,True,10.0,0.5,additive,True
0.0045351473922902496,0.0,0.0,0.0,gaussian_noise,SKAB,fold_1,7,10,3,3,0.5,avg_negative_log,10,0.05,0.9,,1158,338,1304,0.0033315959979969547,True,0.0,True,10.0,0.5,additive,True
0.0045351473922902496,0.0,0.0,0.0,original,SKAB,fold_1,999,10,3,3,0.5,avg_negative_log,10,0.05,0.9,,1158,338,1304,0.0033315959979969547,True,0.0,True,10.0,0.5,additive,True
0.0045351473922902496,0.0,0.0,0.0,gaussian_noise,SKAB,fold_1,999,10,3,3,0.5,avg_negative_log,10,0.05,0.9,,1158,338,1304,0.0033315959979969547,True,0.0,True,10.0,0.5,additive,True
0.004555808656036446,0.0,0.0,0.0,original,SKAB,fold_2,42,10,3,3,0.5,avg_negative_log,10,0.05,0.9,,1531,456,1677,0.002402110763518856,True,0.0,True,10.0,0.5,additive,True
0.004555808656036446,0.0,0.0,0.0,gaussian_noise,SKAB,fold_2,42,10,3,3,0.5,avg_negative_log,10,0.05,0.9,,1531,456,1677,0.002402110763518856,True,0.0,True,10.0,0.5,additive,True
0.004555808656036446,0.0,0.0,0.0,original,SKAB,fold_2,123,10,3,3,0.5,avg_negative_log,10,0.05,0.9,,1531,456,1677,0.002402110763518856,True,0.0,True,10.0,0.5,additive,True
0.004555808656036446,0.0,0.0,0.0,gaussian_noise,SKAB,fold_2,123,10,3,3,0.5,avg_negative_log,10,0.05,0.9,,1531,456,1677,0.002402110763518856,True,0.0,True,10.0,0.5,additive,True
0.004555808656036446,0.0,0.0,0.0,original,SKAB,fold_2,2026,10,3,3,0.5,avg_negative_log,10,0.05,0.9,,1531,456,1677,0.002402110763518856,True,0.0,True,10.0,0.5,additive,True
0.004555808656036446,0.0,0.0,0.0,gaussian_noise,SKAB,fold_2,2026,10,3,3,0.5,avg_negative_log,10,0.05,0.9,,1531,456,1677,0.002402110763518856,True,0.0,True,10.0,0.5,additive,True
0.004555808656036446,0.0,0.0,0.0,original,SKAB,fold_2,7,10,3,3,0.5,avg_negative_log,10,0.05,0.9,,1531,456,1677,0.002402110763518856,True,0.0,True,10.0,0.5,additive,True
0.004555808656036446,0.0,0.0,0.0,gaussian_noise,SKAB,fold_2,7,10,3,3,0.5,avg_negative_log,10,0.05,0.9,,1531,456,1677,0.002402110763518856,True,0.0,True,10.0,0.5,additive,True
0.004555808656036446,0.0,0.0,0.0,original,SKAB,fold_2,999,10,3,3,0.5,avg_negative_log,10,0.05,0.9,,1531,456,1677,0.002402110763518856,True,0.0,True,10.0,0.5,additive,True
0.004555808656036446,0.0,0.0,0.0,gaussian_noise,SKAB,fold_2,999,10,3,3,0.5,avg_negative_log,10,0.05,0.9,,1531,456,1677,0.002402110763518856,True,0.0,True,10.0,0.5,additive,True
0.004555808656036446,0.0,0.0,0.0,original,SKAB,fold_3,42,10,3,3,0.5,avg_negative_log,10,0.05,0.9,,1539,455,1695,0.002420581367949789,True,0.0,True,10.0,0.5,additive,True
0.004555808656036446,0.0,0.0,0.0,gaussian_noise,SKAB,fold_3,42,10,3,3,0.5,avg_negative_log,10,0.05,0.9,,1539,455,1695,0.002420581367949789,True,0.0,True,10.0,0.5,additive,True
0.004555808656036446,0.0,0.0,0.0,original,SKAB,fold_3,123,10,3,3,0.5,avg_negative_log,10,0.05,0.9,,1539,455,1695,0.002420581367949789,True,0.0,True,10.0,0.5,additive,True
0.004555808656036446,0.0,0.0,0.0,gaussian_noise,SKAB,fold_3,123,10,3,3,0.5,avg_negative_log,10,0.05,0.9,,1539,455,1695,0.002420581367949789,True,0.0,True,10.0,0.5,additive,True
0.004555808656036446,0.0,0.0,0.0,original,SKAB,fold_3,2026,10,3,3,0.5,avg_negative_log,10,0.05,0.9,,1539,455,1695,0.002420581367949789,True,0.0,True,10.0,0.5,additive,True
0.004555808656036446,0.0,0.0,0.0,gaussian_noise,SKAB,fold_3,2026,10,3,3,0.5,avg_negative_log,10,0.05,0.9,,1539,455,1695,0.002420581367949789,True,0.0,True,10.0,0.5,additive,True
0.004555808656036446,0.0,0.0,0.0,original,SKAB,fold_3,7,10,3,3,0.5,avg_negative_log,10,0.05,0.9,,1539,455,1695,0.002420581367949789,True,0.0,True,10.0,0.5,additive,True
0.004555808656036446,0.0,0.0,0.0,gaussian_noise,SKAB,fold_3,7,10,3,3,0.5,avg_negative_log,10,0.05,0.9,,1539,455,1695,0.002420581367949789,True,0.0,True,10.0,0.5,additive,True
0.004555808656036446,0.0,0.0,0.0,original,SKAB,fold_3,999,10,3,3,0.5,avg_negative_log,10,0.05,0.9,,1539,455,1695,0.002420581367949789,True,0.0,True,10.0,0.5,additive,True
0.004555808656036446,0.0,0.0,0.0,gaussian_noise,SKAB,fold_3,999,10,3,3,0.5,avg_negative_log,10,0.05,0.9,,1539,455,1695,0.002420581367949789,True,0.0,True,10.0,0.5,additive,True
0.004618937644341801,0.0,0.0,0.0,original,SKAB,fold_4,42,10,3,3,0.5,avg_negative_log,10,0.05,0.9,,1526,443,1698,0.002511767438145138,True,0.0,True,10.0,0.5,additive,True
0.004618937644341801,0.0,0.0,0.0,gaussian_noise,SKAB,fold_4,42,10,3,3,0.5,avg_negative_log,10,0.05,0.9,,1526,443,1698,0.002511767438145138,True,0.0,True,10.0,0.5,additive,True
0.004618937644341801,0.0,0.0,0.0,original,SKAB,fold_4,123,10,3,3,0.5,avg_negative_log,10,0.05,0.9,,1526,443,1698,0.002511767438145138,True,0.0,True,10.0,0.5,additive,True
0.004618937644341801,0.0,0.0,0.0,gaussian_noise,SKAB,fold_4,123,10,3,3,0.5,avg_negative_log,10,0.05,0.9,,1526,443,1698,0.002511767438145138,True,0.0,True,10.0,0.5,additive,True
0.004618937644341801,0.0,0.0,0.0,original,SKAB,fold_4,2026,10,3,3,0.5,avg_negative_log,10,0.05,0.9,,1526,443,1698,0.002511767438145138,True,0.0,True,10.0,0.5,additive,True
0.004618937644341801,0.0,0.0,0.0,gaussian_noise,SKAB,fold_4,2026,10,3,3,0.5,avg_negative_log,10,0.05,0.9,,1526,443,1698,0.002511767438145138,True,0.0,True,10.0,0.5,additive,True
0.004618937644341801,0.0,0.0,0.0,original,SKAB,fold_4,7,10,3,3,0.5,avg_negative_log,10,0.05,0.9,,1526,443,1698,0.002511767438145138,True,0.0,True,10.0,0.5,additive,True
0.004618937644341801,0.0,0.0,0.0,gaussian_noise,SKAB,fold_4,7,10,3,3,0.5,avg_negative_log,10,0.05,0.9,,1526,443,1698,0.002511767438145138,True,0.0,True,10.0,0.5,additive,True
0.004618937644341801,0.0,0.0,0.0,original,SKAB,fold_4,999,10,3,3,0.5,avg_negative_log,10,0.05,0.9,,1526,443,1698,0.002511767438145138,True,0.0,True,10.0,0.5,additive,True
0.004618937644341801,0.0,0.0,0.0,gaussian_noise,SKAB,fold_4,999,10,3,3,0.5,avg_negative_log,10,0.05,0.9,,1526,443,1698,0.002511767438145138,True,0.0,True,10.0,0.5,additive,True
0.0045045045045045045,0.0,0.0,0.0,original,SKAB,fold_5,42,10,3,3,0.5,avg_negative_log,10,0.05,0.9,,1581,454,1781,0.0024812824092263026,True,0.0,True,10.0,0.5,additive,True
0.0045045045045045045,0.0,0.0,0.0,gaussian_noise,SKAB,fold_5,42,10,3,3,0.5,avg_negative_log,10,0.05,0.9,,1581,454,1781,0.0024812824092263026,True,0.0,True,10.0,0.5,additive,True
0.0045045045045045045,0.0,0.0,0.0,original,SKAB,fold_5,123,10,3,3,0.5,avg_negative_log,10,0.05,0.9,,1581,454,1781,0.0024812824092263026,True,0.0,True,10.0,0.5,additive,True
0.0045045045045045045,0.0,0.0,0.0,gaussian_noise,SKAB,fold_5,123,10,3,3,0.5,avg_negative_log,10,0.05,0.9,,1581,454,1781,0.0024812824092263026,True,0.0,True,10.0,0.5,additive,True
0.0045045045045045045,0.0,0.0,0.0,original,SKAB,fold_5,2026,10,3,3,0.5,avg_negative_log,10,0.05,0.9,,1581,454,1781,0.0024812824092263026,True,0.0,True,10.0,0.5,additive,True
0.0045045045045045045,0.0,0.0,0.0,gaussian_noise,SKAB,fold_5,2026,10,3,3,0.5,avg_negative_log,10,0.05,0.9,,1581,454,1781,0.0024812824092263026,True,0.0,True,10.0,0.5,additive,True
0.0045045045045045045,0.0,0.0,0.0,original,SKAB,fold_5,7,10,3,3,0.5,avg_negative_log,10,0.05,0.9,,1581,454,1781,0.0024812824092263026,True,0.0,True,10.0,0.5,additive,True
0.0045045045045045045,0.0,0.0,0.0,gaussian_noise,SKAB,fold_5,7,10,3,3,0.5,avg_negative_log,10,0.05,0.9,,1581,454,1781,0.0024812824092263026,True,0.0,True,10.0,0.5,additive,True
0.0045045045045045045,0.0,0.0,0.0,original,SKAB,fold_5,999,10,3,3,0.5,avg_negative_log,10,0.05,0.9,,1581,454,1781,0.0024812824092263026,True,0.0,True,10.0,0.5,additive,True
0.0045045045045045045,0.0,0.0,0.0,gaussian_noise,SKAB,fold_5,999,10,3,3,0.5,avg_negative_log,10,0.05,0.9,,1581,454,1781,0.0024812824092263026,True,0.0,True,10.0,0.5,additive,True
0.0045351473922902496,0.0,0.0,0.0,original,SKAB,fold_1,42,10,3,3,0.5,avg_negative_log,10,0.1054,0.9,,1158,338,1304,0.0033315959979969547,True,0.0,True,10.0,0.5,additive,True
0.0045351473922902496,0.0,0.0,0.0,gaussian_noise,SKAB,fold_1,42,10,3,3,0.5,avg_negative_log,10,0.1054,0.9,,1158,338,1304,0.0033315959979969547,True,0.0,True,10.0,0.5,additive,True
0.0045351473922902496,0.0,0.0,0.0,original,SKAB,fold_1,123,10,3,3,0.5,avg_negative_log,10,0.1054,0.9,,1158,338,1304,0.0033315959979969547,True,0.0,True,10.0,0.5,additive,True
0.0045351473922902496,0.0,0.0,0.0,gaussian_noise,SKAB,fold_1,123,10,3,3,0.5,avg_negative_log,10,0.1054,0.9,,1158,338,1304,0.0033315959979969547,True,0.0,True,10.0,0.5,additive,True
0.0045351473922902496,0.0,0.0,0.0,original,SKAB,fold_1,2026,10,3,3,0.5,avg_negative_log,10,0.1054,0.9,,1158,338,1304,0.0033315959979969547,True,0.0,True,10.0,0.5,additive,True
0.0045351473922902496,0.0,0.0,0.0,gaussian_noise,SKAB,fold_1,2026,10,3,3,0.5,avg_negative_log,10,0.1054,0.9,,1158,338,1304,0.0033315959979969547,True,0.0,True,10.0,0.5,additive,True
0.0045351473922902496,0.0,0.0,0.0,original,SKAB,fold_1,7,10,3,3,0.5,avg_negative_log,10,0.1054,0.9,,1158,338,1304,0.0033315959979969547,True,0.0,True,10.0,0.5,additive,True
0.0045351473922902496,0.0,0.0,0.0,gaussian_noise,SKAB,fold_1,7,10,3,3,0.5,avg_negative_log,10,0.1054,0.9,,1158,338,1304,0.0033315959979969547,True,0.0,True,10.0,0.5,additive,True
0.0045351473922902496,0.0,0.0,0.0,original,SKAB,fold_1,999,10,3,3,0.5,avg_negative_log,10,0.1054,0.9,,1158,338,1304,0.0033315959979969547,True,0.0,True,10.0,0.5,additive,True
0.0045351473922902496,0.0,0.0,0.0,gaussian_noise,SKAB,fold_1,999,10,3,3,0.5,avg_negative_log,10,0.1054,0.9,,1158,338,1304,0.0033315959979969547,True,0.0,True,10.0,0.5,additive,True
0.004555808656036446,0.0,0.0,0.0,original,SKAB,fold_2,42,10,3,3,0.5,avg_negative_log,10,0.1054,0.9,,1531,456,1677,0.002402110763518856,True,0.0,True,10.0,0.5,additive,True
0.004555808656036446,0.0,0.0,0.0,gaussian_noise,SKAB,fold_2,42,10,3,3,0.5,avg_negative_log,10,0.1054,0.9,,1531,456,1677,0.002402110763518856,True,0.0,True,10.0,0.5,additive,True
0.004555808656036446,0.0,0.0,0.0,original,SKAB,fold_2,123,10,3,3,0.5,avg_negative_log,10,0.1054,0.9,,1531,456,1677,0.002402110763518856,True,0.0,True,10.0,0.5,additive,True
0.004555808656036446,0.0,0.0,0.0,gaussian_noise,SKAB,fold_2,123,10,3,3,0.5,avg_negative_log,10,0.1054,0.9,,1531,456,1677,0.002402110763518856,True,0.0,True,10.0,0.5,additive,True
0.004555808656036446,0.0,0.0,0.0,original,SKAB,fold_2,2026,10,3,3,0.5,avg_negative_log,10,0.1054,0.9,,1531,456,1677,0.002402110763518856,True,0.0,True,10.0,0.5,additive,True
0.004555808656036446,0.0,0.0,0.0,gaussian_noise,SKAB,fold_2,2026,10,3,3,0.5,avg_negative_log,10,0.1054,0.9,,1531,456,1677,0.002402110763518856,True,0.0,True,10.0,0.5,additive,True
0.004555808656036446,0.0,0.0,0.0,original,SKAB,fold_2,7,10,3,3,0.5,avg_negative_log,10,0.1054,0.9,,1531,456,1677,0.002402110763518856,True,0.0,True,10.0,0.5,additive,True
0.004555808656036446,0.0,0.0,0.0,gaussian_noise,SKAB,fold_2,7,10,3,3,0.5,avg_negative_log,10,0.1054,0.9,,1531,456,1677,0.002402110763518856,True,0.0,True,10.0,0.5,additive,True
0.004555808656036446,0.0,0.0,0.0,original,SKAB,fold_2,999,10,3,3,0.5,avg_negative_log,10,0.1054,0.9,,1531,456,1677,0.002402110763518856,True,0.0,True,10.0,0.5,additive,True
0.004555808656036446,0.0,0.0,0.0,gaussian_noise,SKAB,fold_2,999,10,3,3,0.5,avg_negative_log,10,0.1054,0.9,,1531,456,1677,0.002402110763518856,True,0.0,True,10.0,0.5,additive,True
0.004555808656036446,0.0,0.0,0.0,original,SKAB,fold_3,42,10,3,3,0.5,avg_negative_log,10,0.1054,0.9,,1539,455,1695,0.002420581367949789,True,0.0,True,10.0,0.5,additive,True
0.004555808656036446,0.0,0.0,0.0,gaussian_noise,SKAB,fold_3,42,10,3,3,0.5,avg_negative_log,10,0.1054,0.9,,1539,455,1695,0.002420581367949789,True,0.0,True,10.0,0.5,additive,True
0.004555808656036446,0.0,0.0,0.0,original,SKAB,fold_3,123,10,3,3,0.5,avg_negative_log,10,0.1054,0.9,,1539,455,1695,0.002420581367949789,True,0.0,True,10.0,0.5,additive,True
0.004555808656036446,0.0,0.0,0.0,gaussian_noise,SKAB,fold_3,123,10,3,3,0.5,avg_negative_log,10,0.1054,0.9,,1539,455,1695,0.002420581367949789,True,0.0,True,10.0,0.5,additive,True
0.004555808656036446,0.0,0.0,0.0,original,SKAB,fold_3,2026,10,3,3,0.5,avg_negative_log,10,0.1054,0.9,,1539,455,1695,0.002420581367949789,True,0.0,True,10.0,0.5,additive,True
0.004555808656036446,0.0,0.0,0.0,gaussian_noise,SKAB,fold_3,2026,10,3,3,0.5,avg_negative_log,10,0.1054,0.9,,1539,455,1695,0.002420581367949789,True,0.0,True,10.0,0.5,additive,True
0.004555808656036446,0.0,0.0,0.0,original,SKAB,fold_3,7,10,3,3,0.5,avg_negative_log,10,0.1054,0.9,,1539,455,1695,0.002420581367949789,True,0.0,True,10.0,0.5,additive,True
0.004555808656036446,0.0,0.0,0.0,gaussian_noise,SKAB,fold_3,7,10,3,3,0.5,avg_negative_log,10,0.1054,0.9,,1539,455,1695,0.002420581367949789,True,0.0,True,10.0,0.5,additive,True
0.004555808656036446,0.0,0.0,0.0,original,SKAB,fold_3,999,10,3,3,0.5,avg_negative_log,10,0.1054,0.9,,1539,455,1695,0.002420581367949789,True,0.0,True,10.0,0.5,additive,True
0.004555808656036446,0.0,0.0,0.0,gaussian_noise,SKAB,fold_3,999,10,3,3,0.5,avg_negative_log,10,0.1054,0.9,,1539,455,1695,0.002420581367949789,True,0.0,True,10.0,0.5,additive,True
0.004618937644341801,0.0,0.0,0.0,original,SKAB,fold_4,42,10,3,3,0.5,avg_negative_log,10,0.1054,0.9,,1526,443,1698,0.002511767438145138,True,0.0,True,10.0,0.5,additive,True
0.004618937644341801,0.0,0.0,0.0,gaussian_noise,SKAB,fold_4,42,10,3,3,0.5,avg_negative_log,10,0.1054,0.9,,1526,443,1698,0.002511767438145138,True,0.0,True,10.0,0.5,additive,True
0.004618937644341801,0.0,0.0,0.0,original,SKAB,fold_4,123,10,3,3,0.5,avg_negative_log,10,0.1054,0.9,,1526,443,1698,0.002511767438145138,True,0.0,True,10.0,0.5,additive,True
0.004618937644341801,0.0,0.0,0.0,gaussian_noise,SKAB,fold_4,123,10,3,3,0.5,avg_negative_log,10,0.1054,0.9,,1526,443,1698,0.002511767438145138,True,0.0,True,10.0,0.5,additive,True
0.004618937644341801,0.0,0.0,0.0,original,SKAB,fold_4,2026,10,3,3,0.5,avg_negative_log,10,0.1054,0.9,,1526,443,1698,0.002511767438145138,True,0.0,True,10.0,0.5,additive,True
0.004618937644341801,0.0,0.0,0.0,gaussian_noise,SKAB,fold_4,2026,10,3,3,0.5,avg_negative_log,10,0.1054,0.9,,1526,443,1698,0.002511767438145138,True,0.0,True,10.0,0.5,additive,True
0.004618937644341801,0.0,0.0,0.0,original,SKAB,fold_4,7,10,3,3,0.5,avg_negative_log,10,0.1054,0.9,,1526,443,1698,0.002511767438145138,True,0.0,True,10.0,0.5,additive,True
0.004618937644341801,0.0,0.0,0.0,gaussian_noise,SKAB,fold_4,7,10,3,3,0.5,avg_negative_log,10,0.1054,0.9,,1526,443,1698,0.002511767438145138,True,0.0,True,10.0,0.5,additive,True
0.004618937644341801,0.0,0.0,0.0,original,SKAB,fold_4,999,10,3,3,0.5,avg_negative_log,10,0.1054,0.9,,1526,443,1698,0.002511767438145138,True,0.0,True,10.0,0.5,additive,True
0.004618937644341801,0.0,0.0,0.0,gaussian_noise,SKAB,fold_4,999,10,3,3,0.5,avg_negative_log,10,0.1054,0.9,,1526,443,1698,0.002511767438145138,True,0.0,True,10.0,0.5,additive,True
0.0045045045045045045,0.0,0.0,0.0,original,SKAB,fold_5,42,10,3,3,0.5,avg_negative_log,10,0.1054,0.9,,1581,454,1781,0.0024812824092263026,True,0.0,True,10.0,0.5,additive,True
0.0045045045045045045,0.0,0.0,0.0,gaussian_noise,SKAB,fold_5,42,10,3,3,0.5,avg_negative_log,10,0.1054,0.9,,1581,454,1781,0.0024812824092263026,True,0.0,True,10.0,0.5,additive,True
0.0045045045045045045,0.0,0.0,0.0,original,SKAB,fold_5,123,10,3,3,0.5,avg_negative_log,10,0.1054,0.9,,1581,454,1781,0.0024812824092263026,True,0.0,True,10.0,0.5,additive,True
0.0045045045045045045,0.0,0.0,0.0,gaussian_noise,SKAB,fold_5,123,10,3,3,0.5,avg_negative_log,10,0.1054,0.9,,1581,454,1781,0.0024812824092263026,True,0.0,True,10.0,0.5,additive,True
0.0045045045045045045,0.0,0.0,0.0,original,SKAB,fold_5,2026,10,3,3,0.5,avg_negative_log,10,0.1054,0.9,,1581,454,1781,0.0024812824092263026,True,0.0,True,10.0,0.5,additive,True
0.0045045045045045045,0.0,0.0,0.0,gaussian_noise,SKAB,fold_5,2026,10,3,3,0.5,avg_negative_log,10,0.1054,0.9,,1581,454,1781,0.0024812824092263026,True,0.0,True,10.0,0.5,additive,True
0.0045045045045045045,0.0,0.0,0.0,original,SKAB,fold_5,7,10,3,3,0.5,avg_negative_log,10,0.1054,0.9,,1581,454,1781,0.0024812824092263026,True,0.0,True,10.0,0.5,additive,True
0.0045045045045045045,0.0,0.0,0.0,gaussian_noise,SKAB,fold_5,7,10,3,3,0.5,avg_negative_log,10,0.1054,0.9,,1581,454,1781,0.0024812824092263026,True,0.0,True,10.0,0.5,additive,True
0.0045045045045045045,0.0,0.0,0.0,original,SKAB,fold_5,999,10,3,3,0.5,avg_negative_log,10,0.1054,0.9,,1581,454,1781,0.0024812824092263026,True,0.0,True,10.0,0.5,additive,True
0.0045045045045045045,0.0,0.0,0.0,gaussian_noise,SKAB,fold_5,999,10,3,3,0.5,avg_negative_log,10,0.1054,0.9,,1581,454,1781,0.0024812824092263026,True,0.0,True,10.0,0.5,additive,True
0.0045351473922902496,0.0,0.0,0.0,original,SKAB,fold_1,42,10,3,3,0.5,avg_negative_log,10,0.2231,0.9,,1158,338,1304,0.0033315959979969547,True,0.0,True,10.0,0.5,additive,True
0.0045351473922902496,0.0,0.0,0.0,gaussian_noise,SKAB,fold_1,42,10,3,3,0.5,avg_negative_log,10,0.2231,0.9,,1158,338,1304,0.0033315959979969547,True,0.0,True,10.0,0.5,additive,True
0.0045351473922902496,0.0,0.0,0.0,original,SKAB,fold_1,123,10,3,3,0.5,avg_negative_log,10,0.2231,0.9,,1158,338,1304,0.0033315959979969547,True,0.0,True,10.0,0.5,additive,True
0.0045351473922902496,0.0,0.0,0.0,gaussian_noise,SKAB,fold_1,123,10,3,3,0.5,avg_negative_log,10,0.2231,0.9,,1158,338,1304,0.0033315959979969547,True,0.0,True,10.0,0.5,additive,True
0.0045351473922902496,0.0,0.0,0.0,original,SKAB,fold_1,2026,10,3,3,0.5,avg_negative_log,10,0.2231,0.9,,1158,338,1304,0.0033315959979969547,True,0.0,True,10.0,0.5,additive,True
0.0045351473922902496,0.0,0.0,0.0,gaussian_noise,SKAB,fold_1,2026,10,3,3,0.5,avg_negative_log,10,0.2231,0.9,,1158,338,1304,0.0033315959979969547,True,0.0,True,10.0,0.5,additive,True
0.0045351473922902496,0.0,0.0,0.0,original,SKAB,fold_1,7,10,3,3,0.5,avg_negative_log,10,0.2231,0.9,,1158,338,1304,0.0033315959979969547,True,0.0,True,10.0,0.5,additive,True
0.0045351473922902496,0.0,0.0,0.0,gaussian_noise,SKAB,fold_1,7,10,3,3,0.5,avg_negative_log,10,0.2231,0.9,,1158,338,1304,0.0033315959979969547,True,0.0,True,10.0,0.5,additive,True
0.0045351473922902496,0.0,0.0,0.0,original,SKAB,fold_1,999,10,3,3,0.5,avg_negative_log,10,0.2231,0.9,,1158,338,1304,0.0033315959979969547,True,0.0,True,10.0,0.5,additive,True
0.0045351473922902496,0.0,0.0,0.0,gaussian_noise,SKAB,fold_1,999,10,3,3,0.5,avg_negative_log,10,0.2231,0.9,,1158,338,1304,0.0033315959979969547,True,0.0,True,10.0,0.5,additive,True
0.004555808656036446,0.0,0.0,0.0,original,SKAB,fold_2,42,10,3,3,0.5,avg_negative_log,10,0.2231,0.9,,1531,456,1677,0.002402110763518856,True,0.0,True,10.0,0.5,additive,True
0.004555808656036446,0.0,0.0,0.0,gaussian_noise,SKAB,fold_2,42,10,3,3,0.5,avg_negative_log,10,0.2231,0.9,,1531,456,1677,0.002402110763518856,True,0.0,True,10.0,0.5,additive,True
0.004555808656036446,0.0,0.0,0.0,original,SKAB,fold_2,123,10,3,3,0.5,avg_negative_log,10,0.2231,0.9,,1531,456,1677,0.002402110763518856,True,0.0,True,10.0,0.5,additive,True
0.004555808656036446,0.0,0.0,0.0,gaussian_noise,SKAB,fold_2,123,10,3,3,0.5,avg_negative_log,10,0.2231,0.9,,1531,456,1677,0.002402110763518856,True,0.0,True,10.0,0.5,additive,True
0.004555808656036446,0.0,0.0,0.0,original,SKAB,fold_2,2026,10,3,3,0.5,avg_negative_log,10,0.2231,0.9,,1531,456,1677,0.002402110763518856,True,0.0,True,10.0,0.5,additive,True
0.004555808656036446,0.0,0.0,0.0,gaussian_noise,SKAB,fold_2,2026,10,3,3,0.5,avg_negative_log,10,0.2231,0.9,,1531,456,1677,0.002402110763518856,True,0.0,True,10.0,0.5,additive,True
0.004555808656036446,0.0,0.0,0.0,original,SKAB,fold_2,7,10,3,3,0.5,avg_negative_log,10,0.2231,0.9,,1531,456,1677,0.002402110763518856,True,0.0,True,10.0,0.5,additive,True
0.004555808656036446,0.0,0.0,0.0,gaussian_noise,SKAB,fold_2,7,10,3,3,0.5,avg_negative_log,10,0.2231,0.9,,1531,456,1677,0.002402110763518856,True,0.0,True,10.0,0.5,additive,True
0.004555808656036446,0.0,0.0,0.0,original,SKAB,fold_2,999,10,3,3,0.5,avg_negative_log,10,0.2231,0.9,,1531,456,1677,0.002402110763518856,True,0.0,True,10.0,0.5,additive,True
0.004555808656036446,0.0,0.0,0.0,gaussian_noise,SKAB,fold_2,999,10,3,3,0.5,avg_negative_log,10,0.2231,0.9,,1531,456,1677,0.002402110763518856,True,0.0,True,10.0,0.5,additive,True
0.004555808656036446,0.0,0.0,0.0,original,SKAB,fold_3,42,10,3,3,0.5,avg_negative_log,10,0.2231,0.9,,1539,455,1695,0.002420581367949789,True,0.0,True,10.0,0.5,additive,True
0.004555808656036446,0.0,0.0,0.0,gaussian_noise,SKAB,fold_3,42,10,3,3,0.5,avg_negative_log,10,0.2231,0.9,,1539,455,1695,0.002420581367949789,True,0.0,True,10.0,0.5,additive,True
0.004555808656036446,0.0,0.0,0.0,original,SKAB,fold_3,123,10,3,3,0.5,avg_negative_log,10,0.2231,0.9,,1539,455,1695,0.002420581367949789,True,0.0,True,10.0,0.5,additive,True
0.004555808656036446,0.0,0.0,0.0,gaussian_noise,SKAB,fold_3,123,10,3,3,0.5,avg_negative_log,10,0.2231,0.9,,1539,455,1695,0.002420581367949789,True,0.0,True,10.0,0.5,additive,True
0.004555808656036446,0.0,0.0,0.0,original,SKAB,fold_3,2026,10,3,3,0.5,avg_negative_log,10,0.2231,0.9,,1539,455,1695,0.002420581367949789,True,0.0,True,10.0,0.5,additive,True
0.004555808656036446,0.0,0.0,0.0,gaussian_noise,SKAB,fold_3,2026,10,3,3,0.5,avg_negative_log,10,0.2231,0.9,,1539,455,1695,0.002420581367949789,True,0.0,True,10.0,0.5,additive,True
0.004555808656036446,0.0,0.0,0.0,original,SKAB,fold_3,7,10,3,3,0.5,avg_negative_log,10,0.2231,0.9,,1539,455,1695,0.002420581367949789,True,0.0,True,10.0,0.5,additive,True
0.004555808656036446,0.0,0.0,0.0,gaussian_noise,SKAB,fold_3,7,10,3,3,0.5,avg_negative_log,10,0.2231,0.9,,1539,455,1695,0.002420581367949789,True,0.0,True,10.0,0.5,additive,True
0.004555808656036446,0.0,0.0,0.0,original,SKAB,fold_3,999,10,3,3,0.5,avg_negative_log,10,0.2231,0.9,,1539,455,1695,0.002420581367949789,True,0.0,True,10.0,0.5,additive,True
0.004555808656036446,0.0,0.0,0.0,gaussian_noise,SKAB,fold_3,999,10,3,3,0.5,avg_negative_log,10,0.2231,0.9,,1539,455,1695,0.002420581367949789,True,0.0,True,10.0,0.5,additive,True
0.004618937644341801,0.0,0.0,0.0,original,SKAB,fold_4,42,10,3,3,0.5,avg_negative_log,10,0.2231,0.9,,1526,443,1698,0.002511767438145138,True,0.0,True,10.0,0.5,additive,True
0.004618937644341801,0.0,0.0,0.0,gaussian_noise,SKAB,fold_4,42,10,3,3,0.5,avg_negative_log,10,0.2231,0.9,,1526,443,1698,0.002511767438145138,True,0.0,True,10.0,0.5,additive,True
0.004618937644341801,0.0,0.0,0.0,original,SKAB,fold_4,123,10,3,3,0.5,avg_negative_log,10,0.2231,0.9,,1526,443,1698,0.002511767438145138,True,0.0,True,10.0,0.5,additive,True
0.004618937644341801,0.0,0.0,0.0,gaussian_noise,SKAB,fold_4,123,10,3,3,0.5,avg_negative_log,10,0.2231,0.9,,1526,443,1698,0.002511767438145138,True,0.0,True,10.0,0.5,additive,True
0.004618937644341801,0.0,0.0,0.0,original,SKAB,fold_4,2026,10,3,3,0.5,avg_negative_log,10,0.2231,0.9,,1526,443,1698,0.002511767438145138,True,0.0,True,10.0,0.5,additive,True
0.004618937644341801,0.0,0.0,0.0,gaussian_noise,SKAB,fold_4,2026,10,3,3,0.5,avg_negative_log,10,0.2231,0.9,,1526,443,1698,0.002511767438145138,True,0.0,True,10.0,0.5,additive,True
0.004618937644341801,0.0,0.0,0.0,original,SKAB,fold_4,7,10,3,3,0.5,avg_negative_log,10,0.2231,0.9,,1526,443,1698,0.002511767438145138,True,0.0,True,10.0,0.5,additive,True
0.004618937644341801,0.0,0.0,0.0,gaussian_noise,SKAB,fold_4,7,10,3,3,0.5,avg_negative_log,10,0.2231,0.9,,1526,443,1698,0.002511767438145138,True,0.0,True,10.0,0.5,additive,True
0.004618937644341801,0.0,0.0,0.0,original,SKAB,fold_4,999,10,3,3,0.5,avg_negative_log,10,0.2231,0.9,,1526,443,1698,0.002511767438145138,True,0.0,True,10.0,0.5,additive,True
0.004618937644341801,0.0,0.0,0.0,gaussian_noise,SKAB,fold_4,999,10,3,3,0.5,avg_negative_log,10,0.2231,0.9,,1526,443,1698,0.002511767438145138,True,0.0,True,10.0,0.5,additive,True
0.0045045045045045045,0.0,0.0,0.0,original,SKAB,fold_5,42,10,3,3,0.5,avg_negative_log,10,0.2231,0.9,,1581,454,1781,0.0024812824092263026,True,0.0,True,10.0,0.5,additive,True
0.0045045045045045045,0.0,0.0,0.0,gaussian_noise,SKAB,fold_5,42,10,3,3,0.5,avg_negative_log,10,0.2231,0.9,,1581,454,1781,0.0024812824092263026,True,0.0,True,10.0,0.5,additive,True
0.0045045045045045045,0.0,0.0,0.0,original,SKAB,fold_5,123,10,3,3,0.5,avg_negative_log,10,0.2231,0.9,,1581,454,1781,0.0024812824092263026,True,0.0,True,10.0,0.5,additive,True
0.0045045045045045045,0.0,0.0,0.0,gaussian_noise,SKAB,fold_5,123,10,3,3,0.5,avg_negative_log,10,0.2231,0.9,,1581,454,1781,0.0024812824092263026,True,0.0,True,10.0,0.5,additive,True
0.0045045045045045045,0.0,0.0,0.0,original,SKAB,fold_5,2026,10,3,3,0.5,avg_negative_log,10,0.2231,0.9,,1581,454,1781,0.0024812824092263026,True,0.0,True,10.0,0.5,additive,True
0.0045045045045045045,0.0,0.0,0.0,gaussian_noise,SKAB,fold_5,2026,10,3,3,0.5,avg_negative_log,10,0.2231,0.9,,1581,454,1781,0.0024812824092263026,True,0.0,True,10.0,0.5,additive,True
0.0045045045045045045,0.0,0.0,0.0,original,SKAB,fold_5,7,10,3,3,0.5,avg_negative_log,10,0.2231,0.9,,1581,454,1781,0.0024812824092263026,True,0.0,True,10.0,0.5,additive,True
0.0045045045045045045,0.0,0.0,0.0,gaussian_noise,SKAB,fold_5,7,10,3,3,0.5,avg_negative_log,10,0.2231,0.9,,1581,454,1781,0.0024812824092263026,True,0.0,True,10.0,0.5,additive,True
0.0045045045045045045,0.0,0.0,0.0,original,SKAB,fold_5,999,10,3,3,0.5,avg_negative_log,10,0.2231,0.9,,1581,454,1781,0.0024812824092263026,True,0.0,True,10.0,0.5,additive,True
0.0045045045045045045,0.0,0.0,0.0,gaussian_noise,SKAB,fold_5,999,10,3,3,0.5,avg_negative_log,10,0.2231,0.9,,1581,454,1781,0.0024812824092263026,True,0.0,True,10.0,0.5,additive,True
0.0045351473922902496,0.0,0.0,0.0,original,SKAB,fold_1,42,10,3,3,0.5,avg_negative_log,10,0.3567,0.9,,1158,338,1304,0.0033315959979969547,True,0.0,True,10.0,0.5,additive,True
0.0045351473922902496,0.0,0.0,0.0,gaussian_noise,SKAB,fold_1,42,10,3,3,0.5,avg_negative_log,10,0.3567,0.9,,1158,338,1304,0.0033315959979969547,True,0.0,True,10.0,0.5,additive,True
0.0045351473922902496,0.0,0.0,0.0,original,SKAB,fold_1,123,10,3,3,0.5,avg_negative_log,10,0.3567,0.9,,1158,338,1304,0.0033315959979969547,True,0.0,True,10.0,0.5,additive,True
0.0045351473922902496,0.0,0.0,0.0,gaussian_noise,SKAB,fold_1,123,10,3,3,0.5,avg_negative_log,10,0.3567,0.9,,1158,338,1304,0.0033315959979969547,True,0.0,True,10.0,0.5,additive,True
0.0045351473922902496,0.0,0.0,0.0,original,SKAB,fold_1,2026,10,3,3,0.5,avg_negative_log,10,0.3567,0.9,,1158,338,1304,0.0033315959979969547,True,0.0,True,10.0,0.5,additive,True
0.0045351473922902496,0.0,0.0,0.0,gaussian_noise,SKAB,fold_1,2026,10,3,3,0.5,avg_negative_log,10,0.3567,0.9,,1158,338,1304,0.0033315959979969547,True,0.0,True,10.0,0.5,additive,True
0.0045351473922902496,0.0,0.0,0.0,original,SKAB,fold_1,7,10,3,3,0.5,avg_negative_log,10,0.3567,0.9,,1158,338,1304,0.0033315959979969547,True,0.0,True,10.0,0.5,additive,True
0.0045351473922902496,0.0,0.0,0.0,gaussian_noise,SKAB,fold_1,7,10,3,3,0.5,avg_negative_log,10,0.3567,0.9,,1158,338,1304,0.0033315959979969547,True,0.0,True,10.0,0.5,additive,True
0.0045351473922902496,0.0,0.0,0.0,original,SKAB,fold_1,999,10,3,3,0.5,avg_negative_log,10,0.3567,0.9,,1158,338,1304,0.0033315959979969547,True,0.0,True,10.0,0.5,additive,True
0.0045351473922902496,0.0,0.0,0.0,gaussian_noise,SKAB,fold_1,999,10,3,3,0.5,avg_negative_log,10,0.3567,0.9,,1158,338,1304,0.0033315959979969547,True,0.0,True,10.0,0.5,additive,True
0.004555808656036446,0.0,0.0,0.0,original,SKAB,fold_2,42,10,3,3,0.5,avg_negative_log,10,0.3567,0.9,,1531,456,1677,0.002402110763518856,True,0.0,True,10.0,0.5,additive,True
0.004555808656036446,0.0,0.0,0.0,gaussian_noise,SKAB,fold_2,42,10,3,3,0.5,avg_negative_log,10,0.3567,0.9,,1531,456,1677,0.002402110763518856,True,0.0,True,10.0,0.5,additive,True
0.004555808656036446,0.0,0.0,0.0,original,SKAB,fold_2,123,10,3,3,0.5,avg_negative_log,10,0.3567,0.9,,1531,456,1677,0.002402110763518856,True,0.0,True,10.0,0.5,additive,True
0.004555808656036446,0.0,0.0,0.0,gaussian_noise,SKAB,fold_2,123,10,3,3,0.5,avg_negative_log,10,0.3567,0.9,,1531,456,1677,0.002402110763518856,True,0.0,True,10.0,0.5,additive,True
0.004555808656036446,0.0,0.0,0.0,original,SKAB,fold_2,2026,10,3,3,0.5,avg_negative_log,10,0.3567,0.9,,1531,456,1677,0.002402110763518856,True,0.0,True,10.0,0.5,additive,True
0.004555808656036446,0.0,0.0,0.0,gaussian_noise,SKAB,fold_2,2026,10,3,3,0.5,avg_negative_log,10,0.3567,0.9,,1531,456,1677,0.002402110763518856,True,0.0,True,10.0,0.5,additive,True
0.004555808656036446,0.0,0.0,0.0,original,SKAB,fold_2,7,10,3,3,0.5,avg_negative_log,10,0.3567,0.9,,1531,456,1677,0.002402110763518856,True,0.0,True,10.0,0.5,additive,True
0.004555808656036446,0.0,0.0,0.0,gaussian_noise,SKAB,fold_2,7,10,3,3,0.5,avg_negative_log,10,0.3567,0.9,,1531,456,1677,0.002402110763518856,True,0.0,True,10.0,0.5,additive,True
0.004555808656036446,0.0,0.0,0.0,original,SKAB,fold_2,999,10,3,3,0.5,avg_negative_log,10,0.3567,0.9,,1531,456,1677,0.002402110763518856,True,0.0,True,10.0,0.5,additive,True
0.004555808656036446,0.0,0.0,0.0,gaussian_noise,SKAB,fold_2,999,10,3,3,0.5,avg_negative_log,10,0.3567,0.9,,1531,456,1677,0.002402110763518856,True,0.0,True,10.0,0.5,additive,True
0.004555808656036446,0.0,0.0,0.0,original,SKAB,fold_3,42,10,3,3,0.5,avg_negative_log,10,0.3567,0.9,,1539,455,1695,0.002420581367949789,True,0.0,True,10.0,0.5,additive,True
0.004555808656036446,0.0,0.0,0.0,gaussian_noise,SKAB,fold_3,42,10,3,3,0.5,avg_negative_log,10,0.3567,0.9,,1539,455,1695,0.002420581367949789,True,0.0,True,10.0,0.5,additive,True
0.004555808656036446,0.0,0.0,0.0,original,SKAB,fold_3,123,10,3,3,0.5,avg_negative_log,10,0.3567,0.9,,1539,455,1695,0.002420581367949789,True,0.0,True,10.0,0.5,additive,True
0.004555808656036446,0.0,0.0,0.0,gaussian_noise,SKAB,fold_3,123,10,3,3,0.5,avg_negative_log,10,0.3567,0.9,,1539,455,1695,0.002420581367949789,True,0.0,True,10.0,0.5,additive,True
0.004555808656036446,0.0,0.0,0.0,original,SKAB,fold_3,2026,10,3,3,0.5,avg_negative_log,10,0.3567,0.9,,1539,455,1695,0.002420581367949789,True,0.0,True,10.0,0.5,additive,True
0.004555808656036446,0.0,0.0,0.0,gaussian_noise,SKAB,fold_3,2026,10,3,3,0.5,avg_negative_log,10,0.3567,0.9,,1539,455,1695,0.002420581367949789,True,0.0,True,10.0,0.5,additive,True
0.004555808656036446,0.0,0.0,0.0,original,SKAB,fold_3,7,10,3,3,0.5,avg_negative_log,10,0.3567,0.9,,1539,455,1695,0.002420581367949789,True,0.0,True,10.0,0.5,additive,True
0.004555808656036446,0.0,0.0,0.0,gaussian_noise,SKAB,fold_3,7,10,3,3,0.5,avg_negative_log,10,0.3567,0.9,,1539,455,1695,0.002420581367949789,True,0.0,True,10.0,0.5,additive,True
0.004555808656036446,0.0,0.0,0.0,original,SKAB,fold_3,999,10,3,3,0.5,avg_negative_log,10,0.3567,0.9,,1539,455,1695,0.002420581367949789,True,0.0,True,10.0,0.5,additive,True
0.004555808656036446,0.0,0.0,0.0,gaussian_noise,SKAB,fold_3,999,10,3,3,0.5,avg_negative_log,10,0.3567,0.9,,1539,455,1695,0.002420581367949789,True,0.0,True,10.0,0.5,additive,True
0.004618937644341801,0.0,0.0,0.0,original,SKAB,fold_4,42,10,3,3,0.5,avg_negative_log,10,0.3567,0.9,,1526,443,1698,0.002511767438145138,True,0.0,True,10.0,0.5,additive,True
0.004618937644341801,0.0,0.0,0.0,gaussian_noise,SKAB,fold_4,42,10,3,3,0.5,avg_negative_log,10,0.3567,0.9,,1526,443,1698,0.002511767438145138,True,0.0,True,10.0,0.5,additive,True
0.004618937644341801,0.0,0.0,0.0,original,SKAB,fold_4,123,10,3,3,0.5,avg_negative_log,10,0.3567,0.9,,1526,443,1698,0.002511767438145138,True,0.0,True,10.0,0.5,additive,True
0.004618937644341801,0.0,0.0,0.0,gaussian_noise,SKAB,fold_4,123,10,3,3,0.5,avg_negative_log,10,0.3567,0.9,,1526,443,1698,0.002511767438145138,True,0.0,True,10.0,0.5,additive,True
0.004618937644341801,0.0,0.0,0.0,original,SKAB,fold_4,2026,10,3,3,0.5,avg_negative_log,10,0.3567,0.9,,1526,443,1698,0.002511767438145138,True,0.0,True,10.0,0.5,additive,True
0.004618937644341801,0.0,0.0,0.0,gaussian_noise,SKAB,fold_4,2026,10,3,3,0.5,avg_negative_log,10,0.3567,0.9,,1526,443,1698,0.002511767438145138,True,0.0,True,10.0,0.5,additive,True
0.004618937644341801,0.0,0.0,0.0,original,SKAB,fold_4,7,10,3,3,0.5,avg_negative_log,10,0.3567,0.9,,1526,443,1698,0.002511767438145138,True,0.0,True,10.0,0.5,additive,True
0.004618937644341801,0.0,0.0,0.0,gaussian_noise,SKAB,fold_4,7,10,3,3,0.5,avg_negative_log,10,0.3567,0.9,,1526,443,1698,0.002511767438145138,True,0.0,True,10.0,0.5,additive,True
0.004618937644341801,0.0,0.0,0.0,original,SKAB,fold_4,999,10,3,3,0.5,avg_negative_log,10,0.3567,0.9,,1526,443,1698,0.002511767438145138,True,0.0,True,10.0,0.5,additive,True
0.004618937644341801,0.0,0.0,0.0,gaussian_noise,SKAB,fold_4,999,10,3,3,0.5,avg_negative_log,10,0.3567,0.9,,1526,443,1698,0.002511767438145138,True,0.0,True,10.0,0.5,additive,True
0.0045045045045045045,0.0,0.0,0.0,original,SKAB,fold_5,42,10,3,3,0.5,avg_negative_log,10,0.3567,0.9,,1581,454,1781,0.0024812824092263026,True,0.0,True,10.0,0.5,additive,True
0.0045045045045045045,0.0,0.0,0.0,gaussian_noise,SKAB,fold_5,42,10,3,3,0.5,avg_negative_log,10,0.3567,0.9,,1581,454,1781,0.0024812824092263026,True,0.0,True,10.0,0.5,additive,True
0.0045045045045045045,0.0,0.0,0.0,original,SKAB,fold_5,123,10,3,3,0.5,avg_negative_log,10,0.3567,0.9,,1581,454,1781,0.0024812824092263026,True,0.0,True,10.0,0.5,additive,True
0.0045045045045045045,0.0,0.0,0.0,gaussian_noise,SKAB,fold_5,123,10,3,3,0.5,avg_negative_log,10,0.3567,0.9,,1581,454,1781,0.0024812824092263026,True,0.0,True,10.0,0.5,additive,True
0.0045045045045045045,0.0,0.0,0.0,original,SKAB,fold_5,2026,10,3,3,0.5,avg_negative_log,10,0.3567,0.9,,1581,454,1781,0.0024812824092263026,True,0.0,True,10.0,0.5,additive,True
0.0045045045045045045,0.0,0.0,0.0,gaussian_noise,SKAB,fold_5,2026,10,3,3,0.5,avg_negative_log,10,0.3567,0.9,,1581,454,1781,0.0024812824092263026,True,0.0,True,10.0,0.5,additive,True
0.0045045045045045045,0.0,0.0,0.0,original,SKAB,fold_5,7,10,3,3,0.5,avg_negative_log,10,0.3567,0.9,,1581,454,1781,0.0024812824092263026,True,0.0,True,10.0,0.5,additive,True
0.0045045045045045045,0.0,0.0,0.0,gaussian_noise,SKAB,fold_5,7,10,3,3,0.5,avg_negative_log,10,0.3567,0.9,,1581,454,1781,0.0024812824092263026,True,0.0,True,10.0,0.5,additive,True
0.0045045045045045045,0.0,0.0,0.0,original,SKAB,fold_5,999,10,3,3,0.5,avg_negative_log,10,0.3567,0.9,,1581,454,1781,0.0024812824092263026,True,0.0,True,10.0,0.5,additive,True
0.0045045045045045045,0.0,0.0,0.0,gaussian_noise,SKAB,fold_5,999,10,3,3,0.5,avg_negative_log,10,0.3567,0.9,,1581,454,1781,0.0024812824092263026,True,0.0,True,10.0,0.5,additive,True
0.5918367346938775,0.0,0.0,0.0,original,SKAB,fold_1,42,10,3,3,0.5,avg_negative_log,10,0.5108,0.9,,1158,338,1304,0.0033315959979969547,True,0.0,True,10.0,0.5,additive,True
0.5918367346938775,0.0,0.0,0.0,gaussian_noise,SKAB,fold_1,42,10,3,3,0.5,avg_negative_log,10,0.5108,0.9,,1158,338,1304,0.0033315959979969547,True,0.0,True,10.0,0.5,additive,True
0.5918367346938775,0.0,0.0,0.0,original,SKAB,fold_1,123,10,3,3,0.5,avg_negative_log,10,0.5108,0.9,,1158,338,1304,0.0033315959979969547,True,0.0,True,10.0,0.5,additive,True
0.5918367346938775,0.0,0.0,0.0,gaussian_noise,SKAB,fold_1,123,10,3,3,0.5,avg_negative_log,10,0.5108,0.9,,1158,338,1304,0.0033315959979969547,True,0.0,True,10.0,0.5,additive,True
0.5918367346938775,0.0,0.0,0.0,original,SKAB,fold_1,2026,10,3,3,0.5,avg_negative_log,10,0.5108,0.9,,1158,338,1304,0.0033315959979969547,True,0.0,True,10.0,0.5,additive,True
0.5918367346938775,0.0,0.0,0.0,gaussian_noise,SKAB,fold_1,2026,10,3,3,0.5,avg_negative_log,10,0.5108,0.9,,1158,338,1304,0.0033315959979969547,True,0.0,True,10.0,0.5,additive,True
0.5918367346938775,0.0,0.0,0.0,original,SKAB,fold_1,7,10,3,3,0.5,avg_negative_log,10,0.5108,0.9,,1158,338,1304,0.0033315959979969547,True,0.0,True,10.0,0.5,additive,True
0.5918367346938775,0.0,0.0,0.0,gaussian_noise,SKAB,fold_1,7,10,3,3,0.5,avg_negative_log,10,0.5108,0.9,,1158,338,1304,0.0033315959979969547,True,0.0,True,10.0,0.5,additive,True
0.5918367346938775,0.0,0.0,0.0,original,SKAB,fold_1,999,10,3,3,0.5,avg_negative_log,10,0.5108,0.9,,1158,338,1304,0.0033315959979969547,True,0.0,True,10.0,0.5,additive,True
0.5918367346938775,0.0,0.0,0.0,gaussian_noise,SKAB,fold_1,999,10,3,3,0.5,avg_negative_log,10,0.5108,0.9,,1158,338,1304,0.0033315959979969547,True,0.0,True,10.0,0.5,additive,True
0.1662870159453303,0.0,0.0,0.0,original,SKAB,fold_2,42,10,3,3,0.5,avg_negative_log,10,0.5108,0.9,,1531,456,1677,0.002402110763518856,True,0.0,True,10.0,0.5,additive,True
0.1662870159453303,0.0,0.0,0.0,gaussian_noise,SKAB,fold_2,42,10,3,3,0.5,avg_negative_log,10,0.5108,0.9,,1531,456,1677,0.002402110763518856,True,0.0,True,10.0,0.5,additive,True
0.1662870159453303,0.0,0.0,0.0,original,SKAB,fold_2,123,10,3,3,0.5,avg_negative_log,10,0.5108,0.9,,1531,456,1677,0.002402110763518856,True,0.0,True,10.0,0.5,additive,True
0.16856492027334852,0.0,0.0,0.0,gaussian_noise,SKAB,fold_2,123,10,3,3,0.5,avg_negative_log,10,0.5108,0.9,,1531,456,1677,0.002402110763518856,True,0.0,True,10.0,0.5,additive,True
0.1662870159453303,0.0,0.0,0.0,original,SKAB,fold_2,2026,10,3,3,0.5,avg_negative_log,10,0.5108,0.9,,1531,456,1677,0.002402110763518856,True,0.0,True,10.0,0.5,additive,True
0.1662870159453303,0.0,0.0,0.0,gaussian_noise,SKAB,fold_2,2026,10,3,3,0.5,avg_negative_log,10,0.5108,0.9,,1531,456,1677,0.002402110763518856,True,0.0,True,10.0,0.5,additive,True
0.1662870159453303,0.0,0.0,0.0,original,SKAB,fold_2,7,10,3,3,0.5,avg_negative_log,10,0.5108,0.9,,1531,456,1677,0.002402110763518856,True,0.0,True,10.0,0.5,additive,True
0.1662870159453303,0.0,0.0,0.0,gaussian_noise,SKAB,fold_2,7,10,3,3,0.5,avg_negative_log,10,0.5108,0.9,,1531,456,1677,0.002402110763518856,True,0.0,True,10.0,0.5,additive,True
0.1662870159453303,0.0,0.0,0.0,original,SKAB,fold_2,999,10,3,3,0.5,avg_negative_log,10,0.5108,0.9,,1531,456,1677,0.002402110763518856,True,0.0,True,10.0,0.5,additive,True
0.16856492027334852,0.0,0.0,0.0,gaussian_noise,SKAB,fold_2,999,10,3,3,0.5,avg_negative_log,10,0.5108,0.9,,1531,456,1677,0.002402110763518856,True,0.0,True,10.0,0.5,additive,True
0.09567198177676538,0.0,0.0,0.0,original,SKAB,fold_3,42,10,3,3,0.5,avg_negative_log,10,0.5108,0.9,,1539,455,1695,0.002420581367949789,True,0.0,True,10.0,0.5,additive,True
0.09567198177676538,0.0,0.0,0.0,gaussian_noise,SKAB,fold_3,42,10,3,3,0.5,avg_negative_log,10,0.5108,0.9,,1539,455,1695,0.002420581367949789,True,0.0,True,10.0,0.5,additive,True
0.09567198177676538,0.0,0.0,0.0,original,SKAB,fold_3,123,10,3,3,0.5,avg_negative_log,10,0.5108,0.9,,1539,455,1695,0.002420581367949789,True,0.0,True,10.0,0.5,additive,True
0.12984054669703873,0.0,0.0,0.0,gaussian_noise,SKAB,fold_3,123,10,3,3,0.5,avg_negative_log,10,0.5108,0.9,,1539,455,1695,0.002420581367949789,True,0.0,True,10.0,0.5,additive,True
0.09567198177676538,0.0,0.0,0.0,original,SKAB,fold_3,2026,10,3,3,0.5,avg_negative_log,10,0.5108,0.9,,1539,455,1695,0.002420581367949789,True,0.0,True,10.0,0.5,additive,True
0.1275626423690205,0.0,0.0,0.0,gaussian_noise,SKAB,fold_3,2026,10,3,3,0.5,avg_negative_log,10,0.5108,0.9,,1539,455,1695,0.002420581367949789,True,0.0,True,10.0,0.5,additive,True
0.09567198177676538,0.0,0.0,0.0,original,SKAB,fold_3,7,10,3,3,0.5,avg_negative_log,10,0.5108,0.9,,1539,455,1695,0.002420581367949789,True,0.0,True,10.0,0.5,additive,True
0.0979498861047836,0.0,0.0,0.0,gaussian_noise,SKAB,fold_3,7,10,3,3,0.5,avg_negative_log,10,0.5108,0.9,,1539,455,1695,0.002420581367949789,True,0.0,True,10.0,0.5,additive,True
0.09567198177676538,0.0,0.0,0.0,original,SKAB,fold_3,999,10,3,3,0.5,avg_negative_log,10,0.5108,0.9,,1539,455,1695,0.002420581367949789,True,0.0,True,10.0,0.5,additive,True
0.1252847380410023,0.0,0.0,0.0,gaussian_noise,SKAB,fold_3,999,10,3,3,0.5,avg_negative_log,10,0.5108,0.9,,1539,455,1695,0.002420581367949789,True,0.0,True,10.0,0.5,additive,True
0.08083140877598152,0.0,0.0,0.0,original,SKAB,fold_4,42,10,3,3,0.5,avg_negative_log,10,0.5108,0.9,,1526,443,1698,0.002511767438145138,True,0.0,True,10.0,0.5,additive,True
0.07852193995381063,0.0,0.0,0.0,gaussian_noise,SKAB,fold_4,42,10,3,3,0.5,avg_negative_log,10,0.5108,0.9,,1526,443,1698,0.002511767438145138,True,0.0,True,10.0,0.5,additive,True
0.08083140877598152,0.0,0.0,0.0,original,SKAB,fold_4,123,10,3,3,0.5,avg_negative_log,10,0.5108,0.9,,1526,443,1698,0.002511767438145138,True,0.0,True,10.0,0.5,additive,True
0.06928406466512702,0.0,0.0,0.0,gaussian_noise,SKAB,fold_4,123,10,3,3,0.5,avg_negative_log,10,0.5108,0.9,,1526,443,1698,0.002511767438145138,True,0.0,True,10.0,0.5,additive,True
0.08083140877598152,0.0,0.0,0.0,original,SKAB,fold_4,2026,10,3,3,0.5,avg_negative_log,10,0.5108,0.9,,1526,443,1698,0.002511767438145138,True,0.0,True,10.0,0.5,additive,True
0.06928406466512702,0.0,0.0,0.0,gaussian_noise,SKAB,fold_4,2026,10,3,3,0.5,avg_negative_log,10,0.5108,0.9,,1526,443,1698,0.002511767438145138,True,0.0,True,10.0,0.5,additive,True
0.08083140877598152,0.0,0.0,0.0,original,SKAB,fold_4,7,10,3,3,0.5,avg_negative_log,10,0.5108,0.9,,1526,443,1698,0.002511767438145138,True,0.0,True,10.0,0.5,additive,True
0.06928406466512702,0.0,0.0,0.0,gaussian_noise,SKAB,fold_4,7,10,3,3,0.5,avg_negative_log,10,0.5108,0.9,,1526,443,1698,0.002511767438145138,True,0.0,True,10.0,0.5,additive,True
0.08083140877598152,0.0,0.0,0.0,original,SKAB,fold_4,999,10,3,3,0.5,avg_negative_log,10,0.5108,0.9,,1526,443,1698,0.002511767438145138,True,0.0,True,10.0,0.5,additive,True
0.06928406466512702,0.0,0.0,0.0,gaussian_noise,SKAB,fold_4,999,10,3,3,0.5,avg_negative_log,10,0.5108,0.9,,1526,443,1698,0.002511767438145138,True,0.0,True,10.0,0.5,additive,True
0.21171171171171171,0.0,0.0,0.0,original,SKAB,fold_5,42,10,3,3,0.5,avg_negative_log,10,0.5108,0.9,,1581,454,1781,0.0024812824092263026,True,0.0,True,10.0,0.5,additive,True
0.18243243243243243,0.0,0.0,0.0,gaussian_noise,SKAB,fold_5,42,10,3,3,0.5,avg_negative_log,10,0.5108,0.9,,1581,454,1781,0.0024812824092263026,True,0.0,True,10.0,0.5,additive,True
0.21171171171171171,0.0,0.0,0.0,original,SKAB,fold_5,123,10,3,3,0.5,avg_negative_log,10,0.5108,0.9,,1581,454,1781,0.0024812824092263026,True,0.0,True,10.0,0.5,additive,True
0.25675675675675674,0.0,0.0,0.0,gaussian_noise,SKAB,fold_5,123,10,3,3,0.5,avg_negative_log,10,0.5108,0.9,,1581,454,1781,0.0024812824092263026,True,0.0,True,10.0,0.5,additive,True
0.21171171171171171,0.0,0.0,0.0,original,SKAB,fold_5,2026,10,3,3,0.5,avg_negative_log,10,0.5108,0.9,,1581,454,1781,0.0024812824092263026,True,0.0,True,10.0,0.5,additive,True
0.24774774774774774,0.0,0.0,0.0,gaussian_noise,SKAB,fold_5,2026,10,3,3,0.5,avg_negative_log,10,0.5108,0.9,,1581,454,1781,0.0024812824092263026,True,0.0,True,10.0,0.5,additive,True
0.21171171171171171,0.0,0.0,0.0,original,SKAB,fold_5,7,10,3,3,0.5,avg_negative_log,10,0.5108,0.9,,1581,454,1781,0.0024812824092263026,True,0.0,True,10.0,0.5,additive,True
0.22297297297297297,0.0,0.0,0.0,gaussian_noise,SKAB,fold_5,7,10,3,3,0.5,avg_negative_log,10,0.5108,0.9,,1581,454,1781,0.0024812824092263026,True,0.0,True,10.0,0.5,additive,True
0.21171171171171171,0.0,0.0,0.0,original,SKAB,fold_5,999,10,3,3,0.5,avg_negative_log,10,0.5108,0.9,,1581,454,1781,0.0024812824092263026,True,0.0,True,10.0,0.5,additive,True
0.16441441441441443,0.0,0.0,0.0,gaussian_noise,SKAB,fold_5,999,10,3,3,0.5,avg_negative_log,10,0.5108,0.9,,1581,454,1781,0.0024812824092263026,True,0.0,True,10.0,0.5,additive,True
0.7936507936507936,0.0,0.0,0.0,original,SKAB,fold_1,42,10,3,3,0.5,avg_negative_log,10,0.6931,0.9,,1158,338,1304,0.0033315959979969547,True,0.0,True,10.0,0.5,additive,True
0.7936507936507936,0.0,0.0,0.0,gaussian_noise,SKAB,fold_1,42,10,3,3,0.5,avg_negative_log,10,0.6931,0.9,,1158,338,1304,0.0033315959979969547,True,0.0,True,10.0,0.5,additive,True
0.7936507936507936,0.0,0.0,0.0,original,SKAB,fold_1,123,10,3,3,0.5,avg_negative_log,10,0.6931,0.9,,1158,338,1304,0.0033315959979969547,True,0.0,True,10.0,0.5,additive,True
0.7936507936507936,0.0,0.0,0.0,gaussian_noise,SKAB,fold_1,123,10,3,3,0.5,avg_negative_log,10,0.6931,0.9,,1158,338,1304,0.0033315959979969547,True,0.0,True,10.0,0.5,additive,True
0.7936507936507936,0.0,0.0,0.0,original,SKAB,fold_1,2026,10,3,3,0.5,avg_negative_log,10,0.6931,0.9,,1158,338,1304,0.0033315959979969547,True,0.0,True,10.0,0.5,additive,True
0.7936507936507936,0.0,0.0,0.0,gaussian_noise,SKAB,fold_1,2026,10,3,3,0.5,avg_negative_log,10,0.6931,0.9,,1158,338,1304,0.0033315959979969547,True,0.0,True,10.0,0.5,additive,True
0.7936507936507936,0.0,0.0,0.0,original,SKAB,fold_1,7,10,3,3,0.5,avg_negative_log,10,0.6931,0.9,,1158,338,1304,0.0033315959979969547,True,0.0,True,10.0,0.5,additive,True
0.7936507936507936,0.0,0.0,0.0,gaussian_noise,SKAB,fold_1,7,10,3,3,0.5,avg_negative_log,10,0.6931,0.9,,1158,338,1304,0.0033315959979969547,True,0.0,True,10.0,0.5,additive,True
0.7936507936507936,0.0,0.0,0.0,original,SKAB,fold_1,999,10,3,3,0.5,avg_negative_log,10,0.6931,0.9,,1158,338,1304,0.0033315959979969547,True,0.0,True,10.0,0.5,additive,True
0.7936507936507936,0.0,0.0,0.0,gaussian_noise,SKAB,fold_1,999,10,3,3,0.5,avg_negative_log,10,0.6931,0.9,,1158,338,1304,0.0033315959979969547,True,0.0,True,10.0,0.5,additive,True
0.4009111617312073,0.0,0.0,0.0,original,SKAB,fold_2,42,10,3,3,0.5,avg_negative_log,10,0.6931,0.9,,1531,456,1677,0.002402110763518856,True,0.0,True,10.0,0.5,additive,True
0.4009111617312073,0.0,0.0,0.0,gaussian_noise,SKAB,fold_2,42,10,3,3,0.5,avg_negative_log,10,0.6931,0.9,,1531,456,1677,0.002402110763518856,True,0.0,True,10.0,0.5,additive,True
0.4009111617312073,0.0,0.0,0.0,original,SKAB,fold_2,123,10,3,3,0.5,avg_negative_log,10,0.6931,0.9,,1531,456,1677,0.002402110763518856,True,0.0,True,10.0,0.5,additive,True
0.4031890660592255,0.0,0.0,0.0,gaussian_noise,SKAB,fold_2,123,10,3,3,0.5,avg_negative_log,10,0.6931,0.9,,1531,456,1677,0.002402110763518856,True,0.0,True,10.0,0.5,additive,True
0.4009111617312073,0.0,0.0,0.0,original,SKAB,fold_2,2026,10,3,3,0.5,avg_negative_log,10,0.6931,0.9,,1531,456,1677,0.002402110763518856,True,0.0,True,10.0,0.5,additive,True
0.4009111617312073,0.0,0.0,0.0,gaussian_noise,SKAB,fold_2,2026,10,3,3,0.5,avg_negative_log,10,0.6931,0.9,,1531,456,1677,0.002402110763518856,True,0.0,True,10.0,0.5,additive,True
0.4009111617312073,0.0,0.0,0.0,original,SKAB,fold_2,7,10,3,3,0.5,avg_negative_log,10,0.6931,0.9,,1531,456,1677,0.002402110763518856,True,0.0,True,10.0,0.5,additive,True
0.4009111617312073,0.0,0.0,0.0,gaussian_noise,SKAB,fold_2,7,10,3,3,0.5,avg_negative_log,10,0.6931,0.9,,1531,456,1677,0.002402110763518856,True,0.0,True,10.0,0.5,additive,True
0.4009111617312073,0.0,0.0,0.0,original,SKAB,fold_2,999,10,3,3,0.5,avg_negative_log,10,0.6931,0.9,,1531,456,1677,0.002402110763518856,True,0.0,True,10.0,0.5,additive,True
0.4009111617312073,0.0,0.0,0.0,gaussian_noise,SKAB,fold_2,999,10,3,3,0.5,avg_negative_log,10,0.6931,0.9,,1531,456,1677,0.002402110763518856,True,0.0,True,10.0,0.5,additive,True
0.36674259681093396,0.0,0.0,0.0,original,SKAB,fold_3,42,10,3,3,0.5,avg_negative_log,10,0.6931,0.9,,1539,455,1695,0.002420581367949789,True,0.0,True,10.0,0.5,additive,True
0.36674259681093396,0.0,0.0,0.0,gaussian_noise,SKAB,fold_3,42,10,3,3,0.5,avg_negative_log,10,0.6931,0.9,,1539,455,1695,0.002420581367949789,True,0.0,True,10.0,0.5,additive,True
0.36674259681093396,0.0,0.0,0.0,original,SKAB,fold_3,123,10,3,3,0.5,avg_negative_log,10,0.6931,0.9,,1539,455,1695,0.002420581367949789,True,0.0,True,10.0,0.5,additive,True
0.4191343963553531,0.0,0.0,0.0,gaussian_noise,SKAB,fold_3,123,10,3,3,0.5,avg_negative_log,10,0.6931,0.9,,1539,455,1695,0.002420581367949789,True,0.0,True,10.0,0.5,additive,True
0.36674259681093396,0.0,0.0,0.0,original,SKAB,fold_3,2026,10,3,3,0.5,avg_negative_log,10,0.6931,0.9,,1539,455,1695,0.002420581367949789,True,0.0,True,10.0,0.5,additive,True
0.39863325740318906,0.0,0.0,0.0,gaussian_noise,SKAB,fold_3,2026,10,3,3,0.5,avg_negative_log,10,0.6931,0.9,,1539,455,1695,0.002420581367949789,True,0.0,True,10.0,0.5,additive,True
0.36674259681093396,0.0,0.0,0.0,original,SKAB,fold_3,7,10,3,3,0.5,avg_negative_log,10,0.6931,0.9,,1539,455,1695,0.002420581367949789,True,0.0,True,10.0,0.5,additive,True
0.3690205011389522,0.0,0.0,0.0,gaussian_noise,SKAB,fold_3,7,10,3,3,0.5,avg_negative_log,10,0.6931,0.9,,1539,455,1695,0.002420581367949789,True,0.0,True,10.0,0.5,additive,True
0.36674259681093396,0.0,0.0,0.0,original,SKAB,fold_3,999,10,3,3,0.5,avg_negative_log,10,0.6931,0.9,,1539,455,1695,0.002420581367949789,True,0.0,True,10.0,0.5,additive,True
0.39635535307517084,0.0,0.0,0.0,gaussian_noise,SKAB,fold_3,999,10,3,3,0.5,avg_negative_log,10,0.6931,0.9,,1539,455,1695,0.002420581367949789,True,0.0,True,10.0,0.5,additive,True
0.3903002309468822,0.0,0.0,0.0,original,SKAB,fold_4,42,10,3,3,0.5,avg_negative_log,10,0.6931,0.9,,1526,443,1698,0.002511767438145138,True,0.0,True,10.0,0.5,additive,True
0.38799076212471134,0.0,0.0,0.0,gaussian_noise,SKAB,fold_4,42,10,3,3,0.5,avg_negative_log,10,0.6931,0.9,,1526,443,1698,0.002511767438145138,True,0.0,True,10.0,0.5,additive,True
0.3903002309468822,0.0,0.0,0.0,original,SKAB,fold_4,123,10,3,3,0.5,avg_negative_log,10,0.6931,0.9,,1526,443,1698,0.002511767438145138,True,0.0,True,10.0,0.5,additive,True
0.3833718244803695,0.0,0.0,0.0,gaussian_noise,SKAB,fold_4,123,10,3,3,0.5,avg_negative_log,10,0.6931,0.9,,1526,443,1698,0.002511767438145138,True,0.0,True,10.0,0.5,additive,True
0.3903002309468822,0.0,0.0,0.0,original,SKAB,fold_4,2026,10,3,3,0.5,avg_negative_log,10,0.6931,0.9,,1526,443,1698,0.002511767438145138,True,0.0,True,10.0,0.5,additive,True
0.3741339491916859,0.0,0.0,0.0,gaussian_noise,SKAB,fold_4,2026,10,3,3,0.5,avg_negative_log,10,0.6931,0.9,,1526,443,1698,0.002511767438145138,True,0.0,True,10.0,0.5,additive,True
0.3903002309468822,0.0,0.0,0.0,original,SKAB,fold_4,7,10,3,3,0.5,avg_negative_log,10,0.6931,0.9,,1526,443,1698,0.002511767438145138,True,0.0,True,10.0,0.5,additive,True
0.3787528868360277,0.0,0.0,0.0,gaussian_noise,SKAB,fold_4,7,10,3,3,0.5,avg_negative_log,10,0.6931,0.9,,1526,443,1698,0.002511767438145138,True,0.0,True,10.0,0.5,additive,True
0.3903002309468822,0.0,0.0,0.0,original,SKAB,fold_4,999,10,3,3,0.5,avg_negative_log,10,0.6931,0.9,,1526,443,1698,0.002511767438145138,True,0.0,True,10.0,0.5,additive,True
0.3787528868360277,0.0,0.0,0.0,gaussian_noise,SKAB,fold_4,999,10,3,3,0.5,avg_negative_log,10,0.6931,0.9,,1526,443,1698,0.002511767438145138,True,0.0,True,10.0,0.5,additive,True
0.21171171171171171,0.0,0.0,0.0,original,SKAB,fold_5,42,10,3,3,0.5,avg_negative_log,10,0.6931,0.9,,1581,454,1781,0.0024812824092263026,True,0.0,True,10.0,0.5,additive,True
0.18243243243243243,0.0,0.0,0.0,gaussian_noise,SKAB,fold_5,42,10,3,3,0.5,avg_negative_log,10,0.6931,0.9,,1581,454,1781,0.0024812824092263026,True,0.0,True,10.0,0.5,additive,True
0.21171171171171171,0.0,0.0,0.0,original,SKAB,fold_5,123,10,3,3,0.5,avg_negative_log,10,0.6931,0.9,,1581,454,1781,0.0024812824092263026,True,0.0,True,10.0,0.5,additive,True
0.25675675675675674,0.0,0.0,0.0,gaussian_noise,SKAB,fold_5,123,10,3,3,0.5,avg_negative_log,10,0.6931,0.9,,1581,454,1781,0.0024812824092263026,True,0.0,True,10.0,0.5,additive,True
0.21171171171171171,0.0,0.0,0.0,original,SKAB,fold_5,2026,10,3,3,0.5,avg_negative_log,10,0.6931,0.9,,1581,454,1781,0.0024812824092263026,True,0.0,True,10.0,0.5,additive,True
0.24774774774774774,0.0,0.0,0.0,gaussian_noise,SKAB,fold_5,2026,10,3,3,0.5,avg_negative_log,10,0.6931,0.9,,1581,454,1781,0.0024812824092263026,True,0.0,True,10.0,0.5,additive,True
0.21171171171171171,0.0,0.0,0.0,original,SKAB,fold_5,7,10,3,3,0.5,avg_negative_log,10,0.6931,0.9,,1581,454,1781,0.0024812824092263026,True,0.0,True,10.0,0.5,additive,True
0.22297297297297297,0.0,0.0,0.0,gaussian_noise,SKAB,fold_5,7,10,3,3,0.5,avg_negative_log,10,0.6931,0.9,,1581,454,1781,0.0024812824092263026,True,0.0,True,10.0,0.5,additive,True
0.21171171171171171,0.0,0.0,0.0,original,SKAB,fold_5,999,10,3,3,0.5,avg_negative_log,10,0.6931,0.9,,1581,454,1781,0.0024812824092263026,True,0.0,True,10.0,0.5,additive,True
0.16441441441441443,0.0,0.0,0.0,gaussian_noise,SKAB,fold_5,999,10,3,3,0.5,avg_negative_log,10,0.6931,0.9,,1581,454,1781,0.0024812824092263026,True,0.0,True,10.0,0.5,additive,True
0.7959183673469388,0.0,0.0,0.0,original,SKAB,fold_1,42,10,3,3,0.5,avg_negative_log,10,0.9163,0.9,,1158,338,1304,0.0033315959979969547,True,0.0,True,10.0,0.5,additive,True
0.7959183673469388,0.0,0.0,0.0,gaussian_noise,SKAB,fold_1,42,10,3,3,0.5,avg_negative_log,10,0.9163,0.9,,1158,338,1304,0.0033315959979969547,True,0.0,True,10.0,0.5,additive,True
0.7959183673469388,0.0,0.0,0.0,original,SKAB,fold_1,123,10,3,3,0.5,avg_negative_log,10,0.9163,0.9,,1158,338,1304,0.0033315959979969547,True,0.0,True,10.0,0.5,additive,True
0.7959183673469388,0.0,0.0,0.0,gaussian_noise,SKAB,fold_1,123,10,3,3,0.5,avg_negative_log,10,0.9163,0.9,,1158,338,1304,0.0033315959979969547,True,0.0,True,10.0,0.5,additive,True
0.7959183673469388,0.0,0.0,0.0,original,SKAB,fold_1,2026,10,3,3,0.5,avg_negative_log,10,0.9163,0.9,,1158,338,1304,0.0033315959979969547,True,0.0,True,10.0,0.5,additive,True
0.7959183673469388,0.0,0.0,0.0,gaussian_noise,SKAB,fold_1,2026,10,3,3,0.5,avg_negative_log,10,0.9163,0.9,,1158,338,1304,0.0033315959979969547,True,0.0,True,10.0,0.5,additive,True
0.7959183673469388,0.0,0.0,0.0,original,SKAB,fold_1,7,10,3,3,0.5,avg_negative_log,10,0.9163,0.9,,1158,338,1304,0.0033315959979969547,True,0.0,True,10.0,0.5,additive,True
0.7959183673469388,0.0,0.0,0.0,gaussian_noise,SKAB,fold_1,7,10,3,3,0.5,avg_negative_log,10,0.9163,0.9,,1158,338,1304,0.0033315959979969547,True,0.0,True,10.0,0.5,additive,True
0.7959183673469388,0.0,0.0,0.0,original,SKAB,fold_1,999,10,3,3,0.5,avg_negative_log,10,0.9163,0.9,,1158,338,1304,0.0033315959979969547,True,0.0,True,10.0,0.5,additive,True
0.7959183673469388,0.0,0.0,0.0,gaussian_noise,SKAB,fold_1,999,10,3,3,0.5,avg_negative_log,10,0.9163,0.9,,1158,338,1304,0.0033315959979969547,True,0.0,True,10.0,0.5,additive,True
0.4123006833712984,0.0,0.0,0.0,original,SKAB,fold_2,42,10,3,3,0.5,avg_negative_log,10,0.9163,0.9,,1531,456,1677,0.002402110763518856,True,0.0,True,10.0,0.5,additive,True
0.4123006833712984,0.0,0.0,0.0,gaussian_noise,SKAB,fold_2,42,10,3,3,0.5,avg_negative_log,10,0.9163,0.9,,1531,456,1677,0.002402110763518856,True,0.0,True,10.0,0.5,additive,True
0.4123006833712984,0.0,0.0,0.0,original,SKAB,fold_2,123,10,3,3,0.5,avg_negative_log,10,0.9163,0.9,,1531,456,1677,0.002402110763518856,True,0.0,True,10.0,0.5,additive,True
0.4145785876993166,0.0,0.0,0.0,gaussian_noise,SKAB,fold_2,123,10,3,3,0.5,avg_negative_log,10,0.9163,0.9,,1531,456,1677,0.002402110763518856,True,0.0,True,10.0,0.5,additive,True
0.4123006833712984,0.0,0.0,0.0,original,SKAB,fold_2,2026,10,3,3,0.5,avg_negative_log,10,0.9163,0.9,,1531,456,1677,0.002402110763518856,True,0.0,True,10.0,0.5,additive,True
0.4123006833712984,0.0,0.0,0.0,gaussian_noise,SKAB,fold_2,2026,10,3,3,0.5,avg_negative_log,10,0.9163,0.9,,1531,456,1677,0.002402110763518856,True,0.0,True,10.0,0.5,additive,True
0.4123006833712984,0.0,0.0,0.0,original,SKAB,fold_2,7,10,3,3,0.5,avg_negative_log,10,0.9163,0.9,,1531,456,1677,0.002402110763518856,True,0.0,True,10.0,0.5,additive,True
0.4123006833712984,0.0,0.0,0.0,gaussian_noise,SKAB,fold_2,7,10,3,3,0.5,avg_negative_log,10,0.9163,0.9,,1531,456,1677,0.002402110763518856,True,0.0,True,10.0,0.5,additive,True
0.4123006833712984,0.0,0.0,0.0,original,SKAB,fold_2,999,10,3,3,0.5,avg_negative_log,10,0.9163,0.9,,1531,456,1677,0.002402110763518856,True,0.0,True,10.0,0.5,additive,True
0.4123006833712984,0.0,0.0,0.0,gaussian_noise,SKAB,fold_2,999,10,3,3,0.5,avg_negative_log,10,0.9163,0.9,,1531,456,1677,0.002402110763518856,True,0.0,True,10.0,0.5,additive,True
0.3804100227790433,0.0,0.0,0.0,original,SKAB,fold_3,42,10,3,3,0.5,avg_negative_log,10,0.9163,0.9,,1539,455,1695,0.002420581367949789,True,0.0,True,10.0,0.5,additive,True
0.3804100227790433,0.0,0.0,0.0,gaussian_noise,SKAB,fold_3,42,10,3,3,0.5,avg_negative_log,10,0.9163,0.9,,1539,455,1695,0.002420581367949789,True,0.0,True,10.0,0.5,additive,True
0.3804100227790433,0.0,0.0,0.0,original,SKAB,fold_3,123,10,3,3,0.5,avg_negative_log,10,0.9163,0.9,,1539,455,1695,0.002420581367949789,True,0.0,True,10.0,0.5,additive,True
0.4328018223234624,0.0,0.0,0.0,gaussian_noise,SKAB,fold_3,123,10,3,3,0.5,avg_negative_log,10,0.9163,0.9,,1539,455,1695,0.002420581367949789,True,0.0,True,10.0,0.5,additive,True
0.3804100227790433,0.0,0.0,0.0,original,SKAB,fold_3,2026,10,3,3,0.5,avg_negative_log,10,0.9163,0.9,,1539,455,1695,0.002420581367949789,True,0.0,True,10.0,0.5,additive,True
0.4123006833712984,0.0,0.0,0.0,gaussian_noise,SKAB,fold_3,2026,10,3,3,0.5,avg_negative_log,10,0.9163,0.9,,1539,455,1695,0.002420581367949789,True,0.0,True,10.0,0.5,additive,True
0.3804100227790433,0.0,0.0,0.0,original,SKAB,fold_3,7,10,3,3,0.5,avg_negative_log,10,0.9163,0.9,,1539,455,1695,0.002420581367949789,True,0.0,True,10.0,0.5,additive,True
0.3826879271070615,0.0,0.0,0.0,gaussian_noise,SKAB,fold_3,7,10,3,3,0.5,avg_negative_log,10,0.9163,0.9,,1539,455,1695,0.002420581367949789,True,0.0,True,10.0,0.5,additive,True
0.3804100227790433,0.0,0.0,0.0,original,SKAB,fold_3,999,10,3,3,0.5,avg_negative_log,10,0.9163,0.9,,1539,455,1695,0.002420581367949789,True,0.0,True,10.0,0.5,additive,True
0.41002277904328016,0.0,0.0,0.0,gaussian_noise,SKAB,fold_3,999,10,3,3,0.5,avg_negative_log,10,0.9163,0.9,,1539,455,1695,0.002420581367949789,True,0.0,True,10.0,0.5,additive,True
0.40415704387990764,0.0,0.0,0.0,original,SKAB,fold_4,42,10,3,3,0.5,avg_negative_log,10,0.9163,0.9,,1526,443,1698,0.002511767438145138,True,0.0,True,10.0,0.5,additive,True
0.4018475750577367,0.0,0.0,0.0,gaussian_noise,SKAB,fold_4,42,10,3,3,0.5,avg_negative_log,10,0.9163,0.9,,1526,443,1698,0.002511767438145138,True,0.0,True,10.0,0.5,additive,True
0.40415704387990764,0.0,0.0,0.0,original,SKAB,fold_4,123,10,3,3,0.5,avg_negative_log,10,0.9163,0.9,,1526,443,1698,0.002511767438145138,True,0.0,True,10.0,0.5,additive,True
0.39260969976905313,0.0,0.0,0.0,gaussian_noise,SKAB,fold_4,123,10,3,3,0.5,avg_negative_log,10,0.9163,0.9,,1526,443,1698,0.002511767438145138,True,0.0,True,10.0,0.5,additive,True
0.40415704387990764,0.0,0.0,0.0,original,SKAB,fold_4,2026,10,3,3,0.5,avg_negative_log,10,0.9163,0.9,,1526,443,1698,0.002511767438145138,True,0.0,True,10.0,0.5,additive,True
0.3833718244803695,0.0,0.0,0.0,gaussian_noise,SKAB,fold_4,2026,10,3,3,0.5,avg_negative_log,10,0.9163,0.9,,1526,443,1698,0.002511767438145138,True,0.0,True,10.0,0.5,additive,True
0.40415704387990764,0.0,0.0,0.0,original,SKAB,fold_4,7,10,3,3,0.5,avg_negative_log,10,0.9163,0.9,,1526,443,1698,0.002511767438145138,True,0.0,True,10.0,0.5,additive,True
0.38799076212471134,0.0,0.0,0.0,gaussian_noise,SKAB,fold_4,7,10,3,3,0.5,avg_negative_log,10,0.9163,0.9,,1526,443,1698,0.002511767438145138,True,0.0,True,10.0,0.5,additive,True
0.40415704387990764,0.0,0.0,0.0,original,SKAB,fold_4,999,10,3,3,0.5,avg_negative_log,10,0.9163,0.9,,1526,443,1698,0.002511767438145138,True,0.0,True,10.0,0.5,additive,True
0.38799076212471134,0.0,0.0,0.0,gaussian_noise,SKAB,fold_4,999,10,3,3,0.5,avg_negative_log,10,0.9163,0.9,,1526,443,1698,0.002511767438145138,True,0.0,True,10.0,0.5,additive,True
0.22522522522522523,0.0,0.0,0.0,original,SKAB,fold_5,42,10,3,3,0.5,avg_negative_log,10,0.9163,0.9,,1581,454,1781,0.0024812824092263026,True,0.0,True,10.0,0.5,additive,True
0.19594594594594594,0.0,0.0,0.0,gaussian_noise,SKAB,fold_5,42,10,3,3,0.5,avg_negative_log,10,0.9163,0.9,,1581,454,1781,0.0024812824092263026,True,0.0,True,10.0,0.5,additive,True
0.22522522522522523,0.0,0.0,0.0,original,SKAB,fold_5,123,10,3,3,0.5,avg_negative_log,10,0.9163,0.9,,1581,454,1781,0.0024812824092263026,True,0.0,True,10.0,0.5,additive,True
0.268018018018018,0.0,0.0,0.0,gaussian_noise,SKAB,fold_5,123,10,3,3,0.5,avg_negative_log,10,0.9163,0.9,,1581,454,1781,0.0024812824092263026,True,0.0,True,10.0,0.5,additive,True
0.22522522522522523,0.0,0.0,0.0,original,SKAB,fold_5,2026,10,3,3,0.5,avg_negative_log,10,0.9163,0.9,,1581,454,1781,0.0024812824092263026,True,0.0,True,10.0,0.5,additive,True
0.25900900900900903,0.0,0.0,0.0,gaussian_noise,SKAB,fold_5,2026,10,3,3,0.5,avg_negative_log,10,0.9163,0.9,,1581,454,1781,0.0024812824092263026,True,0.0,True,10.0,0.5,additive,True
0.22522522522522523,0.0,0.0,0.0,original,SKAB,fold_5,7,10,3,3,0.5,avg_negative_log,10,0.9163,0.9,,1581,454,1781,0.0024812824092263026,True,0.0,True,10.0,0.5,additive,True
0.23423423423423423,0.0,0.0,0.0,gaussian_noise,SKAB,fold_5,7,10,3,3,0.5,avg_negative_log,10,0.9163,0.9,,1581,454,1781,0.0024812824092263026,True,0.0,True,10.0,0.5,additive,True
0.22522522522522523,0.0,0.0,0.0,original,SKAB,fold_5,999,10,3,3,0.5,avg_negative_log,10,0.9163,0.9,,1581,454,1781,0.0024812824092263026,True,0.0,True,10.0,0.5,additive,True
0.17792792792792791,0.0,0.0,0.0,gaussian_noise,SKAB,fold_5,999,10,3,3,0.5,avg_negative_log,10,0.9163,0.9,,1581,454,1781,0.0024812824092263026,True,0.0,True,10.0,0.5,additive,True
