accuracy,precision,recall,f1_score,scenario,dataset,fold,seed,window_size,alphabet_size,model_variant,suffix_max_order,suffix_min_context_count,suffix_smoothing_alpha,anomaly_threshold,num_states,num_contexts,num_transitions,transition_density,search_type,candidate_id
0.7606666666666667,0.92,0.11471321695760599,0.2039911308203991,original,SKAB,fold_1,42,3,3,probabilistic_suffix_tree,2,1,0.1,0.5,22,66,147,0.1012396694214876,skab_fold_aware_refined_search,1
0.762,0.9230769230769231,0.11970074812967581,0.2119205298013245,gaussian_noise,SKAB,fold_1,42,3,3,probabilistic_suffix_tree,2,1,0.1,0.5,22,66,147,0.1012396694214876,skab_fold_aware_refined_search,1
0.0,0.0,0.0,0.0,unseen_data,SKAB,fold_1,42,3,3,probabilistic_suffix_tree,2,1,0.1,0.5,22,66,147,0.1012396694214876,skab_fold_aware_refined_search,1
0.7309236947791165,0.5,0.3358208955223881,0.4017857142857143,original,SKAB,fold_2,42,3,3,probabilistic_suffix_tree,2,1,0.1,0.5,18,55,125,0.12626262626262627,skab_fold_aware_refined_search,1
0.7262382864792504,0.4875444839857651,0.3407960199004975,0.4011713030746706,gaussian_noise,SKAB,fold_2,42,3,3,probabilistic_suffix_tree,2,1,0.1,0.5,18,55,125,0.12626262626262627,skab_fold_aware_refined_search,1
0.0,0.0,0.0,0.0,unseen_data,SKAB,fold_2,42,3,3,probabilistic_suffix_tree,2,1,0.1,0.5,18,55,125,0.12626262626262627,skab_fold_aware_refined_search,1
0.6485943775100401,0.28716216216216217,0.21303258145363407,0.2446043165467626,original,SKAB,fold_3,42,3,3,probabilistic_suffix_tree,2,1,0.1,0.5,19,57,127,0.1172668513388735,skab_fold_aware_refined_search,1
0.6445783132530121,0.28,0.21052631578947367,0.24034334763948498,gaussian_noise,SKAB,fold_3,42,3,3,probabilistic_suffix_tree,2,1,0.1,0.5,19,57,127,0.1172668513388735,skab_fold_aware_refined_search,1
0.4,0.25,1.0,0.4,unseen_data,SKAB,fold_3,42,3,3,probabilistic_suffix_tree,2,1,0.1,0.5,19,57,127,0.1172668513388735,skab_fold_aware_refined_search,1
0.6261872455902306,0.14814814814814814,0.08020050125313283,0.1040650406504065,original,SKAB,fold_4,42,3,3,probabilistic_suffix_tree,2,1,0.1,0.5,19,57,127,0.1172668513388735,skab_fold_aware_refined_search,1
0.6058344640434192,0.11764705882352941,0.07017543859649122,0.08791208791208792,gaussian_noise,SKAB,fold_4,42,3,3,probabilistic_suffix_tree,2,1,0.1,0.5,19,57,127,0.1172668513388735,skab_fold_aware_refined_search,1
0.0,0.0,0.0,0.0,unseen_data,SKAB,fold_4,42,3,3,probabilistic_suffix_tree,2,1,0.1,0.5,19,57,127,0.1172668513388735,skab_fold_aware_refined_search,1
0.6161482461945731,0.2909930715935335,0.3157894736842105,0.30288461538461536,original,SKAB,fold_5,42,3,3,probabilistic_suffix_tree,2,1,0.1,0.5,20,60,133,0.11083333333333334,skab_fold_aware_refined_search,1
0.6161482461945731,0.2909930715935335,0.3157894736842105,0.30288461538461536,gaussian_noise,SKAB,fold_5,42,3,3,probabilistic_suffix_tree,2,1,0.1,0.5,20,60,133,0.11083333333333334,skab_fold_aware_refined_search,1
0.0,0.0,0.0,0.0,unseen_data,SKAB,fold_5,42,3,3,probabilistic_suffix_tree,2,1,0.1,0.5,20,60,133,0.11083333333333334,skab_fold_aware_refined_search,1
0.764,0.8309859154929577,0.14713216957605985,0.25,original,SKAB,fold_1,42,3,3,probabilistic_suffix_tree,2,1,0.1,0.7,22,66,147,0.1012396694214876,skab_fold_aware_refined_search,2
0.7653333333333333,0.8450704225352113,0.14962593516209477,0.2542372881355932,gaussian_noise,SKAB,fold_1,42,3,3,probabilistic_suffix_tree,2,1,0.1,0.7,22,66,147,0.1012396694214876,skab_fold_aware_refined_search,2
0.0,0.0,0.0,0.0,unseen_data,SKAB,fold_1,42,3,3,probabilistic_suffix_tree,2,1,0.1,0.7,22,66,147,0.1012396694214876,skab_fold_aware_refined_search,2
0.7202141900937081,0.48148148148148145,0.5174129353233831,0.4988009592326139,original,SKAB,fold_2,42,3,3,probabilistic_suffix_tree,2,1,0.1,0.7,18,55,125,0.12626262626262627,skab_fold_aware_refined_search,2
0.6994645247657296,0.44719101123595506,0.49502487562189057,0.46989374262101535,gaussian_noise,SKAB,fold_2,42,3,3,probabilistic_suffix_tree,2,1,0.1,0.7,18,55,125,0.12626262626262627,skab_fold_aware_refined_search,2
0.0,0.0,0.0,0.0,unseen_data,SKAB,fold_2,42,3,3,probabilistic_suffix_tree,2,1,0.1,0.7,18,55,125,0.12626262626262627,skab_fold_aware_refined_search,2
0.5890227576974565,0.27835051546391754,0.3383458646616541,0.3054298642533937,original,SKAB,fold_3,42,3,3,probabilistic_suffix_tree,2,1,0.1,0.7,19,57,127,0.1172668513388735,skab_fold_aware_refined_search,2
0.5863453815261044,0.2751540041067762,0.3358395989974937,0.30248306997742663,gaussian_noise,SKAB,fold_3,42,3,3,probabilistic_suffix_tree,2,1,0.1,0.7,19,57,127,0.1172668513388735,skab_fold_aware_refined_search,2
0.2,0.2,1.0,0.3333333333333333,unseen_data,SKAB,fold_3,42,3,3,probabilistic_suffix_tree,2,1,0.1,0.7,19,57,127,0.1172668513388735,skab_fold_aware_refined_search,2
0.5495251017639078,0.1267605633802817,0.11278195488721804,0.11936339522546419,original,SKAB,fold_4,42,3,3,probabilistic_suffix_tree,2,1,0.1,0.7,19,57,127,0.1172668513388735,skab_fold_aware_refined_search,2
0.533921302578019,0.11497326203208556,0.10776942355889724,0.111254851228978,gaussian_noise,SKAB,fold_4,42,3,3,probabilistic_suffix_tree,2,1,0.1,0.7,19,57,127,0.1172668513388735,skab_fold_aware_refined_search,2
0.0,0.0,0.0,0.0,unseen_data,SKAB,fold_4,42,3,3,probabilistic_suffix_tree,2,1,0.1,0.7,19,57,127,0.1172668513388735,skab_fold_aware_refined_search,2
0.5698213103904699,0.3029827315541601,0.48370927318295737,0.37258687258687256,original,SKAB,fold_5,42,3,3,probabilistic_suffix_tree,2,1,0.1,0.7,20,60,133,0.11083333333333334,skab_fold_aware_refined_search,2
0.557246856386499,0.29545454545454547,0.48872180451127817,0.36827195467422097,gaussian_noise,SKAB,fold_5,42,3,3,probabilistic_suffix_tree,2,1,0.1,0.7,20,60,133,0.11083333333333334,skab_fold_aware_refined_search,2
0.0,0.0,0.0,0.0,unseen_data,SKAB,fold_5,42,3,3,probabilistic_suffix_tree,2,1,0.1,0.7,20,60,133,0.11083333333333334,skab_fold_aware_refined_search,2
0.7826666666666666,0.5792811839323467,0.683291770573566,0.6270022883295194,original,SKAB,fold_1,42,3,3,probabilistic_suffix_tree,2,1,0.1,0.9,22,66,147,0.1012396694214876,skab_fold_aware_refined_search,3
0.7893333333333333,0.587991718426501,0.7082294264339152,0.6425339366515838,gaussian_noise,SKAB,fold_1,42,3,3,probabilistic_suffix_tree,2,1,0.1,0.9,22,66,147,0.1012396694214876,skab_fold_aware_refined_search,3
0.0,0.0,0.0,0.0,unseen_data,SKAB,fold_1,42,3,3,probabilistic_suffix_tree,2,1,0.1,0.9,22,66,147,0.1012396694214876,skab_fold_aware_refined_search,3
0.7188755020080321,0.48314606741573035,0.6417910447761194,0.5512820512820513,original,SKAB,fold_2,42,3,3,probabilistic_suffix_tree,2,1,0.1,0.9,18,55,125,0.12626262626262627,skab_fold_aware_refined_search,3
0.6954484605087015,0.4517304189435337,0.6169154228855721,0.5215562565720294,gaussian_noise,SKAB,fold_2,42,3,3,probabilistic_suffix_tree,2,1,0.1,0.9,18,55,125,0.12626262626262627,skab_fold_aware_refined_search,3
0.0,0.0,0.0,0.0,unseen_data,SKAB,fold_2,42,3,3,probabilistic_suffix_tree,2,1,0.1,0.9,18,55,125,0.12626262626262627,skab_fold_aware_refined_search,3
0.5421686746987951,0.2621035058430718,0.39348370927318294,0.31462925851703405,original,SKAB,fold_3,42,3,3,probabilistic_suffix_tree,2,1,0.1,0.9,19,57,127,0.1172668513388735,skab_fold_aware_refined_search,3
0.5394912985274432,0.259567387687188,0.39097744360902253,0.312,gaussian_noise,SKAB,fold_3,42,3,3,probabilistic_suffix_tree,2,1,0.1,0.9,19,57,127,0.1172668513388735,skab_fold_aware_refined_search,3
0.2,0.2,1.0,0.3333333333333333,unseen_data,SKAB,fold_3,42,3,3,probabilistic_suffix_tree,2,1,0.1,0.9,19,57,127,0.1172668513388735,skab_fold_aware_refined_search,3
0.4891451831750339,0.12017167381974249,0.14035087719298245,0.12947976878612716,original,SKAB,fold_4,42,3,3,probabilistic_suffix_tree,2,1,0.1,0.9,19,57,127,0.1172668513388735,skab_fold_aware_refined_search,3
0.47829036635006783,0.11618257261410789,0.14035087719298245,0.1271282633371169,gaussian_noise,SKAB,fold_4,42,3,3,probabilistic_suffix_tree,2,1,0.1,0.9,19,57,127,0.1172668513388735,skab_fold_aware_refined_search,3
0.0,0.0,0.0,0.0,unseen_data,SKAB,fold_4,42,3,3,probabilistic_suffix_tree,2,1,0.1,0.9,19,57,127,0.1172668513388735,skab_fold_aware_refined_search,3
0.43613500992720056,0.26625386996904027,0.6466165413533834,0.37719298245614036,original,SKAB,fold_5,42,3,3,probabilistic_suffix_tree,2,1,0.1,0.9,20,60,133,0.11083333333333334,skab_fold_aware_refined_search,3
0.4248841826604897,0.26262626262626265,0.6516290726817042,0.3743700503959683,gaussian_noise,SKAB,fold_5,42,3,3,probabilistic_suffix_tree,2,1,0.1,0.9,20,60,133,0.11083333333333334,skab_fold_aware_refined_search,3
0.0,0.0,0.0,0.0,unseen_data,SKAB,fold_5,42,3,3,probabilistic_suffix_tree,2,1,0.1,0.9,20,60,133,0.11083333333333334,skab_fold_aware_refined_search,3
0.762,0.8793103448275862,0.12718204488778054,0.2222222222222222,original,SKAB,fold_1,42,3,3,probabilistic_suffix_tree,2,1,0.5,0.5,22,66,147,0.1012396694214876,skab_fold_aware_refined_search,4
0.762,0.8928571428571429,0.12468827930174564,0.2188183807439825,gaussian_noise,SKAB,fold_1,42,3,3,probabilistic_suffix_tree,2,1,0.5,0.5,22,66,147,0.1012396694214876,skab_fold_aware_refined_search,4
0.0,0.0,0.0,0.0,unseen_data,SKAB,fold_1,42,3,3,probabilistic_suffix_tree,2,1,0.5,0.5,22,66,147,0.1012396694214876,skab_fold_aware_refined_search,4
0.7228915662650602,0.4820359281437126,0.40049751243781095,0.4375,original,SKAB,fold_2,42,3,3,probabilistic_suffix_tree,2,1,0.5,0.5,18,55,125,0.12626262626262627,skab_fold_aware_refined_search,4
0.714190093708166,0.46418338108882523,0.40298507462686567,0.43142476697736354,gaussian_noise,SKAB,fold_2,42,3,3,probabilistic_suffix_tree,2,1,0.5,0.5,18,55,125,0.12626262626262627,skab_fold_aware_refined_search,4
0.0,0.0,0.0,0.0,unseen_data,SKAB,fold_2,42,3,3,probabilistic_suffix_tree,2,1,0.5,0.5,18,55,125,0.12626262626262627,skab_fold_aware_refined_search,4
0.6345381526104418,0.28059701492537314,0.23558897243107768,0.2561307901907357,original,SKAB,fold_3,42,3,3,probabilistic_suffix_tree,2,1,0.5,0.5,19,57,127,0.1172668513388735,skab_fold_aware_refined_search,4
0.6305220883534136,0.2756598240469208,0.23558897243107768,0.25405405405405407,gaussian_noise,SKAB,fold_3,42,3,3,probabilistic_suffix_tree,2,1,0.5,0.5,19,57,127,0.1172668513388735,skab_fold_aware_refined_search,4
0.4,0.25,1.0,0.4,unseen_data,SKAB,fold_3,42,3,3,probabilistic_suffix_tree,2,1,0.5,0.5,19,57,127,0.1172668513388735,skab_fold_aware_refined_search,4
0.6044776119402985,0.1349206349206349,0.08521303258145363,0.10445468509984639,original,SKAB,fold_4,42,3,3,probabilistic_suffix_tree,2,1,0.5,0.5,19,57,127,0.1172668513388735,skab_fold_aware_refined_search,4
0.5848032564450475,0.11272727272727273,0.07769423558897243,0.09198813056379822,gaussian_noise,SKAB,fold_4,42,3,3,probabilistic_suffix_tree,2,1,0.5,0.5,19,57,127,0.1172668513388735,skab_fold_aware_refined_search,4
0.0,0.0,0.0,0.0,unseen_data,SKAB,fold_4,42,3,3,probabilistic_suffix_tree,2,1,0.5,0.5,19,57,127,0.1172668513388735,skab_fold_aware_refined_search,4
0.6108537392455328,0.3321492007104796,0.46867167919799496,0.3887733887733888,original,SKAB,fold_5,42,3,3,probabilistic_suffix_tree,2,1,0.5,0.5,20,60,133,0.11083333333333334,skab_fold_aware_refined_search,4
0.6062210456651225,0.3280701754385965,0.46867167919799496,0.38596491228070173,gaussian_noise,SKAB,fold_5,42,3,3,probabilistic_suffix_tree,2,1,0.5,0.5,20,60,133,0.11083333333333334,skab_fold_aware_refined_search,4
0.0,0.0,0.0,0.0,unseen_data,SKAB,fold_5,42,3,3,probabilistic_suffix_tree,2,1,0.5,0.5,20,60,133,0.11083333333333334,skab_fold_aware_refined_search,4
0.7753333333333333,0.826530612244898,0.20199501246882792,0.3246492985971944,original,SKAB,fold_1,42,3,3,probabilistic_suffix_tree,2,1,0.5,0.7,22,66,147,0.1012396694214876,skab_fold_aware_refined_search,5
0.7793333333333333,0.8365384615384616,0.2169576059850374,0.3445544554455445,gaussian_noise,SKAB,fold_1,42,3,3,probabilistic_suffix_tree,2,1,0.5,0.7,22,66,147,0.1012396694214876,skab_fold_aware_refined_search,5
0.0,0.0,0.0,0.0,unseen_data,SKAB,fold_1,42,3,3,probabilistic_suffix_tree,2,1,0.5,0.7,22,66,147,0.1012396694214876,skab_fold_aware_refined_search,5
0.7202141900937081,0.48333333333333334,0.5771144278606966,0.5260770975056689,original,SKAB,fold_2,42,3,3,probabilistic_suffix_tree,2,1,0.5,0.7,18,55,125,0.12626262626262627,skab_fold_aware_refined_search,5
0.6961178045515395,0.4475806451612903,0.5522388059701493,0.49443207126948774,gaussian_noise,SKAB,fold_2,42,3,3,probabilistic_suffix_tree,2,1,0.5,0.7,18,55,125,0.12626262626262627,skab_fold_aware_refined_search,5
0.0,0.0,0.0,0.0,unseen_data,SKAB,fold_2,42,3,3,probabilistic_suffix_tree,2,1,0.5,0.7,18,55,125,0.12626262626262627,skab_fold_aware_refined_search,5
0.5769745649263721,0.28142589118198874,0.37593984962406013,0.3218884120171674,original,SKAB,fold_3,42,3,3,probabilistic_suffix_tree,2,1,0.5,0.7,19,57,127,0.1172668513388735,skab_fold_aware_refined_search,5
0.5736278447121821,0.2788104089219331,0.37593984962406013,0.32017075773745995,gaussian_noise,SKAB,fold_3,42,3,3,probabilistic_suffix_tree,2,1,0.5,0.7,19,57,127,0.1172668513388735,skab_fold_aware_refined_search,5
0.2,0.2,1.0,0.3333333333333333,unseen_data,SKAB,fold_3,42,3,3,probabilistic_suffix_tree,2,1,0.5,0.7,19,57,127,0.1172668513388735,skab_fold_aware_refined_search,5
0.5251017639077341,0.12280701754385964,0.12280701754385964,0.12280701754385964,original,SKAB,fold_4,42,3,3,probabilistic_suffix_tree,2,1,0.5,0.7,19,57,127,0.1172668513388735,skab_fold_aware_refined_search,5
0.5115332428765265,0.11510791366906475,0.12030075187969924,0.11764705882352941,gaussian_noise,SKAB,fold_4,42,3,3,probabilistic_suffix_tree,2,1,0.5,0.7,19,57,127,0.1172668513388735,skab_fold_aware_refined_search,5
0.0,0.0,0.0,0.0,unseen_data,SKAB,fold_4,42,3,3,probabilistic_suffix_tree,2,1,0.5,0.7,19,57,127,0.1172668513388735,skab_fold_aware_refined_search,5
0.5499669093315684,0.307797537619699,0.5639097744360902,0.39823008849557523,original,SKAB,fold_5,42,3,3,probabilistic_suffix_tree,2,1,0.5,0.7,20,60,133,0.11083333333333334,skab_fold_aware_refined_search,5
0.5334215751158173,0.30078125,0.5789473684210527,0.39588688946015427,gaussian_noise,SKAB,fold_5,42,3,3,probabilistic_suffix_tree,2,1,0.5,0.7,20,60,133,0.11083333333333334,skab_fold_aware_refined_search,5
0.0,0.0,0.0,0.0,unseen_data,SKAB,fold_5,42,3,3,probabilistic_suffix_tree,2,1,0.5,0.7,20,60,133,0.11083333333333334,skab_fold_aware_refined_search,5
0.7826666666666666,0.5792811839323467,0.683291770573566,0.6270022883295194,original,SKAB,fold_1,42,3,3,probabilistic_suffix_tree,2,1,0.5,0.9,22,66,147,0.1012396694214876,skab_fold_aware_refined_search,6
0.7893333333333333,0.587991718426501,0.7082294264339152,0.6425339366515838,gaussian_noise,SKAB,fold_1,42,3,3,probabilistic_suffix_tree,2,1,0.5,0.9,22,66,147,0.1012396694214876,skab_fold_aware_refined_search,6
0.0,0.0,0.0,0.0,unseen_data,SKAB,fold_1,42,3,3,probabilistic_suffix_tree,2,1,0.5,0.9,22,66,147,0.1012396694214876,skab_fold_aware_refined_search,6
0.7188755020080321,0.48314606741573035,0.6417910447761194,0.5512820512820513,original,SKAB,fold_2,42,3,3,probabilistic_suffix_tree,2,1,0.5,0.9,18,55,125,0.12626262626262627,skab_fold_aware_refined_search,6
0.6954484605087015,0.4517304189435337,0.6169154228855721,0.5215562565720294,gaussian_noise,SKAB,fold_2,42,3,3,probabilistic_suffix_tree,2,1,0.5,0.9,18,55,125,0.12626262626262627,skab_fold_aware_refined_search,6
0.0,0.0,0.0,0.0,unseen_data,SKAB,fold_2,42,3,3,probabilistic_suffix_tree,2,1,0.5,0.9,18,55,125,0.12626262626262627,skab_fold_aware_refined_search,6
0.5341365461847389,0.30486202365308807,0.581453634085213,0.4,original,SKAB,fold_3,42,3,3,probabilistic_suffix_tree,2,1,0.5,0.9,19,57,127,0.1172668513388735,skab_fold_aware_refined_search,6
0.5334672021419009,0.30446194225721784,0.581453634085213,0.3996554694229113,gaussian_noise,SKAB,fold_3,42,3,3,probabilistic_suffix_tree,2,1,0.5,0.9,19,57,127,0.1172668513388735,skab_fold_aware_refined_search,6
0.2,0.2,1.0,0.3333333333333333,unseen_data,SKAB,fold_3,42,3,3,probabilistic_suffix_tree,2,1,0.5,0.9,19,57,127,0.1172668513388735,skab_fold_aware_refined_search,6
0.3310719131614654,0.10604026845637583,0.19799498746867167,0.1381118881118881,original,SKAB,fold_4,42,3,3,probabilistic_suffix_tree,2,1,0.5,0.9,19,57,127,0.1172668513388735,skab_fold_aware_refined_search,6
0.32225237449118044,0.10106382978723404,0.19047619047619047,0.13205907906168549,gaussian_noise,SKAB,fold_4,42,3,3,probabilistic_suffix_tree,2,1,0.5,0.9,19,57,127,0.1172668513388735,skab_fold_aware_refined_search,6
0.0,0.0,0.0,0.0,unseen_data,SKAB,fold_4,42,3,3,probabilistic_suffix_tree,2,1,0.5,0.9,19,57,127,0.1172668513388735,skab_fold_aware_refined_search,6
0.43613500992720056,0.26625386996904027,0.6466165413533834,0.37719298245614036,original,SKAB,fold_5,42,3,3,probabilistic_suffix_tree,2,1,0.5,0.9,20,60,133,0.11083333333333334,skab_fold_aware_refined_search,6
0.4248841826604897,0.26262626262626265,0.6516290726817042,0.3743700503959683,gaussian_noise,SKAB,fold_5,42,3,3,probabilistic_suffix_tree,2,1,0.5,0.9,20,60,133,0.11083333333333334,skab_fold_aware_refined_search,6
0.0,0.0,0.0,0.0,unseen_data,SKAB,fold_5,42,3,3,probabilistic_suffix_tree,2,1,0.5,0.9,20,60,133,0.11083333333333334,skab_fold_aware_refined_search,6
0.7606666666666667,0.92,0.11471321695760599,0.2039911308203991,original,SKAB,fold_1,42,3,3,probabilistic_suffix_tree,2,2,0.1,0.5,22,66,147,0.1012396694214876,skab_fold_aware_refined_search,7
0.762,0.9230769230769231,0.11970074812967581,0.2119205298013245,gaussian_noise,SKAB,fold_1,42,3,3,probabilistic_suffix_tree,2,2,0.1,0.5,22,66,147,0.1012396694214876,skab_fold_aware_refined_search,7
0.0,0.0,0.0,0.0,unseen_data,SKAB,fold_1,42,3,3,probabilistic_suffix_tree,2,2,0.1,0.5,22,66,147,0.1012396694214876,skab_fold_aware_refined_search,7
0.7309236947791165,0.5,0.3358208955223881,0.4017857142857143,original,SKAB,fold_2,42,3,3,probabilistic_suffix_tree,2,2,0.1,0.5,18,55,125,0.12626262626262627,skab_fold_aware_refined_search,7
0.7262382864792504,0.4875444839857651,0.3407960199004975,0.4011713030746706,gaussian_noise,SKAB,fold_2,42,3,3,probabilistic_suffix_tree,2,2,0.1,0.5,18,55,125,0.12626262626262627,skab_fold_aware_refined_search,7
0.0,0.0,0.0,0.0,unseen_data,SKAB,fold_2,42,3,3,probabilistic_suffix_tree,2,2,0.1,0.5,18,55,125,0.12626262626262627,skab_fold_aware_refined_search,7
0.6485943775100401,0.28716216216216217,0.21303258145363407,0.2446043165467626,original,SKAB,fold_3,42,3,3,probabilistic_suffix_tree,2,2,0.1,0.5,19,57,127,0.1172668513388735,skab_fold_aware_refined_search,7
0.6445783132530121,0.28,0.21052631578947367,0.24034334763948498,gaussian_noise,SKAB,fold_3,42,3,3,probabilistic_suffix_tree,2,2,0.1,0.5,19,57,127,0.1172668513388735,skab_fold_aware_refined_search,7
0.4,0.25,1.0,0.4,unseen_data,SKAB,fold_3,42,3,3,probabilistic_suffix_tree,2,2,0.1,0.5,19,57,127,0.1172668513388735,skab_fold_aware_refined_search,7
0.6261872455902306,0.14814814814814814,0.08020050125313283,0.1040650406504065,original,SKAB,fold_4,42,3,3,probabilistic_suffix_tree,2,2,0.1,0.5,19,57,127,0.1172668513388735,skab_fold_aware_refined_search,7
0.6058344640434192,0.11764705882352941,0.07017543859649122,0.08791208791208792,gaussian_noise,SKAB,fold_4,42,3,3,probabilistic_suffix_tree,2,2,0.1,0.5,19,57,127,0.1172668513388735,skab_fold_aware_refined_search,7
0.0,0.0,0.0,0.0,unseen_data,SKAB,fold_4,42,3,3,probabilistic_suffix_tree,2,2,0.1,0.5,19,57,127,0.1172668513388735,skab_fold_aware_refined_search,7
0.6168100595632032,0.2916666666666667,0.3157894736842105,0.30324909747292417,original,SKAB,fold_5,42,3,3,probabilistic_suffix_tree,2,2,0.1,0.5,20,60,133,0.11083333333333334,skab_fold_aware_refined_search,7
0.6161482461945731,0.2900232018561485,0.3132832080200501,0.30120481927710846,gaussian_noise,SKAB,fold_5,42,3,3,probabilistic_suffix_tree,2,2,0.1,0.5,20,60,133,0.11083333333333334,skab_fold_aware_refined_search,7
0.0,0.0,0.0,0.0,unseen_data,SKAB,fold_5,42,3,3,probabilistic_suffix_tree,2,2,0.1,0.5,20,60,133,0.11083333333333334,skab_fold_aware_refined_search,7
0.764,0.8309859154929577,0.14713216957605985,0.25,original,SKAB,fold_1,42,3,3,probabilistic_suffix_tree,2,2,0.1,0.7,22,66,147,0.1012396694214876,skab_fold_aware_refined_search,8
0.7653333333333333,0.8450704225352113,0.14962593516209477,0.2542372881355932,gaussian_noise,SKAB,fold_1,42,3,3,probabilistic_suffix_tree,2,2,0.1,0.7,22,66,147,0.1012396694214876,skab_fold_aware_refined_search,8
0.0,0.0,0.0,0.0,unseen_data,SKAB,fold_1,42,3,3,probabilistic_suffix_tree,2,2,0.1,0.7,22,66,147,0.1012396694214876,skab_fold_aware_refined_search,8
0.7202141900937081,0.48148148148148145,0.5174129353233831,0.4988009592326139,original,SKAB,fold_2,42,3,3,probabilistic_suffix_tree,2,2,0.1,0.7,18,55,125,0.12626262626262627,skab_fold_aware_refined_search,8
0.6994645247657296,0.44719101123595506,0.49502487562189057,0.46989374262101535,gaussian_noise,SKAB,fold_2,42,3,3,probabilistic_suffix_tree,2,2,0.1,0.7,18,55,125,0.12626262626262627,skab_fold_aware_refined_search,8
0.0,0.0,0.0,0.0,unseen_data,SKAB,fold_2,42,3,3,probabilistic_suffix_tree,2,2,0.1,0.7,18,55,125,0.12626262626262627,skab_fold_aware_refined_search,8
0.5890227576974565,0.27835051546391754,0.3383458646616541,0.3054298642533937,original,SKAB,fold_3,42,3,3,probabilistic_suffix_tree,2,2,0.1,0.7,19,57,127,0.1172668513388735,skab_fold_aware_refined_search,8
0.5863453815261044,0.2751540041067762,0.3358395989974937,0.30248306997742663,gaussian_noise,SKAB,fold_3,42,3,3,probabilistic_suffix_tree,2,2,0.1,0.7,19,57,127,0.1172668513388735,skab_fold_aware_refined_search,8
0.2,0.2,1.0,0.3333333333333333,unseen_data,SKAB,fold_3,42,3,3,probabilistic_suffix_tree,2,2,0.1,0.7,19,57,127,0.1172668513388735,skab_fold_aware_refined_search,8
0.5495251017639078,0.1267605633802817,0.11278195488721804,0.11936339522546419,original,SKAB,fold_4,42,3,3,probabilistic_suffix_tree,2,2,0.1,0.7,19,57,127,0.1172668513388735,skab_fold_aware_refined_search,8
0.533921302578019,0.11497326203208556,0.10776942355889724,0.111254851228978,gaussian_noise,SKAB,fold_4,42,3,3,probabilistic_suffix_tree,2,2,0.1,0.7,19,57,127,0.1172668513388735,skab_fold_aware_refined_search,8
0.0,0.0,0.0,0.0,unseen_data,SKAB,fold_4,42,3,3,probabilistic_suffix_tree,2,2,0.1,0.7,19,57,127,0.1172668513388735,skab_fold_aware_refined_search,8
0.5698213103904699,0.3029827315541601,0.48370927318295737,0.37258687258687256,original,SKAB,fold_5,42,3,3,probabilistic_suffix_tree,2,2,0.1,0.7,20,60,133,0.11083333333333334,skab_fold_aware_refined_search,8
0.557246856386499,0.29545454545454547,0.48872180451127817,0.36827195467422097,gaussian_noise,SKAB,fold_5,42,3,3,probabilistic_suffix_tree,2,2,0.1,0.7,20,60,133,0.11083333333333334,skab_fold_aware_refined_search,8
0.0,0.0,0.0,0.0,unseen_data,SKAB,fold_5,42,3,3,probabilistic_suffix_tree,2,2,0.1,0.7,20,60,133,0.11083333333333334,skab_fold_aware_refined_search,8
0.7826666666666666,0.5792811839323467,0.683291770573566,0.6270022883295194,original,SKAB,fold_1,42,3,3,probabilistic_suffix_tree,2,2,0.1,0.9,22,66,147,0.1012396694214876,skab_fold_aware_refined_search,9
0.7893333333333333,0.587991718426501,0.7082294264339152,0.6425339366515838,gaussian_noise,SKAB,fold_1,42,3,3,probabilistic_suffix_tree,2,2,0.1,0.9,22,66,147,0.1012396694214876,skab_fold_aware_refined_search,9
0.0,0.0,0.0,0.0,unseen_data,SKAB,fold_1,42,3,3,probabilistic_suffix_tree,2,2,0.1,0.9,22,66,147,0.1012396694214876,skab_fold_aware_refined_search,9
0.7188755020080321,0.48314606741573035,0.6417910447761194,0.5512820512820513,original,SKAB,fold_2,42,3,3,probabilistic_suffix_tree,2,2,0.1,0.9,18,55,125,0.12626262626262627,skab_fold_aware_refined_search,9
0.6954484605087015,0.4517304189435337,0.6169154228855721,0.5215562565720294,gaussian_noise,SKAB,fold_2,42,3,3,probabilistic_suffix_tree,2,2,0.1,0.9,18,55,125,0.12626262626262627,skab_fold_aware_refined_search,9
0.0,0.0,0.0,0.0,unseen_data,SKAB,fold_2,42,3,3,probabilistic_suffix_tree,2,2,0.1,0.9,18,55,125,0.12626262626262627,skab_fold_aware_refined_search,9
0.5421686746987951,0.2621035058430718,0.39348370927318294,0.31462925851703405,original,SKAB,fold_3,42,3,3,probabilistic_suffix_tree,2,2,0.1,0.9,19,57,127,0.1172668513388735,skab_fold_aware_refined_search,9
0.5394912985274432,0.259567387687188,0.39097744360902253,0.312,gaussian_noise,SKAB,fold_3,42,3,3,probabilistic_suffix_tree,2,2,0.1,0.9,19,57,127,0.1172668513388735,skab_fold_aware_refined_search,9
0.2,0.2,1.0,0.3333333333333333,unseen_data,SKAB,fold_3,42,3,3,probabilistic_suffix_tree,2,2,0.1,0.9,19,57,127,0.1172668513388735,skab_fold_aware_refined_search,9
0.4891451831750339,0.12017167381974249,0.14035087719298245,0.12947976878612716,original,SKAB,fold_4,42,3,3,probabilistic_suffix_tree,2,2,0.1,0.9,19,57,127,0.1172668513388735,skab_fold_aware_refined_search,9
0.47829036635006783,0.11618257261410789,0.14035087719298245,0.1271282633371169,gaussian_noise,SKAB,fold_4,42,3,3,probabilistic_suffix_tree,2,2,0.1,0.9,19,57,127,0.1172668513388735,skab_fold_aware_refined_search,9
0.0,0.0,0.0,0.0,unseen_data,SKAB,fold_4,42,3,3,probabilistic_suffix_tree,2,2,0.1,0.9,19,57,127,0.1172668513388735,skab_fold_aware_refined_search,9
0.43613500992720056,0.26625386996904027,0.6466165413533834,0.37719298245614036,original,SKAB,fold_5,42,3,3,probabilistic_suffix_tree,2,2,0.1,0.9,20,60,133,0.11083333333333334,skab_fold_aware_refined_search,9
0.4248841826604897,0.26262626262626265,0.6516290726817042,0.3743700503959683,gaussian_noise,SKAB,fold_5,42,3,3,probabilistic_suffix_tree,2,2,0.1,0.9,20,60,133,0.11083333333333334,skab_fold_aware_refined_search,9
0.0,0.0,0.0,0.0,unseen_data,SKAB,fold_5,42,3,3,probabilistic_suffix_tree,2,2,0.1,0.9,20,60,133,0.11083333333333334,skab_fold_aware_refined_search,9
0.762,0.8793103448275862,0.12718204488778054,0.2222222222222222,original,SKAB,fold_1,42,3,3,probabilistic_suffix_tree,2,2,0.5,0.5,22,66,147,0.1012396694214876,skab_fold_aware_refined_search,10
0.762,0.8928571428571429,0.12468827930174564,0.2188183807439825,gaussian_noise,SKAB,fold_1,42,3,3,probabilistic_suffix_tree,2,2,0.5,0.5,22,66,147,0.1012396694214876,skab_fold_aware_refined_search,10
0.0,0.0,0.0,0.0,unseen_data,SKAB,fold_1,42,3,3,probabilistic_suffix_tree,2,2,0.5,0.5,22,66,147,0.1012396694214876,skab_fold_aware_refined_search,10
0.7228915662650602,0.4820359281437126,0.40049751243781095,0.4375,original,SKAB,fold_2,42,3,3,probabilistic_suffix_tree,2,2,0.5,0.5,18,55,125,0.12626262626262627,skab_fold_aware_refined_search,10
0.714190093708166,0.46418338108882523,0.40298507462686567,0.43142476697736354,gaussian_noise,SKAB,fold_2,42,3,3,probabilistic_suffix_tree,2,2,0.5,0.5,18,55,125,0.12626262626262627,skab_fold_aware_refined_search,10
0.0,0.0,0.0,0.0,unseen_data,SKAB,fold_2,42,3,3,probabilistic_suffix_tree,2,2,0.5,0.5,18,55,125,0.12626262626262627,skab_fold_aware_refined_search,10
0.6345381526104418,0.28059701492537314,0.23558897243107768,0.2561307901907357,original,SKAB,fold_3,42,3,3,probabilistic_suffix_tree,2,2,0.5,0.5,19,57,127,0.1172668513388735,skab_fold_aware_refined_search,10
0.6305220883534136,0.2756598240469208,0.23558897243107768,0.25405405405405407,gaussian_noise,SKAB,fold_3,42,3,3,probabilistic_suffix_tree,2,2,0.5,0.5,19,57,127,0.1172668513388735,skab_fold_aware_refined_search,10
0.4,0.25,1.0,0.4,unseen_data,SKAB,fold_3,42,3,3,probabilistic_suffix_tree,2,2,0.5,0.5,19,57,127,0.1172668513388735,skab_fold_aware_refined_search,10
0.6044776119402985,0.1349206349206349,0.08521303258145363,0.10445468509984639,original,SKAB,fold_4,42,3,3,probabilistic_suffix_tree,2,2,0.5,0.5,19,57,127,0.1172668513388735,skab_fold_aware_refined_search,10
0.5848032564450475,0.11272727272727273,0.07769423558897243,0.09198813056379822,gaussian_noise,SKAB,fold_4,42,3,3,probabilistic_suffix_tree,2,2,0.5,0.5,19,57,127,0.1172668513388735,skab_fold_aware_refined_search,10
0.0,0.0,0.0,0.0,unseen_data,SKAB,fold_4,42,3,3,probabilistic_suffix_tree,2,2,0.5,0.5,19,57,127,0.1172668513388735,skab_fold_aware_refined_search,10
0.6108537392455328,0.3321492007104796,0.46867167919799496,0.3887733887733888,original,SKAB,fold_5,42,3,3,probabilistic_suffix_tree,2,2,0.5,0.5,20,60,133,0.11083333333333334,skab_fold_aware_refined_search,10
0.6062210456651225,0.3280701754385965,0.46867167919799496,0.38596491228070173,gaussian_noise,SKAB,fold_5,42,3,3,probabilistic_suffix_tree,2,2,0.5,0.5,20,60,133,0.11083333333333334,skab_fold_aware_refined_search,10
0.0,0.0,0.0,0.0,unseen_data,SKAB,fold_5,42,3,3,probabilistic_suffix_tree,2,2,0.5,0.5,20,60,133,0.11083333333333334,skab_fold_aware_refined_search,10
0.7753333333333333,0.826530612244898,0.20199501246882792,0.3246492985971944,original,SKAB,fold_1,42,3,3,probabilistic_suffix_tree,2,2,0.5,0.7,22,66,147,0.1012396694214876,skab_fold_aware_refined_search,11
0.7793333333333333,0.8365384615384616,0.2169576059850374,0.3445544554455445,gaussian_noise,SKAB,fold_1,42,3,3,probabilistic_suffix_tree,2,2,0.5,0.7,22,66,147,0.1012396694214876,skab_fold_aware_refined_search,11
0.0,0.0,0.0,0.0,unseen_data,SKAB,fold_1,42,3,3,probabilistic_suffix_tree,2,2,0.5,0.7,22,66,147,0.1012396694214876,skab_fold_aware_refined_search,11
0.7202141900937081,0.48333333333333334,0.5771144278606966,0.5260770975056689,original,SKAB,fold_2,42,3,3,probabilistic_suffix_tree,2,2,0.5,0.7,18,55,125,0.12626262626262627,skab_fold_aware_refined_search,11
0.6961178045515395,0.4475806451612903,0.5522388059701493,0.49443207126948774,gaussian_noise,SKAB,fold_2,42,3,3,probabilistic_suffix_tree,2,2,0.5,0.7,18,55,125,0.12626262626262627,skab_fold_aware_refined_search,11
0.0,0.0,0.0,0.0,unseen_data,SKAB,fold_2,42,3,3,probabilistic_suffix_tree,2,2,0.5,0.7,18,55,125,0.12626262626262627,skab_fold_aware_refined_search,11
0.5769745649263721,0.28142589118198874,0.37593984962406013,0.3218884120171674,original,SKAB,fold_3,42,3,3,probabilistic_suffix_tree,2,2,0.5,0.7,19,57,127,0.1172668513388735,skab_fold_aware_refined_search,11
0.5736278447121821,0.2788104089219331,0.37593984962406013,0.32017075773745995,gaussian_noise,SKAB,fold_3,42,3,3,probabilistic_suffix_tree,2,2,0.5,0.7,19,57,127,0.1172668513388735,skab_fold_aware_refined_search,11
0.2,0.2,1.0,0.3333333333333333,unseen_data,SKAB,fold_3,42,3,3,probabilistic_suffix_tree,2,2,0.5,0.7,19,57,127,0.1172668513388735,skab_fold_aware_refined_search,11
0.5251017639077341,0.12280701754385964,0.12280701754385964,0.12280701754385964,original,SKAB,fold_4,42,3,3,probabilistic_suffix_tree,2,2,0.5,0.7,19,57,127,0.1172668513388735,skab_fold_aware_refined_search,11
0.5115332428765265,0.11510791366906475,0.12030075187969924,0.11764705882352941,gaussian_noise,SKAB,fold_4,42,3,3,probabilistic_suffix_tree,2,2,0.5,0.7,19,57,127,0.1172668513388735,skab_fold_aware_refined_search,11
0.0,0.0,0.0,0.0,unseen_data,SKAB,fold_4,42,3,3,probabilistic_suffix_tree,2,2,0.5,0.7,19,57,127,0.1172668513388735,skab_fold_aware_refined_search,11
0.5499669093315684,0.307797537619699,0.5639097744360902,0.39823008849557523,original,SKAB,fold_5,42,3,3,probabilistic_suffix_tree,2,2,0.5,0.7,20,60,133,0.11083333333333334,skab_fold_aware_refined_search,11
0.5334215751158173,0.30078125,0.5789473684210527,0.39588688946015427,gaussian_noise,SKAB,fold_5,42,3,3,probabilistic_suffix_tree,2,2,0.5,0.7,20,60,133,0.11083333333333334,skab_fold_aware_refined_search,11
0.0,0.0,0.0,0.0,unseen_data,SKAB,fold_5,42,3,3,probabilistic_suffix_tree,2,2,0.5,0.7,20,60,133,0.11083333333333334,skab_fold_aware_refined_search,11
0.7826666666666666,0.5792811839323467,0.683291770573566,0.6270022883295194,original,SKAB,fold_1,42,3,3,probabilistic_suffix_tree,2,2,0.5,0.9,22,66,147,0.1012396694214876,skab_fold_aware_refined_search,12
0.7893333333333333,0.587991718426501,0.7082294264339152,0.6425339366515838,gaussian_noise,SKAB,fold_1,42,3,3,probabilistic_suffix_tree,2,2,0.5,0.9,22,66,147,0.1012396694214876,skab_fold_aware_refined_search,12
0.0,0.0,0.0,0.0,unseen_data,SKAB,fold_1,42,3,3,probabilistic_suffix_tree,2,2,0.5,0.9,22,66,147,0.1012396694214876,skab_fold_aware_refined_search,12
0.7188755020080321,0.48314606741573035,0.6417910447761194,0.5512820512820513,original,SKAB,fold_2,42,3,3,probabilistic_suffix_tree,2,2,0.5,0.9,18,55,125,0.12626262626262627,skab_fold_aware_refined_search,12
0.6954484605087015,0.4517304189435337,0.6169154228855721,0.5215562565720294,gaussian_noise,SKAB,fold_2,42,3,3,probabilistic_suffix_tree,2,2,0.5,0.9,18,55,125,0.12626262626262627,skab_fold_aware_refined_search,12
0.0,0.0,0.0,0.0,unseen_data,SKAB,fold_2,42,3,3,probabilistic_suffix_tree,2,2,0.5,0.9,18,55,125,0.12626262626262627,skab_fold_aware_refined_search,12
0.5341365461847389,0.30486202365308807,0.581453634085213,0.4,original,SKAB,fold_3,42,3,3,probabilistic_suffix_tree,2,2,0.5,0.9,19,57,127,0.1172668513388735,skab_fold_aware_refined_search,12
0.5334672021419009,0.30446194225721784,0.581453634085213,0.3996554694229113,gaussian_noise,SKAB,fold_3,42,3,3,probabilistic_suffix_tree,2,2,0.5,0.9,19,57,127,0.1172668513388735,skab_fold_aware_refined_search,12
0.2,0.2,1.0,0.3333333333333333,unseen_data,SKAB,fold_3,42,3,3,probabilistic_suffix_tree,2,2,0.5,0.9,19,57,127,0.1172668513388735,skab_fold_aware_refined_search,12
0.3310719131614654,0.10604026845637583,0.19799498746867167,0.1381118881118881,original,SKAB,fold_4,42,3,3,probabilistic_suffix_tree,2,2,0.5,0.9,19,57,127,0.1172668513388735,skab_fold_aware_refined_search,12
0.32225237449118044,0.10106382978723404,0.19047619047619047,0.13205907906168549,gaussian_noise,SKAB,fold_4,42,3,3,probabilistic_suffix_tree,2,2,0.5,0.9,19,57,127,0.1172668513388735,skab_fold_aware_refined_search,12
0.0,0.0,0.0,0.0,unseen_data,SKAB,fold_4,42,3,3,probabilistic_suffix_tree,2,2,0.5,0.9,19,57,127,0.1172668513388735,skab_fold_aware_refined_search,12
0.43613500992720056,0.26625386996904027,0.6466165413533834,0.37719298245614036,original,SKAB,fold_5,42,3,3,probabilistic_suffix_tree,2,2,0.5,0.9,20,60,133,0.11083333333333334,skab_fold_aware_refined_search,12
0.4248841826604897,0.26262626262626265,0.6516290726817042,0.3743700503959683,gaussian_noise,SKAB,fold_5,42,3,3,probabilistic_suffix_tree,2,2,0.5,0.9,20,60,133,0.11083333333333334,skab_fold_aware_refined_search,12
0.0,0.0,0.0,0.0,unseen_data,SKAB,fold_5,42,3,3,probabilistic_suffix_tree,2,2,0.5,0.9,20,60,133,0.11083333333333334,skab_fold_aware_refined_search,12
0.7606666666666667,0.92,0.11471321695760599,0.2039911308203991,original,SKAB,fold_1,42,3,3,probabilistic_suffix_tree,3,1,0.1,0.5,22,148,292,0.08968058968058969,skab_fold_aware_refined_search,13
0.7626666666666667,0.9245283018867925,0.12219451371571072,0.21585903083700442,gaussian_noise,SKAB,fold_1,42,3,3,probabilistic_suffix_tree,3,1,0.1,0.5,22,148,292,0.08968058968058969,skab_fold_aware_refined_search,13
0.0,0.0,0.0,0.0,unseen_data,SKAB,fold_1,42,3,3,probabilistic_suffix_tree,3,1,0.1,0.5,22,148,292,0.08968058968058969,skab_fold_aware_refined_search,13
0.7322623828647925,0.503731343283582,0.3358208955223881,0.40298507462686567,original,SKAB,fold_2,42,3,3,probabilistic_suffix_tree,3,1,0.1,0.5,18,126,258,0.11375661375661375,skab_fold_aware_refined_search,13
0.7242302543507363,0.48188405797101447,0.3308457711442786,0.39233038348082594,gaussian_noise,SKAB,fold_2,42,3,3,probabilistic_suffix_tree,3,1,0.1,0.5,18,126,258,0.11375661375661375,skab_fold_aware_refined_search,13
0.0,0.0,0.0,0.0,unseen_data,SKAB,fold_2,42,3,3,probabilistic_suffix_tree,3,1,0.1,0.5,18,126,258,0.11375661375661375,skab_fold_aware_refined_search,13
0.643908969210174,0.25461254612546125,0.17293233082706766,0.20597014925373133,original,SKAB,fold_3,42,3,3,probabilistic_suffix_tree,3,1,0.1,0.5,19,128,260,0.1069078947368421,skab_fold_aware_refined_search,13
0.6385542168674698,0.25263157894736843,0.18045112781954886,0.21052631578947367,gaussian_noise,SKAB,fold_3,42,3,3,probabilistic_suffix_tree,3,1,0.1,0.5,19,128,260,0.1069078947368421,skab_fold_aware_refined_search,13
0.4,0.25,1.0,0.4,unseen_data,SKAB,fold_3,42,3,3,probabilistic_suffix_tree,3,1,0.1,0.5,19,128,260,0.1069078947368421,skab_fold_aware_refined_search,13
0.6289009497964722,0.14761904761904762,0.07769423558897243,0.10180623973727422,original,SKAB,fold_4,42,3,3,probabilistic_suffix_tree,3,1,0.1,0.5,19,128,262,0.10773026315789473,skab_fold_aware_refined_search,13
0.6139755766621439,0.12389380530973451,0.07017543859649122,0.0896,gaussian_noise,SKAB,fold_4,42,3,3,probabilistic_suffix_tree,3,1,0.1,0.5,19,128,262,0.10773026315789473,skab_fold_aware_refined_search,13
0.0,0.0,0.0,0.0,unseen_data,SKAB,fold_4,42,3,3,probabilistic_suffix_tree,3,1,0.1,0.5,19,128,262,0.10773026315789473,skab_fold_aware_refined_search,13
0.6174718729318333,0.31771894093686354,0.39097744360902253,0.350561797752809,original,SKAB,fold_5,42,3,3,probabilistic_suffix_tree,3,1,0.1,0.5,20,134,267,0.09962686567164179,skab_fold_aware_refined_search,13
0.614162806088683,0.3130081300813008,0.38596491228070173,0.345679012345679,gaussian_noise,SKAB,fold_5,42,3,3,probabilistic_suffix_tree,3,1,0.1,0.5,20,134,267,0.09962686567164179,skab_fold_aware_refined_search,13
0.0,0.0,0.0,0.0,unseen_data,SKAB,fold_5,42,3,3,probabilistic_suffix_tree,3,1,0.1,0.5,20,134,267,0.09962686567164179,skab_fold_aware_refined_search,13
0.7706666666666667,0.8518518518518519,0.17206982543640897,0.2863070539419087,original,SKAB,fold_1,42,3,3,probabilistic_suffix_tree,3,1,0.1,0.7,22,148,292,0.08968058968058969,skab_fold_aware_refined_search,14
0.774,0.8780487804878049,0.17955112219451372,0.2981366459627329,gaussian_noise,SKAB,fold_1,42,3,3,probabilistic_suffix_tree,3,1,0.1,0.7,22,148,292,0.08968058968058969,skab_fold_aware_refined_search,14
0.0,0.0,0.0,0.0,unseen_data,SKAB,fold_1,42,3,3,probabilistic_suffix_tree,3,1,0.1,0.7,22,148,292,0.08968058968058969,skab_fold_aware_refined_search,14
0.7295850066934404,0.49764150943396224,0.5248756218905473,0.5108958837772397,original,SKAB,fold_2,42,3,3,probabilistic_suffix_tree,3,1,0.1,0.7,18,126,258,0.11375661375661375,skab_fold_aware_refined_search,14
0.7108433734939759,0.4660633484162896,0.5124378109452736,0.4881516587677725,gaussian_noise,SKAB,fold_2,42,3,3,probabilistic_suffix_tree,3,1,0.1,0.7,18,126,258,0.11375661375661375,skab_fold_aware_refined_search,14
0.0,0.0,0.0,0.0,unseen_data,SKAB,fold_2,42,3,3,probabilistic_suffix_tree,3,1,0.1,0.7,18,126,258,0.11375661375661375,skab_fold_aware_refined_search,14
0.5910307898259706,0.27350427350427353,0.3208020050125313,0.2952710495963091,original,SKAB,fold_3,42,3,3,probabilistic_suffix_tree,3,1,0.1,0.7,19,128,260,0.1069078947368421,skab_fold_aware_refined_search,14
0.5863453815261044,0.26849894291754756,0.3182957393483709,0.29128440366972475,gaussian_noise,SKAB,fold_3,42,3,3,probabilistic_suffix_tree,3,1,0.1,0.7,19,128,260,0.1069078947368421,skab_fold_aware_refined_search,14
0.2,0.2,1.0,0.3333333333333333,unseen_data,SKAB,fold_3,42,3,3,probabilistic_suffix_tree,3,1,0.1,0.7,19,128,260,0.1069078947368421,skab_fold_aware_refined_search,14
0.5128900949796472,0.11750599520383694,0.12280701754385964,0.12009803921568628,original,SKAB,fold_4,42,3,3,probabilistic_suffix_tree,3,1,0.1,0.7,19,128,262,0.10773026315789473,skab_fold_aware_refined_search,14
0.5027137042062415,0.1152073732718894,0.12531328320802004,0.12004801920768307,gaussian_noise,SKAB,fold_4,42,3,3,probabilistic_suffix_tree,3,1,0.1,0.7,19,128,262,0.10773026315789473,skab_fold_aware_refined_search,14
0.0,0.0,0.0,0.0,unseen_data,SKAB,fold_4,42,3,3,probabilistic_suffix_tree,3,1,0.1,0.7,19,128,262,0.10773026315789473,skab_fold_aware_refined_search,14
0.542686962276638,0.2896253602305475,0.5037593984962406,0.3677950594693504,original,SKAB,fold_5,42,3,3,probabilistic_suffix_tree,3,1,0.1,0.7,20,134,267,0.09962686567164179,skab_fold_aware_refined_search,14
0.528127068166777,0.28434065934065933,0.518796992481203,0.3673469387755102,gaussian_noise,SKAB,fold_5,42,3,3,probabilistic_suffix_tree,3,1,0.1,0.7,20,134,267,0.09962686567164179,skab_fold_aware_refined_search,14
0.0,0.0,0.0,0.0,unseen_data,SKAB,fold_5,42,3,3,probabilistic_suffix_tree,3,1,0.1,0.7,20,134,267,0.09962686567164179,skab_fold_aware_refined_search,14
0.7893333333333333,0.5876288659793815,0.7107231920199502,0.6433408577878104,original,SKAB,fold_1,42,3,3,probabilistic_suffix_tree,3,1,0.1,0.9,22,148,292,0.08968058968058969,skab_fold_aware_refined_search,15
0.796,0.5959595959595959,0.7356608478802993,0.6584821428571429,gaussian_noise,SKAB,fold_1,42,3,3,probabilistic_suffix_tree,3,1,0.1,0.9,22,148,292,0.08968058968058969,skab_fold_aware_refined_search,15
0.0,0.0,0.0,0.0,unseen_data,SKAB,fold_1,42,3,3,probabilistic_suffix_tree,3,1,0.1,0.9,22,148,292,0.08968058968058969,skab_fold_aware_refined_search,15
0.714190093708166,0.47855917667238423,0.6940298507462687,0.566497461928934,original,SKAB,fold_2,42,3,3,probabilistic_suffix_tree,3,1,0.1,0.9,18,126,258,0.11375661375661375,skab_fold_aware_refined_search,15
0.6921017402945113,0.45182724252491696,0.6766169154228856,0.5418326693227091,gaussian_noise,SKAB,fold_2,42,3,3,probabilistic_suffix_tree,3,1,0.1,0.9,18,126,258,0.11375661375661375,skab_fold_aware_refined_search,15
0.0,0.0,0.0,0.0,unseen_data,SKAB,fold_2,42,3,3,probabilistic_suffix_tree,3,1,0.1,0.9,18,126,258,0.11375661375661375,skab_fold_aware_refined_search,15
0.5240963855421686,0.26146788990825687,0.42857142857142855,0.3247863247863248,original,SKAB,fold_3,42,3,3,probabilistic_suffix_tree,3,1,0.1,0.9,19,128,260,0.1069078947368421,skab_fold_aware_refined_search,15
0.5267737617135207,0.26380368098159507,0.43107769423558895,0.3273073263558516,gaussian_noise,SKAB,fold_3,42,3,3,probabilistic_suffix_tree,3,1,0.1,0.9,19,128,260,0.1069078947368421,skab_fold_aware_refined_search,15
0.2,0.2,1.0,0.3333333333333333,unseen_data,SKAB,fold_3,42,3,3,probabilistic_suffix_tree,3,1,0.1,0.9,19,128,260,0.1069078947368421,skab_fold_aware_refined_search,15
0.46404341926729986,0.1218568665377176,0.15789473684210525,0.13755458515283842,original,SKAB,fold_4,42,3,3,probabilistic_suffix_tree,3,1,0.1,0.9,19,128,262,0.10773026315789473,skab_fold_aware_refined_search,15
0.4525101763907734,0.11797752808988764,0.15789473684210525,0.13504823151125403,gaussian_noise,SKAB,fold_4,42,3,3,probabilistic_suffix_tree,3,1,0.1,0.9,19,128,262,0.10773026315789473,skab_fold_aware_refined_search,15
0.0,0.0,0.0,0.0,unseen_data,SKAB,fold_4,42,3,3,probabilistic_suffix_tree,3,1,0.1,0.9,19,128,262,0.10773026315789473,skab_fold_aware_refined_search,15
0.43216412971542023,0.2716417910447761,0.6842105263157895,0.3888888888888889,original,SKAB,fold_5,42,3,3,probabilistic_suffix_tree,3,1,0.1,0.9,20,134,267,0.09962686567164179,skab_fold_aware_refined_search,15
0.4189278623428193,0.2667964946445959,0.6867167919799498,0.38429172510518933,gaussian_noise,SKAB,fold_5,42,3,3,probabilistic_suffix_tree,3,1,0.1,0.9,20,134,267,0.09962686567164179,skab_fold_aware_refined_search,15
0.0,0.0,0.0,0.0,unseen_data,SKAB,fold_5,42,3,3,probabilistic_suffix_tree,3,1,0.1,0.9,20,134,267,0.09962686567164179,skab_fold_aware_refined_search,15
0.7606666666666667,0.875,0.12219451371571072,0.21444201312910285,original,SKAB,fold_1,42,3,3,probabilistic_suffix_tree,3,1,0.5,0.5,22,148,292,0.08968058968058969,skab_fold_aware_refined_search,16
0.762,0.8793103448275862,0.12718204488778054,0.2222222222222222,gaussian_noise,SKAB,fold_1,42,3,3,probabilistic_suffix_tree,3,1,0.5,0.5,22,148,292,0.08968058968058969,skab_fold_aware_refined_search,16
0.0,0.0,0.0,0.0,unseen_data,SKAB,fold_1,42,3,3,probabilistic_suffix_tree,3,1,0.5,0.5,22,148,292,0.08968058968058969,skab_fold_aware_refined_search,16
0.7269076305220884,0.49171270718232046,0.4427860696517413,0.46596858638743455,original,SKAB,fold_2,42,3,3,probabilistic_suffix_tree,3,1,0.5,0.5,18,126,258,0.11375661375661375,skab_fold_aware_refined_search,16
0.7168674698795181,0.47229551451187335,0.44527363184079605,0.45838668373879643,gaussian_noise,SKAB,fold_2,42,3,3,probabilistic_suffix_tree,3,1,0.5,0.5,18,126,258,0.11375661375661375,skab_fold_aware_refined_search,16
0.0,0.0,0.0,0.0,unseen_data,SKAB,fold_2,42,3,3,probabilistic_suffix_tree,3,1,0.5,0.5,18,126,258,0.11375661375661375,skab_fold_aware_refined_search,16
0.6171352074966533,0.27648578811369506,0.2681704260651629,0.272264631043257,original,SKAB,fold_3,42,3,3,probabilistic_suffix_tree,3,1,0.5,0.5,19,128,260,0.1069078947368421,skab_fold_aware_refined_search,16
0.6091030789825971,0.26700251889168763,0.2656641604010025,0.2663316582914573,gaussian_noise,SKAB,fold_3,42,3,3,probabilistic_suffix_tree,3,1,0.5,0.5,19,128,260,0.1069078947368421,skab_fold_aware_refined_search,16
0.4,0.25,1.0,0.4,unseen_data,SKAB,fold_3,42,3,3,probabilistic_suffix_tree,3,1,0.5,0.5,19,128,260,0.1069078947368421,skab_fold_aware_refined_search,16
0.6031207598371777,0.1450381679389313,0.09523809523809523,0.11497730711043873,original,SKAB,fold_4,42,3,3,probabilistic_suffix_tree,3,1,0.5,0.5,19,128,262,0.10773026315789473,skab_fold_aware_refined_search,16
0.578697421981004,0.11986301369863013,0.08771929824561403,0.10130246020260492,gaussian_noise,SKAB,fold_4,42,3,3,probabilistic_suffix_tree,3,1,0.5,0.5,19,128,262,0.10773026315789473,skab_fold_aware_refined_search,16
0.0,0.0,0.0,0.0,unseen_data,SKAB,fold_4,42,3,3,probabilistic_suffix_tree,3,1,0.5,0.5,19,128,262,0.10773026315789473,skab_fold_aware_refined_search,16
0.6168100595632032,0.3504983388704319,0.5288220551378446,0.42157842157842157,original,SKAB,fold_5,42,3,3,probabilistic_suffix_tree,3,1,0.5,0.5,20,134,267,0.09962686567164179,skab_fold_aware_refined_search,16
0.6161482461945731,0.34991708126036486,0.5288220551378446,0.42115768463073855,gaussian_noise,SKAB,fold_5,42,3,3,probabilistic_suffix_tree,3,1,0.5,0.5,20,134,267,0.09962686567164179,skab_fold_aware_refined_search,16
0.0,0.0,0.0,0.0,unseen_data,SKAB,fold_5,42,3,3,probabilistic_suffix_tree,3,1,0.5,0.5,20,134,267,0.09962686567164179,skab_fold_aware_refined_search,16
0.788,0.8373983739837398,0.256857855361596,0.3931297709923664,original,SKAB,fold_1,42,3,3,probabilistic_suffix_tree,3,1,0.5,0.7,22,148,292,0.08968058968058969,skab_fold_aware_refined_search,17
0.7933333333333333,0.8527131782945736,0.2743142144638404,0.41509433962264153,gaussian_noise,SKAB,fold_1,42,3,3,probabilistic_suffix_tree,3,1,0.5,0.7,22,148,292,0.08968058968058969,skab_fold_aware_refined_search,17
0.0,0.0,0.0,0.0,unseen_data,SKAB,fold_1,42,3,3,probabilistic_suffix_tree,3,1,0.5,0.7,22,148,292,0.08968058968058969,skab_fold_aware_refined_search,17
0.7168674698795181,0.48,0.6268656716417911,0.5436893203883495,original,SKAB,fold_2,42,3,3,probabilistic_suffix_tree,3,1,0.5,0.7,18,126,258,0.11375661375661375,skab_fold_aware_refined_search,17
0.6927710843373494,0.44789762340036565,0.6094527363184079,0.5163329820864068,gaussian_noise,SKAB,fold_2,42,3,3,probabilistic_suffix_tree,3,1,0.5,0.7,18,126,258,0.11375661375661375,skab_fold_aware_refined_search,17
0.0,0.0,0.0,0.0,unseen_data,SKAB,fold_2,42,3,3,probabilistic_suffix_tree,3,1,0.5,0.7,18,126,258,0.11375661375661375,skab_fold_aware_refined_search,17
0.5535475234270415,0.2705479452054795,0.39598997493734334,0.3214649033570702,original,SKAB,fold_3,42,3,3,probabilistic_suffix_tree,3,1,0.5,0.7,19,128,260,0.1069078947368421,skab_fold_aware_refined_search,17
0.5522088353413654,0.2688356164383562,0.39348370927318294,0.31943031536113936,gaussian_noise,SKAB,fold_3,42,3,3,probabilistic_suffix_tree,3,1,0.5,0.7,19,128,260,0.1069078947368421,skab_fold_aware_refined_search,17
0.2,0.2,1.0,0.3333333333333333,unseen_data,SKAB,fold_3,42,3,3,probabilistic_suffix_tree,3,1,0.5,0.7,19,128,260,0.1069078947368421,skab_fold_aware_refined_search,17
0.4796472184531886,0.11983471074380166,0.14536340852130325,0.13137032842582105,original,SKAB,fold_4,42,3,3,probabilistic_suffix_tree,3,1,0.5,0.7,19,128,262,0.10773026315789473,skab_fold_aware_refined_search,17
0.4694708276797829,0.11928429423459244,0.15037593984962405,0.13303769401330376,gaussian_noise,SKAB,fold_4,42,3,3,probabilistic_suffix_tree,3,1,0.5,0.7,19,128,262,0.10773026315789473,skab_fold_aware_refined_search,17
0.0,0.0,0.0,0.0,unseen_data,SKAB,fold_4,42,3,3,probabilistic_suffix_tree,3,1,0.5,0.7,19,128,262,0.10773026315789473,skab_fold_aware_refined_search,17
0.5433487756452681,0.31605562579013907,0.6265664160401002,0.42016806722689076,original,SKAB,fold_5,42,3,3,probabilistic_suffix_tree,3,1,0.5,0.7,20,134,267,0.09962686567164179,skab_fold_aware_refined_search,17
0.5248180013236268,0.30713422007255137,0.6365914786967418,0.41435562805872755,gaussian_noise,SKAB,fold_5,42,3,3,probabilistic_suffix_tree,3,1,0.5,0.7,20,134,267,0.09962686567164179,skab_fold_aware_refined_search,17
0.0,0.0,0.0,0.0,unseen_data,SKAB,fold_5,42,3,3,probabilistic_suffix_tree,3,1,0.5,0.7,20,134,267,0.09962686567164179,skab_fold_aware_refined_search,17
0.7893333333333333,0.5876288659793815,0.7107231920199502,0.6433408577878104,original,SKAB,fold_1,42,3,3,probabilistic_suffix_tree,3,1,0.5,0.9,22,148,292,0.08968058968058969,skab_fold_aware_refined_search,18
0.796,0.5959595959595959,0.7356608478802993,0.6584821428571429,gaussian_noise,SKAB,fold_1,42,3,3,probabilistic_suffix_tree,3,1,0.5,0.9,22,148,292,0.08968058968058969,skab_fold_aware_refined_search,18
0.0,0.0,0.0,0.0,unseen_data,SKAB,fold_1,42,3,3,probabilistic_suffix_tree,3,1,0.5,0.9,22,148,292,0.08968058968058969,skab_fold_aware_refined_search,18
0.714190093708166,0.47855917667238423,0.6940298507462687,0.566497461928934,original,SKAB,fold_2,42,3,3,probabilistic_suffix_tree,3,1,0.5,0.9,18,126,258,0.11375661375661375,skab_fold_aware_refined_search,18
0.6921017402945113,0.45182724252491696,0.6766169154228856,0.5418326693227091,gaussian_noise,SKAB,fold_2,42,3,3,probabilistic_suffix_tree,3,1,0.5,0.9,18,126,258,0.11375661375661375,skab_fold_aware_refined_search,18
0.0,0.0,0.0,0.0,unseen_data,SKAB,fold_2,42,3,3,probabilistic_suffix_tree,3,1,0.5,0.9,18,126,258,0.11375661375661375,skab_fold_aware_refined_search,18
0.5234270414993306,0.26106870229007634,0.42857142857142855,0.32447817836812143,original,SKAB,fold_3,42,3,3,probabilistic_suffix_tree,3,1,0.5,0.9,19,128,260,0.1069078947368421,skab_fold_aware_refined_search,18
0.5261044176706827,0.26339969372128635,0.43107769423558895,0.3269961977186312,gaussian_noise,SKAB,fold_3,42,3,3,probabilistic_suffix_tree,3,1,0.5,0.9,19,128,260,0.1069078947368421,skab_fold_aware_refined_search,18
0.2,0.2,1.0,0.3333333333333333,unseen_data,SKAB,fold_3,42,3,3,probabilistic_suffix_tree,3,1,0.5,0.9,19,128,260,0.1069078947368421,skab_fold_aware_refined_search,18
0.46404341926729986,0.1218568665377176,0.15789473684210525,0.13755458515283842,original,SKAB,fold_4,42,3,3,probabilistic_suffix_tree,3,1,0.5,0.9,19,128,262,0.10773026315789473,skab_fold_aware_refined_search,18
0.4525101763907734,0.11797752808988764,0.15789473684210525,0.13504823151125403,gaussian_noise,SKAB,fold_4,42,3,3,probabilistic_suffix_tree,3,1,0.5,0.9,19,128,262,0.10773026315789473,skab_fold_aware_refined_search,18
0.0,0.0,0.0,0.0,unseen_data,SKAB,fold_4,42,3,3,probabilistic_suffix_tree,3,1,0.5,0.9,19,128,262,0.10773026315789473,skab_fold_aware_refined_search,18
0.43216412971542023,0.2716417910447761,0.6842105263157895,0.3888888888888889,original,SKAB,fold_5,42,3,3,probabilistic_suffix_tree,3,1,0.5,0.9,20,134,267,0.09962686567164179,skab_fold_aware_refined_search,18
0.4189278623428193,0.2667964946445959,0.6867167919799498,0.38429172510518933,gaussian_noise,SKAB,fold_5,42,3,3,probabilistic_suffix_tree,3,1,0.5,0.9,20,134,267,0.09962686567164179,skab_fold_aware_refined_search,18
0.0,0.0,0.0,0.0,unseen_data,SKAB,fold_5,42,3,3,probabilistic_suffix_tree,3,1,0.5,0.9,20,134,267,0.09962686567164179,skab_fold_aware_refined_search,18
0.7606666666666667,0.92,0.11471321695760599,0.2039911308203991,original,SKAB,fold_1,42,3,3,probabilistic_suffix_tree,3,2,0.1,0.5,22,148,292,0.08968058968058969,skab_fold_aware_refined_search,19
0.7626666666666667,0.9245283018867925,0.12219451371571072,0.21585903083700442,gaussian_noise,SKAB,fold_1,42,3,3,probabilistic_suffix_tree,3,2,0.1,0.5,22,148,292,0.08968058968058969,skab_fold_aware_refined_search,19
0.0,0.0,0.0,0.0,unseen_data,SKAB,fold_1,42,3,3,probabilistic_suffix_tree,3,2,0.1,0.5,22,148,292,0.08968058968058969,skab_fold_aware_refined_search,19
0.7322623828647925,0.503731343283582,0.3358208955223881,0.40298507462686567,original,SKAB,fold_2,42,3,3,probabilistic_suffix_tree,3,2,0.1,0.5,18,126,258,0.11375661375661375,skab_fold_aware_refined_search,19
0.7242302543507363,0.48188405797101447,0.3308457711442786,0.39233038348082594,gaussian_noise,SKAB,fold_2,42,3,3,probabilistic_suffix_tree,3,2,0.1,0.5,18,126,258,0.11375661375661375,skab_fold_aware_refined_search,19
0.0,0.0,0.0,0.0,unseen_data,SKAB,fold_2,42,3,3,probabilistic_suffix_tree,3,2,0.1,0.5,18,126,258,0.11375661375661375,skab_fold_aware_refined_search,19
0.6445783132530121,0.25555555555555554,0.17293233082706766,0.2062780269058296,original,SKAB,fold_3,42,3,3,probabilistic_suffix_tree,3,2,0.1,0.5,19,128,260,0.1069078947368421,skab_fold_aware_refined_search,19
0.6392235609103079,0.2535211267605634,0.18045112781954886,0.2108345534407028,gaussian_noise,SKAB,fold_3,42,3,3,probabilistic_suffix_tree,3,2,0.1,0.5,19,128,260,0.1069078947368421,skab_fold_aware_refined_search,19
0.4,0.25,1.0,0.4,unseen_data,SKAB,fold_3,42,3,3,probabilistic_suffix_tree,3,2,0.1,0.5,19,128,260,0.1069078947368421,skab_fold_aware_refined_search,19
0.6289009497964722,0.14761904761904762,0.07769423558897243,0.10180623973727422,original,SKAB,fold_4,42,3,3,probabilistic_suffix_tree,3,2,0.1,0.5,19,128,262,0.10773026315789473,skab_fold_aware_refined_search,19
0.6139755766621439,0.12389380530973451,0.07017543859649122,0.0896,gaussian_noise,SKAB,fold_4,42,3,3,probabilistic_suffix_tree,3,2,0.1,0.5,19,128,262,0.10773026315789473,skab_fold_aware_refined_search,19
0.0,0.0,0.0,0.0,unseen_data,SKAB,fold_4,42,3,3,probabilistic_suffix_tree,3,2,0.1,0.5,19,128,262,0.10773026315789473,skab_fold_aware_refined_search,19
0.6194573130377233,0.31742738589211617,0.38345864661654133,0.3473325766174801,original,SKAB,fold_5,42,3,3,probabilistic_suffix_tree,3,2,0.1,0.5,20,134,267,0.09962686567164179,skab_fold_aware_refined_search,19
0.6161482461945731,0.31106471816283926,0.37343358395989973,0.33940774487471526,gaussian_noise,SKAB,fold_5,42,3,3,probabilistic_suffix_tree,3,2,0.1,0.5,20,134,267,0.09962686567164179,skab_fold_aware_refined_search,19
0.0,0.0,0.0,0.0,unseen_data,SKAB,fold_5,42,3,3,probabilistic_suffix_tree,3,2,0.1,0.5,20,134,267,0.09962686567164179,skab_fold_aware_refined_search,19
0.7706666666666667,0.8518518518518519,0.17206982543640897,0.2863070539419087,original,SKAB,fold_1,42,3,3,probabilistic_suffix_tree,3,2,0.1,0.7,22,148,292,0.08968058968058969,skab_fold_aware_refined_search,20
0.774,0.8780487804878049,0.17955112219451372,0.2981366459627329,gaussian_noise,SKAB,fold_1,42,3,3,probabilistic_suffix_tree,3,2,0.1,0.7,22,148,292,0.08968058968058969,skab_fold_aware_refined_search,20
0.0,0.0,0.0,0.0,unseen_data,SKAB,fold_1,42,3,3,probabilistic_suffix_tree,3,2,0.1,0.7,22,148,292,0.08968058968058969,skab_fold_aware_refined_search,20
0.7295850066934404,0.49764150943396224,0.5248756218905473,0.5108958837772397,original,SKAB,fold_2,42,3,3,probabilistic_suffix_tree,3,2,0.1,0.7,18,126,258,0.11375661375661375,skab_fold_aware_refined_search,20
0.7108433734939759,0.4660633484162896,0.5124378109452736,0.4881516587677725,gaussian_noise,SKAB,fold_2,42,3,3,probabilistic_suffix_tree,3,2,0.1,0.7,18,126,258,0.11375661375661375,skab_fold_aware_refined_search,20
0.0,0.0,0.0,0.0,unseen_data,SKAB,fold_2,42,3,3,probabilistic_suffix_tree,3,2,0.1,0.7,18,126,258,0.11375661375661375,skab_fold_aware_refined_search,20
0.5910307898259706,0.27350427350427353,0.3208020050125313,0.2952710495963091,original,SKAB,fold_3,42,3,3,probabilistic_suffix_tree,3,2,0.1,0.7,19,128,260,0.1069078947368421,skab_fold_aware_refined_search,20
0.5863453815261044,0.26849894291754756,0.3182957393483709,0.29128440366972475,gaussian_noise,SKAB,fold_3,42,3,3,probabilistic_suffix_tree,3,2,0.1,0.7,19,128,260,0.1069078947368421,skab_fold_aware_refined_search,20
0.2,0.2,1.0,0.3333333333333333,unseen_data,SKAB,fold_3,42,3,3,probabilistic_suffix_tree,3,2,0.1,0.7,19,128,260,0.1069078947368421,skab_fold_aware_refined_search,20
0.5128900949796472,0.11750599520383694,0.12280701754385964,0.12009803921568628,original,SKAB,fold_4,42,3,3,probabilistic_suffix_tree,3,2,0.1,0.7,19,128,262,0.10773026315789473,skab_fold_aware_refined_search,20
0.5027137042062415,0.1152073732718894,0.12531328320802004,0.12004801920768307,gaussian_noise,SKAB,fold_4,42,3,3,probabilistic_suffix_tree,3,2,0.1,0.7,19,128,262,0.10773026315789473,skab_fold_aware_refined_search,20
0.0,0.0,0.0,0.0,unseen_data,SKAB,fold_4,42,3,3,probabilistic_suffix_tree,3,2,0.1,0.7,19,128,262,0.10773026315789473,skab_fold_aware_refined_search,20
0.542686962276638,0.2896253602305475,0.5037593984962406,0.3677950594693504,original,SKAB,fold_5,42,3,3,probabilistic_suffix_tree,3,2,0.1,0.7,20,134,267,0.09962686567164179,skab_fold_aware_refined_search,20
0.528127068166777,0.28434065934065933,0.518796992481203,0.3673469387755102,gaussian_noise,SKAB,fold_5,42,3,3,probabilistic_suffix_tree,3,2,0.1,0.7,20,134,267,0.09962686567164179,skab_fold_aware_refined_search,20
0.0,0.0,0.0,0.0,unseen_data,SKAB,fold_5,42,3,3,probabilistic_suffix_tree,3,2,0.1,0.7,20,134,267,0.09962686567164179,skab_fold_aware_refined_search,20
0.7893333333333333,0.5876288659793815,0.7107231920199502,0.6433408577878104,original,SKAB,fold_1,42,3,3,probabilistic_suffix_tree,3,2,0.1,0.9,22,148,292,0.08968058968058969,skab_fold_aware_refined_search,21
0.796,0.5959595959595959,0.7356608478802993,0.6584821428571429,gaussian_noise,SKAB,fold_1,42,3,3,probabilistic_suffix_tree,3,2,0.1,0.9,22,148,292,0.08968058968058969,skab_fold_aware_refined_search,21
0.0,0.0,0.0,0.0,unseen_data,SKAB,fold_1,42,3,3,probabilistic_suffix_tree,3,2,0.1,0.9,22,148,292,0.08968058968058969,skab_fold_aware_refined_search,21
0.714190093708166,0.47855917667238423,0.6940298507462687,0.566497461928934,original,SKAB,fold_2,42,3,3,probabilistic_suffix_tree,3,2,0.1,0.9,18,126,258,0.11375661375661375,skab_fold_aware_refined_search,21
0.6921017402945113,0.45182724252491696,0.6766169154228856,0.5418326693227091,gaussian_noise,SKAB,fold_2,42,3,3,probabilistic_suffix_tree,3,2,0.1,0.9,18,126,258,0.11375661375661375,skab_fold_aware_refined_search,21
0.0,0.0,0.0,0.0,unseen_data,SKAB,fold_2,42,3,3,probabilistic_suffix_tree,3,2,0.1,0.9,18,126,258,0.11375661375661375,skab_fold_aware_refined_search,21
0.5240963855421686,0.26146788990825687,0.42857142857142855,0.3247863247863248,original,SKAB,fold_3,42,3,3,probabilistic_suffix_tree,3,2,0.1,0.9,19,128,260,0.1069078947368421,skab_fold_aware_refined_search,21
0.5267737617135207,0.26380368098159507,0.43107769423558895,0.3273073263558516,gaussian_noise,SKAB,fold_3,42,3,3,probabilistic_suffix_tree,3,2,0.1,0.9,19,128,260,0.1069078947368421,skab_fold_aware_refined_search,21
0.2,0.2,1.0,0.3333333333333333,unseen_data,SKAB,fold_3,42,3,3,probabilistic_suffix_tree,3,2,0.1,0.9,19,128,260,0.1069078947368421,skab_fold_aware_refined_search,21
0.46404341926729986,0.1218568665377176,0.15789473684210525,0.13755458515283842,original,SKAB,fold_4,42,3,3,probabilistic_suffix_tree,3,2,0.1,0.9,19,128,262,0.10773026315789473,skab_fold_aware_refined_search,21
0.4525101763907734,0.11797752808988764,0.15789473684210525,0.13504823151125403,gaussian_noise,SKAB,fold_4,42,3,3,probabilistic_suffix_tree,3,2,0.1,0.9,19,128,262,0.10773026315789473,skab_fold_aware_refined_search,21
0.0,0.0,0.0,0.0,unseen_data,SKAB,fold_4,42,3,3,probabilistic_suffix_tree,3,2,0.1,0.9,19,128,262,0.10773026315789473,skab_fold_aware_refined_search,21
0.43216412971542023,0.2716417910447761,0.6842105263157895,0.3888888888888889,original,SKAB,fold_5,42,3,3,probabilistic_suffix_tree,3,2,0.1,0.9,20,134,267,0.09962686567164179,skab_fold_aware_refined_search,21
0.4189278623428193,0.2667964946445959,0.6867167919799498,0.38429172510518933,gaussian_noise,SKAB,fold_5,42,3,3,probabilistic_suffix_tree,3,2,0.1,0.9,20,134,267,0.09962686567164179,skab_fold_aware_refined_search,21
0.0,0.0,0.0,0.0,unseen_data,SKAB,fold_5,42,3,3,probabilistic_suffix_tree,3,2,0.1,0.9,20,134,267,0.09962686567164179,skab_fold_aware_refined_search,21
0.7606666666666667,0.875,0.12219451371571072,0.21444201312910285,original,SKAB,fold_1,42,3,3,probabilistic_suffix_tree,3,2,0.5,0.5,22,148,292,0.08968058968058969,skab_fold_aware_refined_search,22
0.762,0.8793103448275862,0.12718204488778054,0.2222222222222222,gaussian_noise,SKAB,fold_1,42,3,3,probabilistic_suffix_tree,3,2,0.5,0.5,22,148,292,0.08968058968058969,skab_fold_aware_refined_search,22
0.0,0.0,0.0,0.0,unseen_data,SKAB,fold_1,42,3,3,probabilistic_suffix_tree,3,2,0.5,0.5,22,148,292,0.08968058968058969,skab_fold_aware_refined_search,22
0.7269076305220884,0.49171270718232046,0.4427860696517413,0.46596858638743455,original,SKAB,fold_2,42,3,3,probabilistic_suffix_tree,3,2,0.5,0.5,18,126,258,0.11375661375661375,skab_fold_aware_refined_search,22
0.7168674698795181,0.47229551451187335,0.44527363184079605,0.45838668373879643,gaussian_noise,SKAB,fold_2,42,3,3,probabilistic_suffix_tree,3,2,0.5,0.5,18,126,258,0.11375661375661375,skab_fold_aware_refined_search,22
0.0,0.0,0.0,0.0,unseen_data,SKAB,fold_2,42,3,3,probabilistic_suffix_tree,3,2,0.5,0.5,18,126,258,0.11375661375661375,skab_fold_aware_refined_search,22
0.6171352074966533,0.27648578811369506,0.2681704260651629,0.272264631043257,original,SKAB,fold_3,42,3,3,probabilistic_suffix_tree,3,2,0.5,0.5,19,128,260,0.1069078947368421,skab_fold_aware_refined_search,22
0.6091030789825971,0.26700251889168763,0.2656641604010025,0.2663316582914573,gaussian_noise,SKAB,fold_3,42,3,3,probabilistic_suffix_tree,3,2,0.5,0.5,19,128,260,0.1069078947368421,skab_fold_aware_refined_search,22
0.4,0.25,1.0,0.4,unseen_data,SKAB,fold_3,42,3,3,probabilistic_suffix_tree,3,2,0.5,0.5,19,128,260,0.1069078947368421,skab_fold_aware_refined_search,22
0.6031207598371777,0.1450381679389313,0.09523809523809523,0.11497730711043873,original,SKAB,fold_4,42,3,3,probabilistic_suffix_tree,3,2,0.5,0.5,19,128,262,0.10773026315789473,skab_fold_aware_refined_search,22
0.578697421981004,0.11986301369863013,0.08771929824561403,0.10130246020260492,gaussian_noise,SKAB,fold_4,42,3,3,probabilistic_suffix_tree,3,2,0.5,0.5,19,128,262,0.10773026315789473,skab_fold_aware_refined_search,22
0.0,0.0,0.0,0.0,unseen_data,SKAB,fold_4,42,3,3,probabilistic_suffix_tree,3,2,0.5,0.5,19,128,262,0.10773026315789473,skab_fold_aware_refined_search,22
0.6174718729318333,0.35108153078202997,0.5288220551378446,0.422,original,SKAB,fold_5,42,3,3,probabilistic_suffix_tree,3,2,0.5,0.5,20,134,267,0.09962686567164179,skab_fold_aware_refined_search,22
0.6161482461945731,0.34941763727121466,0.5263157894736842,0.42,gaussian_noise,SKAB,fold_5,42,3,3,probabilistic_suffix_tree,3,2,0.5,0.5,20,134,267,0.09962686567164179,skab_fold_aware_refined_search,22
0.0,0.0,0.0,0.0,unseen_data,SKAB,fold_5,42,3,3,probabilistic_suffix_tree,3,2,0.5,0.5,20,134,267,0.09962686567164179,skab_fold_aware_refined_search,22
0.788,0.8373983739837398,0.256857855361596,0.3931297709923664,original,SKAB,fold_1,42,3,3,probabilistic_suffix_tree,3,2,0.5,0.7,22,148,292,0.08968058968058969,skab_fold_aware_refined_search,23
0.7933333333333333,0.8527131782945736,0.2743142144638404,0.41509433962264153,gaussian_noise,SKAB,fold_1,42,3,3,probabilistic_suffix_tree,3,2,0.5,0.7,22,148,292,0.08968058968058969,skab_fold_aware_refined_search,23
0.0,0.0,0.0,0.0,unseen_data,SKAB,fold_1,42,3,3,probabilistic_suffix_tree,3,2,0.5,0.7,22,148,292,0.08968058968058969,skab_fold_aware_refined_search,23
0.7168674698795181,0.48,0.6268656716417911,0.5436893203883495,original,SKAB,fold_2,42,3,3,probabilistic_suffix_tree,3,2,0.5,0.7,18,126,258,0.11375661375661375,skab_fold_aware_refined_search,23
0.6927710843373494,0.44789762340036565,0.6094527363184079,0.5163329820864068,gaussian_noise,SKAB,fold_2,42,3,3,probabilistic_suffix_tree,3,2,0.5,0.7,18,126,258,0.11375661375661375,skab_fold_aware_refined_search,23
0.0,0.0,0.0,0.0,unseen_data,SKAB,fold_2,42,3,3,probabilistic_suffix_tree,3,2,0.5,0.7,18,126,258,0.11375661375661375,skab_fold_aware_refined_search,23
0.5535475234270415,0.2705479452054795,0.39598997493734334,0.3214649033570702,original,SKAB,fold_3,42,3,3,probabilistic_suffix_tree,3,2,0.5,0.7,19,128,260,0.1069078947368421,skab_fold_aware_refined_search,23
0.5522088353413654,0.2688356164383562,0.39348370927318294,0.31943031536113936,gaussian_noise,SKAB,fold_3,42,3,3,probabilistic_suffix_tree,3,2,0.5,0.7,19,128,260,0.1069078947368421,skab_fold_aware_refined_search,23
0.2,0.2,1.0,0.3333333333333333,unseen_data,SKAB,fold_3,42,3,3,probabilistic_suffix_tree,3,2,0.5,0.7,19,128,260,0.1069078947368421,skab_fold_aware_refined_search,23
0.4796472184531886,0.11983471074380166,0.14536340852130325,0.13137032842582105,original,SKAB,fold_4,42,3,3,probabilistic_suffix_tree,3,2,0.5,0.7,19,128,262,0.10773026315789473,skab_fold_aware_refined_search,23
0.4694708276797829,0.11928429423459244,0.15037593984962405,0.13303769401330376,gaussian_noise,SKAB,fold_4,42,3,3,probabilistic_suffix_tree,3,2,0.5,0.7,19,128,262,0.10773026315789473,skab_fold_aware_refined_search,23
0.0,0.0,0.0,0.0,unseen_data,SKAB,fold_4,42,3,3,probabilistic_suffix_tree,3,2,0.5,0.7,19,128,262,0.10773026315789473,skab_fold_aware_refined_search,23
0.5433487756452681,0.31605562579013907,0.6265664160401002,0.42016806722689076,original,SKAB,fold_5,42,3,3,probabilistic_suffix_tree,3,2,0.5,0.7,20,134,267,0.09962686567164179,skab_fold_aware_refined_search,23
0.5248180013236268,0.30713422007255137,0.6365914786967418,0.41435562805872755,gaussian_noise,SKAB,fold_5,42,3,3,probabilistic_suffix_tree,3,2,0.5,0.7,20,134,267,0.09962686567164179,skab_fold_aware_refined_search,23
0.0,0.0,0.0,0.0,unseen_data,SKAB,fold_5,42,3,3,probabilistic_suffix_tree,3,2,0.5,0.7,20,134,267,0.09962686567164179,skab_fold_aware_refined_search,23
0.7893333333333333,0.5876288659793815,0.7107231920199502,0.6433408577878104,original,SKAB,fold_1,42,3,3,probabilistic_suffix_tree,3,2,0.5,0.9,22,148,292,0.08968058968058969,skab_fold_aware_refined_search,24
0.796,0.5959595959595959,0.7356608478802993,0.6584821428571429,gaussian_noise,SKAB,fold_1,42,3,3,probabilistic_suffix_tree,3,2,0.5,0.9,22,148,292,0.08968058968058969,skab_fold_aware_refined_search,24
0.0,0.0,0.0,0.0,unseen_data,SKAB,fold_1,42,3,3,probabilistic_suffix_tree,3,2,0.5,0.9,22,148,292,0.08968058968058969,skab_fold_aware_refined_search,24
0.714190093708166,0.47855917667238423,0.6940298507462687,0.566497461928934,original,SKAB,fold_2,42,3,3,probabilistic_suffix_tree,3,2,0.5,0.9,18,126,258,0.11375661375661375,skab_fold_aware_refined_search,24
0.6921017402945113,0.45182724252491696,0.6766169154228856,0.5418326693227091,gaussian_noise,SKAB,fold_2,42,3,3,probabilistic_suffix_tree,3,2,0.5,0.9,18,126,258,0.11375661375661375,skab_fold_aware_refined_search,24
0.0,0.0,0.0,0.0,unseen_data,SKAB,fold_2,42,3,3,probabilistic_suffix_tree,3,2,0.5,0.9,18,126,258,0.11375661375661375,skab_fold_aware_refined_search,24
0.5234270414993306,0.26106870229007634,0.42857142857142855,0.32447817836812143,original,SKAB,fold_3,42,3,3,probabilistic_suffix_tree,3,2,0.5,0.9,19,128,260,0.1069078947368421,skab_fold_aware_refined_search,24
0.5261044176706827,0.26339969372128635,0.43107769423558895,0.3269961977186312,gaussian_noise,SKAB,fold_3,42,3,3,probabilistic_suffix_tree,3,2,0.5,0.9,19,128,260,0.1069078947368421,skab_fold_aware_refined_search,24
0.2,0.2,1.0,0.3333333333333333,unseen_data,SKAB,fold_3,42,3,3,probabilistic_suffix_tree,3,2,0.5,0.9,19,128,260,0.1069078947368421,skab_fold_aware_refined_search,24
0.46404341926729986,0.1218568665377176,0.15789473684210525,0.13755458515283842,original,SKAB,fold_4,42,3,3,probabilistic_suffix_tree,3,2,0.5,0.9,19,128,262,0.10773026315789473,skab_fold_aware_refined_search,24
0.4525101763907734,0.11797752808988764,0.15789473684210525,0.13504823151125403,gaussian_noise,SKAB,fold_4,42,3,3,probabilistic_suffix_tree,3,2,0.5,0.9,19,128,262,0.10773026315789473,skab_fold_aware_refined_search,24
0.0,0.0,0.0,0.0,unseen_data,SKAB,fold_4,42,3,3,probabilistic_suffix_tree,3,2,0.5,0.9,19,128,262,0.10773026315789473,skab_fold_aware_refined_search,24
0.43216412971542023,0.2716417910447761,0.6842105263157895,0.3888888888888889,original,SKAB,fold_5,42,3,3,probabilistic_suffix_tree,3,2,0.5,0.9,20,134,267,0.09962686567164179,skab_fold_aware_refined_search,24
0.4189278623428193,0.2667964946445959,0.6867167919799498,0.38429172510518933,gaussian_noise,SKAB,fold_5,42,3,3,probabilistic_suffix_tree,3,2,0.5,0.9,20,134,267,0.09962686567164179,skab_fold_aware_refined_search,24
0.0,0.0,0.0,0.0,unseen_data,SKAB,fold_5,42,3,3,probabilistic_suffix_tree,3,2,0.5,0.9,20,134,267,0.09962686567164179,skab_fold_aware_refined_search,24
0.7566666666666667,0.8913043478260869,0.10224438902743142,0.18344519015659955,original,SKAB,fold_1,42,3,3,probabilistic_suffix_tree,4,1,0.1,0.5,22,293,540,0.08377288240769469,skab_fold_aware_refined_search,25
0.7586666666666667,0.8979591836734694,0.10972568578553615,0.19555555555555557,gaussian_noise,SKAB,fold_1,42,3,3,probabilistic_suffix_tree,4,1,0.1,0.5,22,293,540,0.08377288240769469,skab_fold_aware_refined_search,25
0.0,0.0,0.0,0.0,unseen_data,SKAB,fold_1,42,3,3,probabilistic_suffix_tree,4,1,0.1,0.5,22,293,540,0.08377288240769469,skab_fold_aware_refined_search,25
0.7289156626506024,0.4944649446494465,0.3333333333333333,0.39821693907875183,original,SKAB,fold_2,42,3,3,probabilistic_suffix_tree,4,1,0.1,0.5,18,259,499,0.10703560703560704,skab_fold_aware_refined_search,25
0.7195448460508701,0.4693140794223827,0.32338308457711445,0.38291605301914583,gaussian_noise,SKAB,fold_2,42,3,3,probabilistic_suffix_tree,4,1,0.1,0.5,18,259,499,0.10703560703560704,skab_fold_aware_refined_search,25
0.0,0.0,0.0,0.0,unseen_data,SKAB,fold_2,42,3,3,probabilistic_suffix_tree,4,1,0.1,0.5,18,259,499,0.10703560703560704,skab_fold_aware_refined_search,25
0.6452476572958501,0.27796610169491526,0.20551378446115287,0.23631123919308358,original,SKAB,fold_3,42,3,3,probabilistic_suffix_tree,4,1,0.1,0.5,19,261,499,0.1006251260334745,skab_fold_aware_refined_search,25
0.64190093708166,0.2702702702702703,0.20050125313283207,0.2302158273381295,gaussian_noise,SKAB,fold_3,42,3,3,probabilistic_suffix_tree,4,1,0.1,0.5,19,261,499,0.1006251260334745,skab_fold_aware_refined_search,25
0.4,0.25,1.0,0.4,unseen_data,SKAB,fold_3,42,3,3,probabilistic_suffix_tree,4,1,0.1,0.5,19,261,499,0.1006251260334745,skab_fold_aware_refined_search,25
0.6207598371777476,0.14285714285714285,0.08020050125313283,0.10272873194221509,original,SKAB,fold_4,42,3,3,probabilistic_suffix_tree,4,1,0.1,0.5,19,263,507,0.10146087652591555,skab_fold_aware_refined_search,25
0.60719131614654,0.13114754098360656,0.08020050125313283,0.09953343701399689,gaussian_noise,SKAB,fold_4,42,3,3,probabilistic_suffix_tree,4,1,0.1,0.5,19,263,507,0.10146087652591555,skab_fold_aware_refined_search,25
0.0,0.0,0.0,0.0,unseen_data,SKAB,fold_4,42,3,3,probabilistic_suffix_tree,4,1,0.1,0.5,19,263,507,0.10146087652591555,skab_fold_aware_refined_search,25
0.6187954996690933,0.3288201160541586,0.42606516290726815,0.37117903930131,original,SKAB,fold_5,42,3,3,probabilistic_suffix_tree,4,1,0.1,0.5,20,268,493,0.0919776119402985,skab_fold_aware_refined_search,25
0.6161482461945731,0.32289628180039137,0.41353383458646614,0.3626373626373626,gaussian_noise,SKAB,fold_5,42,3,3,probabilistic_suffix_tree,4,1,0.1,0.5,20,268,493,0.0919776119402985,skab_fold_aware_refined_search,25
0.0,0.0,0.0,0.0,unseen_data,SKAB,fold_5,42,3,3,probabilistic_suffix_tree,4,1,0.1,0.5,20,268,493,0.0919776119402985,skab_fold_aware_refined_search,25
0.7806666666666666,0.86,0.2144638403990025,0.34331337325349304,original,SKAB,fold_1,42,3,3,probabilistic_suffix_tree,4,1,0.1,0.7,22,293,540,0.08377288240769469,skab_fold_aware_refined_search,26
0.782,0.8775510204081632,0.2144638403990025,0.34468937875751504,gaussian_noise,SKAB,fold_1,42,3,3,probabilistic_suffix_tree,4,1,0.1,0.7,22,293,540,0.08377288240769469,skab_fold_aware_refined_search,26
0.0,0.0,0.0,0.0,unseen_data,SKAB,fold_1,42,3,3,probabilistic_suffix_tree,4,1,0.1,0.7,22,293,540,0.08377288240769469,skab_fold_aware_refined_search,26
0.7295850066934404,0.4976635514018692,0.5298507462686567,0.5132530120481927,original,SKAB,fold_2,42,3,3,probabilistic_suffix_tree,4,1,0.1,0.7,18,259,499,0.10703560703560704,skab_fold_aware_refined_search,26
0.713520749665328,0.4711111111111111,0.527363184079602,0.49765258215962443,gaussian_noise,SKAB,fold_2,42,3,3,probabilistic_suffix_tree,4,1,0.1,0.7,18,259,499,0.10703560703560704,skab_fold_aware_refined_search,26
0.0,0.0,0.0,0.0,unseen_data,SKAB,fold_2,42,3,3,probabilistic_suffix_tree,4,1,0.1,0.7,18,259,499,0.10703560703560704,skab_fold_aware_refined_search,26
0.5823293172690763,0.27634194831013914,0.3483709273182957,0.3082039911308204,original,SKAB,fold_3,42,3,3,probabilistic_suffix_tree,4,1,0.1,0.7,19,261,499,0.1006251260334745,skab_fold_aware_refined_search,26
0.5783132530120482,0.273972602739726,0.3508771929824561,0.3076923076923077,gaussian_noise,SKAB,fold_3,42,3,3,probabilistic_suffix_tree,4,1,0.1,0.7,19,261,499,0.1006251260334745,skab_fold_aware_refined_search,26
0.2,0.2,1.0,0.3333333333333333,unseen_data,SKAB,fold_3,42,3,3,probabilistic_suffix_tree,4,1,0.1,0.7,19,261,499,0.1006251260334745,skab_fold_aware_refined_search,26
0.5115332428765265,0.12056737588652482,0.12781954887218044,0.12408759124087591,original,SKAB,fold_4,42,3,3,probabilistic_suffix_tree,4,1,0.1,0.7,19,263,507,0.10146087652591555,skab_fold_aware_refined_search,26
0.5006784260515604,0.11791383219954649,0.13032581453634084,0.12380952380952381,gaussian_noise,SKAB,fold_4,42,3,3,probabilistic_suffix_tree,4,1,0.1,0.7,19,263,507,0.10146087652591555,skab_fold_aware_refined_search,26
0.0,0.0,0.0,0.0,unseen_data,SKAB,fold_4,42,3,3,probabilistic_suffix_tree,4,1,0.1,0.7,19,263,507,0.10146087652591555,skab_fold_aware_refined_search,26
0.5598941098610192,0.32407407407407407,0.6140350877192983,0.42424242424242425,original,SKAB,fold_5,42,3,3,probabilistic_suffix_tree,4,1,0.1,0.7,20,268,493,0.0919776119402985,skab_fold_aware_refined_search,26
0.5512905360688286,0.3213828425096031,0.6290726817042607,0.42542372881355933,gaussian_noise,SKAB,fold_5,42,3,3,probabilistic_suffix_tree,4,1,0.1,0.7,20,268,493,0.0919776119402985,skab_fold_aware_refined_search,26
0.0,0.0,0.0,0.0,unseen_data,SKAB,fold_5,42,3,3,probabilistic_suffix_tree,4,1,0.1,0.7,20,268,493,0.0919776119402985,skab_fold_aware_refined_search,26
0.794,0.815068493150685,0.2967581047381546,0.4351005484460695,original,SKAB,fold_1,42,3,3,probabilistic_suffix_tree,4,1,0.1,0.9,22,293,540,0.08377288240769469,skab_fold_aware_refined_search,27
0.8,0.8258064516129032,0.3192019950124688,0.460431654676259,gaussian_noise,SKAB,fold_1,42,3,3,probabilistic_suffix_tree,4,1,0.1,0.9,22,293,540,0.08377288240769469,skab_fold_aware_refined_search,27
0.0,0.0,0.0,0.0,unseen_data,SKAB,fold_1,42,3,3,probabilistic_suffix_tree,4,1,0.1,0.9,22,293,540,0.08377288240769469,skab_fold_aware_refined_search,27
0.7068273092369478,0.470873786407767,0.7238805970149254,0.5705882352941176,original,SKAB,fold_2,42,3,3,probabilistic_suffix_tree,4,1,0.1,0.9,18,259,499,0.10703560703560704,skab_fold_aware_refined_search,27
0.6860776439089692,0.44773790951638065,0.7139303482587065,0.5503355704697986,gaussian_noise,SKAB,fold_2,42,3,3,probabilistic_suffix_tree,4,1,0.1,0.9,18,259,499,0.10703560703560704,skab_fold_aware_refined_search,27
0.0,0.0,0.0,0.0,unseen_data,SKAB,fold_2,42,3,3,probabilistic_suffix_tree,4,1,0.1,0.9,18,259,499,0.10703560703560704,skab_fold_aware_refined_search,27
0.5194109772423026,0.2671532846715328,0.45864661654135336,0.3376383763837638,original,SKAB,fold_3,42,3,3,probabilistic_suffix_tree,4,1,0.1,0.9,19,261,499,0.1006251260334745,skab_fold_aware_refined_search,27
0.5200803212851406,0.26956521739130435,0.46616541353383456,0.3415977961432507,gaussian_noise,SKAB,fold_3,42,3,3,probabilistic_suffix_tree,4,1,0.1,0.9,19,261,499,0.1006251260334745,skab_fold_aware_refined_search,27
0.2,0.2,1.0,0.3333333333333333,unseen_data,SKAB,fold_3,42,3,3,probabilistic_suffix_tree,4,1,0.1,0.9,19,261,499,0.1006251260334745,skab_fold_aware_refined_search,27
0.44572591587516963,0.12544802867383512,0.17543859649122806,0.14629049111807732,original,SKAB,fold_4,42,3,3,probabilistic_suffix_tree,4,1,0.1,0.9,19,263,507,0.10146087652591555,skab_fold_aware_refined_search,27
0.43419267299864317,0.12173913043478261,0.17543859649122806,0.1437371663244353,gaussian_noise,SKAB,fold_4,42,3,3,probabilistic_suffix_tree,4,1,0.1,0.9,19,263,507,0.10146087652591555,skab_fold_aware_refined_search,27
0.0,0.0,0.0,0.0,unseen_data,SKAB,fold_4,42,3,3,probabilistic_suffix_tree,4,1,0.1,0.9,19,263,507,0.10146087652591555,skab_fold_aware_refined_search,27
0.42819324950363996,0.2749273959341723,0.7117794486215538,0.39664804469273746,original,SKAB,fold_5,42,3,3,probabilistic_suffix_tree,4,1,0.1,0.9,20,268,493,0.0919776119402985,skab_fold_aware_refined_search,27
0.41495698213103904,0.27057710501419113,0.7167919799498746,0.39285714285714285,gaussian_noise,SKAB,fold_5,42,3,3,probabilistic_suffix_tree,4,1,0.1,0.9,20,268,493,0.0919776119402985,skab_fold_aware_refined_search,27
0.0,0.0,0.0,0.0,unseen_data,SKAB,fold_5,42,3,3,probabilistic_suffix_tree,4,1,0.1,0.9,20,268,493,0.0919776119402985,skab_fold_aware_refined_search,27
0.766,0.8787878787878788,0.14463840399002495,0.24839400428265523,original,SKAB,fold_1,42,3,3,probabilistic_suffix_tree,4,1,0.5,0.5,22,293,540,0.08377288240769469,skab_fold_aware_refined_search,28
0.766,0.8787878787878788,0.14463840399002495,0.24839400428265523,gaussian_noise,SKAB,fold_1,42,3,3,probabilistic_suffix_tree,4,1,0.5,0.5,22,293,540,0.08377288240769469,skab_fold_aware_refined_search,28
0.0,0.0,0.0,0.0,unseen_data,SKAB,fold_1,42,3,3,probabilistic_suffix_tree,4,1,0.5,0.5,22,293,540,0.08377288240769469,skab_fold_aware_refined_search,28
0.7269076305220884,0.49206349206349204,0.4626865671641791,0.47692307692307695,original,SKAB,fold_2,42,3,3,probabilistic_suffix_tree,4,1,0.5,0.5,18,259,499,0.10703560703560704,skab_fold_aware_refined_search,28
0.7168674698795181,0.4732824427480916,0.4626865671641791,0.4679245283018868,gaussian_noise,SKAB,fold_2,42,3,3,probabilistic_suffix_tree,4,1,0.5,0.5,18,259,499,0.10703560703560704,skab_fold_aware_refined_search,28
0.0,0.0,0.0,0.0,unseen_data,SKAB,fold_2,42,3,3,probabilistic_suffix_tree,4,1,0.5,0.5,18,259,499,0.10703560703560704,skab_fold_aware_refined_search,28
0.6024096385542169,0.26506024096385544,0.2756892230576441,0.2702702702702703,original,SKAB,fold_3,42,3,3,probabilistic_suffix_tree,4,1,0.5,0.5,19,261,499,0.1006251260334745,skab_fold_aware_refined_search,28
0.5950468540829986,0.25476190476190474,0.2681704260651629,0.2612942612942613,gaussian_noise,SKAB,fold_3,42,3,3,probabilistic_suffix_tree,4,1,0.5,0.5,19,261,499,0.1006251260334745,skab_fold_aware_refined_search,28
0.4,0.25,1.0,0.4,unseen_data,SKAB,fold_3,42,3,3,probabilistic_suffix_tree,4,1,0.5,0.5,19,261,499,0.1006251260334745,skab_fold_aware_refined_search,28
0.5719131614654003,0.1375,0.11027568922305764,0.12239221140472879,original,SKAB,fold_4,42,3,3,probabilistic_suffix_tree,4,1,0.5,0.5,19,263,507,0.10146087652591555,skab_fold_aware_refined_search,28
0.5427408412483039,0.11911357340720222,0.10776942355889724,0.11315789473684211,gaussian_noise,SKAB,fold_4,42,3,3,probabilistic_suffix_tree,4,1,0.5,0.5,19,263,507,0.10146087652591555,skab_fold_aware_refined_search,28
0.0,0.0,0.0,0.0,unseen_data,SKAB,fold_4,42,3,3,probabilistic_suffix_tree,4,1,0.5,0.5,19,263,507,0.10146087652591555,skab_fold_aware_refined_search,28
0.599602911978822,0.35694444444444445,0.6441102756892231,0.45933869526362825,original,SKAB,fold_5,42,3,3,probabilistic_suffix_tree,4,1,0.5,0.5,20,268,493,0.0919776119402985,skab_fold_aware_refined_search,28
0.600264725347452,0.35704323570432356,0.6416040100250626,0.45878136200716846,gaussian_noise,SKAB,fold_5,42,3,3,probabilistic_suffix_tree,4,1,0.5,0.5,20,268,493,0.0919776119402985,skab_fold_aware_refined_search,28
0.0,0.0,0.0,0.0,unseen_data,SKAB,fold_5,42,3,3,probabilistic_suffix_tree,4,1,0.5,0.5,20,268,493,0.0919776119402985,skab_fold_aware_refined_search,28
0.788,0.8267716535433071,0.26184538653366585,0.3977272727272727,original,SKAB,fold_1,42,3,3,probabilistic_suffix_tree,4,1,0.5,0.7,22,293,540,0.08377288240769469,skab_fold_aware_refined_search,29
0.7926666666666666,0.8308823529411765,0.2817955112219451,0.4208566108007449,gaussian_noise,SKAB,fold_1,42,3,3,probabilistic_suffix_tree,4,1,0.5,0.7,22,293,540,0.08377288240769469,skab_fold_aware_refined_search,29
0.0,0.0,0.0,0.0,unseen_data,SKAB,fold_1,42,3,3,probabilistic_suffix_tree,4,1,0.5,0.7,22,293,540,0.08377288240769469,skab_fold_aware_refined_search,29
0.7202141900937081,0.4856115107913669,0.6716417910447762,0.5636743215031316,original,SKAB,fold_2,42,3,3,probabilistic_suffix_tree,4,1,0.5,0.7,18,259,499,0.10703560703560704,skab_fold_aware_refined_search,29
0.6994645247657296,0.4591304347826087,0.6567164179104478,0.5404298874104401,gaussian_noise,SKAB,fold_2,42,3,3,probabilistic_suffix_tree,4,1,0.5,0.7,18,259,499,0.10703560703560704,skab_fold_aware_refined_search,29
0.0,0.0,0.0,0.0,unseen_data,SKAB,fold_2,42,3,3,probabilistic_suffix_tree,4,1,0.5,0.7,18,259,499,0.10703560703560704,skab_fold_aware_refined_search,29
0.5394912985274432,0.27527216174183516,0.44360902255639095,0.3397312859884837,original,SKAB,fold_3,42,3,3,probabilistic_suffix_tree,4,1,0.5,0.7,19,261,499,0.1006251260334745,skab_fold_aware_refined_search,29
0.535475234270415,0.27411944869831545,0.44862155388471175,0.3403041825095057,gaussian_noise,SKAB,fold_3,42,3,3,probabilistic_suffix_tree,4,1,0.5,0.7,19,261,499,0.1006251260334745,skab_fold_aware_refined_search,29
0.2,0.2,1.0,0.3333333333333333,unseen_data,SKAB,fold_3,42,3,3,probabilistic_suffix_tree,4,1,0.5,0.7,19,261,499,0.1006251260334745,skab_fold_aware_refined_search,29
0.4755766621438263,0.13043478260869565,0.16541353383458646,0.14585635359116023,original,SKAB,fold_4,42,3,3,probabilistic_suffix_tree,4,1,0.5,0.7,19,263,507,0.10146087652591555,skab_fold_aware_refined_search,29
0.460651289009498,0.125,0.16541353383458646,0.1423948220064725,gaussian_noise,SKAB,fold_4,42,3,3,probabilistic_suffix_tree,4,1,0.5,0.7,19,263,507,0.10146087652591555,skab_fold_aware_refined_search,29
0.0,0.0,0.0,0.0,unseen_data,SKAB,fold_4,42,3,3,probabilistic_suffix_tree,4,1,0.5,0.7,19,263,507,0.10146087652591555,skab_fold_aware_refined_search,29
0.5340833884844474,0.31780167264038234,0.6666666666666666,0.43042071197411,original,SKAB,fold_5,42,3,3,probabilistic_suffix_tree,4,1,0.5,0.7,20,268,493,0.0919776119402985,skab_fold_aware_refined_search,29
0.5115817339510258,0.30716723549488056,0.6766917293233082,0.4225352112676056,gaussian_noise,SKAB,fold_5,42,3,3,probabilistic_suffix_tree,4,1,0.5,0.7,20,268,493,0.0919776119402985,skab_fold_aware_refined_search,29
0.0,0.0,0.0,0.0,unseen_data,SKAB,fold_5,42,3,3,probabilistic_suffix_tree,4,1,0.5,0.7,20,268,493,0.0919776119402985,skab_fold_aware_refined_search,29
0.7946666666666666,0.593939393939394,0.7331670822942643,0.65625,original,SKAB,fold_1,42,3,3,probabilistic_suffix_tree,4,1,0.5,0.9,22,293,540,0.08377288240769469,skab_fold_aware_refined_search,30
0.8006666666666666,0.6011904761904762,0.7556109725685786,0.6696132596685083,gaussian_noise,SKAB,fold_1,42,3,3,probabilistic_suffix_tree,4,1,0.5,0.9,22,293,540,0.08377288240769469,skab_fold_aware_refined_search,30
0.0,0.0,0.0,0.0,unseen_data,SKAB,fold_1,42,3,3,probabilistic_suffix_tree,4,1,0.5,0.9,22,293,540,0.08377288240769469,skab_fold_aware_refined_search,30
0.7068273092369478,0.470873786407767,0.7238805970149254,0.5705882352941176,original,SKAB,fold_2,42,3,3,probabilistic_suffix_tree,4,1,0.5,0.9,18,259,499,0.10703560703560704,skab_fold_aware_refined_search,30
0.6860776439089692,0.44773790951638065,0.7139303482587065,0.5503355704697986,gaussian_noise,SKAB,fold_2,42,3,3,probabilistic_suffix_tree,4,1,0.5,0.9,18,259,499,0.10703560703560704,skab_fold_aware_refined_search,30
0.0,0.0,0.0,0.0,unseen_data,SKAB,fold_2,42,3,3,probabilistic_suffix_tree,4,1,0.5,0.9,18,259,499,0.10703560703560704,skab_fold_aware_refined_search,30
0.5120481927710844,0.2629310344827586,0.45864661654135336,0.33424657534246577,original,SKAB,fold_3,42,3,3,probabilistic_suffix_tree,4,1,0.5,0.9,19,261,499,0.1006251260334745,skab_fold_aware_refined_search,30
0.5167336010709505,0.26762589928057556,0.46616541353383456,0.340036563071298,gaussian_noise,SKAB,fold_3,42,3,3,probabilistic_suffix_tree,4,1,0.5,0.9,19,261,499,0.1006251260334745,skab_fold_aware_refined_search,30
0.2,0.2,1.0,0.3333333333333333,unseen_data,SKAB,fold_3,42,3,3,probabilistic_suffix_tree,4,1,0.5,0.9,19,261,499,0.1006251260334745,skab_fold_aware_refined_search,30
0.44572591587516963,0.12544802867383512,0.17543859649122806,0.14629049111807732,original,SKAB,fold_4,42,3,3,probabilistic_suffix_tree,4,1,0.5,0.9,19,263,507,0.10146087652591555,skab_fold_aware_refined_search,30
0.43419267299864317,0.12173913043478261,0.17543859649122806,0.1437371663244353,gaussian_noise,SKAB,fold_4,42,3,3,probabilistic_suffix_tree,4,1,0.5,0.9,19,263,507,0.10146087652591555,skab_fold_aware_refined_search,30
0.0,0.0,0.0,0.0,unseen_data,SKAB,fold_4,42,3,3,probabilistic_suffix_tree,4,1,0.5,0.9,19,263,507,0.10146087652591555,skab_fold_aware_refined_search,30
0.42819324950363996,0.2749273959341723,0.7117794486215538,0.39664804469273746,original,SKAB,fold_5,42,3,3,probabilistic_suffix_tree,4,1,0.5,0.9,20,268,493,0.0919776119402985,skab_fold_aware_refined_search,30
0.41495698213103904,0.27057710501419113,0.7167919799498746,0.39285714285714285,gaussian_noise,SKAB,fold_5,42,3,3,probabilistic_suffix_tree,4,1,0.5,0.9,20,268,493,0.0919776119402985,skab_fold_aware_refined_search,30
0.0,0.0,0.0,0.0,unseen_data,SKAB,fold_5,42,3,3,probabilistic_suffix_tree,4,1,0.5,0.9,20,268,493,0.0919776119402985,skab_fold_aware_refined_search,30
0.7566666666666667,0.8913043478260869,0.10224438902743142,0.18344519015659955,original,SKAB,fold_1,42,3,3,probabilistic_suffix_tree,4,2,0.1,0.5,22,293,540,0.08377288240769469,skab_fold_aware_refined_search,31
0.7586666666666667,0.8979591836734694,0.10972568578553615,0.19555555555555557,gaussian_noise,SKAB,fold_1,42,3,3,probabilistic_suffix_tree,4,2,0.1,0.5,22,293,540,0.08377288240769469,skab_fold_aware_refined_search,31
0.0,0.0,0.0,0.0,unseen_data,SKAB,fold_1,42,3,3,probabilistic_suffix_tree,4,2,0.1,0.5,22,293,540,0.08377288240769469,skab_fold_aware_refined_search,31
0.7289156626506024,0.4944649446494465,0.3333333333333333,0.39821693907875183,original,SKAB,fold_2,42,3,3,probabilistic_suffix_tree,4,2,0.1,0.5,18,259,499,0.10703560703560704,skab_fold_aware_refined_search,31
0.7195448460508701,0.4693140794223827,0.32338308457711445,0.38291605301914583,gaussian_noise,SKAB,fold_2,42,3,3,probabilistic_suffix_tree,4,2,0.1,0.5,18,259,499,0.10703560703560704,skab_fold_aware_refined_search,31
0.0,0.0,0.0,0.0,unseen_data,SKAB,fold_2,42,3,3,probabilistic_suffix_tree,4,2,0.1,0.5,18,259,499,0.10703560703560704,skab_fold_aware_refined_search,31
0.6465863453815262,0.27986348122866894,0.20551378446115287,0.23699421965317918,original,SKAB,fold_3,42,3,3,probabilistic_suffix_tree,4,2,0.1,0.5,19,261,499,0.1006251260334745,skab_fold_aware_refined_search,31
0.643239625167336,0.272108843537415,0.20050125313283207,0.23088023088023088,gaussian_noise,SKAB,fold_3,42,3,3,probabilistic_suffix_tree,4,2,0.1,0.5,19,261,499,0.1006251260334745,skab_fold_aware_refined_search,31
0.4,0.25,1.0,0.4,unseen_data,SKAB,fold_3,42,3,3,probabilistic_suffix_tree,4,2,0.1,0.5,19,261,499,0.1006251260334745,skab_fold_aware_refined_search,31
0.6207598371777476,0.14285714285714285,0.08020050125313283,0.10272873194221509,original,SKAB,fold_4,42,3,3,probabilistic_suffix_tree,4,2,0.1,0.5,19,263,507,0.10146087652591555,skab_fold_aware_refined_search,31
0.60719131614654,0.13114754098360656,0.08020050125313283,0.09953343701399689,gaussian_noise,SKAB,fold_4,42,3,3,probabilistic_suffix_tree,4,2,0.1,0.5,19,263,507,0.10146087652591555,skab_fold_aware_refined_search,31
0.0,0.0,0.0,0.0,unseen_data,SKAB,fold_4,42,3,3,probabilistic_suffix_tree,4,2,0.1,0.5,19,263,507,0.10146087652591555,skab_fold_aware_refined_search,31
0.6214427531436135,0.32454361054766734,0.40100250626566414,0.35874439461883406,original,SKAB,fold_5,42,3,3,probabilistic_suffix_tree,4,2,0.1,0.5,20,268,493,0.0919776119402985,skab_fold_aware_refined_search,31
0.6201191264063534,0.3180873180873181,0.38345864661654133,0.3477272727272727,gaussian_noise,SKAB,fold_5,42,3,3,probabilistic_suffix_tree,4,2,0.1,0.5,20,268,493,0.0919776119402985,skab_fold_aware_refined_search,31
0.0,0.0,0.0,0.0,unseen_data,SKAB,fold_5,42,3,3,probabilistic_suffix_tree,4,2,0.1,0.5,20,268,493,0.0919776119402985,skab_fold_aware_refined_search,31
0.7806666666666666,0.86,0.2144638403990025,0.34331337325349304,original,SKAB,fold_1,42,3,3,probabilistic_suffix_tree,4,2,0.1,0.7,22,293,540,0.08377288240769469,skab_fold_aware_refined_search,32
0.782,0.8775510204081632,0.2144638403990025,0.34468937875751504,gaussian_noise,SKAB,fold_1,42,3,3,probabilistic_suffix_tree,4,2,0.1,0.7,22,293,540,0.08377288240769469,skab_fold_aware_refined_search,32
0.0,0.0,0.0,0.0,unseen_data,SKAB,fold_1,42,3,3,probabilistic_suffix_tree,4,2,0.1,0.7,22,293,540,0.08377288240769469,skab_fold_aware_refined_search,32
0.7295850066934404,0.4976635514018692,0.5298507462686567,0.5132530120481927,original,SKAB,fold_2,42,3,3,probabilistic_suffix_tree,4,2,0.1,0.7,18,259,499,0.10703560703560704,skab_fold_aware_refined_search,32
0.713520749665328,0.4711111111111111,0.527363184079602,0.49765258215962443,gaussian_noise,SKAB,fold_2,42,3,3,probabilistic_suffix_tree,4,2,0.1,0.7,18,259,499,0.10703560703560704,skab_fold_aware_refined_search,32
0.0,0.0,0.0,0.0,unseen_data,SKAB,fold_2,42,3,3,probabilistic_suffix_tree,4,2,0.1,0.7,18,259,499,0.10703560703560704,skab_fold_aware_refined_search,32
0.5823293172690763,0.27634194831013914,0.3483709273182957,0.3082039911308204,original,SKAB,fold_3,42,3,3,probabilistic_suffix_tree,4,2,0.1,0.7,19,261,499,0.1006251260334745,skab_fold_aware_refined_search,32
0.5783132530120482,0.273972602739726,0.3508771929824561,0.3076923076923077,gaussian_noise,SKAB,fold_3,42,3,3,probabilistic_suffix_tree,4,2,0.1,0.7,19,261,499,0.1006251260334745,skab_fold_aware_refined_search,32
0.2,0.2,1.0,0.3333333333333333,unseen_data,SKAB,fold_3,42,3,3,probabilistic_suffix_tree,4,2,0.1,0.7,19,261,499,0.1006251260334745,skab_fold_aware_refined_search,32
0.5115332428765265,0.12056737588652482,0.12781954887218044,0.12408759124087591,original,SKAB,fold_4,42,3,3,probabilistic_suffix_tree,4,2,0.1,0.7,19,263,507,0.10146087652591555,skab_fold_aware_refined_search,32
0.5006784260515604,0.11791383219954649,0.13032581453634084,0.12380952380952381,gaussian_noise,SKAB,fold_4,42,3,3,probabilistic_suffix_tree,4,2,0.1,0.7,19,263,507,0.10146087652591555,skab_fold_aware_refined_search,32
0.0,0.0,0.0,0.0,unseen_data,SKAB,fold_4,42,3,3,probabilistic_suffix_tree,4,2,0.1,0.7,19,263,507,0.10146087652591555,skab_fold_aware_refined_search,32
0.5605559232296492,0.3221476510067114,0.6015037593984962,0.4195804195804196,original,SKAB,fold_5,42,3,3,probabilistic_suffix_tree,4,2,0.1,0.7,20,268,493,0.0919776119402985,skab_fold_aware_refined_search,32
0.5532759761747187,0.3207792207792208,0.6190476190476191,0.42258340461933275,gaussian_noise,SKAB,fold_5,42,3,3,probabilistic_suffix_tree,4,2,0.1,0.7,20,268,493,0.0919776119402985,skab_fold_aware_refined_search,32
0.0,0.0,0.0,0.0,unseen_data,SKAB,fold_5,42,3,3,probabilistic_suffix_tree,4,2,0.1,0.7,20,268,493,0.0919776119402985,skab_fold_aware_refined_search,32
0.794,0.815068493150685,0.2967581047381546,0.4351005484460695,original,SKAB,fold_1,42,3,3,probabilistic_suffix_tree,4,2,0.1,0.9,22,293,540,0.08377288240769469,skab_fold_aware_refined_search,33
0.8,0.8258064516129032,0.3192019950124688,0.460431654676259,gaussian_noise,SKAB,fold_1,42,3,3,probabilistic_suffix_tree,4,2,0.1,0.9,22,293,540,0.08377288240769469,skab_fold_aware_refined_search,33
0.0,0.0,0.0,0.0,unseen_data,SKAB,fold_1,42,3,3,probabilistic_suffix_tree,4,2,0.1,0.9,22,293,540,0.08377288240769469,skab_fold_aware_refined_search,33
0.7068273092369478,0.470873786407767,0.7238805970149254,0.5705882352941176,original,SKAB,fold_2,42,3,3,probabilistic_suffix_tree,4,2,0.1,0.9,18,259,499,0.10703560703560704,skab_fold_aware_refined_search,33
0.6860776439089692,0.44773790951638065,0.7139303482587065,0.5503355704697986,gaussian_noise,SKAB,fold_2,42,3,3,probabilistic_suffix_tree,4,2,0.1,0.9,18,259,499,0.10703560703560704,skab_fold_aware_refined_search,33
0.0,0.0,0.0,0.0,unseen_data,SKAB,fold_2,42,3,3,probabilistic_suffix_tree,4,2,0.1,0.9,18,259,499,0.10703560703560704,skab_fold_aware_refined_search,33
0.5194109772423026,0.2671532846715328,0.45864661654135336,0.3376383763837638,original,SKAB,fold_3,42,3,3,probabilistic_suffix_tree,4,2,0.1,0.9,19,261,499,0.1006251260334745,skab_fold_aware_refined_search,33
0.5200803212851406,0.26956521739130435,0.46616541353383456,0.3415977961432507,gaussian_noise,SKAB,fold_3,42,3,3,probabilistic_suffix_tree,4,2,0.1,0.9,19,261,499,0.1006251260334745,skab_fold_aware_refined_search,33
0.2,0.2,1.0,0.3333333333333333,unseen_data,SKAB,fold_3,42,3,3,probabilistic_suffix_tree,4,2,0.1,0.9,19,261,499,0.1006251260334745,skab_fold_aware_refined_search,33
0.44572591587516963,0.12544802867383512,0.17543859649122806,0.14629049111807732,original,SKAB,fold_4,42,3,3,probabilistic_suffix_tree,4,2,0.1,0.9,19,263,507,0.10146087652591555,skab_fold_aware_refined_search,33
0.43419267299864317,0.12173913043478261,0.17543859649122806,0.1437371663244353,gaussian_noise,SKAB,fold_4,42,3,3,probabilistic_suffix_tree,4,2,0.1,0.9,19,263,507,0.10146087652591555,skab_fold_aware_refined_search,33
0.0,0.0,0.0,0.0,unseen_data,SKAB,fold_4,42,3,3,probabilistic_suffix_tree,4,2,0.1,0.9,19,263,507,0.10146087652591555,skab_fold_aware_refined_search,33
0.42819324950363996,0.2749273959341723,0.7117794486215538,0.39664804469273746,original,SKAB,fold_5,42,3,3,probabilistic_suffix_tree,4,2,0.1,0.9,20,268,493,0.0919776119402985,skab_fold_aware_refined_search,33
0.41495698213103904,0.27057710501419113,0.7167919799498746,0.39285714285714285,gaussian_noise,SKAB,fold_5,42,3,3,probabilistic_suffix_tree,4,2,0.1,0.9,20,268,493,0.0919776119402985,skab_fold_aware_refined_search,33
0.0,0.0,0.0,0.0,unseen_data,SKAB,fold_5,42,3,3,probabilistic_suffix_tree,4,2,0.1,0.9,20,268,493,0.0919776119402985,skab_fold_aware_refined_search,33
0.766,0.8787878787878788,0.14463840399002495,0.24839400428265523,original,SKAB,fold_1,42,3,3,probabilistic_suffix_tree,4,2,0.5,0.5,22,293,540,0.08377288240769469,skab_fold_aware_refined_search,34
0.766,0.8787878787878788,0.14463840399002495,0.24839400428265523,gaussian_noise,SKAB,fold_1,42,3,3,probabilistic_suffix_tree,4,2,0.5,0.5,22,293,540,0.08377288240769469,skab_fold_aware_refined_search,34
0.0,0.0,0.0,0.0,unseen_data,SKAB,fold_1,42,3,3,probabilistic_suffix_tree,4,2,0.5,0.5,22,293,540,0.08377288240769469,skab_fold_aware_refined_search,34
0.7269076305220884,0.49206349206349204,0.4626865671641791,0.47692307692307695,original,SKAB,fold_2,42,3,3,probabilistic_suffix_tree,4,2,0.5,0.5,18,259,499,0.10703560703560704,skab_fold_aware_refined_search,34
0.7168674698795181,0.4732824427480916,0.4626865671641791,0.4679245283018868,gaussian_noise,SKAB,fold_2,42,3,3,probabilistic_suffix_tree,4,2,0.5,0.5,18,259,499,0.10703560703560704,skab_fold_aware_refined_search,34
0.0,0.0,0.0,0.0,unseen_data,SKAB,fold_2,42,3,3,probabilistic_suffix_tree,4,2,0.5,0.5,18,259,499,0.10703560703560704,skab_fold_aware_refined_search,34
0.6024096385542169,0.26506024096385544,0.2756892230576441,0.2702702702702703,original,SKAB,fold_3,42,3,3,probabilistic_suffix_tree,4,2,0.5,0.5,19,261,499,0.1006251260334745,skab_fold_aware_refined_search,34
0.5950468540829986,0.25476190476190474,0.2681704260651629,0.2612942612942613,gaussian_noise,SKAB,fold_3,42,3,3,probabilistic_suffix_tree,4,2,0.5,0.5,19,261,499,0.1006251260334745,skab_fold_aware_refined_search,34
0.4,0.25,1.0,0.4,unseen_data,SKAB,fold_3,42,3,3,probabilistic_suffix_tree,4,2,0.5,0.5,19,261,499,0.1006251260334745,skab_fold_aware_refined_search,34
0.5719131614654003,0.1375,0.11027568922305764,0.12239221140472879,original,SKAB,fold_4,42,3,3,probabilistic_suffix_tree,4,2,0.5,0.5,19,263,507,0.10146087652591555,skab_fold_aware_refined_search,34
0.5427408412483039,0.11911357340720222,0.10776942355889724,0.11315789473684211,gaussian_noise,SKAB,fold_4,42,3,3,probabilistic_suffix_tree,4,2,0.5,0.5,19,263,507,0.10146087652591555,skab_fold_aware_refined_search,34
0.0,0.0,0.0,0.0,unseen_data,SKAB,fold_4,42,3,3,probabilistic_suffix_tree,4,2,0.5,0.5,19,263,507,0.10146087652591555,skab_fold_aware_refined_search,34
0.600926538716082,0.3579387186629526,0.6441102756892231,0.4601611459265891,original,SKAB,fold_5,42,3,3,probabilistic_suffix_tree,4,2,0.5,0.5,20,268,493,0.0919776119402985,skab_fold_aware_refined_search,34
0.600264725347452,0.35624123422159887,0.6365914786967418,0.4568345323741007,gaussian_noise,SKAB,fold_5,42,3,3,probabilistic_suffix_tree,4,2,0.5,0.5,20,268,493,0.0919776119402985,skab_fold_aware_refined_search,34
0.0,0.0,0.0,0.0,unseen_data,SKAB,fold_5,42,3,3,probabilistic_suffix_tree,4,2,0.5,0.5,20,268,493,0.0919776119402985,skab_fold_aware_refined_search,34
0.788,0.8267716535433071,0.26184538653366585,0.3977272727272727,original,SKAB,fold_1,42,3,3,probabilistic_suffix_tree,4,2,0.5,0.7,22,293,540,0.08377288240769469,skab_fold_aware_refined_search,35
0.7926666666666666,0.8308823529411765,0.2817955112219451,0.4208566108007449,gaussian_noise,SKAB,fold_1,42,3,3,probabilistic_suffix_tree,4,2,0.5,0.7,22,293,540,0.08377288240769469,skab_fold_aware_refined_search,35
0.0,0.0,0.0,0.0,unseen_data,SKAB,fold_1,42,3,3,probabilistic_suffix_tree,4,2,0.5,0.7,22,293,540,0.08377288240769469,skab_fold_aware_refined_search,35
0.7202141900937081,0.4856115107913669,0.6716417910447762,0.5636743215031316,original,SKAB,fold_2,42,3,3,probabilistic_suffix_tree,4,2,0.5,0.7,18,259,499,0.10703560703560704,skab_fold_aware_refined_search,35
0.6994645247657296,0.4591304347826087,0.6567164179104478,0.5404298874104401,gaussian_noise,SKAB,fold_2,42,3,3,probabilistic_suffix_tree,4,2,0.5,0.7,18,259,499,0.10703560703560704,skab_fold_aware_refined_search,35
0.0,0.0,0.0,0.0,unseen_data,SKAB,fold_2,42,3,3,probabilistic_suffix_tree,4,2,0.5,0.7,18,259,499,0.10703560703560704,skab_fold_aware_refined_search,35
0.5394912985274432,0.27527216174183516,0.44360902255639095,0.3397312859884837,original,SKAB,fold_3,42,3,3,probabilistic_suffix_tree,4,2,0.5,0.7,19,261,499,0.1006251260334745,skab_fold_aware_refined_search,35
0.535475234270415,0.27411944869831545,0.44862155388471175,0.3403041825095057,gaussian_noise,SKAB,fold_3,42,3,3,probabilistic_suffix_tree,4,2,0.5,0.7,19,261,499,0.1006251260334745,skab_fold_aware_refined_search,35
0.2,0.2,1.0,0.3333333333333333,unseen_data,SKAB,fold_3,42,3,3,probabilistic_suffix_tree,4,2,0.5,0.7,19,261,499,0.1006251260334745,skab_fold_aware_refined_search,35
0.4755766621438263,0.13043478260869565,0.16541353383458646,0.14585635359116023,original,SKAB,fold_4,42,3,3,probabilistic_suffix_tree,4,2,0.5,0.7,19,263,507,0.10146087652591555,skab_fold_aware_refined_search,35
0.460651289009498,0.125,0.16541353383458646,0.1423948220064725,gaussian_noise,SKAB,fold_4,42,3,3,probabilistic_suffix_tree,4,2,0.5,0.7,19,263,507,0.10146087652591555,skab_fold_aware_refined_search,35
0.0,0.0,0.0,0.0,unseen_data,SKAB,fold_4,42,3,3,probabilistic_suffix_tree,4,2,0.5,0.7,19,263,507,0.10146087652591555,skab_fold_aware_refined_search,35
0.5340833884844474,0.31780167264038234,0.6666666666666666,0.43042071197411,original,SKAB,fold_5,42,3,3,probabilistic_suffix_tree,4,2,0.5,0.7,20,268,493,0.0919776119402985,skab_fold_aware_refined_search,35
0.5115817339510258,0.30716723549488056,0.6766917293233082,0.4225352112676056,gaussian_noise,SKAB,fold_5,42,3,3,probabilistic_suffix_tree,4,2,0.5,0.7,20,268,493,0.0919776119402985,skab_fold_aware_refined_search,35
0.0,0.0,0.0,0.0,unseen_data,SKAB,fold_5,42,3,3,probabilistic_suffix_tree,4,2,0.5,0.7,20,268,493,0.0919776119402985,skab_fold_aware_refined_search,35
0.7946666666666666,0.593939393939394,0.7331670822942643,0.65625,original,SKAB,fold_1,42,3,3,probabilistic_suffix_tree,4,2,0.5,0.9,22,293,540,0.08377288240769469,skab_fold_aware_refined_search,36
0.8006666666666666,0.6011904761904762,0.7556109725685786,0.6696132596685083,gaussian_noise,SKAB,fold_1,42,3,3,probabilistic_suffix_tree,4,2,0.5,0.9,22,293,540,0.08377288240769469,skab_fold_aware_refined_search,36
0.0,0.0,0.0,0.0,unseen_data,SKAB,fold_1,42,3,3,probabilistic_suffix_tree,4,2,0.5,0.9,22,293,540,0.08377288240769469,skab_fold_aware_refined_search,36
0.7068273092369478,0.470873786407767,0.7238805970149254,0.5705882352941176,original,SKAB,fold_2,42,3,3,probabilistic_suffix_tree,4,2,0.5,0.9,18,259,499,0.10703560703560704,skab_fold_aware_refined_search,36
0.6860776439089692,0.44773790951638065,0.7139303482587065,0.5503355704697986,gaussian_noise,SKAB,fold_2,42,3,3,probabilistic_suffix_tree,4,2,0.5,0.9,18,259,499,0.10703560703560704,skab_fold_aware_refined_search,36
0.0,0.0,0.0,0.0,unseen_data,SKAB,fold_2,42,3,3,probabilistic_suffix_tree,4,2,0.5,0.9,18,259,499,0.10703560703560704,skab_fold_aware_refined_search,36
0.5120481927710844,0.2629310344827586,0.45864661654135336,0.33424657534246577,original,SKAB,fold_3,42,3,3,probabilistic_suffix_tree,4,2,0.5,0.9,19,261,499,0.1006251260334745,skab_fold_aware_refined_search,36
0.5167336010709505,0.26762589928057556,0.46616541353383456,0.340036563071298,gaussian_noise,SKAB,fold_3,42,3,3,probabilistic_suffix_tree,4,2,0.5,0.9,19,261,499,0.1006251260334745,skab_fold_aware_refined_search,36
0.2,0.2,1.0,0.3333333333333333,unseen_data,SKAB,fold_3,42,3,3,probabilistic_suffix_tree,4,2,0.5,0.9,19,261,499,0.1006251260334745,skab_fold_aware_refined_search,36
0.44572591587516963,0.12544802867383512,0.17543859649122806,0.14629049111807732,original,SKAB,fold_4,42,3,3,probabilistic_suffix_tree,4,2,0.5,0.9,19,263,507,0.10146087652591555,skab_fold_aware_refined_search,36
0.43419267299864317,0.12173913043478261,0.17543859649122806,0.1437371663244353,gaussian_noise,SKAB,fold_4,42,3,3,probabilistic_suffix_tree,4,2,0.5,0.9,19,263,507,0.10146087652591555,skab_fold_aware_refined_search,36
0.0,0.0,0.0,0.0,unseen_data,SKAB,fold_4,42,3,3,probabilistic_suffix_tree,4,2,0.5,0.9,19,263,507,0.10146087652591555,skab_fold_aware_refined_search,36
0.42819324950363996,0.2749273959341723,0.7117794486215538,0.39664804469273746,original,SKAB,fold_5,42,3,3,probabilistic_suffix_tree,4,2,0.5,0.9,20,268,493,0.0919776119402985,skab_fold_aware_refined_search,36
0.41495698213103904,0.27057710501419113,0.7167919799498746,0.39285714285714285,gaussian_noise,SKAB,fold_5,42,3,3,probabilistic_suffix_tree,4,2,0.5,0.9,20,268,493,0.0919776119402985,skab_fold_aware_refined_search,36
0.0,0.0,0.0,0.0,unseen_data,SKAB,fold_5,42,3,3,probabilistic_suffix_tree,4,2,0.5,0.9,20,268,493,0.0919776119402985,skab_fold_aware_refined_search,36
0.7026666666666667,0.42160278745644597,0.30174563591022446,0.35174418604651164,original,SKAB,fold_1,42,3,4,probabilistic_suffix_tree,2,1,0.1,0.5,35,108,245,0.06481481481481481,skab_fold_aware_refined_search,37
0.7026666666666667,0.4204946996466431,0.2967581047381546,0.347953216374269,gaussian_noise,SKAB,fold_1,42,3,4,probabilistic_suffix_tree,2,1,0.1,0.5,35,108,245,0.06481481481481481,skab_fold_aware_refined_search,37
0.0,0.0,0.0,0.0,unseen_data,SKAB,fold_1,42,3,4,probabilistic_suffix_tree,2,1,0.1,0.5,35,108,245,0.06481481481481481,skab_fold_aware_refined_search,37
0.6472556894243642,0.2964169381107492,0.2263681592039801,0.2566995768688293,original,SKAB,fold_2,42,3,4,probabilistic_suffix_tree,2,1,0.1,0.5,29,91,212,0.08033345964380448,skab_fold_aware_refined_search,37
0.6338688085676037,0.27692307692307694,0.22388059701492538,0.24759284731774414,gaussian_noise,SKAB,fold_2,42,3,4,probabilistic_suffix_tree,2,1,0.1,0.5,29,91,212,0.08033345964380448,skab_fold_aware_refined_search,37
0.0,0.0,0.0,0.0,unseen_data,SKAB,fold_2,42,3,4,probabilistic_suffix_tree,2,1,0.1,0.5,29,91,212,0.08033345964380448,skab_fold_aware_refined_search,37
0.5488621151271754,0.1794871794871795,0.19298245614035087,0.1859903381642512,original,SKAB,fold_3,42,3,4,probabilistic_suffix_tree,2,1,0.1,0.5,33,100,224,0.06787878787878789,skab_fold_aware_refined_search,37
0.5421686746987951,0.18262806236080179,0.20551378446115287,0.19339622641509435,gaussian_noise,SKAB,fold_3,42,3,4,probabilistic_suffix_tree,2,1,0.1,0.5,33,100,224,0.06787878787878789,skab_fold_aware_refined_search,37
0.0,0.0,0.0,0.0,unseen_data,SKAB,fold_3,42,3,4,probabilistic_suffix_tree,2,1,0.1,0.5,33,100,224,0.06787878787878789,skab_fold_aware_refined_search,37
0.567842605156038,0.08391608391608392,0.06015037593984962,0.07007299270072993,original,SKAB,fold_4,42,3,4,probabilistic_suffix_tree,2,1,0.1,0.5,33,102,235,0.06981580510992276,skab_fold_aware_refined_search,37
0.5712347354138398,0.0912280701754386,0.06516290726817042,0.07602339181286549,gaussian_noise,SKAB,fold_4,42,3,4,probabilistic_suffix_tree,2,1,0.1,0.5,33,102,235,0.06981580510992276,skab_fold_aware_refined_search,37
0.0,0.0,0.0,0.0,unseen_data,SKAB,fold_4,42,3,4,probabilistic_suffix_tree,2,1,0.1,0.5,33,102,235,0.06981580510992276,skab_fold_aware_refined_search,37
0.6015883520847121,0.3216168717047452,0.45864661654135336,0.378099173553719,original,SKAB,fold_5,42,3,4,probabilistic_suffix_tree,2,1,0.1,0.5,32,100,229,0.0715625,skab_fold_aware_refined_search,37
0.5883520847121112,0.3132328308207705,0.46867167919799496,0.3755020080321285,gaussian_noise,SKAB,fold_5,42,3,4,probabilistic_suffix_tree,2,1,0.1,0.5,32,100,229,0.0715625,skab_fold_aware_refined_search,37
0.47619047619047616,0.45,1.0,0.6206896551724138,unseen_data,SKAB,fold_5,42,3,4,probabilistic_suffix_tree,2,1,0.1,0.5,32,100,229,0.0715625,skab_fold_aware_refined_search,37
0.7066666666666667,0.4541176470588235,0.48129675810473815,0.46731234866828086,original,SKAB,fold_1,42,3,4,probabilistic_suffix_tree,2,1,0.1,0.7,35,108,245,0.06481481481481481,skab_fold_aware_refined_search,38
0.71,0.45933014354066987,0.47880299251870323,0.46886446886446886,gaussian_noise,SKAB,fold_1,42,3,4,probabilistic_suffix_tree,2,1,0.1,0.7,35,108,245,0.06481481481481481,skab_fold_aware_refined_search,38
0.0,0.0,0.0,0.0,unseen_data,SKAB,fold_1,42,3,4,probabilistic_suffix_tree,2,1,0.1,0.7,35,108,245,0.06481481481481481,skab_fold_aware_refined_search,38
0.6050870147255689,0.31274900398406374,0.39054726368159204,0.3473451327433628,original,SKAB,fold_2,42,3,4,probabilistic_suffix_tree,2,1,0.1,0.7,29,91,212,0.08033345964380448,skab_fold_aware_refined_search,38
0.5803212851405622,0.2840690978886756,0.3681592039800995,0.3206933911159263,gaussian_noise,SKAB,fold_2,42,3,4,probabilistic_suffix_tree,2,1,0.1,0.7,29,91,212,0.08033345964380448,skab_fold_aware_refined_search,38
0.0,0.0,0.0,0.0,unseen_data,SKAB,fold_2,42,3,4,probabilistic_suffix_tree,2,1,0.1,0.7,29,91,212,0.08033345964380448,skab_fold_aware_refined_search,38
0.45582329317269077,0.17246835443037975,0.2731829573934837,0.21144519883608148,original,SKAB,fold_3,42,3,4,probabilistic_suffix_tree,2,1,0.1,0.7,33,100,224,0.06787878787878789,skab_fold_aware_refined_search,38
0.4457831325301205,0.1694915254237288,0.2756892230576441,0.2099236641221374,gaussian_noise,SKAB,fold_3,42,3,4,probabilistic_suffix_tree,2,1,0.1,0.7,33,100,224,0.06787878787878789,skab_fold_aware_refined_search,38
0.0,0.0,0.0,0.0,unseen_data,SKAB,fold_3,42,3,4,probabilistic_suffix_tree,2,1,0.1,0.7,33,100,224,0.06787878787878789,skab_fold_aware_refined_search,38
0.46743554952510175,0.07300884955752213,0.08270676691729323,0.07755581668625147,original,SKAB,fold_4,42,3,4,probabilistic_suffix_tree,2,1,0.1,0.7,33,102,235,0.06981580510992276,skab_fold_aware_refined_search,38
0.4755766621438263,0.075,0.08270676691729323,0.07866507747318235,gaussian_noise,SKAB,fold_4,42,3,4,probabilistic_suffix_tree,2,1,0.1,0.7,33,102,235,0.06981580510992276,skab_fold_aware_refined_search,38
0.0,0.0,0.0,0.0,unseen_data,SKAB,fold_4,42,3,4,probabilistic_suffix_tree,2,1,0.1,0.7,33,102,235,0.06981580510992276,skab_fold_aware_refined_search,38
0.5076108537392455,0.3059617547806524,0.681704260651629,0.422360248447205,original,SKAB,fold_5,42,3,4,probabilistic_suffix_tree,2,1,0.1,0.7,32,100,229,0.0715625,skab_fold_aware_refined_search,38
0.4956982131039047,0.3037837837837838,0.7042606516290727,0.4244712990936556,gaussian_noise,SKAB,fold_5,42,3,4,probabilistic_suffix_tree,2,1,0.1,0.7,32,100,229,0.0715625,skab_fold_aware_refined_search,38
0.42857142857142855,0.42857142857142855,1.0,0.6,unseen_data,SKAB,fold_5,42,3,4,probabilistic_suffix_tree,2,1,0.1,0.7,32,100,229,0.0715625,skab_fold_aware_refined_search,38
0.6953333333333334,0.46705882352941175,0.9900249376558603,0.6346922462030375,original,SKAB,fold_1,42,3,4,probabilistic_suffix_tree,2,1,0.1,0.9,35,108,245,0.06481481481481481,skab_fold_aware_refined_search,39
0.6953333333333334,0.46705882352941175,0.9900249376558603,0.6346922462030375,gaussian_noise,SKAB,fold_1,42,3,4,probabilistic_suffix_tree,2,1,0.1,0.9,35,108,245,0.06481481481481481,skab_fold_aware_refined_search,39
0.0,0.0,0.0,0.0,unseen_data,SKAB,fold_1,42,3,4,probabilistic_suffix_tree,2,1,0.1,0.9,35,108,245,0.06481481481481481,skab_fold_aware_refined_search,39
0.5502008032128514,0.3633603238866397,0.8930348258706468,0.516546762589928,original,SKAB,fold_2,42,3,4,probabilistic_suffix_tree,2,1,0.1,0.9,29,91,212,0.08033345964380448,skab_fold_aware_refined_search,39
0.5414993306559571,0.35807422266800404,0.8880597014925373,0.5103645461043602,gaussian_noise,SKAB,fold_2,42,3,4,probabilistic_suffix_tree,2,1,0.1,0.9,29,91,212,0.08033345964380448,skab_fold_aware_refined_search,39
0.0,0.0,0.0,0.0,unseen_data,SKAB,fold_2,42,3,4,probabilistic_suffix_tree,2,1,0.1,0.9,29,91,212,0.08033345964380448,skab_fold_aware_refined_search,39
0.4036144578313253,0.24321503131524008,0.5839598997493735,0.34340456890198967,original,SKAB,fold_3,42,3,4,probabilistic_suffix_tree,2,1,0.1,0.9,33,100,224,0.06787878787878789,skab_fold_aware_refined_search,39
0.39424364123159306,0.2397119341563786,0.5839598997493735,0.3398978847556528,gaussian_noise,SKAB,fold_3,42,3,4,probabilistic_suffix_tree,2,1,0.1,0.9,33,100,224,0.06787878787878789,skab_fold_aware_refined_search,39
0.0,0.0,0.0,0.0,unseen_data,SKAB,fold_3,42,3,4,probabilistic_suffix_tree,2,1,0.1,0.9,33,100,224,0.06787878787878789,skab_fold_aware_refined_search,39
0.26051560379918587,0.1096045197740113,0.24310776942355888,0.15109034267912771,original,SKAB,fold_4,42,3,4,probabilistic_suffix_tree,2,1,0.1,0.9,33,102,235,0.06981580510992276,skab_fold_aware_refined_search,39
0.2639077340569878,0.10665137614678899,0.23308270676691728,0.14634146341463414,gaussian_noise,SKAB,fold_4,42,3,4,probabilistic_suffix_tree,2,1,0.1,0.9,33,102,235,0.06981580510992276,skab_fold_aware_refined_search,39
0.0,0.0,0.0,0.0,unseen_data,SKAB,fold_4,42,3,4,probabilistic_suffix_tree,2,1,0.1,0.9,33,102,235,0.06981580510992276,skab_fold_aware_refined_search,39
0.4268696227663799,0.2974848222029488,0.8596491228070176,0.4420103092783505,original,SKAB,fold_5,42,3,4,probabilistic_suffix_tree,2,1,0.1,0.9,32,100,229,0.0715625,skab_fold_aware_refined_search,39
0.4248841826604897,0.2988013698630137,0.87468671679198,0.4454371410338226,gaussian_noise,SKAB,fold_5,42,3,4,probabilistic_suffix_tree,2,1,0.1,0.9,32,100,229,0.0715625,skab_fold_aware_refined_search,39
0.42857142857142855,0.42857142857142855,1.0,0.6,unseen_data,SKAB,fold_5,42,3,4,probabilistic_suffix_tree,2,1,0.1,0.9,32,100,229,0.0715625,skab_fold_aware_refined_search,39
0.698,0.4239766081871345,0.36159600997506236,0.39030955585464333,original,SKAB,fold_1,42,3,4,probabilistic_suffix_tree,2,1,0.5,0.5,35,108,245,0.06481481481481481,skab_fold_aware_refined_search,40
0.6966666666666667,0.4186746987951807,0.34663341645885287,0.3792633015006821,gaussian_noise,SKAB,fold_1,42,3,4,probabilistic_suffix_tree,2,1,0.5,0.5,35,108,245,0.06481481481481481,skab_fold_aware_refined_search,40
0.0,0.0,0.0,0.0,unseen_data,SKAB,fold_1,42,3,4,probabilistic_suffix_tree,2,1,0.5,0.5,35,108,245,0.06481481481481481,skab_fold_aware_refined_search,40
0.6291834002677377,0.30412371134020616,0.2935323383084577,0.29873417721518986,original,SKAB,fold_2,42,3,4,probabilistic_suffix_tree,2,1,0.5,0.5,29,91,212,0.08033345964380448,skab_fold_aware_refined_search,40
0.6050870147255689,0.2707317073170732,0.27611940298507465,0.2733990147783251,gaussian_noise,SKAB,fold_2,42,3,4,probabilistic_suffix_tree,2,1,0.5,0.5,29,91,212,0.08033345964380448,skab_fold_aware_refined_search,40
0.0,0.0,0.0,0.0,unseen_data,SKAB,fold_2,42,3,4,probabilistic_suffix_tree,2,1,0.5,0.5,29,91,212,0.08033345964380448,skab_fold_aware_refined_search,40
0.5040160642570282,0.166015625,0.21303258145363407,0.18660812294182216,original,SKAB,fold_3,42,3,4,probabilistic_suffix_tree,2,1,0.5,0.5,33,100,224,0.06787878787878789,skab_fold_aware_refined_search,40
0.4959839357429719,0.16729323308270677,0.22305764411027568,0.19119226638023631,gaussian_noise,SKAB,fold_3,42,3,4,probabilistic_suffix_tree,2,1,0.5,0.5,33,100,224,0.06787878787878789,skab_fold_aware_refined_search,40
0.0,0.0,0.0,0.0,unseen_data,SKAB,fold_3,42,3,4,probabilistic_suffix_tree,2,1,0.5,0.5,33,100,224,0.06787878787878789,skab_fold_aware_refined_search,40
0.5366350067842606,0.0748502994011976,0.06265664160401002,0.06821282401091405,original,SKAB,fold_4,42,3,4,probabilistic_suffix_tree,2,1,0.5,0.5,33,102,235,0.06981580510992276,skab_fold_aware_refined_search,40
0.5420624151967436,0.08181818181818182,0.06766917293233082,0.07407407407407407,gaussian_noise,SKAB,fold_4,42,3,4,probabilistic_suffix_tree,2,1,0.5,0.5,33,102,235,0.06981580510992276,skab_fold_aware_refined_search,40
0.0,0.0,0.0,0.0,unseen_data,SKAB,fold_4,42,3,4,probabilistic_suffix_tree,2,1,0.5,0.5,33,102,235,0.06981580510992276,skab_fold_aware_refined_search,40
0.5579086697551291,0.33208489388264667,0.6666666666666666,0.44333333333333336,original,SKAB,fold_5,42,3,4,probabilistic_suffix_tree,2,1,0.5,0.5,32,100,229,0.0715625,skab_fold_aware_refined_search,40
0.5446724023825281,0.32735961768219835,0.6867167919799498,0.44336569579288027,gaussian_noise,SKAB,fold_5,42,3,4,probabilistic_suffix_tree,2,1,0.5,0.5,32,100,229,0.0715625,skab_fold_aware_refined_search,40
0.42857142857142855,0.42857142857142855,1.0,0.6,unseen_data,SKAB,fold_5,42,3,4,probabilistic_suffix_tree,2,1,0.5,0.5,32,100,229,0.0715625,skab_fold_aware_refined_search,40
0.6986666666666667,0.44970414201183434,0.5685785536159601,0.5022026431718062,original,SKAB,fold_1,42,3,4,probabilistic_suffix_tree,2,1,0.5,0.7,35,108,245,0.06481481481481481,skab_fold_aware_refined_search,41
0.7046666666666667,0.4574898785425101,0.5635910224438903,0.5050279329608939,gaussian_noise,SKAB,fold_1,42,3,4,probabilistic_suffix_tree,2,1,0.5,0.7,35,108,245,0.06481481481481481,skab_fold_aware_refined_search,41
0.0,0.0,0.0,0.0,unseen_data,SKAB,fold_1,42,3,4,probabilistic_suffix_tree,2,1,0.5,0.7,35,108,245,0.06481481481481481,skab_fold_aware_refined_search,41
0.5870147255689424,0.3143350604490501,0.4527363184079602,0.37104994903160043,original,SKAB,fold_2,42,3,4,probabilistic_suffix_tree,2,1,0.5,0.7,29,91,212,0.08033345964380448,skab_fold_aware_refined_search,41
0.5669344042838019,0.2961730449251248,0.4427860696517413,0.35493519441674976,gaussian_noise,SKAB,fold_2,42,3,4,probabilistic_suffix_tree,2,1,0.5,0.7,29,91,212,0.08033345964380448,skab_fold_aware_refined_search,41
0.0,0.0,0.0,0.0,unseen_data,SKAB,fold_2,42,3,4,probabilistic_suffix_tree,2,1,0.5,0.7,29,91,212,0.08033345964380448,skab_fold_aware_refined_search,41
0.41298527443105754,0.1778975741239892,0.3308270676691729,0.23137598597721298,original,SKAB,fold_3,42,3,4,probabilistic_suffix_tree,2,1,0.5,0.7,33,100,224,0.06787878787878789,skab_fold_aware_refined_search,41
0.4029451137884873,0.17523056653491437,0.3333333333333333,0.229706390328152,gaussian_noise,SKAB,fold_3,42,3,4,probabilistic_suffix_tree,2,1,0.5,0.7,33,100,224,0.06787878787878789,skab_fold_aware_refined_search,41
0.0,0.0,0.0,0.0,unseen_data,SKAB,fold_3,42,3,4,probabilistic_suffix_tree,2,1,0.5,0.7,33,100,224,0.06787878787878789,skab_fold_aware_refined_search,41
0.43419267299864317,0.07436399217221135,0.09523809523809523,0.08351648351648351,original,SKAB,fold_4,42,3,4,probabilistic_suffix_tree,2,1,0.5,0.7,33,102,235,0.06981580510992276,skab_fold_aware_refined_search,41
0.44029850746268656,0.07569721115537849,0.09523809523809523,0.08435072142064373,gaussian_noise,SKAB,fold_4,42,3,4,probabilistic_suffix_tree,2,1,0.5,0.7,33,102,235,0.06981580510992276,skab_fold_aware_refined_search,41
0.0,0.0,0.0,0.0,unseen_data,SKAB,fold_4,42,3,4,probabilistic_suffix_tree,2,1,0.5,0.7,33,102,235,0.06981580510992276,skab_fold_aware_refined_search,41
0.48974189278623426,0.3125,0.7769423558897243,0.44572250179726813,original,SKAB,fold_5,42,3,4,probabilistic_suffix_tree,2,1,0.5,0.7,32,100,229,0.0715625,skab_fold_aware_refined_search,41
0.4798146922567836,0.31158714703018503,0.8020050125313283,0.4488078541374474,gaussian_noise,SKAB,fold_5,42,3,4,probabilistic_suffix_tree,2,1,0.5,0.7,32,100,229,0.0715625,skab_fold_aware_refined_search,41
0.42857142857142855,0.42857142857142855,1.0,0.6,unseen_data,SKAB,fold_5,42,3,4,probabilistic_suffix_tree,2,1,0.5,0.7,32,100,229,0.0715625,skab_fold_aware_refined_search,41
0.6953333333333334,0.46705882352941175,0.9900249376558603,0.6346922462030375,original,SKAB,fold_1,42,3,4,probabilistic_suffix_tree,2,1,0.5,0.9,35,108,245,0.06481481481481481,skab_fold_aware_refined_search,42
0.6953333333333334,0.46705882352941175,0.9900249376558603,0.6346922462030375,gaussian_noise,SKAB,fold_1,42,3,4,probabilistic_suffix_tree,2,1,0.5,0.9,35,108,245,0.06481481481481481,skab_fold_aware_refined_search,42
0.0,0.0,0.0,0.0,unseen_data,SKAB,fold_1,42,3,4,probabilistic_suffix_tree,2,1,0.5,0.9,35,108,245,0.06481481481481481,skab_fold_aware_refined_search,42
0.5502008032128514,0.3633603238866397,0.8930348258706468,0.516546762589928,original,SKAB,fold_2,42,3,4,probabilistic_suffix_tree,2,1,0.5,0.9,29,91,212,0.08033345964380448,skab_fold_aware_refined_search,42
0.5414993306559571,0.35807422266800404,0.8880597014925373,0.5103645461043602,gaussian_noise,SKAB,fold_2,42,3,4,probabilistic_suffix_tree,2,1,0.5,0.9,29,91,212,0.08033345964380448,skab_fold_aware_refined_search,42
0.0,0.0,0.0,0.0,unseen_data,SKAB,fold_2,42,3,4,probabilistic_suffix_tree,2,1,0.5,0.9,29,91,212,0.08033345964380448,skab_fold_aware_refined_search,42
0.4036144578313253,0.24321503131524008,0.5839598997493735,0.34340456890198967,original,SKAB,fold_3,42,3,4,probabilistic_suffix_tree,2,1,0.5,0.9,33,100,224,0.06787878787878789,skab_fold_aware_refined_search,42
0.39424364123159306,0.2397119341563786,0.5839598997493735,0.3398978847556528,gaussian_noise,SKAB,fold_3,42,3,4,probabilistic_suffix_tree,2,1,0.5,0.9,33,100,224,0.06787878787878789,skab_fold_aware_refined_search,42
0.0,0.0,0.0,0.0,unseen_data,SKAB,fold_3,42,3,4,probabilistic_suffix_tree,2,1,0.5,0.9,33,100,224,0.06787878787878789,skab_fold_aware_refined_search,42
0.26051560379918587,0.1096045197740113,0.24310776942355888,0.15109034267912771,original,SKAB,fold_4,42,3,4,probabilistic_suffix_tree,2,1,0.5,0.9,33,102,235,0.06981580510992276,skab_fold_aware_refined_search,42
0.2639077340569878,0.10665137614678899,0.23308270676691728,0.14634146341463414,gaussian_noise,SKAB,fold_4,42,3,4,probabilistic_suffix_tree,2,1,0.5,0.9,33,102,235,0.06981580510992276,skab_fold_aware_refined_search,42
0.0,0.0,0.0,0.0,unseen_data,SKAB,fold_4,42,3,4,probabilistic_suffix_tree,2,1,0.5,0.9,33,102,235,0.06981580510992276,skab_fold_aware_refined_search,42
0.4268696227663799,0.2974848222029488,0.8596491228070176,0.4420103092783505,original,SKAB,fold_5,42,3,4,probabilistic_suffix_tree,2,1,0.5,0.9,32,100,229,0.0715625,skab_fold_aware_refined_search,42
0.4248841826604897,0.2988013698630137,0.87468671679198,0.4454371410338226,gaussian_noise,SKAB,fold_5,42,3,4,probabilistic_suffix_tree,2,1,0.5,0.9,32,100,229,0.0715625,skab_fold_aware_refined_search,42
0.42857142857142855,0.42857142857142855,1.0,0.6,unseen_data,SKAB,fold_5,42,3,4,probabilistic_suffix_tree,2,1,0.5,0.9,32,100,229,0.0715625,skab_fold_aware_refined_search,42
0.7026666666666667,0.42160278745644597,0.30174563591022446,0.35174418604651164,original,SKAB,fold_1,42,3,4,probabilistic_suffix_tree,2,2,0.1,0.5,35,108,245,0.06481481481481481,skab_fold_aware_refined_search,43
0.7026666666666667,0.4204946996466431,0.2967581047381546,0.347953216374269,gaussian_noise,SKAB,fold_1,42,3,4,probabilistic_suffix_tree,2,2,0.1,0.5,35,108,245,0.06481481481481481,skab_fold_aware_refined_search,43
0.0,0.0,0.0,0.0,unseen_data,SKAB,fold_1,42,3,4,probabilistic_suffix_tree,2,2,0.1,0.5,35,108,245,0.06481481481481481,skab_fold_aware_refined_search,43
0.6472556894243642,0.2964169381107492,0.2263681592039801,0.2566995768688293,original,SKAB,fold_2,42,3,4,probabilistic_suffix_tree,2,2,0.1,0.5,29,91,212,0.08033345964380448,skab_fold_aware_refined_search,43
0.6338688085676037,0.27692307692307694,0.22388059701492538,0.24759284731774414,gaussian_noise,SKAB,fold_2,42,3,4,probabilistic_suffix_tree,2,2,0.1,0.5,29,91,212,0.08033345964380448,skab_fold_aware_refined_search,43
0.0,0.0,0.0,0.0,unseen_data,SKAB,fold_2,42,3,4,probabilistic_suffix_tree,2,2,0.1,0.5,29,91,212,0.08033345964380448,skab_fold_aware_refined_search,43
0.5508701472556894,0.1792452830188679,0.19047619047619047,0.18469015795868773,original,SKAB,fold_3,42,3,4,probabilistic_suffix_tree,2,2,0.1,0.5,33,100,224,0.06787878787878789,skab_fold_aware_refined_search,43
0.5455153949129853,0.1832579185520362,0.20300751879699247,0.19262782401902498,gaussian_noise,SKAB,fold_3,42,3,4,probabilistic_suffix_tree,2,2,0.1,0.5,33,100,224,0.06787878787878789,skab_fold_aware_refined_search,43
0.0,0.0,0.0,0.0,unseen_data,SKAB,fold_3,42,3,4,probabilistic_suffix_tree,2,2,0.1,0.5,33,100,224,0.06787878787878789,skab_fold_aware_refined_search,43
0.567842605156038,0.08098591549295775,0.05764411027568922,0.06734992679355783,original,SKAB,fold_4,42,3,4,probabilistic_suffix_tree,2,2,0.1,0.5,33,102,235,0.06981580510992276,skab_fold_aware_refined_search,43
0.5712347354138398,0.08833922261484099,0.06265664160401002,0.07331378299120235,gaussian_noise,SKAB,fold_4,42,3,4,probabilistic_suffix_tree,2,2,0.1,0.5,33,102,235,0.06981580510992276,skab_fold_aware_refined_search,43
0.0,0.0,0.0,0.0,unseen_data,SKAB,fold_4,42,3,4,probabilistic_suffix_tree,2,2,0.1,0.5,33,102,235,0.06981580510992276,skab_fold_aware_refined_search,43
0.600926538716082,0.3197879858657244,0.45363408521303256,0.37512953367875645,original,SKAB,fold_5,42,3,4,probabilistic_suffix_tree,2,2,0.1,0.5,32,100,229,0.0715625,skab_fold_aware_refined_search,43
0.5896757114493713,0.3142857142857143,0.46867167919799496,0.3762575452716298,gaussian_noise,SKAB,fold_5,42,3,4,probabilistic_suffix_tree,2,2,0.1,0.5,32,100,229,0.0715625,skab_fold_aware_refined_search,43
0.47619047619047616,0.45,1.0,0.6206896551724138,unseen_data,SKAB,fold_5,42,3,4,probabilistic_suffix_tree,2,2,0.1,0.5,32,100,229,0.0715625,skab_fold_aware_refined_search,43
0.7066666666666667,0.4541176470588235,0.48129675810473815,0.46731234866828086,original,SKAB,fold_1,42,3,4,probabilistic_suffix_tree,2,2,0.1,0.7,35,108,245,0.06481481481481481,skab_fold_aware_refined_search,44
0.71,0.45933014354066987,0.47880299251870323,0.46886446886446886,gaussian_noise,SKAB,fold_1,42,3,4,probabilistic_suffix_tree,2,2,0.1,0.7,35,108,245,0.06481481481481481,skab_fold_aware_refined_search,44
0.0,0.0,0.0,0.0,unseen_data,SKAB,fold_1,42,3,4,probabilistic_suffix_tree,2,2,0.1,0.7,35,108,245,0.06481481481481481,skab_fold_aware_refined_search,44
0.6050870147255689,0.31274900398406374,0.39054726368159204,0.3473451327433628,original,SKAB,fold_2,42,3,4,probabilistic_suffix_tree,2,2,0.1,0.7,29,91,212,0.08033345964380448,skab_fold_aware_refined_search,44
0.5803212851405622,0.2840690978886756,0.3681592039800995,0.3206933911159263,gaussian_noise,SKAB,fold_2,42,3,4,probabilistic_suffix_tree,2,2,0.1,0.7,29,91,212,0.08033345964380448,skab_fold_aware_refined_search,44
0.0,0.0,0.0,0.0,unseen_data,SKAB,fold_2,42,3,4,probabilistic_suffix_tree,2,2,0.1,0.7,29,91,212,0.08033345964380448,skab_fold_aware_refined_search,44
0.45515394912985274,0.17115689381933438,0.2706766917293233,0.20970873786407768,original,SKAB,fold_3,42,3,4,probabilistic_suffix_tree,2,2,0.1,0.7,33,100,224,0.06787878787878789,skab_fold_aware_refined_search,44
0.4457831325301205,0.1694915254237288,0.2756892230576441,0.2099236641221374,gaussian_noise,SKAB,fold_3,42,3,4,probabilistic_suffix_tree,2,2,0.1,0.7,33,100,224,0.06787878787878789,skab_fold_aware_refined_search,44
0.0,0.0,0.0,0.0,unseen_data,SKAB,fold_3,42,3,4,probabilistic_suffix_tree,2,2,0.1,0.7,33,100,224,0.06787878787878789,skab_fold_aware_refined_search,44
0.46743554952510175,0.07111111111111111,0.08020050125313283,0.07538280329799764,original,SKAB,fold_4,42,3,4,probabilistic_suffix_tree,2,2,0.1,0.7,33,102,235,0.06981580510992276,skab_fold_aware_refined_search,44
0.4755766621438263,0.0730593607305936,0.08020050125313283,0.07646356033452807,gaussian_noise,SKAB,fold_4,42,3,4,probabilistic_suffix_tree,2,2,0.1,0.7,33,102,235,0.06981580510992276,skab_fold_aware_refined_search,44
0.0,0.0,0.0,0.0,unseen_data,SKAB,fold_4,42,3,4,probabilistic_suffix_tree,2,2,0.1,0.7,33,102,235,0.06981580510992276,skab_fold_aware_refined_search,44
0.5069490403706155,0.30518018018018017,0.6791979949874687,0.4211344211344211,original,SKAB,fold_5,42,3,4,probabilistic_suffix_tree,2,2,0.1,0.7,32,100,229,0.0715625,skab_fold_aware_refined_search,44
0.49636002647253474,0.3041125541125541,0.7042606516290727,0.42479213907785335,gaussian_noise,SKAB,fold_5,42,3,4,probabilistic_suffix_tree,2,2,0.1,0.7,32,100,229,0.0715625,skab_fold_aware_refined_search,44
0.42857142857142855,0.42857142857142855,1.0,0.6,unseen_data,SKAB,fold_5,42,3,4,probabilistic_suffix_tree,2,2,0.1,0.7,32,100,229,0.0715625,skab_fold_aware_refined_search,44
0.6953333333333334,0.46705882352941175,0.9900249376558603,0.6346922462030375,original,SKAB,fold_1,42,3,4,probabilistic_suffix_tree,2,2,0.1,0.9,35,108,245,0.06481481481481481,skab_fold_aware_refined_search,45
0.6953333333333334,0.46705882352941175,0.9900249376558603,0.6346922462030375,gaussian_noise,SKAB,fold_1,42,3,4,probabilistic_suffix_tree,2,2,0.1,0.9,35,108,245,0.06481481481481481,skab_fold_aware_refined_search,45
0.0,0.0,0.0,0.0,unseen_data,SKAB,fold_1,42,3,4,probabilistic_suffix_tree,2,2,0.1,0.9,35,108,245,0.06481481481481481,skab_fold_aware_refined_search,45
0.5502008032128514,0.3633603238866397,0.8930348258706468,0.516546762589928,original,SKAB,fold_2,42,3,4,probabilistic_suffix_tree,2,2,0.1,0.9,29,91,212,0.08033345964380448,skab_fold_aware_refined_search,45
0.5414993306559571,0.35807422266800404,0.8880597014925373,0.5103645461043602,gaussian_noise,SKAB,fold_2,42,3,4,probabilistic_suffix_tree,2,2,0.1,0.9,29,91,212,0.08033345964380448,skab_fold_aware_refined_search,45
0.0,0.0,0.0,0.0,unseen_data,SKAB,fold_2,42,3,4,probabilistic_suffix_tree,2,2,0.1,0.9,29,91,212,0.08033345964380448,skab_fold_aware_refined_search,45
0.4036144578313253,0.24321503131524008,0.5839598997493735,0.34340456890198967,original,SKAB,fold_3,42,3,4,probabilistic_suffix_tree,2,2,0.1,0.9,33,100,224,0.06787878787878789,skab_fold_aware_refined_search,45
0.39424364123159306,0.2397119341563786,0.5839598997493735,0.3398978847556528,gaussian_noise,SKAB,fold_3,42,3,4,probabilistic_suffix_tree,2,2,0.1,0.9,33,100,224,0.06787878787878789,skab_fold_aware_refined_search,45
0.0,0.0,0.0,0.0,unseen_data,SKAB,fold_3,42,3,4,probabilistic_suffix_tree,2,2,0.1,0.9,33,100,224,0.06787878787878789,skab_fold_aware_refined_search,45
0.2598371777476255,0.1085972850678733,0.24060150375939848,0.14964925954793454,original,SKAB,fold_4,42,3,4,probabilistic_suffix_tree,2,2,0.1,0.9,33,102,235,0.06981580510992276,skab_fold_aware_refined_search,45
0.26322930800542743,0.10562571756601608,0.23057644110275688,0.14488188976377953,gaussian_noise,SKAB,fold_4,42,3,4,probabilistic_suffix_tree,2,2,0.1,0.9,33,102,235,0.06981580510992276,skab_fold_aware_refined_search,45
0.0,0.0,0.0,0.0,unseen_data,SKAB,fold_4,42,3,4,probabilistic_suffix_tree,2,2,0.1,0.9,33,102,235,0.06981580510992276,skab_fold_aware_refined_search,45
0.4262078093977498,0.296875,0.8571428571428571,0.4410058027079304,original,SKAB,fold_5,42,3,4,probabilistic_suffix_tree,2,2,0.1,0.9,32,100,229,0.0715625,skab_fold_aware_refined_search,45
0.4248841826604897,0.2988013698630137,0.87468671679198,0.4454371410338226,gaussian_noise,SKAB,fold_5,42,3,4,probabilistic_suffix_tree,2,2,0.1,0.9,32,100,229,0.0715625,skab_fold_aware_refined_search,45
0.42857142857142855,0.42857142857142855,1.0,0.6,unseen_data,SKAB,fold_5,42,3,4,probabilistic_suffix_tree,2,2,0.1,0.9,32,100,229,0.0715625,skab_fold_aware_refined_search,45
0.698,0.4239766081871345,0.36159600997506236,0.39030955585464333,original,SKAB,fold_1,42,3,4,probabilistic_suffix_tree,2,2,0.5,0.5,35,108,245,0.06481481481481481,skab_fold_aware_refined_search,46
0.6966666666666667,0.4186746987951807,0.34663341645885287,0.3792633015006821,gaussian_noise,SKAB,fold_1,42,3,4,probabilistic_suffix_tree,2,2,0.5,0.5,35,108,245,0.06481481481481481,skab_fold_aware_refined_search,46
0.0,0.0,0.0,0.0,unseen_data,SKAB,fold_1,42,3,4,probabilistic_suffix_tree,2,2,0.5,0.5,35,108,245,0.06481481481481481,skab_fold_aware_refined_search,46
0.6291834002677377,0.30412371134020616,0.2935323383084577,0.29873417721518986,original,SKAB,fold_2,42,3,4,probabilistic_suffix_tree,2,2,0.5,0.5,29,91,212,0.08033345964380448,skab_fold_aware_refined_search,46
0.6050870147255689,0.2707317073170732,0.27611940298507465,0.2733990147783251,gaussian_noise,SKAB,fold_2,42,3,4,probabilistic_suffix_tree,2,2,0.5,0.5,29,91,212,0.08033345964380448,skab_fold_aware_refined_search,46
0.0,0.0,0.0,0.0,unseen_data,SKAB,fold_2,42,3,4,probabilistic_suffix_tree,2,2,0.5,0.5,29,91,212,0.08033345964380448,skab_fold_aware_refined_search,46
0.5060240963855421,0.16568047337278108,0.21052631578947367,0.18543046357615894,original,SKAB,fold_3,42,3,4,probabilistic_suffix_tree,2,2,0.5,0.5,33,100,224,0.06787878787878789,skab_fold_aware_refined_search,46
0.499330655957162,0.1676190476190476,0.22055137844611528,0.19047619047619047,gaussian_noise,SKAB,fold_3,42,3,4,probabilistic_suffix_tree,2,2,0.5,0.5,33,100,224,0.06787878787878789,skab_fold_aware_refined_search,46
0.0,0.0,0.0,0.0,unseen_data,SKAB,fold_3,42,3,4,probabilistic_suffix_tree,2,2,0.5,0.5,33,100,224,0.06787878787878789,skab_fold_aware_refined_search,46
0.5366350067842606,0.07228915662650602,0.06015037593984962,0.06566347469220246,original,SKAB,fold_4,42,3,4,probabilistic_suffix_tree,2,2,0.5,0.5,33,102,235,0.06981580510992276,skab_fold_aware_refined_search,46
0.5420624151967436,0.07926829268292683,0.06516290726817042,0.07152682255845942,gaussian_noise,SKAB,fold_4,42,3,4,probabilistic_suffix_tree,2,2,0.5,0.5,33,102,235,0.06981580510992276,skab_fold_aware_refined_search,46
0.0,0.0,0.0,0.0,unseen_data,SKAB,fold_4,42,3,4,probabilistic_suffix_tree,2,2,0.5,0.5,33,102,235,0.06981580510992276,skab_fold_aware_refined_search,46
0.557246856386499,0.3308270676691729,0.6616541353383458,0.44110275689223055,original,SKAB,fold_5,42,3,4,probabilistic_suffix_tree,2,2,0.5,0.5,32,100,229,0.0715625,skab_fold_aware_refined_search,46
0.5459960291197882,0.3281437125748503,0.6867167919799498,0.44408427876823336,gaussian_noise,SKAB,fold_5,42,3,4,probabilistic_suffix_tree,2,2,0.5,0.5,32,100,229,0.0715625,skab_fold_aware_refined_search,46
0.42857142857142855,0.42857142857142855,1.0,0.6,unseen_data,SKAB,fold_5,42,3,4,probabilistic_suffix_tree,2,2,0.5,0.5,32,100,229,0.0715625,skab_fold_aware_refined_search,46
0.6986666666666667,0.44970414201183434,0.5685785536159601,0.5022026431718062,original,SKAB,fold_1,42,3,4,probabilistic_suffix_tree,2,2,0.5,0.7,35,108,245,0.06481481481481481,skab_fold_aware_refined_search,47
0.7046666666666667,0.4574898785425101,0.5635910224438903,0.5050279329608939,gaussian_noise,SKAB,fold_1,42,3,4,probabilistic_suffix_tree,2,2,0.5,0.7,35,108,245,0.06481481481481481,skab_fold_aware_refined_search,47
0.0,0.0,0.0,0.0,unseen_data,SKAB,fold_1,42,3,4,probabilistic_suffix_tree,2,2,0.5,0.7,35,108,245,0.06481481481481481,skab_fold_aware_refined_search,47
0.5870147255689424,0.3143350604490501,0.4527363184079602,0.37104994903160043,original,SKAB,fold_2,42,3,4,probabilistic_suffix_tree,2,2,0.5,0.7,29,91,212,0.08033345964380448,skab_fold_aware_refined_search,47
0.5669344042838019,0.2961730449251248,0.4427860696517413,0.35493519441674976,gaussian_noise,SKAB,fold_2,42,3,4,probabilistic_suffix_tree,2,2,0.5,0.7,29,91,212,0.08033345964380448,skab_fold_aware_refined_search,47
0.0,0.0,0.0,0.0,unseen_data,SKAB,fold_2,42,3,4,probabilistic_suffix_tree,2,2,0.5,0.7,29,91,212,0.08033345964380448,skab_fold_aware_refined_search,47
0.41231593038821956,0.1767881241565452,0.3283208020050125,0.22982456140350876,original,SKAB,fold_3,42,3,4,probabilistic_suffix_tree,2,2,0.5,0.7,33,100,224,0.06787878787878789,skab_fold_aware_refined_search,47
0.4029451137884873,0.17523056653491437,0.3333333333333333,0.229706390328152,gaussian_noise,SKAB,fold_3,42,3,4,probabilistic_suffix_tree,2,2,0.5,0.7,33,100,224,0.06787878787878789,skab_fold_aware_refined_search,47
0.0,0.0,0.0,0.0,unseen_data,SKAB,fold_3,42,3,4,probabilistic_suffix_tree,2,2,0.5,0.7,33,100,224,0.06787878787878789,skab_fold_aware_refined_search,47
0.4335142469470828,0.07254901960784314,0.09273182957393483,0.0814081408140814,original,SKAB,fold_4,42,3,4,probabilistic_suffix_tree,2,2,0.5,0.7,33,102,235,0.06981580510992276,skab_fold_aware_refined_search,47
0.4396200814111262,0.07385229540918163,0.09273182957393483,0.08222222222222222,gaussian_noise,SKAB,fold_4,42,3,4,probabilistic_suffix_tree,2,2,0.5,0.7,33,102,235,0.06981580510992276,skab_fold_aware_refined_search,47
0.0,0.0,0.0,0.0,unseen_data,SKAB,fold_4,42,3,4,probabilistic_suffix_tree,2,2,0.5,0.7,33,102,235,0.06981580510992276,skab_fold_aware_refined_search,47
0.48908007941760423,0.31180625630676084,0.7744360902255639,0.4446043165467626,original,SKAB,fold_5,42,3,4,probabilistic_suffix_tree,2,2,0.5,0.7,32,100,229,0.0715625,skab_fold_aware_refined_search,47
0.4798146922567836,0.31158714703018503,0.8020050125313283,0.4488078541374474,gaussian_noise,SKAB,fold_5,42,3,4,probabilistic_suffix_tree,2,2,0.5,0.7,32,100,229,0.0715625,skab_fold_aware_refined_search,47
0.42857142857142855,0.42857142857142855,1.0,0.6,unseen_data,SKAB,fold_5,42,3,4,probabilistic_suffix_tree,2,2,0.5,0.7,32,100,229,0.0715625,skab_fold_aware_refined_search,47
0.6953333333333334,0.46705882352941175,0.9900249376558603,0.6346922462030375,original,SKAB,fold_1,42,3,4,probabilistic_suffix_tree,2,2,0.5,0.9,35,108,245,0.06481481481481481,skab_fold_aware_refined_search,48
0.6953333333333334,0.46705882352941175,0.9900249376558603,0.6346922462030375,gaussian_noise,SKAB,fold_1,42,3,4,probabilistic_suffix_tree,2,2,0.5,0.9,35,108,245,0.06481481481481481,skab_fold_aware_refined_search,48
0.0,0.0,0.0,0.0,unseen_data,SKAB,fold_1,42,3,4,probabilistic_suffix_tree,2,2,0.5,0.9,35,108,245,0.06481481481481481,skab_fold_aware_refined_search,48
0.5502008032128514,0.3633603238866397,0.8930348258706468,0.516546762589928,original,SKAB,fold_2,42,3,4,probabilistic_suffix_tree,2,2,0.5,0.9,29,91,212,0.08033345964380448,skab_fold_aware_refined_search,48
0.5414993306559571,0.35807422266800404,0.8880597014925373,0.5103645461043602,gaussian_noise,SKAB,fold_2,42,3,4,probabilistic_suffix_tree,2,2,0.5,0.9,29,91,212,0.08033345964380448,skab_fold_aware_refined_search,48
0.0,0.0,0.0,0.0,unseen_data,SKAB,fold_2,42,3,4,probabilistic_suffix_tree,2,2,0.5,0.9,29,91,212,0.08033345964380448,skab_fold_aware_refined_search,48
0.4036144578313253,0.24321503131524008,0.5839598997493735,0.34340456890198967,original,SKAB,fold_3,42,3,4,probabilistic_suffix_tree,2,2,0.5,0.9,33,100,224,0.06787878787878789,skab_fold_aware_refined_search,48
0.39424364123159306,0.2397119341563786,0.5839598997493735,0.3398978847556528,gaussian_noise,SKAB,fold_3,42,3,4,probabilistic_suffix_tree,2,2,0.5,0.9,33,100,224,0.06787878787878789,skab_fold_aware_refined_search,48
0.0,0.0,0.0,0.0,unseen_data,SKAB,fold_3,42,3,4,probabilistic_suffix_tree,2,2,0.5,0.9,33,100,224,0.06787878787878789,skab_fold_aware_refined_search,48
0.2598371777476255,0.1085972850678733,0.24060150375939848,0.14964925954793454,original,SKAB,fold_4,42,3,4,probabilistic_suffix_tree,2,2,0.5,0.9,33,102,235,0.06981580510992276,skab_fold_aware_refined_search,48
0.26322930800542743,0.10562571756601608,0.23057644110275688,0.14488188976377953,gaussian_noise,SKAB,fold_4,42,3,4,probabilistic_suffix_tree,2,2,0.5,0.9,33,102,235,0.06981580510992276,skab_fold_aware_refined_search,48
0.0,0.0,0.0,0.0,unseen_data,SKAB,fold_4,42,3,4,probabilistic_suffix_tree,2,2,0.5,0.9,33,102,235,0.06981580510992276,skab_fold_aware_refined_search,48
0.4262078093977498,0.296875,0.8571428571428571,0.4410058027079304,original,SKAB,fold_5,42,3,4,probabilistic_suffix_tree,2,2,0.5,0.9,32,100,229,0.0715625,skab_fold_aware_refined_search,48
0.4248841826604897,0.2988013698630137,0.87468671679198,0.4454371410338226,gaussian_noise,SKAB,fold_5,42,3,4,probabilistic_suffix_tree,2,2,0.5,0.9,32,100,229,0.0715625,skab_fold_aware_refined_search,48
0.42857142857142855,0.42857142857142855,1.0,0.6,unseen_data,SKAB,fold_5,42,3,4,probabilistic_suffix_tree,2,2,0.5,0.9,32,100,229,0.0715625,skab_fold_aware_refined_search,48
0.7173333333333334,0.45660377358490567,0.30174563591022446,0.3633633633633634,original,SKAB,fold_1,42,3,4,probabilistic_suffix_tree,3,1,0.1,0.5,35,246,501,0.05818815331010453,skab_fold_aware_refined_search,49
0.7186666666666667,0.4594594594594595,0.2967581047381546,0.3606060606060606,gaussian_noise,SKAB,fold_1,42,3,4,probabilistic_suffix_tree,3,1,0.1,0.5,35,246,501,0.05818815331010453,skab_fold_aware_refined_search,49
0.0,0.0,0.0,0.0,unseen_data,SKAB,fold_1,42,3,4,probabilistic_suffix_tree,3,1,0.1,0.5,35,246,501,0.05818815331010453,skab_fold_aware_refined_search,49
0.6506024096385542,0.3089171974522293,0.24129353233830847,0.2709497206703911,original,SKAB,fold_2,42,3,4,probabilistic_suffix_tree,3,1,0.1,0.5,29,213,445,0.07204144406669905,skab_fold_aware_refined_search,49
0.6298527443105756,0.27728613569321536,0.23383084577114427,0.25371120107962214,gaussian_noise,SKAB,fold_2,42,3,4,probabilistic_suffix_tree,3,1,0.1,0.5,29,213,445,0.07204144406669905,skab_fold_aware_refined_search,49
0.0,0.0,0.0,0.0,unseen_data,SKAB,fold_2,42,3,4,probabilistic_suffix_tree,3,1,0.1,0.5,29,213,445,0.07204144406669905,skab_fold_aware_refined_search,49
0.5461847389558233,0.18510158013544017,0.20551378446115287,0.19477434679334918,original,SKAB,fold_3,42,3,4,probabilistic_suffix_tree,3,1,0.1,0.5,33,225,453,0.06101010101010101,skab_fold_aware_refined_search,49
0.536144578313253,0.18454935622317598,0.21553884711779447,0.19884393063583816,gaussian_noise,SKAB,fold_3,42,3,4,probabilistic_suffix_tree,3,1,0.1,0.5,33,225,453,0.06101010101010101,skab_fold_aware_refined_search,49
0.0,0.0,0.0,0.0,unseen_data,SKAB,fold_3,42,3,4,probabilistic_suffix_tree,3,1,0.1,0.5,33,225,453,0.06101010101010101,skab_fold_aware_refined_search,49
0.5637720488466758,0.0821917808219178,0.06015037593984962,0.0694645441389291,original,SKAB,fold_4,42,3,4,probabilistic_suffix_tree,3,1,0.1,0.5,33,236,480,0.061633281972265024,skab_fold_aware_refined_search,49
0.5691994572591588,0.09027777777777778,0.06516290726817042,0.07569141193595343,gaussian_noise,SKAB,fold_4,42,3,4,probabilistic_suffix_tree,3,1,0.1,0.5,33,236,480,0.061633281972265024,skab_fold_aware_refined_search,49
0.0,0.0,0.0,0.0,unseen_data,SKAB,fold_4,42,3,4,probabilistic_suffix_tree,3,1,0.1,0.5,33,236,480,0.061633281972265024,skab_fold_aware_refined_search,49
0.5830575777630708,0.32786885245901637,0.5513784461152882,0.411214953271028,original,SKAB,fold_5,42,3,4,probabilistic_suffix_tree,3,1,0.1,0.5,32,230,466,0.06331521739130434,skab_fold_aware_refined_search,49
0.5632031767041694,0.31436699857752487,0.5538847117794486,0.4010889292196007,gaussian_noise,SKAB,fold_5,42,3,4,probabilistic_suffix_tree,3,1,0.1,0.5,32,230,466,0.06331521739130434,skab_fold_aware_refined_search,49
0.47619047619047616,0.45,1.0,0.6206896551724138,unseen_data,SKAB,fold_5,42,3,4,probabilistic_suffix_tree,3,1,0.1,0.5,32,230,466,0.06331521739130434,skab_fold_aware_refined_search,49
0.7073333333333334,0.4577777777777778,0.513715710723192,0.48413631022326675,original,SKAB,fold_1,42,3,4,probabilistic_suffix_tree,3,1,0.1,0.7,35,246,501,0.05818815331010453,skab_fold_aware_refined_search,50
0.7073333333333334,0.45701357466063347,0.5037406483790524,0.4792408066429419,gaussian_noise,SKAB,fold_1,42,3,4,probabilistic_suffix_tree,3,1,0.1,0.7,35,246,501,0.05818815331010453,skab_fold_aware_refined_search,50
0.0,0.0,0.0,0.0,unseen_data,SKAB,fold_1,42,3,4,probabilistic_suffix_tree,3,1,0.1,0.7,35,246,501,0.05818815331010453,skab_fold_aware_refined_search,50
0.6010709504685409,0.31902985074626866,0.4253731343283582,0.3646055437100213,original,SKAB,fold_2,42,3,4,probabilistic_suffix_tree,3,1,0.1,0.7,29,213,445,0.07204144406669905,skab_fold_aware_refined_search,50
0.571619812583668,0.2851985559566787,0.39303482587064675,0.3305439330543933,gaussian_noise,SKAB,fold_2,42,3,4,probabilistic_suffix_tree,3,1,0.1,0.7,29,213,445,0.07204144406669905,skab_fold_aware_refined_search,50
0.0,0.0,0.0,0.0,unseen_data,SKAB,fold_2,42,3,4,probabilistic_suffix_tree,3,1,0.1,0.7,29,213,445,0.07204144406669905,skab_fold_aware_refined_search,50
0.4464524765729585,0.16246056782334384,0.2581453634085213,0.1994191674733785,original,SKAB,fold_3,42,3,4,probabilistic_suffix_tree,3,1,0.1,0.7,33,225,453,0.06101010101010101,skab_fold_aware_refined_search,50
0.44511378848728245,0.16923076923076924,0.2756892230576441,0.20972354623450906,gaussian_noise,SKAB,fold_3,42,3,4,probabilistic_suffix_tree,3,1,0.1,0.7,33,225,453,0.06101010101010101,skab_fold_aware_refined_search,50
0.0,0.0,0.0,0.0,unseen_data,SKAB,fold_3,42,3,4,probabilistic_suffix_tree,3,1,0.1,0.7,33,225,453,0.06101010101010101,skab_fold_aware_refined_search,50
0.451831750339213,0.07660455486542443,0.09273182957393483,0.08390022675736962,original,SKAB,fold_4,42,3,4,probabilistic_suffix_tree,3,1,0.1,0.7,33,236,480,0.061633281972265024,skab_fold_aware_refined_search,50
0.46200814111261873,0.07905982905982906,0.09273182957393483,0.0853517877739331,gaussian_noise,SKAB,fold_4,42,3,4,probabilistic_suffix_tree,3,1,0.1,0.7,33,236,480,0.061633281972265024,skab_fold_aware_refined_search,50
0.0,0.0,0.0,0.0,unseen_data,SKAB,fold_4,42,3,4,probabilistic_suffix_tree,3,1,0.1,0.7,33,236,480,0.061633281972265024,skab_fold_aware_refined_search,50
0.5095962938451357,0.31,0.6992481203007519,0.4295612009237875,original,SKAB,fold_5,42,3,4,probabilistic_suffix_tree,3,1,0.1,0.7,32,230,466,0.06331521739130434,skab_fold_aware_refined_search,50
0.4943745863666446,0.3064687168610817,0.7243107769423559,0.4307004470938897,gaussian_noise,SKAB,fold_5,42,3,4,probabilistic_suffix_tree,3,1,0.1,0.7,32,230,466,0.06331521739130434,skab_fold_aware_refined_search,50
0.42857142857142855,0.42857142857142855,1.0,0.6,unseen_data,SKAB,fold_5,42,3,4,probabilistic_suffix_tree,3,1,0.1,0.7,32,230,466,0.06331521739130434,skab_fold_aware_refined_search,50
0.6813333333333333,0.456,0.9950124688279302,0.6253918495297806,original,SKAB,fold_1,42,3,4,probabilistic_suffix_tree,3,1,0.1,0.9,35,246,501,0.05818815331010453,skab_fold_aware_refined_search,51
0.6806666666666666,0.4554794520547945,0.9950124688279302,0.624902114330462,gaussian_noise,SKAB,fold_1,42,3,4,probabilistic_suffix_tree,3,1,0.1,0.9,35,246,501,0.05818815331010453,skab_fold_aware_refined_search,51
0.0,0.0,0.0,0.0,unseen_data,SKAB,fold_1,42,3,4,probabilistic_suffix_tree,3,1,0.1,0.9,35,246,501,0.05818815331010453,skab_fold_aware_refined_search,51
0.5428380187416332,0.3607532210109019,0.9054726368159204,0.515946137491141,original,SKAB,fold_2,42,3,4,probabilistic_suffix_tree,3,1,0.1,0.9,29,213,445,0.07204144406669905,skab_fold_aware_refined_search,51
0.534805890227577,0.3559488692232055,0.900497512437811,0.5102184637068358,gaussian_noise,SKAB,fold_2,42,3,4,probabilistic_suffix_tree,3,1,0.1,0.9,29,213,445,0.07204144406669905,skab_fold_aware_refined_search,51
0.0,0.0,0.0,0.0,unseen_data,SKAB,fold_2,42,3,4,probabilistic_suffix_tree,3,1,0.1,0.9,29,213,445,0.07204144406669905,skab_fold_aware_refined_search,51
0.3969210174029451,0.24070247933884298,0.5839598997493735,0.3408924652523775,original,SKAB,fold_3,42,3,4,probabilistic_suffix_tree,3,1,0.1,0.9,33,225,453,0.06101010101010101,skab_fold_aware_refined_search,51
0.38353413654618473,0.2347560975609756,0.5789473684210527,0.33405639913232105,gaussian_noise,SKAB,fold_3,42,3,4,probabilistic_suffix_tree,3,1,0.1,0.9,33,225,453,0.06101010101010101,skab_fold_aware_refined_search,51
0.0,0.0,0.0,0.0,unseen_data,SKAB,fold_3,42,3,4,probabilistic_suffix_tree,3,1,0.1,0.9,33,225,453,0.06101010101010101,skab_fold_aware_refined_search,51
0.25576662143826323,0.11049107142857142,0.24812030075187969,0.15289575289575288,original,SKAB,fold_4,42,3,4,probabilistic_suffix_tree,3,1,0.1,0.9,33,236,480,0.061633281972265024,skab_fold_aware_refined_search,51
0.25780189959294436,0.10734463276836158,0.23809523809523808,0.14797507788161993,gaussian_noise,SKAB,fold_4,42,3,4,probabilistic_suffix_tree,3,1,0.1,0.9,33,236,480,0.061633281972265024,skab_fold_aware_refined_search,51
0.0,0.0,0.0,0.0,unseen_data,SKAB,fold_4,42,3,4,probabilistic_suffix_tree,3,1,0.1,0.9,33,236,480,0.061633281972265024,skab_fold_aware_refined_search,51
0.42356055592322966,0.3003384094754653,0.8897243107769424,0.44908285895003164,original,SKAB,fold_5,42,3,4,probabilistic_suffix_tree,3,1,0.1,0.9,32,230,466,0.06331521739130434,skab_fold_aware_refined_search,51
0.4202514890800794,0.300418410041841,0.899749373433584,0.4504391468005019,gaussian_noise,SKAB,fold_5,42,3,4,probabilistic_suffix_tree,3,1,0.1,0.9,32,230,466,0.06331521739130434,skab_fold_aware_refined_search,51
0.42857142857142855,0.42857142857142855,1.0,0.6,unseen_data,SKAB,fold_5,42,3,4,probabilistic_suffix_tree,3,1,0.1,0.9,32,230,466,0.06331521739130434,skab_fold_aware_refined_search,51
0.6973333333333334,0.43424317617866004,0.43640897755610975,0.43532338308457713,original,SKAB,fold_1,42,3,4,probabilistic_suffix_tree,3,1,0.5,0.5,35,246,501,0.05818815331010453,skab_fold_aware_refined_search,52
0.6926666666666667,0.42462311557788945,0.42144638403990026,0.4230287859824781,gaussian_noise,SKAB,fold_1,42,3,4,probabilistic_suffix_tree,3,1,0.5,0.5,35,246,501,0.05818815331010453,skab_fold_aware_refined_search,52
0.0,0.0,0.0,0.0,unseen_data,SKAB,fold_1,42,3,4,probabilistic_suffix_tree,3,1,0.5,0.5,35,246,501,0.05818815331010453,skab_fold_aware_refined_search,52
0.6151271753681392,0.29930394431554525,0.3208955223880597,0.3097238895558223,original,SKAB,fold_2,42,3,4,probabilistic_suffix_tree,3,1,0.5,0.5,29,213,445,0.07204144406669905,skab_fold_aware_refined_search,52
0.5850066934404283,0.26304347826086955,0.3009950248756219,0.28074245939675174,gaussian_noise,SKAB,fold_2,42,3,4,probabilistic_suffix_tree,3,1,0.5,0.5,29,213,445,0.07204144406669905,skab_fold_aware_refined_search,52
0.0,0.0,0.0,0.0,unseen_data,SKAB,fold_2,42,3,4,probabilistic_suffix_tree,3,1,0.5,0.5,29,213,445,0.07204144406669905,skab_fold_aware_refined_search,52
0.4678714859437751,0.17,0.2556390977443609,0.2042042042042042,original,SKAB,fold_3,42,3,4,probabilistic_suffix_tree,3,1,0.5,0.5,33,225,453,0.06101010101010101,skab_fold_aware_refined_search,52
0.46720214190093706,0.1761827079934747,0.2706766917293233,0.2134387351778656,gaussian_noise,SKAB,fold_3,42,3,4,probabilistic_suffix_tree,3,1,0.5,0.5,33,225,453,0.06101010101010101,skab_fold_aware_refined_search,52
0.0,0.0,0.0,0.0,unseen_data,SKAB,fold_3,42,3,4,probabilistic_suffix_tree,3,1,0.5,0.5,33,225,453,0.06101010101010101,skab_fold_aware_refined_search,52
0.4871099050203528,0.07801418439716312,0.08270676691729323,0.08029197080291971,original,SKAB,fold_4,42,3,4,probabilistic_suffix_tree,3,1,0.5,0.5,33,236,480,0.061633281972265024,skab_fold_aware_refined_search,52
0.49592944369063774,0.08048780487804878,0.08270676691729323,0.0815822002472188,gaussian_noise,SKAB,fold_4,42,3,4,probabilistic_suffix_tree,3,1,0.5,0.5,33,236,480,0.061633281972265024,skab_fold_aware_refined_search,52
0.0,0.0,0.0,0.0,unseen_data,SKAB,fold_4,42,3,4,probabilistic_suffix_tree,3,1,0.5,0.5,33,236,480,0.061633281972265024,skab_fold_aware_refined_search,52
0.5122435473196558,0.31387665198237885,0.7142857142857143,0.4361132364192808,original,SKAB,fold_5,42,3,4,probabilistic_suffix_tree,3,1,0.5,0.5,32,230,466,0.06331521739130434,skab_fold_aware_refined_search,52
0.5036399735274653,0.3138918345705196,0.7418546365914787,0.44113263785394935,gaussian_noise,SKAB,fold_5,42,3,4,probabilistic_suffix_tree,3,1,0.5,0.5,32,230,466,0.06331521739130434,skab_fold_aware_refined_search,52
0.42857142857142855,0.42857142857142855,1.0,0.6,unseen_data,SKAB,fold_5,42,3,4,probabilistic_suffix_tree,3,1,0.5,0.5,32,230,466,0.06331521739130434,skab_fold_aware_refined_search,52
0.6686666666666666,0.4160839160839161,0.5935162094763092,0.4892086330935252,original,SKAB,fold_1,42,3,4,probabilistic_suffix_tree,3,1,0.5,0.7,35,246,501,0.05818815331010453,skab_fold_aware_refined_search,53
0.6726666666666666,0.41935483870967744,0.5835411471321695,0.4880083420229406,gaussian_noise,SKAB,fold_1,42,3,4,probabilistic_suffix_tree,3,1,0.5,0.7,35,246,501,0.05818815331010453,skab_fold_aware_refined_search,53
0.0,0.0,0.0,0.0,unseen_data,SKAB,fold_1,42,3,4,probabilistic_suffix_tree,3,1,0.5,0.7,35,246,501,0.05818815331010453,skab_fold_aware_refined_search,53
0.5689424364123159,0.3177710843373494,0.5248756218905473,0.39587242026266417,original,SKAB,fold_2,42,3,4,probabilistic_suffix_tree,3,1,0.5,0.7,29,213,445,0.07204144406669905,skab_fold_aware_refined_search,53
0.5481927710843374,0.2983751846381093,0.5024875621890548,0.3744207599629286,gaussian_noise,SKAB,fold_2,42,3,4,probabilistic_suffix_tree,3,1,0.5,0.7,29,213,445,0.07204144406669905,skab_fold_aware_refined_search,53
0.0,0.0,0.0,0.0,unseen_data,SKAB,fold_2,42,3,4,probabilistic_suffix_tree,3,1,0.5,0.7,29,213,445,0.07204144406669905,skab_fold_aware_refined_search,53
0.4002677376171352,0.18584070796460178,0.3684210526315789,0.24705882352941178,original,SKAB,fold_3,42,3,4,probabilistic_suffix_tree,3,1,0.5,0.7,33,225,453,0.06101010101010101,skab_fold_aware_refined_search,53
0.392904953145917,0.184863523573201,0.37343358395989973,0.24730290456431536,gaussian_noise,SKAB,fold_3,42,3,4,probabilistic_suffix_tree,3,1,0.5,0.7,33,225,453,0.06101010101010101,skab_fold_aware_refined_search,53
0.0,0.0,0.0,0.0,unseen_data,SKAB,fold_3,42,3,4,probabilistic_suffix_tree,3,1,0.5,0.7,33,225,453,0.06101010101010101,skab_fold_aware_refined_search,53
0.3968792401628223,0.07465277777777778,0.10776942355889724,0.0882051282051282,original,SKAB,fold_4,42,3,4,probabilistic_suffix_tree,3,1,0.5,0.7,33,236,480,0.061633281972265024,skab_fold_aware_refined_search,53
0.4050203527815468,0.07773851590106007,0.11027568922305764,0.09119170984455958,gaussian_noise,SKAB,fold_4,42,3,4,probabilistic_suffix_tree,3,1,0.5,0.7,33,236,480,0.061633281972265024,skab_fold_aware_refined_search,53
0.0,0.0,0.0,0.0,unseen_data,SKAB,fold_4,42,3,4,probabilistic_suffix_tree,3,1,0.5,0.7,33,236,480,0.061633281972265024,skab_fold_aware_refined_search,53
0.45929847782925215,0.30648148148148147,0.8295739348370927,0.44759972954699123,original,SKAB,fold_5,42,3,4,probabilistic_suffix_tree,3,1,0.5,0.7,32,230,466,0.06331521739130434,skab_fold_aware_refined_search,53
0.4553275976174719,0.3079710144927536,0.8521303258145363,0.4524284763805722,gaussian_noise,SKAB,fold_5,42,3,4,probabilistic_suffix_tree,3,1,0.5,0.7,32,230,466,0.06331521739130434,skab_fold_aware_refined_search,53
0.42857142857142855,0.42857142857142855,1.0,0.6,unseen_data,SKAB,fold_5,42,3,4,probabilistic_suffix_tree,3,1,0.5,0.7,32,230,466,0.06331521739130434,skab_fold_aware_refined_search,53
0.6813333333333333,0.456,0.9950124688279302,0.6253918495297806,original,SKAB,fold_1,42,3,4,probabilistic_suffix_tree,3,1,0.5,0.9,35,246,501,0.05818815331010453,skab_fold_aware_refined_search,54
0.6806666666666666,0.4554794520547945,0.9950124688279302,0.624902114330462,gaussian_noise,SKAB,fold_1,42,3,4,probabilistic_suffix_tree,3,1,0.5,0.9,35,246,501,0.05818815331010453,skab_fold_aware_refined_search,54
0.0,0.0,0.0,0.0,unseen_data,SKAB,fold_1,42,3,4,probabilistic_suffix_tree,3,1,0.5,0.9,35,246,501,0.05818815331010453,skab_fold_aware_refined_search,54
0.5428380187416332,0.3607532210109019,0.9054726368159204,0.515946137491141,original,SKAB,fold_2,42,3,4,probabilistic_suffix_tree,3,1,0.5,0.9,29,213,445,0.07204144406669905,skab_fold_aware_refined_search,54
0.534805890227577,0.3559488692232055,0.900497512437811,0.5102184637068358,gaussian_noise,SKAB,fold_2,42,3,4,probabilistic_suffix_tree,3,1,0.5,0.9,29,213,445,0.07204144406669905,skab_fold_aware_refined_search,54
0.0,0.0,0.0,0.0,unseen_data,SKAB,fold_2,42,3,4,probabilistic_suffix_tree,3,1,0.5,0.9,29,213,445,0.07204144406669905,skab_fold_aware_refined_search,54
0.392235609103079,0.23897435897435898,0.5839598997493735,0.33915574963609896,original,SKAB,fold_3,42,3,4,probabilistic_suffix_tree,3,1,0.5,0.9,33,225,453,0.06101010101010101,skab_fold_aware_refined_search,54
0.38353413654618473,0.23582995951417005,0.5839598997493735,0.33597692862292716,gaussian_noise,SKAB,fold_3,42,3,4,probabilistic_suffix_tree,3,1,0.5,0.9,33,225,453,0.06101010101010101,skab_fold_aware_refined_search,54
0.0,0.0,0.0,0.0,unseen_data,SKAB,fold_3,42,3,4,probabilistic_suffix_tree,3,1,0.5,0.9,33,225,453,0.06101010101010101,skab_fold_aware_refined_search,54
0.25576662143826323,0.11049107142857142,0.24812030075187969,0.15289575289575288,original,SKAB,fold_4,42,3,4,probabilistic_suffix_tree,3,1,0.5,0.9,33,236,480,0.061633281972265024,skab_fold_aware_refined_search,54
0.25780189959294436,0.10734463276836158,0.23809523809523808,0.14797507788161993,gaussian_noise,SKAB,fold_4,42,3,4,probabilistic_suffix_tree,3,1,0.5,0.9,33,236,480,0.061633281972265024,skab_fold_aware_refined_search,54
0.0,0.0,0.0,0.0,unseen_data,SKAB,fold_4,42,3,4,probabilistic_suffix_tree,3,1,0.5,0.9,33,236,480,0.061633281972265024,skab_fold_aware_refined_search,54
0.42356055592322966,0.3003384094754653,0.8897243107769424,0.44908285895003164,original,SKAB,fold_5,42,3,4,probabilistic_suffix_tree,3,1,0.5,0.9,32,230,466,0.06331521739130434,skab_fold_aware_refined_search,54
0.4202514890800794,0.300418410041841,0.899749373433584,0.4504391468005019,gaussian_noise,SKAB,fold_5,42,3,4,probabilistic_suffix_tree,3,1,0.5,0.9,32,230,466,0.06331521739130434,skab_fold_aware_refined_search,54
0.42857142857142855,0.42857142857142855,1.0,0.6,unseen_data,SKAB,fold_5,42,3,4,probabilistic_suffix_tree,3,1,0.5,0.9,32,230,466,0.06331521739130434,skab_fold_aware_refined_search,54
0.7173333333333334,0.45660377358490567,0.30174563591022446,0.3633633633633634,original,SKAB,fold_1,42,3,4,probabilistic_suffix_tree,3,2,0.1,0.5,35,246,501,0.05818815331010453,skab_fold_aware_refined_search,55
0.7186666666666667,0.4594594594594595,0.2967581047381546,0.3606060606060606,gaussian_noise,SKAB,fold_1,42,3,4,probabilistic_suffix_tree,3,2,0.1,0.5,35,246,501,0.05818815331010453,skab_fold_aware_refined_search,55
0.0,0.0,0.0,0.0,unseen_data,SKAB,fold_1,42,3,4,probabilistic_suffix_tree,3,2,0.1,0.5,35,246,501,0.05818815331010453,skab_fold_aware_refined_search,55
0.6506024096385542,0.3089171974522293,0.24129353233830847,0.2709497206703911,original,SKAB,fold_2,42,3,4,probabilistic_suffix_tree,3,2,0.1,0.5,29,213,445,0.07204144406669905,skab_fold_aware_refined_search,55
0.6298527443105756,0.27728613569321536,0.23383084577114427,0.25371120107962214,gaussian_noise,SKAB,fold_2,42,3,4,probabilistic_suffix_tree,3,2,0.1,0.5,29,213,445,0.07204144406669905,skab_fold_aware_refined_search,55
0.0,0.0,0.0,0.0,unseen_data,SKAB,fold_2,42,3,4,probabilistic_suffix_tree,3,2,0.1,0.5,29,213,445,0.07204144406669905,skab_fold_aware_refined_search,55
0.5488621151271754,0.1853546910755149,0.20300751879699247,0.1937799043062201,original,SKAB,fold_3,42,3,4,probabilistic_suffix_tree,3,2,0.1,0.5,33,225,453,0.06101010101010101,skab_fold_aware_refined_search,55
0.5401606425702812,0.185589519650655,0.21303258145363407,0.1983663943990665,gaussian_noise,SKAB,fold_3,42,3,4,probabilistic_suffix_tree,3,2,0.1,0.5,33,225,453,0.06101010101010101,skab_fold_aware_refined_search,55
0.0,0.0,0.0,0.0,unseen_data,SKAB,fold_3,42,3,4,probabilistic_suffix_tree,3,2,0.1,0.5,33,225,453,0.06101010101010101,skab_fold_aware_refined_search,55
0.5651289009497965,0.07692307692307693,0.05513784461152882,0.06423357664233577,original,SKAB,fold_4,42,3,4,probabilistic_suffix_tree,3,2,0.1,0.5,33,236,480,0.061633281972265024,skab_fold_aware_refined_search,55
0.5698778833107191,0.08480565371024736,0.06015037593984962,0.07038123167155426,gaussian_noise,SKAB,fold_4,42,3,4,probabilistic_suffix_tree,3,2,0.1,0.5,33,236,480,0.061633281972265024,skab_fold_aware_refined_search,55
0.0,0.0,0.0,0.0,unseen_data,SKAB,fold_4,42,3,4,probabilistic_suffix_tree,3,2,0.1,0.5,33,236,480,0.061633281972265024,skab_fold_aware_refined_search,55
0.5823957643944407,0.3258258258258258,0.543859649122807,0.40751173708920185,original,SKAB,fold_5,42,3,4,probabilistic_suffix_tree,3,2,0.1,0.5,32,230,466,0.06331521739130434,skab_fold_aware_refined_search,55
0.5651886168100596,0.3157142857142857,0.5538847117794486,0.4021838034576888,gaussian_noise,SKAB,fold_5,42,3,4,probabilistic_suffix_tree,3,2,0.1,0.5,32,230,466,0.06331521739130434,skab_fold_aware_refined_search,55
0.47619047619047616,0.45,1.0,0.6206896551724138,unseen_data,SKAB,fold_5,42,3,4,probabilistic_suffix_tree,3,2,0.1,0.5,32,230,466,0.06331521739130434,skab_fold_aware_refined_search,55
0.7073333333333334,0.4577777777777778,0.513715710723192,0.48413631022326675,original,SKAB,fold_1,42,3,4,probabilistic_suffix_tree,3,2,0.1,0.7,35,246,501,0.05818815331010453,skab_fold_aware_refined_search,56
0.7073333333333334,0.45701357466063347,0.5037406483790524,0.4792408066429419,gaussian_noise,SKAB,fold_1,42,3,4,probabilistic_suffix_tree,3,2,0.1,0.7,35,246,501,0.05818815331010453,skab_fold_aware_refined_search,56
0.0,0.0,0.0,0.0,unseen_data,SKAB,fold_1,42,3,4,probabilistic_suffix_tree,3,2,0.1,0.7,35,246,501,0.05818815331010453,skab_fold_aware_refined_search,56
0.6010709504685409,0.31902985074626866,0.4253731343283582,0.3646055437100213,original,SKAB,fold_2,42,3,4,probabilistic_suffix_tree,3,2,0.1,0.7,29,213,445,0.07204144406669905,skab_fold_aware_refined_search,56
0.571619812583668,0.2851985559566787,0.39303482587064675,0.3305439330543933,gaussian_noise,SKAB,fold_2,42,3,4,probabilistic_suffix_tree,3,2,0.1,0.7,29,213,445,0.07204144406669905,skab_fold_aware_refined_search,56
0.0,0.0,0.0,0.0,unseen_data,SKAB,fold_2,42,3,4,probabilistic_suffix_tree,3,2,0.1,0.7,29,213,445,0.07204144406669905,skab_fold_aware_refined_search,56
0.4464524765729585,0.16139240506329114,0.2556390977443609,0.19786614936954414,original,SKAB,fold_3,42,3,4,probabilistic_suffix_tree,3,2,0.1,0.7,33,225,453,0.06101010101010101,skab_fold_aware_refined_search,56
0.4457831325301205,0.1694915254237288,0.2756892230576441,0.2099236641221374,gaussian_noise,SKAB,fold_3,42,3,4,probabilistic_suffix_tree,3,2,0.1,0.7,33,225,453,0.06101010101010101,skab_fold_aware_refined_search,56
0.0,0.0,0.0,0.0,unseen_data,SKAB,fold_3,42,3,4,probabilistic_suffix_tree,3,2,0.1,0.7,33,225,453,0.06101010101010101,skab_fold_aware_refined_search,56
0.45115332428765265,0.07291666666666667,0.08771929824561403,0.07963594994311718,original,SKAB,fold_4,42,3,4,probabilistic_suffix_tree,3,2,0.1,0.7,33,236,480,0.061633281972265024,skab_fold_aware_refined_search,56
0.46132971506105835,0.07526881720430108,0.08771929824561403,0.08101851851851852,gaussian_noise,SKAB,fold_4,42,3,4,probabilistic_suffix_tree,3,2,0.1,0.7,33,236,480,0.061633281972265024,skab_fold_aware_refined_search,56
0.0,0.0,0.0,0.0,unseen_data,SKAB,fold_4,42,3,4,probabilistic_suffix_tree,3,2,0.1,0.7,33,236,480,0.061633281972265024,skab_fold_aware_refined_search,56
0.5089344804765056,0.3088071348940914,0.6942355889724311,0.42746913580246915,original,SKAB,fold_5,42,3,4,probabilistic_suffix_tree,3,2,0.1,0.7,32,230,466,0.06331521739130434,skab_fold_aware_refined_search,56
0.4956982131039047,0.3071200850159405,0.7243107769423559,0.43134328358208956,gaussian_noise,SKAB,fold_5,42,3,4,probabilistic_suffix_tree,3,2,0.1,0.7,32,230,466,0.06331521739130434,skab_fold_aware_refined_search,56
0.42857142857142855,0.42857142857142855,1.0,0.6,unseen_data,SKAB,fold_5,42,3,4,probabilistic_suffix_tree,3,2,0.1,0.7,32,230,466,0.06331521739130434,skab_fold_aware_refined_search,56
0.6813333333333333,0.456,0.9950124688279302,0.6253918495297806,original,SKAB,fold_1,42,3,4,probabilistic_suffix_tree,3,2,0.1,0.9,35,246,501,0.05818815331010453,skab_fold_aware_refined_search,57
0.6806666666666666,0.4554794520547945,0.9950124688279302,0.624902114330462,gaussian_noise,SKAB,fold_1,42,3,4,probabilistic_suffix_tree,3,2,0.1,0.9,35,246,501,0.05818815331010453,skab_fold_aware_refined_search,57
0.0,0.0,0.0,0.0,unseen_data,SKAB,fold_1,42,3,4,probabilistic_suffix_tree,3,2,0.1,0.9,35,246,501,0.05818815331010453,skab_fold_aware_refined_search,57
0.5428380187416332,0.3607532210109019,0.9054726368159204,0.515946137491141,original,SKAB,fold_2,42,3,4,probabilistic_suffix_tree,3,2,0.1,0.9,29,213,445,0.07204144406669905,skab_fold_aware_refined_search,57
0.534805890227577,0.3559488692232055,0.900497512437811,0.5102184637068358,gaussian_noise,SKAB,fold_2,42,3,4,probabilistic_suffix_tree,3,2,0.1,0.9,29,213,445,0.07204144406669905,skab_fold_aware_refined_search,57
0.0,0.0,0.0,0.0,unseen_data,SKAB,fold_2,42,3,4,probabilistic_suffix_tree,3,2,0.1,0.9,29,213,445,0.07204144406669905,skab_fold_aware_refined_search,57
0.3969210174029451,0.24070247933884298,0.5839598997493735,0.3408924652523775,original,SKAB,fold_3,42,3,4,probabilistic_suffix_tree,3,2,0.1,0.9,33,225,453,0.06101010101010101,skab_fold_aware_refined_search,57
0.38353413654618473,0.2347560975609756,0.5789473684210527,0.33405639913232105,gaussian_noise,SKAB,fold_3,42,3,4,probabilistic_suffix_tree,3,2,0.1,0.9,33,225,453,0.06101010101010101,skab_fold_aware_refined_search,57
0.0,0.0,0.0,0.0,unseen_data,SKAB,fold_3,42,3,4,probabilistic_suffix_tree,3,2,0.1,0.9,33,225,453,0.06101010101010101,skab_fold_aware_refined_search,57
0.2544097693351425,0.10850111856823266,0.24310776942355888,0.1500386697602475,original,SKAB,fold_4,42,3,4,probabilistic_suffix_tree,3,2,0.1,0.9,33,236,480,0.061633281972265024,skab_fold_aware_refined_search,57
0.2564450474898236,0.10532276330690826,0.23308270676691728,0.14508580343213728,gaussian_noise,SKAB,fold_4,42,3,4,probabilistic_suffix_tree,3,2,0.1,0.9,33,236,480,0.061633281972265024,skab_fold_aware_refined_search,57
0.0,0.0,0.0,0.0,unseen_data,SKAB,fold_4,42,3,4,probabilistic_suffix_tree,3,2,0.1,0.9,33,236,480,0.061633281972265024,skab_fold_aware_refined_search,57
0.42223692918596956,0.29915254237288136,0.8847117794486216,0.44711842938568713,original,SKAB,fold_5,42,3,4,probabilistic_suffix_tree,3,2,0.1,0.9,32,230,466,0.06331521739130434,skab_fold_aware_refined_search,57
0.4202514890800794,0.300418410041841,0.899749373433584,0.4504391468005019,gaussian_noise,SKAB,fold_5,42,3,4,probabilistic_suffix_tree,3,2,0.1,0.9,32,230,466,0.06331521739130434,skab_fold_aware_refined_search,57
0.42857142857142855,0.42857142857142855,1.0,0.6,unseen_data,SKAB,fold_5,42,3,4,probabilistic_suffix_tree,3,2,0.1,0.9,32,230,466,0.06331521739130434,skab_fold_aware_refined_search,57
0.6973333333333334,0.43424317617866004,0.43640897755610975,0.43532338308457713,original,SKAB,fold_1,42,3,4,probabilistic_suffix_tree,3,2,0.5,0.5,35,246,501,0.05818815331010453,skab_fold_aware_refined_search,58
0.6926666666666667,0.42462311557788945,0.42144638403990026,0.4230287859824781,gaussian_noise,SKAB,fold_1,42,3,4,probabilistic_suffix_tree,3,2,0.5,0.5,35,246,501,0.05818815331010453,skab_fold_aware_refined_search,58
0.0,0.0,0.0,0.0,unseen_data,SKAB,fold_1,42,3,4,probabilistic_suffix_tree,3,2,0.5,0.5,35,246,501,0.05818815331010453,skab_fold_aware_refined_search,58
0.6151271753681392,0.29930394431554525,0.3208955223880597,0.3097238895558223,original,SKAB,fold_2,42,3,4,probabilistic_suffix_tree,3,2,0.5,0.5,29,213,445,0.07204144406669905,skab_fold_aware_refined_search,58
0.5850066934404283,0.26304347826086955,0.3009950248756219,0.28074245939675174,gaussian_noise,SKAB,fold_2,42,3,4,probabilistic_suffix_tree,3,2,0.5,0.5,29,213,445,0.07204144406669905,skab_fold_aware_refined_search,58
0.0,0.0,0.0,0.0,unseen_data,SKAB,fold_2,42,3,4,probabilistic_suffix_tree,3,2,0.5,0.5,29,213,445,0.07204144406669905,skab_fold_aware_refined_search,58
0.4705488621151272,0.17003367003367004,0.2531328320802005,0.20342396777442096,original,SKAB,fold_3,42,3,4,probabilistic_suffix_tree,3,2,0.5,0.5,33,225,453,0.06101010101010101,skab_fold_aware_refined_search,58
0.47121820615796517,0.1768595041322314,0.2681704260651629,0.21314741035856574,gaussian_noise,SKAB,fold_3,42,3,4,probabilistic_suffix_tree,3,2,0.5,0.5,33,225,453,0.06101010101010101,skab_fold_aware_refined_search,58
0.0,0.0,0.0,0.0,unseen_data,SKAB,fold_3,42,3,4,probabilistic_suffix_tree,3,2,0.5,0.5,33,225,453,0.06101010101010101,skab_fold_aware_refined_search,58
0.48846675712347354,0.07434052757793765,0.07769423558897243,0.07598039215686274,original,SKAB,fold_4,42,3,4,probabilistic_suffix_tree,3,2,0.5,0.5,33,236,480,0.061633281972265024,skab_fold_aware_refined_search,58
0.4966078697421981,0.07654320987654321,0.07769423558897243,0.07711442786069651,gaussian_noise,SKAB,fold_4,42,3,4,probabilistic_suffix_tree,3,2,0.5,0.5,33,236,480,0.061633281972265024,skab_fold_aware_refined_search,58
0.0,0.0,0.0,0.0,unseen_data,SKAB,fold_4,42,3,4,probabilistic_suffix_tree,3,2,0.5,0.5,33,236,480,0.061633281972265024,skab_fold_aware_refined_search,58
0.5115817339510258,0.3122923588039867,0.706766917293233,0.43317972350230416,original,SKAB,fold_5,42,3,4,probabilistic_suffix_tree,3,2,0.5,0.5,32,230,466,0.06331521739130434,skab_fold_aware_refined_search,58
0.5056254136333554,0.3148936170212766,0.7418546365914787,0.4421209858103062,gaussian_noise,SKAB,fold_5,42,3,4,probabilistic_suffix_tree,3,2,0.5,0.5,32,230,466,0.06331521739130434,skab_fold_aware_refined_search,58
0.42857142857142855,0.42857142857142855,1.0,0.6,unseen_data,SKAB,fold_5,42,3,4,probabilistic_suffix_tree,3,2,0.5,0.5,32,230,466,0.06331521739130434,skab_fold_aware_refined_search,58
0.6686666666666666,0.4160839160839161,0.5935162094763092,0.4892086330935252,original,SKAB,fold_1,42,3,4,probabilistic_suffix_tree,3,2,0.5,0.7,35,246,501,0.05818815331010453,skab_fold_aware_refined_search,59
0.6726666666666666,0.41935483870967744,0.5835411471321695,0.4880083420229406,gaussian_noise,SKAB,fold_1,42,3,4,probabilistic_suffix_tree,3,2,0.5,0.7,35,246,501,0.05818815331010453,skab_fold_aware_refined_search,59
0.0,0.0,0.0,0.0,unseen_data,SKAB,fold_1,42,3,4,probabilistic_suffix_tree,3,2,0.5,0.7,35,246,501,0.05818815331010453,skab_fold_aware_refined_search,59
0.5689424364123159,0.3177710843373494,0.5248756218905473,0.39587242026266417,original,SKAB,fold_2,42,3,4,probabilistic_suffix_tree,3,2,0.5,0.7,29,213,445,0.07204144406669905,skab_fold_aware_refined_search,59
0.5481927710843374,0.2983751846381093,0.5024875621890548,0.3744207599629286,gaussian_noise,SKAB,fold_2,42,3,4,probabilistic_suffix_tree,3,2,0.5,0.7,29,213,445,0.07204144406669905,skab_fold_aware_refined_search,59
0.0,0.0,0.0,0.0,unseen_data,SKAB,fold_2,42,3,4,probabilistic_suffix_tree,3,2,0.5,0.7,29,213,445,0.07204144406669905,skab_fold_aware_refined_search,59
0.39959839357429716,0.1848101265822785,0.3659147869674185,0.24558452481076534,original,SKAB,fold_3,42,3,4,probabilistic_suffix_tree,3,2,0.5,0.7,33,225,453,0.06101010101010101,skab_fold_aware_refined_search,59
0.392904953145917,0.184863523573201,0.37343358395989973,0.24730290456431536,gaussian_noise,SKAB,fold_3,42,3,4,probabilistic_suffix_tree,3,2,0.5,0.7,33,225,453,0.06101010101010101,skab_fold_aware_refined_search,59
0.0,0.0,0.0,0.0,unseen_data,SKAB,fold_3,42,3,4,probabilistic_suffix_tree,3,2,0.5,0.7,33,225,453,0.06101010101010101,skab_fold_aware_refined_search,59
0.39552238805970147,0.07142857142857142,0.10275689223057644,0.0842754367934224,original,SKAB,fold_4,42,3,4,probabilistic_suffix_tree,3,2,0.5,0.7,33,236,480,0.061633281972265024,skab_fold_aware_refined_search,59
0.40366350067842605,0.07446808510638298,0.10526315789473684,0.08722741433021806,gaussian_noise,SKAB,fold_4,42,3,4,probabilistic_suffix_tree,3,2,0.5,0.7,33,236,480,0.061633281972265024,skab_fold_aware_refined_search,59
0.0,0.0,0.0,0.0,unseen_data,SKAB,fold_4,42,3,4,probabilistic_suffix_tree,3,2,0.5,0.7,33,236,480,0.061633281972265024,skab_fold_aware_refined_search,59
0.45797485109199204,0.3051948051948052,0.8245614035087719,0.44549763033175355,original,SKAB,fold_5,42,3,4,probabilistic_suffix_tree,3,2,0.5,0.7,32,230,466,0.06331521739130434,skab_fold_aware_refined_search,59
0.4559894109861019,0.3082502266545784,0.8521303258145363,0.45272969374167776,gaussian_noise,SKAB,fold_5,42,3,4,probabilistic_suffix_tree,3,2,0.5,0.7,32,230,466,0.06331521739130434,skab_fold_aware_refined_search,59
0.42857142857142855,0.42857142857142855,1.0,0.6,unseen_data,SKAB,fold_5,42,3,4,probabilistic_suffix_tree,3,2,0.5,0.7,32,230,466,0.06331521739130434,skab_fold_aware_refined_search,59
0.6813333333333333,0.456,0.9950124688279302,0.6253918495297806,original,SKAB,fold_1,42,3,4,probabilistic_suffix_tree,3,2,0.5,0.9,35,246,501,0.05818815331010453,skab_fold_aware_refined_search,60
0.6806666666666666,0.4554794520547945,0.9950124688279302,0.624902114330462,gaussian_noise,SKAB,fold_1,42,3,4,probabilistic_suffix_tree,3,2,0.5,0.9,35,246,501,0.05818815331010453,skab_fold_aware_refined_search,60
0.0,0.0,0.0,0.0,unseen_data,SKAB,fold_1,42,3,4,probabilistic_suffix_tree,3,2,0.5,0.9,35,246,501,0.05818815331010453,skab_fold_aware_refined_search,60
0.5428380187416332,0.3607532210109019,0.9054726368159204,0.515946137491141,original,SKAB,fold_2,42,3,4,probabilistic_suffix_tree,3,2,0.5,0.9,29,213,445,0.07204144406669905,skab_fold_aware_refined_search,60
0.534805890227577,0.3559488692232055,0.900497512437811,0.5102184637068358,gaussian_noise,SKAB,fold_2,42,3,4,probabilistic_suffix_tree,3,2,0.5,0.9,29,213,445,0.07204144406669905,skab_fold_aware_refined_search,60
0.0,0.0,0.0,0.0,unseen_data,SKAB,fold_2,42,3,4,probabilistic_suffix_tree,3,2,0.5,0.9,29,213,445,0.07204144406669905,skab_fold_aware_refined_search,60
0.392235609103079,0.23897435897435898,0.5839598997493735,0.33915574963609896,original,SKAB,fold_3,42,3,4,probabilistic_suffix_tree,3,2,0.5,0.9,33,225,453,0.06101010101010101,skab_fold_aware_refined_search,60
0.38353413654618473,0.23582995951417005,0.5839598997493735,0.33597692862292716,gaussian_noise,SKAB,fold_3,42,3,4,probabilistic_suffix_tree,3,2,0.5,0.9,33,225,453,0.06101010101010101,skab_fold_aware_refined_search,60
0.0,0.0,0.0,0.0,unseen_data,SKAB,fold_3,42,3,4,probabilistic_suffix_tree,3,2,0.5,0.9,33,225,453,0.06101010101010101,skab_fold_aware_refined_search,60
0.2544097693351425,0.10850111856823266,0.24310776942355888,0.1500386697602475,original,SKAB,fold_4,42,3,4,probabilistic_suffix_tree,3,2,0.5,0.9,33,236,480,0.061633281972265024,skab_fold_aware_refined_search,60
0.2564450474898236,0.10532276330690826,0.23308270676691728,0.14508580343213728,gaussian_noise,SKAB,fold_4,42,3,4,probabilistic_suffix_tree,3,2,0.5,0.9,33,236,480,0.061633281972265024,skab_fold_aware_refined_search,60
0.0,0.0,0.0,0.0,unseen_data,SKAB,fold_4,42,3,4,probabilistic_suffix_tree,3,2,0.5,0.9,33,236,480,0.061633281972265024,skab_fold_aware_refined_search,60
0.42223692918596956,0.29915254237288136,0.8847117794486216,0.44711842938568713,original,SKAB,fold_5,42,3,4,probabilistic_suffix_tree,3,2,0.5,0.9,32,230,466,0.06331521739130434,skab_fold_aware_refined_search,60
0.4202514890800794,0.300418410041841,0.899749373433584,0.4504391468005019,gaussian_noise,SKAB,fold_5,42,3,4,probabilistic_suffix_tree,3,2,0.5,0.9,32,230,466,0.06331521739130434,skab_fold_aware_refined_search,60
0.42857142857142855,0.42857142857142855,1.0,0.6,unseen_data,SKAB,fold_5,42,3,4,probabilistic_suffix_tree,3,2,0.5,0.9,32,230,466,0.06331521739130434,skab_fold_aware_refined_search,60
0.708,0.4377104377104377,0.32418952618453867,0.37249283667621774,original,SKAB,fold_1,42,3,4,probabilistic_suffix_tree,4,1,0.1,0.5,35,502,946,0.05384177575412635,skab_fold_aware_refined_search,61
0.7133333333333334,0.451505016722408,0.33665835411471323,0.38571428571428573,gaussian_noise,SKAB,fold_1,42,3,4,probabilistic_suffix_tree,4,1,0.1,0.5,35,502,946,0.05384177575412635,skab_fold_aware_refined_search,61
0.0,0.0,0.0,0.0,unseen_data,SKAB,fold_1,42,3,4,probabilistic_suffix_tree,4,1,0.1,0.5,35,502,946,0.05384177575412635,skab_fold_aware_refined_search,61
0.6378848728246319,0.3031161473087819,0.26616915422885573,0.28344370860927154,original,SKAB,fold_2,42,3,4,probabilistic_suffix_tree,4,1,0.1,0.5,29,446,854,0.06602752435441472,skab_fold_aware_refined_search,61
0.6164658634538153,0.2707774798927614,0.2512437810945274,0.26064516129032256,gaussian_noise,SKAB,fold_2,42,3,4,probabilistic_suffix_tree,4,1,0.1,0.5,29,446,854,0.06602752435441472,skab_fold_aware_refined_search,61
0.0,0.0,0.0,0.0,unseen_data,SKAB,fold_2,42,3,4,probabilistic_suffix_tree,4,1,0.1,0.5,29,446,854,0.06602752435441472,skab_fold_aware_refined_search,61
0.5240963855421686,0.17901234567901234,0.21804511278195488,0.19661016949152543,original,SKAB,fold_3,42,3,4,probabilistic_suffix_tree,4,1,0.1,0.5,33,454,847,0.0565345080763583,skab_fold_aware_refined_search,61
0.5174029451137885,0.18055555555555555,0.22807017543859648,0.20155038759689922,gaussian_noise,SKAB,fold_3,42,3,4,probabilistic_suffix_tree,4,1,0.1,0.5,33,454,847,0.0565345080763583,skab_fold_aware_refined_search,61
0.0,0.0,0.0,0.0,unseen_data,SKAB,fold_3,42,3,4,probabilistic_suffix_tree,4,1,0.1,0.5,33,454,847,0.0565345080763583,skab_fold_aware_refined_search,61
0.5366350067842606,0.08959537572254335,0.07769423558897243,0.08322147651006712,original,SKAB,fold_4,42,3,4,probabilistic_suffix_tree,4,1,0.1,0.5,33,481,904,0.056952056952056955,skab_fold_aware_refined_search,61
0.5427408412483039,0.08708708708708708,0.07268170426065163,0.07923497267759563,gaussian_noise,SKAB,fold_4,42,3,4,probabilistic_suffix_tree,4,1,0.1,0.5,33,481,904,0.056952056952056955,skab_fold_aware_refined_search,61
0.0,0.0,0.0,0.0,unseen_data,SKAB,fold_4,42,3,4,probabilistic_suffix_tree,4,1,0.1,0.5,33,481,904,0.056952056952056955,skab_fold_aware_refined_search,61
0.5956320317670417,0.3472622478386167,0.6040100250626567,0.4409881061299177,original,SKAB,fold_5,42,3,4,probabilistic_suffix_tree,4,1,0.1,0.5,32,467,876,0.05861884368308351,skab_fold_aware_refined_search,61
0.5684976836532097,0.32647462277091904,0.5964912280701754,0.4219858156028369,gaussian_noise,SKAB,fold_5,42,3,4,probabilistic_suffix_tree,4,1,0.1,0.5,32,467,876,0.05861884368308351,skab_fold_aware_refined_search,61
0.47619047619047616,0.45,1.0,0.6206896551724138,unseen_data,SKAB,fold_5,42,3,4,probabilistic_suffix_tree,4,1,0.1,0.5,32,467,876,0.05861884368308351,skab_fold_aware_refined_search,61
0.6953333333333334,0.4442231075697211,0.5561097256857855,0.4939091915836102,original,SKAB,fold_1,42,3,4,probabilistic_suffix_tree,4,1,0.1,0.7,35,502,946,0.05384177575412635,skab_fold_aware_refined_search,62
0.6986666666666667,0.4482758620689655,0.5511221945137157,0.49440715883668906,gaussian_noise,SKAB,fold_1,42,3,4,probabilistic_suffix_tree,4,1,0.1,0.7,35,502,946,0.05384177575412635,skab_fold_aware_refined_search,62
0.0,0.0,0.0,0.0,unseen_data,SKAB,fold_1,42,3,4,probabilistic_suffix_tree,4,1,0.1,0.7,35,502,946,0.05384177575412635,skab_fold_aware_refined_search,62
0.5930388219544847,0.30855018587360594,0.4129353233830846,0.35319148936170214,original,SKAB,fold_2,42,3,4,probabilistic_suffix_tree,4,1,0.1,0.7,29,446,854,0.06602752435441472,skab_fold_aware_refined_search,62
0.5615796519410977,0.2753108348134991,0.3855721393034826,0.32124352331606215,gaussian_noise,SKAB,fold_2,42,3,4,probabilistic_suffix_tree,4,1,0.1,0.7,29,446,854,0.06602752435441472,skab_fold_aware_refined_search,62
0.0,0.0,0.0,0.0,unseen_data,SKAB,fold_2,42,3,4,probabilistic_suffix_tree,4,1,0.1,0.7,29,446,854,0.06602752435441472,skab_fold_aware_refined_search,62
0.43708165997322623,0.18155619596541786,0.3157894736842105,0.23055809698078683,original,SKAB,fold_3,42,3,4,probabilistic_suffix_tree,4,1,0.1,0.7,33,454,847,0.0565345080763583,skab_fold_aware_refined_search,62
0.4344042838018742,0.1850282485875706,0.3283208020050125,0.23667570009033423,gaussian_noise,SKAB,fold_3,42,3,4,probabilistic_suffix_tree,4,1,0.1,0.7,33,454,847,0.0565345080763583,skab_fold_aware_refined_search,62
0.0,0.0,0.0,0.0,unseen_data,SKAB,fold_3,42,3,4,probabilistic_suffix_tree,4,1,0.1,0.7,33,454,847,0.0565345080763583,skab_fold_aware_refined_search,62
0.43012211668928085,0.07514450867052024,0.09774436090225563,0.08496732026143791,original,SKAB,fold_4,42,3,4,probabilistic_suffix_tree,4,1,0.1,0.7,33,481,904,0.056952056952056955,skab_fold_aware_refined_search,62
0.43826322930800543,0.07692307692307693,0.09774436090225563,0.08609271523178808,gaussian_noise,SKAB,fold_4,42,3,4,probabilistic_suffix_tree,4,1,0.1,0.7,33,481,904,0.056952056952056955,skab_fold_aware_refined_search,62
0.0,0.0,0.0,0.0,unseen_data,SKAB,fold_4,42,3,4,probabilistic_suffix_tree,4,1,0.1,0.7,33,481,904,0.056952056952056955,skab_fold_aware_refined_search,62
0.47054930509596293,0.3000997008973081,0.7543859649122807,0.42938659058487877,original,SKAB,fold_5,42,3,4,probabilistic_suffix_tree,4,1,0.1,0.7,32,467,876,0.05861884368308351,skab_fold_aware_refined_search,62
0.46591661151555264,0.3027079303675048,0.7844611528822055,0.4368457780879274,gaussian_noise,SKAB,fold_5,42,3,4,probabilistic_suffix_tree,4,1,0.1,0.7,32,467,876,0.05861884368308351,skab_fold_aware_refined_search,62
0.42857142857142855,0.42857142857142855,1.0,0.6,unseen_data,SKAB,fold_5,42,3,4,probabilistic_suffix_tree,4,1,0.1,0.7,32,467,876,0.05861884368308351,skab_fold_aware_refined_search,62
0.6713333333333333,0.44854586129753915,1.0,0.6193050193050194,original,SKAB,fold_1,42,3,4,probabilistic_suffix_tree,4,1,0.1,0.9,35,502,946,0.05384177575412635,skab_fold_aware_refined_search,63
0.6693333333333333,0.44704570791527315,1.0,0.6178736517719569,gaussian_noise,SKAB,fold_1,42,3,4,probabilistic_suffix_tree,4,1,0.1,0.9,35,502,946,0.05384177575412635,skab_fold_aware_refined_search,63
0.0,0.0,0.0,0.0,unseen_data,SKAB,fold_1,42,3,4,probabilistic_suffix_tree,4,1,0.1,0.9,35,502,946,0.05384177575412635,skab_fold_aware_refined_search,63
0.5388219544846051,0.36,0.917910447761194,0.5171688857743518,original,SKAB,fold_2,42,3,4,probabilistic_suffix_tree,4,1,0.1,0.9,29,446,854,0.06602752435441472,skab_fold_aware_refined_search,63
0.5301204819277109,0.3546511627906977,0.9104477611940298,0.5104602510460251,gaussian_noise,SKAB,fold_2,42,3,4,probabilistic_suffix_tree,4,1,0.1,0.9,29,446,854,0.06602752435441472,skab_fold_aware_refined_search,63
0.0,0.0,0.0,0.0,unseen_data,SKAB,fold_2,42,3,4,probabilistic_suffix_tree,4,1,0.1,0.9,29,446,854,0.06602752435441472,skab_fold_aware_refined_search,63
0.3862115127175368,0.23678861788617886,0.5839598997493735,0.33694866232827186,original,SKAB,fold_3,42,3,4,probabilistic_suffix_tree,4,1,0.1,0.9,33,454,847,0.0565345080763583,skab_fold_aware_refined_search,63
0.3755020080321285,0.23246492985971945,0.581453634085213,0.33214030064423766,gaussian_noise,SKAB,fold_3,42,3,4,probabilistic_suffix_tree,4,1,0.1,0.9,33,454,847,0.0565345080763583,skab_fold_aware_refined_search,63
0.0,0.0,0.0,0.0,unseen_data,SKAB,fold_3,42,3,4,probabilistic_suffix_tree,4,1,0.1,0.9,33,454,847,0.0565345080763583,skab_fold_aware_refined_search,63
0.2591587516960651,0.11284916201117319,0.2531328320802005,0.1561051004636785,original,SKAB,fold_4,42,3,4,probabilistic_suffix_tree,4,1,0.1,0.9,33,481,904,0.056952056952056955,skab_fold_aware_refined_search,63
0.2639077340569878,0.11022727272727273,0.24310776942355888,0.15168100078186084,gaussian_noise,SKAB,fold_4,42,3,4,probabilistic_suffix_tree,4,1,0.1,0.9,33,481,904,0.056952056952056955,skab_fold_aware_refined_search,63
0.0,0.0,0.0,0.0,unseen_data,SKAB,fold_4,42,3,4,probabilistic_suffix_tree,4,1,0.1,0.9,33,481,904,0.056952056952056955,skab_fold_aware_refined_search,63
0.4202514890800794,0.3027295285359802,0.9172932330827067,0.4552238805970149,original,SKAB,fold_5,42,3,4,probabilistic_suffix_tree,4,1,0.1,0.9,32,467,876,0.05861884368308351,skab_fold_aware_refined_search,63
0.41495698213103904,0.3013923013923014,0.9223057644110275,0.454320987654321,gaussian_noise,SKAB,fold_5,42,3,4,probabilistic_suffix_tree,4,1,0.1,0.9,32,467,876,0.05861884368308351,skab_fold_aware_refined_search,63
0.42857142857142855,0.42857142857142855,1.0,0.6,unseen_data,SKAB,fold_5,42,3,4,probabilistic_suffix_tree,4,1,0.1,0.9,32,467,876,0.05861884368308351,skab_fold_aware_refined_search,63
0.6853333333333333,0.42332613390928725,0.48877805486284287,0.4537037037037037,original,SKAB,fold_1,42,3,4,probabilistic_suffix_tree,4,1,0.5,0.5,35,502,946,0.05384177575412635,skab_fold_aware_refined_search,64
0.682,0.41629955947136565,0.4713216957605985,0.4421052631578947,gaussian_noise,SKAB,fold_1,42,3,4,probabilistic_suffix_tree,4,1,0.5,0.5,35,502,946,0.05384177575412635,skab_fold_aware_refined_search,64
0.0,0.0,0.0,0.0,unseen_data,SKAB,fold_1,42,3,4,probabilistic_suffix_tree,4,1,0.5,0.5,35,502,946,0.05384177575412635,skab_fold_aware_refined_search,64
0.5983935742971888,0.3058823529411765,0.3880597014925373,0.34210526315789475,original,SKAB,fold_2,42,3,4,probabilistic_suffix_tree,4,1,0.5,0.5,29,446,854,0.06602752435441472,skab_fold_aware_refined_search,64
0.5649263721552878,0.27205882352941174,0.3681592039800995,0.3128964059196617,gaussian_noise,SKAB,fold_2,42,3,4,probabilistic_suffix_tree,4,1,0.5,0.5,29,446,854,0.06602752435441472,skab_fold_aware_refined_search,64
0.0,0.0,0.0,0.0,unseen_data,SKAB,fold_2,42,3,4,probabilistic_suffix_tree,4,1,0.5,0.5,29,446,854,0.06602752435441472,skab_fold_aware_refined_search,64
0.4464524765729585,0.17177914110429449,0.2807017543859649,0.2131303520456708,original,SKAB,fold_3,42,3,4,probabilistic_suffix_tree,4,1,0.5,0.5,33,454,847,0.0565345080763583,skab_fold_aware_refined_search,64
0.44779116465863456,0.18018018018018017,0.3007518796992481,0.22535211267605634,gaussian_noise,SKAB,fold_3,42,3,4,probabilistic_suffix_tree,4,1,0.5,0.5,33,454,847,0.0565345080763583,skab_fold_aware_refined_search,64
0.0,0.0,0.0,0.0,unseen_data,SKAB,fold_3,42,3,4,probabilistic_suffix_tree,4,1,0.5,0.5,33,454,847,0.0565345080763583,skab_fold_aware_refined_search,64
0.4416553595658073,0.076,0.09523809523809523,0.08453837597330367,original,SKAB,fold_4,42,3,4,probabilistic_suffix_tree,4,1,0.5,0.5,33,481,904,0.056952056952056955,skab_fold_aware_refined_search,64
0.451831750339213,0.07660455486542443,0.09273182957393483,0.08390022675736962,gaussian_noise,SKAB,fold_4,42,3,4,probabilistic_suffix_tree,4,1,0.5,0.5,33,481,904,0.056952056952056955,skab_fold_aware_refined_search,64
0.0,0.0,0.0,0.0,unseen_data,SKAB,fold_4,42,3,4,probabilistic_suffix_tree,4,1,0.5,0.5,33,481,904,0.056952056952056955,skab_fold_aware_refined_search,64
0.4923891462607545,0.3181818181818182,0.8070175438596491,0.45641389085754785,original,SKAB,fold_5,42,3,4,probabilistic_suffix_tree,4,1,0.5,0.5,32,467,876,0.05861884368308351,skab_fold_aware_refined_search,64
0.48378557246856385,0.31665062560153995,0.8245614035087719,0.4575799721835883,gaussian_noise,SKAB,fold_5,42,3,4,probabilistic_suffix_tree,4,1,0.5,0.5,32,467,876,0.05861884368308351,skab_fold_aware_refined_search,64
0.42857142857142855,0.42857142857142855,1.0,0.6,unseen_data,SKAB,fold_5,42,3,4,probabilistic_suffix_tree,4,1,0.5,0.5,32,467,876,0.05861884368308351,skab_fold_aware_refined_search,64
0.672,0.42967542503863987,0.6932668329177057,0.5305343511450382,original,SKAB,fold_1,42,3,4,probabilistic_suffix_tree,4,1,0.5,0.7,35,502,946,0.05384177575412635,skab_fold_aware_refined_search,65
0.6733333333333333,0.4292527821939587,0.6733167082294265,0.5242718446601942,gaussian_noise,SKAB,fold_1,42,3,4,probabilistic_suffix_tree,4,1,0.5,0.7,35,502,946,0.05384177575412635,skab_fold_aware_refined_search,65
0.0,0.0,0.0,0.0,unseen_data,SKAB,fold_1,42,3,4,probabilistic_suffix_tree,4,1,0.5,0.7,35,502,946,0.05384177575412635,skab_fold_aware_refined_search,65
0.5575635876840697,0.3223593964334705,0.5845771144278606,0.4155614500442087,original,SKAB,fold_2,42,3,4,probabilistic_suffix_tree,4,1,0.5,0.7,29,446,854,0.06602752435441472,skab_fold_aware_refined_search,65
0.5394912985274432,0.30675675675675673,0.5646766169154229,0.3975481611208406,gaussian_noise,SKAB,fold_2,42,3,4,probabilistic_suffix_tree,4,1,0.5,0.7,29,446,854,0.06602752435441472,skab_fold_aware_refined_search,65
0.0,0.0,0.0,0.0,unseen_data,SKAB,fold_2,42,3,4,probabilistic_suffix_tree,4,1,0.5,0.7,29,446,854,0.06602752435441472,skab_fold_aware_refined_search,65
0.3821954484605087,0.19885057471264367,0.43358395989974935,0.272655634357762,original,SKAB,fold_3,42,3,4,probabilistic_suffix_tree,4,1,0.5,0.7,33,454,847,0.0565345080763583,skab_fold_aware_refined_search,65
0.3795180722891566,0.20068027210884354,0.44360902255639095,0.27634660421545665,gaussian_noise,SKAB,fold_3,42,3,4,probabilistic_suffix_tree,4,1,0.5,0.7,33,454,847,0.0565345080763583,skab_fold_aware_refined_search,65
0.0,0.0,0.0,0.0,unseen_data,SKAB,fold_3,42,3,4,probabilistic_suffix_tree,4,1,0.5,0.7,33,454,847,0.0565345080763583,skab_fold_aware_refined_search,65
0.35006784260515605,0.07715582450832073,0.12781954887218044,0.09622641509433963,original,SKAB,fold_4,42,3,4,probabilistic_suffix_tree,4,1,0.5,0.7,33,481,904,0.056952056952056955,skab_fold_aware_refined_search,65
0.35956580732700133,0.08269525267993874,0.13533834586466165,0.10266159695817491,gaussian_noise,SKAB,fold_4,42,3,4,probabilistic_suffix_tree,4,1,0.5,0.7,33,481,904,0.056952056952056955,skab_fold_aware_refined_search,65
0.0,0.0,0.0,0.0,unseen_data,SKAB,fold_4,42,3,4,probabilistic_suffix_tree,4,1,0.5,0.7,33,481,904,0.056952056952056955,skab_fold_aware_refined_search,65
0.4381204500330907,0.304006968641115,0.87468671679198,0.45119586296056885,original,SKAB,fold_5,42,3,4,probabilistic_suffix_tree,4,1,0.5,0.7,32,467,876,0.05861884368308351,skab_fold_aware_refined_search,65
0.43481138318994045,0.30472103004291845,0.8897243107769424,0.4539641943734015,gaussian_noise,SKAB,fold_5,42,3,4,probabilistic_suffix_tree,4,1,0.5,0.7,32,467,876,0.05861884368308351,skab_fold_aware_refined_search,65
0.42857142857142855,0.42857142857142855,1.0,0.6,unseen_data,SKAB,fold_5,42,3,4,probabilistic_suffix_tree,4,1,0.5,0.7,32,467,876,0.05861884368308351,skab_fold_aware_refined_search,65
0.6713333333333333,0.44854586129753915,1.0,0.6193050193050194,original,SKAB,fold_1,42,3,4,probabilistic_suffix_tree,4,1,0.5,0.9,35,502,946,0.05384177575412635,skab_fold_aware_refined_search,66
0.6693333333333333,0.44704570791527315,1.0,0.6178736517719569,gaussian_noise,SKAB,fold_1,42,3,4,probabilistic_suffix_tree,4,1,0.5,0.9,35,502,946,0.05384177575412635,skab_fold_aware_refined_search,66
0.0,0.0,0.0,0.0,unseen_data,SKAB,fold_1,42,3,4,probabilistic_suffix_tree,4,1,0.5,0.9,35,502,946,0.05384177575412635,skab_fold_aware_refined_search,66
0.5388219544846051,0.36,0.917910447761194,0.5171688857743518,original,SKAB,fold_2,42,3,4,probabilistic_suffix_tree,4,1,0.5,0.9,29,446,854,0.06602752435441472,skab_fold_aware_refined_search,66
0.5301204819277109,0.3546511627906977,0.9104477611940298,0.5104602510460251,gaussian_noise,SKAB,fold_2,42,3,4,probabilistic_suffix_tree,4,1,0.5,0.9,29,446,854,0.06602752435441472,skab_fold_aware_refined_search,66
0.0,0.0,0.0,0.0,unseen_data,SKAB,fold_2,42,3,4,probabilistic_suffix_tree,4,1,0.5,0.9,29,446,854,0.06602752435441472,skab_fold_aware_refined_search,66
0.38353413654618473,0.23582995951417005,0.5839598997493735,0.33597692862292716,original,SKAB,fold_3,42,3,4,probabilistic_suffix_tree,4,1,0.5,0.9,33,454,847,0.0565345080763583,skab_fold_aware_refined_search,66
0.3755020080321285,0.233,0.5839598997493735,0.3330950679056469,gaussian_noise,SKAB,fold_3,42,3,4,probabilistic_suffix_tree,4,1,0.5,0.9,33,454,847,0.0565345080763583,skab_fold_aware_refined_search,66
0.0,0.0,0.0,0.0,unseen_data,SKAB,fold_3,42,3,4,probabilistic_suffix_tree,4,1,0.5,0.9,33,454,847,0.0565345080763583,skab_fold_aware_refined_search,66
0.25169606512890097,0.11147902869757174,0.2531328320802005,0.15478927203065135,original,SKAB,fold_4,42,3,4,probabilistic_suffix_tree,4,1,0.5,0.9,33,481,904,0.056952056952056955,skab_fold_aware_refined_search,66
0.2537313432835821,0.10837988826815642,0.24310776942355888,0.14992272024729522,gaussian_noise,SKAB,fold_4,42,3,4,probabilistic_suffix_tree,4,1,0.5,0.9,33,481,904,0.056952056952056955,skab_fold_aware_refined_search,66
0.0,0.0,0.0,0.0,unseen_data,SKAB,fold_4,42,3,4,probabilistic_suffix_tree,4,1,0.5,0.9,33,481,904,0.056952056952056955,skab_fold_aware_refined_search,66
0.4202514890800794,0.3027295285359802,0.9172932330827067,0.4552238805970149,original,SKAB,fold_5,42,3,4,probabilistic_suffix_tree,4,1,0.5,0.9,32,467,876,0.05861884368308351,skab_fold_aware_refined_search,66
0.41495698213103904,0.3013923013923014,0.9223057644110275,0.454320987654321,gaussian_noise,SKAB,fold_5,42,3,4,probabilistic_suffix_tree,4,1,0.5,0.9,32,467,876,0.05861884368308351,skab_fold_aware_refined_search,66
0.42857142857142855,0.42857142857142855,1.0,0.6,unseen_data,SKAB,fold_5,42,3,4,probabilistic_suffix_tree,4,1,0.5,0.9,32,467,876,0.05861884368308351,skab_fold_aware_refined_search,66
0.708,0.4377104377104377,0.32418952618453867,0.37249283667621774,original,SKAB,fold_1,42,3,4,probabilistic_suffix_tree,4,2,0.1,0.5,35,502,946,0.05384177575412635,skab_fold_aware_refined_search,67
0.7133333333333334,0.451505016722408,0.33665835411471323,0.38571428571428573,gaussian_noise,SKAB,fold_1,42,3,4,probabilistic_suffix_tree,4,2,0.1,0.5,35,502,946,0.05384177575412635,skab_fold_aware_refined_search,67
0.0,0.0,0.0,0.0,unseen_data,SKAB,fold_1,42,3,4,probabilistic_suffix_tree,4,2,0.1,0.5,35,502,946,0.05384177575412635,skab_fold_aware_refined_search,67
0.6378848728246319,0.3031161473087819,0.26616915422885573,0.28344370860927154,original,SKAB,fold_2,42,3,4,probabilistic_suffix_tree,4,2,0.1,0.5,29,446,854,0.06602752435441472,skab_fold_aware_refined_search,67
0.6164658634538153,0.2707774798927614,0.2512437810945274,0.26064516129032256,gaussian_noise,SKAB,fold_2,42,3,4,probabilistic_suffix_tree,4,2,0.1,0.5,29,446,854,0.06602752435441472,skab_fold_aware_refined_search,67
0.0,0.0,0.0,0.0,unseen_data,SKAB,fold_2,42,3,4,probabilistic_suffix_tree,4,2,0.1,0.5,29,446,854,0.06602752435441472,skab_fold_aware_refined_search,67
0.5287817938420348,0.17894736842105263,0.21303258145363407,0.1945080091533181,original,SKAB,fold_3,42,3,4,probabilistic_suffix_tree,4,2,0.1,0.5,33,454,847,0.0565345080763583,skab_fold_aware_refined_search,67
0.5240963855421686,0.1816326530612245,0.22305764411027568,0.20022497187851518,gaussian_noise,SKAB,fold_3,42,3,4,probabilistic_suffix_tree,4,2,0.1,0.5,33,454,847,0.0565345080763583,skab_fold_aware_refined_search,67
0.0,0.0,0.0,0.0,unseen_data,SKAB,fold_3,42,3,4,probabilistic_suffix_tree,4,2,0.1,0.5,33,454,847,0.0565345080763583,skab_fold_aware_refined_search,67
0.5379918588873813,0.08284023668639054,0.07017543859649122,0.07598371777476255,original,SKAB,fold_4,42,3,4,probabilistic_suffix_tree,4,2,0.1,0.5,33,481,904,0.056952056952056955,skab_fold_aware_refined_search,67
0.5434192672998643,0.07975460122699386,0.06516290726817042,0.07172413793103448,gaussian_noise,SKAB,fold_4,42,3,4,probabilistic_suffix_tree,4,2,0.1,0.5,33,481,904,0.056952056952056955,skab_fold_aware_refined_search,67
0.0,0.0,0.0,0.0,unseen_data,SKAB,fold_4,42,3,4,probabilistic_suffix_tree,4,2,0.1,0.5,33,481,904,0.056952056952056955,skab_fold_aware_refined_search,67
0.5976174718729318,0.345642540620384,0.5864661654135338,0.4349442379182156,original,SKAB,fold_5,42,3,4,probabilistic_suffix_tree,4,2,0.1,0.5,32,467,876,0.05861884368308351,skab_fold_aware_refined_search,67
0.5737921906022502,0.32867132867132864,0.5889724310776943,0.42190305206463197,gaussian_noise,SKAB,fold_5,42,3,4,probabilistic_suffix_tree,4,2,0.1,0.5,32,467,876,0.05861884368308351,skab_fold_aware_refined_search,67
0.47619047619047616,0.45,1.0,0.6206896551724138,unseen_data,SKAB,fold_5,42,3,4,probabilistic_suffix_tree,4,2,0.1,0.5,32,467,876,0.05861884368308351,skab_fold_aware_refined_search,67
0.6953333333333334,0.4442231075697211,0.5561097256857855,0.4939091915836102,original,SKAB,fold_1,42,3,4,probabilistic_suffix_tree,4,2,0.1,0.7,35,502,946,0.05384177575412635,skab_fold_aware_refined_search,68
0.6986666666666667,0.4482758620689655,0.5511221945137157,0.49440715883668906,gaussian_noise,SKAB,fold_1,42,3,4,probabilistic_suffix_tree,4,2,0.1,0.7,35,502,946,0.05384177575412635,skab_fold_aware_refined_search,68
0.0,0.0,0.0,0.0,unseen_data,SKAB,fold_1,42,3,4,probabilistic_suffix_tree,4,2,0.1,0.7,35,502,946,0.05384177575412635,skab_fold_aware_refined_search,68
0.5930388219544847,0.30855018587360594,0.4129353233830846,0.35319148936170214,original,SKAB,fold_2,42,3,4,probabilistic_suffix_tree,4,2,0.1,0.7,29,446,854,0.06602752435441472,skab_fold_aware_refined_search,68
0.5615796519410977,0.2753108348134991,0.3855721393034826,0.32124352331606215,gaussian_noise,SKAB,fold_2,42,3,4,probabilistic_suffix_tree,4,2,0.1,0.7,29,446,854,0.06602752435441472,skab_fold_aware_refined_search,68
0.0,0.0,0.0,0.0,unseen_data,SKAB,fold_2,42,3,4,probabilistic_suffix_tree,4,2,0.1,0.7,29,446,854,0.06602752435441472,skab_fold_aware_refined_search,68
0.43708165997322623,0.18063583815028902,0.3132832080200501,0.229147571035747,original,SKAB,fold_3,42,3,4,probabilistic_suffix_tree,4,2,0.1,0.7,33,454,847,0.0565345080763583,skab_fold_aware_refined_search,68
0.4350736278447122,0.18528995756718528,0.3283208020050125,0.23688969258589512,gaussian_noise,SKAB,fold_3,42,3,4,probabilistic_suffix_tree,4,2,0.1,0.7,33,454,847,0.0565345080763583,skab_fold_aware_refined_search,68
0.0,0.0,0.0,0.0,unseen_data,SKAB,fold_3,42,3,4,probabilistic_suffix_tree,4,2,0.1,0.7,33,454,847,0.0565345080763583,skab_fold_aware_refined_search,68
0.4294436906377205,0.07003891050583658,0.09022556390977443,0.07886089813800658,original,SKAB,fold_4,42,3,4,probabilistic_suffix_tree,4,2,0.1,0.7,33,481,904,0.056952056952056955,skab_fold_aware_refined_search,68
0.43758480325644505,0.07171314741035857,0.09022556390977443,0.07991120976692564,gaussian_noise,SKAB,fold_4,42,3,4,probabilistic_suffix_tree,4,2,0.1,0.7,33,481,904,0.056952056952056955,skab_fold_aware_refined_search,68
0.0,0.0,0.0,0.0,unseen_data,SKAB,fold_4,42,3,4,probabilistic_suffix_tree,4,2,0.1,0.7,33,481,904,0.056952056952056955,skab_fold_aware_refined_search,68
0.47187293183322304,0.2982810920121335,0.7393483709273183,0.4250720461095101,original,SKAB,fold_5,42,3,4,probabilistic_suffix_tree,4,2,0.1,0.7,32,467,876,0.05861884368308351,skab_fold_aware_refined_search,68
0.47054930509596293,0.3036238981390793,0.7769423558897243,0.43661971830985913,gaussian_noise,SKAB,fold_5,42,3,4,probabilistic_suffix_tree,4,2,0.1,0.7,32,467,876,0.05861884368308351,skab_fold_aware_refined_search,68
0.42857142857142855,0.42857142857142855,1.0,0.6,unseen_data,SKAB,fold_5,42,3,4,probabilistic_suffix_tree,4,2,0.1,0.7,32,467,876,0.05861884368308351,skab_fold_aware_refined_search,68
0.6713333333333333,0.44854586129753915,1.0,0.6193050193050194,original,SKAB,fold_1,42,3,4,probabilistic_suffix_tree,4,2,0.1,0.9,35,502,946,0.05384177575412635,skab_fold_aware_refined_search,69
0.6693333333333333,0.44704570791527315,1.0,0.6178736517719569,gaussian_noise,SKAB,fold_1,42,3,4,probabilistic_suffix_tree,4,2,0.1,0.9,35,502,946,0.05384177575412635,skab_fold_aware_refined_search,69
0.0,0.0,0.0,0.0,unseen_data,SKAB,fold_1,42,3,4,probabilistic_suffix_tree,4,2,0.1,0.9,35,502,946,0.05384177575412635,skab_fold_aware_refined_search,69
0.5388219544846051,0.36,0.917910447761194,0.5171688857743518,original,SKAB,fold_2,42,3,4,probabilistic_suffix_tree,4,2,0.1,0.9,29,446,854,0.06602752435441472,skab_fold_aware_refined_search,69
0.5301204819277109,0.3546511627906977,0.9104477611940298,0.5104602510460251,gaussian_noise,SKAB,fold_2,42,3,4,probabilistic_suffix_tree,4,2,0.1,0.9,29,446,854,0.06602752435441472,skab_fold_aware_refined_search,69
0.0,0.0,0.0,0.0,unseen_data,SKAB,fold_2,42,3,4,probabilistic_suffix_tree,4,2,0.1,0.9,29,446,854,0.06602752435441472,skab_fold_aware_refined_search,69
0.3862115127175368,0.23678861788617886,0.5839598997493735,0.33694866232827186,original,SKAB,fold_3,42,3,4,probabilistic_suffix_tree,4,2,0.1,0.9,33,454,847,0.0565345080763583,skab_fold_aware_refined_search,69
0.3755020080321285,0.23246492985971945,0.581453634085213,0.33214030064423766,gaussian_noise,SKAB,fold_3,42,3,4,probabilistic_suffix_tree,4,2,0.1,0.9,33,454,847,0.0565345080763583,skab_fold_aware_refined_search,69
0.0,0.0,0.0,0.0,unseen_data,SKAB,fold_3,42,3,4,probabilistic_suffix_tree,4,2,0.1,0.9,33,454,847,0.0565345080763583,skab_fold_aware_refined_search,69
0.257123473541384,0.10986547085201794,0.24561403508771928,0.15182029434546862,original,SKAB,fold_4,42,3,4,probabilistic_suffix_tree,4,2,0.1,0.9,33,481,904,0.056952056952056955,skab_fold_aware_refined_search,69
0.2618724559023066,0.10718358038768529,0.23558897243107768,0.14733542319749215,gaussian_noise,SKAB,fold_4,42,3,4,probabilistic_suffix_tree,4,2,0.1,0.9,33,481,904,0.056952056952056955,skab_fold_aware_refined_search,69
0.0,0.0,0.0,0.0,unseen_data,SKAB,fold_4,42,3,4,probabilistic_suffix_tree,4,2,0.1,0.9,33,481,904,0.056952056952056955,skab_fold_aware_refined_search,69
0.4189278623428193,0.3015741507870754,0.9122807017543859,0.4533001245330012,original,SKAB,fold_5,42,3,4,probabilistic_suffix_tree,4,2,0.1,0.9,32,467,876,0.05861884368308351,skab_fold_aware_refined_search,69
0.41495698213103904,0.3013923013923014,0.9223057644110275,0.454320987654321,gaussian_noise,SKAB,fold_5,42,3,4,probabilistic_suffix_tree,4,2,0.1,0.9,32,467,876,0.05861884368308351,skab_fold_aware_refined_search,69
0.42857142857142855,0.42857142857142855,1.0,0.6,unseen_data,SKAB,fold_5,42,3,4,probabilistic_suffix_tree,4,2,0.1,0.9,32,467,876,0.05861884368308351,skab_fold_aware_refined_search,69
0.6853333333333333,0.42332613390928725,0.48877805486284287,0.4537037037037037,original,SKAB,fold_1,42,3,4,probabilistic_suffix_tree,4,2,0.5,0.5,35,502,946,0.05384177575412635,skab_fold_aware_refined_search,70
0.682,0.41629955947136565,0.4713216957605985,0.4421052631578947,gaussian_noise,SKAB,fold_1,42,3,4,probabilistic_suffix_tree,4,2,0.5,0.5,35,502,946,0.05384177575412635,skab_fold_aware_refined_search,70
0.0,0.0,0.0,0.0,unseen_data,SKAB,fold_1,42,3,4,probabilistic_suffix_tree,4,2,0.5,0.5,35,502,946,0.05384177575412635,skab_fold_aware_refined_search,70
0.5983935742971888,0.3058823529411765,0.3880597014925373,0.34210526315789475,original,SKAB,fold_2,42,3,4,probabilistic_suffix_tree,4,2,0.5,0.5,29,446,854,0.06602752435441472,skab_fold_aware_refined_search,70
0.5649263721552878,0.27205882352941174,0.3681592039800995,0.3128964059196617,gaussian_noise,SKAB,fold_2,42,3,4,probabilistic_suffix_tree,4,2,0.5,0.5,29,446,854,0.06602752435441472,skab_fold_aware_refined_search,70
0.0,0.0,0.0,0.0,unseen_data,SKAB,fold_2,42,3,4,probabilistic_suffix_tree,4,2,0.5,0.5,29,446,854,0.06602752435441472,skab_fold_aware_refined_search,70
0.44912985274431055,0.17182662538699692,0.2781954887218045,0.21244019138755982,original,SKAB,fold_3,42,3,4,probabilistic_suffix_tree,4,2,0.5,0.5,33,454,847,0.0565345080763583,skab_fold_aware_refined_search,70
0.45180722891566266,0.18085106382978725,0.2982456140350877,0.2251655629139073,gaussian_noise,SKAB,fold_3,42,3,4,probabilistic_suffix_tree,4,2,0.5,0.5,33,454,847,0.0565345080763583,skab_fold_aware_refined_search,70
0.0,0.0,0.0,0.0,unseen_data,SKAB,fold_3,42,3,4,probabilistic_suffix_tree,4,2,0.5,0.5,33,454,847,0.0565345080763583,skab_fold_aware_refined_search,70
0.44301221166892807,0.07113821138211382,0.08771929824561403,0.07856341189674523,original,SKAB,fold_4,42,3,4,probabilistic_suffix_tree,4,2,0.5,0.5,33,481,904,0.056952056952056955,skab_fold_aware_refined_search,70
0.4525101763907734,0.07142857142857142,0.08521303258145363,0.07771428571428571,gaussian_noise,SKAB,fold_4,42,3,4,probabilistic_suffix_tree,4,2,0.5,0.5,33,481,904,0.056952056952056955,skab_fold_aware_refined_search,70
0.0,0.0,0.0,0.0,unseen_data,SKAB,fold_4,42,3,4,probabilistic_suffix_tree,4,2,0.5,0.5,33,481,904,0.056952056952056955,skab_fold_aware_refined_search,70
0.4937127729980146,0.31626506024096385,0.7894736842105263,0.45161290322580644,original,SKAB,fold_5,42,3,4,probabilistic_suffix_tree,4,2,0.5,0.5,32,467,876,0.05861884368308351,skab_fold_aware_refined_search,70
0.48908007941760423,0.3180487804878049,0.8170426065162907,0.45786516853932585,gaussian_noise,SKAB,fold_5,42,3,4,probabilistic_suffix_tree,4,2,0.5,0.5,32,467,876,0.05861884368308351,skab_fold_aware_refined_search,70
0.42857142857142855,0.42857142857142855,1.0,0.6,unseen_data,SKAB,fold_5,42,3,4,probabilistic_suffix_tree,4,2,0.5,0.5,32,467,876,0.05861884368308351,skab_fold_aware_refined_search,70
0.672,0.42967542503863987,0.6932668329177057,0.5305343511450382,original,SKAB,fold_1,42,3,4,probabilistic_suffix_tree,4,2,0.5,0.7,35,502,946,0.05384177575412635,skab_fold_aware_refined_search,71
0.6733333333333333,0.4292527821939587,0.6733167082294265,0.5242718446601942,gaussian_noise,SKAB,fold_1,42,3,4,probabilistic_suffix_tree,4,2,0.5,0.7,35,502,946,0.05384177575412635,skab_fold_aware_refined_search,71
0.0,0.0,0.0,0.0,unseen_data,SKAB,fold_1,42,3,4,probabilistic_suffix_tree,4,2,0.5,0.7,35,502,946,0.05384177575412635,skab_fold_aware_refined_search,71
0.5575635876840697,0.3223593964334705,0.5845771144278606,0.4155614500442087,original,SKAB,fold_2,42,3,4,probabilistic_suffix_tree,4,2,0.5,0.7,29,446,854,0.06602752435441472,skab_fold_aware_refined_search,71
0.5394912985274432,0.30675675675675673,0.5646766169154229,0.3975481611208406,gaussian_noise,SKAB,fold_2,42,3,4,probabilistic_suffix_tree,4,2,0.5,0.7,29,446,854,0.06602752435441472,skab_fold_aware_refined_search,71
0.0,0.0,0.0,0.0,unseen_data,SKAB,fold_2,42,3,4,probabilistic_suffix_tree,4,2,0.5,0.7,29,446,854,0.06602752435441472,skab_fold_aware_refined_search,71
0.3815261044176707,0.19792865362485615,0.43107769423558895,0.27129337539432175,original,SKAB,fold_3,42,3,4,probabilistic_suffix_tree,4,2,0.5,0.7,33,454,847,0.0565345080763583,skab_fold_aware_refined_search,71
0.3795180722891566,0.20068027210884354,0.44360902255639095,0.27634660421545665,gaussian_noise,SKAB,fold_3,42,3,4,probabilistic_suffix_tree,4,2,0.5,0.7,33,454,847,0.0565345080763583,skab_fold_aware_refined_search,71
0.0,0.0,0.0,0.0,unseen_data,SKAB,fold_3,42,3,4,probabilistic_suffix_tree,4,2,0.5,0.7,33,454,847,0.0565345080763583,skab_fold_aware_refined_search,71
0.3480325644504749,0.0729483282674772,0.12030075187969924,0.09082308420056764,original,SKAB,fold_4,42,3,4,probabilistic_suffix_tree,4,2,0.5,0.7,33,481,904,0.056952056952056955,skab_fold_aware_refined_search,71
0.3575305291723202,0.07846153846153846,0.12781954887218044,0.09723546234509056,gaussian_noise,SKAB,fold_4,42,3,4,probabilistic_suffix_tree,4,2,0.5,0.7,33,481,904,0.056952056952056955,skab_fold_aware_refined_search,71
0.0,0.0,0.0,0.0,unseen_data,SKAB,fold_4,42,3,4,probabilistic_suffix_tree,4,2,0.5,0.7,33,481,904,0.056952056952056955,skab_fold_aware_refined_search,71
0.4387822634017207,0.3022026431718062,0.8596491228070176,0.4471968709256845,original,SKAB,fold_5,42,3,4,probabilistic_suffix_tree,4,2,0.5,0.7,32,467,876,0.05861884368308351,skab_fold_aware_refined_search,71
0.4387822634017207,0.30529054640069386,0.8822055137844611,0.4536082474226804,gaussian_noise,SKAB,fold_5,42,3,4,probabilistic_suffix_tree,4,2,0.5,0.7,32,467,876,0.05861884368308351,skab_fold_aware_refined_search,71
0.42857142857142855,0.42857142857142855,1.0,0.6,unseen_data,SKAB,fold_5,42,3,4,probabilistic_suffix_tree,4,2,0.5,0.7,32,467,876,0.05861884368308351,skab_fold_aware_refined_search,71
0.6713333333333333,0.44854586129753915,1.0,0.6193050193050194,original,SKAB,fold_1,42,3,4,probabilistic_suffix_tree,4,2,0.5,0.9,35,502,946,0.05384177575412635,skab_fold_aware_refined_search,72
0.6693333333333333,0.44704570791527315,1.0,0.6178736517719569,gaussian_noise,SKAB,fold_1,42,3,4,probabilistic_suffix_tree,4,2,0.5,0.9,35,502,946,0.05384177575412635,skab_fold_aware_refined_search,72
0.0,0.0,0.0,0.0,unseen_data,SKAB,fold_1,42,3,4,probabilistic_suffix_tree,4,2,0.5,0.9,35,502,946,0.05384177575412635,skab_fold_aware_refined_search,72
0.5388219544846051,0.36,0.917910447761194,0.5171688857743518,original,SKAB,fold_2,42,3,4,probabilistic_suffix_tree,4,2,0.5,0.9,29,446,854,0.06602752435441472,skab_fold_aware_refined_search,72
0.5301204819277109,0.3546511627906977,0.9104477611940298,0.5104602510460251,gaussian_noise,SKAB,fold_2,42,3,4,probabilistic_suffix_tree,4,2,0.5,0.9,29,446,854,0.06602752435441472,skab_fold_aware_refined_search,72
0.0,0.0,0.0,0.0,unseen_data,SKAB,fold_2,42,3,4,probabilistic_suffix_tree,4,2,0.5,0.9,29,446,854,0.06602752435441472,skab_fold_aware_refined_search,72
0.38353413654618473,0.23582995951417005,0.5839598997493735,0.33597692862292716,original,SKAB,fold_3,42,3,4,probabilistic_suffix_tree,4,2,0.5,0.9,33,454,847,0.0565345080763583,skab_fold_aware_refined_search,72
0.3755020080321285,0.233,0.5839598997493735,0.3330950679056469,gaussian_noise,SKAB,fold_3,42,3,4,probabilistic_suffix_tree,4,2,0.5,0.9,33,454,847,0.0565345080763583,skab_fold_aware_refined_search,72
0.0,0.0,0.0,0.0,unseen_data,SKAB,fold_3,42,3,4,probabilistic_suffix_tree,4,2,0.5,0.9,33,454,847,0.0565345080763583,skab_fold_aware_refined_search,72
0.2496607869742198,0.10852713178294573,0.24561403508771928,0.15053763440860216,original,SKAB,fold_4,42,3,4,probabilistic_suffix_tree,4,2,0.5,0.9,33,481,904,0.056952056952056955,skab_fold_aware_refined_search,72
0.25169606512890097,0.10538116591928251,0.23558897243107768,0.14562354763749033,gaussian_noise,SKAB,fold_4,42,3,4,probabilistic_suffix_tree,4,2,0.5,0.9,33,481,904,0.056952056952056955,skab_fold_aware_refined_search,72
0.0,0.0,0.0,0.0,unseen_data,SKAB,fold_4,42,3,4,probabilistic_suffix_tree,4,2,0.5,0.9,33,481,904,0.056952056952056955,skab_fold_aware_refined_search,72
0.4189278623428193,0.3015741507870754,0.9122807017543859,0.4533001245330012,original,SKAB,fold_5,42,3,4,probabilistic_suffix_tree,4,2,0.5,0.9,32,467,876,0.05861884368308351,skab_fold_aware_refined_search,72
0.41495698213103904,0.3013923013923014,0.9223057644110275,0.454320987654321,gaussian_noise,SKAB,fold_5,42,3,4,probabilistic_suffix_tree,4,2,0.5,0.9,32,467,876,0.05861884368308351,skab_fold_aware_refined_search,72
0.42857142857142855,0.42857142857142855,1.0,0.6,unseen_data,SKAB,fold_5,42,3,4,probabilistic_suffix_tree,4,2,0.5,0.9,32,467,876,0.05861884368308351,skab_fold_aware_refined_search,72
0.642,0.1822429906542056,0.09725685785536159,0.12682926829268293,original,SKAB,fold_1,42,3,5,probabilistic_suffix_tree,2,1,0.1,0.5,52,180,436,0.04658119658119658,skab_fold_aware_refined_search,73
0.642,0.18518518518518517,0.09975062344139651,0.12965964343598055,gaussian_noise,SKAB,fold_1,42,3,5,probabilistic_suffix_tree,2,1,0.1,0.5,52,180,436,0.04658119658119658,skab_fold_aware_refined_search,73
0.0,0.0,0.0,0.0,unseen_data,SKAB,fold_1,42,3,5,probabilistic_suffix_tree,2,1,0.1,0.5,52,180,436,0.04658119658119658,skab_fold_aware_refined_search,73
0.6492637215528781,0.3226744186046512,0.27611940298507465,0.2975871313672922,original,SKAB,fold_2,42,3,5,probabilistic_suffix_tree,2,1,0.1,0.5,49,157,368,0.04783569478746913,skab_fold_aware_refined_search,73
0.6499330655957162,0.33866666666666667,0.31592039800995025,0.3268983268983269,gaussian_noise,SKAB,fold_2,42,3,5,probabilistic_suffix_tree,2,1,0.1,0.5,49,157,368,0.04783569478746913,skab_fold_aware_refined_search,73
0.0,0.0,0.0,0.0,unseen_data,SKAB,fold_2,42,3,5,probabilistic_suffix_tree,2,1,0.1,0.5,49,157,368,0.04783569478746913,skab_fold_aware_refined_search,73
0.5502008032128514,0.24,0.3157894736842105,0.2727272727272727,original,SKAB,fold_3,42,3,5,probabilistic_suffix_tree,2,1,0.1,0.5,48,156,362,0.048344017094017096,skab_fold_aware_refined_search,73
0.5542168674698795,0.2523191094619666,0.3408521303258145,0.2899786780383795,gaussian_noise,SKAB,fold_3,42,3,5,probabilistic_suffix_tree,2,1,0.1,0.5,48,156,362,0.048344017094017096,skab_fold_aware_refined_search,73
0.07142857142857142,0.07142857142857142,1.0,0.13333333333333333,unseen_data,SKAB,fold_3,42,3,5,probabilistic_suffix_tree,2,1,0.1,0.5,48,156,362,0.048344017094017096,skab_fold_aware_refined_search,73
0.5284938941655359,0.12051282051282051,0.11779448621553884,0.11913814955640051,original,SKAB,fold_4,42,3,5,probabilistic_suffix_tree,2,1,0.1,0.5,49,164,384,0.047784967645594825,skab_fold_aware_refined_search,73
0.5189959294436907,0.11822660098522167,0.12030075187969924,0.11925465838509317,gaussian_noise,SKAB,fold_4,42,3,5,probabilistic_suffix_tree,2,1,0.1,0.5,49,164,384,0.047784967645594825,skab_fold_aware_refined_search,73
0.6666666666666666,0.6666666666666666,1.0,0.8,unseen_data,SKAB,fold_4,42,3,5,probabilistic_suffix_tree,2,1,0.1,0.5,49,164,384,0.047784967645594825,skab_fold_aware_refined_search,73
0.5089344804765056,0.2837326607818411,0.5639097744360902,0.3775167785234899,original,SKAB,fold_5,42,3,5,probabilistic_suffix_tree,2,1,0.1,0.5,48,155,354,0.04758064516129032,skab_fold_aware_refined_search,73
0.499669093315685,0.2877526753864447,0.606516290726817,0.3903225806451613,gaussian_noise,SKAB,fold_5,42,3,5,probabilistic_suffix_tree,2,1,0.1,0.5,48,155,354,0.04758064516129032,skab_fold_aware_refined_search,73
0.43333333333333335,0.43333333333333335,1.0,0.6046511627906976,unseen_data,SKAB,fold_5,42,3,5,probabilistic_suffix_tree,2,1,0.1,0.5,48,155,354,0.04758064516129032,skab_fold_aware_refined_search,73
0.5446666666666666,0.15776699029126215,0.16209476309226933,0.15990159901599016,original,SKAB,fold_1,42,3,5,probabilistic_suffix_tree,2,1,0.1,0.7,52,180,436,0.04658119658119658,skab_fold_aware_refined_search,74
0.5373333333333333,0.15201900237529692,0.1596009975062344,0.15571776155717762,gaussian_noise,SKAB,fold_1,42,3,5,probabilistic_suffix_tree,2,1,0.1,0.7,52,180,436,0.04658119658119658,skab_fold_aware_refined_search,74
0.0,0.0,0.0,0.0,unseen_data,SKAB,fold_1,42,3,5,probabilistic_suffix_tree,2,1,0.1,0.7,52,180,436,0.04658119658119658,skab_fold_aware_refined_search,74
0.5997322623828648,0.33666666666666667,0.5024875621890548,0.4031936127744511,original,SKAB,fold_2,42,3,5,probabilistic_suffix_tree,2,1,0.1,0.7,49,157,368,0.04783569478746913,skab_fold_aware_refined_search,74
0.5883534136546185,0.33014354066985646,0.5149253731343284,0.40233236151603496,gaussian_noise,SKAB,fold_2,42,3,5,probabilistic_suffix_tree,2,1,0.1,0.7,49,157,368,0.04783569478746913,skab_fold_aware_refined_search,74
0.0,0.0,0.0,0.0,unseen_data,SKAB,fold_2,42,3,5,probabilistic_suffix_tree,2,1,0.1,0.7,49,157,368,0.04783569478746913,skab_fold_aware_refined_search,74
0.44712182061579653,0.21944809461235218,0.41854636591478694,0.28793103448275864,original,SKAB,fold_3,42,3,5,probabilistic_suffix_tree,2,1,0.1,0.7,48,156,362,0.048344017094017096,skab_fold_aware_refined_search,74
0.4544846050870147,0.23469387755102042,0.46115288220551376,0.31107354184277264,gaussian_noise,SKAB,fold_3,42,3,5,probabilistic_suffix_tree,2,1,0.1,0.7,48,156,362,0.048344017094017096,skab_fold_aware_refined_search,74
0.07142857142857142,0.07142857142857142,1.0,0.13333333333333333,unseen_data,SKAB,fold_3,42,3,5,probabilistic_suffix_tree,2,1,0.1,0.7,48,156,362,0.048344017094017096,skab_fold_aware_refined_search,74
0.4023066485753053,0.11254019292604502,0.17543859649122806,0.13712047012732614,original,SKAB,fold_4,42,3,5,probabilistic_suffix_tree,2,1,0.1,0.7,49,164,384,0.047784967645594825,skab_fold_aware_refined_search,74
0.3941655359565807,0.11163522012578617,0.17794486215538846,0.13719806763285025,gaussian_noise,SKAB,fold_4,42,3,5,probabilistic_suffix_tree,2,1,0.1,0.7,49,164,384,0.047784967645594825,skab_fold_aware_refined_search,74
0.6666666666666666,0.6666666666666666,1.0,0.8,unseen_data,SKAB,fold_4,42,3,5,probabilistic_suffix_tree,2,1,0.1,0.7,49,164,384,0.047784967645594825,skab_fold_aware_refined_search,74
0.4401058901389808,0.2958904109589041,0.8120300751879699,0.43373493975903615,original,SKAB,fold_5,42,3,5,probabilistic_suffix_tree,2,1,0.1,0.7,48,155,354,0.04758064516129032,skab_fold_aware_refined_search,74
0.43414956982131037,0.2992957746478873,0.8521303258145363,0.44299674267100975,gaussian_noise,SKAB,fold_5,42,3,5,probabilistic_suffix_tree,2,1,0.1,0.7,48,155,354,0.04758064516129032,skab_fold_aware_refined_search,74
0.43333333333333335,0.43333333333333335,1.0,0.6046511627906976,unseen_data,SKAB,fold_5,42,3,5,probabilistic_suffix_tree,2,1,0.1,0.7,48,155,354,0.04758064516129032,skab_fold_aware_refined_search,74
0.516,0.35581188997338065,1.0,0.524869109947644,original,SKAB,fold_1,42,3,5,probabilistic_suffix_tree,2,1,0.1,0.9,52,180,436,0.04658119658119658,skab_fold_aware_refined_search,75
0.516,0.35581188997338065,1.0,0.524869109947644,gaussian_noise,SKAB,fold_1,42,3,5,probabilistic_suffix_tree,2,1,0.1,0.9,52,180,436,0.04658119658119658,skab_fold_aware_refined_search,75
0.0,0.0,0.0,0.0,unseen_data,SKAB,fold_1,42,3,5,probabilistic_suffix_tree,2,1,0.1,0.9,52,180,436,0.04658119658119658,skab_fold_aware_refined_search,75
0.5060240963855421,0.3453038674033149,0.9328358208955224,0.5040322580645161,original,SKAB,fold_2,42,3,5,probabilistic_suffix_tree,2,1,0.1,0.9,49,157,368,0.04783569478746913,skab_fold_aware_refined_search,75
0.5066934404283802,0.3464711274060495,0.9402985074626866,0.506363027461487,gaussian_noise,SKAB,fold_2,42,3,5,probabilistic_suffix_tree,2,1,0.1,0.9,49,157,368,0.04783569478746913,skab_fold_aware_refined_search,75
0.0,0.0,0.0,0.0,unseen_data,SKAB,fold_2,42,3,5,probabilistic_suffix_tree,2,1,0.1,0.9,49,157,368,0.04783569478746913,skab_fold_aware_refined_search,75
0.2838018741633199,0.2054433713784021,0.5864661654135338,0.30429128738621586,original,SKAB,fold_3,42,3,5,probabilistic_suffix_tree,2,1,0.1,0.9,48,156,362,0.048344017094017096,skab_fold_aware_refined_search,75
0.2838018741633199,0.2054433713784021,0.5864661654135338,0.30429128738621586,gaussian_noise,SKAB,fold_3,42,3,5,probabilistic_suffix_tree,2,1,0.1,0.9,48,156,362,0.048344017094017096,skab_fold_aware_refined_search,75
0.07142857142857142,0.07142857142857142,1.0,0.13333333333333333,unseen_data,SKAB,fold_3,42,3,5,probabilistic_suffix_tree,2,1,0.1,0.9,48,156,362,0.048344017094017096,skab_fold_aware_refined_search,75
0.2462686567164179,0.17636363636363636,0.48621553884711777,0.25883922615076715,original,SKAB,fold_4,42,3,5,probabilistic_suffix_tree,2,1,0.1,0.9,49,164,384,0.047784967645594825,skab_fold_aware_refined_search,75
0.2462686567164179,0.17636363636363636,0.48621553884711777,0.25883922615076715,gaussian_noise,SKAB,fold_4,42,3,5,probabilistic_suffix_tree,2,1,0.1,0.9,49,164,384,0.047784967645594825,skab_fold_aware_refined_search,75
0.6666666666666666,0.6666666666666666,1.0,0.8,unseen_data,SKAB,fold_4,42,3,5,probabilistic_suffix_tree,2,1,0.1,0.9,49,164,384,0.047784967645594825,skab_fold_aware_refined_search,75
0.30774321641297153,0.27105449398443027,0.9598997493734336,0.4227373068432671,original,SKAB,fold_5,42,3,5,probabilistic_suffix_tree,2,1,0.1,0.9,48,155,354,0.04758064516129032,skab_fold_aware_refined_search,75
0.3057577763070814,0.2714486638537271,0.9674185463659147,0.42394288852278966,gaussian_noise,SKAB,fold_5,42,3,5,probabilistic_suffix_tree,2,1,0.1,0.9,48,155,354,0.04758064516129032,skab_fold_aware_refined_search,75
0.43333333333333335,0.43333333333333335,1.0,0.6046511627906976,unseen_data,SKAB,fold_5,42,3,5,probabilistic_suffix_tree,2,1,0.1,0.9,48,155,354,0.04758064516129032,skab_fold_aware_refined_search,75
0.596,0.17665615141955837,0.1396508728179551,0.15598885793871867,original,SKAB,fold_1,42,3,5,probabilistic_suffix_tree,2,1,0.5,0.5,52,180,436,0.04658119658119658,skab_fold_aware_refined_search,76
0.5926666666666667,0.17791411042944785,0.14463840399002495,0.15955983493810177,gaussian_noise,SKAB,fold_1,42,3,5,probabilistic_suffix_tree,2,1,0.5,0.5,52,180,436,0.04658119658119658,skab_fold_aware_refined_search,76
0.0,0.0,0.0,0.0,unseen_data,SKAB,fold_1,42,3,5,probabilistic_suffix_tree,2,1,0.5,0.5,52,180,436,0.04658119658119658,skab_fold_aware_refined_search,76
0.608433734939759,0.31952662721893493,0.40298507462686567,0.3564356435643564,original,SKAB,fold_2,42,3,5,probabilistic_suffix_tree,2,1,0.5,0.5,49,157,368,0.04783569478746913,skab_fold_aware_refined_search,76
0.6050870147255689,0.32129277566539927,0.42039800995024873,0.3642241379310345,gaussian_noise,SKAB,fold_2,42,3,5,probabilistic_suffix_tree,2,1,0.5,0.5,49,157,368,0.04783569478746913,skab_fold_aware_refined_search,76
0.0,0.0,0.0,0.0,unseen_data,SKAB,fold_2,42,3,5,probabilistic_suffix_tree,2,1,0.5,0.5,49,157,368,0.04783569478746913,skab_fold_aware_refined_search,76
0.4825970548862115,0.22660818713450293,0.38847117794486213,0.28624192059095105,original,SKAB,fold_3,42,3,5,probabilistic_suffix_tree,2,1,0.5,0.5,48,156,362,0.048344017094017096,skab_fold_aware_refined_search,76
0.4919678714859438,0.24647887323943662,0.43859649122807015,0.3155996393146979,gaussian_noise,SKAB,fold_3,42,3,5,probabilistic_suffix_tree,2,1,0.5,0.5,48,156,362,0.048344017094017096,skab_fold_aware_refined_search,76
0.07142857142857142,0.07142857142857142,1.0,0.13333333333333333,unseen_data,SKAB,fold_3,42,3,5,probabilistic_suffix_tree,2,1,0.5,0.5,48,156,362,0.048344017094017096,skab_fold_aware_refined_search,76
0.43826322930800543,0.10786106032906764,0.14786967418546365,0.12473572938689217,original,SKAB,fold_4,42,3,5,probabilistic_suffix_tree,2,1,0.5,0.5,49,164,384,0.047784967645594825,skab_fold_aware_refined_search,76
0.4287652645861601,0.1037567084078712,0.14536340852130325,0.12108559498956159,gaussian_noise,SKAB,fold_4,42,3,5,probabilistic_suffix_tree,2,1,0.5,0.5,49,164,384,0.047784967645594825,skab_fold_aware_refined_search,76
0.6666666666666666,0.6666666666666666,1.0,0.8,unseen_data,SKAB,fold_4,42,3,5,probabilistic_suffix_tree,2,1,0.5,0.5,49,164,384,0.047784967645594825,skab_fold_aware_refined_search,76
0.47782925215089345,0.3061630218687873,0.7719298245614035,0.43843416370106764,original,SKAB,fold_5,42,3,5,probabilistic_suffix_tree,2,1,0.5,0.5,48,155,354,0.04758064516129032,skab_fold_aware_refined_search,76
0.4692256783587028,0.3082778306374881,0.8120300751879699,0.44689655172413795,gaussian_noise,SKAB,fold_5,42,3,5,probabilistic_suffix_tree,2,1,0.5,0.5,48,155,354,0.04758064516129032,skab_fold_aware_refined_search,76
0.43333333333333335,0.43333333333333335,1.0,0.6046511627906976,unseen_data,SKAB,fold_5,42,3,5,probabilistic_suffix_tree,2,1,0.5,0.5,48,155,354,0.04758064516129032,skab_fold_aware_refined_search,76
0.562,0.3072289156626506,0.5087281795511222,0.38309859154929576,original,SKAB,fold_1,42,3,5,probabilistic_suffix_tree,2,1,0.5,0.7,52,180,436,0.04658119658119658,skab_fold_aware_refined_search,77
0.556,0.3031203566121842,0.5087281795511222,0.37988826815642457,gaussian_noise,SKAB,fold_1,42,3,5,probabilistic_suffix_tree,2,1,0.5,0.7,52,180,436,0.04658119658119658,skab_fold_aware_refined_search,77
0.0,0.0,0.0,0.0,unseen_data,SKAB,fold_1,42,3,5,probabilistic_suffix_tree,2,1,0.5,0.7,52,180,436,0.04658119658119658,skab_fold_aware_refined_search,77
0.5890227576974565,0.34985835694050993,0.6144278606965174,0.44584837545126355,original,SKAB,fold_2,42,3,5,probabilistic_suffix_tree,2,1,0.5,0.7,49,157,368,0.04783569478746913,skab_fold_aware_refined_search,77
0.5749665327978581,0.3419267299864315,0.6268656716417911,0.4424934152765584,gaussian_noise,SKAB,fold_2,42,3,5,probabilistic_suffix_tree,2,1,0.5,0.7,49,157,368,0.04783569478746913,skab_fold_aware_refined_search,77
0.0,0.0,0.0,0.0,unseen_data,SKAB,fold_2,42,3,5,probabilistic_suffix_tree,2,1,0.5,0.7,49,157,368,0.04783569478746913,skab_fold_aware_refined_search,77
0.4243641231593039,0.22850412249705537,0.48621553884711777,0.3108974358974359,original,SKAB,fold_3,42,3,5,probabilistic_suffix_tree,2,1,0.5,0.7,48,156,362,0.048344017094017096,skab_fold_aware_refined_search,77
0.43105756358768405,0.23930635838150288,0.518796992481203,0.3275316455696203,gaussian_noise,SKAB,fold_3,42,3,5,probabilistic_suffix_tree,2,1,0.5,0.7,48,156,362,0.048344017094017096,skab_fold_aware_refined_search,77
0.07142857142857142,0.07142857142857142,1.0,0.13333333333333333,unseen_data,SKAB,fold_3,42,3,5,probabilistic_suffix_tree,2,1,0.5,0.7,48,156,362,0.048344017094017096,skab_fold_aware_refined_search,77
0.3141112618724559,0.10362694300518134,0.20050125313283207,0.13663535439795046,original,SKAB,fold_4,42,3,5,probabilistic_suffix_tree,2,1,0.5,0.7,49,164,384,0.047784967645594825,skab_fold_aware_refined_search,77
0.3120759837177748,0.1032258064516129,0.20050125313283207,0.1362862010221465,gaussian_noise,SKAB,fold_4,42,3,5,probabilistic_suffix_tree,2,1,0.5,0.7,49,164,384,0.047784967645594825,skab_fold_aware_refined_search,77
0.6666666666666666,0.6666666666666666,1.0,0.8,unseen_data,SKAB,fold_4,42,3,5,probabilistic_suffix_tree,2,1,0.5,0.7,49,164,384,0.047784967645594825,skab_fold_aware_refined_search,77
0.42356055592322966,0.29334500875656744,0.8395989974937343,0.43478260869565216,original,SKAB,fold_5,42,3,5,probabilistic_suffix_tree,2,1,0.5,0.7,48,155,354,0.04758064516129032,skab_fold_aware_refined_search,77
0.42091330244870945,0.2983050847457627,0.8822055137844611,0.44585180493983534,gaussian_noise,SKAB,fold_5,42,3,5,probabilistic_suffix_tree,2,1,0.5,0.7,48,155,354,0.04758064516129032,skab_fold_aware_refined_search,77
0.43333333333333335,0.43333333333333335,1.0,0.6046511627906976,unseen_data,SKAB,fold_5,42,3,5,probabilistic_suffix_tree,2,1,0.5,0.7,48,155,354,0.04758064516129032,skab_fold_aware_refined_search,77
0.516,0.35581188997338065,1.0,0.524869109947644,original,SKAB,fold_1,42,3,5,probabilistic_suffix_tree,2,1,0.5,0.9,52,180,436,0.04658119658119658,skab_fold_aware_refined_search,78
0.516,0.35581188997338065,1.0,0.524869109947644,gaussian_noise,SKAB,fold_1,42,3,5,probabilistic_suffix_tree,2,1,0.5,0.9,52,180,436,0.04658119658119658,skab_fold_aware_refined_search,78
0.0,0.0,0.0,0.0,unseen_data,SKAB,fold_1,42,3,5,probabilistic_suffix_tree,2,1,0.5,0.9,52,180,436,0.04658119658119658,skab_fold_aware_refined_search,78
0.5187416331994645,0.3586083853702052,1.0,0.5279054497701904,original,SKAB,fold_2,42,3,5,probabilistic_suffix_tree,2,1,0.5,0.9,49,157,368,0.04783569478746913,skab_fold_aware_refined_search,78
0.5187416331994645,0.3586083853702052,1.0,0.5279054497701904,gaussian_noise,SKAB,fold_2,42,3,5,probabilistic_suffix_tree,2,1,0.5,0.9,49,157,368,0.04783569478746913,skab_fold_aware_refined_search,78
0.0,0.0,0.0,0.0,unseen_data,SKAB,fold_2,42,3,5,probabilistic_suffix_tree,2,1,0.5,0.9,49,157,368,0.04783569478746913,skab_fold_aware_refined_search,78
0.2838018741633199,0.2054433713784021,0.5864661654135338,0.30429128738621586,original,SKAB,fold_3,42,3,5,probabilistic_suffix_tree,2,1,0.5,0.9,48,156,362,0.048344017094017096,skab_fold_aware_refined_search,78
0.2838018741633199,0.2054433713784021,0.5864661654135338,0.30429128738621586,gaussian_noise,SKAB,fold_3,42,3,5,probabilistic_suffix_tree,2,1,0.5,0.9,48,156,362,0.048344017094017096,skab_fold_aware_refined_search,78
0.07142857142857142,0.07142857142857142,1.0,0.13333333333333333,unseen_data,SKAB,fold_3,42,3,5,probabilistic_suffix_tree,2,1,0.5,0.9,48,156,362,0.048344017094017096,skab_fold_aware_refined_search,78
0.2462686567164179,0.17636363636363636,0.48621553884711777,0.25883922615076715,original,SKAB,fold_4,42,3,5,probabilistic_suffix_tree,2,1,0.5,0.9,49,164,384,0.047784967645594825,skab_fold_aware_refined_search,78
0.2462686567164179,0.17636363636363636,0.48621553884711777,0.25883922615076715,gaussian_noise,SKAB,fold_4,42,3,5,probabilistic_suffix_tree,2,1,0.5,0.9,49,164,384,0.047784967645594825,skab_fold_aware_refined_search,78
0.6666666666666666,0.6666666666666666,1.0,0.8,unseen_data,SKAB,fold_4,42,3,5,probabilistic_suffix_tree,2,1,0.5,0.9,49,164,384,0.047784967645594825,skab_fold_aware_refined_search,78
0.30774321641297153,0.27105449398443027,0.9598997493734336,0.4227373068432671,original,SKAB,fold_5,42,3,5,probabilistic_suffix_tree,2,1,0.5,0.9,48,155,354,0.04758064516129032,skab_fold_aware_refined_search,78
0.3057577763070814,0.2714486638537271,0.9674185463659147,0.42394288852278966,gaussian_noise,SKAB,fold_5,42,3,5,probabilistic_suffix_tree,2,1,0.5,0.9,48,155,354,0.04758064516129032,skab_fold_aware_refined_search,78
0.43333333333333335,0.43333333333333335,1.0,0.6046511627906976,unseen_data,SKAB,fold_5,42,3,5,probabilistic_suffix_tree,2,1,0.5,0.9,48,155,354,0.04758064516129032,skab_fold_aware_refined_search,78
0.642,0.1822429906542056,0.09725685785536159,0.12682926829268293,original,SKAB,fold_1,42,3,5,probabilistic_suffix_tree,2,2,0.1,0.5,52,180,436,0.04658119658119658,skab_fold_aware_refined_search,79
0.642,0.18518518518518517,0.09975062344139651,0.12965964343598055,gaussian_noise,SKAB,fold_1,42,3,5,probabilistic_suffix_tree,2,2,0.1,0.5,52,180,436,0.04658119658119658,skab_fold_aware_refined_search,79
0.0,0.0,0.0,0.0,unseen_data,SKAB,fold_1,42,3,5,probabilistic_suffix_tree,2,2,0.1,0.5,52,180,436,0.04658119658119658,skab_fold_aware_refined_search,79
0.6499330655957162,0.3236151603498542,0.27611940298507465,0.2979865771812081,original,SKAB,fold_2,42,3,5,probabilistic_suffix_tree,2,2,0.1,0.5,49,157,368,0.04783569478746913,skab_fold_aware_refined_search,79
0.6506024096385542,0.339572192513369,0.31592039800995025,0.327319587628866,gaussian_noise,SKAB,fold_2,42,3,5,probabilistic_suffix_tree,2,2,0.1,0.5,49,157,368,0.04783569478746913,skab_fold_aware_refined_search,79
0.0,0.0,0.0,0.0,unseen_data,SKAB,fold_2,42,3,5,probabilistic_suffix_tree,2,2,0.1,0.5,49,157,368,0.04783569478746913,skab_fold_aware_refined_search,79
0.5522088353413654,0.2413793103448276,0.3157894736842105,0.2736156351791531,original,SKAB,fold_3,42,3,5,probabilistic_suffix_tree,2,2,0.1,0.5,48,156,362,0.048344017094017096,skab_fold_aware_refined_search,79
0.5568942436412316,0.2542056074766355,0.3408521303258145,0.291220556745182,gaussian_noise,SKAB,fold_3,42,3,5,probabilistic_suffix_tree,2,2,0.1,0.5,48,156,362,0.048344017094017096,skab_fold_aware_refined_search,79
0.07142857142857142,0.07142857142857142,1.0,0.13333333333333333,unseen_data,SKAB,fold_3,42,3,5,probabilistic_suffix_tree,2,2,0.1,0.5,48,156,362,0.048344017094017096,skab_fold_aware_refined_search,79
0.5278154681139756,0.11825192802056556,0.11528822055137844,0.116751269035533,original,SKAB,fold_4,42,3,5,probabilistic_suffix_tree,2,2,0.1,0.5,49,164,384,0.047784967645594825,skab_fold_aware_refined_search,79
0.5189959294436907,0.11633663366336634,0.11779448621553884,0.11706102117061021,gaussian_noise,SKAB,fold_4,42,3,5,probabilistic_suffix_tree,2,2,0.1,0.5,49,164,384,0.047784967645594825,skab_fold_aware_refined_search,79
0.6666666666666666,0.6666666666666666,1.0,0.8,unseen_data,SKAB,fold_4,42,3,5,probabilistic_suffix_tree,2,2,0.1,0.5,49,164,384,0.047784967645594825,skab_fold_aware_refined_search,79
0.5102581072137657,0.2822477650063857,0.5538847117794486,0.3739424703891709,original,SKAB,fold_5,42,3,5,probabilistic_suffix_tree,2,2,0.1,0.5,48,155,354,0.04758064516129032,skab_fold_aware_refined_search,79
0.5029781601588352,0.28743961352657005,0.5964912280701754,0.38793806030969846,gaussian_noise,SKAB,fold_5,42,3,5,probabilistic_suffix_tree,2,2,0.1,0.5,48,155,354,0.04758064516129032,skab_fold_aware_refined_search,79
0.43333333333333335,0.43333333333333335,1.0,0.6046511627906976,unseen_data,SKAB,fold_5,42,3,5,probabilistic_suffix_tree,2,2,0.1,0.5,48,155,354,0.04758064516129032,skab_fold_aware_refined_search,79
0.5446666666666666,0.15776699029126215,0.16209476309226933,0.15990159901599016,original,SKAB,fold_1,42,3,5,probabilistic_suffix_tree,2,2,0.1,0.7,52,180,436,0.04658119658119658,skab_fold_aware_refined_search,80
0.5373333333333333,0.15201900237529692,0.1596009975062344,0.15571776155717762,gaussian_noise,SKAB,fold_1,42,3,5,probabilistic_suffix_tree,2,2,0.1,0.7,52,180,436,0.04658119658119658,skab_fold_aware_refined_search,80
0.0,0.0,0.0,0.0,unseen_data,SKAB,fold_1,42,3,5,probabilistic_suffix_tree,2,2,0.1,0.7,52,180,436,0.04658119658119658,skab_fold_aware_refined_search,80
0.6004016064257028,0.337228714524207,0.5024875621890548,0.4035964035964036,original,SKAB,fold_2,42,3,5,probabilistic_suffix_tree,2,2,0.1,0.7,49,157,368,0.04783569478746913,skab_fold_aware_refined_search,80
0.5883534136546185,0.33014354066985646,0.5149253731343284,0.40233236151603496,gaussian_noise,SKAB,fold_2,42,3,5,probabilistic_suffix_tree,2,2,0.1,0.7,49,157,368,0.04783569478746913,skab_fold_aware_refined_search,80
0.0,0.0,0.0,0.0,unseen_data,SKAB,fold_2,42,3,5,probabilistic_suffix_tree,2,2,0.1,0.7,49,157,368,0.04783569478746913,skab_fold_aware_refined_search,80
0.44712182061579653,0.21944809461235218,0.41854636591478694,0.28793103448275864,original,SKAB,fold_3,42,3,5,probabilistic_suffix_tree,2,2,0.1,0.7,48,156,362,0.048344017094017096,skab_fold_aware_refined_search,80
0.4544846050870147,0.23469387755102042,0.46115288220551376,0.31107354184277264,gaussian_noise,SKAB,fold_3,42,3,5,probabilistic_suffix_tree,2,2,0.1,0.7,48,156,362,0.048344017094017096,skab_fold_aware_refined_search,80
0.07142857142857142,0.07142857142857142,1.0,0.13333333333333333,unseen_data,SKAB,fold_3,42,3,5,probabilistic_suffix_tree,2,2,0.1,0.7,48,156,362,0.048344017094017096,skab_fold_aware_refined_search,80
0.4016282225237449,0.1111111111111111,0.17293233082706766,0.13529411764705881,original,SKAB,fold_4,42,3,5,probabilistic_suffix_tree,2,2,0.1,0.7,49,164,384,0.047784967645594825,skab_fold_aware_refined_search,80
0.39348710990502034,0.11023622047244094,0.17543859649122806,0.13539651837524178,gaussian_noise,SKAB,fold_4,42,3,5,probabilistic_suffix_tree,2,2,0.1,0.7,49,164,384,0.047784967645594825,skab_fold_aware_refined_search,80
0.6666666666666666,0.6666666666666666,1.0,0.8,unseen_data,SKAB,fold_4,42,3,5,probabilistic_suffix_tree,2,2,0.1,0.7,49,164,384,0.047784967645594825,skab_fold_aware_refined_search,80
0.44076770350761085,0.2961608775137112,0.8120300751879699,0.43402545210984594,original,SKAB,fold_5,42,3,5,probabilistic_suffix_tree,2,2,0.1,0.7,48,155,354,0.04758064516129032,skab_fold_aware_refined_search,80
0.43481138318994045,0.29955947136563876,0.8521303258145363,0.44328552803129073,gaussian_noise,SKAB,fold_5,42,3,5,probabilistic_suffix_tree,2,2,0.1,0.7,48,155,354,0.04758064516129032,skab_fold_aware_refined_search,80
0.43333333333333335,0.43333333333333335,1.0,0.6046511627906976,unseen_data,SKAB,fold_5,42,3,5,probabilistic_suffix_tree,2,2,0.1,0.7,48,155,354,0.04758064516129032,skab_fold_aware_refined_search,80
0.516,0.35581188997338065,1.0,0.524869109947644,original,SKAB,fold_1,42,3,5,probabilistic_suffix_tree,2,2,0.1,0.9,52,180,436,0.04658119658119658,skab_fold_aware_refined_search,81
0.516,0.35581188997338065,1.0,0.524869109947644,gaussian_noise,SKAB,fold_1,42,3,5,probabilistic_suffix_tree,2,2,0.1,0.9,52,180,436,0.04658119658119658,skab_fold_aware_refined_search,81
0.0,0.0,0.0,0.0,unseen_data,SKAB,fold_1,42,3,5,probabilistic_suffix_tree,2,2,0.1,0.9,52,180,436,0.04658119658119658,skab_fold_aware_refined_search,81
0.5060240963855421,0.3453038674033149,0.9328358208955224,0.5040322580645161,original,SKAB,fold_2,42,3,5,probabilistic_suffix_tree,2,2,0.1,0.9,49,157,368,0.04783569478746913,skab_fold_aware_refined_search,81
0.5066934404283802,0.3464711274060495,0.9402985074626866,0.506363027461487,gaussian_noise,SKAB,fold_2,42,3,5,probabilistic_suffix_tree,2,2,0.1,0.9,49,157,368,0.04783569478746913,skab_fold_aware_refined_search,81
0.0,0.0,0.0,0.0,unseen_data,SKAB,fold_2,42,3,5,probabilistic_suffix_tree,2,2,0.1,0.9,49,157,368,0.04783569478746913,skab_fold_aware_refined_search,81
0.2838018741633199,0.2054433713784021,0.5864661654135338,0.30429128738621586,original,SKAB,fold_3,42,3,5,probabilistic_suffix_tree,2,2,0.1,0.9,48,156,362,0.048344017094017096,skab_fold_aware_refined_search,81
0.2838018741633199,0.2054433713784021,0.5864661654135338,0.30429128738621586,gaussian_noise,SKAB,fold_3,42,3,5,probabilistic_suffix_tree,2,2,0.1,0.9,48,156,362,0.048344017094017096,skab_fold_aware_refined_search,81
0.07142857142857142,0.07142857142857142,1.0,0.13333333333333333,unseen_data,SKAB,fold_3,42,3,5,probabilistic_suffix_tree,2,2,0.1,0.9,48,156,362,0.048344017094017096,skab_fold_aware_refined_search,81
0.24559023066485752,0.17561419472247497,0.48370927318295737,0.2576769025367156,original,SKAB,fold_4,42,3,5,probabilistic_suffix_tree,2,2,0.1,0.9,49,164,384,0.047784967645594825,skab_fold_aware_refined_search,81
0.24559023066485752,0.17561419472247497,0.48370927318295737,0.2576769025367156,gaussian_noise,SKAB,fold_4,42,3,5,probabilistic_suffix_tree,2,2,0.1,0.9,49,164,384,0.047784967645594825,skab_fold_aware_refined_search,81
0.6666666666666666,0.6666666666666666,1.0,0.8,unseen_data,SKAB,fold_4,42,3,5,probabilistic_suffix_tree,2,2,0.1,0.9,49,164,384,0.047784967645594825,skab_fold_aware_refined_search,81
0.30774321641297153,0.27105449398443027,0.9598997493734336,0.4227373068432671,original,SKAB,fold_5,42,3,5,probabilistic_suffix_tree,2,2,0.1,0.9,48,155,354,0.04758064516129032,skab_fold_aware_refined_search,81
0.3057577763070814,0.2714486638537271,0.9674185463659147,0.42394288852278966,gaussian_noise,SKAB,fold_5,42,3,5,probabilistic_suffix_tree,2,2,0.1,0.9,48,155,354,0.04758064516129032,skab_fold_aware_refined_search,81
0.43333333333333335,0.43333333333333335,1.0,0.6046511627906976,unseen_data,SKAB,fold_5,42,3,5,probabilistic_suffix_tree,2,2,0.1,0.9,48,155,354,0.04758064516129032,skab_fold_aware_refined_search,81
0.596,0.17665615141955837,0.1396508728179551,0.15598885793871867,original,SKAB,fold_1,42,3,5,probabilistic_suffix_tree,2,2,0.5,0.5,52,180,436,0.04658119658119658,skab_fold_aware_refined_search,82
0.5926666666666667,0.17791411042944785,0.14463840399002495,0.15955983493810177,gaussian_noise,SKAB,fold_1,42,3,5,probabilistic_suffix_tree,2,2,0.5,0.5,52,180,436,0.04658119658119658,skab_fold_aware_refined_search,82
0.0,0.0,0.0,0.0,unseen_data,SKAB,fold_1,42,3,5,probabilistic_suffix_tree,2,2,0.5,0.5,52,180,436,0.04658119658119658,skab_fold_aware_refined_search,82
0.6091030789825971,0.3201581027667984,0.40298507462686567,0.3568281938325991,original,SKAB,fold_2,42,3,5,probabilistic_suffix_tree,2,2,0.5,0.5,49,157,368,0.04783569478746913,skab_fold_aware_refined_search,82
0.6050870147255689,0.32129277566539927,0.42039800995024873,0.3642241379310345,gaussian_noise,SKAB,fold_2,42,3,5,probabilistic_suffix_tree,2,2,0.5,0.5,49,157,368,0.04783569478746913,skab_fold_aware_refined_search,82
0.0,0.0,0.0,0.0,unseen_data,SKAB,fold_2,42,3,5,probabilistic_suffix_tree,2,2,0.5,0.5,49,157,368,0.04783569478746913,skab_fold_aware_refined_search,82
0.4839357429718876,0.22727272727272727,0.38847117794486213,0.28677150786308975,original,SKAB,fold_3,42,3,5,probabilistic_suffix_tree,2,2,0.5,0.5,48,156,362,0.048344017094017096,skab_fold_aware_refined_search,82
0.4933065595716198,0.24717514124293785,0.43859649122807015,0.31616982836495033,gaussian_noise,SKAB,fold_3,42,3,5,probabilistic_suffix_tree,2,2,0.5,0.5,48,156,362,0.048344017094017096,skab_fold_aware_refined_search,82
0.07142857142857142,0.07142857142857142,1.0,0.13333333333333333,unseen_data,SKAB,fold_3,42,3,5,probabilistic_suffix_tree,2,2,0.5,0.5,48,156,362,0.048344017094017096,skab_fold_aware_refined_search,82
0.43758480325644505,0.10622710622710622,0.14536340852130325,0.12275132275132275,original,SKAB,fold_4,42,3,5,probabilistic_suffix_tree,2,2,0.5,0.5,49,164,384,0.047784967645594825,skab_fold_aware_refined_search,82
0.4280868385345997,0.10215053763440861,0.14285714285714285,0.11912225705329153,gaussian_noise,SKAB,fold_4,42,3,5,probabilistic_suffix_tree,2,2,0.5,0.5,49,164,384,0.047784967645594825,skab_fold_aware_refined_search,82
0.6666666666666666,0.6666666666666666,1.0,0.8,unseen_data,SKAB,fold_4,42,3,5,probabilistic_suffix_tree,2,2,0.5,0.5,49,164,384,0.047784967645594825,skab_fold_aware_refined_search,82
0.4784910655195235,0.30608175473579263,0.7694235588972431,0.43794579172610554,original,SKAB,fold_5,42,3,5,probabilistic_suffix_tree,2,2,0.5,0.5,48,155,354,0.04758064516129032,skab_fold_aware_refined_search,82
0.4692256783587028,0.30791229742612014,0.8095238095238095,0.44613259668508287,gaussian_noise,SKAB,fold_5,42,3,5,probabilistic_suffix_tree,2,2,0.5,0.5,48,155,354,0.04758064516129032,skab_fold_aware_refined_search,82
0.43333333333333335,0.43333333333333335,1.0,0.6046511627906976,unseen_data,SKAB,fold_5,42,3,5,probabilistic_suffix_tree,2,2,0.5,0.5,48,155,354,0.04758064516129032,skab_fold_aware_refined_search,82
0.562,0.3072289156626506,0.5087281795511222,0.38309859154929576,original,SKAB,fold_1,42,3,5,probabilistic_suffix_tree,2,2,0.5,0.7,52,180,436,0.04658119658119658,skab_fold_aware_refined_search,83
0.556,0.3031203566121842,0.5087281795511222,0.37988826815642457,gaussian_noise,SKAB,fold_1,42,3,5,probabilistic_suffix_tree,2,2,0.5,0.7,52,180,436,0.04658119658119658,skab_fold_aware_refined_search,83
0.0,0.0,0.0,0.0,unseen_data,SKAB,fold_1,42,3,5,probabilistic_suffix_tree,2,2,0.5,0.7,52,180,436,0.04658119658119658,skab_fold_aware_refined_search,83
0.5896921017402945,0.350354609929078,0.6144278606965174,0.44625112917795845,original,SKAB,fold_2,42,3,5,probabilistic_suffix_tree,2,2,0.5,0.7,49,157,368,0.04783569478746913,skab_fold_aware_refined_search,83
0.5749665327978581,0.3419267299864315,0.6268656716417911,0.4424934152765584,gaussian_noise,SKAB,fold_2,42,3,5,probabilistic_suffix_tree,2,2,0.5,0.7,49,157,368,0.04783569478746913,skab_fold_aware_refined_search,83
0.0,0.0,0.0,0.0,unseen_data,SKAB,fold_2,42,3,5,probabilistic_suffix_tree,2,2,0.5,0.7,49,157,368,0.04783569478746913,skab_fold_aware_refined_search,83
0.4243641231593039,0.22850412249705537,0.48621553884711777,0.3108974358974359,original,SKAB,fold_3,42,3,5,probabilistic_suffix_tree,2,2,0.5,0.7,48,156,362,0.048344017094017096,skab_fold_aware_refined_search,83
0.43105756358768405,0.23930635838150288,0.518796992481203,0.3275316455696203,gaussian_noise,SKAB,fold_3,42,3,5,probabilistic_suffix_tree,2,2,0.5,0.7,48,156,362,0.048344017094017096,skab_fold_aware_refined_search,83
0.07142857142857142,0.07142857142857142,1.0,0.13333333333333333,unseen_data,SKAB,fold_3,42,3,5,probabilistic_suffix_tree,2,2,0.5,0.7,48,156,362,0.048344017094017096,skab_fold_aware_refined_search,83
0.31343283582089554,0.10246433203631647,0.19799498746867167,0.13504273504273503,original,SKAB,fold_4,42,3,5,probabilistic_suffix_tree,2,2,0.5,0.7,49,164,384,0.047784967645594825,skab_fold_aware_refined_search,83
0.3113975576662144,0.1020671834625323,0.19799498746867167,0.13469735720375106,gaussian_noise,SKAB,fold_4,42,3,5,probabilistic_suffix_tree,2,2,0.5,0.7,49,164,384,0.047784967645594825,skab_fold_aware_refined_search,83
0.6666666666666666,0.6666666666666666,1.0,0.8,unseen_data,SKAB,fold_4,42,3,5,probabilistic_suffix_tree,2,2,0.5,0.7,49,164,384,0.047784967645594825,skab_fold_aware_refined_search,83
0.42356055592322966,0.29334500875656744,0.8395989974937343,0.43478260869565216,original,SKAB,fold_5,42,3,5,probabilistic_suffix_tree,2,2,0.5,0.7,48,155,354,0.04758064516129032,skab_fold_aware_refined_search,83
0.42091330244870945,0.2983050847457627,0.8822055137844611,0.44585180493983534,gaussian_noise,SKAB,fold_5,42,3,5,probabilistic_suffix_tree,2,2,0.5,0.7,48,155,354,0.04758064516129032,skab_fold_aware_refined_search,83
0.43333333333333335,0.43333333333333335,1.0,0.6046511627906976,unseen_data,SKAB,fold_5,42,3,5,probabilistic_suffix_tree,2,2,0.5,0.7,48,155,354,0.04758064516129032,skab_fold_aware_refined_search,83
0.516,0.35581188997338065,1.0,0.524869109947644,original,SKAB,fold_1,42,3,5,probabilistic_suffix_tree,2,2,0.5,0.9,52,180,436,0.04658119658119658,skab_fold_aware_refined_search,84
0.516,0.35581188997338065,1.0,0.524869109947644,gaussian_noise,SKAB,fold_1,42,3,5,probabilistic_suffix_tree,2,2,0.5,0.9,52,180,436,0.04658119658119658,skab_fold_aware_refined_search,84
0.0,0.0,0.0,0.0,unseen_data,SKAB,fold_1,42,3,5,probabilistic_suffix_tree,2,2,0.5,0.9,52,180,436,0.04658119658119658,skab_fold_aware_refined_search,84
0.5187416331994645,0.3586083853702052,1.0,0.5279054497701904,original,SKAB,fold_2,42,3,5,probabilistic_suffix_tree,2,2,0.5,0.9,49,157,368,0.04783569478746913,skab_fold_aware_refined_search,84
0.5187416331994645,0.3586083853702052,1.0,0.5279054497701904,gaussian_noise,SKAB,fold_2,42,3,5,probabilistic_suffix_tree,2,2,0.5,0.9,49,157,368,0.04783569478746913,skab_fold_aware_refined_search,84
0.0,0.0,0.0,0.0,unseen_data,SKAB,fold_2,42,3,5,probabilistic_suffix_tree,2,2,0.5,0.9,49,157,368,0.04783569478746913,skab_fold_aware_refined_search,84
0.2838018741633199,0.2054433713784021,0.5864661654135338,0.30429128738621586,original,SKAB,fold_3,42,3,5,probabilistic_suffix_tree,2,2,0.5,0.9,48,156,362,0.048344017094017096,skab_fold_aware_refined_search,84
0.2838018741633199,0.2054433713784021,0.5864661654135338,0.30429128738621586,gaussian_noise,SKAB,fold_3,42,3,5,probabilistic_suffix_tree,2,2,0.5,0.9,48,156,362,0.048344017094017096,skab_fold_aware_refined_search,84
0.07142857142857142,0.07142857142857142,1.0,0.13333333333333333,unseen_data,SKAB,fold_3,42,3,5,probabilistic_suffix_tree,2,2,0.5,0.9,48,156,362,0.048344017094017096,skab_fold_aware_refined_search,84
0.24559023066485752,0.17561419472247497,0.48370927318295737,0.2576769025367156,original,SKAB,fold_4,42,3,5,probabilistic_suffix_tree,2,2,0.5,0.9,49,164,384,0.047784967645594825,skab_fold_aware_refined_search,84
0.24559023066485752,0.17561419472247497,0.48370927318295737,0.2576769025367156,gaussian_noise,SKAB,fold_4,42,3,5,probabilistic_suffix_tree,2,2,0.5,0.9,49,164,384,0.047784967645594825,skab_fold_aware_refined_search,84
0.6666666666666666,0.6666666666666666,1.0,0.8,unseen_data,SKAB,fold_4,42,3,5,probabilistic_suffix_tree,2,2,0.5,0.9,49,164,384,0.047784967645594825,skab_fold_aware_refined_search,84
0.30774321641297153,0.27105449398443027,0.9598997493734336,0.4227373068432671,original,SKAB,fold_5,42,3,5,probabilistic_suffix_tree,2,2,0.5,0.9,48,155,354,0.04758064516129032,skab_fold_aware_refined_search,84
0.3057577763070814,0.2714486638537271,0.9674185463659147,0.42394288852278966,gaussian_noise,SKAB,fold_5,42,3,5,probabilistic_suffix_tree,2,2,0.5,0.9,48,155,354,0.04758064516129032,skab_fold_aware_refined_search,84
0.43333333333333335,0.43333333333333335,1.0,0.6046511627906976,unseen_data,SKAB,fold_5,42,3,5,probabilistic_suffix_tree,2,2,0.5,0.9,48,155,354,0.04758064516129032,skab_fold_aware_refined_search,84
0.63,0.1592920353982301,0.08977556109725686,0.11483253588516747,original,SKAB,fold_1,42,3,5,probabilistic_suffix_tree,3,1,0.1,0.5,52,437,904,0.039781728568913925,skab_fold_aware_refined_search,85
0.6286666666666667,0.1608695652173913,0.09226932668329177,0.11727416798732171,gaussian_noise,SKAB,fold_1,42,3,5,probabilistic_suffix_tree,3,1,0.1,0.5,52,437,904,0.039781728568913925,skab_fold_aware_refined_search,85
0.0,0.0,0.0,0.0,unseen_data,SKAB,fold_1,42,3,5,probabilistic_suffix_tree,3,1,0.1,0.5,52,437,904,0.039781728568913925,skab_fold_aware_refined_search,85
0.6338688085676037,0.3145780051150895,0.30597014925373134,0.31021437578814626,original,SKAB,fold_2,42,3,5,probabilistic_suffix_tree,3,1,0.1,0.5,49,369,756,0.041811846689895474,skab_fold_aware_refined_search,85
0.6325301204819277,0.3270588235294118,0.34577114427860695,0.33615477629987905,gaussian_noise,SKAB,fold_2,42,3,5,probabilistic_suffix_tree,3,1,0.1,0.5,49,369,756,0.041811846689895474,skab_fold_aware_refined_search,85
0.0,0.0,0.0,0.0,unseen_data,SKAB,fold_2,42,3,5,probabilistic_suffix_tree,3,1,0.1,0.5,49,369,756,0.041811846689895474,skab_fold_aware_refined_search,85
0.5307898259705489,0.2332155477031802,0.3308270676691729,0.27357512953367874,original,SKAB,fold_3,42,3,5,probabilistic_suffix_tree,3,1,0.1,0.5,48,363,731,0.041953627180899906,skab_fold_aware_refined_search,85
0.536813922356091,0.24871355060034306,0.3634085213032581,0.2953156822810591,gaussian_noise,SKAB,fold_3,42,3,5,probabilistic_suffix_tree,3,1,0.1,0.5,48,363,731,0.041953627180899906,skab_fold_aware_refined_search,85
0.07142857142857142,0.07142857142857142,1.0,0.13333333333333333,unseen_data,SKAB,fold_3,42,3,5,probabilistic_suffix_tree,3,1,0.1,0.5,48,363,731,0.041953627180899906,skab_fold_aware_refined_search,85
0.508819538670285,0.11764705882352941,0.12531328320802004,0.12135922330097088,original,SKAB,fold_4,42,3,5,probabilistic_suffix_tree,3,1,0.1,0.5,49,385,783,0.04150543334216804,skab_fold_aware_refined_search,85
0.4972862957937585,0.11486486486486487,0.12781954887218044,0.12099644128113879,gaussian_noise,SKAB,fold_4,42,3,5,probabilistic_suffix_tree,3,1,0.1,0.5,49,385,783,0.04150543334216804,skab_fold_aware_refined_search,85
0.6666666666666666,0.6666666666666666,1.0,0.8,unseen_data,SKAB,fold_4,42,3,5,probabilistic_suffix_tree,3,1,0.1,0.5,49,385,783,0.04150543334216804,skab_fold_aware_refined_search,85
0.49503639973527463,0.28537735849056606,0.606516290726817,0.38813151563753007,original,SKAB,fold_5,42,3,5,probabilistic_suffix_tree,3,1,0.1,0.5,48,355,699,0.04102112676056338,skab_fold_aware_refined_search,85
0.4884182660489742,0.29129464285714285,0.6541353383458647,0.40308880308880307,gaussian_noise,SKAB,fold_5,42,3,5,probabilistic_suffix_tree,3,1,0.1,0.5,48,355,699,0.04102112676056338,skab_fold_aware_refined_search,85
0.43333333333333335,0.43333333333333335,1.0,0.6046511627906976,unseen_data,SKAB,fold_5,42,3,5,probabilistic_suffix_tree,3,1,0.1,0.5,48,355,699,0.04102112676056338,skab_fold_aware_refined_search,85
0.5333333333333333,0.16404494382022472,0.18204488778054864,0.17257683215130024,original,SKAB,fold_1,42,3,5,probabilistic_suffix_tree,3,1,0.1,0.7,52,437,904,0.039781728568913925,skab_fold_aware_refined_search,86
0.528,0.15964523281596452,0.17955112219451372,0.16901408450704225,gaussian_noise,SKAB,fold_1,42,3,5,probabilistic_suffix_tree,3,1,0.1,0.7,52,437,904,0.039781728568913925,skab_fold_aware_refined_search,86
0.0,0.0,0.0,0.0,unseen_data,SKAB,fold_1,42,3,5,probabilistic_suffix_tree,3,1,0.1,0.7,52,437,904,0.039781728568913925,skab_fold_aware_refined_search,86
0.5970548862115127,0.3422712933753943,0.5398009950248757,0.4189189189189189,original,SKAB,fold_2,42,3,5,probabilistic_suffix_tree,3,1,0.1,0.7,49,369,756,0.041811846689895474,skab_fold_aware_refined_search,86
0.5856760374832664,0.333843797856049,0.5422885572139303,0.4132701421800948,gaussian_noise,SKAB,fold_2,42,3,5,probabilistic_suffix_tree,3,1,0.1,0.7,49,369,756,0.041811846689895474,skab_fold_aware_refined_search,86
0.0,0.0,0.0,0.0,unseen_data,SKAB,fold_2,42,3,5,probabilistic_suffix_tree,3,1,0.1,0.7,49,369,756,0.041811846689895474,skab_fold_aware_refined_search,86
0.4431057563587684,0.22420382165605096,0.44110275689223055,0.2972972972972973,original,SKAB,fold_3,42,3,5,probabilistic_suffix_tree,3,1,0.1,0.7,48,363,731,0.041953627180899906,skab_fold_aware_refined_search,86
0.4504685408299866,0.23886138613861385,0.48370927318295737,0.31980115990057995,gaussian_noise,SKAB,fold_3,42,3,5,probabilistic_suffix_tree,3,1,0.1,0.7,48,363,731,0.041953627180899906,skab_fold_aware_refined_search,86
0.07142857142857142,0.07142857142857142,1.0,0.13333333333333333,unseen_data,SKAB,fold_3,42,3,5,probabilistic_suffix_tree,3,1,0.1,0.7,48,363,731,0.041953627180899906,skab_fold_aware_refined_search,86
0.38263229308005425,0.11578947368421053,0.19298245614035087,0.14473684210526316,original,SKAB,fold_4,42,3,5,probabilistic_suffix_tree,3,1,0.1,0.7,49,385,783,0.04150543334216804,skab_fold_aware_refined_search,86
0.3751696065128901,0.11390532544378698,0.19298245614035087,0.14325581395348838,gaussian_noise,SKAB,fold_4,42,3,5,probabilistic_suffix_tree,3,1,0.1,0.7,49,385,783,0.04150543334216804,skab_fold_aware_refined_search,86
0.6666666666666666,0.6666666666666666,1.0,0.8,unseen_data,SKAB,fold_4,42,3,5,probabilistic_suffix_tree,3,1,0.1,0.7,49,385,783,0.04150543334216804,skab_fold_aware_refined_search,86
0.442753143613501,0.30450132391879964,0.8646616541353384,0.45039164490861616,original,SKAB,fold_5,42,3,5,probabilistic_suffix_tree,3,1,0.1,0.7,48,355,699,0.04102112676056338,skab_fold_aware_refined_search,86
0.44209133024487096,0.3076256499133449,0.8897243107769424,0.45717965228589824,gaussian_noise,SKAB,fold_5,42,3,5,probabilistic_suffix_tree,3,1,0.1,0.7,48,355,699,0.04102112676056338,skab_fold_aware_refined_search,86
0.43333333333333335,0.43333333333333335,1.0,0.6046511627906976,unseen_data,SKAB,fold_5,42,3,5,probabilistic_suffix_tree,3,1,0.1,0.7,48,355,699,0.04102112676056338,skab_fold_aware_refined_search,86
0.5153333333333333,0.3554964539007092,1.0,0.5245258338783518,original,SKAB,fold_1,42,3,5,probabilistic_suffix_tree,3,1,0.1,0.9,52,437,904,0.039781728568913925,skab_fold_aware_refined_search,87
0.5153333333333333,0.3554964539007092,1.0,0.5245258338783518,gaussian_noise,SKAB,fold_1,42,3,5,probabilistic_suffix_tree,3,1,0.1,0.9,52,437,904,0.039781728568913925,skab_fold_aware_refined_search,87
0.0,0.0,0.0,0.0,unseen_data,SKAB,fold_1,42,3,5,probabilistic_suffix_tree,3,1,0.1,0.9,52,437,904,0.039781728568913925,skab_fold_aware_refined_search,87
0.5060240963855421,0.34643510054844606,0.9427860696517413,0.5066844919786097,original,SKAB,fold_2,42,3,5,probabilistic_suffix_tree,3,1,0.1,0.9,49,369,756,0.041811846689895474,skab_fold_aware_refined_search,87
0.5066934404283802,0.3473108477666363,0.9477611940298507,0.5083388925950634,gaussian_noise,SKAB,fold_2,42,3,5,probabilistic_suffix_tree,3,1,0.1,0.9,49,369,756,0.041811846689895474,skab_fold_aware_refined_search,87
0.0,0.0,0.0,0.0,unseen_data,SKAB,fold_2,42,3,5,probabilistic_suffix_tree,3,1,0.1,0.9,49,369,756,0.041811846689895474,skab_fold_aware_refined_search,87
0.2838018741633199,0.2054433713784021,0.5864661654135338,0.30429128738621586,original,SKAB,fold_3,42,3,5,probabilistic_suffix_tree,3,1,0.1,0.9,48,363,731,0.041953627180899906,skab_fold_aware_refined_search,87
0.2838018741633199,0.2054433713784021,0.5864661654135338,0.30429128738621586,gaussian_noise,SKAB,fold_3,42,3,5,probabilistic_suffix_tree,3,1,0.1,0.9,48,363,731,0.041953627180899906,skab_fold_aware_refined_search,87
0.07142857142857142,0.07142857142857142,1.0,0.13333333333333333,unseen_data,SKAB,fold_3,42,3,5,probabilistic_suffix_tree,3,1,0.1,0.9,48,363,731,0.041953627180899906,skab_fold_aware_refined_search,87
0.2462686567164179,0.17695099818511797,0.48872180451127817,0.2598267821452365,original,SKAB,fold_4,42,3,5,probabilistic_suffix_tree,3,1,0.1,0.9,49,385,783,0.04150543334216804,skab_fold_aware_refined_search,87
0.2462686567164179,0.17695099818511797,0.48872180451127817,0.2598267821452365,gaussian_noise,SKAB,fold_4,42,3,5,probabilistic_suffix_tree,3,1,0.1,0.9,49,385,783,0.04150543334216804,skab_fold_aware_refined_search,87
0.6666666666666666,0.6666666666666666,1.0,0.8,unseen_data,SKAB,fold_4,42,3,5,probabilistic_suffix_tree,3,1,0.1,0.9,49,385,783,0.04150543334216804,skab_fold_aware_refined_search,87
0.3064195896757114,0.273235499650594,0.9799498746867168,0.4273224043715847,original,SKAB,fold_5,42,3,5,probabilistic_suffix_tree,3,1,0.1,0.9,48,355,699,0.04102112676056338,skab_fold_aware_refined_search,87
0.30377233620119126,0.27279053583855256,0.9824561403508771,0.42701525054466233,gaussian_noise,SKAB,fold_5,42,3,5,probabilistic_suffix_tree,3,1,0.1,0.9,48,355,699,0.04102112676056338,skab_fold_aware_refined_search,87
0.43333333333333335,0.43333333333333335,1.0,0.6046511627906976,unseen_data,SKAB,fold_5,42,3,5,probabilistic_suffix_tree,3,1,0.1,0.9,48,355,699,0.04102112676056338,skab_fold_aware_refined_search,87
0.5566666666666666,0.17,0.16957605985037408,0.16978776529338327,original,SKAB,fold_1,42,3,5,probabilistic_suffix_tree,3,1,0.5,0.5,52,437,904,0.039781728568913925,skab_fold_aware_refined_search,88
0.5526666666666666,0.16748768472906403,0.16957605985037408,0.16852540272614622,gaussian_noise,SKAB,fold_1,42,3,5,probabilistic_suffix_tree,3,1,0.5,0.5,52,437,904,0.039781728568913925,skab_fold_aware_refined_search,88
0.0,0.0,0.0,0.0,unseen_data,SKAB,fold_1,42,3,5,probabilistic_suffix_tree,3,1,0.5,0.5,52,437,904,0.039781728568913925,skab_fold_aware_refined_search,88
0.5950468540829986,0.33965244865718797,0.5348258706467661,0.41545893719806765,original,SKAB,fold_2,42,3,5,probabilistic_suffix_tree,3,1,0.5,0.5,49,369,756,0.041811846689895474,skab_fold_aware_refined_search,88
0.5870147255689424,0.3333333333333333,0.5348258706467661,0.41069723018147086,gaussian_noise,SKAB,fold_2,42,3,5,probabilistic_suffix_tree,3,1,0.5,0.5,49,369,756,0.041811846689895474,skab_fold_aware_refined_search,88
0.0,0.0,0.0,0.0,unseen_data,SKAB,fold_2,42,3,5,probabilistic_suffix_tree,3,1,0.5,0.5,49,369,756,0.041811846689895474,skab_fold_aware_refined_search,88
0.44377510040160645,0.21948051948051947,0.42355889724310775,0.2891360136869119,original,SKAB,fold_3,42,3,5,probabilistic_suffix_tree,3,1,0.5,0.5,48,363,731,0.041953627180899906,skab_fold_aware_refined_search,88
0.4538152610441767,0.23773584905660378,0.47368421052631576,0.3165829145728643,gaussian_noise,SKAB,fold_3,42,3,5,probabilistic_suffix_tree,3,1,0.5,0.5,48,363,731,0.041953627180899906,skab_fold_aware_refined_search,88
0.07142857142857142,0.07142857142857142,1.0,0.13333333333333333,unseen_data,SKAB,fold_3,42,3,5,probabilistic_suffix_tree,3,1,0.5,0.5,48,363,731,0.041953627180899906,skab_fold_aware_refined_search,88
0.40637720488466755,0.1111111111111111,0.17042606516290726,0.13452027695351138,original,SKAB,fold_4,42,3,5,probabilistic_suffix_tree,3,1,0.5,0.5,49,385,783,0.04150543334216804,skab_fold_aware_refined_search,88
0.39823609226594303,0.11022364217252396,0.17293233082706766,0.13463414634146342,gaussian_noise,SKAB,fold_4,42,3,5,probabilistic_suffix_tree,3,1,0.5,0.5,49,385,783,0.04150543334216804,skab_fold_aware_refined_search,88
0.6666666666666666,0.6666666666666666,1.0,0.8,unseen_data,SKAB,fold_4,42,3,5,probabilistic_suffix_tree,3,1,0.5,0.5,49,385,783,0.04150543334216804,skab_fold_aware_refined_search,88
0.44738583719391134,0.3057040998217469,0.8596491228070176,0.4510190664036818,original,SKAB,fold_5,42,3,5,probabilistic_suffix_tree,3,1,0.5,0.5,48,355,699,0.04102112676056338,skab_fold_aware_refined_search,88
0.44672402382528126,0.30850131463628394,0.8822055137844611,0.45714285714285713,gaussian_noise,SKAB,fold_5,42,3,5,probabilistic_suffix_tree,3,1,0.5,0.5,48,355,699,0.04102112676056338,skab_fold_aware_refined_search,88
0.43333333333333335,0.43333333333333335,1.0,0.6046511627906976,unseen_data,SKAB,fold_5,42,3,5,probabilistic_suffix_tree,3,1,0.5,0.5,48,355,699,0.04102112676056338,skab_fold_aware_refined_search,88
0.542,0.29745042492917845,0.5236907730673317,0.3794037940379404,original,SKAB,fold_1,42,3,5,probabilistic_suffix_tree,3,1,0.5,0.7,52,437,904,0.039781728568913925,skab_fold_aware_refined_search,89
0.5373333333333333,0.29453015427769985,0.5236907730673317,0.3770197486535009,gaussian_noise,SKAB,fold_1,42,3,5,probabilistic_suffix_tree,3,1,0.5,0.7,52,437,904,0.039781728568913925,skab_fold_aware_refined_search,89
0.0,0.0,0.0,0.0,unseen_data,SKAB,fold_1,42,3,5,probabilistic_suffix_tree,3,1,0.5,0.7,52,437,904,0.039781728568913925,skab_fold_aware_refined_search,89
0.5789825970548862,0.35240572171651496,0.6741293532338308,0.4628522630230572,original,SKAB,fold_2,42,3,5,probabilistic_suffix_tree,3,1,0.5,0.7,49,369,756,0.041811846689895474,skab_fold_aware_refined_search,89
0.5689424364123159,0.34760705289672544,0.6865671641791045,0.46153846153846156,gaussian_noise,SKAB,fold_2,42,3,5,probabilistic_suffix_tree,3,1,0.5,0.7,49,369,756,0.041811846689895474,skab_fold_aware_refined_search,89
0.0,0.0,0.0,0.0,unseen_data,SKAB,fold_2,42,3,5,probabilistic_suffix_tree,3,1,0.5,0.7,49,369,756,0.041811846689895474,skab_fold_aware_refined_search,89
0.4062918340026774,0.229490022172949,0.518796992481203,0.31821675634127594,original,SKAB,fold_3,42,3,5,probabilistic_suffix_tree,3,1,0.5,0.7,48,363,731,0.041953627180899906,skab_fold_aware_refined_search,89
0.40896921017402943,0.23638344226579522,0.543859649122807,0.32953682611996965,gaussian_noise,SKAB,fold_3,42,3,5,probabilistic_suffix_tree,3,1,0.5,0.7,48,363,731,0.041953627180899906,skab_fold_aware_refined_search,89
0.07142857142857142,0.07142857142857142,1.0,0.13333333333333333,unseen_data,SKAB,fold_3,42,3,5,probabilistic_suffix_tree,3,1,0.5,0.7,48,363,731,0.041953627180899906,skab_fold_aware_refined_search,89
0.2781546811397558,0.10836277974087162,0.23057644110275688,0.14743589743589744,original,SKAB,fold_4,42,3,5,probabilistic_suffix_tree,3,1,0.5,0.7,49,385,783,0.04150543334216804,skab_fold_aware_refined_search,89
0.276797829036635,0.10625737898465171,0.22556390977443608,0.14446227929373998,gaussian_noise,SKAB,fold_4,42,3,5,probabilistic_suffix_tree,3,1,0.5,0.7,49,385,783,0.04150543334216804,skab_fold_aware_refined_search,89
0.6666666666666666,0.6666666666666666,1.0,0.8,unseen_data,SKAB,fold_4,42,3,5,probabilistic_suffix_tree,3,1,0.5,0.7,49,385,783,0.04150543334216804,skab_fold_aware_refined_search,89
0.41032428855062875,0.29534109816971715,0.8897243107769424,0.443472829481574,original,SKAB,fold_5,42,3,5,probabilistic_suffix_tree,3,1,0.5,0.7,48,355,699,0.04102112676056338,skab_fold_aware_refined_search,89
0.4056915949702184,0.29764801297648014,0.9197994987468672,0.4497549019607843,gaussian_noise,SKAB,fold_5,42,3,5,probabilistic_suffix_tree,3,1,0.5,0.7,48,355,699,0.04102112676056338,skab_fold_aware_refined_search,89
0.43333333333333335,0.43333333333333335,1.0,0.6046511627906976,unseen_data,SKAB,fold_5,42,3,5,probabilistic_suffix_tree,3,1,0.5,0.7,48,355,699,0.04102112676056338,skab_fold_aware_refined_search,89
0.5153333333333333,0.3554964539007092,1.0,0.5245258338783518,original,SKAB,fold_1,42,3,5,probabilistic_suffix_tree,3,1,0.5,0.9,52,437,904,0.039781728568913925,skab_fold_aware_refined_search,90
0.5153333333333333,0.3554964539007092,1.0,0.5245258338783518,gaussian_noise,SKAB,fold_1,42,3,5,probabilistic_suffix_tree,3,1,0.5,0.9,52,437,904,0.039781728568913925,skab_fold_aware_refined_search,90
0.0,0.0,0.0,0.0,unseen_data,SKAB,fold_1,42,3,5,probabilistic_suffix_tree,3,1,0.5,0.9,52,437,904,0.039781728568913925,skab_fold_aware_refined_search,90
0.5180722891566265,0.3582887700534759,1.0,0.5275590551181102,original,SKAB,fold_2,42,3,5,probabilistic_suffix_tree,3,1,0.5,0.9,49,369,756,0.041811846689895474,skab_fold_aware_refined_search,90
0.5180722891566265,0.3582887700534759,1.0,0.5275590551181102,gaussian_noise,SKAB,fold_2,42,3,5,probabilistic_suffix_tree,3,1,0.5,0.9,49,369,756,0.041811846689895474,skab_fold_aware_refined_search,90
0.0,0.0,0.0,0.0,unseen_data,SKAB,fold_2,42,3,5,probabilistic_suffix_tree,3,1,0.5,0.9,49,369,756,0.041811846689895474,skab_fold_aware_refined_search,90
0.2838018741633199,0.2054433713784021,0.5864661654135338,0.30429128738621586,original,SKAB,fold_3,42,3,5,probabilistic_suffix_tree,3,1,0.5,0.9,48,363,731,0.041953627180899906,skab_fold_aware_refined_search,90
0.2838018741633199,0.2054433713784021,0.5864661654135338,0.30429128738621586,gaussian_noise,SKAB,fold_3,42,3,5,probabilistic_suffix_tree,3,1,0.5,0.9,48,363,731,0.041953627180899906,skab_fold_aware_refined_search,90
0.07142857142857142,0.07142857142857142,1.0,0.13333333333333333,unseen_data,SKAB,fold_3,42,3,5,probabilistic_suffix_tree,3,1,0.5,0.9,48,363,731,0.041953627180899906,skab_fold_aware_refined_search,90
0.2462686567164179,0.17695099818511797,0.48872180451127817,0.2598267821452365,original,SKAB,fold_4,42,3,5,probabilistic_suffix_tree,3,1,0.5,0.9,49,385,783,0.04150543334216804,skab_fold_aware_refined_search,90
0.2462686567164179,0.17695099818511797,0.48872180451127817,0.2598267821452365,gaussian_noise,SKAB,fold_4,42,3,5,probabilistic_suffix_tree,3,1,0.5,0.9,49,385,783,0.04150543334216804,skab_fold_aware_refined_search,90
0.6666666666666666,0.6666666666666666,1.0,0.8,unseen_data,SKAB,fold_4,42,3,5,probabilistic_suffix_tree,3,1,0.5,0.9,49,385,783,0.04150543334216804,skab_fold_aware_refined_search,90
0.3064195896757114,0.273235499650594,0.9799498746867168,0.4273224043715847,original,SKAB,fold_5,42,3,5,probabilistic_suffix_tree,3,1,0.5,0.9,48,355,699,0.04102112676056338,skab_fold_aware_refined_search,90
0.30377233620119126,0.27279053583855256,0.9824561403508771,0.42701525054466233,gaussian_noise,SKAB,fold_5,42,3,5,probabilistic_suffix_tree,3,1,0.5,0.9,48,355,699,0.04102112676056338,skab_fold_aware_refined_search,90
0.43333333333333335,0.43333333333333335,1.0,0.6046511627906976,unseen_data,SKAB,fold_5,42,3,5,probabilistic_suffix_tree,3,1,0.5,0.9,48,355,699,0.04102112676056338,skab_fold_aware_refined_search,90
0.6306666666666667,0.16,0.08977556109725686,0.11501597444089456,original,SKAB,fold_1,42,3,5,probabilistic_suffix_tree,3,2,0.1,0.5,52,437,904,0.039781728568913925,skab_fold_aware_refined_search,91
0.6293333333333333,0.1615720524017467,0.09226932668329177,0.11746031746031746,gaussian_noise,SKAB,fold_1,42,3,5,probabilistic_suffix_tree,3,2,0.1,0.5,52,437,904,0.039781728568913925,skab_fold_aware_refined_search,91
0.0,0.0,0.0,0.0,unseen_data,SKAB,fold_1,42,3,5,probabilistic_suffix_tree,3,2,0.1,0.5,52,437,904,0.039781728568913925,skab_fold_aware_refined_search,91
0.6345381526104418,0.31443298969072164,0.3034825870646766,0.30886075949367087,original,SKAB,fold_2,42,3,5,probabilistic_suffix_tree,3,2,0.1,0.5,49,369,756,0.041811846689895474,skab_fold_aware_refined_search,91
0.6345381526104418,0.3293838862559242,0.34577114427860695,0.33737864077669905,gaussian_noise,SKAB,fold_2,42,3,5,probabilistic_suffix_tree,3,2,0.1,0.5,49,369,756,0.041811846689895474,skab_fold_aware_refined_search,91
0.0,0.0,0.0,0.0,unseen_data,SKAB,fold_2,42,3,5,probabilistic_suffix_tree,3,2,0.1,0.5,49,369,756,0.041811846689895474,skab_fold_aware_refined_search,91
0.5374832663989291,0.23741007194244604,0.3308270676691729,0.2764397905759162,original,SKAB,fold_3,42,3,5,probabilistic_suffix_tree,3,2,0.1,0.5,48,363,731,0.041953627180899906,skab_fold_aware_refined_search,91
0.5421686746987951,0.25217391304347825,0.3634085213032581,0.29774127310061604,gaussian_noise,SKAB,fold_3,42,3,5,probabilistic_suffix_tree,3,2,0.1,0.5,48,363,731,0.041953627180899906,skab_fold_aware_refined_search,91
0.07142857142857142,0.07142857142857142,1.0,0.13333333333333333,unseen_data,SKAB,fold_3,42,3,5,probabilistic_suffix_tree,3,2,0.1,0.5,48,363,731,0.041953627180899906,skab_fold_aware_refined_search,91
0.5094979647218453,0.11428571428571428,0.12030075187969924,0.11721611721611722,original,SKAB,fold_4,42,3,5,probabilistic_suffix_tree,3,2,0.1,0.5,49,385,783,0.04150543334216804,skab_fold_aware_refined_search,91
0.5006784260515604,0.11264367816091954,0.12280701754385964,0.11750599520383694,gaussian_noise,SKAB,fold_4,42,3,5,probabilistic_suffix_tree,3,2,0.1,0.5,49,385,783,0.04150543334216804,skab_fold_aware_refined_search,91
0.6666666666666666,0.6666666666666666,1.0,0.8,unseen_data,SKAB,fold_4,42,3,5,probabilistic_suffix_tree,3,2,0.1,0.5,49,385,783,0.04150543334216804,skab_fold_aware_refined_search,91
0.49503639973527463,0.28072289156626506,0.5839598997493735,0.3791700569568755,original,SKAB,fold_5,42,3,5,probabilistic_suffix_tree,3,2,0.1,0.5,48,355,699,0.04102112676056338,skab_fold_aware_refined_search,91
0.4923891462607545,0.2899543378995434,0.6365914786967418,0.3984313725490196,gaussian_noise,SKAB,fold_5,42,3,5,probabilistic_suffix_tree,3,2,0.1,0.5,48,355,699,0.04102112676056338,skab_fold_aware_refined_search,91
0.43333333333333335,0.43333333333333335,1.0,0.6046511627906976,unseen_data,SKAB,fold_5,42,3,5,probabilistic_suffix_tree,3,2,0.1,0.5,48,355,699,0.04102112676056338,skab_fold_aware_refined_search,91
0.534,0.16441441441441443,0.18204488778054864,0.1727810650887574,original,SKAB,fold_1,42,3,5,probabilistic_suffix_tree,3,2,0.1,0.7,52,437,904,0.039781728568913925,skab_fold_aware_refined_search,92
0.5286666666666666,0.16,0.17955112219451372,0.1692126909518214,gaussian_noise,SKAB,fold_1,42,3,5,probabilistic_suffix_tree,3,2,0.1,0.7,52,437,904,0.039781728568913925,skab_fold_aware_refined_search,92
0.0,0.0,0.0,0.0,unseen_data,SKAB,fold_1,42,3,5,probabilistic_suffix_tree,3,2,0.1,0.7,52,437,904,0.039781728568913925,skab_fold_aware_refined_search,92
0.5983935742971888,0.34335443037974683,0.5398009950248757,0.4197292069632495,original,SKAB,fold_2,42,3,5,probabilistic_suffix_tree,3,2,0.1,0.7,49,369,756,0.041811846689895474,skab_fold_aware_refined_search,92
0.5856760374832664,0.333843797856049,0.5422885572139303,0.4132701421800948,gaussian_noise,SKAB,fold_2,42,3,5,probabilistic_suffix_tree,3,2,0.1,0.7,49,369,756,0.041811846689895474,skab_fold_aware_refined_search,92
0.0,0.0,0.0,0.0,unseen_data,SKAB,fold_2,42,3,5,probabilistic_suffix_tree,3,2,0.1,0.7,49,369,756,0.041811846689895474,skab_fold_aware_refined_search,92
0.4444444444444444,0.2247765006385696,0.44110275689223055,0.29780033840947545,original,SKAB,fold_3,42,3,5,probabilistic_suffix_tree,3,2,0.1,0.7,48,363,731,0.041953627180899906,skab_fold_aware_refined_search,92
0.45113788487282463,0.23915737298636927,0.48370927318295737,0.3200663349917081,gaussian_noise,SKAB,fold_3,42,3,5,probabilistic_suffix_tree,3,2,0.1,0.7,48,363,731,0.041953627180899906,skab_fold_aware_refined_search,92
0.07142857142857142,0.07142857142857142,1.0,0.13333333333333333,unseen_data,SKAB,fold_3,42,3,5,probabilistic_suffix_tree,3,2,0.1,0.7,48,363,731,0.041953627180899906,skab_fold_aware_refined_search,92
0.3812754409769335,0.11312217194570136,0.18796992481203006,0.14124293785310735,original,SKAB,fold_4,42,3,5,probabilistic_suffix_tree,3,2,0.1,0.7,49,385,783,0.04150543334216804,skab_fold_aware_refined_search,92
0.37381275440976935,0.11127596439169139,0.18796992481203006,0.13979496738117428,gaussian_noise,SKAB,fold_4,42,3,5,probabilistic_suffix_tree,3,2,0.1,0.7,49,385,783,0.04150543334216804,skab_fold_aware_refined_search,92
0.6666666666666666,0.6666666666666666,1.0,0.8,unseen_data,SKAB,fold_4,42,3,5,probabilistic_suffix_tree,3,2,0.1,0.7,49,385,783,0.04150543334216804,skab_fold_aware_refined_search,92
0.4447385837193911,0.3053097345132743,0.8646616541353384,0.4512753433616743,original,SKAB,fold_5,42,3,5,probabilistic_suffix_tree,3,2,0.1,0.7,48,355,699,0.04102112676056338,skab_fold_aware_refined_search,92
0.442753143613501,0.30789245446660884,0.8897243107769424,0.4574742268041237,gaussian_noise,SKAB,fold_5,42,3,5,probabilistic_suffix_tree,3,2,0.1,0.7,48,355,699,0.04102112676056338,skab_fold_aware_refined_search,92
0.43333333333333335,0.43333333333333335,1.0,0.6046511627906976,unseen_data,SKAB,fold_5,42,3,5,probabilistic_suffix_tree,3,2,0.1,0.7,48,355,699,0.04102112676056338,skab_fold_aware_refined_search,92
0.5153333333333333,0.3554964539007092,1.0,0.5245258338783518,original,SKAB,fold_1,42,3,5,probabilistic_suffix_tree,3,2,0.1,0.9,52,437,904,0.039781728568913925,skab_fold_aware_refined_search,93
0.5153333333333333,0.3554964539007092,1.0,0.5245258338783518,gaussian_noise,SKAB,fold_1,42,3,5,probabilistic_suffix_tree,3,2,0.1,0.9,52,437,904,0.039781728568913925,skab_fold_aware_refined_search,93
0.0,0.0,0.0,0.0,unseen_data,SKAB,fold_1,42,3,5,probabilistic_suffix_tree,3,2,0.1,0.9,52,437,904,0.039781728568913925,skab_fold_aware_refined_search,93
0.5060240963855421,0.34643510054844606,0.9427860696517413,0.5066844919786097,original,SKAB,fold_2,42,3,5,probabilistic_suffix_tree,3,2,0.1,0.9,49,369,756,0.041811846689895474,skab_fold_aware_refined_search,93
0.5066934404283802,0.3473108477666363,0.9477611940298507,0.5083388925950634,gaussian_noise,SKAB,fold_2,42,3,5,probabilistic_suffix_tree,3,2,0.1,0.9,49,369,756,0.041811846689895474,skab_fold_aware_refined_search,93
0.0,0.0,0.0,0.0,unseen_data,SKAB,fold_2,42,3,5,probabilistic_suffix_tree,3,2,0.1,0.9,49,369,756,0.041811846689895474,skab_fold_aware_refined_search,93
0.2838018741633199,0.2054433713784021,0.5864661654135338,0.30429128738621586,original,SKAB,fold_3,42,3,5,probabilistic_suffix_tree,3,2,0.1,0.9,48,363,731,0.041953627180899906,skab_fold_aware_refined_search,93
0.2838018741633199,0.2054433713784021,0.5864661654135338,0.30429128738621586,gaussian_noise,SKAB,fold_3,42,3,5,probabilistic_suffix_tree,3,2,0.1,0.9,48,363,731,0.041953627180899906,skab_fold_aware_refined_search,93
0.07142857142857142,0.07142857142857142,1.0,0.13333333333333333,unseen_data,SKAB,fold_3,42,3,5,probabilistic_suffix_tree,3,2,0.1,0.9,48,363,731,0.041953627180899906,skab_fold_aware_refined_search,93
0.24491180461329715,0.17545454545454545,0.48370927318295737,0.25750500333555704,original,SKAB,fold_4,42,3,5,probabilistic_suffix_tree,3,2,0.1,0.9,49,385,783,0.04150543334216804,skab_fold_aware_refined_search,93
0.24491180461329715,0.17545454545454545,0.48370927318295737,0.25750500333555704,gaussian_noise,SKAB,fold_4,42,3,5,probabilistic_suffix_tree,3,2,0.1,0.9,49,385,783,0.04150543334216804,skab_fold_aware_refined_search,93
0.6666666666666666,0.6666666666666666,1.0,0.8,unseen_data,SKAB,fold_4,42,3,5,probabilistic_suffix_tree,3,2,0.1,0.9,49,385,783,0.04150543334216804,skab_fold_aware_refined_search,93
0.3064195896757114,0.273235499650594,0.9799498746867168,0.4273224043715847,original,SKAB,fold_5,42,3,5,probabilistic_suffix_tree,3,2,0.1,0.9,48,355,699,0.04102112676056338,skab_fold_aware_refined_search,93
0.30377233620119126,0.27279053583855256,0.9824561403508771,0.42701525054466233,gaussian_noise,SKAB,fold_5,42,3,5,probabilistic_suffix_tree,3,2,0.1,0.9,48,355,699,0.04102112676056338,skab_fold_aware_refined_search,93
0.43333333333333335,0.43333333333333335,1.0,0.6046511627906976,unseen_data,SKAB,fold_5,42,3,5,probabilistic_suffix_tree,3,2,0.1,0.9,48,355,699,0.04102112676056338,skab_fold_aware_refined_search,93
0.5573333333333333,0.17042606516290726,0.16957605985037408,0.17,original,SKAB,fold_1,42,3,5,probabilistic_suffix_tree,3,2,0.5,0.5,52,437,904,0.039781728568913925,skab_fold_aware_refined_search,94
0.5533333333333333,0.16790123456790124,0.16957605985037408,0.1687344913151365,gaussian_noise,SKAB,fold_1,42,3,5,probabilistic_suffix_tree,3,2,0.5,0.5,52,437,904,0.039781728568913925,skab_fold_aware_refined_search,94
0.0,0.0,0.0,0.0,unseen_data,SKAB,fold_1,42,3,5,probabilistic_suffix_tree,3,2,0.5,0.5,52,437,904,0.039781728568913925,skab_fold_aware_refined_search,94
0.5963855421686747,0.34072900158478603,0.5348258706467661,0.41626331074540174,original,SKAB,fold_2,42,3,5,probabilistic_suffix_tree,3,2,0.5,0.5,49,369,756,0.041811846689895474,skab_fold_aware_refined_search,94
0.5870147255689424,0.3333333333333333,0.5348258706467661,0.41069723018147086,gaussian_noise,SKAB,fold_2,42,3,5,probabilistic_suffix_tree,3,2,0.5,0.5,49,369,756,0.041811846689895474,skab_fold_aware_refined_search,94
0.0,0.0,0.0,0.0,unseen_data,SKAB,fold_2,42,3,5,probabilistic_suffix_tree,3,2,0.5,0.5,49,369,756,0.041811846689895474,skab_fold_aware_refined_search,94
0.44712182061579653,0.22091503267973855,0.42355889724310775,0.29037800687285226,original,SKAB,fold_3,42,3,5,probabilistic_suffix_tree,3,2,0.5,0.5,48,363,731,0.041953627180899906,skab_fold_aware_refined_search,94
0.4564926372155288,0.23893805309734514,0.47368421052631576,0.3176470588235294,gaussian_noise,SKAB,fold_3,42,3,5,probabilistic_suffix_tree,3,2,0.5,0.5,48,363,731,0.041953627180899906,skab_fold_aware_refined_search,94
0.07142857142857142,0.07142857142857142,1.0,0.13333333333333333,unseen_data,SKAB,fold_3,42,3,5,probabilistic_suffix_tree,3,2,0.5,0.5,48,363,731,0.041953627180899906,skab_fold_aware_refined_search,94
0.40637720488466755,0.10855263157894737,0.16541353383458646,0.13108242303872888,original,SKAB,fold_4,42,3,5,probabilistic_suffix_tree,3,2,0.5,0.5,49,385,783,0.04150543334216804,skab_fold_aware_refined_search,94
0.3995929443690638,0.10806451612903226,0.16791979949874686,0.13150147203140333,gaussian_noise,SKAB,fold_4,42,3,5,probabilistic_suffix_tree,3,2,0.5,0.5,49,385,783,0.04150543334216804,skab_fold_aware_refined_search,94
0.6666666666666666,0.6666666666666666,1.0,0.8,unseen_data,SKAB,fold_4,42,3,5,probabilistic_suffix_tree,3,2,0.5,0.5,49,385,783,0.04150543334216804,skab_fold_aware_refined_search,94
0.4493712772998015,0.306177260519248,0.8571428571428571,0.45118733509234826,original,SKAB,fold_5,42,3,5,probabilistic_suffix_tree,3,2,0.5,0.5,48,355,699,0.04102112676056338,skab_fold_aware_refined_search,94
0.44672402382528126,0.30816505706760317,0.8796992481203008,0.4564369310793238,gaussian_noise,SKAB,fold_5,42,3,5,probabilistic_suffix_tree,3,2,0.5,0.5,48,355,699,0.04102112676056338,skab_fold_aware_refined_search,94
0.43333333333333335,0.43333333333333335,1.0,0.6046511627906976,unseen_data,SKAB,fold_5,42,3,5,probabilistic_suffix_tree,3,2,0.5,0.5,48,355,699,0.04102112676056338,skab_fold_aware_refined_search,94
0.542,0.29745042492917845,0.5236907730673317,0.3794037940379404,original,SKAB,fold_1,42,3,5,probabilistic_suffix_tree,3,2,0.5,0.7,52,437,904,0.039781728568913925,skab_fold_aware_refined_search,95
0.5373333333333333,0.29453015427769985,0.5236907730673317,0.3770197486535009,gaussian_noise,SKAB,fold_1,42,3,5,probabilistic_suffix_tree,3,2,0.5,0.7,52,437,904,0.039781728568913925,skab_fold_aware_refined_search,95
0.0,0.0,0.0,0.0,unseen_data,SKAB,fold_1,42,3,5,probabilistic_suffix_tree,3,2,0.5,0.7,52,437,904,0.039781728568913925,skab_fold_aware_refined_search,95
0.5803212851405622,0.3533246414602347,0.6741293532338308,0.4636441402908469,original,SKAB,fold_2,42,3,5,probabilistic_suffix_tree,3,2,0.5,0.7,49,369,756,0.041811846689895474,skab_fold_aware_refined_search,95
0.5689424364123159,0.34760705289672544,0.6865671641791045,0.46153846153846156,gaussian_noise,SKAB,fold_2,42,3,5,probabilistic_suffix_tree,3,2,0.5,0.7,49,369,756,0.041811846689895474,skab_fold_aware_refined_search,95
0.0,0.0,0.0,0.0,unseen_data,SKAB,fold_2,42,3,5,probabilistic_suffix_tree,3,2,0.5,0.7,49,369,756,0.041811846689895474,skab_fold_aware_refined_search,95
0.4062918340026774,0.229490022172949,0.518796992481203,0.31821675634127594,original,SKAB,fold_3,42,3,5,probabilistic_suffix_tree,3,2,0.5,0.7,48,363,731,0.041953627180899906,skab_fold_aware_refined_search,95
0.40896921017402943,0.23638344226579522,0.543859649122807,0.32953682611996965,gaussian_noise,SKAB,fold_3,42,3,5,probabilistic_suffix_tree,3,2,0.5,0.7,48,363,731,0.041953627180899906,skab_fold_aware_refined_search,95
0.07142857142857142,0.07142857142857142,1.0,0.13333333333333333,unseen_data,SKAB,fold_3,42,3,5,probabilistic_suffix_tree,3,2,0.5,0.7,48,363,731,0.041953627180899906,skab_fold_aware_refined_search,95
0.276797829036635,0.10625737898465171,0.22556390977443608,0.14446227929373998,original,SKAB,fold_4,42,3,5,probabilistic_suffix_tree,3,2,0.5,0.7,49,385,783,0.04150543334216804,skab_fold_aware_refined_search,95
0.27544097693351427,0.10414201183431952,0.22055137844611528,0.1414790996784566,gaussian_noise,SKAB,fold_4,42,3,5,probabilistic_suffix_tree,3,2,0.5,0.7,49,385,783,0.04150543334216804,skab_fold_aware_refined_search,95
0.6666666666666666,0.6666666666666666,1.0,0.8,unseen_data,SKAB,fold_4,42,3,5,probabilistic_suffix_tree,3,2,0.5,0.7,49,385,783,0.04150543334216804,skab_fold_aware_refined_search,95
0.41032428855062875,0.29534109816971715,0.8897243107769424,0.443472829481574,original,SKAB,fold_5,42,3,5,probabilistic_suffix_tree,3,2,0.5,0.7,48,355,699,0.04102112676056338,skab_fold_aware_refined_search,95
0.4056915949702184,0.29764801297648014,0.9197994987468672,0.4497549019607843,gaussian_noise,SKAB,fold_5,42,3,5,probabilistic_suffix_tree,3,2,0.5,0.7,48,355,699,0.04102112676056338,skab_fold_aware_refined_search,95
0.43333333333333335,0.43333333333333335,1.0,0.6046511627906976,unseen_data,SKAB,fold_5,42,3,5,probabilistic_suffix_tree,3,2,0.5,0.7,48,355,699,0.04102112676056338,skab_fold_aware_refined_search,95
0.5153333333333333,0.3554964539007092,1.0,0.5245258338783518,original,SKAB,fold_1,42,3,5,probabilistic_suffix_tree,3,2,0.5,0.9,52,437,904,0.039781728568913925,skab_fold_aware_refined_search,96
0.5153333333333333,0.3554964539007092,1.0,0.5245258338783518,gaussian_noise,SKAB,fold_1,42,3,5,probabilistic_suffix_tree,3,2,0.5,0.9,52,437,904,0.039781728568913925,skab_fold_aware_refined_search,96
0.0,0.0,0.0,0.0,unseen_data,SKAB,fold_1,42,3,5,probabilistic_suffix_tree,3,2,0.5,0.9,52,437,904,0.039781728568913925,skab_fold_aware_refined_search,96
0.5180722891566265,0.3582887700534759,1.0,0.5275590551181102,original,SKAB,fold_2,42,3,5,probabilistic_suffix_tree,3,2,0.5,0.9,49,369,756,0.041811846689895474,skab_fold_aware_refined_search,96
0.5180722891566265,0.3582887700534759,1.0,0.5275590551181102,gaussian_noise,SKAB,fold_2,42,3,5,probabilistic_suffix_tree,3,2,0.5,0.9,49,369,756,0.041811846689895474,skab_fold_aware_refined_search,96
0.0,0.0,0.0,0.0,unseen_data,SKAB,fold_2,42,3,5,probabilistic_suffix_tree,3,2,0.5,0.9,49,369,756,0.041811846689895474,skab_fold_aware_refined_search,96
0.2838018741633199,0.2054433713784021,0.5864661654135338,0.30429128738621586,original,SKAB,fold_3,42,3,5,probabilistic_suffix_tree,3,2,0.5,0.9,48,363,731,0.041953627180899906,skab_fold_aware_refined_search,96
0.2838018741633199,0.2054433713784021,0.5864661654135338,0.30429128738621586,gaussian_noise,SKAB,fold_3,42,3,5,probabilistic_suffix_tree,3,2,0.5,0.9,48,363,731,0.041953627180899906,skab_fold_aware_refined_search,96
0.07142857142857142,0.07142857142857142,1.0,0.13333333333333333,unseen_data,SKAB,fold_3,42,3,5,probabilistic_suffix_tree,3,2,0.5,0.9,48,363,731,0.041953627180899906,skab_fold_aware_refined_search,96
0.24491180461329715,0.17545454545454545,0.48370927318295737,0.25750500333555704,original,SKAB,fold_4,42,3,5,probabilistic_suffix_tree,3,2,0.5,0.9,49,385,783,0.04150543334216804,skab_fold_aware_refined_search,96
0.24491180461329715,0.17545454545454545,0.48370927318295737,0.25750500333555704,gaussian_noise,SKAB,fold_4,42,3,5,probabilistic_suffix_tree,3,2,0.5,0.9,49,385,783,0.04150543334216804,skab_fold_aware_refined_search,96
0.6666666666666666,0.6666666666666666,1.0,0.8,unseen_data,SKAB,fold_4,42,3,5,probabilistic_suffix_tree,3,2,0.5,0.9,49,385,783,0.04150543334216804,skab_fold_aware_refined_search,96
0.3064195896757114,0.273235499650594,0.9799498746867168,0.4273224043715847,original,SKAB,fold_5,42,3,5,probabilistic_suffix_tree,3,2,0.5,0.9,48,355,699,0.04102112676056338,skab_fold_aware_refined_search,96
0.30377233620119126,0.27279053583855256,0.9824561403508771,0.42701525054466233,gaussian_noise,SKAB,fold_5,42,3,5,probabilistic_suffix_tree,3,2,0.5,0.9,48,355,699,0.04102112676056338,skab_fold_aware_refined_search,96
0.43333333333333335,0.43333333333333335,1.0,0.6046511627906976,unseen_data,SKAB,fold_5,42,3,5,probabilistic_suffix_tree,3,2,0.5,0.9,48,355,699,0.04102112676056338,skab_fold_aware_refined_search,96
0.6,0.1407942238267148,0.09725685785536159,0.11504424778761062,original,SKAB,fold_1,42,3,5,probabilistic_suffix_tree,4,1,0.1,0.5,52,905,1682,0.0357416064598385,skab_fold_aware_refined_search,97
0.598,0.1443661971830986,0.10224438902743142,0.11970802919708029,gaussian_noise,SKAB,fold_1,42,3,5,probabilistic_suffix_tree,4,1,0.1,0.5,52,905,1682,0.0357416064598385,skab_fold_aware_refined_search,97
0.0,0.0,0.0,0.0,unseen_data,SKAB,fold_1,42,3,5,probabilistic_suffix_tree,4,1,0.1,0.5,52,905,1682,0.0357416064598385,skab_fold_aware_refined_search,97
0.6211512717536813,0.3153153153153153,0.3482587064676617,0.3309692671394799,original,SKAB,fold_2,42,3,5,probabilistic_suffix_tree,4,1,0.1,0.5,49,757,1406,0.03790472595907584,skab_fold_aware_refined_search,97
0.6198125836680054,0.3263598326359833,0.3880597014925373,0.35454545454545455,gaussian_noise,SKAB,fold_2,42,3,5,probabilistic_suffix_tree,4,1,0.1,0.5,49,757,1406,0.03790472595907584,skab_fold_aware_refined_search,97
0.0,0.0,0.0,0.0,unseen_data,SKAB,fold_2,42,3,5,probabilistic_suffix_tree,4,1,0.1,0.5,49,757,1406,0.03790472595907584,skab_fold_aware_refined_search,97
0.5120481927710844,0.2364217252396166,0.37092731829573933,0.288780487804878,original,SKAB,fold_3,42,3,5,probabilistic_suffix_tree,4,1,0.1,0.5,48,732,1357,0.038621357012750455,skab_fold_aware_refined_search,97
0.5234270414993306,0.25736434108527134,0.41604010025062654,0.31800766283524906,gaussian_noise,SKAB,fold_3,42,3,5,probabilistic_suffix_tree,4,1,0.1,0.5,48,732,1357,0.038621357012750455,skab_fold_aware_refined_search,97
0.07142857142857142,0.07142857142857142,1.0,0.13333333333333333,unseen_data,SKAB,fold_3,42,3,5,probabilistic_suffix_tree,4,1,0.1,0.5,48,732,1357,0.038621357012750455,skab_fold_aware_refined_search,97
0.4837177747625509,0.12291666666666666,0.14786967418546365,0.1342434584755404,original,SKAB,fold_4,42,3,5,probabilistic_suffix_tree,4,1,0.1,0.5,49,784,1457,0.03792690545605998,skab_fold_aware_refined_search,97
0.47421981004070557,0.1194331983805668,0.14786967418546365,0.13213885778275475,gaussian_noise,SKAB,fold_4,42,3,5,probabilistic_suffix_tree,4,1,0.1,0.5,49,784,1457,0.03792690545605998,skab_fold_aware_refined_search,97
0.6666666666666666,0.6666666666666666,1.0,0.8,unseen_data,SKAB,fold_4,42,3,5,probabilistic_suffix_tree,4,1,0.1,0.5,49,784,1457,0.03792690545605998,skab_fold_aware_refined_search,97
0.48444738583719393,0.2965738758029979,0.6942355889724311,0.4156039009752438,original,SKAB,fold_5,42,3,5,probabilistic_suffix_tree,4,1,0.1,0.5,48,700,1274,0.03791666666666667,skab_fold_aware_refined_search,97
0.4771674387822634,0.30272452068617556,0.7518796992481203,0.4316546762589928,gaussian_noise,SKAB,fold_5,42,3,5,probabilistic_suffix_tree,4,1,0.1,0.5,48,700,1274,0.03791666666666667,skab_fold_aware_refined_search,97
0.43333333333333335,0.43333333333333335,1.0,0.6046511627906976,unseen_data,SKAB,fold_5,42,3,5,probabilistic_suffix_tree,4,1,0.1,0.5,48,700,1274,0.03791666666666667,skab_fold_aware_refined_search,97
0.5246666666666666,0.17634854771784234,0.2119700748129676,0.19252548131370328,original,SKAB,fold_1,42,3,5,probabilistic_suffix_tree,4,1,0.1,0.7,52,905,1682,0.0357416064598385,skab_fold_aware_refined_search,98
0.5213333333333333,0.17453798767967146,0.2119700748129676,0.19144144144144143,gaussian_noise,SKAB,fold_1,42,3,5,probabilistic_suffix_tree,4,1,0.1,0.7,52,905,1682,0.0357416064598385,skab_fold_aware_refined_search,98
0.0,0.0,0.0,0.0,unseen_data,SKAB,fold_1,42,3,5,probabilistic_suffix_tree,4,1,0.1,0.7,52,905,1682,0.0357416064598385,skab_fold_aware_refined_search,98
0.5809906291834003,0.3323353293413174,0.5522388059701493,0.41495327102803736,original,SKAB,fold_2,42,3,5,probabilistic_suffix_tree,4,1,0.1,0.7,49,757,1406,0.03790472595907584,skab_fold_aware_refined_search,98
0.5796519410977242,0.3347953216374269,0.5696517412935324,0.42173112338858193,gaussian_noise,SKAB,fold_2,42,3,5,probabilistic_suffix_tree,4,1,0.1,0.7,49,757,1406,0.03790472595907584,skab_fold_aware_refined_search,98
0.0,0.0,0.0,0.0,unseen_data,SKAB,fold_2,42,3,5,probabilistic_suffix_tree,4,1,0.1,0.7,49,757,1406,0.03790472595907584,skab_fold_aware_refined_search,98
0.4431057563587684,0.2394705174488568,0.49874686716791977,0.3235772357723577,original,SKAB,fold_3,42,3,5,probabilistic_suffix_tree,4,1,0.1,0.7,48,732,1357,0.038621357012750455,skab_fold_aware_refined_search,98
0.44712182061579653,0.2491186839012926,0.531328320802005,0.3392,gaussian_noise,SKAB,fold_3,42,3,5,probabilistic_suffix_tree,4,1,0.1,0.7,48,732,1357,0.038621357012750455,skab_fold_aware_refined_search,98
0.07142857142857142,0.07142857142857142,1.0,0.13333333333333333,unseen_data,SKAB,fold_3,42,3,5,probabilistic_suffix_tree,4,1,0.1,0.7,48,732,1357,0.038621357012750455,skab_fold_aware_refined_search,98
0.3622795115332429,0.11847672778561354,0.21052631578947367,0.15162454873646208,original,SKAB,fold_4,42,3,5,probabilistic_suffix_tree,4,1,0.1,0.7,49,784,1457,0.03792690545605998,skab_fold_aware_refined_search,98
0.35549525101763907,0.1168289290681502,0.21052631578947367,0.15026833631484796,gaussian_noise,SKAB,fold_4,42,3,5,probabilistic_suffix_tree,4,1,0.1,0.7,49,784,1457,0.03792690545605998,skab_fold_aware_refined_search,98
0.6666666666666666,0.6666666666666666,1.0,0.8,unseen_data,SKAB,fold_4,42,3,5,probabilistic_suffix_tree,4,1,0.1,0.7,49,784,1457,0.03792690545605998,skab_fold_aware_refined_search,98
0.4182660489741893,0.2976391231028668,0.8847117794486216,0.44542586750788643,original,SKAB,fold_5,42,3,5,probabilistic_suffix_tree,4,1,0.1,0.7,48,700,1274,0.03791666666666667,skab_fold_aware_refined_search,98
0.414295168762409,0.2995049504950495,0.9097744360902256,0.4506517690875233,gaussian_noise,SKAB,fold_5,42,3,5,probabilistic_suffix_tree,4,1,0.1,0.7,48,700,1274,0.03791666666666667,skab_fold_aware_refined_search,98
0.43333333333333335,0.43333333333333335,1.0,0.6046511627906976,unseen_data,SKAB,fold_5,42,3,5,probabilistic_suffix_tree,4,1,0.1,0.7,48,700,1274,0.03791666666666667,skab_fold_aware_refined_search,98
0.5146666666666667,0.35518157661647476,1.0,0.5241830065359477,original,SKAB,fold_1,42,3,5,probabilistic_suffix_tree,4,1,0.1,0.9,52,905,1682,0.0357416064598385,skab_fold_aware_refined_search,99
0.5146666666666667,0.35518157661647476,1.0,0.5241830065359477,gaussian_noise,SKAB,fold_1,42,3,5,probabilistic_suffix_tree,4,1,0.1,0.9,52,905,1682,0.0357416064598385,skab_fold_aware_refined_search,99
0.0,0.0,0.0,0.0,unseen_data,SKAB,fold_1,42,3,5,probabilistic_suffix_tree,4,1,0.1,0.9,52,905,1682,0.0357416064598385,skab_fold_aware_refined_search,99
0.5060240963855421,0.3469945355191257,0.9477611940298507,0.508,original,SKAB,fold_2,42,3,5,probabilistic_suffix_tree,4,1,0.1,0.9,49,757,1406,0.03790472595907584,skab_fold_aware_refined_search,99
0.5060240963855421,0.3472727272727273,0.9502487562189055,0.5086551264980027,gaussian_noise,SKAB,fold_2,42,3,5,probabilistic_suffix_tree,4,1,0.1,0.9,49,757,1406,0.03790472595907584,skab_fold_aware_refined_search,99
0.0,0.0,0.0,0.0,unseen_data,SKAB,fold_2,42,3,5,probabilistic_suffix_tree,4,1,0.1,0.9,49,757,1406,0.03790472595907584,skab_fold_aware_refined_search,99
0.35207496653279785,0.2256509161041466,0.5864661654135338,0.32590529247910865,original,SKAB,fold_3,42,3,5,probabilistic_suffix_tree,4,1,0.1,0.9,48,732,1357,0.038621357012750455,skab_fold_aware_refined_search,99
0.34069611780455156,0.222011385199241,0.5864661654135338,0.3220922229869236,gaussian_noise,SKAB,fold_3,42,3,5,probabilistic_suffix_tree,4,1,0.1,0.9,48,732,1357,0.038621357012750455,skab_fold_aware_refined_search,99
0.07142857142857142,0.07142857142857142,1.0,0.13333333333333333,unseen_data,SKAB,fold_3,42,3,5,probabilistic_suffix_tree,4,1,0.1,0.9,48,732,1357,0.038621357012750455,skab_fold_aware_refined_search,99
0.20759837177747625,0.10401647785787847,0.2531328320802005,0.14744525547445256,original,SKAB,fold_4,42,3,5,probabilistic_suffix_tree,4,1,0.1,0.9,49,784,1457,0.03792690545605998,skab_fold_aware_refined_search,99
0.20420624151967434,0.10348360655737705,0.2531328320802005,0.1469090909090909,gaussian_noise,SKAB,fold_4,42,3,5,probabilistic_suffix_tree,4,1,0.1,0.9,49,784,1457,0.03792690545605998,skab_fold_aware_refined_search,99
0.6666666666666666,0.6666666666666666,1.0,0.8,unseen_data,SKAB,fold_4,42,3,5,probabilistic_suffix_tree,4,1,0.1,0.9,49,784,1457,0.03792690545605998,skab_fold_aware_refined_search,99
0.3937789543348776,0.3022188217291507,0.9899749373433584,0.4630715123094959,original,SKAB,fold_5,42,3,5,probabilistic_suffix_tree,4,1,0.1,0.9,48,700,1274,0.03791666666666667,skab_fold_aware_refined_search,99
0.38914626075446723,0.3009118541033435,0.9924812030075187,0.4618075801749271,gaussian_noise,SKAB,fold_5,42,3,5,probabilistic_suffix_tree,4,1,0.1,0.9,48,700,1274,0.03791666666666667,skab_fold_aware_refined_search,99
0.43333333333333335,0.43333333333333335,1.0,0.6046511627906976,unseen_data,SKAB,fold_5,42,3,5,probabilistic_suffix_tree,4,1,0.1,0.9,48,700,1274,0.03791666666666667,skab_fold_aware_refined_search,99
0.52,0.17248459958932238,0.20947630922693267,0.1891891891891892,original,SKAB,fold_1,42,3,5,probabilistic_suffix_tree,4,1,0.5,0.5,52,905,1682,0.0357416064598385,skab_fold_aware_refined_search,100
0.5166666666666667,0.16938775510204082,0.20698254364089774,0.186307519640853,gaussian_noise,SKAB,fold_1,42,3,5,probabilistic_suffix_tree,4,1,0.5,0.5,52,905,1682,0.0357416064598385,skab_fold_aware_refined_search,100
0.0,0.0,0.0,0.0,unseen_data,SKAB,fold_1,42,3,5,probabilistic_suffix_tree,4,1,0.5,0.5,52,905,1682,0.0357416064598385,skab_fold_aware_refined_search,100
0.5829986613119144,0.34458509142053445,0.6094527363184079,0.44025157232704404,original,SKAB,fold_2,42,3,5,probabilistic_suffix_tree,4,1,0.5,0.5,49,757,1406,0.03790472595907584,skab_fold_aware_refined_search,100
0.5749665327978581,0.338865836791148,0.6094527363184079,0.43555555555555553,gaussian_noise,SKAB,fold_2,42,3,5,probabilistic_suffix_tree,4,1,0.5,0.5,49,757,1406,0.03790472595907584,skab_fold_aware_refined_search,100
0.0,0.0,0.0,0.0,unseen_data,SKAB,fold_2,42,3,5,probabilistic_suffix_tree,4,1,0.5,0.5,49,757,1406,0.03790472595907584,skab_fold_aware_refined_search,100
0.44109772423025434,0.2354368932038835,0.48621553884711777,0.3172526573998365,original,SKAB,fold_3,42,3,5,probabilistic_suffix_tree,4,1,0.5,0.5,48,732,1357,0.038621357012750455,skab_fold_aware_refined_search,100
0.4464524765729585,0.24644549763033174,0.5213032581453634,0.33467417538214,gaussian_noise,SKAB,fold_3,42,3,5,probabilistic_suffix_tree,4,1,0.5,0.5,48,732,1357,0.038621357012750455,skab_fold_aware_refined_search,100
0.07142857142857142,0.07142857142857142,1.0,0.13333333333333333,unseen_data,SKAB,fold_3,42,3,5,probabilistic_suffix_tree,4,1,0.5,0.5,48,732,1357,0.038621357012750455,skab_fold_aware_refined_search,100
0.3616010854816825,0.11505681818181818,0.20300751879699247,0.1468721668177697,original,SKAB,fold_4,42,3,5,probabilistic_suffix_tree,4,1,0.5,0.5,49,784,1457,0.03792690545605998,skab_fold_aware_refined_search,100
0.3575305291723202,0.1151685393258427,0.20551378446115287,0.1476147614761476,gaussian_noise,SKAB,fold_4,42,3,5,probabilistic_suffix_tree,4,1,0.5,0.5,49,784,1457,0.03792690545605998,skab_fold_aware_refined_search,100
0.6666666666666666,0.6666666666666666,1.0,0.8,unseen_data,SKAB,fold_4,42,3,5,probabilistic_suffix_tree,4,1,0.5,0.5,49,784,1457,0.03792690545605998,skab_fold_aware_refined_search,100
0.42223692918596956,0.3011744966442953,0.899749373433584,0.4512884978001257,original,SKAB,fold_5,42,3,5,probabilistic_suffix_tree,4,1,0.5,0.5,48,700,1274,0.03791666666666667,skab_fold_aware_refined_search,100
0.4189278623428193,0.302555647155812,0.9197994987468672,0.45533498759305213,gaussian_noise,SKAB,fold_5,42,3,5,probabilistic_suffix_tree,4,1,0.5,0.5,48,700,1274,0.03791666666666667,skab_fold_aware_refined_search,100
0.43333333333333335,0.43333333333333335,1.0,0.6046511627906976,unseen_data,SKAB,fold_5,42,3,5,probabilistic_suffix_tree,4,1,0.5,0.5,48,700,1274,0.03791666666666667,skab_fold_aware_refined_search,100
0.5266666666666666,0.291497975708502,0.5386533665835411,0.37828371278458844,original,SKAB,fold_1,42,3,5,probabilistic_suffix_tree,4,1,0.5,0.7,52,905,1682,0.0357416064598385,skab_fold_aware_refined_search,101
0.5233333333333333,0.289544235924933,0.5386533665835411,0.37663469921534437,gaussian_noise,SKAB,fold_1,42,3,5,probabilistic_suffix_tree,4,1,0.5,0.7,52,905,1682,0.0357416064598385,skab_fold_aware_refined_search,101
0.0,0.0,0.0,0.0,unseen_data,SKAB,fold_1,42,3,5,probabilistic_suffix_tree,4,1,0.5,0.7,52,905,1682,0.0357416064598385,skab_fold_aware_refined_search,101
0.571619812583668,0.3541666666666667,0.7189054726368159,0.4745484400656814,original,SKAB,fold_2,42,3,5,probabilistic_suffix_tree,4,1,0.5,0.7,49,757,1406,0.03790472595907584,skab_fold_aware_refined_search,101
0.5655957161981259,0.3528009535160906,0.736318407960199,0.47703464947622887,gaussian_noise,SKAB,fold_2,42,3,5,probabilistic_suffix_tree,4,1,0.5,0.7,49,757,1406,0.03790472595907584,skab_fold_aware_refined_search,101
0.0,0.0,0.0,0.0,unseen_data,SKAB,fold_2,42,3,5,probabilistic_suffix_tree,4,1,0.5,0.7,49,757,1406,0.03790472595907584,skab_fold_aware_refined_search,101
0.392235609103079,0.22954303931987247,0.5413533834586466,0.32238805970149254,original,SKAB,fold_3,42,3,5,probabilistic_suffix_tree,4,1,0.5,0.7,48,732,1357,0.038621357012750455,skab_fold_aware_refined_search,101
0.39156626506024095,0.23382045929018788,0.5614035087719298,0.3301400147383935,gaussian_noise,SKAB,fold_3,42,3,5,probabilistic_suffix_tree,4,1,0.5,0.7,48,732,1357,0.038621357012750455,skab_fold_aware_refined_search,101
0.07142857142857142,0.07142857142857142,1.0,0.13333333333333333,unseen_data,SKAB,fold_3,42,3,5,probabilistic_suffix_tree,4,1,0.5,0.7,48,732,1357,0.038621357012750455,skab_fold_aware_refined_search,101
0.26119402985074625,0.10972850678733032,0.24310776942355888,0.15120810600155885,original,SKAB,fold_4,42,3,5,probabilistic_suffix_tree,4,1,0.5,0.7,49,784,1457,0.03792690545605998,skab_fold_aware_refined_search,101
0.26051560379918587,0.10783200908059024,0.23809523809523808,0.1484375,gaussian_noise,SKAB,fold_4,42,3,5,probabilistic_suffix_tree,4,1,0.5,0.7,49,784,1457,0.03792690545605998,skab_fold_aware_refined_search,101
0.6666666666666666,0.6666666666666666,1.0,0.8,unseen_data,SKAB,fold_4,42,3,5,probabilistic_suffix_tree,4,1,0.5,0.7,49,784,1457,0.03792690545605998,skab_fold_aware_refined_search,101
0.4017207147584381,0.29587712206952305,0.9172932330827067,0.4474327628361858,original,SKAB,fold_5,42,3,5,probabilistic_suffix_tree,4,1,0.5,0.7,48,700,1274,0.03791666666666667,skab_fold_aware_refined_search,101
0.3970880211780278,0.2981072555205047,0.9473684210526315,0.45350929814037194,gaussian_noise,SKAB,fold_5,42,3,5,probabilistic_suffix_tree,4,1,0.5,0.7,48,700,1274,0.03791666666666667,skab_fold_aware_refined_search,101
0.43333333333333335,0.43333333333333335,1.0,0.6046511627906976,unseen_data,SKAB,fold_5,42,3,5,probabilistic_suffix_tree,4,1,0.5,0.7,48,700,1274,0.03791666666666667,skab_fold_aware_refined_search,101
0.5146666666666667,0.35518157661647476,1.0,0.5241830065359477,original,SKAB,fold_1,42,3,5,probabilistic_suffix_tree,4,1,0.5,0.9,52,905,1682,0.0357416064598385,skab_fold_aware_refined_search,102
0.5146666666666667,0.35518157661647476,1.0,0.5241830065359477,gaussian_noise,SKAB,fold_1,42,3,5,probabilistic_suffix_tree,4,1,0.5,0.9,52,905,1682,0.0357416064598385,skab_fold_aware_refined_search,102
0.0,0.0,0.0,0.0,unseen_data,SKAB,fold_1,42,3,5,probabilistic_suffix_tree,4,1,0.5,0.9,52,905,1682,0.0357416064598385,skab_fold_aware_refined_search,102
0.5060240963855421,0.3469945355191257,0.9477611940298507,0.508,original,SKAB,fold_2,42,3,5,probabilistic_suffix_tree,4,1,0.5,0.9,49,757,1406,0.03790472595907584,skab_fold_aware_refined_search,102
0.5060240963855421,0.3472727272727273,0.9502487562189055,0.5086551264980027,gaussian_noise,SKAB,fold_2,42,3,5,probabilistic_suffix_tree,4,1,0.5,0.9,49,757,1406,0.03790472595907584,skab_fold_aware_refined_search,102
0.0,0.0,0.0,0.0,unseen_data,SKAB,fold_2,42,3,5,probabilistic_suffix_tree,4,1,0.5,0.9,49,757,1406,0.03790472595907584,skab_fold_aware_refined_search,102
0.2838018741633199,0.2054433713784021,0.5864661654135338,0.30429128738621586,original,SKAB,fold_3,42,3,5,probabilistic_suffix_tree,4,1,0.5,0.9,48,732,1357,0.038621357012750455,skab_fold_aware_refined_search,102
0.2838018741633199,0.2054433713784021,0.5864661654135338,0.30429128738621586,gaussian_noise,SKAB,fold_3,42,3,5,probabilistic_suffix_tree,4,1,0.5,0.9,48,732,1357,0.038621357012750455,skab_fold_aware_refined_search,102
0.07142857142857142,0.07142857142857142,1.0,0.13333333333333333,unseen_data,SKAB,fold_3,42,3,5,probabilistic_suffix_tree,4,1,0.5,0.9,48,732,1357,0.038621357012750455,skab_fold_aware_refined_search,102
0.2462686567164179,0.17753623188405798,0.49122807017543857,0.26081170991350633,original,SKAB,fold_4,42,3,5,probabilistic_suffix_tree,4,1,0.5,0.9,49,784,1457,0.03792690545605998,skab_fold_aware_refined_search,102
0.2462686567164179,0.17753623188405798,0.49122807017543857,0.26081170991350633,gaussian_noise,SKAB,fold_4,42,3,5,probabilistic_suffix_tree,4,1,0.5,0.9,49,784,1457,0.03792690545605998,skab_fold_aware_refined_search,102
0.6666666666666666,0.6666666666666666,1.0,0.8,unseen_data,SKAB,fold_4,42,3,5,probabilistic_suffix_tree,4,1,0.5,0.9,49,784,1457,0.03792690545605998,skab_fold_aware_refined_search,102
0.30311052283256124,0.27354570637119113,0.9899749373433584,0.4286489419424851,original,SKAB,fold_5,42,3,5,probabilistic_suffix_tree,4,1,0.5,0.9,48,700,1274,0.03791666666666667,skab_fold_aware_refined_search,102
0.300463269358041,0.2731034482758621,0.9924812030075187,0.4283396430502975,gaussian_noise,SKAB,fold_5,42,3,5,probabilistic_suffix_tree,4,1,0.5,0.9,48,700,1274,0.03791666666666667,skab_fold_aware_refined_search,102
0.43333333333333335,0.43333333333333335,1.0,0.6046511627906976,unseen_data,SKAB,fold_5,42,3,5,probabilistic_suffix_tree,4,1,0.5,0.9,48,700,1274,0.03791666666666667,skab_fold_aware_refined_search,102
0.6013333333333334,0.14181818181818182,0.09725685785536159,0.11538461538461539,original,SKAB,fold_1,42,3,5,probabilistic_suffix_tree,4,2,0.1,0.5,52,905,1682,0.0357416064598385,skab_fold_aware_refined_search,103
0.5986666666666667,0.14487632508833923,0.10224438902743142,0.11988304093567251,gaussian_noise,SKAB,fold_1,42,3,5,probabilistic_suffix_tree,4,2,0.1,0.5,52,905,1682,0.0357416064598385,skab_fold_aware_refined_search,103
0.0,0.0,0.0,0.0,unseen_data,SKAB,fold_1,42,3,5,probabilistic_suffix_tree,4,2,0.1,0.5,52,905,1682,0.0357416064598385,skab_fold_aware_refined_search,103
0.6218206157965194,0.31264367816091954,0.3383084577114428,0.3249701314217443,original,SKAB,fold_2,42,3,5,probabilistic_suffix_tree,4,2,0.1,0.5,49,757,1406,0.03790472595907584,skab_fold_aware_refined_search,103
0.6218206157965194,0.32696390658174096,0.38308457711442784,0.3528064146620848,gaussian_noise,SKAB,fold_2,42,3,5,probabilistic_suffix_tree,4,2,0.1,0.5,49,757,1406,0.03790472595907584,skab_fold_aware_refined_search,103
0.0,0.0,0.0,0.0,unseen_data,SKAB,fold_2,42,3,5,probabilistic_suffix_tree,4,2,0.1,0.5,49,757,1406,0.03790472595907584,skab_fold_aware_refined_search,103
0.5207496653279786,0.24058919803600654,0.3684210526315789,0.29108910891089107,original,SKAB,fold_3,42,3,5,probabilistic_suffix_tree,4,2,0.1,0.5,48,732,1357,0.038621357012750455,skab_fold_aware_refined_search,103
0.5294511378848729,0.26025236593059936,0.41353383458646614,0.3194578896418199,gaussian_noise,SKAB,fold_3,42,3,5,probabilistic_suffix_tree,4,2,0.1,0.5,48,732,1357,0.038621357012750455,skab_fold_aware_refined_search,103
0.07142857142857142,0.07142857142857142,1.0,0.13333333333333333,unseen_data,SKAB,fold_3,42,3,5,probabilistic_suffix_tree,4,2,0.1,0.5,48,732,1357,0.038621357012750455,skab_fold_aware_refined_search,103
0.48575305291723203,0.11889596602972399,0.14035087719298245,0.12873563218390804,original,SKAB,fold_4,42,3,5,probabilistic_suffix_tree,4,2,0.1,0.5,49,784,1457,0.03792690545605998,skab_fold_aware_refined_search,103
0.4796472184531886,0.11666666666666667,0.14035087719298245,0.12741751990898748,gaussian_noise,SKAB,fold_4,42,3,5,probabilistic_suffix_tree,4,2,0.1,0.5,49,784,1457,0.03792690545605998,skab_fold_aware_refined_search,103
0.6666666666666666,0.6666666666666666,1.0,0.8,unseen_data,SKAB,fold_4,42,3,5,probabilistic_suffix_tree,4,2,0.1,0.5,49,784,1457,0.03792690545605998,skab_fold_aware_refined_search,103
0.48643282594308407,0.29308452250274425,0.6691729323308271,0.4076335877862595,original,SKAB,fold_5,42,3,5,probabilistic_suffix_tree,4,2,0.1,0.5,48,700,1274,0.03791666666666667,skab_fold_aware_refined_search,103
0.4831237590999338,0.30186721991701243,0.7293233082706767,0.42699926632428464,gaussian_noise,SKAB,fold_5,42,3,5,probabilistic_suffix_tree,4,2,0.1,0.5,48,700,1274,0.03791666666666667,skab_fold_aware_refined_search,103
0.43333333333333335,0.43333333333333335,1.0,0.6046511627906976,unseen_data,SKAB,fold_5,42,3,5,probabilistic_suffix_tree,4,2,0.1,0.5,48,700,1274,0.03791666666666667,skab_fold_aware_refined_search,103
0.5253333333333333,0.17671517671517672,0.2119700748129676,0.1927437641723356,original,SKAB,fold_1,42,3,5,probabilistic_suffix_tree,4,2,0.1,0.7,52,905,1682,0.0357416064598385,skab_fold_aware_refined_search,104
0.522,0.1748971193415638,0.2119700748129676,0.19165727170236754,gaussian_noise,SKAB,fold_1,42,3,5,probabilistic_suffix_tree,4,2,0.1,0.7,52,905,1682,0.0357416064598385,skab_fold_aware_refined_search,104
0.0,0.0,0.0,0.0,unseen_data,SKAB,fold_1,42,3,5,probabilistic_suffix_tree,4,2,0.1,0.7,52,905,1682,0.0357416064598385,skab_fold_aware_refined_search,104
0.5829986613119144,0.33383458646616543,0.5522388059701493,0.41611996251171507,original,SKAB,fold_2,42,3,5,probabilistic_suffix_tree,4,2,0.1,0.7,49,757,1406,0.03790472595907584,skab_fold_aware_refined_search,104
0.5796519410977242,0.3347953216374269,0.5696517412935324,0.42173112338858193,gaussian_noise,SKAB,fold_2,42,3,5,probabilistic_suffix_tree,4,2,0.1,0.7,49,757,1406,0.03790472595907584,skab_fold_aware_refined_search,104
0.0,0.0,0.0,0.0,unseen_data,SKAB,fold_2,42,3,5,probabilistic_suffix_tree,4,2,0.1,0.7,49,757,1406,0.03790472595907584,skab_fold_aware_refined_search,104
0.4464524765729585,0.24092009685230023,0.49874686716791977,0.3248979591836735,original,SKAB,fold_3,42,3,5,probabilistic_suffix_tree,4,2,0.1,0.7,48,732,1357,0.038621357012750455,skab_fold_aware_refined_search,104
0.44912985274431055,0.25,0.531328320802005,0.3400160384923817,gaussian_noise,SKAB,fold_3,42,3,5,probabilistic_suffix_tree,4,2,0.1,0.7,48,732,1357,0.038621357012750455,skab_fold_aware_refined_search,104
0.07142857142857142,0.07142857142857142,1.0,0.13333333333333333,unseen_data,SKAB,fold_3,42,3,5,probabilistic_suffix_tree,4,2,0.1,0.7,48,732,1357,0.038621357012750455,skab_fold_aware_refined_search,104
0.3616010854816825,0.11505681818181818,0.20300751879699247,0.1468721668177697,original,SKAB,fold_4,42,3,5,probabilistic_suffix_tree,4,2,0.1,0.7,49,784,1457,0.03792690545605998,skab_fold_aware_refined_search,104
0.3548168249660787,0.1134453781512605,0.20300751879699247,0.14555256064690028,gaussian_noise,SKAB,fold_4,42,3,5,probabilistic_suffix_tree,4,2,0.1,0.7,49,784,1457,0.03792690545605998,skab_fold_aware_refined_search,104
0.6666666666666666,0.6666666666666666,1.0,0.8,unseen_data,SKAB,fold_4,42,3,5,probabilistic_suffix_tree,4,2,0.1,0.7,49,784,1457,0.03792690545605998,skab_fold_aware_refined_search,104
0.42091330244870945,0.2986463620981388,0.8847117794486216,0.4465528146742568,original,SKAB,fold_5,42,3,5,probabilistic_suffix_tree,4,2,0.1,0.7,48,700,1274,0.03791666666666667,skab_fold_aware_refined_search,104
0.41628060886829915,0.3002481389578164,0.9097744360902256,0.45149253731343286,gaussian_noise,SKAB,fold_5,42,3,5,probabilistic_suffix_tree,4,2,0.1,0.7,48,700,1274,0.03791666666666667,skab_fold_aware_refined_search,104
0.43333333333333335,0.43333333333333335,1.0,0.6046511627906976,unseen_data,SKAB,fold_5,42,3,5,probabilistic_suffix_tree,4,2,0.1,0.7,48,700,1274,0.03791666666666667,skab_fold_aware_refined_search,104
0.5146666666666667,0.35518157661647476,1.0,0.5241830065359477,original,SKAB,fold_1,42,3,5,probabilistic_suffix_tree,4,2,0.1,0.9,52,905,1682,0.0357416064598385,skab_fold_aware_refined_search,105
0.5146666666666667,0.35518157661647476,1.0,0.5241830065359477,gaussian_noise,SKAB,fold_1,42,3,5,probabilistic_suffix_tree,4,2,0.1,0.9,52,905,1682,0.0357416064598385,skab_fold_aware_refined_search,105
0.0,0.0,0.0,0.0,unseen_data,SKAB,fold_1,42,3,5,probabilistic_suffix_tree,4,2,0.1,0.9,52,905,1682,0.0357416064598385,skab_fold_aware_refined_search,105
0.5060240963855421,0.3469945355191257,0.9477611940298507,0.508,original,SKAB,fold_2,42,3,5,probabilistic_suffix_tree,4,2,0.1,0.9,49,757,1406,0.03790472595907584,skab_fold_aware_refined_search,105
0.5060240963855421,0.3472727272727273,0.9502487562189055,0.5086551264980027,gaussian_noise,SKAB,fold_2,42,3,5,probabilistic_suffix_tree,4,2,0.1,0.9,49,757,1406,0.03790472595907584,skab_fold_aware_refined_search,105
0.0,0.0,0.0,0.0,unseen_data,SKAB,fold_2,42,3,5,probabilistic_suffix_tree,4,2,0.1,0.9,49,757,1406,0.03790472595907584,skab_fold_aware_refined_search,105
0.35207496653279785,0.2256509161041466,0.5864661654135338,0.32590529247910865,original,SKAB,fold_3,42,3,5,probabilistic_suffix_tree,4,2,0.1,0.9,48,732,1357,0.038621357012750455,skab_fold_aware_refined_search,105
0.34069611780455156,0.222011385199241,0.5864661654135338,0.3220922229869236,gaussian_noise,SKAB,fold_3,42,3,5,probabilistic_suffix_tree,4,2,0.1,0.9,48,732,1357,0.038621357012750455,skab_fold_aware_refined_search,105
0.07142857142857142,0.07142857142857142,1.0,0.13333333333333333,unseen_data,SKAB,fold_3,42,3,5,probabilistic_suffix_tree,4,2,0.1,0.9,48,732,1357,0.038621357012750455,skab_fold_aware_refined_search,105
0.20556309362279512,0.1012396694214876,0.24561403508771928,0.1433796634967081,original,SKAB,fold_4,42,3,5,probabilistic_suffix_tree,4,2,0.1,0.9,49,784,1457,0.03792690545605998,skab_fold_aware_refined_search,105
0.2021709633649932,0.10071942446043165,0.24561403508771928,0.14285714285714285,gaussian_noise,SKAB,fold_4,42,3,5,probabilistic_suffix_tree,4,2,0.1,0.9,49,784,1457,0.03792690545605998,skab_fold_aware_refined_search,105
0.6666666666666666,0.6666666666666666,1.0,0.8,unseen_data,SKAB,fold_4,42,3,5,probabilistic_suffix_tree,4,2,0.1,0.9,49,784,1457,0.03792690545605998,skab_fold_aware_refined_search,105
0.3937789543348776,0.3022188217291507,0.9899749373433584,0.4630715123094959,original,SKAB,fold_5,42,3,5,probabilistic_suffix_tree,4,2,0.1,0.9,48,700,1274,0.03791666666666667,skab_fold_aware_refined_search,105
0.38914626075446723,0.3009118541033435,0.9924812030075187,0.4618075801749271,gaussian_noise,SKAB,fold_5,42,3,5,probabilistic_suffix_tree,4,2,0.1,0.9,48,700,1274,0.03791666666666667,skab_fold_aware_refined_search,105
0.43333333333333335,0.43333333333333335,1.0,0.6046511627906976,unseen_data,SKAB,fold_5,42,3,5,probabilistic_suffix_tree,4,2,0.1,0.9,48,700,1274,0.03791666666666667,skab_fold_aware_refined_search,105
0.5206666666666667,0.1728395061728395,0.20947630922693267,0.18940248027057496,original,SKAB,fold_1,42,3,5,probabilistic_suffix_tree,4,2,0.5,0.5,52,905,1682,0.0357416064598385,skab_fold_aware_refined_search,106
0.5173333333333333,0.16973415132924335,0.20698254364089774,0.18651685393258427,gaussian_noise,SKAB,fold_1,42,3,5,probabilistic_suffix_tree,4,2,0.5,0.5,52,905,1682,0.0357416064598385,skab_fold_aware_refined_search,106
0.0,0.0,0.0,0.0,unseen_data,SKAB,fold_1,42,3,5,probabilistic_suffix_tree,4,2,0.5,0.5,52,905,1682,0.0357416064598385,skab_fold_aware_refined_search,106
0.5850066934404283,0.346045197740113,0.6094527363184079,0.44144144144144143,original,SKAB,fold_2,42,3,5,probabilistic_suffix_tree,4,2,0.5,0.5,49,757,1406,0.03790472595907584,skab_fold_aware_refined_search,106
0.5749665327978581,0.338865836791148,0.6094527363184079,0.43555555555555553,gaussian_noise,SKAB,fold_2,42,3,5,probabilistic_suffix_tree,4,2,0.5,0.5,49,757,1406,0.03790472595907584,skab_fold_aware_refined_search,106
0.0,0.0,0.0,0.0,unseen_data,SKAB,fold_2,42,3,5,probabilistic_suffix_tree,4,2,0.5,0.5,49,757,1406,0.03790472595907584,skab_fold_aware_refined_search,106
0.4464524765729585,0.23774509803921567,0.48621553884711777,0.31934156378600825,original,SKAB,fold_3,42,3,5,probabilistic_suffix_tree,4,2,0.5,0.5,48,732,1357,0.038621357012750455,skab_fold_aware_refined_search,106
0.4504685408299866,0.24821002386634844,0.5213032581453634,0.33629749393694425,gaussian_noise,SKAB,fold_3,42,3,5,probabilistic_suffix_tree,4,2,0.5,0.5,48,732,1357,0.038621357012750455,skab_fold_aware_refined_search,106
0.07142857142857142,0.07142857142857142,1.0,0.13333333333333333,unseen_data,SKAB,fold_3,42,3,5,probabilistic_suffix_tree,4,2,0.5,0.5,48,732,1357,0.038621357012750455,skab_fold_aware_refined_search,106
0.3622795115332429,0.11190817790530846,0.19548872180451127,0.14233576642335766,original,SKAB,fold_4,42,3,5,probabilistic_suffix_tree,4,2,0.5,0.5,49,784,1457,0.03792690545605998,skab_fold_aware_refined_search,106
0.35956580732700133,0.112375533428165,0.19799498746867167,0.14337568058076225,gaussian_noise,SKAB,fold_4,42,3,5,probabilistic_suffix_tree,4,2,0.5,0.5,49,784,1457,0.03792690545605998,skab_fold_aware_refined_search,106
0.6666666666666666,0.6666666666666666,1.0,0.8,unseen_data,SKAB,fold_4,42,3,5,probabilistic_suffix_tree,4,2,0.5,0.5,49,784,1457,0.03792690545605998,skab_fold_aware_refined_search,106
0.4248841826604897,0.30185497470489037,0.8972431077694235,0.4517350157728707,original,SKAB,fold_5,42,3,5,probabilistic_suffix_tree,4,2,0.5,0.5,48,700,1274,0.03791666666666667,skab_fold_aware_refined_search,106
0.4202514890800794,0.3027295285359802,0.9172932330827067,0.4552238805970149,gaussian_noise,SKAB,fold_5,42,3,5,probabilistic_suffix_tree,4,2,0.5,0.5,48,700,1274,0.03791666666666667,skab_fold_aware_refined_search,106
0.43333333333333335,0.43333333333333335,1.0,0.6046511627906976,unseen_data,SKAB,fold_5,42,3,5,probabilistic_suffix_tree,4,2,0.5,0.5,48,700,1274,0.03791666666666667,skab_fold_aware_refined_search,106
0.5266666666666666,0.291497975708502,0.5386533665835411,0.37828371278458844,original,SKAB,fold_1,42,3,5,probabilistic_suffix_tree,4,2,0.5,0.7,52,905,1682,0.0357416064598385,skab_fold_aware_refined_search,107
0.5233333333333333,0.289544235924933,0.5386533665835411,0.37663469921534437,gaussian_noise,SKAB,fold_1,42,3,5,probabilistic_suffix_tree,4,2,0.5,0.7,52,905,1682,0.0357416064598385,skab_fold_aware_refined_search,107
0.0,0.0,0.0,0.0,unseen_data,SKAB,fold_1,42,3,5,probabilistic_suffix_tree,4,2,0.5,0.7,52,905,1682,0.0357416064598385,skab_fold_aware_refined_search,107
0.5736278447121821,0.35547355473554737,0.7189054726368159,0.4757201646090535,original,SKAB,fold_2,42,3,5,probabilistic_suffix_tree,4,2,0.5,0.7,49,757,1406,0.03790472595907584,skab_fold_aware_refined_search,107
0.5655957161981259,0.3528009535160906,0.736318407960199,0.47703464947622887,gaussian_noise,SKAB,fold_2,42,3,5,probabilistic_suffix_tree,4,2,0.5,0.7,49,757,1406,0.03790472595907584,skab_fold_aware_refined_search,107
0.0,0.0,0.0,0.0,unseen_data,SKAB,fold_2,42,3,5,probabilistic_suffix_tree,4,2,0.5,0.7,49,757,1406,0.03790472595907584,skab_fold_aware_refined_search,107
0.392235609103079,0.22954303931987247,0.5413533834586466,0.32238805970149254,original,SKAB,fold_3,42,3,5,probabilistic_suffix_tree,4,2,0.5,0.7,48,732,1357,0.038621357012750455,skab_fold_aware_refined_search,107
0.39156626506024095,0.23382045929018788,0.5614035087719298,0.3301400147383935,gaussian_noise,SKAB,fold_3,42,3,5,probabilistic_suffix_tree,4,2,0.5,0.7,48,732,1357,0.038621357012750455,skab_fold_aware_refined_search,107
0.07142857142857142,0.07142857142857142,1.0,0.13333333333333333,unseen_data,SKAB,fold_3,42,3,5,probabilistic_suffix_tree,4,2,0.5,0.7,48,732,1357,0.038621357012750455,skab_fold_aware_refined_search,107
0.2591587516960651,0.10669693530079455,0.23558897243107768,0.146875,original,SKAB,fold_4,42,3,5,probabilistic_suffix_tree,4,2,0.5,0.7,49,784,1457,0.03792690545605998,skab_fold_aware_refined_search,107
0.25848032564450474,0.10478359908883828,0.23057644110275688,0.14408770555990602,gaussian_noise,SKAB,fold_4,42,3,5,probabilistic_suffix_tree,4,2,0.5,0.7,49,784,1457,0.03792690545605998,skab_fold_aware_refined_search,107
0.6666666666666666,0.6666666666666666,1.0,0.8,unseen_data,SKAB,fold_4,42,3,5,probabilistic_suffix_tree,4,2,0.5,0.7,49,784,1457,0.03792690545605998,skab_fold_aware_refined_search,107
0.4017207147584381,0.29587712206952305,0.9172932330827067,0.4474327628361858,original,SKAB,fold_5,42,3,5,probabilistic_suffix_tree,4,2,0.5,0.7,48,700,1274,0.03791666666666667,skab_fold_aware_refined_search,107
0.3970880211780278,0.2981072555205047,0.9473684210526315,0.45350929814037194,gaussian_noise,SKAB,fold_5,42,3,5,probabilistic_suffix_tree,4,2,0.5,0.7,48,700,1274,0.03791666666666667,skab_fold_aware_refined_search,107
0.43333333333333335,0.43333333333333335,1.0,0.6046511627906976,unseen_data,SKAB,fold_5,42,3,5,probabilistic_suffix_tree,4,2,0.5,0.7,48,700,1274,0.03791666666666667,skab_fold_aware_refined_search,107
0.5146666666666667,0.35518157661647476,1.0,0.5241830065359477,original,SKAB,fold_1,42,3,5,probabilistic_suffix_tree,4,2,0.5,0.9,52,905,1682,0.0357416064598385,skab_fold_aware_refined_search,108
0.5146666666666667,0.35518157661647476,1.0,0.5241830065359477,gaussian_noise,SKAB,fold_1,42,3,5,probabilistic_suffix_tree,4,2,0.5,0.9,52,905,1682,0.0357416064598385,skab_fold_aware_refined_search,108
0.0,0.0,0.0,0.0,unseen_data,SKAB,fold_1,42,3,5,probabilistic_suffix_tree,4,2,0.5,0.9,52,905,1682,0.0357416064598385,skab_fold_aware_refined_search,108
0.5060240963855421,0.3469945355191257,0.9477611940298507,0.508,original,SKAB,fold_2,42,3,5,probabilistic_suffix_tree,4,2,0.5,0.9,49,757,1406,0.03790472595907584,skab_fold_aware_refined_search,108
0.5060240963855421,0.3472727272727273,0.9502487562189055,0.5086551264980027,gaussian_noise,SKAB,fold_2,42,3,5,probabilistic_suffix_tree,4,2,0.5,0.9,49,757,1406,0.03790472595907584,skab_fold_aware_refined_search,108
0.0,0.0,0.0,0.0,unseen_data,SKAB,fold_2,42,3,5,probabilistic_suffix_tree,4,2,0.5,0.9,49,757,1406,0.03790472595907584,skab_fold_aware_refined_search,108
0.2838018741633199,0.2054433713784021,0.5864661654135338,0.30429128738621586,original,SKAB,fold_3,42,3,5,probabilistic_suffix_tree,4,2,0.5,0.9,48,732,1357,0.038621357012750455,skab_fold_aware_refined_search,108
0.2838018741633199,0.2054433713784021,0.5864661654135338,0.30429128738621586,gaussian_noise,SKAB,fold_3,42,3,5,probabilistic_suffix_tree,4,2,0.5,0.9,48,732,1357,0.038621357012750455,skab_fold_aware_refined_search,108
0.07142857142857142,0.07142857142857142,1.0,0.13333333333333333,unseen_data,SKAB,fold_3,42,3,5,probabilistic_suffix_tree,4,2,0.5,0.9,48,732,1357,0.038621357012750455,skab_fold_aware_refined_search,108
0.24423337856173677,0.17529518619436876,0.48370927318295737,0.25733333333333336,original,SKAB,fold_4,42,3,5,probabilistic_suffix_tree,4,2,0.5,0.9,49,784,1457,0.03792690545605998,skab_fold_aware_refined_search,108
0.24423337856173677,0.17529518619436876,0.48370927318295737,0.25733333333333336,gaussian_noise,SKAB,fold_4,42,3,5,probabilistic_suffix_tree,4,2,0.5,0.9,49,784,1457,0.03792690545605998,skab_fold_aware_refined_search,108
0.6666666666666666,0.6666666666666666,1.0,0.8,unseen_data,SKAB,fold_4,42,3,5,probabilistic_suffix_tree,4,2,0.5,0.9,49,784,1457,0.03792690545605998,skab_fold_aware_refined_search,108
0.30311052283256124,0.27354570637119113,0.9899749373433584,0.4286489419424851,original,SKAB,fold_5,42,3,5,probabilistic_suffix_tree,4,2,0.5,0.9,48,700,1274,0.03791666666666667,skab_fold_aware_refined_search,108
0.300463269358041,0.2731034482758621,0.9924812030075187,0.4283396430502975,gaussian_noise,SKAB,fold_5,42,3,5,probabilistic_suffix_tree,4,2,0.5,0.9,48,700,1274,0.03791666666666667,skab_fold_aware_refined_search,108
0.43333333333333335,0.43333333333333335,1.0,0.6046511627906976,unseen_data,SKAB,fold_5,42,3,5,probabilistic_suffix_tree,4,2,0.5,0.9,48,700,1274,0.03791666666666667,skab_fold_aware_refined_search,108
0.6580587711487088,0.7428571428571429,0.06483790523690773,0.11926605504587157,original,SKAB,fold_1,42,4,3,probabilistic_suffix_tree,2,1,0.1,0.5,35,104,225,0.061813186813186816,skab_fold_aware_refined_search,109
0.6589492430988424,0.7368421052631579,0.06982543640897755,0.1275626423690205,gaussian_noise,SKAB,fold_1,42,4,3,probabilistic_suffix_tree,2,1,0.1,0.5,35,104,225,0.061813186813186816,skab_fold_aware_refined_search,109
0.0,0.0,0.0,0.0,unseen_data,SKAB,fold_1,42,4,3,probabilistic_suffix_tree,2,1,0.1,0.5,35,104,225,0.061813186813186816,skab_fold_aware_refined_search,109
0.7042001787310098,0.6698564593301436,0.3482587064676617,0.4582651391162029,original,SKAB,fold_2,42,4,3,probabilistic_suffix_tree,2,1,0.1,0.5,34,103,234,0.06681896059394632,skab_fold_aware_refined_search,109
0.7006255585344057,0.6618357487922706,0.3407960199004975,0.44991789819376027,gaussian_noise,SKAB,fold_2,42,4,3,probabilistic_suffix_tree,2,1,0.1,0.5,34,103,234,0.06681896059394632,skab_fold_aware_refined_search,109
0.0,0.0,0.0,0.0,unseen_data,SKAB,fold_2,42,4,3,probabilistic_suffix_tree,2,1,0.1,0.5,34,103,234,0.06681896059394632,skab_fold_aware_refined_search,109
0.6023235031277927,0.4,0.23057644110275688,0.29252782193958665,original,SKAB,fold_3,42,4,3,probabilistic_suffix_tree,2,1,0.1,0.5,37,109,243,0.06025291346392264,skab_fold_aware_refined_search,109
0.6076854334226989,0.4152542372881356,0.24561403508771928,0.30866141732283464,gaussian_noise,SKAB,fold_3,42,4,3,probabilistic_suffix_tree,2,1,0.1,0.5,37,109,243,0.06025291346392264,skab_fold_aware_refined_search,109
0.0,0.0,0.0,0.0,unseen_data,SKAB,fold_3,42,4,3,probabilistic_suffix_tree,2,1,0.1,0.5,37,109,243,0.06025291346392264,skab_fold_aware_refined_search,109
0.519927536231884,0.13812154696132597,0.06265664160401002,0.08620689655172414,original,SKAB,fold_4,42,4,3,probabilistic_suffix_tree,2,1,0.1,0.5,36,107,241,0.06256490134994808,skab_fold_aware_refined_search,109
0.5117753623188406,0.1276595744680851,0.06015037593984962,0.0817717206132879,gaussian_noise,SKAB,fold_4,42,4,3,probabilistic_suffix_tree,2,1,0.1,0.5,36,107,241,0.06256490134994808,skab_fold_aware_refined_search,109
0.0,0.0,0.0,0.0,unseen_data,SKAB,fold_4,42,4,3,probabilistic_suffix_tree,2,1,0.1,0.5,36,107,241,0.06256490134994808,skab_fold_aware_refined_search,109
0.6436781609195402,0.495260663507109,0.5238095238095238,0.5091352009744214,original,SKAB,fold_5,42,4,3,probabilistic_suffix_tree,2,1,0.1,0.5,36,106,225,0.0589622641509434,skab_fold_aware_refined_search,109
0.6666666666666666,0.5245535714285714,0.5889724310776943,0.5548996458087367,gaussian_noise,SKAB,fold_5,42,4,3,probabilistic_suffix_tree,2,1,0.1,0.5,36,106,225,0.0589622641509434,skab_fold_aware_refined_search,109
0.6956521739130435,0.6818181818181818,1.0,0.8108108108108109,unseen_data,SKAB,fold_5,42,4,3,probabilistic_suffix_tree,2,1,0.1,0.5,36,106,225,0.0589622641509434,skab_fold_aware_refined_search,109
0.666073018699911,0.703125,0.11221945137157108,0.1935483870967742,original,SKAB,fold_1,42,4,3,probabilistic_suffix_tree,2,1,0.1,0.7,35,104,225,0.061813186813186816,skab_fold_aware_refined_search,110
0.6705253784505788,0.7183098591549296,0.12718204488778054,0.21610169491525424,gaussian_noise,SKAB,fold_1,42,4,3,probabilistic_suffix_tree,2,1,0.1,0.7,35,104,225,0.061813186813186816,skab_fold_aware_refined_search,110
0.0,0.0,0.0,0.0,unseen_data,SKAB,fold_1,42,4,3,probabilistic_suffix_tree,2,1,0.1,0.7,35,104,225,0.061813186813186816,skab_fold_aware_refined_search,110
0.7515638963360143,0.6845238095238095,0.572139303482587,0.6233062330623306,original,SKAB,fold_2,42,4,3,probabilistic_suffix_tree,2,1,0.1,0.7,34,103,234,0.06681896059394632,skab_fold_aware_refined_search,110
0.7551385165326184,0.6904761904761905,0.5771144278606966,0.6287262872628726,gaussian_noise,SKAB,fold_2,42,4,3,probabilistic_suffix_tree,2,1,0.1,0.7,34,103,234,0.06681896059394632,skab_fold_aware_refined_search,110
0.0,0.0,0.0,0.0,unseen_data,SKAB,fold_2,42,4,3,probabilistic_suffix_tree,2,1,0.1,0.7,34,103,234,0.06681896059394632,skab_fold_aware_refined_search,110
0.5898123324396782,0.4152542372881356,0.3684210526315789,0.3904382470119522,original,SKAB,fold_3,42,4,3,probabilistic_suffix_tree,2,1,0.1,0.7,37,109,243,0.06025291346392264,skab_fold_aware_refined_search,110
0.5898123324396782,0.4171270718232044,0.37844611528822053,0.3968462549277267,gaussian_noise,SKAB,fold_3,42,4,3,probabilistic_suffix_tree,2,1,0.1,0.7,37,109,243,0.06025291346392264,skab_fold_aware_refined_search,110
0.0,0.0,0.0,0.0,unseen_data,SKAB,fold_3,42,4,3,probabilistic_suffix_tree,2,1,0.1,0.7,37,109,243,0.06025291346392264,skab_fold_aware_refined_search,110
0.41394927536231885,0.12424242424242424,0.10275689223057644,0.11248285322359397,original,SKAB,fold_4,42,4,3,probabilistic_suffix_tree,2,1,0.1,0.7,36,107,241,0.06256490134994808,skab_fold_aware_refined_search,110
0.4057971014492754,0.11641791044776119,0.09774436090225563,0.10626702997275204,gaussian_noise,SKAB,fold_4,42,4,3,probabilistic_suffix_tree,2,1,0.1,0.7,36,107,241,0.06256490134994808,skab_fold_aware_refined_search,110
0.0,0.0,0.0,0.0,unseen_data,SKAB,fold_4,42,4,3,probabilistic_suffix_tree,2,1,0.1,0.7,36,107,241,0.06256490134994808,skab_fold_aware_refined_search,110
0.6118479221927497,0.46551724137931033,0.6766917293233082,0.5515832482124617,original,SKAB,fold_5,42,4,3,probabilistic_suffix_tree,2,1,0.1,0.7,36,106,225,0.0589622641509434,skab_fold_aware_refined_search,110
0.636604774535809,0.4899665551839465,0.7343358395989975,0.5877632898696088,gaussian_noise,SKAB,fold_5,42,4,3,probabilistic_suffix_tree,2,1,0.1,0.7,36,106,225,0.0589622641509434,skab_fold_aware_refined_search,110
0.6521739130434783,0.6521739130434783,1.0,0.7894736842105263,unseen_data,SKAB,fold_5,42,4,3,probabilistic_suffix_tree,2,1,0.1,0.7,36,106,225,0.0589622641509434,skab_fold_aware_refined_search,110
0.44701691896705253,0.19444444444444445,0.1745635910224439,0.18396846254927726,original,SKAB,fold_1,42,4,3,probabilistic_suffix_tree,2,1,0.1,0.9,35,104,225,0.061813186813186816,skab_fold_aware_refined_search,111
0.4514692787177204,0.2054794520547945,0.18703241895261846,0.195822454308094,gaussian_noise,SKAB,fold_1,42,4,3,probabilistic_suffix_tree,2,1,0.1,0.9,35,104,225,0.061813186813186816,skab_fold_aware_refined_search,111
0.0,0.0,0.0,0.0,unseen_data,SKAB,fold_1,42,4,3,probabilistic_suffix_tree,2,1,0.1,0.9,35,104,225,0.061813186813186816,skab_fold_aware_refined_search,111
0.7560321715817694,0.6608478802992519,0.6592039800995025,0.660024906600249,original,SKAB,fold_2,42,4,3,probabilistic_suffix_tree,2,1,0.1,0.9,34,103,234,0.06681896059394632,skab_fold_aware_refined_search,111
0.7640750670241286,0.6725,0.6691542288557214,0.6708229426433915,gaussian_noise,SKAB,fold_2,42,4,3,probabilistic_suffix_tree,2,1,0.1,0.9,34,103,234,0.06681896059394632,skab_fold_aware_refined_search,111
0.0,0.0,0.0,0.0,unseen_data,SKAB,fold_2,42,4,3,probabilistic_suffix_tree,2,1,0.1,0.9,34,103,234,0.06681896059394632,skab_fold_aware_refined_search,111
0.613941018766756,0.4617169373549884,0.49874686716791977,0.4795180722891566,original,SKAB,fold_3,42,4,3,probabilistic_suffix_tree,2,1,0.1,0.9,37,109,243,0.06025291346392264,skab_fold_aware_refined_search,111
0.613047363717605,0.4608294930875576,0.5012531328320802,0.4801920768307323,gaussian_noise,SKAB,fold_3,42,4,3,probabilistic_suffix_tree,2,1,0.1,0.9,37,109,243,0.06025291346392264,skab_fold_aware_refined_search,111
0.0,0.0,0.0,0.0,unseen_data,SKAB,fold_3,42,4,3,probabilistic_suffix_tree,2,1,0.1,0.9,37,109,243,0.06025291346392264,skab_fold_aware_refined_search,111
0.38858695652173914,0.1387434554973822,0.13283208020050125,0.1357234314980794,original,SKAB,fold_4,42,4,3,probabilistic_suffix_tree,2,1,0.1,0.9,36,107,241,0.06256490134994808,skab_fold_aware_refined_search,111
0.375,0.12403100775193798,0.12030075187969924,0.12213740458015267,gaussian_noise,SKAB,fold_4,42,4,3,probabilistic_suffix_tree,2,1,0.1,0.9,36,107,241,0.06256490134994808,skab_fold_aware_refined_search,111
0.0,0.0,0.0,0.0,unseen_data,SKAB,fold_4,42,4,3,probabilistic_suffix_tree,2,1,0.1,0.9,36,107,241,0.06256490134994808,skab_fold_aware_refined_search,111
0.6419098143236074,0.4959893048128342,0.9298245614035088,0.6469049694856146,original,SKAB,fold_5,42,4,3,probabilistic_suffix_tree,2,1,0.1,0.9,36,106,225,0.0589622641509434,skab_fold_aware_refined_search,111
0.6286472148541115,0.4861294583883752,0.9223057644110275,0.6366782006920415,gaussian_noise,SKAB,fold_5,42,4,3,probabilistic_suffix_tree,2,1,0.1,0.9,36,106,225,0.0589622641509434,skab_fold_aware_refined_search,111
0.6521739130434783,0.6521739130434783,1.0,0.7894736842105263,unseen_data,SKAB,fold_5,42,4,3,probabilistic_suffix_tree,2,1,0.1,0.9,36,106,225,0.0589622641509434,skab_fold_aware_refined_search,111
0.6651825467497774,0.7192982456140351,0.10224438902743142,0.17903930131004367,original,SKAB,fold_1,42,4,3,probabilistic_suffix_tree,2,1,0.5,0.5,35,104,225,0.061813186813186816,skab_fold_aware_refined_search,112
0.6687444345503116,0.7164179104477612,0.11970074812967581,0.20512820512820512,gaussian_noise,SKAB,fold_1,42,4,3,probabilistic_suffix_tree,2,1,0.5,0.5,35,104,225,0.061813186813186816,skab_fold_aware_refined_search,112
0.0,0.0,0.0,0.0,unseen_data,SKAB,fold_1,42,4,3,probabilistic_suffix_tree,2,1,0.5,0.5,35,104,225,0.061813186813186816,skab_fold_aware_refined_search,112
0.739946380697051,0.6819672131147541,0.5174129353233831,0.5884016973125884,original,SKAB,fold_2,42,4,3,probabilistic_suffix_tree,2,1,0.5,0.5,34,103,234,0.06681896059394632,skab_fold_aware_refined_search,112
0.7390527256478999,0.6797385620915033,0.5174129353233831,0.5875706214689266,gaussian_noise,SKAB,fold_2,42,4,3,probabilistic_suffix_tree,2,1,0.5,0.5,34,103,234,0.06681896059394632,skab_fold_aware_refined_search,112
0.0,0.0,0.0,0.0,unseen_data,SKAB,fold_2,42,4,3,probabilistic_suffix_tree,2,1,0.5,0.5,34,103,234,0.06681896059394632,skab_fold_aware_refined_search,112
0.5871313672922251,0.40974212034383956,0.3583959899749373,0.38235294117647056,original,SKAB,fold_3,42,4,3,probabilistic_suffix_tree,2,1,0.5,0.5,37,109,243,0.06025291346392264,skab_fold_aware_refined_search,112
0.5880250223413762,0.41292134831460675,0.3684210526315789,0.3894039735099338,gaussian_noise,SKAB,fold_3,42,4,3,probabilistic_suffix_tree,2,1,0.5,0.5,37,109,243,0.06025291346392264,skab_fold_aware_refined_search,112
0.0,0.0,0.0,0.0,unseen_data,SKAB,fold_3,42,4,3,probabilistic_suffix_tree,2,1,0.5,0.5,37,109,243,0.06025291346392264,skab_fold_aware_refined_search,112
0.4438405797101449,0.12280701754385964,0.08771929824561403,0.1023391812865497,original,SKAB,fold_4,42,4,3,probabilistic_suffix_tree,2,1,0.5,0.5,36,107,241,0.06256490134994808,skab_fold_aware_refined_search,112
0.4329710144927536,0.11784511784511785,0.08771929824561403,0.10057471264367816,gaussian_noise,SKAB,fold_4,42,4,3,probabilistic_suffix_tree,2,1,0.5,0.5,36,107,241,0.06256490134994808,skab_fold_aware_refined_search,112
0.0,0.0,0.0,0.0,unseen_data,SKAB,fold_4,42,4,3,probabilistic_suffix_tree,2,1,0.5,0.5,36,107,241,0.06256490134994808,skab_fold_aware_refined_search,112
0.5985853227232537,0.448210922787194,0.5964912280701754,0.5118279569892473,original,SKAB,fold_5,42,4,3,probabilistic_suffix_tree,2,1,0.5,0.5,36,106,225,0.0589622641509434,skab_fold_aware_refined_search,112
0.6312997347480106,0.48381294964028776,0.6741854636591479,0.5633507853403141,gaussian_noise,SKAB,fold_5,42,4,3,probabilistic_suffix_tree,2,1,0.5,0.5,36,106,225,0.0589622641509434,skab_fold_aware_refined_search,112
0.6521739130434783,0.6521739130434783,1.0,0.7894736842105263,unseen_data,SKAB,fold_5,42,4,3,probabilistic_suffix_tree,2,1,0.5,0.5,36,106,225,0.0589622641509434,skab_fold_aware_refined_search,112
0.686553873552983,0.7692307692307693,0.1745635910224439,0.2845528455284553,original,SKAB,fold_1,42,4,3,probabilistic_suffix_tree,2,1,0.5,0.7,35,104,225,0.061813186813186816,skab_fold_aware_refined_search,113
0.6856634016028496,0.7352941176470589,0.18703241895261846,0.2982107355864811,gaussian_noise,SKAB,fold_1,42,4,3,probabilistic_suffix_tree,2,1,0.5,0.7,35,104,225,0.061813186813186816,skab_fold_aware_refined_search,113
0.0,0.0,0.0,0.0,unseen_data,SKAB,fold_1,42,4,3,probabilistic_suffix_tree,2,1,0.5,0.7,35,104,225,0.061813186813186816,skab_fold_aware_refined_search,113
0.7560321715817694,0.6608478802992519,0.6592039800995025,0.660024906600249,original,SKAB,fold_2,42,4,3,probabilistic_suffix_tree,2,1,0.5,0.7,34,103,234,0.06681896059394632,skab_fold_aware_refined_search,113
0.7640750670241286,0.6725,0.6691542288557214,0.6708229426433915,gaussian_noise,SKAB,fold_2,42,4,3,probabilistic_suffix_tree,2,1,0.5,0.7,34,103,234,0.06681896059394632,skab_fold_aware_refined_search,113
0.0,0.0,0.0,0.0,unseen_data,SKAB,fold_2,42,4,3,probabilistic_suffix_tree,2,1,0.5,0.7,34,103,234,0.06681896059394632,skab_fold_aware_refined_search,113
0.6148346738159071,0.46190476190476193,0.48621553884711777,0.47374847374847373,original,SKAB,fold_3,42,4,3,probabilistic_suffix_tree,2,1,0.5,0.7,37,109,243,0.06025291346392264,skab_fold_aware_refined_search,113
0.613941018766756,0.46099290780141844,0.48872180451127817,0.4744525547445255,gaussian_noise,SKAB,fold_3,42,4,3,probabilistic_suffix_tree,2,1,0.5,0.7,37,109,243,0.06025291346392264,skab_fold_aware_refined_search,113
0.0,0.0,0.0,0.0,unseen_data,SKAB,fold_3,42,4,3,probabilistic_suffix_tree,2,1,0.5,0.7,37,109,243,0.06025291346392264,skab_fold_aware_refined_search,113
0.3967391304347826,0.13019390581717452,0.11779448621553884,0.12368421052631579,original,SKAB,fold_4,42,4,3,probabilistic_suffix_tree,2,1,0.5,0.7,36,107,241,0.06256490134994808,skab_fold_aware_refined_search,113
0.3858695652173913,0.11989100817438691,0.11027568922305764,0.11488250652741515,gaussian_noise,SKAB,fold_4,42,4,3,probabilistic_suffix_tree,2,1,0.5,0.7,36,107,241,0.06256490134994808,skab_fold_aware_refined_search,113
0.0,0.0,0.0,0.0,unseen_data,SKAB,fold_4,42,4,3,probabilistic_suffix_tree,2,1,0.5,0.7,36,107,241,0.06256490134994808,skab_fold_aware_refined_search,113
0.596816976127321,0.45553822152886114,0.731829573934837,0.5615384615384615,original,SKAB,fold_5,42,4,3,probabilistic_suffix_tree,2,1,0.5,0.7,36,106,225,0.0589622641509434,skab_fold_aware_refined_search,113
0.6091954022988506,0.46766917293233085,0.7794486215538847,0.5845864661654135,gaussian_noise,SKAB,fold_5,42,4,3,probabilistic_suffix_tree,2,1,0.5,0.7,36,106,225,0.0589622641509434,skab_fold_aware_refined_search,113
0.6521739130434783,0.6521739130434783,1.0,0.7894736842105263,unseen_data,SKAB,fold_5,42,4,3,probabilistic_suffix_tree,2,1,0.5,0.7,36,106,225,0.0589622641509434,skab_fold_aware_refined_search,113
0.44701691896705253,0.19444444444444445,0.1745635910224439,0.18396846254927726,original,SKAB,fold_1,42,4,3,probabilistic_suffix_tree,2,1,0.5,0.9,35,104,225,0.061813186813186816,skab_fold_aware_refined_search,114
0.4514692787177204,0.2054794520547945,0.18703241895261846,0.195822454308094,gaussian_noise,SKAB,fold_1,42,4,3,probabilistic_suffix_tree,2,1,0.5,0.9,35,104,225,0.061813186813186816,skab_fold_aware_refined_search,114
0.0,0.0,0.0,0.0,unseen_data,SKAB,fold_1,42,4,3,probabilistic_suffix_tree,2,1,0.5,0.9,35,104,225,0.061813186813186816,skab_fold_aware_refined_search,114
0.7560321715817694,0.6608478802992519,0.6592039800995025,0.660024906600249,original,SKAB,fold_2,42,4,3,probabilistic_suffix_tree,2,1,0.5,0.9,34,103,234,0.06681896059394632,skab_fold_aware_refined_search,114
0.7640750670241286,0.6725,0.6691542288557214,0.6708229426433915,gaussian_noise,SKAB,fold_2,42,4,3,probabilistic_suffix_tree,2,1,0.5,0.9,34,103,234,0.06681896059394632,skab_fold_aware_refined_search,114
0.0,0.0,0.0,0.0,unseen_data,SKAB,fold_2,42,4,3,probabilistic_suffix_tree,2,1,0.5,0.9,34,103,234,0.06681896059394632,skab_fold_aware_refined_search,114
0.613047363717605,0.46064814814814814,0.49874686716791977,0.4789410348977136,original,SKAB,fold_3,42,4,3,probabilistic_suffix_tree,2,1,0.5,0.9,37,109,243,0.06025291346392264,skab_fold_aware_refined_search,114
0.612153708668454,0.45977011494252873,0.5012531328320802,0.47961630695443647,gaussian_noise,SKAB,fold_3,42,4,3,probabilistic_suffix_tree,2,1,0.5,0.9,37,109,243,0.06025291346392264,skab_fold_aware_refined_search,114
0.0,0.0,0.0,0.0,unseen_data,SKAB,fold_3,42,4,3,probabilistic_suffix_tree,2,1,0.5,0.9,37,109,243,0.06025291346392264,skab_fold_aware_refined_search,114
0.38858695652173914,0.1387434554973822,0.13283208020050125,0.1357234314980794,original,SKAB,fold_4,42,4,3,probabilistic_suffix_tree,2,1,0.5,0.9,36,107,241,0.06256490134994808,skab_fold_aware_refined_search,114
0.375,0.12403100775193798,0.12030075187969924,0.12213740458015267,gaussian_noise,SKAB,fold_4,42,4,3,probabilistic_suffix_tree,2,1,0.5,0.9,36,107,241,0.06256490134994808,skab_fold_aware_refined_search,114
0.0,0.0,0.0,0.0,unseen_data,SKAB,fold_4,42,4,3,probabilistic_suffix_tree,2,1,0.5,0.9,36,107,241,0.06256490134994808,skab_fold_aware_refined_search,114
0.6419098143236074,0.4959893048128342,0.9298245614035088,0.6469049694856146,original,SKAB,fold_5,42,4,3,probabilistic_suffix_tree,2,1,0.5,0.9,36,106,225,0.0589622641509434,skab_fold_aware_refined_search,114
0.6286472148541115,0.4861294583883752,0.9223057644110275,0.6366782006920415,gaussian_noise,SKAB,fold_5,42,4,3,probabilistic_suffix_tree,2,1,0.5,0.9,36,106,225,0.0589622641509434,skab_fold_aware_refined_search,114
0.6521739130434783,0.6521739130434783,1.0,0.7894736842105263,unseen_data,SKAB,fold_5,42,4,3,probabilistic_suffix_tree,2,1,0.5,0.9,36,106,225,0.0589622641509434,skab_fold_aware_refined_search,114
0.6580587711487088,0.7428571428571429,0.06483790523690773,0.11926605504587157,original,SKAB,fold_1,42,4,3,probabilistic_suffix_tree,2,2,0.1,0.5,35,104,225,0.061813186813186816,skab_fold_aware_refined_search,115
0.6589492430988424,0.7368421052631579,0.06982543640897755,0.1275626423690205,gaussian_noise,SKAB,fold_1,42,4,3,probabilistic_suffix_tree,2,2,0.1,0.5,35,104,225,0.061813186813186816,skab_fold_aware_refined_search,115
0.0,0.0,0.0,0.0,unseen_data,SKAB,fold_1,42,4,3,probabilistic_suffix_tree,2,2,0.1,0.5,35,104,225,0.061813186813186816,skab_fold_aware_refined_search,115
0.7042001787310098,0.6698564593301436,0.3482587064676617,0.4582651391162029,original,SKAB,fold_2,42,4,3,probabilistic_suffix_tree,2,2,0.1,0.5,34,103,234,0.06681896059394632,skab_fold_aware_refined_search,115
0.7006255585344057,0.6618357487922706,0.3407960199004975,0.44991789819376027,gaussian_noise,SKAB,fold_2,42,4,3,probabilistic_suffix_tree,2,2,0.1,0.5,34,103,234,0.06681896059394632,skab_fold_aware_refined_search,115
0.0,0.0,0.0,0.0,unseen_data,SKAB,fold_2,42,4,3,probabilistic_suffix_tree,2,2,0.1,0.5,34,103,234,0.06681896059394632,skab_fold_aware_refined_search,115
0.6023235031277927,0.4,0.23057644110275688,0.29252782193958665,original,SKAB,fold_3,42,4,3,probabilistic_suffix_tree,2,2,0.1,0.5,37,109,243,0.06025291346392264,skab_fold_aware_refined_search,115
0.6076854334226989,0.4152542372881356,0.24561403508771928,0.30866141732283464,gaussian_noise,SKAB,fold_3,42,4,3,probabilistic_suffix_tree,2,2,0.1,0.5,37,109,243,0.06025291346392264,skab_fold_aware_refined_search,115
0.0,0.0,0.0,0.0,unseen_data,SKAB,fold_3,42,4,3,probabilistic_suffix_tree,2,2,0.1,0.5,37,109,243,0.06025291346392264,skab_fold_aware_refined_search,115
0.5190217391304348,0.13333333333333333,0.06015037593984962,0.08290155440414508,original,SKAB,fold_4,42,4,3,probabilistic_suffix_tree,2,2,0.1,0.5,36,107,241,0.06256490134994808,skab_fold_aware_refined_search,115
0.5108695652173914,0.12299465240641712,0.05764411027568922,0.07849829351535836,gaussian_noise,SKAB,fold_4,42,4,3,probabilistic_suffix_tree,2,2,0.1,0.5,36,107,241,0.06256490134994808,skab_fold_aware_refined_search,115
0.0,0.0,0.0,0.0,unseen_data,SKAB,fold_4,42,4,3,probabilistic_suffix_tree,2,2,0.1,0.5,36,107,241,0.06256490134994808,skab_fold_aware_refined_search,115
0.6454465075154731,0.4976190476190476,0.5238095238095238,0.5103785103785103,original,SKAB,fold_5,42,4,3,probabilistic_suffix_tree,2,2,0.1,0.5,36,106,225,0.0589622641509434,skab_fold_aware_refined_search,115
0.6684350132625995,0.5269058295964125,0.5889724310776943,0.5562130177514792,gaussian_noise,SKAB,fold_5,42,4,3,probabilistic_suffix_tree,2,2,0.1,0.5,36,106,225,0.0589622641509434,skab_fold_aware_refined_search,115
0.6956521739130435,0.6818181818181818,1.0,0.8108108108108109,unseen_data,SKAB,fold_5,42,4,3,probabilistic_suffix_tree,2,2,0.1,0.5,36,106,225,0.0589622641509434,skab_fold_aware_refined_search,115
0.666073018699911,0.703125,0.11221945137157108,0.1935483870967742,original,SKAB,fold_1,42,4,3,probabilistic_suffix_tree,2,2,0.1,0.7,35,104,225,0.061813186813186816,skab_fold_aware_refined_search,116
0.6705253784505788,0.7183098591549296,0.12718204488778054,0.21610169491525424,gaussian_noise,SKAB,fold_1,42,4,3,probabilistic_suffix_tree,2,2,0.1,0.7,35,104,225,0.061813186813186816,skab_fold_aware_refined_search,116
0.0,0.0,0.0,0.0,unseen_data,SKAB,fold_1,42,4,3,probabilistic_suffix_tree,2,2,0.1,0.7,35,104,225,0.061813186813186816,skab_fold_aware_refined_search,116
0.7515638963360143,0.6845238095238095,0.572139303482587,0.6233062330623306,original,SKAB,fold_2,42,4,3,probabilistic_suffix_tree,2,2,0.1,0.7,34,103,234,0.06681896059394632,skab_fold_aware_refined_search,116
0.7551385165326184,0.6904761904761905,0.5771144278606966,0.6287262872628726,gaussian_noise,SKAB,fold_2,42,4,3,probabilistic_suffix_tree,2,2,0.1,0.7,34,103,234,0.06681896059394632,skab_fold_aware_refined_search,116
0.0,0.0,0.0,0.0,unseen_data,SKAB,fold_2,42,4,3,probabilistic_suffix_tree,2,2,0.1,0.7,34,103,234,0.06681896059394632,skab_fold_aware_refined_search,116
0.5898123324396782,0.4152542372881356,0.3684210526315789,0.3904382470119522,original,SKAB,fold_3,42,4,3,probabilistic_suffix_tree,2,2,0.1,0.7,37,109,243,0.06025291346392264,skab_fold_aware_refined_search,116
0.5898123324396782,0.4171270718232044,0.37844611528822053,0.3968462549277267,gaussian_noise,SKAB,fold_3,42,4,3,probabilistic_suffix_tree,2,2,0.1,0.7,37,109,243,0.06025291346392264,skab_fold_aware_refined_search,116
0.0,0.0,0.0,0.0,unseen_data,SKAB,fold_3,42,4,3,probabilistic_suffix_tree,2,2,0.1,0.7,37,109,243,0.06025291346392264,skab_fold_aware_refined_search,116
0.41394927536231885,0.12424242424242424,0.10275689223057644,0.11248285322359397,original,SKAB,fold_4,42,4,3,probabilistic_suffix_tree,2,2,0.1,0.7,36,107,241,0.06256490134994808,skab_fold_aware_refined_search,116
0.4057971014492754,0.11641791044776119,0.09774436090225563,0.10626702997275204,gaussian_noise,SKAB,fold_4,42,4,3,probabilistic_suffix_tree,2,2,0.1,0.7,36,107,241,0.06256490134994808,skab_fold_aware_refined_search,116
0.0,0.0,0.0,0.0,unseen_data,SKAB,fold_4,42,4,3,probabilistic_suffix_tree,2,2,0.1,0.7,36,107,241,0.06256490134994808,skab_fold_aware_refined_search,116
0.6118479221927497,0.46551724137931033,0.6766917293233082,0.5515832482124617,original,SKAB,fold_5,42,4,3,probabilistic_suffix_tree,2,2,0.1,0.7,36,106,225,0.0589622641509434,skab_fold_aware_refined_search,116
0.636604774535809,0.4899665551839465,0.7343358395989975,0.5877632898696088,gaussian_noise,SKAB,fold_5,42,4,3,probabilistic_suffix_tree,2,2,0.1,0.7,36,106,225,0.0589622641509434,skab_fold_aware_refined_search,116
0.6521739130434783,0.6521739130434783,1.0,0.7894736842105263,unseen_data,SKAB,fold_5,42,4,3,probabilistic_suffix_tree,2,2,0.1,0.7,36,106,225,0.0589622641509434,skab_fold_aware_refined_search,116
0.44701691896705253,0.19444444444444445,0.1745635910224439,0.18396846254927726,original,SKAB,fold_1,42,4,3,probabilistic_suffix_tree,2,2,0.1,0.9,35,104,225,0.061813186813186816,skab_fold_aware_refined_search,117
0.4514692787177204,0.2054794520547945,0.18703241895261846,0.195822454308094,gaussian_noise,SKAB,fold_1,42,4,3,probabilistic_suffix_tree,2,2,0.1,0.9,35,104,225,0.061813186813186816,skab_fold_aware_refined_search,117
0.0,0.0,0.0,0.0,unseen_data,SKAB,fold_1,42,4,3,probabilistic_suffix_tree,2,2,0.1,0.9,35,104,225,0.061813186813186816,skab_fold_aware_refined_search,117
0.7560321715817694,0.6608478802992519,0.6592039800995025,0.660024906600249,original,SKAB,fold_2,42,4,3,probabilistic_suffix_tree,2,2,0.1,0.9,34,103,234,0.06681896059394632,skab_fold_aware_refined_search,117
0.7640750670241286,0.6725,0.6691542288557214,0.6708229426433915,gaussian_noise,SKAB,fold_2,42,4,3,probabilistic_suffix_tree,2,2,0.1,0.9,34,103,234,0.06681896059394632,skab_fold_aware_refined_search,117
0.0,0.0,0.0,0.0,unseen_data,SKAB,fold_2,42,4,3,probabilistic_suffix_tree,2,2,0.1,0.9,34,103,234,0.06681896059394632,skab_fold_aware_refined_search,117
0.613941018766756,0.4617169373549884,0.49874686716791977,0.4795180722891566,original,SKAB,fold_3,42,4,3,probabilistic_suffix_tree,2,2,0.1,0.9,37,109,243,0.06025291346392264,skab_fold_aware_refined_search,117
0.613047363717605,0.4608294930875576,0.5012531328320802,0.4801920768307323,gaussian_noise,SKAB,fold_3,42,4,3,probabilistic_suffix_tree,2,2,0.1,0.9,37,109,243,0.06025291346392264,skab_fold_aware_refined_search,117
0.0,0.0,0.0,0.0,unseen_data,SKAB,fold_3,42,4,3,probabilistic_suffix_tree,2,2,0.1,0.9,37,109,243,0.06025291346392264,skab_fold_aware_refined_search,117
0.38858695652173914,0.1387434554973822,0.13283208020050125,0.1357234314980794,original,SKAB,fold_4,42,4,3,probabilistic_suffix_tree,2,2,0.1,0.9,36,107,241,0.06256490134994808,skab_fold_aware_refined_search,117
0.375,0.12403100775193798,0.12030075187969924,0.12213740458015267,gaussian_noise,SKAB,fold_4,42,4,3,probabilistic_suffix_tree,2,2,0.1,0.9,36,107,241,0.06256490134994808,skab_fold_aware_refined_search,117
0.0,0.0,0.0,0.0,unseen_data,SKAB,fold_4,42,4,3,probabilistic_suffix_tree,2,2,0.1,0.9,36,107,241,0.06256490134994808,skab_fold_aware_refined_search,117
0.6419098143236074,0.4959893048128342,0.9298245614035088,0.6469049694856146,original,SKAB,fold_5,42,4,3,probabilistic_suffix_tree,2,2,0.1,0.9,36,106,225,0.0589622641509434,skab_fold_aware_refined_search,117
0.6286472148541115,0.4861294583883752,0.9223057644110275,0.6366782006920415,gaussian_noise,SKAB,fold_5,42,4,3,probabilistic_suffix_tree,2,2,0.1,0.9,36,106,225,0.0589622641509434,skab_fold_aware_refined_search,117
0.6521739130434783,0.6521739130434783,1.0,0.7894736842105263,unseen_data,SKAB,fold_5,42,4,3,probabilistic_suffix_tree,2,2,0.1,0.9,36,106,225,0.0589622641509434,skab_fold_aware_refined_search,117
0.6651825467497774,0.7192982456140351,0.10224438902743142,0.17903930131004367,original,SKAB,fold_1,42,4,3,probabilistic_suffix_tree,2,2,0.5,0.5,35,104,225,0.061813186813186816,skab_fold_aware_refined_search,118
0.6687444345503116,0.7164179104477612,0.11970074812967581,0.20512820512820512,gaussian_noise,SKAB,fold_1,42,4,3,probabilistic_suffix_tree,2,2,0.5,0.5,35,104,225,0.061813186813186816,skab_fold_aware_refined_search,118
0.0,0.0,0.0,0.0,unseen_data,SKAB,fold_1,42,4,3,probabilistic_suffix_tree,2,2,0.5,0.5,35,104,225,0.061813186813186816,skab_fold_aware_refined_search,118
0.739946380697051,0.6819672131147541,0.5174129353233831,0.5884016973125884,original,SKAB,fold_2,42,4,3,probabilistic_suffix_tree,2,2,0.5,0.5,34,103,234,0.06681896059394632,skab_fold_aware_refined_search,118
0.7390527256478999,0.6797385620915033,0.5174129353233831,0.5875706214689266,gaussian_noise,SKAB,fold_2,42,4,3,probabilistic_suffix_tree,2,2,0.5,0.5,34,103,234,0.06681896059394632,skab_fold_aware_refined_search,118
0.0,0.0,0.0,0.0,unseen_data,SKAB,fold_2,42,4,3,probabilistic_suffix_tree,2,2,0.5,0.5,34,103,234,0.06681896059394632,skab_fold_aware_refined_search,118
0.5871313672922251,0.40974212034383956,0.3583959899749373,0.38235294117647056,original,SKAB,fold_3,42,4,3,probabilistic_suffix_tree,2,2,0.5,0.5,37,109,243,0.06025291346392264,skab_fold_aware_refined_search,118
0.5880250223413762,0.41292134831460675,0.3684210526315789,0.3894039735099338,gaussian_noise,SKAB,fold_3,42,4,3,probabilistic_suffix_tree,2,2,0.5,0.5,37,109,243,0.06025291346392264,skab_fold_aware_refined_search,118
0.0,0.0,0.0,0.0,unseen_data,SKAB,fold_3,42,4,3,probabilistic_suffix_tree,2,2,0.5,0.5,37,109,243,0.06025291346392264,skab_fold_aware_refined_search,118
0.4438405797101449,0.12280701754385964,0.08771929824561403,0.1023391812865497,original,SKAB,fold_4,42,4,3,probabilistic_suffix_tree,2,2,0.5,0.5,36,107,241,0.06256490134994808,skab_fold_aware_refined_search,118
0.4329710144927536,0.11784511784511785,0.08771929824561403,0.10057471264367816,gaussian_noise,SKAB,fold_4,42,4,3,probabilistic_suffix_tree,2,2,0.5,0.5,36,107,241,0.06256490134994808,skab_fold_aware_refined_search,118
0.0,0.0,0.0,0.0,unseen_data,SKAB,fold_4,42,4,3,probabilistic_suffix_tree,2,2,0.5,0.5,36,107,241,0.06256490134994808,skab_fold_aware_refined_search,118
0.5985853227232537,0.448210922787194,0.5964912280701754,0.5118279569892473,original,SKAB,fold_5,42,4,3,probabilistic_suffix_tree,2,2,0.5,0.5,36,106,225,0.0589622641509434,skab_fold_aware_refined_search,118
0.6312997347480106,0.48381294964028776,0.6741854636591479,0.5633507853403141,gaussian_noise,SKAB,fold_5,42,4,3,probabilistic_suffix_tree,2,2,0.5,0.5,36,106,225,0.0589622641509434,skab_fold_aware_refined_search,118
0.6521739130434783,0.6521739130434783,1.0,0.7894736842105263,unseen_data,SKAB,fold_5,42,4,3,probabilistic_suffix_tree,2,2,0.5,0.5,36,106,225,0.0589622641509434,skab_fold_aware_refined_search,118
0.686553873552983,0.7692307692307693,0.1745635910224439,0.2845528455284553,original,SKAB,fold_1,42,4,3,probabilistic_suffix_tree,2,2,0.5,0.7,35,104,225,0.061813186813186816,skab_fold_aware_refined_search,119
0.6856634016028496,0.7352941176470589,0.18703241895261846,0.2982107355864811,gaussian_noise,SKAB,fold_1,42,4,3,probabilistic_suffix_tree,2,2,0.5,0.7,35,104,225,0.061813186813186816,skab_fold_aware_refined_search,119
0.0,0.0,0.0,0.0,unseen_data,SKAB,fold_1,42,4,3,probabilistic_suffix_tree,2,2,0.5,0.7,35,104,225,0.061813186813186816,skab_fold_aware_refined_search,119
0.7560321715817694,0.6608478802992519,0.6592039800995025,0.660024906600249,original,SKAB,fold_2,42,4,3,probabilistic_suffix_tree,2,2,0.5,0.7,34,103,234,0.06681896059394632,skab_fold_aware_refined_search,119
0.7640750670241286,0.6725,0.6691542288557214,0.6708229426433915,gaussian_noise,SKAB,fold_2,42,4,3,probabilistic_suffix_tree,2,2,0.5,0.7,34,103,234,0.06681896059394632,skab_fold_aware_refined_search,119
0.0,0.0,0.0,0.0,unseen_data,SKAB,fold_2,42,4,3,probabilistic_suffix_tree,2,2,0.5,0.7,34,103,234,0.06681896059394632,skab_fold_aware_refined_search,119
0.6148346738159071,0.46190476190476193,0.48621553884711777,0.47374847374847373,original,SKAB,fold_3,42,4,3,probabilistic_suffix_tree,2,2,0.5,0.7,37,109,243,0.06025291346392264,skab_fold_aware_refined_search,119
0.613941018766756,0.46099290780141844,0.48872180451127817,0.4744525547445255,gaussian_noise,SKAB,fold_3,42,4,3,probabilistic_suffix_tree,2,2,0.5,0.7,37,109,243,0.06025291346392264,skab_fold_aware_refined_search,119
0.0,0.0,0.0,0.0,unseen_data,SKAB,fold_3,42,4,3,probabilistic_suffix_tree,2,2,0.5,0.7,37,109,243,0.06025291346392264,skab_fold_aware_refined_search,119
0.3967391304347826,0.13019390581717452,0.11779448621553884,0.12368421052631579,original,SKAB,fold_4,42,4,3,probabilistic_suffix_tree,2,2,0.5,0.7,36,107,241,0.06256490134994808,skab_fold_aware_refined_search,119
0.3858695652173913,0.11989100817438691,0.11027568922305764,0.11488250652741515,gaussian_noise,SKAB,fold_4,42,4,3,probabilistic_suffix_tree,2,2,0.5,0.7,36,107,241,0.06256490134994808,skab_fold_aware_refined_search,119
0.0,0.0,0.0,0.0,unseen_data,SKAB,fold_4,42,4,3,probabilistic_suffix_tree,2,2,0.5,0.7,36,107,241,0.06256490134994808,skab_fold_aware_refined_search,119
0.596816976127321,0.45553822152886114,0.731829573934837,0.5615384615384615,original,SKAB,fold_5,42,4,3,probabilistic_suffix_tree,2,2,0.5,0.7,36,106,225,0.0589622641509434,skab_fold_aware_refined_search,119
0.6091954022988506,0.46766917293233085,0.7794486215538847,0.5845864661654135,gaussian_noise,SKAB,fold_5,42,4,3,probabilistic_suffix_tree,2,2,0.5,0.7,36,106,225,0.0589622641509434,skab_fold_aware_refined_search,119
0.6521739130434783,0.6521739130434783,1.0,0.7894736842105263,unseen_data,SKAB,fold_5,42,4,3,probabilistic_suffix_tree,2,2,0.5,0.7,36,106,225,0.0589622641509434,skab_fold_aware_refined_search,119
0.44701691896705253,0.19444444444444445,0.1745635910224439,0.18396846254927726,original,SKAB,fold_1,42,4,3,probabilistic_suffix_tree,2,2,0.5,0.9,35,104,225,0.061813186813186816,skab_fold_aware_refined_search,120
0.4514692787177204,0.2054794520547945,0.18703241895261846,0.195822454308094,gaussian_noise,SKAB,fold_1,42,4,3,probabilistic_suffix_tree,2,2,0.5,0.9,35,104,225,0.061813186813186816,skab_fold_aware_refined_search,120
0.0,0.0,0.0,0.0,unseen_data,SKAB,fold_1,42,4,3,probabilistic_suffix_tree,2,2,0.5,0.9,35,104,225,0.061813186813186816,skab_fold_aware_refined_search,120
0.7560321715817694,0.6608478802992519,0.6592039800995025,0.660024906600249,original,SKAB,fold_2,42,4,3,probabilistic_suffix_tree,2,2,0.5,0.9,34,103,234,0.06681896059394632,skab_fold_aware_refined_search,120
0.7640750670241286,0.6725,0.6691542288557214,0.6708229426433915,gaussian_noise,SKAB,fold_2,42,4,3,probabilistic_suffix_tree,2,2,0.5,0.9,34,103,234,0.06681896059394632,skab_fold_aware_refined_search,120
0.0,0.0,0.0,0.0,unseen_data,SKAB,fold_2,42,4,3,probabilistic_suffix_tree,2,2,0.5,0.9,34,103,234,0.06681896059394632,skab_fold_aware_refined_search,120
0.613047363717605,0.46064814814814814,0.49874686716791977,0.4789410348977136,original,SKAB,fold_3,42,4,3,probabilistic_suffix_tree,2,2,0.5,0.9,37,109,243,0.06025291346392264,skab_fold_aware_refined_search,120
0.612153708668454,0.45977011494252873,0.5012531328320802,0.47961630695443647,gaussian_noise,SKAB,fold_3,42,4,3,probabilistic_suffix_tree,2,2,0.5,0.9,37,109,243,0.06025291346392264,skab_fold_aware_refined_search,120
0.0,0.0,0.0,0.0,unseen_data,SKAB,fold_3,42,4,3,probabilistic_suffix_tree,2,2,0.5,0.9,37,109,243,0.06025291346392264,skab_fold_aware_refined_search,120
0.38858695652173914,0.1387434554973822,0.13283208020050125,0.1357234314980794,original,SKAB,fold_4,42,4,3,probabilistic_suffix_tree,2,2,0.5,0.9,36,107,241,0.06256490134994808,skab_fold_aware_refined_search,120
0.375,0.12403100775193798,0.12030075187969924,0.12213740458015267,gaussian_noise,SKAB,fold_4,42,4,3,probabilistic_suffix_tree,2,2,0.5,0.9,36,107,241,0.06256490134994808,skab_fold_aware_refined_search,120
0.0,0.0,0.0,0.0,unseen_data,SKAB,fold_4,42,4,3,probabilistic_suffix_tree,2,2,0.5,0.9,36,107,241,0.06256490134994808,skab_fold_aware_refined_search,120
0.6419098143236074,0.4959893048128342,0.9298245614035088,0.6469049694856146,original,SKAB,fold_5,42,4,3,probabilistic_suffix_tree,2,2,0.5,0.9,36,106,225,0.0589622641509434,skab_fold_aware_refined_search,120
0.6286472148541115,0.4861294583883752,0.9223057644110275,0.6366782006920415,gaussian_noise,SKAB,fold_5,42,4,3,probabilistic_suffix_tree,2,2,0.5,0.9,36,106,225,0.0589622641509434,skab_fold_aware_refined_search,120
0.6521739130434783,0.6521739130434783,1.0,0.7894736842105263,unseen_data,SKAB,fold_5,42,4,3,probabilistic_suffix_tree,2,2,0.5,0.9,36,106,225,0.0589622641509434,skab_fold_aware_refined_search,120
0.6589492430988424,0.6956521739130435,0.0798004987531172,0.14317673378076062,original,SKAB,fold_1,42,4,3,probabilistic_suffix_tree,3,1,0.1,0.5,35,226,435,0.054993678887484194,skab_fold_aware_refined_search,121
0.661620658949243,0.7142857142857143,0.08728179551122195,0.15555555555555556,gaussian_noise,SKAB,fold_1,42,4,3,probabilistic_suffix_tree,3,1,0.1,0.5,35,226,435,0.054993678887484194,skab_fold_aware_refined_search,121
0.0,0.0,0.0,0.0,unseen_data,SKAB,fold_1,42,4,3,probabilistic_suffix_tree,3,1,0.1,0.5,35,226,435,0.054993678887484194,skab_fold_aware_refined_search,121
0.7301161751563896,0.7049180327868853,0.42786069651741293,0.5325077399380805,original,SKAB,fold_2,42,4,3,probabilistic_suffix_tree,3,1,0.1,0.5,34,235,472,0.0590738423028786,skab_fold_aware_refined_search,121
0.7167113494191242,0.673469387755102,0.41044776119402987,0.5100463678516228,gaussian_noise,SKAB,fold_2,42,4,3,probabilistic_suffix_tree,3,1,0.1,0.5,34,235,472,0.0590738423028786,skab_fold_aware_refined_search,121
0.0,0.0,0.0,0.0,unseen_data,SKAB,fold_2,42,4,3,probabilistic_suffix_tree,3,1,0.1,0.5,34,235,472,0.0590738423028786,skab_fold_aware_refined_search,121
0.6050044682752458,0.416988416988417,0.2706766917293233,0.3282674772036474,original,SKAB,fold_3,42,4,3,probabilistic_suffix_tree,3,1,0.1,0.5,37,244,477,0.05283562250775366,skab_fold_aware_refined_search,121
0.612153708668454,0.4339622641509434,0.2882205513784461,0.3463855421686747,gaussian_noise,SKAB,fold_3,42,4,3,probabilistic_suffix_tree,3,1,0.1,0.5,37,244,477,0.05283562250775366,skab_fold_aware_refined_search,121
0.0,0.0,0.0,0.0,unseen_data,SKAB,fold_3,42,4,3,probabilistic_suffix_tree,3,1,0.1,0.5,37,244,477,0.05283562250775366,skab_fold_aware_refined_search,121
0.4936594202898551,0.12962962962962962,0.07017543859649122,0.0910569105691057,original,SKAB,fold_4,42,4,3,probabilistic_suffix_tree,3,1,0.1,0.5,36,242,485,0.055670339761248855,skab_fold_aware_refined_search,121
0.483695652173913,0.12334801762114538,0.07017543859649122,0.08945686900958466,gaussian_noise,SKAB,fold_4,42,4,3,probabilistic_suffix_tree,3,1,0.1,0.5,36,242,485,0.055670339761248855,skab_fold_aware_refined_search,121
0.0,0.0,0.0,0.0,unseen_data,SKAB,fold_4,42,4,3,probabilistic_suffix_tree,3,1,0.1,0.5,36,242,485,0.055670339761248855,skab_fold_aware_refined_search,121
0.6242263483642794,0.47186147186147187,0.5463659147869674,0.5063879210220673,original,SKAB,fold_5,42,4,3,probabilistic_suffix_tree,3,1,0.1,0.5,36,226,425,0.052236971484759094,skab_fold_aware_refined_search,121
0.6463306808134395,0.499001996007984,0.6265664160401002,0.5555555555555556,gaussian_noise,SKAB,fold_5,42,4,3,probabilistic_suffix_tree,3,1,0.1,0.5,36,226,425,0.052236971484759094,skab_fold_aware_refined_search,121
0.6956521739130435,0.6818181818181818,1.0,0.8108108108108109,unseen_data,SKAB,fold_5,42,4,3,probabilistic_suffix_tree,3,1,0.1,0.5,36,226,425,0.052236971484759094,skab_fold_aware_refined_search,121
0.6705253784505788,0.7183098591549296,0.12718204488778054,0.21610169491525424,original,SKAB,fold_1,42,4,3,probabilistic_suffix_tree,3,1,0.1,0.7,35,226,435,0.054993678887484194,skab_fold_aware_refined_search,122
0.674087266251113,0.7215189873417721,0.14214463840399003,0.2375,gaussian_noise,SKAB,fold_1,42,4,3,probabilistic_suffix_tree,3,1,0.1,0.7,35,226,435,0.054993678887484194,skab_fold_aware_refined_search,122
0.0,0.0,0.0,0.0,unseen_data,SKAB,fold_1,42,4,3,probabilistic_suffix_tree,3,1,0.1,0.7,35,226,435,0.054993678887484194,skab_fold_aware_refined_search,122
0.7542448614834674,0.6840579710144927,0.5870646766169154,0.6318607764390897,original,SKAB,fold_2,42,4,3,probabilistic_suffix_tree,3,1,0.1,0.7,34,235,472,0.0590738423028786,skab_fold_aware_refined_search,122
0.7542448614834674,0.6829971181556196,0.5895522388059702,0.6328437917222964,gaussian_noise,SKAB,fold_2,42,4,3,probabilistic_suffix_tree,3,1,0.1,0.7,34,235,472,0.0590738423028786,skab_fold_aware_refined_search,122
0.0,0.0,0.0,0.0,unseen_data,SKAB,fold_2,42,4,3,probabilistic_suffix_tree,3,1,0.1,0.7,34,235,472,0.0590738423028786,skab_fold_aware_refined_search,122
0.6032171581769437,0.44525547445255476,0.45864661654135336,0.45185185185185184,original,SKAB,fold_3,42,4,3,probabilistic_suffix_tree,3,1,0.1,0.7,37,244,477,0.05283562250775366,skab_fold_aware_refined_search,122
0.5987488829311886,0.4393203883495146,0.45363408521303256,0.44636251541307026,gaussian_noise,SKAB,fold_3,42,4,3,probabilistic_suffix_tree,3,1,0.1,0.7,37,244,477,0.05283562250775366,skab_fold_aware_refined_search,122
0.0,0.0,0.0,0.0,unseen_data,SKAB,fold_3,42,4,3,probabilistic_suffix_tree,3,1,0.1,0.7,37,244,477,0.05283562250775366,skab_fold_aware_refined_search,122
0.40851449275362317,0.1308139534883721,0.11278195488721804,0.12113055181695828,original,SKAB,fold_4,42,4,3,probabilistic_suffix_tree,3,1,0.1,0.7,36,242,485,0.055670339761248855,skab_fold_aware_refined_search,122
0.3976449275362319,0.12215909090909091,0.10776942355889724,0.11451398135818908,gaussian_noise,SKAB,fold_4,42,4,3,probabilistic_suffix_tree,3,1,0.1,0.7,36,242,485,0.055670339761248855,skab_fold_aware_refined_search,122
0.0,0.0,0.0,0.0,unseen_data,SKAB,fold_4,42,4,3,probabilistic_suffix_tree,3,1,0.1,0.7,36,242,485,0.055670339761248855,skab_fold_aware_refined_search,122
0.6083112290008842,0.46381578947368424,0.706766917293233,0.5600794438927508,original,SKAB,fold_5,42,4,3,probabilistic_suffix_tree,3,1,0.1,0.7,36,226,425,0.052236971484759094,skab_fold_aware_refined_search,122
0.632183908045977,0.48661417322834644,0.7744360902255639,0.597678916827853,gaussian_noise,SKAB,fold_5,42,4,3,probabilistic_suffix_tree,3,1,0.1,0.7,36,226,425,0.052236971484759094,skab_fold_aware_refined_search,122
0.6521739130434783,0.6521739130434783,1.0,0.7894736842105263,unseen_data,SKAB,fold_5,42,4,3,probabilistic_suffix_tree,3,1,0.1,0.7,36,226,425,0.052236971484759094,skab_fold_aware_refined_search,122
0.6918967052537845,0.7777777777777778,0.19201995012468828,0.308,original,SKAB,fold_1,42,4,3,probabilistic_suffix_tree,3,1,0.1,0.9,35,226,435,0.054993678887484194,skab_fold_aware_refined_search,123
0.6901157613535174,0.7387387387387387,0.20448877805486285,0.3203125,gaussian_noise,SKAB,fold_1,42,4,3,probabilistic_suffix_tree,3,1,0.1,0.9,35,226,435,0.054993678887484194,skab_fold_aware_refined_search,123
0.0,0.0,0.0,0.0,unseen_data,SKAB,fold_1,42,4,3,probabilistic_suffix_tree,3,1,0.1,0.9,35,226,435,0.054993678887484194,skab_fold_aware_refined_search,123
0.7578194816800715,0.6526806526806527,0.6965174129353234,0.6738868832731648,original,SKAB,fold_2,42,4,3,probabilistic_suffix_tree,3,1,0.1,0.9,34,235,472,0.0590738423028786,skab_fold_aware_refined_search,123
0.7694369973190348,0.6674418604651163,0.7139303482587065,0.6899038461538461,gaussian_noise,SKAB,fold_2,42,4,3,probabilistic_suffix_tree,3,1,0.1,0.9,34,235,472,0.0590738423028786,skab_fold_aware_refined_search,123
0.0,0.0,0.0,0.0,unseen_data,SKAB,fold_2,42,4,3,probabilistic_suffix_tree,3,1,0.1,0.9,34,235,472,0.0590738423028786,skab_fold_aware_refined_search,123
0.613047363717605,0.462882096069869,0.531328320802005,0.49474912485414235,original,SKAB,fold_3,42,4,3,probabilistic_suffix_tree,3,1,0.1,0.9,37,244,477,0.05283562250775366,skab_fold_aware_refined_search,123
0.6112600536193029,0.4606986899563319,0.5288220551378446,0.49241540256709454,gaussian_noise,SKAB,fold_3,42,4,3,probabilistic_suffix_tree,3,1,0.1,0.9,37,244,477,0.05283562250775366,skab_fold_aware_refined_search,123
0.0,0.0,0.0,0.0,unseen_data,SKAB,fold_3,42,4,3,probabilistic_suffix_tree,3,1,0.1,0.9,37,244,477,0.05283562250775366,skab_fold_aware_refined_search,123
0.375,0.145985401459854,0.15037593984962405,0.14814814814814814,original,SKAB,fold_4,42,4,3,probabilistic_suffix_tree,3,1,0.1,0.9,36,242,485,0.055670339761248855,skab_fold_aware_refined_search,123
0.3596014492753623,0.12980769230769232,0.13533834586466165,0.1325153374233129,gaussian_noise,SKAB,fold_4,42,4,3,probabilistic_suffix_tree,3,1,0.1,0.9,36,242,485,0.055670339761248855,skab_fold_aware_refined_search,123
0.0,0.0,0.0,0.0,unseen_data,SKAB,fold_4,42,4,3,probabilistic_suffix_tree,3,1,0.1,0.9,36,242,485,0.055670339761248855,skab_fold_aware_refined_search,123
0.6304155614500442,0.4876783398184176,0.9423558897243107,0.6427350427350428,original,SKAB,fold_5,42,4,3,probabilistic_suffix_tree,3,1,0.1,0.9,36,226,425,0.052236971484759094,skab_fold_aware_refined_search,123
0.6162687886825818,0.47753530166880614,0.9323308270676691,0.631578947368421,gaussian_noise,SKAB,fold_5,42,4,3,probabilistic_suffix_tree,3,1,0.1,0.9,36,226,425,0.052236971484759094,skab_fold_aware_refined_search,123
0.6521739130434783,0.6521739130434783,1.0,0.7894736842105263,unseen_data,SKAB,fold_5,42,4,3,probabilistic_suffix_tree,3,1,0.1,0.9,36,226,425,0.052236971484759094,skab_fold_aware_refined_search,123
0.6669634906500446,0.7014925373134329,0.1172069825436409,0.20085470085470086,original,SKAB,fold_1,42,4,3,probabilistic_suffix_tree,3,1,0.5,0.5,35,226,435,0.054993678887484194,skab_fold_aware_refined_search,124
0.6696349065004452,0.6875,0.1371571072319202,0.2286902286902287,gaussian_noise,SKAB,fold_1,42,4,3,probabilistic_suffix_tree,3,1,0.5,0.5,35,226,435,0.054993678887484194,skab_fold_aware_refined_search,124
0.0,0.0,0.0,0.0,unseen_data,SKAB,fold_1,42,4,3,probabilistic_suffix_tree,3,1,0.5,0.5,35,226,435,0.054993678887484194,skab_fold_aware_refined_search,124
0.7533512064343163,0.6863905325443787,0.5771144278606966,0.6270270270270271,original,SKAB,fold_2,42,4,3,probabilistic_suffix_tree,3,1,0.5,0.5,34,235,472,0.0590738423028786,skab_fold_aware_refined_search,124
0.7533512064343163,0.6842105263157895,0.582089552238806,0.6290322580645161,gaussian_noise,SKAB,fold_2,42,4,3,probabilistic_suffix_tree,3,1,0.5,0.5,34,235,472,0.0590738423028786,skab_fold_aware_refined_search,124
0.0,0.0,0.0,0.0,unseen_data,SKAB,fold_2,42,4,3,probabilistic_suffix_tree,3,1,0.5,0.5,34,235,472,0.0590738423028786,skab_fold_aware_refined_search,124
0.5987488829311886,0.43781094527363185,0.44110275689223055,0.4394506866416979,original,SKAB,fold_3,42,4,3,probabilistic_suffix_tree,3,1,0.5,0.5,37,244,477,0.05283562250775366,skab_fold_aware_refined_search,124
0.5942806076854334,0.43243243243243246,0.44110275689223055,0.43672456575682383,gaussian_noise,SKAB,fold_3,42,4,3,probabilistic_suffix_tree,3,1,0.5,0.5,37,244,477,0.05283562250775366,skab_fold_aware_refined_search,124
0.0,0.0,0.0,0.0,unseen_data,SKAB,fold_3,42,4,3,probabilistic_suffix_tree,3,1,0.5,0.5,37,244,477,0.05283562250775366,skab_fold_aware_refined_search,124
0.41394927536231885,0.12874251497005987,0.10776942355889724,0.11732605729877217,original,SKAB,fold_4,42,4,3,probabilistic_suffix_tree,3,1,0.5,0.5,36,242,485,0.055670339761248855,skab_fold_aware_refined_search,124
0.40398550724637683,0.12244897959183673,0.10526315789473684,0.11320754716981132,gaussian_noise,SKAB,fold_4,42,4,3,probabilistic_suffix_tree,3,1,0.5,0.5,36,242,485,0.055670339761248855,skab_fold_aware_refined_search,124
0.0,0.0,0.0,0.0,unseen_data,SKAB,fold_4,42,4,3,probabilistic_suffix_tree,3,1,0.5,0.5,36,242,485,0.055670339761248855,skab_fold_aware_refined_search,124
0.5923961096374889,0.44816053511705684,0.6716791979949874,0.5376128385155466,original,SKAB,fold_5,42,4,3,probabilistic_suffix_tree,3,1,0.5,0.5,36,226,425,0.052236971484759094,skab_fold_aware_refined_search,124
0.6242263483642794,0.4791666666666667,0.7493734335839599,0.5845552297165201,gaussian_noise,SKAB,fold_5,42,4,3,probabilistic_suffix_tree,3,1,0.5,0.5,36,226,425,0.052236971484759094,skab_fold_aware_refined_search,124
0.6521739130434783,0.6521739130434783,1.0,0.7894736842105263,unseen_data,SKAB,fold_5,42,4,3,probabilistic_suffix_tree,3,1,0.5,0.5,36,226,425,0.052236971484759094,skab_fold_aware_refined_search,124
0.6918967052537845,0.7777777777777778,0.19201995012468828,0.308,original,SKAB,fold_1,42,4,3,probabilistic_suffix_tree,3,1,0.5,0.7,35,226,435,0.054993678887484194,skab_fold_aware_refined_search,125
0.6901157613535174,0.7387387387387387,0.20448877805486285,0.3203125,gaussian_noise,SKAB,fold_1,42,4,3,probabilistic_suffix_tree,3,1,0.5,0.7,35,226,435,0.054993678887484194,skab_fold_aware_refined_search,125
0.0,0.0,0.0,0.0,unseen_data,SKAB,fold_1,42,4,3,probabilistic_suffix_tree,3,1,0.5,0.7,35,226,435,0.054993678887484194,skab_fold_aware_refined_search,125
0.7578194816800715,0.6526806526806527,0.6965174129353234,0.6738868832731648,original,SKAB,fold_2,42,4,3,probabilistic_suffix_tree,3,1,0.5,0.7,34,235,472,0.0590738423028786,skab_fold_aware_refined_search,125
0.7694369973190348,0.6674418604651163,0.7139303482587065,0.6899038461538461,gaussian_noise,SKAB,fold_2,42,4,3,probabilistic_suffix_tree,3,1,0.5,0.7,34,235,472,0.0590738423028786,skab_fold_aware_refined_search,125
0.0,0.0,0.0,0.0,unseen_data,SKAB,fold_2,42,4,3,probabilistic_suffix_tree,3,1,0.5,0.7,34,235,472,0.0590738423028786,skab_fold_aware_refined_search,125
0.613047363717605,0.462882096069869,0.531328320802005,0.49474912485414235,original,SKAB,fold_3,42,4,3,probabilistic_suffix_tree,3,1,0.5,0.7,37,244,477,0.05283562250775366,skab_fold_aware_refined_search,125
0.6112600536193029,0.4606986899563319,0.5288220551378446,0.49241540256709454,gaussian_noise,SKAB,fold_3,42,4,3,probabilistic_suffix_tree,3,1,0.5,0.7,37,244,477,0.05283562250775366,skab_fold_aware_refined_search,125
0.0,0.0,0.0,0.0,unseen_data,SKAB,fold_3,42,4,3,probabilistic_suffix_tree,3,1,0.5,0.7,37,244,477,0.05283562250775366,skab_fold_aware_refined_search,125
0.3759057971014493,0.14634146341463414,0.15037593984962405,0.14833127317676142,original,SKAB,fold_4,42,4,3,probabilistic_suffix_tree,3,1,0.5,0.7,36,242,485,0.055670339761248855,skab_fold_aware_refined_search,125
0.3605072463768116,0.13012048192771083,0.13533834586466165,0.13267813267813267,gaussian_noise,SKAB,fold_4,42,4,3,probabilistic_suffix_tree,3,1,0.5,0.7,36,242,485,0.055670339761248855,skab_fold_aware_refined_search,125
0.0,0.0,0.0,0.0,unseen_data,SKAB,fold_4,42,4,3,probabilistic_suffix_tree,3,1,0.5,0.7,36,242,485,0.055670339761248855,skab_fold_aware_refined_search,125
0.5959328028293546,0.4578488372093023,0.7894736842105263,0.5795768169273229,original,SKAB,fold_5,42,4,3,probabilistic_suffix_tree,3,1,0.5,0.7,36,226,425,0.052236971484759094,skab_fold_aware_refined_search,125
0.6074270557029178,0.4684431977559607,0.8370927318295739,0.6007194244604317,gaussian_noise,SKAB,fold_5,42,4,3,probabilistic_suffix_tree,3,1,0.5,0.7,36,226,425,0.052236971484759094,skab_fold_aware_refined_search,125
0.6521739130434783,0.6521739130434783,1.0,0.7894736842105263,unseen_data,SKAB,fold_5,42,4,3,probabilistic_suffix_tree,3,1,0.5,0.7,36,226,425,0.052236971484759094,skab_fold_aware_refined_search,125
0.45325022261798753,0.2098092643051771,0.19201995012468828,0.20052083333333334,original,SKAB,fold_1,42,4,3,probabilistic_suffix_tree,3,1,0.5,0.9,35,226,435,0.054993678887484194,skab_fold_aware_refined_search,126
0.4577025823686554,0.22043010752688172,0.20448877805486285,0.21216041397153945,gaussian_noise,SKAB,fold_1,42,4,3,probabilistic_suffix_tree,3,1,0.5,0.9,35,226,435,0.054993678887484194,skab_fold_aware_refined_search,126
0.0,0.0,0.0,0.0,unseen_data,SKAB,fold_1,42,4,3,probabilistic_suffix_tree,3,1,0.5,0.9,35,226,435,0.054993678887484194,skab_fold_aware_refined_search,126
0.7578194816800715,0.6526806526806527,0.6965174129353234,0.6738868832731648,original,SKAB,fold_2,42,4,3,probabilistic_suffix_tree,3,1,0.5,0.9,34,235,472,0.0590738423028786,skab_fold_aware_refined_search,126
0.7694369973190348,0.6674418604651163,0.7139303482587065,0.6899038461538461,gaussian_noise,SKAB,fold_2,42,4,3,probabilistic_suffix_tree,3,1,0.5,0.9,34,235,472,0.0590738423028786,skab_fold_aware_refined_search,126
0.0,0.0,0.0,0.0,unseen_data,SKAB,fold_2,42,4,3,probabilistic_suffix_tree,3,1,0.5,0.9,34,235,472,0.0590738423028786,skab_fold_aware_refined_search,126
0.612153708668454,0.46187363834422657,0.531328320802005,0.49417249417249415,original,SKAB,fold_3,42,4,3,probabilistic_suffix_tree,3,1,0.5,0.9,37,244,477,0.05283562250775366,skab_fold_aware_refined_search,126
0.610366398570152,0.4596949891067538,0.5288220551378446,0.49184149184149184,gaussian_noise,SKAB,fold_3,42,4,3,probabilistic_suffix_tree,3,1,0.5,0.9,37,244,477,0.05283562250775366,skab_fold_aware_refined_search,126
0.0,0.0,0.0,0.0,unseen_data,SKAB,fold_3,42,4,3,probabilistic_suffix_tree,3,1,0.5,0.9,37,244,477,0.05283562250775366,skab_fold_aware_refined_search,126
0.375,0.145985401459854,0.15037593984962405,0.14814814814814814,original,SKAB,fold_4,42,4,3,probabilistic_suffix_tree,3,1,0.5,0.9,36,242,485,0.055670339761248855,skab_fold_aware_refined_search,126
0.3596014492753623,0.12980769230769232,0.13533834586466165,0.1325153374233129,gaussian_noise,SKAB,fold_4,42,4,3,probabilistic_suffix_tree,3,1,0.5,0.9,36,242,485,0.055670339761248855,skab_fold_aware_refined_search,126
0.0,0.0,0.0,0.0,unseen_data,SKAB,fold_4,42,4,3,probabilistic_suffix_tree,3,1,0.5,0.9,36,242,485,0.055670339761248855,skab_fold_aware_refined_search,126
0.6304155614500442,0.4876783398184176,0.9423558897243107,0.6427350427350428,original,SKAB,fold_5,42,4,3,probabilistic_suffix_tree,3,1,0.5,0.9,36,226,425,0.052236971484759094,skab_fold_aware_refined_search,126
0.6162687886825818,0.47753530166880614,0.9323308270676691,0.631578947368421,gaussian_noise,SKAB,fold_5,42,4,3,probabilistic_suffix_tree,3,1,0.5,0.9,36,226,425,0.052236971484759094,skab_fold_aware_refined_search,126
0.6521739130434783,0.6521739130434783,1.0,0.7894736842105263,unseen_data,SKAB,fold_5,42,4,3,probabilistic_suffix_tree,3,1,0.5,0.9,36,226,425,0.052236971484759094,skab_fold_aware_refined_search,126
0.6589492430988424,0.6956521739130435,0.0798004987531172,0.14317673378076062,original,SKAB,fold_1,42,4,3,probabilistic_suffix_tree,3,2,0.1,0.5,35,226,435,0.054993678887484194,skab_fold_aware_refined_search,127
0.661620658949243,0.7142857142857143,0.08728179551122195,0.15555555555555556,gaussian_noise,SKAB,fold_1,42,4,3,probabilistic_suffix_tree,3,2,0.1,0.5,35,226,435,0.054993678887484194,skab_fold_aware_refined_search,127
0.0,0.0,0.0,0.0,unseen_data,SKAB,fold_1,42,4,3,probabilistic_suffix_tree,3,2,0.1,0.5,35,226,435,0.054993678887484194,skab_fold_aware_refined_search,127
0.7301161751563896,0.7049180327868853,0.42786069651741293,0.5325077399380805,original,SKAB,fold_2,42,4,3,probabilistic_suffix_tree,3,2,0.1,0.5,34,235,472,0.0590738423028786,skab_fold_aware_refined_search,127
0.7167113494191242,0.673469387755102,0.41044776119402987,0.5100463678516228,gaussian_noise,SKAB,fold_2,42,4,3,probabilistic_suffix_tree,3,2,0.1,0.5,34,235,472,0.0590738423028786,skab_fold_aware_refined_search,127
0.0,0.0,0.0,0.0,unseen_data,SKAB,fold_2,42,4,3,probabilistic_suffix_tree,3,2,0.1,0.5,34,235,472,0.0590738423028786,skab_fold_aware_refined_search,127
0.6050044682752458,0.416988416988417,0.2706766917293233,0.3282674772036474,original,SKAB,fold_3,42,4,3,probabilistic_suffix_tree,3,2,0.1,0.5,37,244,477,0.05283562250775366,skab_fold_aware_refined_search,127
0.612153708668454,0.4339622641509434,0.2882205513784461,0.3463855421686747,gaussian_noise,SKAB,fold_3,42,4,3,probabilistic_suffix_tree,3,2,0.1,0.5,37,244,477,0.05283562250775366,skab_fold_aware_refined_search,127
0.0,0.0,0.0,0.0,unseen_data,SKAB,fold_3,42,4,3,probabilistic_suffix_tree,3,2,0.1,0.5,37,244,477,0.05283562250775366,skab_fold_aware_refined_search,127
0.49184782608695654,0.12149532710280374,0.06516290726817042,0.08482871125611746,original,SKAB,fold_4,42,4,3,probabilistic_suffix_tree,3,2,0.1,0.5,36,242,485,0.055670339761248855,skab_fold_aware_refined_search,127
0.48188405797101447,0.11555555555555555,0.06516290726817042,0.08333333333333333,gaussian_noise,SKAB,fold_4,42,4,3,probabilistic_suffix_tree,3,2,0.1,0.5,36,242,485,0.055670339761248855,skab_fold_aware_refined_search,127
0.0,0.0,0.0,0.0,unseen_data,SKAB,fold_4,42,4,3,probabilistic_suffix_tree,3,2,0.1,0.5,36,242,485,0.055670339761248855,skab_fold_aware_refined_search,127
0.6268788682581786,0.4749455337690632,0.5463659147869674,0.5081585081585082,original,SKAB,fold_5,42,4,3,probabilistic_suffix_tree,3,2,0.1,0.5,36,226,425,0.052236971484759094,skab_fold_aware_refined_search,127
0.6489832007073386,0.5020080321285141,0.6265664160401002,0.5574136008918618,gaussian_noise,SKAB,fold_5,42,4,3,probabilistic_suffix_tree,3,2,0.1,0.5,36,226,425,0.052236971484759094,skab_fold_aware_refined_search,127
0.6956521739130435,0.6818181818181818,1.0,0.8108108108108109,unseen_data,SKAB,fold_5,42,4,3,probabilistic_suffix_tree,3,2,0.1,0.5,36,226,425,0.052236971484759094,skab_fold_aware_refined_search,127
0.6705253784505788,0.7183098591549296,0.12718204488778054,0.21610169491525424,original,SKAB,fold_1,42,4,3,probabilistic_suffix_tree,3,2,0.1,0.7,35,226,435,0.054993678887484194,skab_fold_aware_refined_search,128
0.674087266251113,0.7215189873417721,0.14214463840399003,0.2375,gaussian_noise,SKAB,fold_1,42,4,3,probabilistic_suffix_tree,3,2,0.1,0.7,35,226,435,0.054993678887484194,skab_fold_aware_refined_search,128
0.0,0.0,0.0,0.0,unseen_data,SKAB,fold_1,42,4,3,probabilistic_suffix_tree,3,2,0.1,0.7,35,226,435,0.054993678887484194,skab_fold_aware_refined_search,128
0.7542448614834674,0.6840579710144927,0.5870646766169154,0.6318607764390897,original,SKAB,fold_2,42,4,3,probabilistic_suffix_tree,3,2,0.1,0.7,34,235,472,0.0590738423028786,skab_fold_aware_refined_search,128
0.7542448614834674,0.6829971181556196,0.5895522388059702,0.6328437917222964,gaussian_noise,SKAB,fold_2,42,4,3,probabilistic_suffix_tree,3,2,0.1,0.7,34,235,472,0.0590738423028786,skab_fold_aware_refined_search,128
0.0,0.0,0.0,0.0,unseen_data,SKAB,fold_2,42,4,3,probabilistic_suffix_tree,3,2,0.1,0.7,34,235,472,0.0590738423028786,skab_fold_aware_refined_search,128
0.6032171581769437,0.44525547445255476,0.45864661654135336,0.45185185185185184,original,SKAB,fold_3,42,4,3,probabilistic_suffix_tree,3,2,0.1,0.7,37,244,477,0.05283562250775366,skab_fold_aware_refined_search,128
0.5987488829311886,0.4393203883495146,0.45363408521303256,0.44636251541307026,gaussian_noise,SKAB,fold_3,42,4,3,probabilistic_suffix_tree,3,2,0.1,0.7,37,244,477,0.05283562250775366,skab_fold_aware_refined_search,128
0.0,0.0,0.0,0.0,unseen_data,SKAB,fold_3,42,4,3,probabilistic_suffix_tree,3,2,0.1,0.7,37,244,477,0.05283562250775366,skab_fold_aware_refined_search,128
0.4076086956521739,0.1282798833819242,0.11027568922305764,0.11859838274932614,original,SKAB,fold_4,42,4,3,probabilistic_suffix_tree,3,2,0.1,0.7,36,242,485,0.055670339761248855,skab_fold_aware_refined_search,128
0.3967391304347826,0.11965811965811966,0.10526315789473684,0.112,gaussian_noise,SKAB,fold_4,42,4,3,probabilistic_suffix_tree,3,2,0.1,0.7,36,242,485,0.055670339761248855,skab_fold_aware_refined_search,128
0.0,0.0,0.0,0.0,unseen_data,SKAB,fold_4,42,4,3,probabilistic_suffix_tree,3,2,0.1,0.7,36,242,485,0.055670339761248855,skab_fold_aware_refined_search,128
0.6083112290008842,0.46381578947368424,0.706766917293233,0.5600794438927508,original,SKAB,fold_5,42,4,3,probabilistic_suffix_tree,3,2,0.1,0.7,36,226,425,0.052236971484759094,skab_fold_aware_refined_search,128
0.632183908045977,0.48661417322834644,0.7744360902255639,0.597678916827853,gaussian_noise,SKAB,fold_5,42,4,3,probabilistic_suffix_tree,3,2,0.1,0.7,36,226,425,0.052236971484759094,skab_fold_aware_refined_search,128
0.6521739130434783,0.6521739130434783,1.0,0.7894736842105263,unseen_data,SKAB,fold_5,42,4,3,probabilistic_suffix_tree,3,2,0.1,0.7,36,226,425,0.052236971484759094,skab_fold_aware_refined_search,128
0.6918967052537845,0.7777777777777778,0.19201995012468828,0.308,original,SKAB,fold_1,42,4,3,probabilistic_suffix_tree,3,2,0.1,0.9,35,226,435,0.054993678887484194,skab_fold_aware_refined_search,129
0.6901157613535174,0.7387387387387387,0.20448877805486285,0.3203125,gaussian_noise,SKAB,fold_1,42,4,3,probabilistic_suffix_tree,3,2,0.1,0.9,35,226,435,0.054993678887484194,skab_fold_aware_refined_search,129
0.0,0.0,0.0,0.0,unseen_data,SKAB,fold_1,42,4,3,probabilistic_suffix_tree,3,2,0.1,0.9,35,226,435,0.054993678887484194,skab_fold_aware_refined_search,129
0.7578194816800715,0.6526806526806527,0.6965174129353234,0.6738868832731648,original,SKAB,fold_2,42,4,3,probabilistic_suffix_tree,3,2,0.1,0.9,34,235,472,0.0590738423028786,skab_fold_aware_refined_search,129
0.7694369973190348,0.6674418604651163,0.7139303482587065,0.6899038461538461,gaussian_noise,SKAB,fold_2,42,4,3,probabilistic_suffix_tree,3,2,0.1,0.9,34,235,472,0.0590738423028786,skab_fold_aware_refined_search,129
0.0,0.0,0.0,0.0,unseen_data,SKAB,fold_2,42,4,3,probabilistic_suffix_tree,3,2,0.1,0.9,34,235,472,0.0590738423028786,skab_fold_aware_refined_search,129
0.613047363717605,0.462882096069869,0.531328320802005,0.49474912485414235,original,SKAB,fold_3,42,4,3,probabilistic_suffix_tree,3,2,0.1,0.9,37,244,477,0.05283562250775366,skab_fold_aware_refined_search,129
0.6112600536193029,0.4606986899563319,0.5288220551378446,0.49241540256709454,gaussian_noise,SKAB,fold_3,42,4,3,probabilistic_suffix_tree,3,2,0.1,0.9,37,244,477,0.05283562250775366,skab_fold_aware_refined_search,129
0.0,0.0,0.0,0.0,unseen_data,SKAB,fold_3,42,4,3,probabilistic_suffix_tree,3,2,0.1,0.9,37,244,477,0.05283562250775366,skab_fold_aware_refined_search,129
0.375,0.145985401459854,0.15037593984962405,0.14814814814814814,original,SKAB,fold_4,42,4,3,probabilistic_suffix_tree,3,2,0.1,0.9,36,242,485,0.055670339761248855,skab_fold_aware_refined_search,129
0.3596014492753623,0.12980769230769232,0.13533834586466165,0.1325153374233129,gaussian_noise,SKAB,fold_4,42,4,3,probabilistic_suffix_tree,3,2,0.1,0.9,36,242,485,0.055670339761248855,skab_fold_aware_refined_search,129
0.0,0.0,0.0,0.0,unseen_data,SKAB,fold_4,42,4,3,probabilistic_suffix_tree,3,2,0.1,0.9,36,242,485,0.055670339761248855,skab_fold_aware_refined_search,129
0.6304155614500442,0.4876783398184176,0.9423558897243107,0.6427350427350428,original,SKAB,fold_5,42,4,3,probabilistic_suffix_tree,3,2,0.1,0.9,36,226,425,0.052236971484759094,skab_fold_aware_refined_search,129
0.6162687886825818,0.47753530166880614,0.9323308270676691,0.631578947368421,gaussian_noise,SKAB,fold_5,42,4,3,probabilistic_suffix_tree,3,2,0.1,0.9,36,226,425,0.052236971484759094,skab_fold_aware_refined_search,129
0.6521739130434783,0.6521739130434783,1.0,0.7894736842105263,unseen_data,SKAB,fold_5,42,4,3,probabilistic_suffix_tree,3,2,0.1,0.9,36,226,425,0.052236971484759094,skab_fold_aware_refined_search,129
0.6669634906500446,0.7014925373134329,0.1172069825436409,0.20085470085470086,original,SKAB,fold_1,42,4,3,probabilistic_suffix_tree,3,2,0.5,0.5,35,226,435,0.054993678887484194,skab_fold_aware_refined_search,130
0.6696349065004452,0.6875,0.1371571072319202,0.2286902286902287,gaussian_noise,SKAB,fold_1,42,4,3,probabilistic_suffix_tree,3,2,0.5,0.5,35,226,435,0.054993678887484194,skab_fold_aware_refined_search,130
0.0,0.0,0.0,0.0,unseen_data,SKAB,fold_1,42,4,3,probabilistic_suffix_tree,3,2,0.5,0.5,35,226,435,0.054993678887484194,skab_fold_aware_refined_search,130
0.7533512064343163,0.6863905325443787,0.5771144278606966,0.6270270270270271,original,SKAB,fold_2,42,4,3,probabilistic_suffix_tree,3,2,0.5,0.5,34,235,472,0.0590738423028786,skab_fold_aware_refined_search,130
0.7533512064343163,0.6842105263157895,0.582089552238806,0.6290322580645161,gaussian_noise,SKAB,fold_2,42,4,3,probabilistic_suffix_tree,3,2,0.5,0.5,34,235,472,0.0590738423028786,skab_fold_aware_refined_search,130
0.0,0.0,0.0,0.0,unseen_data,SKAB,fold_2,42,4,3,probabilistic_suffix_tree,3,2,0.5,0.5,34,235,472,0.0590738423028786,skab_fold_aware_refined_search,130
0.5987488829311886,0.43781094527363185,0.44110275689223055,0.4394506866416979,original,SKAB,fold_3,42,4,3,probabilistic_suffix_tree,3,2,0.5,0.5,37,244,477,0.05283562250775366,skab_fold_aware_refined_search,130
0.5942806076854334,0.43243243243243246,0.44110275689223055,0.43672456575682383,gaussian_noise,SKAB,fold_3,42,4,3,probabilistic_suffix_tree,3,2,0.5,0.5,37,244,477,0.05283562250775366,skab_fold_aware_refined_search,130
0.0,0.0,0.0,0.0,unseen_data,SKAB,fold_3,42,4,3,probabilistic_suffix_tree,3,2,0.5,0.5,37,244,477,0.05283562250775366,skab_fold_aware_refined_search,130
0.41394927536231885,0.12874251497005987,0.10776942355889724,0.11732605729877217,original,SKAB,fold_4,42,4,3,probabilistic_suffix_tree,3,2,0.5,0.5,36,242,485,0.055670339761248855,skab_fold_aware_refined_search,130
0.40398550724637683,0.12244897959183673,0.10526315789473684,0.11320754716981132,gaussian_noise,SKAB,fold_4,42,4,3,probabilistic_suffix_tree,3,2,0.5,0.5,36,242,485,0.055670339761248855,skab_fold_aware_refined_search,130
0.0,0.0,0.0,0.0,unseen_data,SKAB,fold_4,42,4,3,probabilistic_suffix_tree,3,2,0.5,0.5,36,242,485,0.055670339761248855,skab_fold_aware_refined_search,130
0.5923961096374889,0.44816053511705684,0.6716791979949874,0.5376128385155466,original,SKAB,fold_5,42,4,3,probabilistic_suffix_tree,3,2,0.5,0.5,36,226,425,0.052236971484759094,skab_fold_aware_refined_search,130
0.6242263483642794,0.4791666666666667,0.7493734335839599,0.5845552297165201,gaussian_noise,SKAB,fold_5,42,4,3,probabilistic_suffix_tree,3,2,0.5,0.5,36,226,425,0.052236971484759094,skab_fold_aware_refined_search,130
0.6521739130434783,0.6521739130434783,1.0,0.7894736842105263,unseen_data,SKAB,fold_5,42,4,3,probabilistic_suffix_tree,3,2,0.5,0.5,36,226,425,0.052236971484759094,skab_fold_aware_refined_search,130
0.6918967052537845,0.7777777777777778,0.19201995012468828,0.308,original,SKAB,fold_1,42,4,3,probabilistic_suffix_tree,3,2,0.5,0.7,35,226,435,0.054993678887484194,skab_fold_aware_refined_search,131
0.6901157613535174,0.7387387387387387,0.20448877805486285,0.3203125,gaussian_noise,SKAB,fold_1,42,4,3,probabilistic_suffix_tree,3,2,0.5,0.7,35,226,435,0.054993678887484194,skab_fold_aware_refined_search,131
0.0,0.0,0.0,0.0,unseen_data,SKAB,fold_1,42,4,3,probabilistic_suffix_tree,3,2,0.5,0.7,35,226,435,0.054993678887484194,skab_fold_aware_refined_search,131
0.7578194816800715,0.6526806526806527,0.6965174129353234,0.6738868832731648,original,SKAB,fold_2,42,4,3,probabilistic_suffix_tree,3,2,0.5,0.7,34,235,472,0.0590738423028786,skab_fold_aware_refined_search,131
0.7694369973190348,0.6674418604651163,0.7139303482587065,0.6899038461538461,gaussian_noise,SKAB,fold_2,42,4,3,probabilistic_suffix_tree,3,2,0.5,0.7,34,235,472,0.0590738423028786,skab_fold_aware_refined_search,131
0.0,0.0,0.0,0.0,unseen_data,SKAB,fold_2,42,4,3,probabilistic_suffix_tree,3,2,0.5,0.7,34,235,472,0.0590738423028786,skab_fold_aware_refined_search,131
0.613047363717605,0.462882096069869,0.531328320802005,0.49474912485414235,original,SKAB,fold_3,42,4,3,probabilistic_suffix_tree,3,2,0.5,0.7,37,244,477,0.05283562250775366,skab_fold_aware_refined_search,131
0.6112600536193029,0.4606986899563319,0.5288220551378446,0.49241540256709454,gaussian_noise,SKAB,fold_3,42,4,3,probabilistic_suffix_tree,3,2,0.5,0.7,37,244,477,0.05283562250775366,skab_fold_aware_refined_search,131
0.0,0.0,0.0,0.0,unseen_data,SKAB,fold_3,42,4,3,probabilistic_suffix_tree,3,2,0.5,0.7,37,244,477,0.05283562250775366,skab_fold_aware_refined_search,131
0.3759057971014493,0.14634146341463414,0.15037593984962405,0.14833127317676142,original,SKAB,fold_4,42,4,3,probabilistic_suffix_tree,3,2,0.5,0.7,36,242,485,0.055670339761248855,skab_fold_aware_refined_search,131
0.3605072463768116,0.13012048192771083,0.13533834586466165,0.13267813267813267,gaussian_noise,SKAB,fold_4,42,4,3,probabilistic_suffix_tree,3,2,0.5,0.7,36,242,485,0.055670339761248855,skab_fold_aware_refined_search,131
0.0,0.0,0.0,0.0,unseen_data,SKAB,fold_4,42,4,3,probabilistic_suffix_tree,3,2,0.5,0.7,36,242,485,0.055670339761248855,skab_fold_aware_refined_search,131
0.5959328028293546,0.4578488372093023,0.7894736842105263,0.5795768169273229,original,SKAB,fold_5,42,4,3,probabilistic_suffix_tree,3,2,0.5,0.7,36,226,425,0.052236971484759094,skab_fold_aware_refined_search,131
0.6074270557029178,0.4684431977559607,0.8370927318295739,0.6007194244604317,gaussian_noise,SKAB,fold_5,42,4,3,probabilistic_suffix_tree,3,2,0.5,0.7,36,226,425,0.052236971484759094,skab_fold_aware_refined_search,131
0.6521739130434783,0.6521739130434783,1.0,0.7894736842105263,unseen_data,SKAB,fold_5,42,4,3,probabilistic_suffix_tree,3,2,0.5,0.7,36,226,425,0.052236971484759094,skab_fold_aware_refined_search,131
0.45325022261798753,0.2098092643051771,0.19201995012468828,0.20052083333333334,original,SKAB,fold_1,42,4,3,probabilistic_suffix_tree,3,2,0.5,0.9,35,226,435,0.054993678887484194,skab_fold_aware_refined_search,132
0.4577025823686554,0.22043010752688172,0.20448877805486285,0.21216041397153945,gaussian_noise,SKAB,fold_1,42,4,3,probabilistic_suffix_tree,3,2,0.5,0.9,35,226,435,0.054993678887484194,skab_fold_aware_refined_search,132
0.0,0.0,0.0,0.0,unseen_data,SKAB,fold_1,42,4,3,probabilistic_suffix_tree,3,2,0.5,0.9,35,226,435,0.054993678887484194,skab_fold_aware_refined_search,132
0.7578194816800715,0.6526806526806527,0.6965174129353234,0.6738868832731648,original,SKAB,fold_2,42,4,3,probabilistic_suffix_tree,3,2,0.5,0.9,34,235,472,0.0590738423028786,skab_fold_aware_refined_search,132
0.7694369973190348,0.6674418604651163,0.7139303482587065,0.6899038461538461,gaussian_noise,SKAB,fold_2,42,4,3,probabilistic_suffix_tree,3,2,0.5,0.9,34,235,472,0.0590738423028786,skab_fold_aware_refined_search,132
0.0,0.0,0.0,0.0,unseen_data,SKAB,fold_2,42,4,3,probabilistic_suffix_tree,3,2,0.5,0.9,34,235,472,0.0590738423028786,skab_fold_aware_refined_search,132
0.612153708668454,0.46187363834422657,0.531328320802005,0.49417249417249415,original,SKAB,fold_3,42,4,3,probabilistic_suffix_tree,3,2,0.5,0.9,37,244,477,0.05283562250775366,skab_fold_aware_refined_search,132
0.610366398570152,0.4596949891067538,0.5288220551378446,0.49184149184149184,gaussian_noise,SKAB,fold_3,42,4,3,probabilistic_suffix_tree,3,2,0.5,0.9,37,244,477,0.05283562250775366,skab_fold_aware_refined_search,132
0.0,0.0,0.0,0.0,unseen_data,SKAB,fold_3,42,4,3,probabilistic_suffix_tree,3,2,0.5,0.9,37,244,477,0.05283562250775366,skab_fold_aware_refined_search,132
0.375,0.145985401459854,0.15037593984962405,0.14814814814814814,original,SKAB,fold_4,42,4,3,probabilistic_suffix_tree,3,2,0.5,0.9,36,242,485,0.055670339761248855,skab_fold_aware_refined_search,132
0.3596014492753623,0.12980769230769232,0.13533834586466165,0.1325153374233129,gaussian_noise,SKAB,fold_4,42,4,3,probabilistic_suffix_tree,3,2,0.5,0.9,36,242,485,0.055670339761248855,skab_fold_aware_refined_search,132
0.0,0.0,0.0,0.0,unseen_data,SKAB,fold_4,42,4,3,probabilistic_suffix_tree,3,2,0.5,0.9,36,242,485,0.055670339761248855,skab_fold_aware_refined_search,132
0.6304155614500442,0.4876783398184176,0.9423558897243107,0.6427350427350428,original,SKAB,fold_5,42,4,3,probabilistic_suffix_tree,3,2,0.5,0.9,36,226,425,0.052236971484759094,skab_fold_aware_refined_search,132
0.6162687886825818,0.47753530166880614,0.9323308270676691,0.631578947368421,gaussian_noise,SKAB,fold_5,42,4,3,probabilistic_suffix_tree,3,2,0.5,0.9,36,226,425,0.052236971484759094,skab_fold_aware_refined_search,132
0.6521739130434783,0.6521739130434783,1.0,0.7894736842105263,unseen_data,SKAB,fold_5,42,4,3,probabilistic_suffix_tree,3,2,0.5,0.9,36,226,425,0.052236971484759094,skab_fold_aware_refined_search,132
0.659839715048976,0.7111111111111111,0.0798004987531172,0.14349775784753363,original,SKAB,fold_1,42,4,3,probabilistic_suffix_tree,4,1,0.1,0.5,35,436,777,0.05091743119266055,skab_fold_aware_refined_search,133
0.6642920747996438,0.7307692307692307,0.09476309226932668,0.16777041942604856,gaussian_noise,SKAB,fold_1,42,4,3,probabilistic_suffix_tree,4,1,0.1,0.5,35,436,777,0.05091743119266055,skab_fold_aware_refined_search,133
0.0,0.0,0.0,0.0,unseen_data,SKAB,fold_1,42,4,3,probabilistic_suffix_tree,4,1,0.1,0.5,35,436,777,0.05091743119266055,skab_fold_aware_refined_search,133
0.7462019660411081,0.7092198581560284,0.4975124378109453,0.5847953216374269,original,SKAB,fold_2,42,4,3,probabilistic_suffix_tree,4,1,0.1,0.5,34,473,874,0.05434647431911454,skab_fold_aware_refined_search,133
0.7408400357462019,0.6971830985915493,0.4925373134328358,0.577259475218659,gaussian_noise,SKAB,fold_2,42,4,3,probabilistic_suffix_tree,4,1,0.1,0.5,34,473,874,0.05434647431911454,skab_fold_aware_refined_search,133
0.0,0.0,0.0,0.0,unseen_data,SKAB,fold_2,42,4,3,probabilistic_suffix_tree,4,1,0.1,0.5,34,473,874,0.05434647431911454,skab_fold_aware_refined_search,133
0.6058981233243967,0.42758620689655175,0.3107769423558897,0.3599419448476052,original,SKAB,fold_3,42,4,3,probabilistic_suffix_tree,4,1,0.1,0.5,37,478,851,0.04811715481171548,skab_fold_aware_refined_search,133
0.6094727435210009,0.4358108108108108,0.3233082706766917,0.3712230215827338,gaussian_noise,SKAB,fold_3,42,4,3,probabilistic_suffix_tree,4,1,0.1,0.5,37,478,851,0.04811715481171548,skab_fold_aware_refined_search,133
0.0,0.0,0.0,0.0,unseen_data,SKAB,fold_3,42,4,3,probabilistic_suffix_tree,4,1,0.1,0.5,37,478,851,0.04811715481171548,skab_fold_aware_refined_search,133
0.47192028985507245,0.1349206349206349,0.08521303258145363,0.10445468509984639,original,SKAB,fold_4,42,4,3,probabilistic_suffix_tree,4,1,0.1,0.5,36,486,893,0.05104023776863283,skab_fold_aware_refined_search,133
0.4601449275362319,0.12260536398467432,0.08020050125313283,0.09696969696969697,gaussian_noise,SKAB,fold_4,42,4,3,probabilistic_suffix_tree,4,1,0.1,0.5,36,486,893,0.05104023776863283,skab_fold_aware_refined_search,133
0.0,0.0,0.0,0.0,unseen_data,SKAB,fold_4,42,4,3,probabilistic_suffix_tree,4,1,0.1,0.5,36,486,893,0.05104023776863283,skab_fold_aware_refined_search,133
0.6339522546419099,0.4845360824742268,0.5889724310776943,0.5316742081447964,original,SKAB,fold_5,42,4,3,probabilistic_suffix_tree,4,1,0.1,0.5,36,426,758,0.04942618675013041,skab_fold_aware_refined_search,133
0.654288240495137,0.5075757575757576,0.6716791979949874,0.5782092772384034,gaussian_noise,SKAB,fold_5,42,4,3,probabilistic_suffix_tree,4,1,0.1,0.5,36,426,758,0.04942618675013041,skab_fold_aware_refined_search,133
0.6956521739130435,0.6818181818181818,1.0,0.8108108108108109,unseen_data,SKAB,fold_5,42,4,3,probabilistic_suffix_tree,4,1,0.1,0.5,36,426,758,0.04942618675013041,skab_fold_aware_refined_search,133
0.6776491540516474,0.7349397590361446,0.15211970074812967,0.25206611570247933,original,SKAB,fold_1,42,4,3,probabilistic_suffix_tree,4,1,0.1,0.7,35,436,777,0.05091743119266055,skab_fold_aware_refined_search,134
0.6838824577025824,0.7395833333333334,0.1770573566084788,0.2857142857142857,gaussian_noise,SKAB,fold_1,42,4,3,probabilistic_suffix_tree,4,1,0.1,0.7,35,436,777,0.05091743119266055,skab_fold_aware_refined_search,134
0.0,0.0,0.0,0.0,unseen_data,SKAB,fold_1,42,4,3,probabilistic_suffix_tree,4,1,0.1,0.7,35,436,777,0.05091743119266055,skab_fold_aware_refined_search,134
0.7551385165326184,0.672972972972973,0.6194029850746269,0.6450777202072538,original,SKAB,fold_2,42,4,3,probabilistic_suffix_tree,4,1,0.1,0.7,34,473,874,0.05434647431911454,skab_fold_aware_refined_search,134
0.7551385165326184,0.6711229946524064,0.6243781094527363,0.6469072164948454,gaussian_noise,SKAB,fold_2,42,4,3,probabilistic_suffix_tree,4,1,0.1,0.7,34,473,874,0.05434647431911454,skab_fold_aware_refined_search,134
0.0,0.0,0.0,0.0,unseen_data,SKAB,fold_2,42,4,3,probabilistic_suffix_tree,4,1,0.1,0.7,34,473,874,0.05434647431911454,skab_fold_aware_refined_search,134
0.6058981233243967,0.4513888888888889,0.48872180451127817,0.4693140794223827,original,SKAB,fold_3,42,4,3,probabilistic_suffix_tree,4,1,0.1,0.7,37,478,851,0.04811715481171548,skab_fold_aware_refined_search,134
0.6041108132260947,0.44930875576036866,0.48872180451127817,0.468187274909964,gaussian_noise,SKAB,fold_3,42,4,3,probabilistic_suffix_tree,4,1,0.1,0.7,37,478,851,0.04811715481171548,skab_fold_aware_refined_search,134
0.0,0.0,0.0,0.0,unseen_data,SKAB,fold_3,42,4,3,probabilistic_suffix_tree,4,1,0.1,0.7,37,478,851,0.04811715481171548,skab_fold_aware_refined_search,134
0.3958333333333333,0.12777777777777777,0.11528822055137844,0.12121212121212122,original,SKAB,fold_4,42,4,3,probabilistic_suffix_tree,4,1,0.1,0.7,36,486,893,0.05104023776863283,skab_fold_aware_refined_search,134
0.384963768115942,0.12365591397849462,0.11528822055137844,0.11932555123216602,gaussian_noise,SKAB,fold_4,42,4,3,probabilistic_suffix_tree,4,1,0.1,0.7,36,486,893,0.05104023776863283,skab_fold_aware_refined_search,134
0.0,0.0,0.0,0.0,unseen_data,SKAB,fold_4,42,4,3,probabilistic_suffix_tree,4,1,0.1,0.7,36,486,893,0.05104023776863283,skab_fold_aware_refined_search,134
0.5985853227232537,0.4588938714499253,0.7694235588972431,0.5749063670411985,original,SKAB,fold_5,42,4,3,probabilistic_suffix_tree,4,1,0.1,0.7,36,426,758,0.04942618675013041,skab_fold_aware_refined_search,134
0.6224580017683466,0.4797101449275362,0.8295739348370927,0.6078971533516988,gaussian_noise,SKAB,fold_5,42,4,3,probabilistic_suffix_tree,4,1,0.1,0.7,36,426,758,0.04942618675013041,skab_fold_aware_refined_search,134
0.6521739130434783,0.6521739130434783,1.0,0.7894736842105263,unseen_data,SKAB,fold_5,42,4,3,probabilistic_suffix_tree,4,1,0.1,0.7,36,426,758,0.04942618675013041,skab_fold_aware_refined_search,134
0.6954585930543188,0.780952380952381,0.20448877805486285,0.3241106719367589,original,SKAB,fold_1,42,4,3,probabilistic_suffix_tree,4,1,0.1,0.9,35,436,777,0.05091743119266055,skab_fold_aware_refined_search,135
0.6945681211041852,0.7416666666666667,0.22194513715710723,0.3416506717850288,gaussian_noise,SKAB,fold_1,42,4,3,probabilistic_suffix_tree,4,1,0.1,0.9,35,436,777,0.05091743119266055,skab_fold_aware_refined_search,135
0.0,0.0,0.0,0.0,unseen_data,SKAB,fold_1,42,4,3,probabilistic_suffix_tree,4,1,0.1,0.9,35,436,777,0.05091743119266055,skab_fold_aware_refined_search,135
0.7578194816800715,0.6445916114790287,0.7263681592039801,0.6830409356725147,original,SKAB,fold_2,42,4,3,probabilistic_suffix_tree,4,1,0.1,0.9,34,473,874,0.05434647431911454,skab_fold_aware_refined_search,135
0.7712243074173369,0.6607929515418502,0.746268656716418,0.7009345794392523,gaussian_noise,SKAB,fold_2,42,4,3,probabilistic_suffix_tree,4,1,0.1,0.9,34,473,874,0.05434647431911454,skab_fold_aware_refined_search,135
0.0,0.0,0.0,0.0,unseen_data,SKAB,fold_2,42,4,3,probabilistic_suffix_tree,4,1,0.1,0.9,34,473,874,0.05434647431911454,skab_fold_aware_refined_search,135
0.612153708668454,0.46361746361746364,0.5588972431077694,0.5068181818181818,original,SKAB,fold_3,42,4,3,probabilistic_suffix_tree,4,1,0.1,0.9,37,478,851,0.04811715481171548,skab_fold_aware_refined_search,135
0.612153708668454,0.46331236897274636,0.5538847117794486,0.5045662100456622,gaussian_noise,SKAB,fold_3,42,4,3,probabilistic_suffix_tree,4,1,0.1,0.9,37,478,851,0.04811715481171548,skab_fold_aware_refined_search,135
0.0,0.0,0.0,0.0,unseen_data,SKAB,fold_3,42,4,3,probabilistic_suffix_tree,4,1,0.1,0.9,37,478,851,0.04811715481171548,skab_fold_aware_refined_search,135
0.3632246376811594,0.15296803652968036,0.16791979949874686,0.16009557945041816,original,SKAB,fold_4,42,4,3,probabilistic_suffix_tree,4,1,0.1,0.9,36,486,893,0.05104023776863283,skab_fold_aware_refined_search,135
0.3451086956521739,0.13513513513513514,0.15037593984962405,0.1423487544483986,gaussian_noise,SKAB,fold_4,42,4,3,probabilistic_suffix_tree,4,1,0.1,0.9,36,486,893,0.05104023776863283,skab_fold_aware_refined_search,135
0.0,0.0,0.0,0.0,unseen_data,SKAB,fold_4,42,4,3,probabilistic_suffix_tree,4,1,0.1,0.9,36,486,893,0.05104023776863283,skab_fold_aware_refined_search,135
0.5950486295313882,0.4594222833562586,0.8370927318295739,0.5932504440497336,original,SKAB,fold_5,42,4,3,probabilistic_suffix_tree,4,1,0.1,0.9,36,426,758,0.04942618675013041,skab_fold_aware_refined_search,135
0.6030061892130858,0.46657754010695185,0.87468671679198,0.6085440278988666,gaussian_noise,SKAB,fold_5,42,4,3,probabilistic_suffix_tree,4,1,0.1,0.9,36,426,758,0.04942618675013041,skab_fold_aware_refined_search,135
0.6521739130434783,0.6521739130434783,1.0,0.7894736842105263,unseen_data,SKAB,fold_5,42,4,3,probabilistic_suffix_tree,4,1,0.1,0.9,36,426,758,0.04942618675013041,skab_fold_aware_refined_search,135
0.6794300979519146,0.735632183908046,0.1596009975062344,0.26229508196721313,original,SKAB,fold_1,42,4,3,probabilistic_suffix_tree,4,1,0.5,0.5,35,436,777,0.05091743119266055,skab_fold_aware_refined_search,136
0.680320569902048,0.7019230769230769,0.18204488778054864,0.2891089108910891,gaussian_noise,SKAB,fold_1,42,4,3,probabilistic_suffix_tree,4,1,0.5,0.5,35,436,777,0.05091743119266055,skab_fold_aware_refined_search,136
0.0,0.0,0.0,0.0,unseen_data,SKAB,fold_1,42,4,3,probabilistic_suffix_tree,4,1,0.5,0.5,35,436,777,0.05091743119266055,skab_fold_aware_refined_search,136
0.7613941018766756,0.6790450928381963,0.6368159203980099,0.6572528883183568,original,SKAB,fold_2,42,4,3,probabilistic_suffix_tree,4,1,0.5,0.5,34,473,874,0.05434647431911454,skab_fold_aware_refined_search,136
0.7622877569258266,0.6770833333333334,0.6467661691542289,0.6615776081424937,gaussian_noise,SKAB,fold_2,42,4,3,probabilistic_suffix_tree,4,1,0.5,0.5,34,473,874,0.05434647431911454,skab_fold_aware_refined_search,136
0.0,0.0,0.0,0.0,unseen_data,SKAB,fold_2,42,4,3,probabilistic_suffix_tree,4,1,0.5,0.5,34,473,874,0.05434647431911454,skab_fold_aware_refined_search,136
0.6076854334226989,0.454337899543379,0.49874686716791977,0.4755077658303465,original,SKAB,fold_3,42,4,3,probabilistic_suffix_tree,4,1,0.5,0.5,37,478,851,0.04811715481171548,skab_fold_aware_refined_search,136
0.6032171581769437,0.4489795918367347,0.49624060150375937,0.4714285714285714,gaussian_noise,SKAB,fold_3,42,4,3,probabilistic_suffix_tree,4,1,0.5,0.5,37,478,851,0.04811715481171548,skab_fold_aware_refined_search,136
0.0,0.0,0.0,0.0,unseen_data,SKAB,fold_3,42,4,3,probabilistic_suffix_tree,4,1,0.5,0.5,37,478,851,0.04811715481171548,skab_fold_aware_refined_search,136
0.3894927536231884,0.13333333333333333,0.12531328320802004,0.12919896640826872,original,SKAB,fold_4,42,4,3,probabilistic_suffix_tree,4,1,0.5,0.5,36,486,893,0.05104023776863283,skab_fold_aware_refined_search,136
0.3822463768115942,0.13054830287206268,0.12531328320802004,0.1278772378516624,gaussian_noise,SKAB,fold_4,42,4,3,probabilistic_suffix_tree,4,1,0.5,0.5,36,486,893,0.05104023776863283,skab_fold_aware_refined_search,136
0.0,0.0,0.0,0.0,unseen_data,SKAB,fold_4,42,4,3,probabilistic_suffix_tree,4,1,0.5,0.5,36,486,893,0.05104023776863283,skab_fold_aware_refined_search,136
0.6021220159151194,0.46106870229007635,0.7568922305764411,0.573055028462998,original,SKAB,fold_5,42,4,3,probabilistic_suffix_tree,4,1,0.5,0.5,36,426,758,0.04942618675013041,skab_fold_aware_refined_search,136
0.6286472148541115,0.48444444444444446,0.8195488721804511,0.6089385474860335,gaussian_noise,SKAB,fold_5,42,4,3,probabilistic_suffix_tree,4,1,0.5,0.5,36,426,758,0.04942618675013041,skab_fold_aware_refined_search,136
0.6521739130434783,0.6521739130434783,1.0,0.7894736842105263,unseen_data,SKAB,fold_5,42,4,3,probabilistic_suffix_tree,4,1,0.5,0.5,36,426,758,0.04942618675013041,skab_fold_aware_refined_search,136
0.6954585930543188,0.780952380952381,0.20448877805486285,0.3241106719367589,original,SKAB,fold_1,42,4,3,probabilistic_suffix_tree,4,1,0.5,0.7,35,436,777,0.05091743119266055,skab_fold_aware_refined_search,137
0.6945681211041852,0.7416666666666667,0.22194513715710723,0.3416506717850288,gaussian_noise,SKAB,fold_1,42,4,3,probabilistic_suffix_tree,4,1,0.5,0.7,35,436,777,0.05091743119266055,skab_fold_aware_refined_search,137
0.0,0.0,0.0,0.0,unseen_data,SKAB,fold_1,42,4,3,probabilistic_suffix_tree,4,1,0.5,0.7,35,436,777,0.05091743119266055,skab_fold_aware_refined_search,137
0.7578194816800715,0.6445916114790287,0.7263681592039801,0.6830409356725147,original,SKAB,fold_2,42,4,3,probabilistic_suffix_tree,4,1,0.5,0.7,34,473,874,0.05434647431911454,skab_fold_aware_refined_search,137
0.7712243074173369,0.6607929515418502,0.746268656716418,0.7009345794392523,gaussian_noise,SKAB,fold_2,42,4,3,probabilistic_suffix_tree,4,1,0.5,0.7,34,473,874,0.05434647431911454,skab_fold_aware_refined_search,137
0.0,0.0,0.0,0.0,unseen_data,SKAB,fold_2,42,4,3,probabilistic_suffix_tree,4,1,0.5,0.7,34,473,874,0.05434647431911454,skab_fold_aware_refined_search,137
0.612153708668454,0.46361746361746364,0.5588972431077694,0.5068181818181818,original,SKAB,fold_3,42,4,3,probabilistic_suffix_tree,4,1,0.5,0.7,37,478,851,0.04811715481171548,skab_fold_aware_refined_search,137
0.612153708668454,0.46331236897274636,0.5538847117794486,0.5045662100456622,gaussian_noise,SKAB,fold_3,42,4,3,probabilistic_suffix_tree,4,1,0.5,0.7,37,478,851,0.04811715481171548,skab_fold_aware_refined_search,137
0.0,0.0,0.0,0.0,unseen_data,SKAB,fold_3,42,4,3,probabilistic_suffix_tree,4,1,0.5,0.7,37,478,851,0.04811715481171548,skab_fold_aware_refined_search,137
0.3641304347826087,0.15331807780320367,0.16791979949874686,0.16028708133971292,original,SKAB,fold_4,42,4,3,probabilistic_suffix_tree,4,1,0.5,0.7,36,486,893,0.05104023776863283,skab_fold_aware_refined_search,137
0.34601449275362317,0.13544018058690746,0.15037593984962405,0.14251781472684086,gaussian_noise,SKAB,fold_4,42,4,3,probabilistic_suffix_tree,4,1,0.5,0.7,36,486,893,0.05104023776863283,skab_fold_aware_refined_search,137
0.0,0.0,0.0,0.0,unseen_data,SKAB,fold_4,42,4,3,probabilistic_suffix_tree,4,1,0.5,0.7,36,486,893,0.05104023776863283,skab_fold_aware_refined_search,137
0.5950486295313882,0.4594222833562586,0.8370927318295739,0.5932504440497336,original,SKAB,fold_5,42,4,3,probabilistic_suffix_tree,4,1,0.5,0.7,36,426,758,0.04942618675013041,skab_fold_aware_refined_search,137
0.6030061892130858,0.46657754010695185,0.87468671679198,0.6085440278988666,gaussian_noise,SKAB,fold_5,42,4,3,probabilistic_suffix_tree,4,1,0.5,0.7,36,426,758,0.04942618675013041,skab_fold_aware_refined_search,137
0.6521739130434783,0.6521739130434783,1.0,0.7894736842105263,unseen_data,SKAB,fold_5,42,4,3,probabilistic_suffix_tree,4,1,0.5,0.7,36,426,758,0.04942618675013041,skab_fold_aware_refined_search,137
0.4577025823686554,0.22043010752688172,0.20448877805486285,0.21216041397153945,original,SKAB,fold_1,42,4,3,probabilistic_suffix_tree,4,1,0.5,0.9,35,436,777,0.05091743119266055,skab_fold_aware_refined_search,138
0.4639358860195904,0.23482849604221637,0.22194513715710723,0.2282051282051282,gaussian_noise,SKAB,fold_1,42,4,3,probabilistic_suffix_tree,4,1,0.5,0.9,35,436,777,0.05091743119266055,skab_fold_aware_refined_search,138
0.0,0.0,0.0,0.0,unseen_data,SKAB,fold_1,42,4,3,probabilistic_suffix_tree,4,1,0.5,0.9,35,436,777,0.05091743119266055,skab_fold_aware_refined_search,138
0.7578194816800715,0.6445916114790287,0.7263681592039801,0.6830409356725147,original,SKAB,fold_2,42,4,3,probabilistic_suffix_tree,4,1,0.5,0.9,34,473,874,0.05434647431911454,skab_fold_aware_refined_search,138
0.7712243074173369,0.6607929515418502,0.746268656716418,0.7009345794392523,gaussian_noise,SKAB,fold_2,42,4,3,probabilistic_suffix_tree,4,1,0.5,0.9,34,473,874,0.05434647431911454,skab_fold_aware_refined_search,138
0.0,0.0,0.0,0.0,unseen_data,SKAB,fold_2,42,4,3,probabilistic_suffix_tree,4,1,0.5,0.9,34,473,874,0.05434647431911454,skab_fold_aware_refined_search,138
0.6112600536193029,0.46265560165975106,0.5588972431077694,0.5062429057888763,original,SKAB,fold_3,42,4,3,probabilistic_suffix_tree,4,1,0.5,0.9,37,478,851,0.04811715481171548,skab_fold_aware_refined_search,138
0.6112600536193029,0.46234309623430964,0.5538847117794486,0.5039908779931584,gaussian_noise,SKAB,fold_3,42,4,3,probabilistic_suffix_tree,4,1,0.5,0.9,37,478,851,0.04811715481171548,skab_fold_aware_refined_search,138
0.0,0.0,0.0,0.0,unseen_data,SKAB,fold_3,42,4,3,probabilistic_suffix_tree,4,1,0.5,0.9,37,478,851,0.04811715481171548,skab_fold_aware_refined_search,138
0.3632246376811594,0.15296803652968036,0.16791979949874686,0.16009557945041816,original,SKAB,fold_4,42,4,3,probabilistic_suffix_tree,4,1,0.5,0.9,36,486,893,0.05104023776863283,skab_fold_aware_refined_search,138
0.3451086956521739,0.13513513513513514,0.15037593984962405,0.1423487544483986,gaussian_noise,SKAB,fold_4,42,4,3,probabilistic_suffix_tree,4,1,0.5,0.9,36,486,893,0.05104023776863283,skab_fold_aware_refined_search,138
0.0,0.0,0.0,0.0,unseen_data,SKAB,fold_4,42,4,3,probabilistic_suffix_tree,4,1,0.5,0.9,36,486,893,0.05104023776863283,skab_fold_aware_refined_search,138
0.6206896551724138,0.4810606060606061,0.9548872180451128,0.6397984886649875,original,SKAB,fold_5,42,4,3,probabilistic_suffix_tree,4,1,0.5,0.9,36,426,758,0.04942618675013041,skab_fold_aware_refined_search,138
0.6065428824049514,0.47117794486215536,0.9423558897243107,0.6282372598162071,gaussian_noise,SKAB,fold_5,42,4,3,probabilistic_suffix_tree,4,1,0.5,0.9,36,426,758,0.04942618675013041,skab_fold_aware_refined_search,138
0.6521739130434783,0.6521739130434783,1.0,0.7894736842105263,unseen_data,SKAB,fold_5,42,4,3,probabilistic_suffix_tree,4,1,0.5,0.9,36,426,758,0.04942618675013041,skab_fold_aware_refined_search,138
0.659839715048976,0.7111111111111111,0.0798004987531172,0.14349775784753363,original,SKAB,fold_1,42,4,3,probabilistic_suffix_tree,4,2,0.1,0.5,35,436,777,0.05091743119266055,skab_fold_aware_refined_search,139
0.6642920747996438,0.7307692307692307,0.09476309226932668,0.16777041942604856,gaussian_noise,SKAB,fold_1,42,4,3,probabilistic_suffix_tree,4,2,0.1,0.5,35,436,777,0.05091743119266055,skab_fold_aware_refined_search,139
0.0,0.0,0.0,0.0,unseen_data,SKAB,fold_1,42,4,3,probabilistic_suffix_tree,4,2,0.1,0.5,35,436,777,0.05091743119266055,skab_fold_aware_refined_search,139
0.7462019660411081,0.7092198581560284,0.4975124378109453,0.5847953216374269,original,SKAB,fold_2,42,4,3,probabilistic_suffix_tree,4,2,0.1,0.5,34,473,874,0.05434647431911454,skab_fold_aware_refined_search,139
0.7408400357462019,0.6971830985915493,0.4925373134328358,0.577259475218659,gaussian_noise,SKAB,fold_2,42,4,3,probabilistic_suffix_tree,4,2,0.1,0.5,34,473,874,0.05434647431911454,skab_fold_aware_refined_search,139
0.0,0.0,0.0,0.0,unseen_data,SKAB,fold_2,42,4,3,probabilistic_suffix_tree,4,2,0.1,0.5,34,473,874,0.05434647431911454,skab_fold_aware_refined_search,139
0.6058981233243967,0.42758620689655175,0.3107769423558897,0.3599419448476052,original,SKAB,fold_3,42,4,3,probabilistic_suffix_tree,4,2,0.1,0.5,37,478,851,0.04811715481171548,skab_fold_aware_refined_search,139
0.6094727435210009,0.4358108108108108,0.3233082706766917,0.3712230215827338,gaussian_noise,SKAB,fold_3,42,4,3,probabilistic_suffix_tree,4,2,0.1,0.5,37,478,851,0.04811715481171548,skab_fold_aware_refined_search,139
0.0,0.0,0.0,0.0,unseen_data,SKAB,fold_3,42,4,3,probabilistic_suffix_tree,4,2,0.1,0.5,37,478,851,0.04811715481171548,skab_fold_aware_refined_search,139
0.4692028985507246,0.12449799196787148,0.07769423558897243,0.09567901234567901,original,SKAB,fold_4,42,4,3,probabilistic_suffix_tree,4,2,0.1,0.5,36,486,893,0.05104023776863283,skab_fold_aware_refined_search,139
0.45742753623188404,0.1124031007751938,0.07268170426065163,0.0882800608828006,gaussian_noise,SKAB,fold_4,42,4,3,probabilistic_suffix_tree,4,2,0.1,0.5,36,486,893,0.05104023776863283,skab_fold_aware_refined_search,139
0.0,0.0,0.0,0.0,unseen_data,SKAB,fold_4,42,4,3,probabilistic_suffix_tree,4,2,0.1,0.5,36,486,893,0.05104023776863283,skab_fold_aware_refined_search,139
0.6383731211317418,0.4895833333333333,0.5889724310776943,0.534698521046644,original,SKAB,fold_5,42,4,3,probabilistic_suffix_tree,4,2,0.1,0.5,36,426,758,0.04942618675013041,skab_fold_aware_refined_search,139
0.6578249336870027,0.5114503816793893,0.6716791979949874,0.580715059588299,gaussian_noise,SKAB,fold_5,42,4,3,probabilistic_suffix_tree,4,2,0.1,0.5,36,426,758,0.04942618675013041,skab_fold_aware_refined_search,139
0.6956521739130435,0.6818181818181818,1.0,0.8108108108108109,unseen_data,SKAB,fold_5,42,4,3,probabilistic_suffix_tree,4,2,0.1,0.5,36,426,758,0.04942618675013041,skab_fold_aware_refined_search,139
0.6776491540516474,0.7349397590361446,0.15211970074812967,0.25206611570247933,original,SKAB,fold_1,42,4,3,probabilistic_suffix_tree,4,2,0.1,0.7,35,436,777,0.05091743119266055,skab_fold_aware_refined_search,140
0.6838824577025824,0.7395833333333334,0.1770573566084788,0.2857142857142857,gaussian_noise,SKAB,fold_1,42,4,3,probabilistic_suffix_tree,4,2,0.1,0.7,35,436,777,0.05091743119266055,skab_fold_aware_refined_search,140
0.0,0.0,0.0,0.0,unseen_data,SKAB,fold_1,42,4,3,probabilistic_suffix_tree,4,2,0.1,0.7,35,436,777,0.05091743119266055,skab_fold_aware_refined_search,140
0.7551385165326184,0.672972972972973,0.6194029850746269,0.6450777202072538,original,SKAB,fold_2,42,4,3,probabilistic_suffix_tree,4,2,0.1,0.7,34,473,874,0.05434647431911454,skab_fold_aware_refined_search,140
0.7551385165326184,0.6711229946524064,0.6243781094527363,0.6469072164948454,gaussian_noise,SKAB,fold_2,42,4,3,probabilistic_suffix_tree,4,2,0.1,0.7,34,473,874,0.05434647431911454,skab_fold_aware_refined_search,140
0.0,0.0,0.0,0.0,unseen_data,SKAB,fold_2,42,4,3,probabilistic_suffix_tree,4,2,0.1,0.7,34,473,874,0.05434647431911454,skab_fold_aware_refined_search,140
0.6058981233243967,0.4513888888888889,0.48872180451127817,0.4693140794223827,original,SKAB,fold_3,42,4,3,probabilistic_suffix_tree,4,2,0.1,0.7,37,478,851,0.04811715481171548,skab_fold_aware_refined_search,140
0.6041108132260947,0.44930875576036866,0.48872180451127817,0.468187274909964,gaussian_noise,SKAB,fold_3,42,4,3,probabilistic_suffix_tree,4,2,0.1,0.7,37,478,851,0.04811715481171548,skab_fold_aware_refined_search,140
0.0,0.0,0.0,0.0,unseen_data,SKAB,fold_3,42,4,3,probabilistic_suffix_tree,4,2,0.1,0.7,37,478,851,0.04811715481171548,skab_fold_aware_refined_search,140
0.39492753623188404,0.12534818941504178,0.11278195488721804,0.11873350923482849,original,SKAB,fold_4,42,4,3,probabilistic_suffix_tree,4,2,0.1,0.7,36,486,893,0.05104023776863283,skab_fold_aware_refined_search,140
0.38405797101449274,0.12129380053908356,0.11278195488721804,0.11688311688311688,gaussian_noise,SKAB,fold_4,42,4,3,probabilistic_suffix_tree,4,2,0.1,0.7,36,486,893,0.05104023776863283,skab_fold_aware_refined_search,140
0.0,0.0,0.0,0.0,unseen_data,SKAB,fold_4,42,4,3,probabilistic_suffix_tree,4,2,0.1,0.7,36,486,893,0.05104023776863283,skab_fold_aware_refined_search,140
0.5985853227232537,0.4588938714499253,0.7694235588972431,0.5749063670411985,original,SKAB,fold_5,42,4,3,probabilistic_suffix_tree,4,2,0.1,0.7,36,426,758,0.04942618675013041,skab_fold_aware_refined_search,140
0.6224580017683466,0.4797101449275362,0.8295739348370927,0.6078971533516988,gaussian_noise,SKAB,fold_5,42,4,3,probabilistic_suffix_tree,4,2,0.1,0.7,36,426,758,0.04942618675013041,skab_fold_aware_refined_search,140
0.6521739130434783,0.6521739130434783,1.0,0.7894736842105263,unseen_data,SKAB,fold_5,42,4,3,probabilistic_suffix_tree,4,2,0.1,0.7,36,426,758,0.04942618675013041,skab_fold_aware_refined_search,140
0.6954585930543188,0.780952380952381,0.20448877805486285,0.3241106719367589,original,SKAB,fold_1,42,4,3,probabilistic_suffix_tree,4,2,0.1,0.9,35,436,777,0.05091743119266055,skab_fold_aware_refined_search,141
0.6945681211041852,0.7416666666666667,0.22194513715710723,0.3416506717850288,gaussian_noise,SKAB,fold_1,42,4,3,probabilistic_suffix_tree,4,2,0.1,0.9,35,436,777,0.05091743119266055,skab_fold_aware_refined_search,141
0.0,0.0,0.0,0.0,unseen_data,SKAB,fold_1,42,4,3,probabilistic_suffix_tree,4,2,0.1,0.9,35,436,777,0.05091743119266055,skab_fold_aware_refined_search,141
0.7578194816800715,0.6445916114790287,0.7263681592039801,0.6830409356725147,original,SKAB,fold_2,42,4,3,probabilistic_suffix_tree,4,2,0.1,0.9,34,473,874,0.05434647431911454,skab_fold_aware_refined_search,141
0.7712243074173369,0.6607929515418502,0.746268656716418,0.7009345794392523,gaussian_noise,SKAB,fold_2,42,4,3,probabilistic_suffix_tree,4,2,0.1,0.9,34,473,874,0.05434647431911454,skab_fold_aware_refined_search,141
0.0,0.0,0.0,0.0,unseen_data,SKAB,fold_2,42,4,3,probabilistic_suffix_tree,4,2,0.1,0.9,34,473,874,0.05434647431911454,skab_fold_aware_refined_search,141
0.612153708668454,0.46361746361746364,0.5588972431077694,0.5068181818181818,original,SKAB,fold_3,42,4,3,probabilistic_suffix_tree,4,2,0.1,0.9,37,478,851,0.04811715481171548,skab_fold_aware_refined_search,141
0.612153708668454,0.46331236897274636,0.5538847117794486,0.5045662100456622,gaussian_noise,SKAB,fold_3,42,4,3,probabilistic_suffix_tree,4,2,0.1,0.9,37,478,851,0.04811715481171548,skab_fold_aware_refined_search,141
0.0,0.0,0.0,0.0,unseen_data,SKAB,fold_3,42,4,3,probabilistic_suffix_tree,4,2,0.1,0.9,37,478,851,0.04811715481171548,skab_fold_aware_refined_search,141
0.3632246376811594,0.15296803652968036,0.16791979949874686,0.16009557945041816,original,SKAB,fold_4,42,4,3,probabilistic_suffix_tree,4,2,0.1,0.9,36,486,893,0.05104023776863283,skab_fold_aware_refined_search,141
0.3451086956521739,0.13513513513513514,0.15037593984962405,0.1423487544483986,gaussian_noise,SKAB,fold_4,42,4,3,probabilistic_suffix_tree,4,2,0.1,0.9,36,486,893,0.05104023776863283,skab_fold_aware_refined_search,141
0.0,0.0,0.0,0.0,unseen_data,SKAB,fold_4,42,4,3,probabilistic_suffix_tree,4,2,0.1,0.9,36,486,893,0.05104023776863283,skab_fold_aware_refined_search,141
0.5950486295313882,0.4594222833562586,0.8370927318295739,0.5932504440497336,original,SKAB,fold_5,42,4,3,probabilistic_suffix_tree,4,2,0.1,0.9,36,426,758,0.04942618675013041,skab_fold_aware_refined_search,141
0.6030061892130858,0.46657754010695185,0.87468671679198,0.6085440278988666,gaussian_noise,SKAB,fold_5,42,4,3,probabilistic_suffix_tree,4,2,0.1,0.9,36,426,758,0.04942618675013041,skab_fold_aware_refined_search,141
0.6521739130434783,0.6521739130434783,1.0,0.7894736842105263,unseen_data,SKAB,fold_5,42,4,3,probabilistic_suffix_tree,4,2,0.1,0.9,36,426,758,0.04942618675013041,skab_fold_aware_refined_search,141
0.6794300979519146,0.735632183908046,0.1596009975062344,0.26229508196721313,original,SKAB,fold_1,42,4,3,probabilistic_suffix_tree,4,2,0.5,0.5,35,436,777,0.05091743119266055,skab_fold_aware_refined_search,142
0.680320569902048,0.7019230769230769,0.18204488778054864,0.2891089108910891,gaussian_noise,SKAB,fold_1,42,4,3,probabilistic_suffix_tree,4,2,0.5,0.5,35,436,777,0.05091743119266055,skab_fold_aware_refined_search,142
0.0,0.0,0.0,0.0,unseen_data,SKAB,fold_1,42,4,3,probabilistic_suffix_tree,4,2,0.5,0.5,35,436,777,0.05091743119266055,skab_fold_aware_refined_search,142
0.7613941018766756,0.6790450928381963,0.6368159203980099,0.6572528883183568,original,SKAB,fold_2,42,4,3,probabilistic_suffix_tree,4,2,0.5,0.5,34,473,874,0.05434647431911454,skab_fold_aware_refined_search,142
0.7622877569258266,0.6770833333333334,0.6467661691542289,0.6615776081424937,gaussian_noise,SKAB,fold_2,42,4,3,probabilistic_suffix_tree,4,2,0.5,0.5,34,473,874,0.05434647431911454,skab_fold_aware_refined_search,142
0.0,0.0,0.0,0.0,unseen_data,SKAB,fold_2,42,4,3,probabilistic_suffix_tree,4,2,0.5,0.5,34,473,874,0.05434647431911454,skab_fold_aware_refined_search,142
0.6076854334226989,0.454337899543379,0.49874686716791977,0.4755077658303465,original,SKAB,fold_3,42,4,3,probabilistic_suffix_tree,4,2,0.5,0.5,37,478,851,0.04811715481171548,skab_fold_aware_refined_search,142
0.6032171581769437,0.4489795918367347,0.49624060150375937,0.4714285714285714,gaussian_noise,SKAB,fold_3,42,4,3,probabilistic_suffix_tree,4,2,0.5,0.5,37,478,851,0.04811715481171548,skab_fold_aware_refined_search,142
0.0,0.0,0.0,0.0,unseen_data,SKAB,fold_3,42,4,3,probabilistic_suffix_tree,4,2,0.5,0.5,37,478,851,0.04811715481171548,skab_fold_aware_refined_search,142
0.3894927536231884,0.13333333333333333,0.12531328320802004,0.12919896640826872,original,SKAB,fold_4,42,4,3,probabilistic_suffix_tree,4,2,0.5,0.5,36,486,893,0.05104023776863283,skab_fold_aware_refined_search,142
0.3822463768115942,0.13054830287206268,0.12531328320802004,0.1278772378516624,gaussian_noise,SKAB,fold_4,42,4,3,probabilistic_suffix_tree,4,2,0.5,0.5,36,486,893,0.05104023776863283,skab_fold_aware_refined_search,142
0.0,0.0,0.0,0.0,unseen_data,SKAB,fold_4,42,4,3,probabilistic_suffix_tree,4,2,0.5,0.5,36,486,893,0.05104023776863283,skab_fold_aware_refined_search,142
0.6021220159151194,0.46106870229007635,0.7568922305764411,0.573055028462998,original,SKAB,fold_5,42,4,3,probabilistic_suffix_tree,4,2,0.5,0.5,36,426,758,0.04942618675013041,skab_fold_aware_refined_search,142
0.6286472148541115,0.48444444444444446,0.8195488721804511,0.6089385474860335,gaussian_noise,SKAB,fold_5,42,4,3,probabilistic_suffix_tree,4,2,0.5,0.5,36,426,758,0.04942618675013041,skab_fold_aware_refined_search,142
0.6521739130434783,0.6521739130434783,1.0,0.7894736842105263,unseen_data,SKAB,fold_5,42,4,3,probabilistic_suffix_tree,4,2,0.5,0.5,36,426,758,0.04942618675013041,skab_fold_aware_refined_search,142
0.6954585930543188,0.780952380952381,0.20448877805486285,0.3241106719367589,original,SKAB,fold_1,42,4,3,probabilistic_suffix_tree,4,2,0.5,0.7,35,436,777,0.05091743119266055,skab_fold_aware_refined_search,143
0.6945681211041852,0.7416666666666667,0.22194513715710723,0.3416506717850288,gaussian_noise,SKAB,fold_1,42,4,3,probabilistic_suffix_tree,4,2,0.5,0.7,35,436,777,0.05091743119266055,skab_fold_aware_refined_search,143
0.0,0.0,0.0,0.0,unseen_data,SKAB,fold_1,42,4,3,probabilistic_suffix_tree,4,2,0.5,0.7,35,436,777,0.05091743119266055,skab_fold_aware_refined_search,143
0.7578194816800715,0.6445916114790287,0.7263681592039801,0.6830409356725147,original,SKAB,fold_2,42,4,3,probabilistic_suffix_tree,4,2,0.5,0.7,34,473,874,0.05434647431911454,skab_fold_aware_refined_search,143
0.7712243074173369,0.6607929515418502,0.746268656716418,0.7009345794392523,gaussian_noise,SKAB,fold_2,42,4,3,probabilistic_suffix_tree,4,2,0.5,0.7,34,473,874,0.05434647431911454,skab_fold_aware_refined_search,143
0.0,0.0,0.0,0.0,unseen_data,SKAB,fold_2,42,4,3,probabilistic_suffix_tree,4,2,0.5,0.7,34,473,874,0.05434647431911454,skab_fold_aware_refined_search,143
0.612153708668454,0.46361746361746364,0.5588972431077694,0.5068181818181818,original,SKAB,fold_3,42,4,3,probabilistic_suffix_tree,4,2,0.5,0.7,37,478,851,0.04811715481171548,skab_fold_aware_refined_search,143
0.612153708668454,0.46331236897274636,0.5538847117794486,0.5045662100456622,gaussian_noise,SKAB,fold_3,42,4,3,probabilistic_suffix_tree,4,2,0.5,0.7,37,478,851,0.04811715481171548,skab_fold_aware_refined_search,143
0.0,0.0,0.0,0.0,unseen_data,SKAB,fold_3,42,4,3,probabilistic_suffix_tree,4,2,0.5,0.7,37,478,851,0.04811715481171548,skab_fold_aware_refined_search,143
0.3641304347826087,0.15331807780320367,0.16791979949874686,0.16028708133971292,original,SKAB,fold_4,42,4,3,probabilistic_suffix_tree,4,2,0.5,0.7,36,486,893,0.05104023776863283,skab_fold_aware_refined_search,143
0.34601449275362317,0.13544018058690746,0.15037593984962405,0.14251781472684086,gaussian_noise,SKAB,fold_4,42,4,3,probabilistic_suffix_tree,4,2,0.5,0.7,36,486,893,0.05104023776863283,skab_fold_aware_refined_search,143
0.0,0.0,0.0,0.0,unseen_data,SKAB,fold_4,42,4,3,probabilistic_suffix_tree,4,2,0.5,0.7,36,486,893,0.05104023776863283,skab_fold_aware_refined_search,143
0.5950486295313882,0.4594222833562586,0.8370927318295739,0.5932504440497336,original,SKAB,fold_5,42,4,3,probabilistic_suffix_tree,4,2,0.5,0.7,36,426,758,0.04942618675013041,skab_fold_aware_refined_search,143
0.6030061892130858,0.46657754010695185,0.87468671679198,0.6085440278988666,gaussian_noise,SKAB,fold_5,42,4,3,probabilistic_suffix_tree,4,2,0.5,0.7,36,426,758,0.04942618675013041,skab_fold_aware_refined_search,143
0.6521739130434783,0.6521739130434783,1.0,0.7894736842105263,unseen_data,SKAB,fold_5,42,4,3,probabilistic_suffix_tree,4,2,0.5,0.7,36,426,758,0.04942618675013041,skab_fold_aware_refined_search,143
0.4577025823686554,0.22043010752688172,0.20448877805486285,0.21216041397153945,original,SKAB,fold_1,42,4,3,probabilistic_suffix_tree,4,2,0.5,0.9,35,436,777,0.05091743119266055,skab_fold_aware_refined_search,144
0.4639358860195904,0.23482849604221637,0.22194513715710723,0.2282051282051282,gaussian_noise,SKAB,fold_1,42,4,3,probabilistic_suffix_tree,4,2,0.5,0.9,35,436,777,0.05091743119266055,skab_fold_aware_refined_search,144
0.0,0.0,0.0,0.0,unseen_data,SKAB,fold_1,42,4,3,probabilistic_suffix_tree,4,2,0.5,0.9,35,436,777,0.05091743119266055,skab_fold_aware_refined_search,144
0.7578194816800715,0.6445916114790287,0.7263681592039801,0.6830409356725147,original,SKAB,fold_2,42,4,3,probabilistic_suffix_tree,4,2,0.5,0.9,34,473,874,0.05434647431911454,skab_fold_aware_refined_search,144
0.7712243074173369,0.6607929515418502,0.746268656716418,0.7009345794392523,gaussian_noise,SKAB,fold_2,42,4,3,probabilistic_suffix_tree,4,2,0.5,0.9,34,473,874,0.05434647431911454,skab_fold_aware_refined_search,144
0.0,0.0,0.0,0.0,unseen_data,SKAB,fold_2,42,4,3,probabilistic_suffix_tree,4,2,0.5,0.9,34,473,874,0.05434647431911454,skab_fold_aware_refined_search,144
0.6112600536193029,0.46265560165975106,0.5588972431077694,0.5062429057888763,original,SKAB,fold_3,42,4,3,probabilistic_suffix_tree,4,2,0.5,0.9,37,478,851,0.04811715481171548,skab_fold_aware_refined_search,144
0.6112600536193029,0.46234309623430964,0.5538847117794486,0.5039908779931584,gaussian_noise,SKAB,fold_3,42,4,3,probabilistic_suffix_tree,4,2,0.5,0.9,37,478,851,0.04811715481171548,skab_fold_aware_refined_search,144
0.0,0.0,0.0,0.0,unseen_data,SKAB,fold_3,42,4,3,probabilistic_suffix_tree,4,2,0.5,0.9,37,478,851,0.04811715481171548,skab_fold_aware_refined_search,144
0.3632246376811594,0.15296803652968036,0.16791979949874686,0.16009557945041816,original,SKAB,fold_4,42,4,3,probabilistic_suffix_tree,4,2,0.5,0.9,36,486,893,0.05104023776863283,skab_fold_aware_refined_search,144
0.3451086956521739,0.13513513513513514,0.15037593984962405,0.1423487544483986,gaussian_noise,SKAB,fold_4,42,4,3,probabilistic_suffix_tree,4,2,0.5,0.9,36,486,893,0.05104023776863283,skab_fold_aware_refined_search,144
0.0,0.0,0.0,0.0,unseen_data,SKAB,fold_4,42,4,3,probabilistic_suffix_tree,4,2,0.5,0.9,36,486,893,0.05104023776863283,skab_fold_aware_refined_search,144
0.6206896551724138,0.4810606060606061,0.9548872180451128,0.6397984886649875,original,SKAB,fold_5,42,4,3,probabilistic_suffix_tree,4,2,0.5,0.9,36,426,758,0.04942618675013041,skab_fold_aware_refined_search,144
0.6065428824049514,0.47117794486215536,0.9423558897243107,0.6282372598162071,gaussian_noise,SKAB,fold_5,42,4,3,probabilistic_suffix_tree,4,2,0.5,0.9,36,426,758,0.04942618675013041,skab_fold_aware_refined_search,144
0.6521739130434783,0.6521739130434783,1.0,0.7894736842105263,unseen_data,SKAB,fold_5,42,4,3,probabilistic_suffix_tree,4,2,0.5,0.9,36,426,758,0.04942618675013041,skab_fold_aware_refined_search,144
0.6447016918967052,0.5041666666666667,0.30174563591022446,0.37753510140405616,original,SKAB,fold_1,42,4,4,probabilistic_suffix_tree,2,1,0.1,0.5,59,179,396,0.03749644919988637,skab_fold_aware_refined_search,145
0.6357969723953696,0.4818181818181818,0.26433915211970077,0.3413848631239936,gaussian_noise,SKAB,fold_1,42,4,4,probabilistic_suffix_tree,2,1,0.1,0.5,59,179,396,0.03749644919988637,skab_fold_aware_refined_search,145
0.0,0.0,0.0,0.0,unseen_data,SKAB,fold_1,42,4,4,probabilistic_suffix_tree,2,1,0.1,0.5,59,179,396,0.03749644919988637,skab_fold_aware_refined_search,145
0.6228775692582663,0.4519230769230769,0.23383084577114427,0.3081967213114754,original,SKAB,fold_2,42,4,4,probabilistic_suffix_tree,2,1,0.1,0.5,61,180,399,0.03633879781420765,skab_fold_aware_refined_search,145
0.6309204647006256,0.4751131221719457,0.26119402985074625,0.33707865168539325,gaussian_noise,SKAB,fold_2,42,4,4,probabilistic_suffix_tree,2,1,0.1,0.5,61,180,399,0.03633879781420765,skab_fold_aware_refined_search,145
0.0,0.0,0.0,0.0,unseen_data,SKAB,fold_2,42,4,4,probabilistic_suffix_tree,2,1,0.1,0.5,61,180,399,0.03633879781420765,skab_fold_aware_refined_search,145
0.5889186773905273,0.40498442367601245,0.3258145363408521,0.3611111111111111,original,SKAB,fold_3,42,4,4,probabilistic_suffix_tree,2,1,0.1,0.5,53,159,358,0.04248249673667972,skab_fold_aware_refined_search,145
0.6041108132260947,0.4341317365269461,0.3634085213032581,0.3956343792633015,gaussian_noise,SKAB,fold_3,42,4,4,probabilistic_suffix_tree,2,1,0.1,0.5,53,159,358,0.04248249673667972,skab_fold_aware_refined_search,145
0.14285714285714285,0.14285714285714285,1.0,0.25,unseen_data,SKAB,fold_3,42,4,4,probabilistic_suffix_tree,2,1,0.1,0.5,53,159,358,0.04248249673667972,skab_fold_aware_refined_search,145
0.49094202898550726,0.15021459227467812,0.08771929824561403,0.11075949367088607,original,SKAB,fold_4,42,4,4,probabilistic_suffix_tree,2,1,0.1,0.5,59,176,387,0.03726887519260401,skab_fold_aware_refined_search,145
0.4963768115942029,0.1572052401746725,0.09022556390977443,0.11464968152866242,gaussian_noise,SKAB,fold_4,42,4,4,probabilistic_suffix_tree,2,1,0.1,0.5,59,176,387,0.03726887519260401,skab_fold_aware_refined_search,145
0.6666666666666666,0.6,1.0,0.75,unseen_data,SKAB,fold_4,42,4,4,probabilistic_suffix_tree,2,1,0.1,0.5,59,176,387,0.03726887519260401,skab_fold_aware_refined_search,145
0.6047745358090185,0.45774647887323944,0.6516290726817042,0.5377456049638056,original,SKAB,fold_5,42,4,4,probabilistic_suffix_tree,2,1,0.1,0.5,57,171,381,0.03908895044629117,skab_fold_aware_refined_search,145
0.6056587091069849,0.4607679465776294,0.6917293233082706,0.5531062124248497,gaussian_noise,SKAB,fold_5,42,4,4,probabilistic_suffix_tree,2,1,0.1,0.5,57,171,381,0.03908895044629117,skab_fold_aware_refined_search,145
0.46808510638297873,0.4418604651162791,0.95,0.6031746031746031,unseen_data,SKAB,fold_5,42,4,4,probabilistic_suffix_tree,2,1,0.1,0.5,57,171,381,0.03908895044629117,skab_fold_aware_refined_search,145
0.6883348174532502,0.56,0.5935162094763092,0.576271186440678,original,SKAB,fold_1,42,4,4,probabilistic_suffix_tree,2,1,0.1,0.7,59,179,396,0.03749644919988637,skab_fold_aware_refined_search,146
0.678539626001781,0.5485436893203883,0.5635910224438903,0.5559655596555966,gaussian_noise,SKAB,fold_1,42,4,4,probabilistic_suffix_tree,2,1,0.1,0.7,59,179,396,0.03749644919988637,skab_fold_aware_refined_search,146
0.0,0.0,0.0,0.0,unseen_data,SKAB,fold_1,42,4,4,probabilistic_suffix_tree,2,1,0.1,0.7,59,179,396,0.03749644919988637,skab_fold_aware_refined_search,146
0.6175156389633601,0.4675,0.4651741293532338,0.46633416458852867,original,SKAB,fold_2,42,4,4,probabilistic_suffix_tree,2,1,0.1,0.7,61,180,399,0.03633879781420765,skab_fold_aware_refined_search,146
0.6228775692582663,0.47512437810945274,0.47512437810945274,0.47512437810945274,gaussian_noise,SKAB,fold_2,42,4,4,probabilistic_suffix_tree,2,1,0.1,0.7,61,180,399,0.03633879781420765,skab_fold_aware_refined_search,146
0.0,0.0,0.0,0.0,unseen_data,SKAB,fold_2,42,4,4,probabilistic_suffix_tree,2,1,0.1,0.7,61,180,399,0.03633879781420765,skab_fold_aware_refined_search,146
0.5942806076854334,0.4444444444444444,0.5513784461152882,0.49217002237136465,original,SKAB,fold_3,42,4,4,probabilistic_suffix_tree,2,1,0.1,0.7,53,159,358,0.04248249673667972,skab_fold_aware_refined_search,146
0.6050044682752458,0.4567404426559356,0.568922305764411,0.5066964285714286,gaussian_noise,SKAB,fold_3,42,4,4,probabilistic_suffix_tree,2,1,0.1,0.7,53,159,358,0.04248249673667972,skab_fold_aware_refined_search,146
0.14285714285714285,0.14285714285714285,1.0,0.25,unseen_data,SKAB,fold_3,42,4,4,probabilistic_suffix_tree,2,1,0.1,0.7,53,159,358,0.04248249673667972,skab_fold_aware_refined_search,146
0.3867753623188406,0.14358974358974358,0.14035087719298245,0.14195183776932827,original,SKAB,fold_4,42,4,4,probabilistic_suffix_tree,2,1,0.1,0.7,59,176,387,0.03726887519260401,skab_fold_aware_refined_search,146
0.3795289855072464,0.14427860696517414,0.14536340852130325,0.14481897627965043,gaussian_noise,SKAB,fold_4,42,4,4,probabilistic_suffix_tree,2,1,0.1,0.7,59,176,387,0.03726887519260401,skab_fold_aware_refined_search,146
0.6666666666666666,0.6,1.0,0.75,unseen_data,SKAB,fold_4,42,4,4,probabilistic_suffix_tree,2,1,0.1,0.7,59,176,387,0.03726887519260401,skab_fold_aware_refined_search,146
0.5923961096374889,0.45776566757493187,0.8421052631578947,0.5931156222418358,original,SKAB,fold_5,42,4,4,probabilistic_suffix_tree,2,1,0.1,0.7,57,171,381,0.03908895044629117,skab_fold_aware_refined_search,146
0.5729442970822282,0.44545454545454544,0.8596491228070176,0.5868263473053892,gaussian_noise,SKAB,fold_5,42,4,4,probabilistic_suffix_tree,2,1,0.1,0.7,57,171,381,0.03908895044629117,skab_fold_aware_refined_search,146
0.425531914893617,0.425531914893617,1.0,0.5970149253731343,unseen_data,SKAB,fold_5,42,4,4,probabilistic_suffix_tree,2,1,0.1,0.7,57,171,381,0.03908895044629117,skab_fold_aware_refined_search,146
0.6304541406945681,0.48936170212765956,0.8029925187032418,0.6081208687440982,original,SKAB,fold_1,42,4,4,probabilistic_suffix_tree,2,1,0.1,0.9,59,179,396,0.03749644919988637,skab_fold_aware_refined_search,147
0.6242208370436332,0.48396946564885496,0.7905236907730673,0.6003787878787878,gaussian_noise,SKAB,fold_1,42,4,4,probabilistic_suffix_tree,2,1,0.1,0.9,59,179,396,0.03749644919988637,skab_fold_aware_refined_search,147
0.0,0.0,0.0,0.0,unseen_data,SKAB,fold_1,42,4,4,probabilistic_suffix_tree,2,1,0.1,0.9,59,179,396,0.03749644919988637,skab_fold_aware_refined_search,147
0.6648793565683646,0.5183175033921302,0.9502487562189055,0.6707638279192274,original,SKAB,fold_2,42,4,4,probabilistic_suffix_tree,2,1,0.1,0.9,61,180,399,0.03633879781420765,skab_fold_aware_refined_search,147
0.6675603217158177,0.5200534759358288,0.9676616915422885,0.6765217391304348,gaussian_noise,SKAB,fold_2,42,4,4,probabilistic_suffix_tree,2,1,0.1,0.9,61,180,399,0.03633879781420765,skab_fold_aware_refined_search,147
0.0,0.0,0.0,0.0,unseen_data,SKAB,fold_2,42,4,4,probabilistic_suffix_tree,2,1,0.1,0.9,61,180,399,0.03633879781420765,skab_fold_aware_refined_search,147
0.6577301161751564,0.5110803324099723,0.924812030075188,0.6583407671721677,original,SKAB,fold_3,42,4,4,probabilistic_suffix_tree,2,1,0.1,0.9,53,159,358,0.04248249673667972,skab_fold_aware_refined_search,147
0.6586237712243074,0.511921458625526,0.9147869674185464,0.6564748201438849,gaussian_noise,SKAB,fold_3,42,4,4,probabilistic_suffix_tree,2,1,0.1,0.9,53,159,358,0.04248249673667972,skab_fold_aware_refined_search,147
0.14285714285714285,0.14285714285714285,1.0,0.25,unseen_data,SKAB,fold_3,42,4,4,probabilistic_suffix_tree,2,1,0.1,0.9,53,159,358,0.04248249673667972,skab_fold_aware_refined_search,147
0.2346014492753623,0.1515625,0.24310776942355888,0.1867179980750722,original,SKAB,fold_4,42,4,4,probabilistic_suffix_tree,2,1,0.1,0.9,59,176,387,0.03726887519260401,skab_fold_aware_refined_search,147
0.22282608695652173,0.14746543778801843,0.24060150375939848,0.18285714285714286,gaussian_noise,SKAB,fold_4,42,4,4,probabilistic_suffix_tree,2,1,0.1,0.9,59,176,387,0.03726887519260401,skab_fold_aware_refined_search,147
0.6666666666666666,0.6,1.0,0.75,unseen_data,SKAB,fold_4,42,4,4,probabilistic_suffix_tree,2,1,0.1,0.9,59,176,387,0.03726887519260401,skab_fold_aware_refined_search,147
0.5614500442086648,0.44405997693194926,0.9649122807017544,0.608214849921011,original,SKAB,fold_5,42,4,4,probabilistic_suffix_tree,2,1,0.1,0.9,57,171,381,0.03908895044629117,skab_fold_aware_refined_search,147
0.5358090185676393,0.4296875,0.9649122807017544,0.5945945945945946,gaussian_noise,SKAB,fold_5,42,4,4,probabilistic_suffix_tree,2,1,0.1,0.9,57,171,381,0.03908895044629117,skab_fold_aware_refined_search,147
0.425531914893617,0.425531914893617,1.0,0.5970149253731343,unseen_data,SKAB,fold_5,42,4,4,probabilistic_suffix_tree,2,1,0.1,0.9,57,171,381,0.03908895044629117,skab_fold_aware_refined_search,147
0.6812110418521816,0.5478841870824054,0.6134663341645885,0.5788235294117647,original,SKAB,fold_1,42,4,4,probabilistic_suffix_tree,2,1,0.5,0.5,59,179,396,0.03749644919988637,skab_fold_aware_refined_search,148
0.674087266251113,0.5406032482598608,0.5810473815461347,0.5600961538461539,gaussian_noise,SKAB,fold_1,42,4,4,probabilistic_suffix_tree,2,1,0.5,0.5,59,179,396,0.03749644919988637,skab_fold_aware_refined_search,148
0.0,0.0,0.0,0.0,unseen_data,SKAB,fold_1,42,4,4,probabilistic_suffix_tree,2,1,0.5,0.5,59,179,396,0.03749644919988637,skab_fold_aware_refined_search,148
0.6166219839142091,0.46633416458852867,0.4651741293532338,0.4657534246575342,original,SKAB,fold_2,42,4,4,probabilistic_suffix_tree,2,1,0.5,0.5,61,180,399,0.03633879781420765,skab_fold_aware_refined_search,148
0.6228775692582663,0.47512437810945274,0.47512437810945274,0.47512437810945274,gaussian_noise,SKAB,fold_2,42,4,4,probabilistic_suffix_tree,2,1,0.5,0.5,61,180,399,0.03633879781420765,skab_fold_aware_refined_search,148
0.0,0.0,0.0,0.0,unseen_data,SKAB,fold_2,42,4,4,probabilistic_suffix_tree,2,1,0.5,0.5,61,180,399,0.03633879781420765,skab_fold_aware_refined_search,148
0.5960679177837355,0.44793713163064836,0.5714285714285714,0.5022026431718062,original,SKAB,fold_3,42,4,4,probabilistic_suffix_tree,2,1,0.5,0.5,53,159,358,0.04248249673667972,skab_fold_aware_refined_search,148
0.6076854334226989,0.4609375,0.5914786967418546,0.5181119648737651,gaussian_noise,SKAB,fold_3,42,4,4,probabilistic_suffix_tree,2,1,0.5,0.5,53,159,358,0.04248249673667972,skab_fold_aware_refined_search,148
0.14285714285714285,0.14285714285714285,1.0,0.25,unseen_data,SKAB,fold_3,42,4,4,probabilistic_suffix_tree,2,1,0.5,0.5,53,159,358,0.04248249673667972,skab_fold_aware_refined_search,148
0.39311594202898553,0.14805194805194805,0.14285714285714285,0.14540816326530612,original,SKAB,fold_4,42,4,4,probabilistic_suffix_tree,2,1,0.5,0.5,59,176,387,0.03726887519260401,skab_fold_aware_refined_search,148
0.3867753623188406,0.14720812182741116,0.14536340852130325,0.14627994955863807,gaussian_noise,SKAB,fold_4,42,4,4,probabilistic_suffix_tree,2,1,0.5,0.5,59,176,387,0.03726887519260401,skab_fold_aware_refined_search,148
0.6666666666666666,0.6,1.0,0.75,unseen_data,SKAB,fold_4,42,4,4,probabilistic_suffix_tree,2,1,0.5,0.5,59,176,387,0.03726887519260401,skab_fold_aware_refined_search,148
0.5773651635720601,0.450063211125158,0.8922305764411027,0.5983193277310924,original,SKAB,fold_5,42,4,4,probabilistic_suffix_tree,2,1,0.5,0.5,57,171,381,0.03908895044629117,skab_fold_aware_refined_search,148
0.5526083112290009,0.43530834340991537,0.9022556390977443,0.5872756933115824,gaussian_noise,SKAB,fold_5,42,4,4,probabilistic_suffix_tree,2,1,0.5,0.5,57,171,381,0.03908895044629117,skab_fold_aware_refined_search,148
0.425531914893617,0.425531914893617,1.0,0.5970149253731343,unseen_data,SKAB,fold_5,42,4,4,probabilistic_suffix_tree,2,1,0.5,0.5,57,171,381,0.03908895044629117,skab_fold_aware_refined_search,148
0.6393588601959038,0.4962686567164179,0.6633416458852868,0.567769477054429,original,SKAB,fold_1,42,4,4,probabilistic_suffix_tree,2,1,0.5,0.7,59,179,396,0.03749644919988637,skab_fold_aware_refined_search,149
0.6322350845948352,0.4881422924901186,0.6159600997506235,0.5446527012127894,gaussian_noise,SKAB,fold_1,42,4,4,probabilistic_suffix_tree,2,1,0.5,0.7,59,179,396,0.03749644919988637,skab_fold_aware_refined_search,149
0.0,0.0,0.0,0.0,unseen_data,SKAB,fold_1,42,4,4,probabilistic_suffix_tree,2,1,0.5,0.7,59,179,396,0.03749644919988637,skab_fold_aware_refined_search,149
0.6327077747989276,0.4897959183673469,0.5373134328358209,0.5124555160142349,original,SKAB,fold_2,42,4,4,probabilistic_suffix_tree,2,1,0.5,0.7,61,180,399,0.03633879781420765,skab_fold_aware_refined_search,149
0.6389633601429848,0.497737556561086,0.5472636815920398,0.5213270142180095,gaussian_noise,SKAB,fold_2,42,4,4,probabilistic_suffix_tree,2,1,0.5,0.7,61,180,399,0.03633879781420765,skab_fold_aware_refined_search,149
0.0,0.0,0.0,0.0,unseen_data,SKAB,fold_2,42,4,4,probabilistic_suffix_tree,2,1,0.5,0.7,61,180,399,0.03633879781420765,skab_fold_aware_refined_search,149
0.5924932975871313,0.4506065857885615,0.6516290726817042,0.5327868852459017,original,SKAB,fold_3,42,4,4,probabilistic_suffix_tree,2,1,0.5,0.7,53,159,358,0.04248249673667972,skab_fold_aware_refined_search,149
0.6023235031277927,0.45993031358885017,0.6616541353383458,0.5426515930113053,gaussian_noise,SKAB,fold_3,42,4,4,probabilistic_suffix_tree,2,1,0.5,0.7,53,159,358,0.04248249673667972,skab_fold_aware_refined_search,149
0.14285714285714285,0.14285714285714285,1.0,0.25,unseen_data,SKAB,fold_3,42,4,4,probabilistic_suffix_tree,2,1,0.5,0.7,53,159,358,0.04248249673667972,skab_fold_aware_refined_search,149
0.35144927536231885,0.14541387024608501,0.16290726817042606,0.1536643026004728,original,SKAB,fold_4,42,4,4,probabilistic_suffix_tree,2,1,0.5,0.7,59,176,387,0.03726887519260401,skab_fold_aware_refined_search,149
0.34692028985507245,0.15,0.17293233082706766,0.16065192083818394,gaussian_noise,SKAB,fold_4,42,4,4,probabilistic_suffix_tree,2,1,0.5,0.7,59,176,387,0.03726887519260401,skab_fold_aware_refined_search,149
0.6666666666666666,0.6,1.0,0.75,unseen_data,SKAB,fold_4,42,4,4,probabilistic_suffix_tree,2,1,0.5,0.7,59,176,387,0.03726887519260401,skab_fold_aware_refined_search,149
0.5614500442086648,0.44260355029585796,0.9373433583959899,0.6012861736334405,original,SKAB,fold_5,42,4,4,probabilistic_suffix_tree,2,1,0.5,0.7,57,171,381,0.03908895044629117,skab_fold_aware_refined_search,149
0.5411140583554377,0.43197278911564624,0.9548872180451128,0.594847775175644,gaussian_noise,SKAB,fold_5,42,4,4,probabilistic_suffix_tree,2,1,0.5,0.7,57,171,381,0.03908895044629117,skab_fold_aware_refined_search,149
0.425531914893617,0.425531914893617,1.0,0.5970149253731343,unseen_data,SKAB,fold_5,42,4,4,probabilistic_suffix_tree,2,1,0.5,0.7,57,171,381,0.03908895044629117,skab_fold_aware_refined_search,149
0.6304541406945681,0.48936170212765956,0.8029925187032418,0.6081208687440982,original,SKAB,fold_1,42,4,4,probabilistic_suffix_tree,2,1,0.5,0.9,59,179,396,0.03749644919988637,skab_fold_aware_refined_search,150
0.6242208370436332,0.48396946564885496,0.7905236907730673,0.6003787878787878,gaussian_noise,SKAB,fold_1,42,4,4,probabilistic_suffix_tree,2,1,0.5,0.9,59,179,396,0.03749644919988637,skab_fold_aware_refined_search,150
0.0,0.0,0.0,0.0,unseen_data,SKAB,fold_1,42,4,4,probabilistic_suffix_tree,2,1,0.5,0.9,59,179,396,0.03749644919988637,skab_fold_aware_refined_search,150
0.6648793565683646,0.5183175033921302,0.9502487562189055,0.6707638279192274,original,SKAB,fold_2,42,4,4,probabilistic_suffix_tree,2,1,0.5,0.9,61,180,399,0.03633879781420765,skab_fold_aware_refined_search,150
0.6675603217158177,0.5200534759358288,0.9676616915422885,0.6765217391304348,gaussian_noise,SKAB,fold_2,42,4,4,probabilistic_suffix_tree,2,1,0.5,0.9,61,180,399,0.03633879781420765,skab_fold_aware_refined_search,150
0.0,0.0,0.0,0.0,unseen_data,SKAB,fold_2,42,4,4,probabilistic_suffix_tree,2,1,0.5,0.9,61,180,399,0.03633879781420765,skab_fold_aware_refined_search,150
0.6577301161751564,0.510989010989011,0.9323308270676691,0.6601597160603372,original,SKAB,fold_3,42,4,4,probabilistic_suffix_tree,2,1,0.5,0.9,53,159,358,0.04248249673667972,skab_fold_aware_refined_search,150
0.6604110813226095,0.5132496513249651,0.9223057644110275,0.6594982078853047,gaussian_noise,SKAB,fold_3,42,4,4,probabilistic_suffix_tree,2,1,0.5,0.9,53,159,358,0.04248249673667972,skab_fold_aware_refined_search,150
0.14285714285714285,0.14285714285714285,1.0,0.25,unseen_data,SKAB,fold_3,42,4,4,probabilistic_suffix_tree,2,1,0.5,0.9,53,159,358,0.04248249673667972,skab_fold_aware_refined_search,150
0.223731884057971,0.14877300613496933,0.24310776942355888,0.1845861084681256,original,SKAB,fold_4,42,4,4,probabilistic_suffix_tree,2,1,0.5,0.9,59,176,387,0.03726887519260401,skab_fold_aware_refined_search,150
0.21739130434782608,0.1461187214611872,0.24060150375939848,0.18181818181818182,gaussian_noise,SKAB,fold_4,42,4,4,probabilistic_suffix_tree,2,1,0.5,0.9,59,176,387,0.03726887519260401,skab_fold_aware_refined_search,150
0.6666666666666666,0.6,1.0,0.75,unseen_data,SKAB,fold_4,42,4,4,probabilistic_suffix_tree,2,1,0.5,0.9,59,176,387,0.03726887519260401,skab_fold_aware_refined_search,150
0.4385499557913351,0.3827037773359841,0.9649122807017544,0.5480427046263345,original,SKAB,fold_5,42,4,4,probabilistic_suffix_tree,2,1,0.5,0.9,57,171,381,0.03908895044629117,skab_fold_aware_refined_search,150
0.4182139699381079,0.3741496598639456,0.9649122807017544,0.5392156862745098,gaussian_noise,SKAB,fold_5,42,4,4,probabilistic_suffix_tree,2,1,0.5,0.9,57,171,381,0.03908895044629117,skab_fold_aware_refined_search,150
0.425531914893617,0.425531914893617,1.0,0.5970149253731343,unseen_data,SKAB,fold_5,42,4,4,probabilistic_suffix_tree,2,1,0.5,0.9,57,171,381,0.03908895044629117,skab_fold_aware_refined_search,150
0.6447016918967052,0.5041666666666667,0.30174563591022446,0.37753510140405616,original,SKAB,fold_1,42,4,4,probabilistic_suffix_tree,2,2,0.1,0.5,59,179,396,0.03749644919988637,skab_fold_aware_refined_search,151
0.6357969723953696,0.4818181818181818,0.26433915211970077,0.3413848631239936,gaussian_noise,SKAB,fold_1,42,4,4,probabilistic_suffix_tree,2,2,0.1,0.5,59,179,396,0.03749644919988637,skab_fold_aware_refined_search,151
0.0,0.0,0.0,0.0,unseen_data,SKAB,fold_1,42,4,4,probabilistic_suffix_tree,2,2,0.1,0.5,59,179,396,0.03749644919988637,skab_fold_aware_refined_search,151
0.6228775692582663,0.4519230769230769,0.23383084577114427,0.3081967213114754,original,SKAB,fold_2,42,4,4,probabilistic_suffix_tree,2,2,0.1,0.5,61,180,399,0.03633879781420765,skab_fold_aware_refined_search,151
0.6309204647006256,0.4751131221719457,0.26119402985074625,0.33707865168539325,gaussian_noise,SKAB,fold_2,42,4,4,probabilistic_suffix_tree,2,2,0.1,0.5,61,180,399,0.03633879781420765,skab_fold_aware_refined_search,151
0.0,0.0,0.0,0.0,unseen_data,SKAB,fold_2,42,4,4,probabilistic_suffix_tree,2,2,0.1,0.5,61,180,399,0.03633879781420765,skab_fold_aware_refined_search,151
0.5889186773905273,0.4043887147335423,0.3233082706766917,0.3593314763231198,original,SKAB,fold_3,42,4,4,probabilistic_suffix_tree,2,2,0.1,0.5,53,159,358,0.04248249673667972,skab_fold_aware_refined_search,151
0.6041108132260947,0.43373493975903615,0.3609022556390977,0.39398084815321477,gaussian_noise,SKAB,fold_3,42,4,4,probabilistic_suffix_tree,2,2,0.1,0.5,53,159,358,0.04248249673667972,skab_fold_aware_refined_search,151
0.14285714285714285,0.14285714285714285,1.0,0.25,unseen_data,SKAB,fold_3,42,4,4,probabilistic_suffix_tree,2,2,0.1,0.5,53,159,358,0.04248249673667972,skab_fold_aware_refined_search,151
0.49094202898550726,0.15021459227467812,0.08771929824561403,0.11075949367088607,original,SKAB,fold_4,42,4,4,probabilistic_suffix_tree,2,2,0.1,0.5,59,176,387,0.03726887519260401,skab_fold_aware_refined_search,151
0.49728260869565216,0.15789473684210525,0.09022556390977443,0.11483253588516747,gaussian_noise,SKAB,fold_4,42,4,4,probabilistic_suffix_tree,2,2,0.1,0.5,59,176,387,0.03726887519260401,skab_fold_aware_refined_search,151
0.6666666666666666,0.6,1.0,0.75,unseen_data,SKAB,fold_4,42,4,4,probabilistic_suffix_tree,2,2,0.1,0.5,59,176,387,0.03726887519260401,skab_fold_aware_refined_search,151
0.6065428824049514,0.4592198581560284,0.6491228070175439,0.5379023883696781,original,SKAB,fold_5,42,4,4,probabilistic_suffix_tree,2,2,0.1,0.5,57,171,381,0.03908895044629117,skab_fold_aware_refined_search,151
0.6083112290008842,0.46296296296296297,0.6892230576441103,0.553877139979859,gaussian_noise,SKAB,fold_5,42,4,4,probabilistic_suffix_tree,2,2,0.1,0.5,57,171,381,0.03908895044629117,skab_fold_aware_refined_search,151
0.46808510638297873,0.4418604651162791,0.95,0.6031746031746031,unseen_data,SKAB,fold_5,42,4,4,probabilistic_suffix_tree,2,2,0.1,0.5,57,171,381,0.03908895044629117,skab_fold_aware_refined_search,151
0.6883348174532502,0.56,0.5935162094763092,0.576271186440678,original,SKAB,fold_1,42,4,4,probabilistic_suffix_tree,2,2,0.1,0.7,59,179,396,0.03749644919988637,skab_fold_aware_refined_search,152
0.678539626001781,0.5485436893203883,0.5635910224438903,0.5559655596555966,gaussian_noise,SKAB,fold_1,42,4,4,probabilistic_suffix_tree,2,2,0.1,0.7,59,179,396,0.03749644919988637,skab_fold_aware_refined_search,152
0.0,0.0,0.0,0.0,unseen_data,SKAB,fold_1,42,4,4,probabilistic_suffix_tree,2,2,0.1,0.7,59,179,396,0.03749644919988637,skab_fold_aware_refined_search,152
0.6175156389633601,0.4675,0.4651741293532338,0.46633416458852867,original,SKAB,fold_2,42,4,4,probabilistic_suffix_tree,2,2,0.1,0.7,61,180,399,0.03633879781420765,skab_fold_aware_refined_search,152
0.6228775692582663,0.47512437810945274,0.47512437810945274,0.47512437810945274,gaussian_noise,SKAB,fold_2,42,4,4,probabilistic_suffix_tree,2,2,0.1,0.7,61,180,399,0.03633879781420765,skab_fold_aware_refined_search,152
0.0,0.0,0.0,0.0,unseen_data,SKAB,fold_2,42,4,4,probabilistic_suffix_tree,2,2,0.1,0.7,61,180,399,0.03633879781420765,skab_fold_aware_refined_search,152
0.5942806076854334,0.44421906693711966,0.5488721804511278,0.4910313901345291,original,SKAB,fold_3,42,4,4,probabilistic_suffix_tree,2,2,0.1,0.7,53,159,358,0.04248249673667972,skab_fold_aware_refined_search,152
0.6050044682752458,0.45656565656565656,0.5664160401002506,0.5055928411633109,gaussian_noise,SKAB,fold_3,42,4,4,probabilistic_suffix_tree,2,2,0.1,0.7,53,159,358,0.04248249673667972,skab_fold_aware_refined_search,152
0.14285714285714285,0.14285714285714285,1.0,0.25,unseen_data,SKAB,fold_3,42,4,4,probabilistic_suffix_tree,2,2,0.1,0.7,53,159,358,0.04248249673667972,skab_fold_aware_refined_search,152
0.3867753623188406,0.14358974358974358,0.14035087719298245,0.14195183776932827,original,SKAB,fold_4,42,4,4,probabilistic_suffix_tree,2,2,0.1,0.7,59,176,387,0.03726887519260401,skab_fold_aware_refined_search,152
0.3804347826086957,0.14463840399002495,0.14536340852130325,0.145,gaussian_noise,SKAB,fold_4,42,4,4,probabilistic_suffix_tree,2,2,0.1,0.7,59,176,387,0.03726887519260401,skab_fold_aware_refined_search,152
0.6666666666666666,0.6,1.0,0.75,unseen_data,SKAB,fold_4,42,4,4,probabilistic_suffix_tree,2,2,0.1,0.7,59,176,387,0.03726887519260401,skab_fold_aware_refined_search,152
0.5923961096374889,0.4576502732240437,0.8395989974937343,0.5923961096374889,original,SKAB,fold_5,42,4,4,probabilistic_suffix_tree,2,2,0.1,0.7,57,171,381,0.03908895044629117,skab_fold_aware_refined_search,152
0.5729442970822282,0.4453125,0.8571428571428571,0.5861182519280206,gaussian_noise,SKAB,fold_5,42,4,4,probabilistic_suffix_tree,2,2,0.1,0.7,57,171,381,0.03908895044629117,skab_fold_aware_refined_search,152
0.425531914893617,0.425531914893617,1.0,0.5970149253731343,unseen_data,SKAB,fold_5,42,4,4,probabilistic_suffix_tree,2,2,0.1,0.7,57,171,381,0.03908895044629117,skab_fold_aware_refined_search,152
0.6304541406945681,0.48936170212765956,0.8029925187032418,0.6081208687440982,original,SKAB,fold_1,42,4,4,probabilistic_suffix_tree,2,2,0.1,0.9,59,179,396,0.03749644919988637,skab_fold_aware_refined_search,153
0.6242208370436332,0.48396946564885496,0.7905236907730673,0.6003787878787878,gaussian_noise,SKAB,fold_1,42,4,4,probabilistic_suffix_tree,2,2,0.1,0.9,59,179,396,0.03749644919988637,skab_fold_aware_refined_search,153
0.0,0.0,0.0,0.0,unseen_data,SKAB,fold_1,42,4,4,probabilistic_suffix_tree,2,2,0.1,0.9,59,179,396,0.03749644919988637,skab_fold_aware_refined_search,153
0.6648793565683646,0.5183175033921302,0.9502487562189055,0.6707638279192274,original,SKAB,fold_2,42,4,4,probabilistic_suffix_tree,2,2,0.1,0.9,61,180,399,0.03633879781420765,skab_fold_aware_refined_search,153
0.6675603217158177,0.5200534759358288,0.9676616915422885,0.6765217391304348,gaussian_noise,SKAB,fold_2,42,4,4,probabilistic_suffix_tree,2,2,0.1,0.9,61,180,399,0.03633879781420765,skab_fold_aware_refined_search,153
0.0,0.0,0.0,0.0,unseen_data,SKAB,fold_2,42,4,4,probabilistic_suffix_tree,2,2,0.1,0.9,61,180,399,0.03633879781420765,skab_fold_aware_refined_search,153
0.6586237712243074,0.5117891816920943,0.924812030075188,0.6589285714285714,original,SKAB,fold_3,42,4,4,probabilistic_suffix_tree,2,2,0.1,0.9,53,159,358,0.04248249673667972,skab_fold_aware_refined_search,153
0.6595174262734584,0.5126404494382022,0.9147869674185464,0.6570657065706571,gaussian_noise,SKAB,fold_3,42,4,4,probabilistic_suffix_tree,2,2,0.1,0.9,53,159,358,0.04248249673667972,skab_fold_aware_refined_search,153
0.14285714285714285,0.14285714285714285,1.0,0.25,unseen_data,SKAB,fold_3,42,4,4,probabilistic_suffix_tree,2,2,0.1,0.9,53,159,358,0.04248249673667972,skab_fold_aware_refined_search,153
0.2346014492753623,0.1515625,0.24310776942355888,0.1867179980750722,original,SKAB,fold_4,42,4,4,probabilistic_suffix_tree,2,2,0.1,0.9,59,176,387,0.03726887519260401,skab_fold_aware_refined_search,153
0.22282608695652173,0.14746543778801843,0.24060150375939848,0.18285714285714286,gaussian_noise,SKAB,fold_4,42,4,4,probabilistic_suffix_tree,2,2,0.1,0.9,59,176,387,0.03726887519260401,skab_fold_aware_refined_search,153
0.6666666666666666,0.6,1.0,0.75,unseen_data,SKAB,fold_4,42,4,4,probabilistic_suffix_tree,2,2,0.1,0.9,59,176,387,0.03726887519260401,skab_fold_aware_refined_search,153
0.5614500442086648,0.4439306358381503,0.9624060150375939,0.6075949367088608,original,SKAB,fold_5,42,4,4,probabilistic_suffix_tree,2,2,0.1,0.9,57,171,381,0.03908895044629117,skab_fold_aware_refined_search,153
0.5358090185676393,0.42953020134228187,0.9624060150375939,0.5939675174013921,gaussian_noise,SKAB,fold_5,42,4,4,probabilistic_suffix_tree,2,2,0.1,0.9,57,171,381,0.03908895044629117,skab_fold_aware_refined_search,153
0.425531914893617,0.425531914893617,1.0,0.5970149253731343,unseen_data,SKAB,fold_5,42,4,4,probabilistic_suffix_tree,2,2,0.1,0.9,57,171,381,0.03908895044629117,skab_fold_aware_refined_search,153
0.6812110418521816,0.5478841870824054,0.6134663341645885,0.5788235294117647,original,SKAB,fold_1,42,4,4,probabilistic_suffix_tree,2,2,0.5,0.5,59,179,396,0.03749644919988637,skab_fold_aware_refined_search,154
0.674087266251113,0.5406032482598608,0.5810473815461347,0.5600961538461539,gaussian_noise,SKAB,fold_1,42,4,4,probabilistic_suffix_tree,2,2,0.5,0.5,59,179,396,0.03749644919988637,skab_fold_aware_refined_search,154
0.0,0.0,0.0,0.0,unseen_data,SKAB,fold_1,42,4,4,probabilistic_suffix_tree,2,2,0.5,0.5,59,179,396,0.03749644919988637,skab_fold_aware_refined_search,154
0.6166219839142091,0.46633416458852867,0.4651741293532338,0.4657534246575342,original,SKAB,fold_2,42,4,4,probabilistic_suffix_tree,2,2,0.5,0.5,61,180,399,0.03633879781420765,skab_fold_aware_refined_search,154
0.6228775692582663,0.47512437810945274,0.47512437810945274,0.47512437810945274,gaussian_noise,SKAB,fold_2,42,4,4,probabilistic_suffix_tree,2,2,0.5,0.5,61,180,399,0.03633879781420765,skab_fold_aware_refined_search,154
0.0,0.0,0.0,0.0,unseen_data,SKAB,fold_2,42,4,4,probabilistic_suffix_tree,2,2,0.5,0.5,61,180,399,0.03633879781420765,skab_fold_aware_refined_search,154
0.5960679177837355,0.4477317554240631,0.568922305764411,0.5011037527593819,original,SKAB,fold_3,42,4,4,probabilistic_suffix_tree,2,2,0.5,0.5,53,159,358,0.04248249673667972,skab_fold_aware_refined_search,154
0.6076854334226989,0.46078431372549017,0.5889724310776943,0.517051705170517,gaussian_noise,SKAB,fold_3,42,4,4,probabilistic_suffix_tree,2,2,0.5,0.5,53,159,358,0.04248249673667972,skab_fold_aware_refined_search,154
0.14285714285714285,0.14285714285714285,1.0,0.25,unseen_data,SKAB,fold_3,42,4,4,probabilistic_suffix_tree,2,2,0.5,0.5,53,159,358,0.04248249673667972,skab_fold_aware_refined_search,154
0.39311594202898553,0.14805194805194805,0.14285714285714285,0.14540816326530612,original,SKAB,fold_4,42,4,4,probabilistic_suffix_tree,2,2,0.5,0.5,59,176,387,0.03726887519260401,skab_fold_aware_refined_search,154
0.38768115942028986,0.1475826972010178,0.14536340852130325,0.14646464646464646,gaussian_noise,SKAB,fold_4,42,4,4,probabilistic_suffix_tree,2,2,0.5,0.5,59,176,387,0.03726887519260401,skab_fold_aware_refined_search,154
0.6666666666666666,0.6,1.0,0.75,unseen_data,SKAB,fold_4,42,4,4,probabilistic_suffix_tree,2,2,0.5,0.5,59,176,387,0.03726887519260401,skab_fold_aware_refined_search,154
0.5773651635720601,0.449936628643853,0.8897243107769424,0.5976430976430976,original,SKAB,fold_5,42,4,4,probabilistic_suffix_tree,2,2,0.5,0.5,57,171,381,0.03908895044629117,skab_fold_aware_refined_search,154
0.5534924845269673,0.4356796116504854,0.899749373433584,0.5870809484873263,gaussian_noise,SKAB,fold_5,42,4,4,probabilistic_suffix_tree,2,2,0.5,0.5,57,171,381,0.03908895044629117,skab_fold_aware_refined_search,154
0.425531914893617,0.425531914893617,1.0,0.5970149253731343,unseen_data,SKAB,fold_5,42,4,4,probabilistic_suffix_tree,2,2,0.5,0.5,57,171,381,0.03908895044629117,skab_fold_aware_refined_search,154
0.6393588601959038,0.4962686567164179,0.6633416458852868,0.567769477054429,original,SKAB,fold_1,42,4,4,probabilistic_suffix_tree,2,2,0.5,0.7,59,179,396,0.03749644919988637,skab_fold_aware_refined_search,155
0.6322350845948352,0.4881422924901186,0.6159600997506235,0.5446527012127894,gaussian_noise,SKAB,fold_1,42,4,4,probabilistic_suffix_tree,2,2,0.5,0.7,59,179,396,0.03749644919988637,skab_fold_aware_refined_search,155
0.0,0.0,0.0,0.0,unseen_data,SKAB,fold_1,42,4,4,probabilistic_suffix_tree,2,2,0.5,0.7,59,179,396,0.03749644919988637,skab_fold_aware_refined_search,155
0.6327077747989276,0.4897959183673469,0.5373134328358209,0.5124555160142349,original,SKAB,fold_2,42,4,4,probabilistic_suffix_tree,2,2,0.5,0.7,61,180,399,0.03633879781420765,skab_fold_aware_refined_search,155
0.6389633601429848,0.497737556561086,0.5472636815920398,0.5213270142180095,gaussian_noise,SKAB,fold_2,42,4,4,probabilistic_suffix_tree,2,2,0.5,0.7,61,180,399,0.03633879781420765,skab_fold_aware_refined_search,155
0.0,0.0,0.0,0.0,unseen_data,SKAB,fold_2,42,4,4,probabilistic_suffix_tree,2,2,0.5,0.7,61,180,399,0.03633879781420765,skab_fold_aware_refined_search,155
0.5933869526362824,0.4513888888888889,0.6516290726817042,0.5333333333333333,original,SKAB,fold_3,42,4,4,probabilistic_suffix_tree,2,2,0.5,0.7,53,159,358,0.04248249673667972,skab_fold_aware_refined_search,155
0.6032171581769437,0.4607329842931937,0.6616541353383458,0.5432098765432098,gaussian_noise,SKAB,fold_3,42,4,4,probabilistic_suffix_tree,2,2,0.5,0.7,53,159,358,0.04248249673667972,skab_fold_aware_refined_search,155
0.14285714285714285,0.14285714285714285,1.0,0.25,unseen_data,SKAB,fold_3,42,4,4,probabilistic_suffix_tree,2,2,0.5,0.7,53,159,358,0.04248249673667972,skab_fold_aware_refined_search,155
0.35144927536231885,0.14541387024608501,0.16290726817042606,0.1536643026004728,original,SKAB,fold_4,42,4,4,probabilistic_suffix_tree,2,2,0.5,0.7,59,176,387,0.03726887519260401,skab_fold_aware_refined_search,155
0.34692028985507245,0.15,0.17293233082706766,0.16065192083818394,gaussian_noise,SKAB,fold_4,42,4,4,probabilistic_suffix_tree,2,2,0.5,0.7,59,176,387,0.03726887519260401,skab_fold_aware_refined_search,155
0.6666666666666666,0.6,1.0,0.75,unseen_data,SKAB,fold_4,42,4,4,probabilistic_suffix_tree,2,2,0.5,0.7,59,176,387,0.03726887519260401,skab_fold_aware_refined_search,155
0.5614500442086648,0.4424673784104389,0.9348370927318296,0.6006441223832528,original,SKAB,fold_5,42,4,4,probabilistic_suffix_tree,2,2,0.5,0.7,57,171,381,0.03908895044629117,skab_fold_aware_refined_search,155
0.5411140583554377,0.4318181818181818,0.9523809523809523,0.5942142298670836,gaussian_noise,SKAB,fold_5,42,4,4,probabilistic_suffix_tree,2,2,0.5,0.7,57,171,381,0.03908895044629117,skab_fold_aware_refined_search,155
0.425531914893617,0.425531914893617,1.0,0.5970149253731343,unseen_data,SKAB,fold_5,42,4,4,probabilistic_suffix_tree,2,2,0.5,0.7,57,171,381,0.03908895044629117,skab_fold_aware_refined_search,155
0.6304541406945681,0.48936170212765956,0.8029925187032418,0.6081208687440982,original,SKAB,fold_1,42,4,4,probabilistic_suffix_tree,2,2,0.5,0.9,59,179,396,0.03749644919988637,skab_fold_aware_refined_search,156
0.6242208370436332,0.48396946564885496,0.7905236907730673,0.6003787878787878,gaussian_noise,SKAB,fold_1,42,4,4,probabilistic_suffix_tree,2,2,0.5,0.9,59,179,396,0.03749644919988637,skab_fold_aware_refined_search,156
0.0,0.0,0.0,0.0,unseen_data,SKAB,fold_1,42,4,4,probabilistic_suffix_tree,2,2,0.5,0.9,59,179,396,0.03749644919988637,skab_fold_aware_refined_search,156
0.6648793565683646,0.5183175033921302,0.9502487562189055,0.6707638279192274,original,SKAB,fold_2,42,4,4,probabilistic_suffix_tree,2,2,0.5,0.9,61,180,399,0.03633879781420765,skab_fold_aware_refined_search,156
0.6675603217158177,0.5200534759358288,0.9676616915422885,0.6765217391304348,gaussian_noise,SKAB,fold_2,42,4,4,probabilistic_suffix_tree,2,2,0.5,0.9,61,180,399,0.03633879781420765,skab_fold_aware_refined_search,156
0.0,0.0,0.0,0.0,unseen_data,SKAB,fold_2,42,4,4,probabilistic_suffix_tree,2,2,0.5,0.9,61,180,399,0.03633879781420765,skab_fold_aware_refined_search,156
0.6586237712243074,0.5116918844566712,0.9323308270676691,0.6607460035523979,original,SKAB,fold_3,42,4,4,probabilistic_suffix_tree,2,2,0.5,0.9,53,159,358,0.04248249673667972,skab_fold_aware_refined_search,156
0.6613047363717605,0.5139664804469274,0.9223057644110275,0.6600896860986547,gaussian_noise,SKAB,fold_3,42,4,4,probabilistic_suffix_tree,2,2,0.5,0.9,53,159,358,0.04248249673667972,skab_fold_aware_refined_search,156
0.14285714285714285,0.14285714285714285,1.0,0.25,unseen_data,SKAB,fold_3,42,4,4,probabilistic_suffix_tree,2,2,0.5,0.9,53,159,358,0.04248249673667972,skab_fold_aware_refined_search,156
0.223731884057971,0.14877300613496933,0.24310776942355888,0.1845861084681256,original,SKAB,fold_4,42,4,4,probabilistic_suffix_tree,2,2,0.5,0.9,59,176,387,0.03726887519260401,skab_fold_aware_refined_search,156
0.21739130434782608,0.1461187214611872,0.24060150375939848,0.18181818181818182,gaussian_noise,SKAB,fold_4,42,4,4,probabilistic_suffix_tree,2,2,0.5,0.9,59,176,387,0.03726887519260401,skab_fold_aware_refined_search,156
0.6666666666666666,0.6,1.0,0.75,unseen_data,SKAB,fold_4,42,4,4,probabilistic_suffix_tree,2,2,0.5,0.9,59,176,387,0.03726887519260401,skab_fold_aware_refined_search,156
0.4385499557913351,0.38247011952191234,0.9624060150375939,0.5473984319315752,original,SKAB,fold_5,42,4,4,probabilistic_suffix_tree,2,2,0.5,0.9,57,171,381,0.03908895044629117,skab_fold_aware_refined_search,156
0.4182139699381079,0.373904576436222,0.9624060150375939,0.5385694249649369,gaussian_noise,SKAB,fold_5,42,4,4,probabilistic_suffix_tree,2,2,0.5,0.9,57,171,381,0.03908895044629117,skab_fold_aware_refined_search,156
0.425531914893617,0.425531914893617,1.0,0.5970149253731343,unseen_data,SKAB,fold_5,42,4,4,probabilistic_suffix_tree,2,2,0.5,0.9,57,171,381,0.03908895044629117,skab_fold_aware_refined_search,156
0.6500445235975066,0.5136054421768708,0.3765586034912718,0.43453237410071943,original,SKAB,fold_1,42,4,4,probabilistic_suffix_tree,3,1,0.1,0.5,59,397,777,0.033172522734064805,skab_fold_aware_refined_search,157
0.647373107747106,0.508833922261484,0.35910224438902744,0.42105263157894735,gaussian_noise,SKAB,fold_1,42,4,4,probabilistic_suffix_tree,3,1,0.1,0.5,59,397,777,0.033172522734064805,skab_fold_aware_refined_search,157
0.0,0.0,0.0,0.0,unseen_data,SKAB,fold_1,42,4,4,probabilistic_suffix_tree,3,1,0.1,0.5,59,397,777,0.033172522734064805,skab_fold_aware_refined_search,157
0.6228775692582663,0.462406015037594,0.30597014925373134,0.36826347305389223,original,SKAB,fold_2,42,4,4,probabilistic_suffix_tree,3,1,0.1,0.5,61,400,782,0.032049180327868854,skab_fold_aware_refined_search,157
0.6344950848972297,0.48717948717948717,0.3308457711442786,0.3940740740740741,gaussian_noise,SKAB,fold_2,42,4,4,probabilistic_suffix_tree,3,1,0.1,0.5,61,400,782,0.032049180327868854,skab_fold_aware_refined_search,157
0.0,0.0,0.0,0.0,unseen_data,SKAB,fold_2,42,4,4,probabilistic_suffix_tree,3,1,0.1,0.5,61,400,782,0.032049180327868854,skab_fold_aware_refined_search,157
0.5951742627345844,0.4296875,0.41353383458646614,0.421455938697318,original,SKAB,fold_3,42,4,4,probabilistic_suffix_tree,3,1,0.1,0.5,53,359,698,0.03668471119987386,skab_fold_aware_refined_search,157
0.5996425379803396,0.4373401534526854,0.42857142857142855,0.43291139240506327,gaussian_noise,SKAB,fold_3,42,4,4,probabilistic_suffix_tree,3,1,0.1,0.5,53,359,698,0.03668471119987386,skab_fold_aware_refined_search,157
0.14285714285714285,0.14285714285714285,1.0,0.25,unseen_data,SKAB,fold_3,42,4,4,probabilistic_suffix_tree,3,1,0.1,0.5,53,359,698,0.03668471119987386,skab_fold_aware_refined_search,157
0.4583333333333333,0.11583011583011583,0.07518796992481203,0.0911854103343465,original,SKAB,fold_4,42,4,4,probabilistic_suffix_tree,3,1,0.1,0.5,59,388,741,0.03236938668530491,skab_fold_aware_refined_search,157
0.463768115942029,0.12156862745098039,0.07769423558897243,0.09480122324159021,gaussian_noise,SKAB,fold_4,42,4,4,probabilistic_suffix_tree,3,1,0.1,0.5,59,388,741,0.03236938668530491,skab_fold_aware_refined_search,157
0.6666666666666666,0.6,1.0,0.75,unseen_data,SKAB,fold_4,42,4,4,probabilistic_suffix_tree,3,1,0.1,0.5,59,388,741,0.03236938668530491,skab_fold_aware_refined_search,157
0.6118479221927497,0.4695121951219512,0.7719298245614035,0.5838862559241706,original,SKAB,fold_5,42,4,4,probabilistic_suffix_tree,3,1,0.1,0.5,57,382,729,0.033480297602645356,skab_fold_aware_refined_search,157
0.6038903625110522,0.4643377001455604,0.7994987468671679,0.5874769797421732,gaussian_noise,SKAB,fold_5,42,4,4,probabilistic_suffix_tree,3,1,0.1,0.5,57,382,729,0.033480297602645356,skab_fold_aware_refined_search,157
0.44680851063829785,0.4318181818181818,0.95,0.59375,unseen_data,SKAB,fold_5,42,4,4,probabilistic_suffix_tree,3,1,0.1,0.5,57,382,729,0.033480297602645356,skab_fold_aware_refined_search,157
0.6749777382012466,0.5405405405405406,0.5985037406483791,0.5680473372781065,original,SKAB,fold_1,42,4,4,probabilistic_suffix_tree,3,1,0.1,0.7,59,397,777,0.033172522734064805,skab_fold_aware_refined_search,158
0.6714158504007124,0.5372093023255814,0.5760598503740648,0.555956678700361,gaussian_noise,SKAB,fold_1,42,4,4,probabilistic_suffix_tree,3,1,0.1,0.7,59,397,777,0.033172522734064805,skab_fold_aware_refined_search,158
0.0,0.0,0.0,0.0,unseen_data,SKAB,fold_1,42,4,4,probabilistic_suffix_tree,3,1,0.1,0.7,59,397,777,0.033172522734064805,skab_fold_aware_refined_search,158
0.6085790884718498,0.4590909090909091,0.5024875621890548,0.47980997624703087,original,SKAB,fold_2,42,4,4,probabilistic_suffix_tree,3,1,0.1,0.7,61,400,782,0.032049180327868854,skab_fold_aware_refined_search,158
0.6085790884718498,0.4592760180995475,0.5049751243781094,0.48104265402843605,gaussian_noise,SKAB,fold_2,42,4,4,probabilistic_suffix_tree,3,1,0.1,0.7,61,400,782,0.032049180327868854,skab_fold_aware_refined_search,158
0.0,0.0,0.0,0.0,unseen_data,SKAB,fold_2,42,4,4,probabilistic_suffix_tree,3,1,0.1,0.7,61,400,782,0.032049180327868854,skab_fold_aware_refined_search,158
0.5915996425379804,0.44507575757575757,0.5889724310776943,0.5070118662351673,original,SKAB,fold_3,42,4,4,probabilistic_suffix_tree,3,1,0.1,0.7,53,359,698,0.03668471119987386,skab_fold_aware_refined_search,158
0.6058981233243967,0.45977011494252873,0.6015037593984962,0.5211726384364821,gaussian_noise,SKAB,fold_3,42,4,4,probabilistic_suffix_tree,3,1,0.1,0.7,53,359,698,0.03668471119987386,skab_fold_aware_refined_search,158
0.14285714285714285,0.14285714285714285,1.0,0.25,unseen_data,SKAB,fold_3,42,4,4,probabilistic_suffix_tree,3,1,0.1,0.7,53,359,698,0.03668471119987386,skab_fold_aware_refined_search,158
0.3605072463768116,0.1471264367816092,0.16040100250626566,0.15347721822541965,original,SKAB,fold_4,42,4,4,probabilistic_suffix_tree,3,1,0.1,0.7,59,388,741,0.03236938668530491,skab_fold_aware_refined_search,158
0.3523550724637681,0.14732142857142858,0.16541353383458646,0.15584415584415584,gaussian_noise,SKAB,fold_4,42,4,4,probabilistic_suffix_tree,3,1,0.1,0.7,59,388,741,0.03236938668530491,skab_fold_aware_refined_search,158
0.6666666666666666,0.6,1.0,0.75,unseen_data,SKAB,fold_4,42,4,4,probabilistic_suffix_tree,3,1,0.1,0.7,59,388,741,0.03236938668530491,skab_fold_aware_refined_search,158
0.5844385499557914,0.45534591194968554,0.9072681704260651,0.6063651591289783,original,SKAB,fold_5,42,4,4,probabilistic_suffix_tree,3,1,0.1,0.7,57,382,729,0.033480297602645356,skab_fold_aware_refined_search,158
0.5596816976127321,0.4404332129963899,0.9172932330827067,0.5951219512195122,gaussian_noise,SKAB,fold_5,42,4,4,probabilistic_suffix_tree,3,1,0.1,0.7,57,382,729,0.033480297602645356,skab_fold_aware_refined_search,158
0.425531914893617,0.425531914893617,1.0,0.5970149253731343,unseen_data,SKAB,fold_5,42,4,4,probabilistic_suffix_tree,3,1,0.1,0.7,57,382,729,0.033480297602645356,skab_fold_aware_refined_search,158
0.6393588601959038,0.49702380952380953,0.8329177057356608,0.6225535880708295,original,SKAB,fold_1,42,4,4,probabilistic_suffix_tree,3,1,0.1,0.9,59,397,777,0.033172522734064805,skab_fold_aware_refined_search,159
0.6313446126447017,0.49028400597907323,0.8179551122194514,0.6130841121495327,gaussian_noise,SKAB,fold_1,42,4,4,probabilistic_suffix_tree,3,1,0.1,0.9,59,397,777,0.033172522734064805,skab_fold_aware_refined_search,159
0.0,0.0,0.0,0.0,unseen_data,SKAB,fold_1,42,4,4,probabilistic_suffix_tree,3,1,0.1,0.9,59,397,777,0.033172522734064805,skab_fold_aware_refined_search,159
0.6604110813226095,0.5147058823529411,0.9577114427860697,0.6695652173913044,original,SKAB,fold_2,42,4,4,probabilistic_suffix_tree,3,1,0.1,0.9,61,400,782,0.032049180327868854,skab_fold_aware_refined_search,159
0.6586237712243074,0.5131233595800525,0.972636815920398,0.6718213058419243,gaussian_noise,SKAB,fold_2,42,4,4,probabilistic_suffix_tree,3,1,0.1,0.9,61,400,782,0.032049180327868854,skab_fold_aware_refined_search,159
0.0,0.0,0.0,0.0,unseen_data,SKAB,fold_2,42,4,4,probabilistic_suffix_tree,3,1,0.1,0.9,61,400,782,0.032049180327868854,skab_fold_aware_refined_search,159
0.6541554959785523,0.5081743869209809,0.9348370927318296,0.6584289496910856,original,SKAB,fold_3,42,4,4,probabilistic_suffix_tree,3,1,0.1,0.9,53,359,698,0.03668471119987386,skab_fold_aware_refined_search,159
0.6568364611260054,0.5104022191400832,0.9223057644110275,0.6571428571428571,gaussian_noise,SKAB,fold_3,42,4,4,probabilistic_suffix_tree,3,1,0.1,0.9,53,359,698,0.03668471119987386,skab_fold_aware_refined_search,159
0.14285714285714285,0.14285714285714285,1.0,0.25,unseen_data,SKAB,fold_3,42,4,4,probabilistic_suffix_tree,3,1,0.1,0.9,53,359,698,0.03668471119987386,skab_fold_aware_refined_search,159
0.2318840579710145,0.15408320493066255,0.2506265664160401,0.19083969465648856,original,SKAB,fold_4,42,4,4,probabilistic_suffix_tree,3,1,0.1,0.9,59,388,741,0.03236938668530491,skab_fold_aware_refined_search,159
0.21920289855072464,0.14977307110438728,0.24812030075187969,0.18679245283018867,gaussian_noise,SKAB,fold_4,42,4,4,probabilistic_suffix_tree,3,1,0.1,0.9,59,388,741,0.03236938668530491,skab_fold_aware_refined_search,159
0.6666666666666666,0.6,1.0,0.75,unseen_data,SKAB,fold_4,42,4,4,probabilistic_suffix_tree,3,1,0.1,0.9,59,388,741,0.03236938668530491,skab_fold_aware_refined_search,159
0.5499557913351016,0.4369266055045872,0.9548872180451128,0.5995279307631786,original,SKAB,fold_5,42,4,4,probabilistic_suffix_tree,3,1,0.1,0.9,57,382,729,0.033480297602645356,skab_fold_aware_refined_search,159
0.5305039787798409,0.4271523178807947,0.9699248120300752,0.593103448275862,gaussian_noise,SKAB,fold_5,42,4,4,probabilistic_suffix_tree,3,1,0.1,0.9,57,382,729,0.033480297602645356,skab_fold_aware_refined_search,159
0.425531914893617,0.425531914893617,1.0,0.5970149253731343,unseen_data,SKAB,fold_5,42,4,4,probabilistic_suffix_tree,3,1,0.1,0.9,57,382,729,0.033480297602645356,skab_fold_aware_refined_search,159
0.6838824577025824,0.5473251028806584,0.6633416458852868,0.5997745208568207,original,SKAB,fold_1,42,4,4,probabilistic_suffix_tree,3,1,0.5,0.5,59,397,777,0.033172522734064805,skab_fold_aware_refined_search,160
0.674087266251113,0.5381263616557734,0.6159600997506235,0.5744186046511628,gaussian_noise,SKAB,fold_1,42,4,4,probabilistic_suffix_tree,3,1,0.5,0.5,59,397,777,0.033172522734064805,skab_fold_aware_refined_search,160
0.0,0.0,0.0,0.0,unseen_data,SKAB,fold_1,42,4,4,probabilistic_suffix_tree,3,1,0.5,0.5,59,397,777,0.033172522734064805,skab_fold_aware_refined_search,160
0.6264521894548705,0.48268398268398266,0.554726368159204,0.5162037037037037,original,SKAB,fold_2,42,4,4,probabilistic_suffix_tree,3,1,0.5,0.5,61,400,782,0.032049180327868854,skab_fold_aware_refined_search,160
0.6282394995531725,0.48497854077253216,0.5621890547263682,0.5207373271889401,gaussian_noise,SKAB,fold_2,42,4,4,probabilistic_suffix_tree,3,1,0.5,0.5,61,400,782,0.032049180327868854,skab_fold_aware_refined_search,160
0.0,0.0,0.0,0.0,unseen_data,SKAB,fold_2,42,4,4,probabilistic_suffix_tree,3,1,0.5,0.5,61,400,782,0.032049180327868854,skab_fold_aware_refined_search,160
0.5969615728328865,0.45373665480427045,0.6390977443609023,0.5306971904266389,original,SKAB,fold_3,42,4,4,probabilistic_suffix_tree,3,1,0.5,0.5,53,359,698,0.03668471119987386,skab_fold_aware_refined_search,160
0.613047363717605,0.4693140794223827,0.6516290726817042,0.5456453305351522,gaussian_noise,SKAB,fold_3,42,4,4,probabilistic_suffix_tree,3,1,0.5,0.5,53,359,698,0.03668471119987386,skab_fold_aware_refined_search,160
0.14285714285714285,0.14285714285714285,1.0,0.25,unseen_data,SKAB,fold_3,42,4,4,probabilistic_suffix_tree,3,1,0.5,0.5,53,359,698,0.03668471119987386,skab_fold_aware_refined_search,160
0.338768115942029,0.14712153518123666,0.17293233082706766,0.15898617511520738,original,SKAB,fold_4,42,4,4,probabilistic_suffix_tree,3,1,0.5,0.5,59,388,741,0.03236938668530491,skab_fold_aware_refined_search,160
0.33061594202898553,0.15020576131687244,0.18295739348370926,0.16497175141242937,gaussian_noise,SKAB,fold_4,42,4,4,probabilistic_suffix_tree,3,1,0.5,0.5,59,388,741,0.03236938668530491,skab_fold_aware_refined_search,160
0.6666666666666666,0.6,1.0,0.75,unseen_data,SKAB,fold_4,42,4,4,probabilistic_suffix_tree,3,1,0.5,0.5,59,388,741,0.03236938668530491,skab_fold_aware_refined_search,160
0.5587975243147657,0.44019138755980863,0.9223057644110275,0.5959514170040486,original,SKAB,fold_5,42,4,4,probabilistic_suffix_tree,3,1,0.5,0.5,57,382,729,0.033480297602645356,skab_fold_aware_refined_search,160
0.5358090185676393,0.42758620689655175,0.9323308270676691,0.5862884160756501,gaussian_noise,SKAB,fold_5,42,4,4,probabilistic_suffix_tree,3,1,0.5,0.5,57,382,729,0.033480297602645356,skab_fold_aware_refined_search,160
0.425531914893617,0.425531914893617,1.0,0.5970149253731343,unseen_data,SKAB,fold_5,42,4,4,probabilistic_suffix_tree,3,1,0.5,0.5,57,382,729,0.033480297602645356,skab_fold_aware_refined_search,160
0.647373107747106,0.504424778761062,0.7107231920199502,0.5900621118012422,original,SKAB,fold_1,42,4,4,probabilistic_suffix_tree,3,1,0.5,0.7,59,397,777,0.033172522734064805,skab_fold_aware_refined_search,161
0.6375779162956366,0.4943609022556391,0.655860349127182,0.5637727759914255,gaussian_noise,SKAB,fold_1,42,4,4,probabilistic_suffix_tree,3,1,0.5,0.7,59,397,777,0.033172522734064805,skab_fold_aware_refined_search,161
0.0,0.0,0.0,0.0,unseen_data,SKAB,fold_1,42,4,4,probabilistic_suffix_tree,3,1,0.5,0.7,59,397,777,0.033172522734064805,skab_fold_aware_refined_search,161
0.6353887399463807,0.49375,0.5895522388059702,0.5374149659863946,original,SKAB,fold_2,42,4,4,probabilistic_suffix_tree,3,1,0.5,0.7,61,400,782,0.032049180327868854,skab_fold_aware_refined_search,161
0.6353887399463807,0.49377593360995853,0.5920398009950248,0.5384615384615384,gaussian_noise,SKAB,fold_2,42,4,4,probabilistic_suffix_tree,3,1,0.5,0.7,61,400,782,0.032049180327868854,skab_fold_aware_refined_search,161
0.0,0.0,0.0,0.0,unseen_data,SKAB,fold_2,42,4,4,probabilistic_suffix_tree,3,1,0.5,0.7,61,400,782,0.032049180327868854,skab_fold_aware_refined_search,161
0.5907059874888293,0.4514003294892916,0.6867167919799498,0.5447316103379721,original,SKAB,fold_3,42,4,4,probabilistic_suffix_tree,3,1,0.5,0.7,53,359,698,0.03668471119987386,skab_fold_aware_refined_search,161
0.6050044682752458,0.46434494195688225,0.7017543859649122,0.5588822355289421,gaussian_noise,SKAB,fold_3,42,4,4,probabilistic_suffix_tree,3,1,0.5,0.7,53,359,698,0.03668471119987386,skab_fold_aware_refined_search,161
0.14285714285714285,0.14285714285714285,1.0,0.25,unseen_data,SKAB,fold_3,42,4,4,probabilistic_suffix_tree,3,1,0.5,0.7,53,359,698,0.03668471119987386,skab_fold_aware_refined_search,161
0.3351449275362319,0.15176715176715178,0.18295739348370926,0.16590909090909092,original,SKAB,fold_4,42,4,4,probabilistic_suffix_tree,3,1,0.5,0.7,59,388,741,0.03236938668530491,skab_fold_aware_refined_search,161
0.3269927536231884,0.15461847389558234,0.19298245614035087,0.1716833890746934,gaussian_noise,SKAB,fold_4,42,4,4,probabilistic_suffix_tree,3,1,0.5,0.7,59,388,741,0.03236938668530491,skab_fold_aware_refined_search,161
0.6666666666666666,0.6,1.0,0.75,unseen_data,SKAB,fold_4,42,4,4,probabilistic_suffix_tree,3,1,0.5,0.7,59,388,741,0.03236938668530491,skab_fold_aware_refined_search,161
0.5534924845269673,0.4376470588235294,0.9323308270676691,0.5956765412329864,original,SKAB,fold_5,42,4,4,probabilistic_suffix_tree,3,1,0.5,0.7,57,382,729,0.033480297602645356,skab_fold_aware_refined_search,161
0.5322723253757736,0.4264705882352941,0.9448621553884712,0.5876851130163678,gaussian_noise,SKAB,fold_5,42,4,4,probabilistic_suffix_tree,3,1,0.5,0.7,57,382,729,0.033480297602645356,skab_fold_aware_refined_search,161
0.425531914893617,0.425531914893617,1.0,0.5970149253731343,unseen_data,SKAB,fold_5,42,4,4,probabilistic_suffix_tree,3,1,0.5,0.7,57,382,729,0.033480297602645356,skab_fold_aware_refined_search,161
0.6393588601959038,0.49702380952380953,0.8329177057356608,0.6225535880708295,original,SKAB,fold_1,42,4,4,probabilistic_suffix_tree,3,1,0.5,0.9,59,397,777,0.033172522734064805,skab_fold_aware_refined_search,162
0.6313446126447017,0.49028400597907323,0.8179551122194514,0.6130841121495327,gaussian_noise,SKAB,fold_1,42,4,4,probabilistic_suffix_tree,3,1,0.5,0.9,59,397,777,0.033172522734064805,skab_fold_aware_refined_search,162
0.0,0.0,0.0,0.0,unseen_data,SKAB,fold_1,42,4,4,probabilistic_suffix_tree,3,1,0.5,0.9,59,397,777,0.033172522734064805,skab_fold_aware_refined_search,162
0.6604110813226095,0.5147058823529411,0.9577114427860697,0.6695652173913044,original,SKAB,fold_2,42,4,4,probabilistic_suffix_tree,3,1,0.5,0.9,61,400,782,0.032049180327868854,skab_fold_aware_refined_search,162
0.6586237712243074,0.5131233595800525,0.972636815920398,0.6718213058419243,gaussian_noise,SKAB,fold_2,42,4,4,probabilistic_suffix_tree,3,1,0.5,0.9,61,400,782,0.032049180327868854,skab_fold_aware_refined_search,162
0.0,0.0,0.0,0.0,unseen_data,SKAB,fold_2,42,4,4,probabilistic_suffix_tree,3,1,0.5,0.9,61,400,782,0.032049180327868854,skab_fold_aware_refined_search,162
0.6550491510277033,0.508819538670285,0.9398496240601504,0.6602112676056338,original,SKAB,fold_3,42,4,4,probabilistic_suffix_tree,3,1,0.5,0.9,53,359,698,0.03668471119987386,skab_fold_aware_refined_search,162
0.6586237712243074,0.5117565698478561,0.9273182957393483,0.6595365418894831,gaussian_noise,SKAB,fold_3,42,4,4,probabilistic_suffix_tree,3,1,0.5,0.9,53,359,698,0.03668471119987386,skab_fold_aware_refined_search,162
0.14285714285714285,0.14285714285714285,1.0,0.25,unseen_data,SKAB,fold_3,42,4,4,probabilistic_suffix_tree,3,1,0.5,0.9,53,359,698,0.03668471119987386,skab_fold_aware_refined_search,162
0.223731884057971,0.1519756838905775,0.2506265664160401,0.1892147587511826,original,SKAB,fold_4,42,4,4,probabilistic_suffix_tree,3,1,0.5,0.9,59,388,741,0.03236938668530491,skab_fold_aware_refined_search,162
0.2164855072463768,0.14909638554216867,0.24812030075187969,0.18626528692380057,gaussian_noise,SKAB,fold_4,42,4,4,probabilistic_suffix_tree,3,1,0.5,0.9,59,388,741,0.03236938668530491,skab_fold_aware_refined_search,162
0.6666666666666666,0.6,1.0,0.75,unseen_data,SKAB,fold_4,42,4,4,probabilistic_suffix_tree,3,1,0.5,0.9,59,388,741,0.03236938668530491,skab_fold_aware_refined_search,162
0.4323607427055703,0.380765456329735,0.9724310776942355,0.5472496473906912,original,SKAB,fold_5,42,4,4,probabilistic_suffix_tree,3,1,0.5,0.9,57,382,729,0.033480297602645356,skab_fold_aware_refined_search,162
0.41290893015030944,0.37271853986551395,0.9724310776942355,0.5388888888888889,gaussian_noise,SKAB,fold_5,42,4,4,probabilistic_suffix_tree,3,1,0.5,0.9,57,382,729,0.033480297602645356,skab_fold_aware_refined_search,162
0.425531914893617,0.425531914893617,1.0,0.5970149253731343,unseen_data,SKAB,fold_5,42,4,4,probabilistic_suffix_tree,3,1,0.5,0.9,57,382,729,0.033480297602645356,skab_fold_aware_refined_search,162
0.6509349955476402,0.515358361774744,0.3765586034912718,0.43515850144092216,original,SKAB,fold_1,42,4,4,probabilistic_suffix_tree,3,2,0.1,0.5,59,397,777,0.033172522734064805,skab_fold_aware_refined_search,163
0.649154051647373,0.5124555160142349,0.35910224438902744,0.4222873900293255,gaussian_noise,SKAB,fold_1,42,4,4,probabilistic_suffix_tree,3,2,0.1,0.5,59,397,777,0.033172522734064805,skab_fold_aware_refined_search,163
0.0,0.0,0.0,0.0,unseen_data,SKAB,fold_1,42,4,4,probabilistic_suffix_tree,3,2,0.1,0.5,59,397,777,0.033172522734064805,skab_fold_aware_refined_search,163
0.6228775692582663,0.462406015037594,0.30597014925373134,0.36826347305389223,original,SKAB,fold_2,42,4,4,probabilistic_suffix_tree,3,2,0.1,0.5,61,400,782,0.032049180327868854,skab_fold_aware_refined_search,163
0.6344950848972297,0.48717948717948717,0.3308457711442786,0.3940740740740741,gaussian_noise,SKAB,fold_2,42,4,4,probabilistic_suffix_tree,3,2,0.1,0.5,61,400,782,0.032049180327868854,skab_fold_aware_refined_search,163
0.0,0.0,0.0,0.0,unseen_data,SKAB,fold_2,42,4,4,probabilistic_suffix_tree,3,2,0.1,0.5,61,400,782,0.032049180327868854,skab_fold_aware_refined_search,163
0.5942806076854334,0.4270557029177719,0.40350877192982454,0.41494845360824745,original,SKAB,fold_3,42,4,4,probabilistic_suffix_tree,3,2,0.1,0.5,53,359,698,0.03668471119987386,skab_fold_aware_refined_search,163
0.5987488829311886,0.4348958333333333,0.41854636591478694,0.42656449553001274,gaussian_noise,SKAB,fold_3,42,4,4,probabilistic_suffix_tree,3,2,0.1,0.5,53,359,698,0.03668471119987386,skab_fold_aware_refined_search,163
0.14285714285714285,0.14285714285714285,1.0,0.25,unseen_data,SKAB,fold_3,42,4,4,probabilistic_suffix_tree,3,2,0.1,0.5,53,359,698,0.03668471119987386,skab_fold_aware_refined_search,163
0.46105072463768115,0.1171875,0.07518796992481203,0.0916030534351145,original,SKAB,fold_4,42,4,4,probabilistic_suffix_tree,3,2,0.1,0.5,59,388,741,0.03236938668530491,skab_fold_aware_refined_search,163
0.4673913043478261,0.12350597609561753,0.07769423558897243,0.09538461538461539,gaussian_noise,SKAB,fold_4,42,4,4,probabilistic_suffix_tree,3,2,0.1,0.5,59,388,741,0.03236938668530491,skab_fold_aware_refined_search,163
0.6666666666666666,0.6,1.0,0.75,unseen_data,SKAB,fold_4,42,4,4,probabilistic_suffix_tree,3,2,0.1,0.5,59,388,741,0.03236938668530491,skab_fold_aware_refined_search,163
0.6127320954907162,0.4697674418604651,0.7593984962406015,0.5804597701149425,original,SKAB,fold_5,42,4,4,probabilistic_suffix_tree,3,2,0.1,0.5,57,382,729,0.033480297602645356,skab_fold_aware_refined_search,163
0.6074270557029178,0.46656760772659733,0.7869674185463659,0.585820895522388,gaussian_noise,SKAB,fold_5,42,4,4,probabilistic_suffix_tree,3,2,0.1,0.5,57,382,729,0.033480297602645356,skab_fold_aware_refined_search,163
0.44680851063829785,0.4318181818181818,0.95,0.59375,unseen_data,SKAB,fold_5,42,4,4,probabilistic_suffix_tree,3,2,0.1,0.5,57,382,729,0.033480297602645356,skab_fold_aware_refined_search,163
0.6749777382012466,0.5405405405405406,0.5985037406483791,0.5680473372781065,original,SKAB,fold_1,42,4,4,probabilistic_suffix_tree,3,2,0.1,0.7,59,397,777,0.033172522734064805,skab_fold_aware_refined_search,164
0.6714158504007124,0.5372093023255814,0.5760598503740648,0.555956678700361,gaussian_noise,SKAB,fold_1,42,4,4,probabilistic_suffix_tree,3,2,0.1,0.7,59,397,777,0.033172522734064805,skab_fold_aware_refined_search,164
0.0,0.0,0.0,0.0,unseen_data,SKAB,fold_1,42,4,4,probabilistic_suffix_tree,3,2,0.1,0.7,59,397,777,0.033172522734064805,skab_fold_aware_refined_search,164
0.6085790884718498,0.4590909090909091,0.5024875621890548,0.47980997624703087,original,SKAB,fold_2,42,4,4,probabilistic_suffix_tree,3,2,0.1,0.7,61,400,782,0.032049180327868854,skab_fold_aware_refined_search,164
0.6085790884718498,0.4592760180995475,0.5049751243781094,0.48104265402843605,gaussian_noise,SKAB,fold_2,42,4,4,probabilistic_suffix_tree,3,2,0.1,0.7,61,400,782,0.032049180327868854,skab_fold_aware_refined_search,164
0.0,0.0,0.0,0.0,unseen_data,SKAB,fold_2,42,4,4,probabilistic_suffix_tree,3,2,0.1,0.7,61,400,782,0.032049180327868854,skab_fold_aware_refined_search,164
0.5915996425379804,0.4446564885496183,0.5839598997493735,0.504875406283857,original,SKAB,fold_3,42,4,4,probabilistic_suffix_tree,3,2,0.1,0.7,53,359,698,0.03668471119987386,skab_fold_aware_refined_search,164
0.6058981233243967,0.4594594594594595,0.5964912280701754,0.5190839694656488,gaussian_noise,SKAB,fold_3,42,4,4,probabilistic_suffix_tree,3,2,0.1,0.7,53,359,698,0.03668471119987386,skab_fold_aware_refined_search,164
0.14285714285714285,0.14285714285714285,1.0,0.25,unseen_data,SKAB,fold_3,42,4,4,probabilistic_suffix_tree,3,2,0.1,0.7,53,359,698,0.03668471119987386,skab_fold_aware_refined_search,164
0.36141304347826086,0.14746543778801843,0.16040100250626566,0.15366146458583432,original,SKAB,fold_4,42,4,4,probabilistic_suffix_tree,3,2,0.1,0.7,59,388,741,0.03236938668530491,skab_fold_aware_refined_search,164
0.3532608695652174,0.1476510067114094,0.16541353383458646,0.15602836879432624,gaussian_noise,SKAB,fold_4,42,4,4,probabilistic_suffix_tree,3,2,0.1,0.7,59,388,741,0.03236938668530491,skab_fold_aware_refined_search,164
0.6666666666666666,0.6,1.0,0.75,unseen_data,SKAB,fold_4,42,4,4,probabilistic_suffix_tree,3,2,0.1,0.7,59,388,741,0.03236938668530491,skab_fold_aware_refined_search,164
0.5844385499557914,0.45512010113780027,0.9022556390977443,0.6050420168067226,original,SKAB,fold_5,42,4,4,probabilistic_suffix_tree,3,2,0.1,0.7,57,382,729,0.033480297602645356,skab_fold_aware_refined_search,164
0.5596816976127321,0.44014510278113667,0.9122807017543859,0.5938009787928222,gaussian_noise,SKAB,fold_5,42,4,4,probabilistic_suffix_tree,3,2,0.1,0.7,57,382,729,0.033480297602645356,skab_fold_aware_refined_search,164
0.425531914893617,0.425531914893617,1.0,0.5970149253731343,unseen_data,SKAB,fold_5,42,4,4,probabilistic_suffix_tree,3,2,0.1,0.7,57,382,729,0.033480297602645356,skab_fold_aware_refined_search,164
0.6393588601959038,0.49702380952380953,0.8329177057356608,0.6225535880708295,original,SKAB,fold_1,42,4,4,probabilistic_suffix_tree,3,2,0.1,0.9,59,397,777,0.033172522734064805,skab_fold_aware_refined_search,165
0.6313446126447017,0.49028400597907323,0.8179551122194514,0.6130841121495327,gaussian_noise,SKAB,fold_1,42,4,4,probabilistic_suffix_tree,3,2,0.1,0.9,59,397,777,0.033172522734064805,skab_fold_aware_refined_search,165
0.0,0.0,0.0,0.0,unseen_data,SKAB,fold_1,42,4,4,probabilistic_suffix_tree,3,2,0.1,0.9,59,397,777,0.033172522734064805,skab_fold_aware_refined_search,165
0.6604110813226095,0.5147058823529411,0.9577114427860697,0.6695652173913044,original,SKAB,fold_2,42,4,4,probabilistic_suffix_tree,3,2,0.1,0.9,61,400,782,0.032049180327868854,skab_fold_aware_refined_search,165
0.6586237712243074,0.5131233595800525,0.972636815920398,0.6718213058419243,gaussian_noise,SKAB,fold_2,42,4,4,probabilistic_suffix_tree,3,2,0.1,0.9,61,400,782,0.032049180327868854,skab_fold_aware_refined_search,165
0.0,0.0,0.0,0.0,unseen_data,SKAB,fold_2,42,4,4,probabilistic_suffix_tree,3,2,0.1,0.9,61,400,782,0.032049180327868854,skab_fold_aware_refined_search,165
0.6559428060768543,0.5095628415300546,0.9348370927318296,0.6595932802829354,original,SKAB,fold_3,42,4,4,probabilistic_suffix_tree,3,2,0.1,0.9,53,359,698,0.03668471119987386,skab_fold_aware_refined_search,165
0.6586237712243074,0.5118219749652295,0.9223057644110275,0.6583184257602862,gaussian_noise,SKAB,fold_3,42,4,4,probabilistic_suffix_tree,3,2,0.1,0.9,53,359,698,0.03668471119987386,skab_fold_aware_refined_search,165
0.14285714285714285,0.14285714285714285,1.0,0.25,unseen_data,SKAB,fold_3,42,4,4,probabilistic_suffix_tree,3,2,0.1,0.9,53,359,698,0.03668471119987386,skab_fold_aware_refined_search,165
0.2318840579710145,0.15408320493066255,0.2506265664160401,0.19083969465648856,original,SKAB,fold_4,42,4,4,probabilistic_suffix_tree,3,2,0.1,0.9,59,388,741,0.03236938668530491,skab_fold_aware_refined_search,165
0.21920289855072464,0.14977307110438728,0.24812030075187969,0.18679245283018867,gaussian_noise,SKAB,fold_4,42,4,4,probabilistic_suffix_tree,3,2,0.1,0.9,59,388,741,0.03236938668530491,skab_fold_aware_refined_search,165
0.6666666666666666,0.6,1.0,0.75,unseen_data,SKAB,fold_4,42,4,4,probabilistic_suffix_tree,3,2,0.1,0.9,59,388,741,0.03236938668530491,skab_fold_aware_refined_search,165
0.5499557913351016,0.43663594470046085,0.949874686716792,0.5982636148382005,original,SKAB,fold_5,42,4,4,probabilistic_suffix_tree,3,2,0.1,0.9,57,382,729,0.033480297602645356,skab_fold_aware_refined_search,165
0.5305039787798409,0.4268292682926829,0.9649122807017544,0.5918524212144505,gaussian_noise,SKAB,fold_5,42,4,4,probabilistic_suffix_tree,3,2,0.1,0.9,57,382,729,0.033480297602645356,skab_fold_aware_refined_search,165
0.425531914893617,0.425531914893617,1.0,0.5970149253731343,unseen_data,SKAB,fold_5,42,4,4,probabilistic_suffix_tree,3,2,0.1,0.9,57,382,729,0.033480297602645356,skab_fold_aware_refined_search,165
0.6838824577025824,0.5473251028806584,0.6633416458852868,0.5997745208568207,original,SKAB,fold_1,42,4,4,probabilistic_suffix_tree,3,2,0.5,0.5,59,397,777,0.033172522734064805,skab_fold_aware_refined_search,166
0.674087266251113,0.5381263616557734,0.6159600997506235,0.5744186046511628,gaussian_noise,SKAB,fold_1,42,4,4,probabilistic_suffix_tree,3,2,0.5,0.5,59,397,777,0.033172522734064805,skab_fold_aware_refined_search,166
0.0,0.0,0.0,0.0,unseen_data,SKAB,fold_1,42,4,4,probabilistic_suffix_tree,3,2,0.5,0.5,59,397,777,0.033172522734064805,skab_fold_aware_refined_search,166
0.6264521894548705,0.48268398268398266,0.554726368159204,0.5162037037037037,original,SKAB,fold_2,42,4,4,probabilistic_suffix_tree,3,2,0.5,0.5,61,400,782,0.032049180327868854,skab_fold_aware_refined_search,166
0.6282394995531725,0.48497854077253216,0.5621890547263682,0.5207373271889401,gaussian_noise,SKAB,fold_2,42,4,4,probabilistic_suffix_tree,3,2,0.5,0.5,61,400,782,0.032049180327868854,skab_fold_aware_refined_search,166
0.0,0.0,0.0,0.0,unseen_data,SKAB,fold_2,42,4,4,probabilistic_suffix_tree,3,2,0.5,0.5,61,400,782,0.032049180327868854,skab_fold_aware_refined_search,166
0.5969615728328865,0.45340501792114696,0.6340852130325815,0.5287356321839081,original,SKAB,fold_3,42,4,4,probabilistic_suffix_tree,3,2,0.5,0.5,53,359,698,0.03668471119987386,skab_fold_aware_refined_search,166
0.613047363717605,0.4690909090909091,0.6466165413533834,0.5437302423603794,gaussian_noise,SKAB,fold_3,42,4,4,probabilistic_suffix_tree,3,2,0.5,0.5,53,359,698,0.03668471119987386,skab_fold_aware_refined_search,166
0.14285714285714285,0.14285714285714285,1.0,0.25,unseen_data,SKAB,fold_3,42,4,4,probabilistic_suffix_tree,3,2,0.5,0.5,53,359,698,0.03668471119987386,skab_fold_aware_refined_search,166
0.33967391304347827,0.14743589743589744,0.17293233082706766,0.15916955017301038,original,SKAB,fold_4,42,4,4,probabilistic_suffix_tree,3,2,0.5,0.5,59,388,741,0.03236938668530491,skab_fold_aware_refined_search,166
0.33242753623188404,0.15082644628099173,0.18295739348370926,0.16534541336353342,gaussian_noise,SKAB,fold_4,42,4,4,probabilistic_suffix_tree,3,2,0.5,0.5,59,388,741,0.03236938668530491,skab_fold_aware_refined_search,166
0.6666666666666666,0.6,1.0,0.75,unseen_data,SKAB,fold_4,42,4,4,probabilistic_suffix_tree,3,2,0.5,0.5,59,388,741,0.03236938668530491,skab_fold_aware_refined_search,166
0.5587975243147657,0.43990384615384615,0.9172932330827067,0.59463850528026,original,SKAB,fold_5,42,4,4,probabilistic_suffix_tree,3,2,0.5,0.5,57,382,729,0.033480297602645356,skab_fold_aware_refined_search,166
0.5366931918656057,0.4277456647398844,0.9273182957393483,0.5854430379746836,gaussian_noise,SKAB,fold_5,42,4,4,probabilistic_suffix_tree,3,2,0.5,0.5,57,382,729,0.033480297602645356,skab_fold_aware_refined_search,166
0.425531914893617,0.425531914893617,1.0,0.5970149253731343,unseen_data,SKAB,fold_5,42,4,4,probabilistic_suffix_tree,3,2,0.5,0.5,57,382,729,0.033480297602645356,skab_fold_aware_refined_search,166
0.647373107747106,0.504424778761062,0.7107231920199502,0.5900621118012422,original,SKAB,fold_1,42,4,4,probabilistic_suffix_tree,3,2,0.5,0.7,59,397,777,0.033172522734064805,skab_fold_aware_refined_search,167
0.6375779162956366,0.4943609022556391,0.655860349127182,0.5637727759914255,gaussian_noise,SKAB,fold_1,42,4,4,probabilistic_suffix_tree,3,2,0.5,0.7,59,397,777,0.033172522734064805,skab_fold_aware_refined_search,167
0.0,0.0,0.0,0.0,unseen_data,SKAB,fold_1,42,4,4,probabilistic_suffix_tree,3,2,0.5,0.7,59,397,777,0.033172522734064805,skab_fold_aware_refined_search,167
0.6353887399463807,0.49375,0.5895522388059702,0.5374149659863946,original,SKAB,fold_2,42,4,4,probabilistic_suffix_tree,3,2,0.5,0.7,61,400,782,0.032049180327868854,skab_fold_aware_refined_search,167
0.6353887399463807,0.49377593360995853,0.5920398009950248,0.5384615384615384,gaussian_noise,SKAB,fold_2,42,4,4,probabilistic_suffix_tree,3,2,0.5,0.7,61,400,782,0.032049180327868854,skab_fold_aware_refined_search,167
0.0,0.0,0.0,0.0,unseen_data,SKAB,fold_2,42,4,4,probabilistic_suffix_tree,3,2,0.5,0.7,61,400,782,0.032049180327868854,skab_fold_aware_refined_search,167
0.5924932975871313,0.45289256198347105,0.6867167919799498,0.545816733067729,original,SKAB,fold_3,42,4,4,probabilistic_suffix_tree,3,2,0.5,0.7,53,359,698,0.03668471119987386,skab_fold_aware_refined_search,167
0.6067917783735478,0.46589018302828616,0.7017543859649122,0.56,gaussian_noise,SKAB,fold_3,42,4,4,probabilistic_suffix_tree,3,2,0.5,0.7,53,359,698,0.03668471119987386,skab_fold_aware_refined_search,167
0.14285714285714285,0.14285714285714285,1.0,0.25,unseen_data,SKAB,fold_3,42,4,4,probabilistic_suffix_tree,3,2,0.5,0.7,53,359,698,0.03668471119987386,skab_fold_aware_refined_search,167
0.3351449275362319,0.15176715176715178,0.18295739348370926,0.16590909090909092,original,SKAB,fold_4,42,4,4,probabilistic_suffix_tree,3,2,0.5,0.7,59,388,741,0.03236938668530491,skab_fold_aware_refined_search,167
0.3269927536231884,0.15461847389558234,0.19298245614035087,0.1716833890746934,gaussian_noise,SKAB,fold_4,42,4,4,probabilistic_suffix_tree,3,2,0.5,0.7,59,388,741,0.03236938668530491,skab_fold_aware_refined_search,167
0.6666666666666666,0.6,1.0,0.75,unseen_data,SKAB,fold_4,42,4,4,probabilistic_suffix_tree,3,2,0.5,0.7,59,388,741,0.03236938668530491,skab_fold_aware_refined_search,167
0.5534924845269673,0.4373522458628842,0.9273182957393483,0.5943775100401606,original,SKAB,fold_5,42,4,4,probabilistic_suffix_tree,3,2,0.5,0.7,57,382,729,0.033480297602645356,skab_fold_aware_refined_search,167
0.5322723253757736,0.42613636363636365,0.9398496240601504,0.5863956215793589,gaussian_noise,SKAB,fold_5,42,4,4,probabilistic_suffix_tree,3,2,0.5,0.7,57,382,729,0.033480297602645356,skab_fold_aware_refined_search,167
0.425531914893617,0.425531914893617,1.0,0.5970149253731343,unseen_data,SKAB,fold_5,42,4,4,probabilistic_suffix_tree,3,2,0.5,0.7,57,382,729,0.033480297602645356,skab_fold_aware_refined_search,167
0.6393588601959038,0.49702380952380953,0.8329177057356608,0.6225535880708295,original,SKAB,fold_1,42,4,4,probabilistic_suffix_tree,3,2,0.5,0.9,59,397,777,0.033172522734064805,skab_fold_aware_refined_search,168
0.6313446126447017,0.49028400597907323,0.8179551122194514,0.6130841121495327,gaussian_noise,SKAB,fold_1,42,4,4,probabilistic_suffix_tree,3,2,0.5,0.9,59,397,777,0.033172522734064805,skab_fold_aware_refined_search,168
0.0,0.0,0.0,0.0,unseen_data,SKAB,fold_1,42,4,4,probabilistic_suffix_tree,3,2,0.5,0.9,59,397,777,0.033172522734064805,skab_fold_aware_refined_search,168
0.6604110813226095,0.5147058823529411,0.9577114427860697,0.6695652173913044,original,SKAB,fold_2,42,4,4,probabilistic_suffix_tree,3,2,0.5,0.9,61,400,782,0.032049180327868854,skab_fold_aware_refined_search,168
0.6586237712243074,0.5131233595800525,0.972636815920398,0.6718213058419243,gaussian_noise,SKAB,fold_2,42,4,4,probabilistic_suffix_tree,3,2,0.5,0.9,61,400,782,0.032049180327868854,skab_fold_aware_refined_search,168
0.0,0.0,0.0,0.0,unseen_data,SKAB,fold_2,42,4,4,probabilistic_suffix_tree,3,2,0.5,0.9,61,400,782,0.032049180327868854,skab_fold_aware_refined_search,168
0.6568364611260054,0.5102040816326531,0.9398496240601504,0.6613756613756614,original,SKAB,fold_3,42,4,4,probabilistic_suffix_tree,3,2,0.5,0.9,53,359,698,0.03668471119987386,skab_fold_aware_refined_search,168
0.6604110813226095,0.5131761442441054,0.9273182957393483,0.6607142857142857,gaussian_noise,SKAB,fold_3,42,4,4,probabilistic_suffix_tree,3,2,0.5,0.9,53,359,698,0.03668471119987386,skab_fold_aware_refined_search,168
0.14285714285714285,0.14285714285714285,1.0,0.25,unseen_data,SKAB,fold_3,42,4,4,probabilistic_suffix_tree,3,2,0.5,0.9,53,359,698,0.03668471119987386,skab_fold_aware_refined_search,168
0.223731884057971,0.1519756838905775,0.2506265664160401,0.1892147587511826,original,SKAB,fold_4,42,4,4,probabilistic_suffix_tree,3,2,0.5,0.9,59,388,741,0.03236938668530491,skab_fold_aware_refined_search,168
0.2164855072463768,0.14909638554216867,0.24812030075187969,0.18626528692380057,gaussian_noise,SKAB,fold_4,42,4,4,probabilistic_suffix_tree,3,2,0.5,0.9,59,388,741,0.03236938668530491,skab_fold_aware_refined_search,168
0.6666666666666666,0.6,1.0,0.75,unseen_data,SKAB,fold_4,42,4,4,probabilistic_suffix_tree,3,2,0.5,0.9,59,388,741,0.03236938668530491,skab_fold_aware_refined_search,168
0.4323607427055703,0.38029556650246304,0.9674185463659147,0.545968882602546,original,SKAB,fold_5,42,4,4,probabilistic_suffix_tree,3,2,0.5,0.9,57,382,729,0.033480297602645356,skab_fold_aware_refined_search,168
0.41290893015030944,0.3722275795564127,0.9674185463659147,0.5376044568245125,gaussian_noise,SKAB,fold_5,42,4,4,probabilistic_suffix_tree,3,2,0.5,0.9,57,382,729,0.033480297602645356,skab_fold_aware_refined_search,168
0.425531914893617,0.425531914893617,1.0,0.5970149253731343,unseen_data,SKAB,fold_5,42,4,4,probabilistic_suffix_tree,3,2,0.5,0.9,57,382,729,0.033480297602645356,skab_fold_aware_refined_search,168
0.6527159394479074,0.5155807365439093,0.4538653366583541,0.4827586206896552,original,SKAB,fold_1,42,4,4,probabilistic_suffix_tree,4,1,0.1,0.5,59,778,1392,0.03032547601411703,skab_fold_aware_refined_search,169
0.649154051647373,0.5102639296187683,0.4339152119700748,0.46900269541778977,gaussian_noise,SKAB,fold_1,42,4,4,probabilistic_suffix_tree,4,1,0.1,0.5,59,778,1392,0.03032547601411703,skab_fold_aware_refined_search,169
0.0,0.0,0.0,0.0,unseen_data,SKAB,fold_1,42,4,4,probabilistic_suffix_tree,4,1,0.1,0.5,59,778,1392,0.03032547601411703,skab_fold_aware_refined_search,169
0.6309204647006256,0.48338368580060426,0.39800995024875624,0.43656207366984995,original,SKAB,fold_2,42,4,4,probabilistic_suffix_tree,4,1,0.1,0.5,61,783,1396,0.029227644829679877,skab_fold_aware_refined_search,169
0.6425379803395889,0.5030864197530864,0.4054726368159204,0.4490358126721763,gaussian_noise,SKAB,fold_2,42,4,4,probabilistic_suffix_tree,4,1,0.1,0.5,61,783,1396,0.029227644829679877,skab_fold_aware_refined_search,169
0.0,0.0,0.0,0.0,unseen_data,SKAB,fold_2,42,4,4,probabilistic_suffix_tree,4,1,0.1,0.5,61,783,1396,0.029227644829679877,skab_fold_aware_refined_search,169
0.5915996425379804,0.43317972350230416,0.47117794486215536,0.45138055222088835,original,SKAB,fold_3,42,4,4,probabilistic_suffix_tree,4,1,0.1,0.5,53,699,1232,0.03325505439036899,skab_fold_aware_refined_search,169
0.6014298480786416,0.4459770114942529,0.48621553884711777,0.46522781774580335,gaussian_noise,SKAB,fold_3,42,4,4,probabilistic_suffix_tree,4,1,0.1,0.5,53,699,1232,0.03325505439036899,skab_fold_aware_refined_search,169
0.14285714285714285,0.14285714285714285,1.0,0.25,unseen_data,SKAB,fold_3,42,4,4,probabilistic_suffix_tree,4,1,0.1,0.5,53,699,1232,0.03325505439036899,skab_fold_aware_refined_search,169
0.4257246376811594,0.14067278287461774,0.11528822055137844,0.12672176308539945,original,SKAB,fold_4,42,4,4,probabilistic_suffix_tree,4,1,0.1,0.5,59,742,1302,0.029740965781899584,skab_fold_aware_refined_search,169
0.42934782608695654,0.14018691588785046,0.11278195488721804,0.125,gaussian_noise,SKAB,fold_4,42,4,4,probabilistic_suffix_tree,4,1,0.1,0.5,59,742,1302,0.029740965781899584,skab_fold_aware_refined_search,169
0.6666666666666666,0.6,1.0,0.75,unseen_data,SKAB,fold_4,42,4,4,probabilistic_suffix_tree,4,1,0.1,0.5,59,742,1302,0.029740965781899584,skab_fold_aware_refined_search,169
0.5941644562334217,0.4582172701949861,0.8245614035087719,0.5890778871978514,original,SKAB,fold_5,42,4,4,probabilistic_suffix_tree,4,1,0.1,0.5,57,730,1264,0.030377313145878396,skab_fold_aware_refined_search,169
0.5800176834659593,0.449468085106383,0.8471177944862155,0.5873153779322329,gaussian_noise,SKAB,fold_5,42,4,4,probabilistic_suffix_tree,4,1,0.1,0.5,57,730,1264,0.030377313145878396,skab_fold_aware_refined_search,169
0.44680851063829785,0.4318181818181818,0.95,0.59375,unseen_data,SKAB,fold_5,42,4,4,probabilistic_suffix_tree,4,1,0.1,0.5,57,730,1264,0.030377313145878396,skab_fold_aware_refined_search,169
0.6892252894033838,0.553941908713693,0.6658354114713217,0.6047565118912798,original,SKAB,fold_1,42,4,4,probabilistic_suffix_tree,4,1,0.1,0.7,59,778,1392,0.03032547601411703,skab_fold_aware_refined_search,170
0.680320569902048,0.5448717948717948,0.6359102244389028,0.5868814729574223,gaussian_noise,SKAB,fold_1,42,4,4,probabilistic_suffix_tree,4,1,0.1,0.7,59,778,1392,0.03032547601411703,skab_fold_aware_refined_search,170
0.0,0.0,0.0,0.0,unseen_data,SKAB,fold_1,42,4,4,probabilistic_suffix_tree,4,1,0.1,0.7,59,778,1392,0.03032547601411703,skab_fold_aware_refined_search,170
0.613941018766756,0.46875,0.5597014925373134,0.5102040816326531,original,SKAB,fold_2,42,4,4,probabilistic_suffix_tree,4,1,0.1,0.7,61,783,1396,0.029227644829679877,skab_fold_aware_refined_search,170
0.6112600536193029,0.46611909650924027,0.5646766169154229,0.5106861642294713,gaussian_noise,SKAB,fold_2,42,4,4,probabilistic_suffix_tree,4,1,0.1,0.7,61,783,1396,0.029227644829679877,skab_fold_aware_refined_search,170
0.0,0.0,0.0,0.0,unseen_data,SKAB,fold_2,42,4,4,probabilistic_suffix_tree,4,1,0.1,0.7,61,783,1396,0.029227644829679877,skab_fold_aware_refined_search,170
0.5987488829311886,0.4574829931972789,0.6741854636591479,0.5450861195542046,original,SKAB,fold_3,42,4,4,probabilistic_suffix_tree,4,1,0.1,0.7,53,699,1232,0.03325505439036899,skab_fold_aware_refined_search,170
0.6148346738159071,0.4724137931034483,0.6867167919799498,0.5597548518896833,gaussian_noise,SKAB,fold_3,42,4,4,probabilistic_suffix_tree,4,1,0.1,0.7,53,699,1232,0.03325505439036899,skab_fold_aware_refined_search,170
0.14285714285714285,0.14285714285714285,1.0,0.25,unseen_data,SKAB,fold_3,42,4,4,probabilistic_suffix_tree,4,1,0.1,0.7,53,699,1232,0.03325505439036899,skab_fold_aware_refined_search,170
0.33967391304347827,0.1518987341772152,0.18045112781954886,0.16494845360824742,original,SKAB,fold_4,42,4,4,probabilistic_suffix_tree,4,1,0.1,0.7,59,742,1302,0.029740965781899584,skab_fold_aware_refined_search,170
0.33061594202898553,0.15306122448979592,0.18796992481203006,0.1687289088863892,gaussian_noise,SKAB,fold_4,42,4,4,probabilistic_suffix_tree,4,1,0.1,0.7,59,742,1302,0.029740965781899584,skab_fold_aware_refined_search,170
0.6666666666666666,0.6,1.0,0.75,unseen_data,SKAB,fold_4,42,4,4,probabilistic_suffix_tree,4,1,0.1,0.7,59,742,1302,0.029740965781899584,skab_fold_aware_refined_search,170
0.5676392572944297,0.44591346153846156,0.9298245614035088,0.602761982128351,original,SKAB,fold_5,42,4,4,probabilistic_suffix_tree,4,1,0.1,0.7,57,730,1264,0.030377313145878396,skab_fold_aware_refined_search,170
0.5402298850574713,0.43037974683544306,0.9373433583959899,0.5899053627760252,gaussian_noise,SKAB,fold_5,42,4,4,probabilistic_suffix_tree,4,1,0.1,0.7,57,730,1264,0.030377313145878396,skab_fold_aware_refined_search,170
0.425531914893617,0.425531914893617,1.0,0.5970149253731343,unseen_data,SKAB,fold_5,42,4,4,probabilistic_suffix_tree,4,1,0.1,0.7,57,730,1264,0.030377313145878396,skab_fold_aware_refined_search,170
0.6447016918967052,0.501466275659824,0.8528678304239401,0.631578947368421,original,SKAB,fold_1,42,4,4,probabilistic_suffix_tree,4,1,0.1,0.9,59,778,1392,0.03032547601411703,skab_fold_aware_refined_search,171
0.6375779162956366,0.49558823529411766,0.8403990024937655,0.6234967622571693,gaussian_noise,SKAB,fold_1,42,4,4,probabilistic_suffix_tree,4,1,0.1,0.9,59,778,1392,0.03032547601411703,skab_fold_aware_refined_search,171
0.0,0.0,0.0,0.0,unseen_data,SKAB,fold_1,42,4,4,probabilistic_suffix_tree,4,1,0.1,0.9,59,778,1392,0.03032547601411703,skab_fold_aware_refined_search,171
0.6559428060768543,0.5111989459815547,0.9651741293532339,0.6683893195521102,original,SKAB,fold_2,42,4,4,probabilistic_suffix_tree,4,1,0.1,0.9,61,783,1396,0.029227644829679877,skab_fold_aware_refined_search,171
0.6505808757819481,0.5070967741935484,0.9776119402985075,0.6677994902293968,gaussian_noise,SKAB,fold_2,42,4,4,probabilistic_suffix_tree,4,1,0.1,0.9,61,783,1396,0.029227644829679877,skab_fold_aware_refined_search,171
0.0,0.0,0.0,0.0,unseen_data,SKAB,fold_2,42,4,4,probabilistic_suffix_tree,4,1,0.1,0.9,61,783,1396,0.029227644829679877,skab_fold_aware_refined_search,171
0.6514745308310992,0.506056527590848,0.9423558897243107,0.658493870402802,original,SKAB,fold_3,42,4,4,probabilistic_suffix_tree,4,1,0.1,0.9,53,699,1232,0.03325505439036899,skab_fold_aware_refined_search,171
0.6559428060768543,0.5096153846153846,0.9298245614035088,0.6583850931677019,gaussian_noise,SKAB,fold_3,42,4,4,probabilistic_suffix_tree,4,1,0.1,0.9,53,699,1232,0.03325505439036899,skab_fold_aware_refined_search,171
0.14285714285714285,0.14285714285714285,1.0,0.25,unseen_data,SKAB,fold_3,42,4,4,probabilistic_suffix_tree,4,1,0.1,0.9,53,699,1232,0.03325505439036899,skab_fold_aware_refined_search,171
0.23007246376811594,0.1567732115677321,0.2581453634085213,0.19507575757575757,original,SKAB,fold_4,42,4,4,probabilistic_suffix_tree,4,1,0.1,0.9,59,742,1302,0.029740965781899584,skab_fold_aware_refined_search,171
0.21739130434782608,0.15246636771300448,0.2556390977443609,0.19101123595505617,gaussian_noise,SKAB,fold_4,42,4,4,probabilistic_suffix_tree,4,1,0.1,0.9,59,742,1302,0.029740965781899584,skab_fold_aware_refined_search,171
0.6666666666666666,0.6,1.0,0.75,unseen_data,SKAB,fold_4,42,4,4,probabilistic_suffix_tree,4,1,0.1,0.9,59,742,1302,0.029740965781899584,skab_fold_aware_refined_search,171
0.5393457117595049,0.4317673378076063,0.9674185463659147,0.597061098221191,original,SKAB,fold_5,42,4,4,probabilistic_suffix_tree,4,1,0.1,0.9,57,730,1264,0.030377313145878396,skab_fold_aware_refined_search,171
0.519893899204244,0.4222462203023758,0.9799498746867168,0.5901886792452831,gaussian_noise,SKAB,fold_5,42,4,4,probabilistic_suffix_tree,4,1,0.1,0.9,57,730,1264,0.030377313145878396,skab_fold_aware_refined_search,171
0.425531914893617,0.425531914893617,1.0,0.5970149253731343,unseen_data,SKAB,fold_5,42,4,4,probabilistic_suffix_tree,4,1,0.1,0.9,57,730,1264,0.030377313145878396,skab_fold_aware_refined_search,171
0.691006233303651,0.5523255813953488,0.7107231920199502,0.6215921483097055,original,SKAB,fold_1,42,4,4,probabilistic_suffix_tree,4,1,0.5,0.5,59,778,1392,0.03032547601411703,skab_fold_aware_refined_search,172
0.6767586821015138,0.5389344262295082,0.655860349127182,0.5916760404949382,gaussian_noise,SKAB,fold_1,42,4,4,probabilistic_suffix_tree,4,1,0.5,0.5,59,778,1392,0.03032547601411703,skab_fold_aware_refined_search,172
0.0,0.0,0.0,0.0,unseen_data,SKAB,fold_1,42,4,4,probabilistic_suffix_tree,4,1,0.5,0.5,59,778,1392,0.03032547601411703,skab_fold_aware_refined_search,172
0.6291331546023236,0.48697394789579157,0.6044776119402985,0.5394006659267481,original,SKAB,fold_2,42,4,4,probabilistic_suffix_tree,4,1,0.5,0.5,61,783,1396,0.029227644829679877,skab_fold_aware_refined_search,172
0.6255585344057194,0.48316831683168315,0.6069651741293532,0.538037486218302,gaussian_noise,SKAB,fold_2,42,4,4,probabilistic_suffix_tree,4,1,0.5,0.5,61,783,1396,0.029227644829679877,skab_fold_aware_refined_search,172
0.0,0.0,0.0,0.0,unseen_data,SKAB,fold_2,42,4,4,probabilistic_suffix_tree,4,1,0.5,0.5,61,783,1396,0.029227644829679877,skab_fold_aware_refined_search,172
0.5969615728328865,0.45695364238410596,0.6917293233082706,0.5503489531405783,original,SKAB,fold_3,42,4,4,probabilistic_suffix_tree,4,1,0.5,0.5,53,699,1232,0.03325505439036899,skab_fold_aware_refined_search,172
0.6148346738159071,0.4730639730639731,0.7042606516290727,0.5659617321248741,gaussian_noise,SKAB,fold_3,42,4,4,probabilistic_suffix_tree,4,1,0.5,0.5,53,699,1232,0.03325505439036899,skab_fold_aware_refined_search,172
0.14285714285714285,0.14285714285714285,1.0,0.25,unseen_data,SKAB,fold_3,42,4,4,probabilistic_suffix_tree,4,1,0.5,0.5,53,699,1232,0.03325505439036899,skab_fold_aware_refined_search,172
0.32518115942028986,0.154,0.19298245614035087,0.17130144605116795,original,SKAB,fold_4,42,4,4,probabilistic_suffix_tree,4,1,0.5,0.5,59,742,1302,0.029740965781899584,skab_fold_aware_refined_search,172
0.31521739130434784,0.15606936416184972,0.20300751879699247,0.17647058823529413,gaussian_noise,SKAB,fold_4,42,4,4,probabilistic_suffix_tree,4,1,0.5,0.5,59,742,1302,0.029740965781899584,skab_fold_aware_refined_search,172
0.6666666666666666,0.6,1.0,0.75,unseen_data,SKAB,fold_4,42,4,4,probabilistic_suffix_tree,4,1,0.5,0.5,59,742,1302,0.029740965781899584,skab_fold_aware_refined_search,172
0.5508399646330681,0.43684820393974505,0.9448621553884712,0.5974643423137876,original,SKAB,fold_5,42,4,4,probabilistic_suffix_tree,4,1,0.5,0.5,57,730,1264,0.030377313145878396,skab_fold_aware_refined_search,172
0.5278514588859416,0.4245810055865922,0.9523809523809523,0.5873261205564142,gaussian_noise,SKAB,fold_5,42,4,4,probabilistic_suffix_tree,4,1,0.5,0.5,57,730,1264,0.030377313145878396,skab_fold_aware_refined_search,172
0.425531914893617,0.425531914893617,1.0,0.5970149253731343,unseen_data,SKAB,fold_5,42,4,4,probabilistic_suffix_tree,4,1,0.5,0.5,57,730,1264,0.030377313145878396,skab_fold_aware_refined_search,172
0.6509349955476402,0.5076660988074957,0.743142144638404,0.6032388663967612,original,SKAB,fold_1,42,4,4,probabilistic_suffix_tree,4,1,0.5,0.7,59,778,1392,0.03032547601411703,skab_fold_aware_refined_search,173
0.6429207479964381,0.5,0.6907730673316709,0.5801047120418849,gaussian_noise,SKAB,fold_1,42,4,4,probabilistic_suffix_tree,4,1,0.5,0.7,59,778,1392,0.03032547601411703,skab_fold_aware_refined_search,173
0.0,0.0,0.0,0.0,unseen_data,SKAB,fold_1,42,4,4,probabilistic_suffix_tree,4,1,0.5,0.7,59,778,1392,0.03032547601411703,skab_fold_aware_refined_search,173
0.6362823949955317,0.49514563106796117,0.6343283582089553,0.5561613958560524,original,SKAB,fold_2,42,4,4,probabilistic_suffix_tree,4,1,0.5,0.7,61,783,1396,0.029227644829679877,skab_fold_aware_refined_search,173
0.6309204647006256,0.48940269749518306,0.6318407960199005,0.5515743756786102,gaussian_noise,SKAB,fold_2,42,4,4,probabilistic_suffix_tree,4,1,0.5,0.7,61,783,1396,0.029227644829679877,skab_fold_aware_refined_search,173
0.0,0.0,0.0,0.0,unseen_data,SKAB,fold_2,42,4,4,probabilistic_suffix_tree,4,1,0.5,0.7,61,783,1396,0.029227644829679877,skab_fold_aware_refined_search,173
0.5898123324396782,0.4523809523809524,0.7142857142857143,0.5539358600583091,original,SKAB,fold_3,42,4,4,probabilistic_suffix_tree,4,1,0.5,0.7,53,699,1232,0.03325505439036899,skab_fold_aware_refined_search,173
0.6085790884718498,0.4688995215311005,0.7368421052631579,0.5730994152046783,gaussian_noise,SKAB,fold_3,42,4,4,probabilistic_suffix_tree,4,1,0.5,0.7,53,699,1232,0.03325505439036899,skab_fold_aware_refined_search,173
0.14285714285714285,0.14285714285714285,1.0,0.25,unseen_data,SKAB,fold_3,42,4,4,probabilistic_suffix_tree,4,1,0.5,0.7,53,699,1232,0.03325505439036899,skab_fold_aware_refined_search,173
0.322463768115942,0.15717092337917485,0.20050125313283207,0.1762114537444934,original,SKAB,fold_4,42,4,4,probabilistic_suffix_tree,4,1,0.5,0.7,59,742,1302,0.029740965781899584,skab_fold_aware_refined_search,173
0.3115942028985507,0.15879017013232513,0.21052631578947367,0.1810344827586207,gaussian_noise,SKAB,fold_4,42,4,4,probabilistic_suffix_tree,4,1,0.5,0.7,59,742,1302,0.029740965781899584,skab_fold_aware_refined_search,173
0.6666666666666666,0.6,1.0,0.75,unseen_data,SKAB,fold_4,42,4,4,probabilistic_suffix_tree,4,1,0.5,0.7,59,742,1302,0.029740965781899584,skab_fold_aware_refined_search,173
0.5393457117595049,0.4317673378076063,0.9674185463659147,0.597061098221191,original,SKAB,fold_5,42,4,4,probabilistic_suffix_tree,4,1,0.5,0.7,57,730,1264,0.030377313145878396,skab_fold_aware_refined_search,173
0.519893899204244,0.4222462203023758,0.9799498746867168,0.5901886792452831,gaussian_noise,SKAB,fold_5,42,4,4,probabilistic_suffix_tree,4,1,0.5,0.7,57,730,1264,0.030377313145878396,skab_fold_aware_refined_search,173
0.425531914893617,0.425531914893617,1.0,0.5970149253731343,unseen_data,SKAB,fold_5,42,4,4,probabilistic_suffix_tree,4,1,0.5,0.7,57,730,1264,0.030377313145878396,skab_fold_aware_refined_search,173
0.6447016918967052,0.501466275659824,0.8528678304239401,0.631578947368421,original,SKAB,fold_1,42,4,4,probabilistic_suffix_tree,4,1,0.5,0.9,59,778,1392,0.03032547601411703,skab_fold_aware_refined_search,174
0.6375779162956366,0.49558823529411766,0.8403990024937655,0.6234967622571693,gaussian_noise,SKAB,fold_1,42,4,4,probabilistic_suffix_tree,4,1,0.5,0.9,59,778,1392,0.03032547601411703,skab_fold_aware_refined_search,174
0.0,0.0,0.0,0.0,unseen_data,SKAB,fold_1,42,4,4,probabilistic_suffix_tree,4,1,0.5,0.9,59,778,1392,0.03032547601411703,skab_fold_aware_refined_search,174
0.6559428060768543,0.5111989459815547,0.9651741293532339,0.6683893195521102,original,SKAB,fold_2,42,4,4,probabilistic_suffix_tree,4,1,0.5,0.9,61,783,1396,0.029227644829679877,skab_fold_aware_refined_search,174
0.6505808757819481,0.5070967741935484,0.9776119402985075,0.6677994902293968,gaussian_noise,SKAB,fold_2,42,4,4,probabilistic_suffix_tree,4,1,0.5,0.9,61,783,1396,0.029227644829679877,skab_fold_aware_refined_search,174
0.0,0.0,0.0,0.0,unseen_data,SKAB,fold_2,42,4,4,probabilistic_suffix_tree,4,1,0.5,0.9,61,783,1396,0.029227644829679877,skab_fold_aware_refined_search,174
0.6523681858802503,0.5067204301075269,0.9448621553884712,0.6596675415573053,original,SKAB,fold_3,42,4,4,probabilistic_suffix_tree,4,1,0.5,0.9,53,699,1232,0.03325505439036899,skab_fold_aware_refined_search,174
0.6568364611260054,0.5102880658436214,0.9323308270676691,0.6595744680851063,gaussian_noise,SKAB,fold_3,42,4,4,probabilistic_suffix_tree,4,1,0.5,0.9,53,699,1232,0.03325505439036899,skab_fold_aware_refined_search,174
0.14285714285714285,0.14285714285714285,1.0,0.25,unseen_data,SKAB,fold_3,42,4,4,probabilistic_suffix_tree,4,1,0.5,0.9,53,699,1232,0.03325505439036899,skab_fold_aware_refined_search,174
0.223731884057971,0.15512048192771086,0.2581453634085213,0.19379115710253997,original,SKAB,fold_4,42,4,4,probabilistic_suffix_tree,4,1,0.5,0.9,59,742,1302,0.029740965781899584,skab_fold_aware_refined_search,174
0.21557971014492755,0.15201192250372578,0.2556390977443609,0.19065420560747665,gaussian_noise,SKAB,fold_4,42,4,4,probabilistic_suffix_tree,4,1,0.5,0.9,59,742,1302,0.029740965781899584,skab_fold_aware_refined_search,174
0.6666666666666666,0.6,1.0,0.75,unseen_data,SKAB,fold_4,42,4,4,probabilistic_suffix_tree,4,1,0.5,0.9,59,742,1302,0.029740965781899584,skab_fold_aware_refined_search,174
0.4270557029177719,0.3792434529582929,0.9799498746867168,0.5468531468531469,original,SKAB,fold_5,42,4,4,probabilistic_suffix_tree,4,1,0.5,0.9,57,730,1264,0.030377313145878396,skab_fold_aware_refined_search,174
0.40760389036251105,0.37132003798670465,0.9799498746867168,0.5385674931129476,gaussian_noise,SKAB,fold_5,42,4,4,probabilistic_suffix_tree,4,1,0.5,0.9,57,730,1264,0.030377313145878396,skab_fold_aware_refined_search,174
0.425531914893617,0.425531914893617,1.0,0.5970149253731343,unseen_data,SKAB,fold_5,42,4,4,probabilistic_suffix_tree,4,1,0.5,0.9,57,730,1264,0.030377313145878396,skab_fold_aware_refined_search,174
0.6527159394479074,0.5159420289855072,0.44389027431421446,0.4772117962466488,original,SKAB,fold_1,42,4,4,probabilistic_suffix_tree,4,2,0.1,0.5,59,778,1392,0.03032547601411703,skab_fold_aware_refined_search,175
0.653606411398041,0.5180722891566265,0.428927680798005,0.4693042291950887,gaussian_noise,SKAB,fold_1,42,4,4,probabilistic_suffix_tree,4,2,0.1,0.5,59,778,1392,0.03032547601411703,skab_fold_aware_refined_search,175
0.0,0.0,0.0,0.0,unseen_data,SKAB,fold_1,42,4,4,probabilistic_suffix_tree,4,2,0.1,0.5,59,778,1392,0.03032547601411703,skab_fold_aware_refined_search,175
0.6327077747989276,0.48632218844984804,0.39800995024875624,0.4377564979480164,original,SKAB,fold_2,42,4,4,probabilistic_suffix_tree,4,2,0.1,0.5,61,783,1396,0.029227644829679877,skab_fold_aware_refined_search,175
0.644325290437891,0.5062111801242236,0.4054726368159204,0.45027624309392267,gaussian_noise,SKAB,fold_2,42,4,4,probabilistic_suffix_tree,4,2,0.1,0.5,61,783,1396,0.029227644829679877,skab_fold_aware_refined_search,175
0.0,0.0,0.0,0.0,unseen_data,SKAB,fold_2,42,4,4,probabilistic_suffix_tree,4,2,0.1,0.5,61,783,1396,0.029227644829679877,skab_fold_aware_refined_search,175
0.5907059874888293,0.43058823529411766,0.45864661654135336,0.4441747572815534,original,SKAB,fold_3,42,4,4,probabilistic_suffix_tree,4,2,0.1,0.5,53,699,1232,0.03325505439036899,skab_fold_aware_refined_search,175
0.6005361930294906,0.44366197183098594,0.47368421052631576,0.4581818181818182,gaussian_noise,SKAB,fold_3,42,4,4,probabilistic_suffix_tree,4,2,0.1,0.5,53,699,1232,0.03325505439036899,skab_fold_aware_refined_search,175
0.14285714285714285,0.14285714285714285,1.0,0.25,unseen_data,SKAB,fold_3,42,4,4,probabilistic_suffix_tree,4,2,0.1,0.5,53,699,1232,0.03325505439036899,skab_fold_aware_refined_search,175
0.4302536231884058,0.14285714285714285,0.11528822055137844,0.1276005547850208,original,SKAB,fold_4,42,4,4,probabilistic_suffix_tree,4,2,0.1,0.5,59,742,1302,0.029740965781899584,skab_fold_aware_refined_search,175
0.43478260869565216,0.14285714285714285,0.11278195488721804,0.12605042016806722,gaussian_noise,SKAB,fold_4,42,4,4,probabilistic_suffix_tree,4,2,0.1,0.5,59,742,1302,0.029740965781899584,skab_fold_aware_refined_search,175
0.6666666666666666,0.6,1.0,0.75,unseen_data,SKAB,fold_4,42,4,4,probabilistic_suffix_tree,4,2,0.1,0.5,59,742,1302,0.029740965781899584,skab_fold_aware_refined_search,175
0.5950486295313882,0.45779685264663805,0.8020050125313283,0.5828779599271403,original,SKAB,fold_5,42,4,4,probabilistic_suffix_tree,4,2,0.1,0.5,57,730,1264,0.030377313145878396,skab_fold_aware_refined_search,175
0.5844385499557914,0.4511691884456671,0.8220551378446115,0.5825932504440497,gaussian_noise,SKAB,fold_5,42,4,4,probabilistic_suffix_tree,4,2,0.1,0.5,57,730,1264,0.030377313145878396,skab_fold_aware_refined_search,175
0.44680851063829785,0.4318181818181818,0.95,0.59375,unseen_data,SKAB,fold_5,42,4,4,probabilistic_suffix_tree,4,2,0.1,0.5,57,730,1264,0.030377313145878396,skab_fold_aware_refined_search,175
0.6892252894033838,0.553941908713693,0.6658354114713217,0.6047565118912798,original,SKAB,fold_1,42,4,4,probabilistic_suffix_tree,4,2,0.1,0.7,59,778,1392,0.03032547601411703,skab_fold_aware_refined_search,176
0.680320569902048,0.5448717948717948,0.6359102244389028,0.5868814729574223,gaussian_noise,SKAB,fold_1,42,4,4,probabilistic_suffix_tree,4,2,0.1,0.7,59,778,1392,0.03032547601411703,skab_fold_aware_refined_search,176
0.0,0.0,0.0,0.0,unseen_data,SKAB,fold_1,42,4,4,probabilistic_suffix_tree,4,2,0.1,0.7,59,778,1392,0.03032547601411703,skab_fold_aware_refined_search,176
0.613941018766756,0.46875,0.5597014925373134,0.5102040816326531,original,SKAB,fold_2,42,4,4,probabilistic_suffix_tree,4,2,0.1,0.7,61,783,1396,0.029227644829679877,skab_fold_aware_refined_search,176
0.6112600536193029,0.46611909650924027,0.5646766169154229,0.5106861642294713,gaussian_noise,SKAB,fold_2,42,4,4,probabilistic_suffix_tree,4,2,0.1,0.7,61,783,1396,0.029227644829679877,skab_fold_aware_refined_search,176
0.0,0.0,0.0,0.0,unseen_data,SKAB,fold_2,42,4,4,probabilistic_suffix_tree,4,2,0.1,0.7,61,783,1396,0.029227644829679877,skab_fold_aware_refined_search,176
0.5987488829311886,0.4570446735395189,0.6666666666666666,0.5423037716615698,original,SKAB,fold_3,42,4,4,probabilistic_suffix_tree,4,2,0.1,0.7,53,699,1232,0.03325505439036899,skab_fold_aware_refined_search,176
0.6148346738159071,0.4721254355400697,0.6791979949874687,0.5570400822199383,gaussian_noise,SKAB,fold_3,42,4,4,probabilistic_suffix_tree,4,2,0.1,0.7,53,699,1232,0.03325505439036899,skab_fold_aware_refined_search,176
0.14285714285714285,0.14285714285714285,1.0,0.25,unseen_data,SKAB,fold_3,42,4,4,probabilistic_suffix_tree,4,2,0.1,0.7,53,699,1232,0.03325505439036899,skab_fold_aware_refined_search,176
0.34057971014492755,0.1522198731501057,0.18045112781954886,0.1651376146788991,original,SKAB,fold_4,42,4,4,probabilistic_suffix_tree,4,2,0.1,0.7,59,742,1302,0.029740965781899584,skab_fold_aware_refined_search,176
0.33152173913043476,0.15337423312883436,0.18796992481203006,0.16891891891891891,gaussian_noise,SKAB,fold_4,42,4,4,probabilistic_suffix_tree,4,2,0.1,0.7,59,742,1302,0.029740965781899584,skab_fold_aware_refined_search,176
0.6666666666666666,0.6,1.0,0.75,unseen_data,SKAB,fold_4,42,4,4,probabilistic_suffix_tree,4,2,0.1,0.7,59,742,1302,0.029740965781899584,skab_fold_aware_refined_search,176
0.5685234305923961,0.4457978075517661,0.9172932330827067,0.6,original,SKAB,fold_5,42,4,4,probabilistic_suffix_tree,4,2,0.1,0.7,57,730,1264,0.030377313145878396,skab_fold_aware_refined_search,176
0.5419982316534041,0.4304093567251462,0.9223057644110275,0.5869218500797448,gaussian_noise,SKAB,fold_5,42,4,4,probabilistic_suffix_tree,4,2,0.1,0.7,57,730,1264,0.030377313145878396,skab_fold_aware_refined_search,176
0.425531914893617,0.425531914893617,1.0,0.5970149253731343,unseen_data,SKAB,fold_5,42,4,4,probabilistic_suffix_tree,4,2,0.1,0.7,57,730,1264,0.030377313145878396,skab_fold_aware_refined_search,176
0.6447016918967052,0.501466275659824,0.8528678304239401,0.631578947368421,original,SKAB,fold_1,42,4,4,probabilistic_suffix_tree,4,2,0.1,0.9,59,778,1392,0.03032547601411703,skab_fold_aware_refined_search,177
0.6375779162956366,0.49558823529411766,0.8403990024937655,0.6234967622571693,gaussian_noise,SKAB,fold_1,42,4,4,probabilistic_suffix_tree,4,2,0.1,0.9,59,778,1392,0.03032547601411703,skab_fold_aware_refined_search,177
0.0,0.0,0.0,0.0,unseen_data,SKAB,fold_1,42,4,4,probabilistic_suffix_tree,4,2,0.1,0.9,59,778,1392,0.03032547601411703,skab_fold_aware_refined_search,177
0.6559428060768543,0.5111989459815547,0.9651741293532339,0.6683893195521102,original,SKAB,fold_2,42,4,4,probabilistic_suffix_tree,4,2,0.1,0.9,61,783,1396,0.029227644829679877,skab_fold_aware_refined_search,177
0.6505808757819481,0.5070967741935484,0.9776119402985075,0.6677994902293968,gaussian_noise,SKAB,fold_2,42,4,4,probabilistic_suffix_tree,4,2,0.1,0.9,61,783,1396,0.029227644829679877,skab_fold_aware_refined_search,177
0.0,0.0,0.0,0.0,unseen_data,SKAB,fold_2,42,4,4,probabilistic_suffix_tree,4,2,0.1,0.9,61,783,1396,0.029227644829679877,skab_fold_aware_refined_search,177
0.6541554959785523,0.5081081081081081,0.9423558897243107,0.6602282704126426,original,SKAB,fold_3,42,4,4,probabilistic_suffix_tree,4,2,0.1,0.9,53,699,1232,0.03325505439036899,skab_fold_aware_refined_search,177
0.6586237712243074,0.5117241379310344,0.9298245614035088,0.6601423487544484,gaussian_noise,SKAB,fold_3,42,4,4,probabilistic_suffix_tree,4,2,0.1,0.9,53,699,1232,0.03325505439036899,skab_fold_aware_refined_search,177
0.14285714285714285,0.14285714285714285,1.0,0.25,unseen_data,SKAB,fold_3,42,4,4,probabilistic_suffix_tree,4,2,0.1,0.9,53,699,1232,0.03325505439036899,skab_fold_aware_refined_search,177
0.23007246376811594,0.1567732115677321,0.2581453634085213,0.19507575757575757,original,SKAB,fold_4,42,4,4,probabilistic_suffix_tree,4,2,0.1,0.9,59,742,1302,0.029740965781899584,skab_fold_aware_refined_search,177
0.21739130434782608,0.15246636771300448,0.2556390977443609,0.19101123595505617,gaussian_noise,SKAB,fold_4,42,4,4,probabilistic_suffix_tree,4,2,0.1,0.9,59,742,1302,0.029740965781899584,skab_fold_aware_refined_search,177
0.6666666666666666,0.6,1.0,0.75,unseen_data,SKAB,fold_4,42,4,4,probabilistic_suffix_tree,4,2,0.1,0.9,59,742,1302,0.029740965781899584,skab_fold_aware_refined_search,177
0.5393457117595049,0.4313063063063063,0.9598997493734336,0.5951825951825952,original,SKAB,fold_5,42,4,4,probabilistic_suffix_tree,4,2,0.1,0.9,57,730,1264,0.030377313145878396,skab_fold_aware_refined_search,177
0.519893899204244,0.4217391304347826,0.9724310776942355,0.5883244882486732,gaussian_noise,SKAB,fold_5,42,4,4,probabilistic_suffix_tree,4,2,0.1,0.9,57,730,1264,0.030377313145878396,skab_fold_aware_refined_search,177
0.425531914893617,0.425531914893617,1.0,0.5970149253731343,unseen_data,SKAB,fold_5,42,4,4,probabilistic_suffix_tree,4,2,0.1,0.9,57,730,1264,0.030377313145878396,skab_fold_aware_refined_search,177
0.691006233303651,0.5523255813953488,0.7107231920199502,0.6215921483097055,original,SKAB,fold_1,42,4,4,probabilistic_suffix_tree,4,2,0.5,0.5,59,778,1392,0.03032547601411703,skab_fold_aware_refined_search,178
0.6767586821015138,0.5389344262295082,0.655860349127182,0.5916760404949382,gaussian_noise,SKAB,fold_1,42,4,4,probabilistic_suffix_tree,4,2,0.5,0.5,59,778,1392,0.03032547601411703,skab_fold_aware_refined_search,178
0.0,0.0,0.0,0.0,unseen_data,SKAB,fold_1,42,4,4,probabilistic_suffix_tree,4,2,0.5,0.5,59,778,1392,0.03032547601411703,skab_fold_aware_refined_search,178
0.6291331546023236,0.48697394789579157,0.6044776119402985,0.5394006659267481,original,SKAB,fold_2,42,4,4,probabilistic_suffix_tree,4,2,0.5,0.5,61,783,1396,0.029227644829679877,skab_fold_aware_refined_search,178
0.6255585344057194,0.48316831683168315,0.6069651741293532,0.538037486218302,gaussian_noise,SKAB,fold_2,42,4,4,probabilistic_suffix_tree,4,2,0.5,0.5,61,783,1396,0.029227644829679877,skab_fold_aware_refined_search,178
0.0,0.0,0.0,0.0,unseen_data,SKAB,fold_2,42,4,4,probabilistic_suffix_tree,4,2,0.5,0.5,61,783,1396,0.029227644829679877,skab_fold_aware_refined_search,178
0.5969615728328865,0.45652173913043476,0.6842105263157895,0.5476429287863591,original,SKAB,fold_3,42,4,4,probabilistic_suffix_tree,4,2,0.5,0.5,53,699,1232,0.03325505439036899,skab_fold_aware_refined_search,178
0.6148346738159071,0.47278911564625853,0.6967418546365914,0.563323201621074,gaussian_noise,SKAB,fold_3,42,4,4,probabilistic_suffix_tree,4,2,0.5,0.5,53,699,1232,0.03325505439036899,skab_fold_aware_refined_search,178
0.14285714285714285,0.14285714285714285,1.0,0.25,unseen_data,SKAB,fold_3,42,4,4,probabilistic_suffix_tree,4,2,0.5,0.5,53,699,1232,0.03325505439036899,skab_fold_aware_refined_search,178
0.32608695652173914,0.15430861723446893,0.19298245614035087,0.1714922048997773,original,SKAB,fold_4,42,4,4,probabilistic_suffix_tree,4,2,0.5,0.5,59,742,1302,0.029740965781899584,skab_fold_aware_refined_search,178
0.3170289855072464,0.15667311411992263,0.20300751879699247,0.17685589519650655,gaussian_noise,SKAB,fold_4,42,4,4,probabilistic_suffix_tree,4,2,0.5,0.5,59,742,1302,0.029740965781899584,skab_fold_aware_refined_search,178
0.6666666666666666,0.6,1.0,0.75,unseen_data,SKAB,fold_4,42,4,4,probabilistic_suffix_tree,4,2,0.5,0.5,59,742,1302,0.029740965781899584,skab_fold_aware_refined_search,178
0.5499557913351016,0.43559718969555034,0.9323308270676691,0.5937749401436552,original,SKAB,fold_5,42,4,4,probabilistic_suffix_tree,4,2,0.5,0.5,57,730,1264,0.030377313145878396,skab_fold_aware_refined_search,178
0.5278514588859416,0.423728813559322,0.9398496240601504,0.5841121495327103,gaussian_noise,SKAB,fold_5,42,4,4,probabilistic_suffix_tree,4,2,0.5,0.5,57,730,1264,0.030377313145878396,skab_fold_aware_refined_search,178
0.425531914893617,0.425531914893617,1.0,0.5970149253731343,unseen_data,SKAB,fold_5,42,4,4,probabilistic_suffix_tree,4,2,0.5,0.5,57,730,1264,0.030377313145878396,skab_fold_aware_refined_search,178
0.6509349955476402,0.5076660988074957,0.743142144638404,0.6032388663967612,original,SKAB,fold_1,42,4,4,probabilistic_suffix_tree,4,2,0.5,0.7,59,778,1392,0.03032547601411703,skab_fold_aware_refined_search,179
0.6429207479964381,0.5,0.6907730673316709,0.5801047120418849,gaussian_noise,SKAB,fold_1,42,4,4,probabilistic_suffix_tree,4,2,0.5,0.7,59,778,1392,0.03032547601411703,skab_fold_aware_refined_search,179
0.0,0.0,0.0,0.0,unseen_data,SKAB,fold_1,42,4,4,probabilistic_suffix_tree,4,2,0.5,0.7,59,778,1392,0.03032547601411703,skab_fold_aware_refined_search,179
0.6362823949955317,0.49514563106796117,0.6343283582089553,0.5561613958560524,original,SKAB,fold_2,42,4,4,probabilistic_suffix_tree,4,2,0.5,0.7,61,783,1396,0.029227644829679877,skab_fold_aware_refined_search,179
0.6309204647006256,0.48940269749518306,0.6318407960199005,0.5515743756786102,gaussian_noise,SKAB,fold_2,42,4,4,probabilistic_suffix_tree,4,2,0.5,0.7,61,783,1396,0.029227644829679877,skab_fold_aware_refined_search,179
0.0,0.0,0.0,0.0,unseen_data,SKAB,fold_2,42,4,4,probabilistic_suffix_tree,4,2,0.5,0.7,61,783,1396,0.029227644829679877,skab_fold_aware_refined_search,179
0.5924932975871313,0.45454545454545453,0.7142857142857143,0.5555555555555556,original,SKAB,fold_3,42,4,4,probabilistic_suffix_tree,4,2,0.5,0.7,53,699,1232,0.03325505439036899,skab_fold_aware_refined_search,179
0.6112600536193029,0.47115384615384615,0.7368421052631579,0.5747800586510264,gaussian_noise,SKAB,fold_3,42,4,4,probabilistic_suffix_tree,4,2,0.5,0.7,53,699,1232,0.03325505439036899,skab_fold_aware_refined_search,179
0.14285714285714285,0.14285714285714285,1.0,0.25,unseen_data,SKAB,fold_3,42,4,4,probabilistic_suffix_tree,4,2,0.5,0.7,53,699,1232,0.03325505439036899,skab_fold_aware_refined_search,179
0.322463768115942,0.15717092337917485,0.20050125313283207,0.1762114537444934,original,SKAB,fold_4,42,4,4,probabilistic_suffix_tree,4,2,0.5,0.7,59,742,1302,0.029740965781899584,skab_fold_aware_refined_search,179
0.3115942028985507,0.15879017013232513,0.21052631578947367,0.1810344827586207,gaussian_noise,SKAB,fold_4,42,4,4,probabilistic_suffix_tree,4,2,0.5,0.7,59,742,1302,0.029740965781899584,skab_fold_aware_refined_search,179
0.6666666666666666,0.6,1.0,0.75,unseen_data,SKAB,fold_4,42,4,4,probabilistic_suffix_tree,4,2,0.5,0.7,59,742,1302,0.029740965781899584,skab_fold_aware_refined_search,179
0.5384615384615384,0.43050847457627117,0.9548872180451128,0.5934579439252337,original,SKAB,fold_5,42,4,4,probabilistic_suffix_tree,4,2,0.5,0.7,57,730,1264,0.030377313145878396,skab_fold_aware_refined_search,179
0.5190097259062776,0.42093784078516905,0.9674185463659147,0.5866261398176292,gaussian_noise,SKAB,fold_5,42,4,4,probabilistic_suffix_tree,4,2,0.5,0.7,57,730,1264,0.030377313145878396,skab_fold_aware_refined_search,179
0.425531914893617,0.425531914893617,1.0,0.5970149253731343,unseen_data,SKAB,fold_5,42,4,4,probabilistic_suffix_tree,4,2,0.5,0.7,57,730,1264,0.030377313145878396,skab_fold_aware_refined_search,179
0.6447016918967052,0.501466275659824,0.8528678304239401,0.631578947368421,original,SKAB,fold_1,42,4,4,probabilistic_suffix_tree,4,2,0.5,0.9,59,778,1392,0.03032547601411703,skab_fold_aware_refined_search,180
0.6375779162956366,0.49558823529411766,0.8403990024937655,0.6234967622571693,gaussian_noise,SKAB,fold_1,42,4,4,probabilistic_suffix_tree,4,2,0.5,0.9,59,778,1392,0.03032547601411703,skab_fold_aware_refined_search,180
0.0,0.0,0.0,0.0,unseen_data,SKAB,fold_1,42,4,4,probabilistic_suffix_tree,4,2,0.5,0.9,59,778,1392,0.03032547601411703,skab_fold_aware_refined_search,180
0.6559428060768543,0.5111989459815547,0.9651741293532339,0.6683893195521102,original,SKAB,fold_2,42,4,4,probabilistic_suffix_tree,4,2,0.5,0.9,61,783,1396,0.029227644829679877,skab_fold_aware_refined_search,180
0.6505808757819481,0.5070967741935484,0.9776119402985075,0.6677994902293968,gaussian_noise,SKAB,fold_2,42,4,4,probabilistic_suffix_tree,4,2,0.5,0.9,61,783,1396,0.029227644829679877,skab_fold_aware_refined_search,180
0.0,0.0,0.0,0.0,unseen_data,SKAB,fold_2,42,4,4,probabilistic_suffix_tree,4,2,0.5,0.9,61,783,1396,0.029227644829679877,skab_fold_aware_refined_search,180
0.6550491510277033,0.5087719298245614,0.9448621553884712,0.6614035087719298,original,SKAB,fold_3,42,4,4,probabilistic_suffix_tree,4,2,0.5,0.9,53,699,1232,0.03325505439036899,skab_fold_aware_refined_search,180
0.6595174262734584,0.512396694214876,0.9323308270676691,0.6613333333333333,gaussian_noise,SKAB,fold_3,42,4,4,probabilistic_suffix_tree,4,2,0.5,0.9,53,699,1232,0.03325505439036899,skab_fold_aware_refined_search,180
0.14285714285714285,0.14285714285714285,1.0,0.25,unseen_data,SKAB,fold_3,42,4,4,probabilistic_suffix_tree,4,2,0.5,0.9,53,699,1232,0.03325505439036899,skab_fold_aware_refined_search,180
0.223731884057971,0.15512048192771086,0.2581453634085213,0.19379115710253997,original,SKAB,fold_4,42,4,4,probabilistic_suffix_tree,4,2,0.5,0.9,59,742,1302,0.029740965781899584,skab_fold_aware_refined_search,180
0.21557971014492755,0.15201192250372578,0.2556390977443609,0.19065420560747665,gaussian_noise,SKAB,fold_4,42,4,4,probabilistic_suffix_tree,4,2,0.5,0.9,59,742,1302,0.029740965781899584,skab_fold_aware_refined_search,180
0.6666666666666666,0.6,1.0,0.75,unseen_data,SKAB,fold_4,42,4,4,probabilistic_suffix_tree,4,2,0.5,0.9,59,742,1302,0.029740965781899584,skab_fold_aware_refined_search,180
0.4270557029177719,0.37853658536585366,0.9724310776942355,0.5449438202247191,original,SKAB,fold_5,42,4,4,probabilistic_suffix_tree,4,2,0.5,0.9,57,730,1264,0.030377313145878396,skab_fold_aware_refined_search,180
0.40760389036251105,0.37058261700095513,0.9724310776942355,0.5366528354080221,gaussian_noise,SKAB,fold_5,42,4,4,probabilistic_suffix_tree,4,2,0.5,0.9,57,730,1264,0.030377313145878396,skab_fold_aware_refined_search,180
0.425531914893617,0.425531914893617,1.0,0.5970149253731343,unseen_data,SKAB,fold_5,42,4,4,probabilistic_suffix_tree,4,2,0.5,0.9,57,730,1264,0.030377313145878396,skab_fold_aware_refined_search,180
0.6420302760463046,0.497907949790795,0.2967581047381546,0.371875,original,SKAB,fold_1,42,4,5,probabilistic_suffix_tree,2,1,0.1,0.5,104,311,671,0.020745733366312146,skab_fold_aware_refined_search,181
0.6384683882457702,0.48936170212765956,0.286783042394015,0.36163522012578614,gaussian_noise,SKAB,fold_1,42,4,5,probabilistic_suffix_tree,2,1,0.1,0.5,104,311,671,0.020745733366312146,skab_fold_aware_refined_search,181
0.0,0.0,0.0,0.0,unseen_data,SKAB,fold_1,42,4,5,probabilistic_suffix_tree,2,1,0.1,0.5,104,311,671,0.020745733366312146,skab_fold_aware_refined_search,181
0.5451295799821269,0.3174061433447099,0.23134328358208955,0.26762589928057556,original,SKAB,fold_2,42,4,5,probabilistic_suffix_tree,2,1,0.1,0.5,95,278,607,0.022983718288527074,skab_fold_aware_refined_search,181
0.5424486148346738,0.32142857142857145,0.2462686567164179,0.27887323943661974,gaussian_noise,SKAB,fold_2,42,4,5,probabilistic_suffix_tree,2,1,0.1,0.5,95,278,607,0.022983718288527074,skab_fold_aware_refined_search,181
0.0,0.0,0.0,0.0,unseen_data,SKAB,fold_2,42,4,5,probabilistic_suffix_tree,2,1,0.1,0.5,95,278,607,0.022983718288527074,skab_fold_aware_refined_search,181
0.5933869526362824,0.4306930693069307,0.43609022556390975,0.43337484433374845,original,SKAB,fold_3,42,4,5,probabilistic_suffix_tree,2,1,0.1,0.5,80,243,544,0.027983539094650206,skab_fold_aware_refined_search,181
0.5924932975871313,0.4332552693208431,0.46365914786967416,0.44794188861985473,gaussian_noise,SKAB,fold_3,42,4,5,probabilistic_suffix_tree,2,1,0.1,0.5,80,243,544,0.027983539094650206,skab_fold_aware_refined_search,181
0.22727272727272727,0.20930232558139536,1.0,0.34615384615384615,unseen_data,SKAB,fold_3,42,4,5,probabilistic_suffix_tree,2,1,0.1,0.5,80,243,544,0.027983539094650206,skab_fold_aware_refined_search,181
0.37771739130434784,0.1326530612244898,0.13032581453634084,0.13147914032869784,original,SKAB,fold_4,42,4,5,probabilistic_suffix_tree,2,1,0.1,0.5,93,273,595,0.023435346015991176,skab_fold_aware_refined_search,181
0.3786231884057971,0.13110539845758354,0.12781954887218044,0.12944162436548223,gaussian_noise,SKAB,fold_4,42,4,5,probabilistic_suffix_tree,2,1,0.1,0.5,93,273,595,0.023435346015991176,skab_fold_aware_refined_search,181
0.11764705882352941,0.11764705882352941,1.0,0.21052631578947367,unseen_data,SKAB,fold_4,42,4,5,probabilistic_suffix_tree,2,1,0.1,0.5,93,273,595,0.023435346015991176,skab_fold_aware_refined_search,181
0.5994694960212201,0.46419098143236076,0.8771929824561403,0.6071118820468343,original,SKAB,fold_5,42,4,5,probabilistic_suffix_tree,2,1,0.1,0.5,83,238,508,0.025716310620633797,skab_fold_aware_refined_search,181
0.5667550839964633,0.4423320659062104,0.87468671679198,0.5875420875420876,gaussian_noise,SKAB,fold_5,42,4,5,probabilistic_suffix_tree,2,1,0.1,0.5,83,238,508,0.025716310620633797,skab_fold_aware_refined_search,181
0.5467625899280576,0.5514705882352942,0.974025974025974,0.704225352112676,unseen_data,SKAB,fold_5,42,4,5,probabilistic_suffix_tree,2,1,0.1,0.5,83,238,508,0.025716310620633797,skab_fold_aware_refined_search,181
0.6464826357969724,0.5057471264367817,0.4389027431421446,0.4699599465954606,original,SKAB,fold_1,42,4,5,probabilistic_suffix_tree,2,1,0.1,0.7,104,311,671,0.020745733366312146,skab_fold_aware_refined_search,182
0.6447016918967052,0.5028571428571429,0.4389027431421446,0.46870838881491345,gaussian_noise,SKAB,fold_1,42,4,5,probabilistic_suffix_tree,2,1,0.1,0.7,104,311,671,0.020745733366312146,skab_fold_aware_refined_search,182
0.0,0.0,0.0,0.0,unseen_data,SKAB,fold_1,42,4,5,probabilistic_suffix_tree,2,1,0.1,0.7,104,311,671,0.020745733366312146,skab_fold_aware_refined_search,182
0.5308310991957105,0.378698224852071,0.47761194029850745,0.42244224422442245,original,SKAB,fold_2,42,4,5,probabilistic_suffix_tree,2,1,0.1,0.7,95,278,607,0.022983718288527074,skab_fold_aware_refined_search,182
0.5361930294906166,0.39065420560747666,0.5199004975124378,0.44610458911419426,gaussian_noise,SKAB,fold_2,42,4,5,probabilistic_suffix_tree,2,1,0.1,0.7,95,278,607,0.022983718288527074,skab_fold_aware_refined_search,182
0.0,0.0,0.0,0.0,unseen_data,SKAB,fold_2,42,4,5,probabilistic_suffix_tree,2,1,0.1,0.7,95,278,607,0.022983718288527074,skab_fold_aware_refined_search,182
0.6067917783735478,0.4664484451718494,0.7142857142857143,0.5643564356435643,original,SKAB,fold_3,42,4,5,probabilistic_suffix_tree,2,1,0.1,0.7,80,243,544,0.027983539094650206,skab_fold_aware_refined_search,182
0.5942806076854334,0.45585874799357945,0.7117794486215538,0.5557729941291585,gaussian_noise,SKAB,fold_3,42,4,5,probabilistic_suffix_tree,2,1,0.1,0.7,80,243,544,0.027983539094650206,skab_fold_aware_refined_search,182
0.20454545454545456,0.20454545454545456,1.0,0.33962264150943394,unseen_data,SKAB,fold_3,42,4,5,probabilistic_suffix_tree,2,1,0.1,0.7,80,243,544,0.027983539094650206,skab_fold_aware_refined_search,182
0.21467391304347827,0.12012987012987013,0.18546365914786966,0.1458128078817734,original,SKAB,fold_4,42,4,5,probabilistic_suffix_tree,2,1,0.1,0.7,93,273,595,0.023435346015991176,skab_fold_aware_refined_search,182
0.20742753623188406,0.12101910828025478,0.19047619047619047,0.14800389483933787,gaussian_noise,SKAB,fold_4,42,4,5,probabilistic_suffix_tree,2,1,0.1,0.7,93,273,595,0.023435346015991176,skab_fold_aware_refined_search,182
0.11764705882352941,0.11764705882352941,1.0,0.21052631578947367,unseen_data,SKAB,fold_4,42,4,5,probabilistic_suffix_tree,2,1,0.1,0.7,93,273,595,0.023435346015991176,skab_fold_aware_refined_search,182
0.5349248452696729,0.4295227524972253,0.9699248120300752,0.5953846153846154,original,SKAB,fold_5,42,4,5,probabilistic_suffix_tree,2,1,0.1,0.7,83,238,508,0.025716310620633797,skab_fold_aware_refined_search,182
0.5101679929266136,0.4160346695557963,0.9624060150375939,0.5809379727685325,gaussian_noise,SKAB,fold_5,42,4,5,probabilistic_suffix_tree,2,1,0.1,0.7,83,238,508,0.025716310620633797,skab_fold_aware_refined_search,182
0.5467625899280576,0.5507246376811594,0.987012987012987,0.7069767441860465,unseen_data,SKAB,fold_5,42,4,5,probabilistic_suffix_tree,2,1,0.1,0.7,83,238,508,0.025716310620633797,skab_fold_aware_refined_search,182
0.6028495102404274,0.4734356552538371,1.0,0.6426282051282052,original,SKAB,fold_1,42,4,5,probabilistic_suffix_tree,2,1,0.1,0.9,104,311,671,0.020745733366312146,skab_fold_aware_refined_search,183
0.6028495102404274,0.4734356552538371,1.0,0.6426282051282052,gaussian_noise,SKAB,fold_1,42,4,5,probabilistic_suffix_tree,2,1,0.1,0.9,104,311,671,0.020745733366312146,skab_fold_aware_refined_search,183
0.0,0.0,0.0,0.0,unseen_data,SKAB,fold_1,42,4,5,probabilistic_suffix_tree,2,1,0.1,0.9,104,311,671,0.020745733366312146,skab_fold_aware_refined_search,183
0.6380697050938338,0.49814126394052044,1.0,0.6650124069478908,original,SKAB,fold_2,42,4,5,probabilistic_suffix_tree,2,1,0.1,0.9,95,278,607,0.022983718288527074,skab_fold_aware_refined_search,183
0.6318141197497766,0.49385749385749383,1.0,0.6611842105263158,gaussian_noise,SKAB,fold_2,42,4,5,probabilistic_suffix_tree,2,1,0.1,0.9,95,278,607,0.022983718288527074,skab_fold_aware_refined_search,183
0.0,0.0,0.0,0.0,unseen_data,SKAB,fold_2,42,4,5,probabilistic_suffix_tree,2,1,0.1,0.9,95,278,607,0.022983718288527074,skab_fold_aware_refined_search,183
0.5924932975871313,0.4666666666666667,1.0,0.6363636363636364,original,SKAB,fold_3,42,4,5,probabilistic_suffix_tree,2,1,0.1,0.9,80,243,544,0.027983539094650206,skab_fold_aware_refined_search,183
0.5924932975871313,0.4666666666666667,1.0,0.6363636363636364,gaussian_noise,SKAB,fold_3,42,4,5,probabilistic_suffix_tree,2,1,0.1,0.9,80,243,544,0.027983539094650206,skab_fold_aware_refined_search,183
0.20454545454545456,0.20454545454545456,1.0,0.33962264150943394,unseen_data,SKAB,fold_3,42,4,5,probabilistic_suffix_tree,2,1,0.1,0.9,80,243,544,0.027983539094650206,skab_fold_aware_refined_search,183
0.1068840579710145,0.1433778857837181,0.2957393483709273,0.19312602291325695,original,SKAB,fold_4,42,4,5,probabilistic_suffix_tree,2,1,0.1,0.9,93,273,595,0.023435346015991176,skab_fold_aware_refined_search,183
0.1068840579710145,0.1433778857837181,0.2957393483709273,0.19312602291325695,gaussian_noise,SKAB,fold_4,42,4,5,probabilistic_suffix_tree,2,1,0.1,0.9,93,273,595,0.023435346015991176,skab_fold_aware_refined_search,183
0.11764705882352941,0.11764705882352941,1.0,0.21052631578947367,unseen_data,SKAB,fold_4,42,4,5,probabilistic_suffix_tree,2,1,0.1,0.9,93,273,595,0.023435346015991176,skab_fold_aware_refined_search,183
0.39699381078691426,0.3686165273909007,0.9949874686716792,0.537940379403794,original,SKAB,fold_5,42,4,5,probabilistic_suffix_tree,2,1,0.1,0.9,83,238,508,0.025716310620633797,skab_fold_aware_refined_search,183
0.3863837312113174,0.3635522664199815,0.9849624060150376,0.5310810810810811,gaussian_noise,SKAB,fold_5,42,4,5,probabilistic_suffix_tree,2,1,0.1,0.9,83,238,508,0.025716310620633797,skab_fold_aware_refined_search,183
0.5539568345323741,0.5539568345323741,1.0,0.7129629629629629,unseen_data,SKAB,fold_5,42,4,5,probabilistic_suffix_tree,2,1,0.1,0.9,83,238,508,0.025716310620633797,skab_fold_aware_refined_search,183
0.655387355298308,0.5187165775401069,0.4837905236907731,0.5006451612903225,original,SKAB,fold_1,42,4,5,probabilistic_suffix_tree,2,1,0.5,0.5,104,311,671,0.020745733366312146,skab_fold_aware_refined_search,184
0.6562778272484416,0.5197889182058048,0.4912718204488778,0.5051282051282051,gaussian_noise,SKAB,fold_1,42,4,5,probabilistic_suffix_tree,2,1,0.5,0.5,104,311,671,0.020745733366312146,skab_fold_aware_refined_search,184
0.0,0.0,0.0,0.0,unseen_data,SKAB,fold_1,42,4,5,probabilistic_suffix_tree,2,1,0.5,0.5,104,311,671,0.020745733366312146,skab_fold_aware_refined_search,184
0.5218945487042002,0.3738140417457306,0.4900497512437811,0.4241119483315393,original,SKAB,fold_2,42,4,5,probabilistic_suffix_tree,2,1,0.5,0.5,95,278,607,0.022983718288527074,skab_fold_aware_refined_search,184
0.5290437890974083,0.3881932021466905,0.5398009950248757,0.45161290322580644,gaussian_noise,SKAB,fold_2,42,4,5,probabilistic_suffix_tree,2,1,0.5,0.5,95,278,607,0.022983718288527074,skab_fold_aware_refined_search,184
0.0,0.0,0.0,0.0,unseen_data,SKAB,fold_2,42,4,5,probabilistic_suffix_tree,2,1,0.5,0.5,95,278,607,0.022983718288527074,skab_fold_aware_refined_search,184
0.612153708668454,0.47303543913713403,0.7694235588972431,0.5858778625954199,original,SKAB,fold_3,42,4,5,probabilistic_suffix_tree,2,1,0.5,0.5,80,243,544,0.027983539094650206,skab_fold_aware_refined_search,184
0.5969615728328865,0.46048632218844987,0.7593984962406015,0.5733207190160833,gaussian_noise,SKAB,fold_3,42,4,5,probabilistic_suffix_tree,2,1,0.5,0.5,80,243,544,0.027983539094650206,skab_fold_aware_refined_search,184
0.20454545454545456,0.20454545454545456,1.0,0.33962264150943394,unseen_data,SKAB,fold_3,42,4,5,probabilistic_suffix_tree,2,1,0.5,0.5,80,243,544,0.027983539094650206,skab_fold_aware_refined_search,184
0.2798913043478261,0.14130434782608695,0.19548872180451127,0.1640378548895899,original,SKAB,fold_4,42,4,5,probabilistic_suffix_tree,2,1,0.5,0.5,93,273,595,0.023435346015991176,skab_fold_aware_refined_search,184
0.27355072463768115,0.1433628318584071,0.20300751879699247,0.16804979253112035,gaussian_noise,SKAB,fold_4,42,4,5,probabilistic_suffix_tree,2,1,0.5,0.5,93,273,595,0.023435346015991176,skab_fold_aware_refined_search,184
0.11764705882352941,0.11764705882352941,1.0,0.21052631578947367,unseen_data,SKAB,fold_4,42,4,5,probabilistic_suffix_tree,2,1,0.5,0.5,93,273,595,0.023435346015991176,skab_fold_aware_refined_search,184
0.5366931918656057,0.4296962879640045,0.9573934837092731,0.593167701863354,original,SKAB,fold_5,42,4,5,probabilistic_suffix_tree,2,1,0.5,0.5,83,238,508,0.025716310620633797,skab_fold_aware_refined_search,184
0.506631299734748,0.4127332601536773,0.9423558897243107,0.5740458015267176,gaussian_noise,SKAB,fold_5,42,4,5,probabilistic_suffix_tree,2,1,0.5,0.5,83,238,508,0.025716310620633797,skab_fold_aware_refined_search,184
0.5467625899280576,0.5507246376811594,0.987012987012987,0.7069767441860465,unseen_data,SKAB,fold_5,42,4,5,probabilistic_suffix_tree,2,1,0.5,0.5,83,238,508,0.025716310620633797,skab_fold_aware_refined_search,184
0.5138023152270703,0.36397748592870544,0.4837905236907731,0.41541755888650966,original,SKAB,fold_1,42,4,5,probabilistic_suffix_tree,2,1,0.5,0.7,104,311,671,0.020745733366312146,skab_fold_aware_refined_search,185
0.5182546749777382,0.36891385767790263,0.4912718204488778,0.4213903743315508,gaussian_noise,SKAB,fold_1,42,4,5,probabilistic_suffix_tree,2,1,0.5,0.7,104,311,671,0.020745733366312146,skab_fold_aware_refined_search,185
0.0,0.0,0.0,0.0,unseen_data,SKAB,fold_1,42,4,5,probabilistic_suffix_tree,2,1,0.5,0.7,104,311,671,0.020745733366312146,skab_fold_aware_refined_search,185
0.5218945487042002,0.3738140417457306,0.4900497512437811,0.4241119483315393,original,SKAB,fold_2,42,4,5,probabilistic_suffix_tree,2,1,0.5,0.7,95,278,607,0.022983718288527074,skab_fold_aware_refined_search,185
0.5290437890974083,0.3881932021466905,0.5398009950248757,0.45161290322580644,gaussian_noise,SKAB,fold_2,42,4,5,probabilistic_suffix_tree,2,1,0.5,0.7,95,278,607,0.022983718288527074,skab_fold_aware_refined_search,185
0.0,0.0,0.0,0.0,unseen_data,SKAB,fold_2,42,4,5,probabilistic_suffix_tree,2,1,0.5,0.7,95,278,607,0.022983718288527074,skab_fold_aware_refined_search,185
0.6148346738159071,0.4764705882352941,0.8120300751879699,0.6005560704355886,original,SKAB,fold_3,42,4,5,probabilistic_suffix_tree,2,1,0.5,0.7,80,243,544,0.027983539094650206,skab_fold_aware_refined_search,185
0.6014298480786416,0.4653902798232695,0.7919799498746867,0.5862708719851577,gaussian_noise,SKAB,fold_3,42,4,5,probabilistic_suffix_tree,2,1,0.5,0.7,80,243,544,0.027983539094650206,skab_fold_aware_refined_search,185
0.20454545454545456,0.20454545454545456,1.0,0.33962264150943394,unseen_data,SKAB,fold_3,42,4,5,probabilistic_suffix_tree,2,1,0.5,0.7,80,243,544,0.027983539094650206,skab_fold_aware_refined_search,185
0.213768115942029,0.1248,0.19548872180451127,0.15234375,original,SKAB,fold_4,42,4,5,probabilistic_suffix_tree,2,1,0.5,0.7,93,273,595,0.023435346015991176,skab_fold_aware_refined_search,185
0.20742753623188406,0.12695924764890282,0.20300751879699247,0.1562198649951784,gaussian_noise,SKAB,fold_4,42,4,5,probabilistic_suffix_tree,2,1,0.5,0.7,93,273,595,0.023435346015991176,skab_fold_aware_refined_search,185
0.11764705882352941,0.11764705882352941,1.0,0.21052631578947367,unseen_data,SKAB,fold_4,42,4,5,probabilistic_suffix_tree,2,1,0.5,0.7,93,273,595,0.023435346015991176,skab_fold_aware_refined_search,185
0.5278514588859416,0.42639040348964014,0.9799498746867168,0.5942249240121581,original,SKAB,fold_5,42,4,5,probabilistic_suffix_tree,2,1,0.5,0.7,83,238,508,0.025716310620633797,skab_fold_aware_refined_search,185
0.5013262599469496,0.41214057507987223,0.9699248120300752,0.57847533632287,gaussian_noise,SKAB,fold_5,42,4,5,probabilistic_suffix_tree,2,1,0.5,0.7,83,238,508,0.025716310620633797,skab_fold_aware_refined_search,185
0.5539568345323741,0.5539568345323741,1.0,0.7129629629629629,unseen_data,SKAB,fold_5,42,4,5,probabilistic_suffix_tree,2,1,0.5,0.7,83,238,508,0.025716310620633797,skab_fold_aware_refined_search,185
0.6028495102404274,0.4734356552538371,1.0,0.6426282051282052,original,SKAB,fold_1,42,4,5,probabilistic_suffix_tree,2,1,0.5,0.9,104,311,671,0.020745733366312146,skab_fold_aware_refined_search,186
0.6028495102404274,0.4734356552538371,1.0,0.6426282051282052,gaussian_noise,SKAB,fold_1,42,4,5,probabilistic_suffix_tree,2,1,0.5,0.9,104,311,671,0.020745733366312146,skab_fold_aware_refined_search,186
0.0,0.0,0.0,0.0,unseen_data,SKAB,fold_1,42,4,5,probabilistic_suffix_tree,2,1,0.5,0.9,104,311,671,0.020745733366312146,skab_fold_aware_refined_search,186
0.35924932975871315,0.35924932975871315,1.0,0.5285996055226825,original,SKAB,fold_2,42,4,5,probabilistic_suffix_tree,2,1,0.5,0.9,95,278,607,0.022983718288527074,skab_fold_aware_refined_search,186
0.35924932975871315,0.35924932975871315,1.0,0.5285996055226825,gaussian_noise,SKAB,fold_2,42,4,5,probabilistic_suffix_tree,2,1,0.5,0.9,95,278,607,0.022983718288527074,skab_fold_aware_refined_search,186
0.0,0.0,0.0,0.0,unseen_data,SKAB,fold_2,42,4,5,probabilistic_suffix_tree,2,1,0.5,0.9,95,278,607,0.022983718288527074,skab_fold_aware_refined_search,186
0.5924932975871313,0.4666666666666667,1.0,0.6363636363636364,original,SKAB,fold_3,42,4,5,probabilistic_suffix_tree,2,1,0.5,0.9,80,243,544,0.027983539094650206,skab_fold_aware_refined_search,186
0.5924932975871313,0.4666666666666667,1.0,0.6363636363636364,gaussian_noise,SKAB,fold_3,42,4,5,probabilistic_suffix_tree,2,1,0.5,0.9,80,243,544,0.027983539094650206,skab_fold_aware_refined_search,186
0.20454545454545456,0.20454545454545456,1.0,0.33962264150943394,unseen_data,SKAB,fold_3,42,4,5,probabilistic_suffix_tree,2,1,0.5,0.9,80,243,544,0.027983539094650206,skab_fold_aware_refined_search,186
0.1068840579710145,0.1433778857837181,0.2957393483709273,0.19312602291325695,original,SKAB,fold_4,42,4,5,probabilistic_suffix_tree,2,1,0.5,0.9,93,273,595,0.023435346015991176,skab_fold_aware_refined_search,186
0.1068840579710145,0.1433778857837181,0.2957393483709273,0.19312602291325695,gaussian_noise,SKAB,fold_4,42,4,5,probabilistic_suffix_tree,2,1,0.5,0.9,93,273,595,0.023435346015991176,skab_fold_aware_refined_search,186
0.11764705882352941,0.11764705882352941,1.0,0.21052631578947367,unseen_data,SKAB,fold_4,42,4,5,probabilistic_suffix_tree,2,1,0.5,0.9,93,273,595,0.023435346015991176,skab_fold_aware_refined_search,186
0.39699381078691426,0.3686165273909007,0.9949874686716792,0.537940379403794,original,SKAB,fold_5,42,4,5,probabilistic_suffix_tree,2,1,0.5,0.9,83,238,508,0.025716310620633797,skab_fold_aware_refined_search,186
0.3863837312113174,0.3635522664199815,0.9849624060150376,0.5310810810810811,gaussian_noise,SKAB,fold_5,42,4,5,probabilistic_suffix_tree,2,1,0.5,0.9,83,238,508,0.025716310620633797,skab_fold_aware_refined_search,186
0.5539568345323741,0.5539568345323741,1.0,0.7129629629629629,unseen_data,SKAB,fold_5,42,4,5,probabilistic_suffix_tree,2,1,0.5,0.9,83,238,508,0.025716310620633797,skab_fold_aware_refined_search,186
0.6429207479964381,0.5,0.2967581047381546,0.37245696400625977,original,SKAB,fold_1,42,4,5,probabilistic_suffix_tree,2,2,0.1,0.5,104,311,671,0.020745733366312146,skab_fold_aware_refined_search,187
0.6393588601959038,0.49145299145299143,0.286783042394015,0.36220472440944884,gaussian_noise,SKAB,fold_1,42,4,5,probabilistic_suffix_tree,2,2,0.1,0.5,104,311,671,0.020745733366312146,skab_fold_aware_refined_search,187
0.0,0.0,0.0,0.0,unseen_data,SKAB,fold_1,42,4,5,probabilistic_suffix_tree,2,2,0.1,0.5,104,311,671,0.020745733366312146,skab_fold_aware_refined_search,187
0.5442359249329759,0.3150684931506849,0.22885572139303484,0.26512968299711814,original,SKAB,fold_2,42,4,5,probabilistic_suffix_tree,2,2,0.1,0.5,95,278,607,0.022983718288527074,skab_fold_aware_refined_search,187
0.5424486148346738,0.32142857142857145,0.2462686567164179,0.27887323943661974,gaussian_noise,SKAB,fold_2,42,4,5,probabilistic_suffix_tree,2,2,0.1,0.5,95,278,607,0.022983718288527074,skab_fold_aware_refined_search,187
0.0,0.0,0.0,0.0,unseen_data,SKAB,fold_2,42,4,5,probabilistic_suffix_tree,2,2,0.1,0.5,95,278,607,0.022983718288527074,skab_fold_aware_refined_search,187
0.5951742627345844,0.4325,0.43358395989974935,0.4330413016270338,original,SKAB,fold_3,42,4,5,probabilistic_suffix_tree,2,2,0.1,0.5,80,243,544,0.027983539094650206,skab_fold_aware_refined_search,187
0.5960679177837355,0.4373522458628842,0.46365914786967416,0.45012165450121655,gaussian_noise,SKAB,fold_3,42,4,5,probabilistic_suffix_tree,2,2,0.1,0.5,80,243,544,0.027983539094650206,skab_fold_aware_refined_search,187
0.22727272727272727,0.20930232558139536,1.0,0.34615384615384615,unseen_data,SKAB,fold_3,42,4,5,probabilistic_suffix_tree,2,2,0.1,0.5,80,243,544,0.027983539094650206,skab_fold_aware_refined_search,187
0.37771739130434784,0.13076923076923078,0.12781954887218044,0.12927756653992395,original,SKAB,fold_4,42,4,5,probabilistic_suffix_tree,2,2,0.1,0.5,93,273,595,0.023435346015991176,skab_fold_aware_refined_search,187
0.3795289855072464,0.12953367875647667,0.12531328320802004,0.12738853503184713,gaussian_noise,SKAB,fold_4,42,4,5,probabilistic_suffix_tree,2,2,0.1,0.5,93,273,595,0.023435346015991176,skab_fold_aware_refined_search,187
0.11764705882352941,0.11764705882352941,1.0,0.21052631578947367,unseen_data,SKAB,fold_4,42,4,5,probabilistic_suffix_tree,2,2,0.1,0.5,93,273,595,0.023435346015991176,skab_fold_aware_refined_search,187
0.5994694960212201,0.464,0.8721804511278195,0.6057441253263708,original,SKAB,fold_5,42,4,5,probabilistic_suffix_tree,2,2,0.1,0.5,83,238,508,0.025716310620633797,skab_fold_aware_refined_search,187
0.5685234305923961,0.44316730523627074,0.8696741854636592,0.5871404399323181,gaussian_noise,SKAB,fold_5,42,4,5,probabilistic_suffix_tree,2,2,0.1,0.5,83,238,508,0.025716310620633797,skab_fold_aware_refined_search,187
0.5467625899280576,0.5514705882352942,0.974025974025974,0.704225352112676,unseen_data,SKAB,fold_5,42,4,5,probabilistic_suffix_tree,2,2,0.1,0.5,83,238,508,0.025716310620633797,skab_fold_aware_refined_search,187
0.6464826357969724,0.5057471264367817,0.4389027431421446,0.4699599465954606,original,SKAB,fold_1,42,4,5,probabilistic_suffix_tree,2,2,0.1,0.7,104,311,671,0.020745733366312146,skab_fold_aware_refined_search,188
0.6447016918967052,0.5028571428571429,0.4389027431421446,0.46870838881491345,gaussian_noise,SKAB,fold_1,42,4,5,probabilistic_suffix_tree,2,2,0.1,0.7,104,311,671,0.020745733366312146,skab_fold_aware_refined_search,188
0.0,0.0,0.0,0.0,unseen_data,SKAB,fold_1,42,4,5,probabilistic_suffix_tree,2,2,0.1,0.7,104,311,671,0.020745733366312146,skab_fold_aware_refined_search,188
0.5308310991957105,0.378698224852071,0.47761194029850745,0.42244224422442245,original,SKAB,fold_2,42,4,5,probabilistic_suffix_tree,2,2,0.1,0.7,95,278,607,0.022983718288527074,skab_fold_aware_refined_search,188
0.5361930294906166,0.39065420560747666,0.5199004975124378,0.44610458911419426,gaussian_noise,SKAB,fold_2,42,4,5,probabilistic_suffix_tree,2,2,0.1,0.7,95,278,607,0.022983718288527074,skab_fold_aware_refined_search,188
0.0,0.0,0.0,0.0,unseen_data,SKAB,fold_2,42,4,5,probabilistic_suffix_tree,2,2,0.1,0.7,95,278,607,0.022983718288527074,skab_fold_aware_refined_search,188
0.6076854334226989,0.4672131147540984,0.7142857142857143,0.5649157581764123,original,SKAB,fold_3,42,4,5,probabilistic_suffix_tree,2,2,0.1,0.7,80,243,544,0.027983539094650206,skab_fold_aware_refined_search,188
0.5960679177837355,0.4573268921095008,0.7117794486215538,0.5568627450980392,gaussian_noise,SKAB,fold_3,42,4,5,probabilistic_suffix_tree,2,2,0.1,0.7,80,243,544,0.027983539094650206,skab_fold_aware_refined_search,188
0.20454545454545456,0.20454545454545456,1.0,0.33962264150943394,unseen_data,SKAB,fold_3,42,4,5,probabilistic_suffix_tree,2,2,0.1,0.7,80,243,544,0.027983539094650206,skab_fold_aware_refined_search,188
0.21467391304347827,0.12012987012987013,0.18546365914786966,0.1458128078817734,original,SKAB,fold_4,42,4,5,probabilistic_suffix_tree,2,2,0.1,0.7,93,273,595,0.023435346015991176,skab_fold_aware_refined_search,188
0.20742753623188406,0.12101910828025478,0.19047619047619047,0.14800389483933787,gaussian_noise,SKAB,fold_4,42,4,5,probabilistic_suffix_tree,2,2,0.1,0.7,93,273,595,0.023435346015991176,skab_fold_aware_refined_search,188
0.11764705882352941,0.11764705882352941,1.0,0.21052631578947367,unseen_data,SKAB,fold_4,42,4,5,probabilistic_suffix_tree,2,2,0.1,0.7,93,273,595,0.023435346015991176,skab_fold_aware_refined_search,188
0.5358090185676393,0.43,0.9699248120300752,0.5958429561200924,original,SKAB,fold_5,42,4,5,probabilistic_suffix_tree,2,2,0.1,0.7,83,238,508,0.025716310620633797,skab_fold_aware_refined_search,188
0.5119363395225465,0.4169381107491857,0.9624060150375939,0.5818181818181818,gaussian_noise,SKAB,fold_5,42,4,5,probabilistic_suffix_tree,2,2,0.1,0.7,83,238,508,0.025716310620633797,skab_fold_aware_refined_search,188
0.5467625899280576,0.5507246376811594,0.987012987012987,0.7069767441860465,unseen_data,SKAB,fold_5,42,4,5,probabilistic_suffix_tree,2,2,0.1,0.7,83,238,508,0.025716310620633797,skab_fold_aware_refined_search,188
0.6028495102404274,0.4734356552538371,1.0,0.6426282051282052,original,SKAB,fold_1,42,4,5,probabilistic_suffix_tree,2,2,0.1,0.9,104,311,671,0.020745733366312146,skab_fold_aware_refined_search,189
0.6028495102404274,0.4734356552538371,1.0,0.6426282051282052,gaussian_noise,SKAB,fold_1,42,4,5,probabilistic_suffix_tree,2,2,0.1,0.9,104,311,671,0.020745733366312146,skab_fold_aware_refined_search,189
0.0,0.0,0.0,0.0,unseen_data,SKAB,fold_1,42,4,5,probabilistic_suffix_tree,2,2,0.1,0.9,104,311,671,0.020745733366312146,skab_fold_aware_refined_search,189
0.6380697050938338,0.49814126394052044,1.0,0.6650124069478908,original,SKAB,fold_2,42,4,5,probabilistic_suffix_tree,2,2,0.1,0.9,95,278,607,0.022983718288527074,skab_fold_aware_refined_search,189
0.6318141197497766,0.49385749385749383,1.0,0.6611842105263158,gaussian_noise,SKAB,fold_2,42,4,5,probabilistic_suffix_tree,2,2,0.1,0.9,95,278,607,0.022983718288527074,skab_fold_aware_refined_search,189
0.0,0.0,0.0,0.0,unseen_data,SKAB,fold_2,42,4,5,probabilistic_suffix_tree,2,2,0.1,0.9,95,278,607,0.022983718288527074,skab_fold_aware_refined_search,189
0.5933869526362824,0.4672131147540984,1.0,0.6368715083798883,original,SKAB,fold_3,42,4,5,probabilistic_suffix_tree,2,2,0.1,0.9,80,243,544,0.027983539094650206,skab_fold_aware_refined_search,189
0.5933869526362824,0.4672131147540984,1.0,0.6368715083798883,gaussian_noise,SKAB,fold_3,42,4,5,probabilistic_suffix_tree,2,2,0.1,0.9,80,243,544,0.027983539094650206,skab_fold_aware_refined_search,189
0.20454545454545456,0.20454545454545456,1.0,0.33962264150943394,unseen_data,SKAB,fold_3,42,4,5,probabilistic_suffix_tree,2,2,0.1,0.9,80,243,544,0.027983539094650206,skab_fold_aware_refined_search,189
0.1068840579710145,0.1433778857837181,0.2957393483709273,0.19312602291325695,original,SKAB,fold_4,42,4,5,probabilistic_suffix_tree,2,2,0.1,0.9,93,273,595,0.023435346015991176,skab_fold_aware_refined_search,189
0.1068840579710145,0.1433778857837181,0.2957393483709273,0.19312602291325695,gaussian_noise,SKAB,fold_4,42,4,5,probabilistic_suffix_tree,2,2,0.1,0.9,93,273,595,0.023435346015991176,skab_fold_aware_refined_search,189
0.11764705882352941,0.11764705882352941,1.0,0.21052631578947367,unseen_data,SKAB,fold_4,42,4,5,probabilistic_suffix_tree,2,2,0.1,0.9,93,273,595,0.023435346015991176,skab_fold_aware_refined_search,189
0.3978779840848806,0.36895910780669144,0.9949874686716792,0.5383050847457627,original,SKAB,fold_5,42,4,5,probabilistic_suffix_tree,2,2,0.1,0.9,83,238,508,0.025716310620633797,skab_fold_aware_refined_search,189
0.38726790450928383,0.3638888888888889,0.9849624060150376,0.5314401622718052,gaussian_noise,SKAB,fold_5,42,4,5,probabilistic_suffix_tree,2,2,0.1,0.9,83,238,508,0.025716310620633797,skab_fold_aware_refined_search,189
0.5539568345323741,0.5539568345323741,1.0,0.7129629629629629,unseen_data,SKAB,fold_5,42,4,5,probabilistic_suffix_tree,2,2,0.1,0.9,83,238,508,0.025716310620633797,skab_fold_aware_refined_search,189
0.655387355298308,0.5187165775401069,0.4837905236907731,0.5006451612903225,original,SKAB,fold_1,42,4,5,probabilistic_suffix_tree,2,2,0.5,0.5,104,311,671,0.020745733366312146,skab_fold_aware_refined_search,190
0.6562778272484416,0.5197889182058048,0.4912718204488778,0.5051282051282051,gaussian_noise,SKAB,fold_1,42,4,5,probabilistic_suffix_tree,2,2,0.5,0.5,104,311,671,0.020745733366312146,skab_fold_aware_refined_search,190
0.0,0.0,0.0,0.0,unseen_data,SKAB,fold_1,42,4,5,probabilistic_suffix_tree,2,2,0.5,0.5,104,311,671,0.020745733366312146,skab_fold_aware_refined_search,190
0.5218945487042002,0.3738140417457306,0.4900497512437811,0.4241119483315393,original,SKAB,fold_2,42,4,5,probabilistic_suffix_tree,2,2,0.5,0.5,95,278,607,0.022983718288527074,skab_fold_aware_refined_search,190
0.5290437890974083,0.3881932021466905,0.5398009950248757,0.45161290322580644,gaussian_noise,SKAB,fold_2,42,4,5,probabilistic_suffix_tree,2,2,0.5,0.5,95,278,607,0.022983718288527074,skab_fold_aware_refined_search,190
0.0,0.0,0.0,0.0,unseen_data,SKAB,fold_2,42,4,5,probabilistic_suffix_tree,2,2,0.5,0.5,95,278,607,0.022983718288527074,skab_fold_aware_refined_search,190
0.613047363717605,0.4737654320987654,0.7694235588972431,0.5864374403056352,original,SKAB,fold_3,42,4,5,probabilistic_suffix_tree,2,2,0.5,0.5,80,243,544,0.027983539094650206,skab_fold_aware_refined_search,190
0.5987488829311886,0.46189024390243905,0.7593984962406015,0.5744075829383887,gaussian_noise,SKAB,fold_3,42,4,5,probabilistic_suffix_tree,2,2,0.5,0.5,80,243,544,0.027983539094650206,skab_fold_aware_refined_search,190
0.20454545454545456,0.20454545454545456,1.0,0.33962264150943394,unseen_data,SKAB,fold_3,42,4,5,probabilistic_suffix_tree,2,2,0.5,0.5,80,243,544,0.027983539094650206,skab_fold_aware_refined_search,190
0.2798913043478261,0.14130434782608695,0.19548872180451127,0.1640378548895899,original,SKAB,fold_4,42,4,5,probabilistic_suffix_tree,2,2,0.5,0.5,93,273,595,0.023435346015991176,skab_fold_aware_refined_search,190
0.27355072463768115,0.1433628318584071,0.20300751879699247,0.16804979253112035,gaussian_noise,SKAB,fold_4,42,4,5,probabilistic_suffix_tree,2,2,0.5,0.5,93,273,595,0.023435346015991176,skab_fold_aware_refined_search,190
0.11764705882352941,0.11764705882352941,1.0,0.21052631578947367,unseen_data,SKAB,fold_4,42,4,5,probabilistic_suffix_tree,2,2,0.5,0.5,93,273,595,0.023435346015991176,skab_fold_aware_refined_search,190
0.537577365163572,0.43018018018018017,0.9573934837092731,0.5936285936285937,original,SKAB,fold_5,42,4,5,probabilistic_suffix_tree,2,2,0.5,0.5,83,238,508,0.025716310620633797,skab_fold_aware_refined_search,190
0.5083996463306808,0.4136413641364136,0.9423558897243107,0.5749235474006116,gaussian_noise,SKAB,fold_5,42,4,5,probabilistic_suffix_tree,2,2,0.5,0.5,83,238,508,0.025716310620633797,skab_fold_aware_refined_search,190
0.5467625899280576,0.5507246376811594,0.987012987012987,0.7069767441860465,unseen_data,SKAB,fold_5,42,4,5,probabilistic_suffix_tree,2,2,0.5,0.5,83,238,508,0.025716310620633797,skab_fold_aware_refined_search,190
0.5138023152270703,0.36397748592870544,0.4837905236907731,0.41541755888650966,original,SKAB,fold_1,42,4,5,probabilistic_suffix_tree,2,2,0.5,0.7,104,311,671,0.020745733366312146,skab_fold_aware_refined_search,191
0.5182546749777382,0.36891385767790263,0.4912718204488778,0.4213903743315508,gaussian_noise,SKAB,fold_1,42,4,5,probabilistic_suffix_tree,2,2,0.5,0.7,104,311,671,0.020745733366312146,skab_fold_aware_refined_search,191
0.0,0.0,0.0,0.0,unseen_data,SKAB,fold_1,42,4,5,probabilistic_suffix_tree,2,2,0.5,0.7,104,311,671,0.020745733366312146,skab_fold_aware_refined_search,191
0.5218945487042002,0.3738140417457306,0.4900497512437811,0.4241119483315393,original,SKAB,fold_2,42,4,5,probabilistic_suffix_tree,2,2,0.5,0.7,95,278,607,0.022983718288527074,skab_fold_aware_refined_search,191
0.5290437890974083,0.3881932021466905,0.5398009950248757,0.45161290322580644,gaussian_noise,SKAB,fold_2,42,4,5,probabilistic_suffix_tree,2,2,0.5,0.7,95,278,607,0.022983718288527074,skab_fold_aware_refined_search,191
0.0,0.0,0.0,0.0,unseen_data,SKAB,fold_2,42,4,5,probabilistic_suffix_tree,2,2,0.5,0.7,95,278,607,0.022983718288527074,skab_fold_aware_refined_search,191
0.6157283288650581,0.47717231222385864,0.8120300751879699,0.601113172541744,original,SKAB,fold_3,42,4,5,probabilistic_suffix_tree,2,2,0.5,0.7,80,243,544,0.027983539094650206,skab_fold_aware_refined_search,191
0.6023235031277927,0.46607669616519176,0.7919799498746867,0.5868152274837511,gaussian_noise,SKAB,fold_3,42,4,5,probabilistic_suffix_tree,2,2,0.5,0.7,80,243,544,0.027983539094650206,skab_fold_aware_refined_search,191
0.20454545454545456,0.20454545454545456,1.0,0.33962264150943394,unseen_data,SKAB,fold_3,42,4,5,probabilistic_suffix_tree,2,2,0.5,0.7,80,243,544,0.027983539094650206,skab_fold_aware_refined_search,191
0.213768115942029,0.1248,0.19548872180451127,0.15234375,original,SKAB,fold_4,42,4,5,probabilistic_suffix_tree,2,2,0.5,0.7,93,273,595,0.023435346015991176,skab_fold_aware_refined_search,191
0.20742753623188406,0.12695924764890282,0.20300751879699247,0.1562198649951784,gaussian_noise,SKAB,fold_4,42,4,5,probabilistic_suffix_tree,2,2,0.5,0.7,93,273,595,0.023435346015991176,skab_fold_aware_refined_search,191
0.11764705882352941,0.11764705882352941,1.0,0.21052631578947367,unseen_data,SKAB,fold_4,42,4,5,probabilistic_suffix_tree,2,2,0.5,0.7,93,273,595,0.023435346015991176,skab_fold_aware_refined_search,191
0.5287356321839081,0.4268558951965066,0.9799498746867168,0.5946768060836501,original,SKAB,fold_5,42,4,5,probabilistic_suffix_tree,2,2,0.5,0.7,83,238,508,0.025716310620633797,skab_fold_aware_refined_search,191
0.502210433244916,0.4125799573560768,0.9699248120300752,0.5789080029917726,gaussian_noise,SKAB,fold_5,42,4,5,probabilistic_suffix_tree,2,2,0.5,0.7,83,238,508,0.025716310620633797,skab_fold_aware_refined_search,191
0.5539568345323741,0.5539568345323741,1.0,0.7129629629629629,unseen_data,SKAB,fold_5,42,4,5,probabilistic_suffix_tree,2,2,0.5,0.7,83,238,508,0.025716310620633797,skab_fold_aware_refined_search,191
0.6028495102404274,0.4734356552538371,1.0,0.6426282051282052,original,SKAB,fold_1,42,4,5,probabilistic_suffix_tree,2,2,0.5,0.9,104,311,671,0.020745733366312146,skab_fold_aware_refined_search,192
0.6028495102404274,0.4734356552538371,1.0,0.6426282051282052,gaussian_noise,SKAB,fold_1,42,4,5,probabilistic_suffix_tree,2,2,0.5,0.9,104,311,671,0.020745733366312146,skab_fold_aware_refined_search,192
0.0,0.0,0.0,0.0,unseen_data,SKAB,fold_1,42,4,5,probabilistic_suffix_tree,2,2,0.5,0.9,104,311,671,0.020745733366312146,skab_fold_aware_refined_search,192
0.35924932975871315,0.35924932975871315,1.0,0.5285996055226825,original,SKAB,fold_2,42,4,5,probabilistic_suffix_tree,2,2,0.5,0.9,95,278,607,0.022983718288527074,skab_fold_aware_refined_search,192
0.35924932975871315,0.35924932975871315,1.0,0.5285996055226825,gaussian_noise,SKAB,fold_2,42,4,5,probabilistic_suffix_tree,2,2,0.5,0.9,95,278,607,0.022983718288527074,skab_fold_aware_refined_search,192
0.0,0.0,0.0,0.0,unseen_data,SKAB,fold_2,42,4,5,probabilistic_suffix_tree,2,2,0.5,0.9,95,278,607,0.022983718288527074,skab_fold_aware_refined_search,192
0.5933869526362824,0.4672131147540984,1.0,0.6368715083798883,original,SKAB,fold_3,42,4,5,probabilistic_suffix_tree,2,2,0.5,0.9,80,243,544,0.027983539094650206,skab_fold_aware_refined_search,192
0.5933869526362824,0.4672131147540984,1.0,0.6368715083798883,gaussian_noise,SKAB,fold_3,42,4,5,probabilistic_suffix_tree,2,2,0.5,0.9,80,243,544,0.027983539094650206,skab_fold_aware_refined_search,192
0.20454545454545456,0.20454545454545456,1.0,0.33962264150943394,unseen_data,SKAB,fold_3,42,4,5,probabilistic_suffix_tree,2,2,0.5,0.9,80,243,544,0.027983539094650206,skab_fold_aware_refined_search,192
0.1068840579710145,0.1433778857837181,0.2957393483709273,0.19312602291325695,original,SKAB,fold_4,42,4,5,probabilistic_suffix_tree,2,2,0.5,0.9,93,273,595,0.023435346015991176,skab_fold_aware_refined_search,192
0.1068840579710145,0.1433778857837181,0.2957393483709273,0.19312602291325695,gaussian_noise,SKAB,fold_4,42,4,5,probabilistic_suffix_tree,2,2,0.5,0.9,93,273,595,0.023435346015991176,skab_fold_aware_refined_search,192
0.11764705882352941,0.11764705882352941,1.0,0.21052631578947367,unseen_data,SKAB,fold_4,42,4,5,probabilistic_suffix_tree,2,2,0.5,0.9,93,273,595,0.023435346015991176,skab_fold_aware_refined_search,192
0.3978779840848806,0.36895910780669144,0.9949874686716792,0.5383050847457627,original,SKAB,fold_5,42,4,5,probabilistic_suffix_tree,2,2,0.5,0.9,83,238,508,0.025716310620633797,skab_fold_aware_refined_search,192
0.38726790450928383,0.3638888888888889,0.9849624060150376,0.5314401622718052,gaussian_noise,SKAB,fold_5,42,4,5,probabilistic_suffix_tree,2,2,0.5,0.9,83,238,508,0.025716310620633797,skab_fold_aware_refined_search,192
0.5539568345323741,0.5539568345323741,1.0,0.7129629629629629,unseen_data,SKAB,fold_5,42,4,5,probabilistic_suffix_tree,2,2,0.5,0.9,83,238,508,0.025716310620633797,skab_fold_aware_refined_search,192
0.6366874443455031,0.4867924528301887,0.32169576059850374,0.38738738738738737,original,SKAB,fold_1,42,4,5,probabilistic_suffix_tree,3,1,0.1,0.5,104,672,1258,0.018000228937728936,skab_fold_aware_refined_search,193
0.6295636687444346,0.47058823529411764,0.29925187032418954,0.36585365853658536,gaussian_noise,SKAB,fold_1,42,4,5,probabilistic_suffix_tree,3,1,0.1,0.5,104,672,1258,0.018000228937728936,skab_fold_aware_refined_search,193
0.0,0.0,0.0,0.0,unseen_data,SKAB,fold_1,42,4,5,probabilistic_suffix_tree,3,1,0.1,0.5,104,672,1258,0.018000228937728936,skab_fold_aware_refined_search,193
0.5236818588025023,0.3253333333333333,0.3034825870646766,0.31402831402831405,original,SKAB,fold_2,42,4,5,probabilistic_suffix_tree,3,1,0.1,0.5,95,608,1167,0.020204293628808864,skab_fold_aware_refined_search,193
0.515638963360143,0.32673267326732675,0.3283582089552239,0.32754342431761785,gaussian_noise,SKAB,fold_2,42,4,5,probabilistic_suffix_tree,3,1,0.1,0.5,95,608,1167,0.020204293628808864,skab_fold_aware_refined_search,193
0.0,0.0,0.0,0.0,unseen_data,SKAB,fold_2,42,4,5,probabilistic_suffix_tree,3,1,0.1,0.5,95,608,1167,0.020204293628808864,skab_fold_aware_refined_search,193
0.5880250223413762,0.4343220338983051,0.5137844611528822,0.4707233065442021,original,SKAB,fold_3,42,4,5,probabilistic_suffix_tree,3,1,0.1,0.5,80,545,1063,0.024380733944954127,skab_fold_aware_refined_search,193
0.5844504021447721,0.4323770491803279,0.5288220551378446,0.47576099210823,gaussian_noise,SKAB,fold_3,42,4,5,probabilistic_suffix_tree,3,1,0.1,0.5,80,545,1063,0.024380733944954127,skab_fold_aware_refined_search,193
0.22727272727272727,0.20930232558139536,1.0,0.34615384615384615,unseen_data,SKAB,fold_3,42,4,5,probabilistic_suffix_tree,3,1,0.1,0.5,80,545,1063,0.024380733944954127,skab_fold_aware_refined_search,193
0.3333333333333333,0.13129102844638948,0.15037593984962405,0.14018691588785046,original,SKAB,fold_4,42,4,5,probabilistic_suffix_tree,3,1,0.1,0.5,93,596,1138,0.020531139496283466,skab_fold_aware_refined_search,193
0.33695652173913043,0.13245033112582782,0.15037593984962405,0.14084507042253522,gaussian_noise,SKAB,fold_4,42,4,5,probabilistic_suffix_tree,3,1,0.1,0.5,93,596,1138,0.020531139496283466,skab_fold_aware_refined_search,193
0.11764705882352941,0.11764705882352941,1.0,0.21052631578947367,unseen_data,SKAB,fold_4,42,4,5,probabilistic_suffix_tree,3,1,0.1,0.5,93,596,1138,0.020531139496283466,skab_fold_aware_refined_search,193
0.5755968169761273,0.4507897934386391,0.9298245614035088,0.6072013093289689,original,SKAB,fold_5,42,4,5,probabilistic_suffix_tree,3,1,0.1,0.5,83,509,971,0.022983880512225722,skab_fold_aware_refined_search,193
0.5366931918656057,0.42724097788125726,0.9197994987468672,0.5834658187599364,gaussian_noise,SKAB,fold_5,42,4,5,probabilistic_suffix_tree,3,1,0.1,0.5,83,509,971,0.022983880512225722,skab_fold_aware_refined_search,193
0.5467625899280576,0.5514705882352942,0.974025974025974,0.704225352112676,unseen_data,SKAB,fold_5,42,4,5,probabilistic_suffix_tree,3,1,0.1,0.5,83,509,971,0.022983880512225722,skab_fold_aware_refined_search,193
0.5218165627782725,0.3781362007168459,0.5261845386533666,0.44004171011470283,original,SKAB,fold_1,42,4,5,probabilistic_suffix_tree,3,1,0.1,0.7,104,672,1258,0.018000228937728936,skab_fold_aware_refined_search,194
0.5289403383793411,0.38571428571428573,0.5386533665835411,0.449531737773153,gaussian_noise,SKAB,fold_1,42,4,5,probabilistic_suffix_tree,3,1,0.1,0.7,104,672,1258,0.018000228937728936,skab_fold_aware_refined_search,194
0.0,0.0,0.0,0.0,unseen_data,SKAB,fold_1,42,4,5,probabilistic_suffix_tree,3,1,0.1,0.7,104,672,1258,0.018000228937728936,skab_fold_aware_refined_search,194
0.5111706881143878,0.3669724770642202,0.4975124378109453,0.42238648363252373,original,SKAB,fold_2,42,4,5,probabilistic_suffix_tree,3,1,0.1,0.7,95,608,1167,0.020204293628808864,skab_fold_aware_refined_search,194
0.5192135835567471,0.38235294117647056,0.5497512437810945,0.45102040816326533,gaussian_noise,SKAB,fold_2,42,4,5,probabilistic_suffix_tree,3,1,0.1,0.7,95,608,1167,0.020204293628808864,skab_fold_aware_refined_search,194
0.0,0.0,0.0,0.0,unseen_data,SKAB,fold_2,42,4,5,probabilistic_suffix_tree,3,1,0.1,0.7,95,608,1167,0.020204293628808864,skab_fold_aware_refined_search,194
0.6112600536193029,0.4736070381231672,0.8095238095238095,0.5975948196114709,original,SKAB,fold_3,42,4,5,probabilistic_suffix_tree,3,1,0.1,0.7,80,545,1063,0.024380733944954127,skab_fold_aware_refined_search,194
0.5960679177837355,0.46164978292329956,0.7994987468671679,0.5853211009174312,gaussian_noise,SKAB,fold_3,42,4,5,probabilistic_suffix_tree,3,1,0.1,0.7,80,545,1063,0.024380733944954127,skab_fold_aware_refined_search,194
0.20454545454545456,0.20454545454545456,1.0,0.33962264150943394,unseen_data,SKAB,fold_3,42,4,5,probabilistic_suffix_tree,3,1,0.1,0.7,80,545,1063,0.024380733944954127,skab_fold_aware_refined_search,194
0.266304347826087,0.13628318584070798,0.19298245614035087,0.15975103734439833,original,SKAB,fold_4,42,4,5,probabilistic_suffix_tree,3,1,0.1,0.7,93,596,1138,0.020531139496283466,skab_fold_aware_refined_search,194
0.2608695652173913,0.1373913043478261,0.19799498746867167,0.162217659137577,gaussian_noise,SKAB,fold_4,42,4,5,probabilistic_suffix_tree,3,1,0.1,0.7,93,596,1138,0.020531139496283466,skab_fold_aware_refined_search,194
0.11764705882352941,0.11764705882352941,1.0,0.21052631578947367,unseen_data,SKAB,fold_4,42,4,5,probabilistic_suffix_tree,3,1,0.1,0.7,93,596,1138,0.020531139496283466,skab_fold_aware_refined_search,194
0.5181255526083113,0.421505376344086,0.9824561403508771,0.5899172310007524,original,SKAB,fold_5,42,4,5,probabilistic_suffix_tree,3,1,0.1,0.7,83,509,971,0.022983880512225722,skab_fold_aware_refined_search,194
0.4986737400530504,0.41139240506329117,0.9774436090225563,0.579064587973274,gaussian_noise,SKAB,fold_5,42,4,5,probabilistic_suffix_tree,3,1,0.1,0.7,83,509,971,0.022983880512225722,skab_fold_aware_refined_search,194
0.5467625899280576,0.5507246376811594,0.987012987012987,0.7069767441860465,unseen_data,SKAB,fold_5,42,4,5,probabilistic_suffix_tree,3,1,0.1,0.7,83,509,971,0.022983880512225722,skab_fold_aware_refined_search,194
0.6019590382902938,0.47287735849056606,1.0,0.6421136909527622,original,SKAB,fold_1,42,4,5,probabilistic_suffix_tree,3,1,0.1,0.9,104,672,1258,0.018000228937728936,skab_fold_aware_refined_search,195
0.6019590382902938,0.47287735849056606,1.0,0.6421136909527622,gaussian_noise,SKAB,fold_1,42,4,5,probabilistic_suffix_tree,3,1,0.1,0.9,104,672,1258,0.018000228937728936,skab_fold_aware_refined_search,195
0.0,0.0,0.0,0.0,unseen_data,SKAB,fold_1,42,4,5,probabilistic_suffix_tree,3,1,0.1,0.9,104,672,1258,0.018000228937728936,skab_fold_aware_refined_search,195
0.6353887399463807,0.4962962962962963,1.0,0.6633663366336634,original,SKAB,fold_2,42,4,5,probabilistic_suffix_tree,3,1,0.1,0.9,95,608,1167,0.020204293628808864,skab_fold_aware_refined_search,195
0.6291331546023236,0.4920440636474908,1.0,0.6595570139458573,gaussian_noise,SKAB,fold_2,42,4,5,probabilistic_suffix_tree,3,1,0.1,0.9,95,608,1167,0.020204293628808864,skab_fold_aware_refined_search,195
0.0,0.0,0.0,0.0,unseen_data,SKAB,fold_2,42,4,5,probabilistic_suffix_tree,3,1,0.1,0.9,95,608,1167,0.020204293628808864,skab_fold_aware_refined_search,195
0.6416443252904379,0.4987012987012987,0.9624060150375939,0.6569717707442259,original,SKAB,fold_3,42,4,5,probabilistic_suffix_tree,3,1,0.1,0.9,80,545,1063,0.024380733944954127,skab_fold_aware_refined_search,195
0.6389633601429848,0.49676584734799484,0.9624060150375939,0.6552901023890785,gaussian_noise,SKAB,fold_3,42,4,5,probabilistic_suffix_tree,3,1,0.1,0.9,80,545,1063,0.024380733944954127,skab_fold_aware_refined_search,195
0.20454545454545456,0.20454545454545456,1.0,0.33962264150943394,unseen_data,SKAB,fold_3,42,4,5,probabilistic_suffix_tree,3,1,0.1,0.9,80,545,1063,0.024380733944954127,skab_fold_aware_refined_search,195
0.10778985507246377,0.14441747572815533,0.2982456140350877,0.1946034341782502,original,SKAB,fold_4,42,4,5,probabilistic_suffix_tree,3,1,0.1,0.9,93,596,1138,0.020531139496283466,skab_fold_aware_refined_search,195
0.10778985507246377,0.14441747572815533,0.2982456140350877,0.1946034341782502,gaussian_noise,SKAB,fold_4,42,4,5,probabilistic_suffix_tree,3,1,0.1,0.9,93,596,1138,0.020531139496283466,skab_fold_aware_refined_search,195
0.11764705882352941,0.11764705882352941,1.0,0.21052631578947367,unseen_data,SKAB,fold_4,42,4,5,probabilistic_suffix_tree,3,1,0.1,0.9,93,596,1138,0.020531139496283466,skab_fold_aware_refined_search,195
0.39080459770114945,0.36672794117647056,1.0,0.5366509751176867,original,SKAB,fold_5,42,4,5,probabilistic_suffix_tree,3,1,0.1,0.9,83,509,971,0.022983880512225722,skab_fold_aware_refined_search,195
0.3819628647214854,0.3623853211009174,0.9899749373433584,0.5305574210879785,gaussian_noise,SKAB,fold_5,42,4,5,probabilistic_suffix_tree,3,1,0.1,0.9,83,509,971,0.022983880512225722,skab_fold_aware_refined_search,195
0.5539568345323741,0.5539568345323741,1.0,0.7129629629629629,unseen_data,SKAB,fold_5,42,4,5,probabilistic_suffix_tree,3,1,0.1,0.9,83,509,971,0.022983880512225722,skab_fold_aware_refined_search,195
0.6562778272484416,0.5184275184275184,0.5261845386533666,0.5222772277227723,original,SKAB,fold_1,42,4,5,probabilistic_suffix_tree,3,1,0.5,0.5,104,672,1258,0.018000228937728936,skab_fold_aware_refined_search,196
0.6580587711487088,0.5204819277108433,0.5386533665835411,0.5294117647058824,gaussian_noise,SKAB,fold_1,42,4,5,probabilistic_suffix_tree,3,1,0.5,0.5,104,672,1258,0.018000228937728936,skab_fold_aware_refined_search,196
0.0,0.0,0.0,0.0,unseen_data,SKAB,fold_1,42,4,5,probabilistic_suffix_tree,3,1,0.5,0.5,104,672,1258,0.018000228937728936,skab_fold_aware_refined_search,196
0.516532618409294,0.37742504409171074,0.5323383084577115,0.44169246646026833,original,SKAB,fold_2,42,4,5,probabilistic_suffix_tree,3,1,0.5,0.5,95,608,1167,0.020204293628808864,skab_fold_aware_refined_search,196
0.5245755138516532,0.39166666666666666,0.5845771144278606,0.469061876247505,gaussian_noise,SKAB,fold_2,42,4,5,probabilistic_suffix_tree,3,1,0.5,0.5,95,608,1167,0.020204293628808864,skab_fold_aware_refined_search,196
0.0,0.0,0.0,0.0,unseen_data,SKAB,fold_2,42,4,5,probabilistic_suffix_tree,3,1,0.5,0.5,95,608,1167,0.020204293628808864,skab_fold_aware_refined_search,196
0.610366398570152,0.472992700729927,0.8120300751879699,0.5977859778597786,original,SKAB,fold_3,42,4,5,probabilistic_suffix_tree,3,1,0.5,0.5,80,545,1063,0.024380733944954127,skab_fold_aware_refined_search,196
0.5978552278820375,0.46320346320346323,0.8045112781954887,0.5879120879120879,gaussian_noise,SKAB,fold_3,42,4,5,probabilistic_suffix_tree,3,1,0.5,0.5,80,545,1063,0.024380733944954127,skab_fold_aware_refined_search,196
0.20454545454545456,0.20454545454545456,1.0,0.33962264150943394,unseen_data,SKAB,fold_3,42,4,5,probabilistic_suffix_tree,3,1,0.5,0.5,80,545,1063,0.024380733944954127,skab_fold_aware_refined_search,196
0.2608695652173913,0.14480408858603067,0.21303258145363407,0.1724137931034483,original,SKAB,fold_4,42,4,5,probabilistic_suffix_tree,3,1,0.5,0.5,93,596,1138,0.020531139496283466,skab_fold_aware_refined_search,196
0.2509057971014493,0.14451827242524917,0.21804511278195488,0.17382617382617382,gaussian_noise,SKAB,fold_4,42,4,5,probabilistic_suffix_tree,3,1,0.5,0.5,93,596,1138,0.020531139496283466,skab_fold_aware_refined_search,196
0.11764705882352941,0.11764705882352941,1.0,0.21052631578947367,unseen_data,SKAB,fold_4,42,4,5,probabilistic_suffix_tree,3,1,0.5,0.5,93,596,1138,0.020531139496283466,skab_fold_aware_refined_search,196
0.5137046861184792,0.41959531416400425,0.9874686716791979,0.5889387144992526,original,SKAB,fold_5,42,4,5,probabilistic_suffix_tree,3,1,0.5,0.5,83,509,971,0.022983880512225722,skab_fold_aware_refined_search,196
0.493368700265252,0.4091858037578288,0.9824561403508771,0.5777450257921887,gaussian_noise,SKAB,fold_5,42,4,5,probabilistic_suffix_tree,3,1,0.5,0.5,83,509,971,0.022983880512225722,skab_fold_aware_refined_search,196
0.5467625899280576,0.5507246376811594,0.987012987012987,0.7069767441860465,unseen_data,SKAB,fold_5,42,4,5,probabilistic_suffix_tree,3,1,0.5,0.5,83,509,971,0.022983880512225722,skab_fold_aware_refined_search,196
0.5218165627782725,0.3781362007168459,0.5261845386533666,0.44004171011470283,original,SKAB,fold_1,42,4,5,probabilistic_suffix_tree,3,1,0.5,0.7,104,672,1258,0.018000228937728936,skab_fold_aware_refined_search,197
0.5280498664292075,0.3850267379679144,0.5386533665835411,0.4490644490644491,gaussian_noise,SKAB,fold_1,42,4,5,probabilistic_suffix_tree,3,1,0.5,0.7,104,672,1258,0.018000228937728936,skab_fold_aware_refined_search,197
0.0,0.0,0.0,0.0,unseen_data,SKAB,fold_1,42,4,5,probabilistic_suffix_tree,3,1,0.5,0.7,104,672,1258,0.018000228937728936,skab_fold_aware_refined_search,197
0.516532618409294,0.37742504409171074,0.5323383084577115,0.44169246646026833,original,SKAB,fold_2,42,4,5,probabilistic_suffix_tree,3,1,0.5,0.7,95,608,1167,0.020204293628808864,skab_fold_aware_refined_search,197
0.5245755138516532,0.39166666666666666,0.5845771144278606,0.469061876247505,gaussian_noise,SKAB,fold_2,42,4,5,probabilistic_suffix_tree,3,1,0.5,0.7,95,608,1167,0.020204293628808864,skab_fold_aware_refined_search,197
0.0,0.0,0.0,0.0,unseen_data,SKAB,fold_2,42,4,5,probabilistic_suffix_tree,3,1,0.5,0.7,95,608,1167,0.020204293628808864,skab_fold_aware_refined_search,197
0.613941018766756,0.4766619519094767,0.8446115288220551,0.6094032549728752,original,SKAB,fold_3,42,4,5,probabilistic_suffix_tree,3,1,0.5,0.7,80,545,1063,0.024380733944954127,skab_fold_aware_refined_search,197
0.6005361930294906,0.4660056657223796,0.8245614035087719,0.5954751131221719,gaussian_noise,SKAB,fold_3,42,4,5,probabilistic_suffix_tree,3,1,0.5,0.7,80,545,1063,0.024380733944954127,skab_fold_aware_refined_search,197
0.20454545454545456,0.20454545454545456,1.0,0.33962264150943394,unseen_data,SKAB,fold_3,42,4,5,probabilistic_suffix_tree,3,1,0.5,0.7,80,545,1063,0.024380733944954127,skab_fold_aware_refined_search,197
0.20380434782608695,0.13076923076923078,0.21303258145363407,0.16205910390848427,original,SKAB,fold_4,42,4,5,probabilistic_suffix_tree,3,1,0.5,0.7,93,596,1138,0.020531139496283466,skab_fold_aware_refined_search,197
0.19384057971014493,0.13082706766917293,0.21804511278195488,0.16353383458646617,gaussian_noise,SKAB,fold_4,42,4,5,probabilistic_suffix_tree,3,1,0.5,0.7,93,596,1138,0.020531139496283466,skab_fold_aware_refined_search,197
0.11764705882352941,0.11764705882352941,1.0,0.21052631578947367,unseen_data,SKAB,fold_4,42,4,5,probabilistic_suffix_tree,3,1,0.5,0.7,93,596,1138,0.020531139496283466,skab_fold_aware_refined_search,197
0.5101679929266136,0.41798941798941797,0.9899749373433584,0.5877976190476191,original,SKAB,fold_5,42,4,5,probabilistic_suffix_tree,3,1,0.5,0.7,83,509,971,0.022983880512225722,skab_fold_aware_refined_search,197
0.48894783377542,0.407061266874351,0.9824561403508771,0.5756240822320118,gaussian_noise,SKAB,fold_5,42,4,5,probabilistic_suffix_tree,3,1,0.5,0.7,83,509,971,0.022983880512225722,skab_fold_aware_refined_search,197
0.5539568345323741,0.5539568345323741,1.0,0.7129629629629629,unseen_data,SKAB,fold_5,42,4,5,probabilistic_suffix_tree,3,1,0.5,0.7,83,509,971,0.022983880512225722,skab_fold_aware_refined_search,197
0.6019590382902938,0.47287735849056606,1.0,0.6421136909527622,original,SKAB,fold_1,42,4,5,probabilistic_suffix_tree,3,1,0.5,0.9,104,672,1258,0.018000228937728936,skab_fold_aware_refined_search,198
0.6019590382902938,0.47287735849056606,1.0,0.6421136909527622,gaussian_noise,SKAB,fold_1,42,4,5,probabilistic_suffix_tree,3,1,0.5,0.9,104,672,1258,0.018000228937728936,skab_fold_aware_refined_search,198
0.0,0.0,0.0,0.0,unseen_data,SKAB,fold_1,42,4,5,probabilistic_suffix_tree,3,1,0.5,0.9,104,672,1258,0.018000228937728936,skab_fold_aware_refined_search,198
0.35924932975871315,0.35924932975871315,1.0,0.5285996055226825,original,SKAB,fold_2,42,4,5,probabilistic_suffix_tree,3,1,0.5,0.9,95,608,1167,0.020204293628808864,skab_fold_aware_refined_search,198
0.35924932975871315,0.35924932975871315,1.0,0.5285996055226825,gaussian_noise,SKAB,fold_2,42,4,5,probabilistic_suffix_tree,3,1,0.5,0.9,95,608,1167,0.020204293628808864,skab_fold_aware_refined_search,198
0.0,0.0,0.0,0.0,unseen_data,SKAB,fold_2,42,4,5,probabilistic_suffix_tree,3,1,0.5,0.9,95,608,1167,0.020204293628808864,skab_fold_aware_refined_search,198
0.5915996425379804,0.4661214953271028,1.0,0.6358565737051792,original,SKAB,fold_3,42,4,5,probabilistic_suffix_tree,3,1,0.5,0.9,80,545,1063,0.024380733944954127,skab_fold_aware_refined_search,198
0.5915996425379804,0.4661214953271028,1.0,0.6358565737051792,gaussian_noise,SKAB,fold_3,42,4,5,probabilistic_suffix_tree,3,1,0.5,0.9,80,545,1063,0.024380733944954127,skab_fold_aware_refined_search,198
0.20454545454545456,0.20454545454545456,1.0,0.33962264150943394,unseen_data,SKAB,fold_3,42,4,5,probabilistic_suffix_tree,3,1,0.5,0.9,80,545,1063,0.024380733944954127,skab_fold_aware_refined_search,198
0.10778985507246377,0.14441747572815533,0.2982456140350877,0.1946034341782502,original,SKAB,fold_4,42,4,5,probabilistic_suffix_tree,3,1,0.5,0.9,93,596,1138,0.020531139496283466,skab_fold_aware_refined_search,198
0.10778985507246377,0.14441747572815533,0.2982456140350877,0.1946034341782502,gaussian_noise,SKAB,fold_4,42,4,5,probabilistic_suffix_tree,3,1,0.5,0.9,93,596,1138,0.020531139496283466,skab_fold_aware_refined_search,198
0.11764705882352941,0.11764705882352941,1.0,0.21052631578947367,unseen_data,SKAB,fold_4,42,4,5,probabilistic_suffix_tree,3,1,0.5,0.9,93,596,1138,0.020531139496283466,skab_fold_aware_refined_search,198
0.39080459770114945,0.36672794117647056,1.0,0.5366509751176867,original,SKAB,fold_5,42,4,5,probabilistic_suffix_tree,3,1,0.5,0.9,83,509,971,0.022983880512225722,skab_fold_aware_refined_search,198
0.3819628647214854,0.3623853211009174,0.9899749373433584,0.5305574210879785,gaussian_noise,SKAB,fold_5,42,4,5,probabilistic_suffix_tree,3,1,0.5,0.9,83,509,971,0.022983880512225722,skab_fold_aware_refined_search,198
0.5539568345323741,0.5539568345323741,1.0,0.7129629629629629,unseen_data,SKAB,fold_5,42,4,5,probabilistic_suffix_tree,3,1,0.5,0.9,83,509,971,0.022983880512225722,skab_fold_aware_refined_search,198
0.6375779162956366,0.48863636363636365,0.32169576059850374,0.3879699248120301,original,SKAB,fold_1,42,4,5,probabilistic_suffix_tree,3,2,0.1,0.5,104,672,1258,0.018000228937728936,skab_fold_aware_refined_search,199
0.6304541406945681,0.47244094488188976,0.29925187032418954,0.366412213740458,gaussian_noise,SKAB,fold_1,42,4,5,probabilistic_suffix_tree,3,2,0.1,0.5,104,672,1258,0.018000228937728936,skab_fold_aware_refined_search,199
0.0,0.0,0.0,0.0,unseen_data,SKAB,fold_1,42,4,5,probabilistic_suffix_tree,3,2,0.1,0.5,104,672,1258,0.018000228937728936,skab_fold_aware_refined_search,199
0.5218945487042002,0.32171581769436997,0.29850746268656714,0.3096774193548387,original,SKAB,fold_2,42,4,5,probabilistic_suffix_tree,3,2,0.1,0.5,95,608,1167,0.020204293628808864,skab_fold_aware_refined_search,199
0.5138516532618409,0.32338308457711445,0.32338308457711445,0.32338308457711445,gaussian_noise,SKAB,fold_2,42,4,5,probabilistic_suffix_tree,3,2,0.1,0.5,95,608,1167,0.020204293628808864,skab_fold_aware_refined_search,199
0.0,0.0,0.0,0.0,unseen_data,SKAB,fold_2,42,4,5,probabilistic_suffix_tree,3,2,0.1,0.5,95,608,1167,0.020204293628808864,skab_fold_aware_refined_search,199
0.5924932975871313,0.43870967741935485,0.5112781954887218,0.4722222222222222,original,SKAB,fold_3,42,4,5,probabilistic_suffix_tree,3,2,0.1,0.5,80,545,1063,0.024380733944954127,skab_fold_aware_refined_search,199
0.5907059874888293,0.4386694386694387,0.5288220551378446,0.47954545454545455,gaussian_noise,SKAB,fold_3,42,4,5,probabilistic_suffix_tree,3,2,0.1,0.5,80,545,1063,0.024380733944954127,skab_fold_aware_refined_search,199
0.22727272727272727,0.20930232558139536,1.0,0.34615384615384615,unseen_data,SKAB,fold_3,42,4,5,probabilistic_suffix_tree,3,2,0.1,0.5,80,545,1063,0.024380733944954127,skab_fold_aware_refined_search,199
0.3342391304347826,0.12831858407079647,0.14536340852130325,0.136310223266745,original,SKAB,fold_4,42,4,5,probabilistic_suffix_tree,3,2,0.1,0.5,93,596,1138,0.020531139496283466,skab_fold_aware_refined_search,199
0.3378623188405797,0.12946428571428573,0.14536340852130325,0.13695395513577333,gaussian_noise,SKAB,fold_4,42,4,5,probabilistic_suffix_tree,3,2,0.1,0.5,93,596,1138,0.020531139496283466,skab_fold_aware_refined_search,199
0.11764705882352941,0.11764705882352941,1.0,0.21052631578947367,unseen_data,SKAB,fold_4,42,4,5,probabilistic_suffix_tree,3,2,0.1,0.5,93,596,1138,0.020531139496283466,skab_fold_aware_refined_search,199
0.5764809902740937,0.4511002444987775,0.924812030075188,0.6064092029580936,original,SKAB,fold_5,42,4,5,probabilistic_suffix_tree,3,2,0.1,0.5,83,509,971,0.022983880512225722,skab_fold_aware_refined_search,199
0.5402298850574713,0.4289071680376028,0.9147869674185464,0.584,gaussian_noise,SKAB,fold_5,42,4,5,probabilistic_suffix_tree,3,2,0.1,0.5,83,509,971,0.022983880512225722,skab_fold_aware_refined_search,199
0.5467625899280576,0.5514705882352942,0.974025974025974,0.704225352112676,unseen_data,SKAB,fold_5,42,4,5,probabilistic_suffix_tree,3,2,0.1,0.5,83,509,971,0.022983880512225722,skab_fold_aware_refined_search,199
0.5218165627782725,0.3781362007168459,0.5261845386533666,0.44004171011470283,original,SKAB,fold_1,42,4,5,probabilistic_suffix_tree,3,2,0.1,0.7,104,672,1258,0.018000228937728936,skab_fold_aware_refined_search,200
0.5289403383793411,0.38571428571428573,0.5386533665835411,0.449531737773153,gaussian_noise,SKAB,fold_1,42,4,5,probabilistic_suffix_tree,3,2,0.1,0.7,104,672,1258,0.018000228937728936,skab_fold_aware_refined_search,200
0.0,0.0,0.0,0.0,unseen_data,SKAB,fold_1,42,4,5,probabilistic_suffix_tree,3,2,0.1,0.7,104,672,1258,0.018000228937728936,skab_fold_aware_refined_search,200
0.5111706881143878,0.3669724770642202,0.4975124378109453,0.42238648363252373,original,SKAB,fold_2,42,4,5,probabilistic_suffix_tree,3,2,0.1,0.7,95,608,1167,0.020204293628808864,skab_fold_aware_refined_search,200
0.5192135835567471,0.38235294117647056,0.5497512437810945,0.45102040816326533,gaussian_noise,SKAB,fold_2,42,4,5,probabilistic_suffix_tree,3,2,0.1,0.7,95,608,1167,0.020204293628808864,skab_fold_aware_refined_search,200
0.0,0.0,0.0,0.0,unseen_data,SKAB,fold_2,42,4,5,probabilistic_suffix_tree,3,2,0.1,0.7,95,608,1167,0.020204293628808864,skab_fold_aware_refined_search,200
0.613047363717605,0.475,0.8095238095238095,0.5987025023169601,original,SKAB,fold_3,42,4,5,probabilistic_suffix_tree,3,2,0.1,0.7,80,545,1063,0.024380733944954127,skab_fold_aware_refined_search,200
0.5987488829311886,0.4636627906976744,0.7994987468671679,0.5869365225390984,gaussian_noise,SKAB,fold_3,42,4,5,probabilistic_suffix_tree,3,2,0.1,0.7,80,545,1063,0.024380733944954127,skab_fold_aware_refined_search,200
0.20454545454545456,0.20454545454545456,1.0,0.33962264150943394,unseen_data,SKAB,fold_3,42,4,5,probabilistic_suffix_tree,3,2,0.1,0.7,80,545,1063,0.024380733944954127,skab_fold_aware_refined_search,200
0.266304347826087,0.13628318584070798,0.19298245614035087,0.15975103734439833,original,SKAB,fold_4,42,4,5,probabilistic_suffix_tree,3,2,0.1,0.7,93,596,1138,0.020531139496283466,skab_fold_aware_refined_search,200
0.2608695652173913,0.1373913043478261,0.19799498746867167,0.162217659137577,gaussian_noise,SKAB,fold_4,42,4,5,probabilistic_suffix_tree,3,2,0.1,0.7,93,596,1138,0.020531139496283466,skab_fold_aware_refined_search,200
0.11764705882352941,0.11764705882352941,1.0,0.21052631578947367,unseen_data,SKAB,fold_4,42,4,5,probabilistic_suffix_tree,3,2,0.1,0.7,93,596,1138,0.020531139496283466,skab_fold_aware_refined_search,200
0.519893899204244,0.4224137931034483,0.9824561403508771,0.5908063300678221,original,SKAB,fold_5,42,4,5,probabilistic_suffix_tree,3,2,0.1,0.7,83,509,971,0.022983880512225722,skab_fold_aware_refined_search,200
0.5013262599469496,0.4126984126984127,0.9774436090225563,0.5803571428571429,gaussian_noise,SKAB,fold_5,42,4,5,probabilistic_suffix_tree,3,2,0.1,0.7,83,509,971,0.022983880512225722,skab_fold_aware_refined_search,200
0.5467625899280576,0.5507246376811594,0.987012987012987,0.7069767441860465,unseen_data,SKAB,fold_5,42,4,5,probabilistic_suffix_tree,3,2,0.1,0.7,83,509,971,0.022983880512225722,skab_fold_aware_refined_search,200
0.6019590382902938,0.47287735849056606,1.0,0.6421136909527622,original,SKAB,fold_1,42,4,5,probabilistic_suffix_tree,3,2,0.1,0.9,104,672,1258,0.018000228937728936,skab_fold_aware_refined_search,201
0.6019590382902938,0.47287735849056606,1.0,0.6421136909527622,gaussian_noise,SKAB,fold_1,42,4,5,probabilistic_suffix_tree,3,2,0.1,0.9,104,672,1258,0.018000228937728936,skab_fold_aware_refined_search,201
0.0,0.0,0.0,0.0,unseen_data,SKAB,fold_1,42,4,5,probabilistic_suffix_tree,3,2,0.1,0.9,104,672,1258,0.018000228937728936,skab_fold_aware_refined_search,201
0.6353887399463807,0.4962962962962963,1.0,0.6633663366336634,original,SKAB,fold_2,42,4,5,probabilistic_suffix_tree,3,2,0.1,0.9,95,608,1167,0.020204293628808864,skab_fold_aware_refined_search,201
0.6291331546023236,0.4920440636474908,1.0,0.6595570139458573,gaussian_noise,SKAB,fold_2,42,4,5,probabilistic_suffix_tree,3,2,0.1,0.9,95,608,1167,0.020204293628808864,skab_fold_aware_refined_search,201
0.0,0.0,0.0,0.0,unseen_data,SKAB,fold_2,42,4,5,probabilistic_suffix_tree,3,2,0.1,0.9,95,608,1167,0.020204293628808864,skab_fold_aware_refined_search,201
0.6434316353887399,0.5,0.9624060150375939,0.6580976863753213,original,SKAB,fold_3,42,4,5,probabilistic_suffix_tree,3,2,0.1,0.9,80,545,1063,0.024380733944954127,skab_fold_aware_refined_search,201
0.6407506702412868,0.4980544747081712,0.9624060150375939,0.6564102564102564,gaussian_noise,SKAB,fold_3,42,4,5,probabilistic_suffix_tree,3,2,0.1,0.9,80,545,1063,0.024380733944954127,skab_fold_aware_refined_search,201
0.20454545454545456,0.20454545454545456,1.0,0.33962264150943394,unseen_data,SKAB,fold_3,42,4,5,probabilistic_suffix_tree,3,2,0.1,0.9,80,545,1063,0.024380733944954127,skab_fold_aware_refined_search,201
0.10778985507246377,0.14441747572815533,0.2982456140350877,0.1946034341782502,original,SKAB,fold_4,42,4,5,probabilistic_suffix_tree,3,2,0.1,0.9,93,596,1138,0.020531139496283466,skab_fold_aware_refined_search,201
0.10778985507246377,0.14441747572815533,0.2982456140350877,0.1946034341782502,gaussian_noise,SKAB,fold_4,42,4,5,probabilistic_suffix_tree,3,2,0.1,0.9,93,596,1138,0.020531139496283466,skab_fold_aware_refined_search,201
0.11764705882352941,0.11764705882352941,1.0,0.21052631578947367,unseen_data,SKAB,fold_4,42,4,5,probabilistic_suffix_tree,3,2,0.1,0.9,93,596,1138,0.020531139496283466,skab_fold_aware_refined_search,201
0.3925729442970822,0.3674033149171271,1.0,0.5373737373737374,original,SKAB,fold_5,42,4,5,probabilistic_suffix_tree,3,2,0.1,0.9,83,509,971,0.022983880512225722,skab_fold_aware_refined_search,201
0.3837312113174182,0.3630514705882353,0.9899749373433584,0.531271015467384,gaussian_noise,SKAB,fold_5,42,4,5,probabilistic_suffix_tree,3,2,0.1,0.9,83,509,971,0.022983880512225722,skab_fold_aware_refined_search,201
0.5539568345323741,0.5539568345323741,1.0,0.7129629629629629,unseen_data,SKAB,fold_5,42,4,5,probabilistic_suffix_tree,3,2,0.1,0.9,83,509,971,0.022983880512225722,skab_fold_aware_refined_search,201
0.6562778272484416,0.5184275184275184,0.5261845386533666,0.5222772277227723,original,SKAB,fold_1,42,4,5,probabilistic_suffix_tree,3,2,0.5,0.5,104,672,1258,0.018000228937728936,skab_fold_aware_refined_search,202
0.6580587711487088,0.5204819277108433,0.5386533665835411,0.5294117647058824,gaussian_noise,SKAB,fold_1,42,4,5,probabilistic_suffix_tree,3,2,0.5,0.5,104,672,1258,0.018000228937728936,skab_fold_aware_refined_search,202
0.0,0.0,0.0,0.0,unseen_data,SKAB,fold_1,42,4,5,probabilistic_suffix_tree,3,2,0.5,0.5,104,672,1258,0.018000228937728936,skab_fold_aware_refined_search,202
0.516532618409294,0.37742504409171074,0.5323383084577115,0.44169246646026833,original,SKAB,fold_2,42,4,5,probabilistic_suffix_tree,3,2,0.5,0.5,95,608,1167,0.020204293628808864,skab_fold_aware_refined_search,202
0.5245755138516532,0.39166666666666666,0.5845771144278606,0.469061876247505,gaussian_noise,SKAB,fold_2,42,4,5,probabilistic_suffix_tree,3,2,0.5,0.5,95,608,1167,0.020204293628808864,skab_fold_aware_refined_search,202
0.0,0.0,0.0,0.0,unseen_data,SKAB,fold_2,42,4,5,probabilistic_suffix_tree,3,2,0.5,0.5,95,608,1167,0.020204293628808864,skab_fold_aware_refined_search,202
0.612153708668454,0.4743777452415813,0.8120300751879699,0.5988909426987061,original,SKAB,fold_3,42,4,5,probabilistic_suffix_tree,3,2,0.5,0.5,80,545,1063,0.024380733944954127,skab_fold_aware_refined_search,202
0.6005361930294906,0.4652173913043478,0.8045112781954887,0.5895316804407713,gaussian_noise,SKAB,fold_3,42,4,5,probabilistic_suffix_tree,3,2,0.5,0.5,80,545,1063,0.024380733944954127,skab_fold_aware_refined_search,202
0.20454545454545456,0.20454545454545456,1.0,0.33962264150943394,unseen_data,SKAB,fold_3,42,4,5,probabilistic_suffix_tree,3,2,0.5,0.5,80,545,1063,0.024380733944954127,skab_fold_aware_refined_search,202
0.2608695652173913,0.14480408858603067,0.21303258145363407,0.1724137931034483,original,SKAB,fold_4,42,4,5,probabilistic_suffix_tree,3,2,0.5,0.5,93,596,1138,0.020531139496283466,skab_fold_aware_refined_search,202
0.2509057971014493,0.14451827242524917,0.21804511278195488,0.17382617382617382,gaussian_noise,SKAB,fold_4,42,4,5,probabilistic_suffix_tree,3,2,0.5,0.5,93,596,1138,0.020531139496283466,skab_fold_aware_refined_search,202
0.11764705882352941,0.11764705882352941,1.0,0.21052631578947367,unseen_data,SKAB,fold_4,42,4,5,probabilistic_suffix_tree,3,2,0.5,0.5,93,596,1138,0.020531139496283466,skab_fold_aware_refined_search,202
0.515473032714412,0.4204909284951974,0.9874686716791979,0.5898203592814372,original,SKAB,fold_5,42,4,5,probabilistic_suffix_tree,3,2,0.5,0.5,83,509,971,0.022983880512225722,skab_fold_aware_refined_search,202
0.4960212201591512,0.41047120418848165,0.9824561403508771,0.5790251107828656,gaussian_noise,SKAB,fold_5,42,4,5,probabilistic_suffix_tree,3,2,0.5,0.5,83,509,971,0.022983880512225722,skab_fold_aware_refined_search,202
0.5467625899280576,0.5507246376811594,0.987012987012987,0.7069767441860465,unseen_data,SKAB,fold_5,42,4,5,probabilistic_suffix_tree,3,2,0.5,0.5,83,509,971,0.022983880512225722,skab_fold_aware_refined_search,202
0.5218165627782725,0.3781362007168459,0.5261845386533666,0.44004171011470283,original,SKAB,fold_1,42,4,5,probabilistic_suffix_tree,3,2,0.5,0.7,104,672,1258,0.018000228937728936,skab_fold_aware_refined_search,203
0.5280498664292075,0.3850267379679144,0.5386533665835411,0.4490644490644491,gaussian_noise,SKAB,fold_1,42,4,5,probabilistic_suffix_tree,3,2,0.5,0.7,104,672,1258,0.018000228937728936,skab_fold_aware_refined_search,203
0.0,0.0,0.0,0.0,unseen_data,SKAB,fold_1,42,4,5,probabilistic_suffix_tree,3,2,0.5,0.7,104,672,1258,0.018000228937728936,skab_fold_aware_refined_search,203
0.516532618409294,0.37742504409171074,0.5323383084577115,0.44169246646026833,original,SKAB,fold_2,42,4,5,probabilistic_suffix_tree,3,2,0.5,0.7,95,608,1167,0.020204293628808864,skab_fold_aware_refined_search,203
0.5245755138516532,0.39166666666666666,0.5845771144278606,0.469061876247505,gaussian_noise,SKAB,fold_2,42,4,5,probabilistic_suffix_tree,3,2,0.5,0.7,95,608,1167,0.020204293628808864,skab_fold_aware_refined_search,203
0.0,0.0,0.0,0.0,unseen_data,SKAB,fold_2,42,4,5,probabilistic_suffix_tree,3,2,0.5,0.7,95,608,1167,0.020204293628808864,skab_fold_aware_refined_search,203
0.6157283288650581,0.47801418439716314,0.8446115288220551,0.6105072463768116,original,SKAB,fold_3,42,4,5,probabilistic_suffix_tree,3,2,0.5,0.7,80,545,1063,0.024380733944954127,skab_fold_aware_refined_search,203
0.6023235031277927,0.46732954545454547,0.8245614035087719,0.5965548504079783,gaussian_noise,SKAB,fold_3,42,4,5,probabilistic_suffix_tree,3,2,0.5,0.7,80,545,1063,0.024380733944954127,skab_fold_aware_refined_search,203
0.20454545454545456,0.20454545454545456,1.0,0.33962264150943394,unseen_data,SKAB,fold_3,42,4,5,probabilistic_suffix_tree,3,2,0.5,0.7,80,545,1063,0.024380733944954127,skab_fold_aware_refined_search,203
0.20380434782608695,0.13076923076923078,0.21303258145363407,0.16205910390848427,original,SKAB,fold_4,42,4,5,probabilistic_suffix_tree,3,2,0.5,0.7,93,596,1138,0.020531139496283466,skab_fold_aware_refined_search,203
0.19384057971014493,0.13082706766917293,0.21804511278195488,0.16353383458646617,gaussian_noise,SKAB,fold_4,42,4,5,probabilistic_suffix_tree,3,2,0.5,0.7,93,596,1138,0.020531139496283466,skab_fold_aware_refined_search,203
0.11764705882352941,0.11764705882352941,1.0,0.21052631578947367,unseen_data,SKAB,fold_4,42,4,5,probabilistic_suffix_tree,3,2,0.5,0.7,93,596,1138,0.020531139496283466,skab_fold_aware_refined_search,203
0.5119363395225465,0.4188759278897137,0.9899749373433584,0.5886736214605067,original,SKAB,fold_5,42,4,5,probabilistic_suffix_tree,3,2,0.5,0.7,83,509,971,0.022983880512225722,skab_fold_aware_refined_search,203
0.4907161803713528,0.40790842872008326,0.9824561403508771,0.5764705882352941,gaussian_noise,SKAB,fold_5,42,4,5,probabilistic_suffix_tree,3,2,0.5,0.7,83,509,971,0.022983880512225722,skab_fold_aware_refined_search,203
0.5539568345323741,0.5539568345323741,1.0,0.7129629629629629,unseen_data,SKAB,fold_5,42,4,5,probabilistic_suffix_tree,3,2,0.5,0.7,83,509,971,0.022983880512225722,skab_fold_aware_refined_search,203
0.6019590382902938,0.47287735849056606,1.0,0.6421136909527622,original,SKAB,fold_1,42,4,5,probabilistic_suffix_tree,3,2,0.5,0.9,104,672,1258,0.018000228937728936,skab_fold_aware_refined_search,204
0.6019590382902938,0.47287735849056606,1.0,0.6421136909527622,gaussian_noise,SKAB,fold_1,42,4,5,probabilistic_suffix_tree,3,2,0.5,0.9,104,672,1258,0.018000228937728936,skab_fold_aware_refined_search,204
0.0,0.0,0.0,0.0,unseen_data,SKAB,fold_1,42,4,5,probabilistic_suffix_tree,3,2,0.5,0.9,104,672,1258,0.018000228937728936,skab_fold_aware_refined_search,204
0.35924932975871315,0.35924932975871315,1.0,0.5285996055226825,original,SKAB,fold_2,42,4,5,probabilistic_suffix_tree,3,2,0.5,0.9,95,608,1167,0.020204293628808864,skab_fold_aware_refined_search,204
0.35924932975871315,0.35924932975871315,1.0,0.5285996055226825,gaussian_noise,SKAB,fold_2,42,4,5,probabilistic_suffix_tree,3,2,0.5,0.9,95,608,1167,0.020204293628808864,skab_fold_aware_refined_search,204
0.0,0.0,0.0,0.0,unseen_data,SKAB,fold_2,42,4,5,probabilistic_suffix_tree,3,2,0.5,0.9,95,608,1167,0.020204293628808864,skab_fold_aware_refined_search,204
0.5933869526362824,0.4672131147540984,1.0,0.6368715083798883,original,SKAB,fold_3,42,4,5,probabilistic_suffix_tree,3,2,0.5,0.9,80,545,1063,0.024380733944954127,skab_fold_aware_refined_search,204
0.5933869526362824,0.4672131147540984,1.0,0.6368715083798883,gaussian_noise,SKAB,fold_3,42,4,5,probabilistic_suffix_tree,3,2,0.5,0.9,80,545,1063,0.024380733944954127,skab_fold_aware_refined_search,204
0.20454545454545456,0.20454545454545456,1.0,0.33962264150943394,unseen_data,SKAB,fold_3,42,4,5,probabilistic_suffix_tree,3,2,0.5,0.9,80,545,1063,0.024380733944954127,skab_fold_aware_refined_search,204
0.10778985507246377,0.14441747572815533,0.2982456140350877,0.1946034341782502,original,SKAB,fold_4,42,4,5,probabilistic_suffix_tree,3,2,0.5,0.9,93,596,1138,0.020531139496283466,skab_fold_aware_refined_search,204
0.10778985507246377,0.14441747572815533,0.2982456140350877,0.1946034341782502,gaussian_noise,SKAB,fold_4,42,4,5,probabilistic_suffix_tree,3,2,0.5,0.9,93,596,1138,0.020531139496283466,skab_fold_aware_refined_search,204
0.11764705882352941,0.11764705882352941,1.0,0.21052631578947367,unseen_data,SKAB,fold_4,42,4,5,probabilistic_suffix_tree,3,2,0.5,0.9,93,596,1138,0.020531139496283466,skab_fold_aware_refined_search,204
0.3925729442970822,0.3674033149171271,1.0,0.5373737373737374,original,SKAB,fold_5,42,4,5,probabilistic_suffix_tree,3,2,0.5,0.9,83,509,971,0.022983880512225722,skab_fold_aware_refined_search,204
0.3837312113174182,0.3630514705882353,0.9899749373433584,0.531271015467384,gaussian_noise,SKAB,fold_5,42,4,5,probabilistic_suffix_tree,3,2,0.5,0.9,83,509,971,0.022983880512225722,skab_fold_aware_refined_search,204
0.5539568345323741,0.5539568345323741,1.0,0.7129629629629629,unseen_data,SKAB,fold_5,42,4,5,probabilistic_suffix_tree,3,2,0.5,0.9,83,509,971,0.022983880512225722,skab_fold_aware_refined_search,204
0.6251113089937667,0.47058823529411764,0.39900249376558605,0.4318488529014845,original,SKAB,fold_1,42,4,5,probabilistic_suffix_tree,4,1,0.1,0.5,104,1259,2143,0.016366774607441802,skab_fold_aware_refined_search,205
0.6135351736420303,0.4507462686567164,0.3765586034912718,0.41032608695652173,gaussian_noise,SKAB,fold_1,42,4,5,probabilistic_suffix_tree,4,1,0.1,0.5,104,1259,2143,0.016366774607441802,skab_fold_aware_refined_search,205
0.0,0.0,0.0,0.0,unseen_data,SKAB,fold_1,42,4,5,probabilistic_suffix_tree,4,1,0.1,0.5,104,1259,2143,0.016366774607441802,skab_fold_aware_refined_search,205
0.5058087578194816,0.325635103926097,0.35074626865671643,0.3377245508982036,original,SKAB,fold_2,42,4,5,probabilistic_suffix_tree,4,1,0.1,0.5,95,1168,2029,0.018285868781542897,skab_fold_aware_refined_search,205
0.49508489722966936,0.3232104121475054,0.3706467661691542,0.34530706836616454,gaussian_noise,SKAB,fold_2,42,4,5,probabilistic_suffix_tree,4,1,0.1,0.5,95,1168,2029,0.018285868781542897,skab_fold_aware_refined_search,205
0.0,0.0,0.0,0.0,unseen_data,SKAB,fold_2,42,4,5,probabilistic_suffix_tree,4,1,0.1,0.5,95,1168,2029,0.018285868781542897,skab_fold_aware_refined_search,205
0.6005361930294906,0.45698924731182794,0.6390977443609023,0.5329153605015674,original,SKAB,fold_3,42,4,5,probabilistic_suffix_tree,4,1,0.1,0.5,80,1064,1859,0.021839755639097746,skab_fold_aware_refined_search,205
0.5915996425379804,0.44947735191637633,0.6466165413533834,0.5303186022610483,gaussian_noise,SKAB,fold_3,42,4,5,probabilistic_suffix_tree,4,1,0.1,0.5,80,1064,1859,0.021839755639097746,skab_fold_aware_refined_search,205
0.22727272727272727,0.20930232558139536,1.0,0.34615384615384615,unseen_data,SKAB,fold_3,42,4,5,probabilistic_suffix_tree,4,1,0.1,0.5,80,1064,1859,0.021839755639097746,skab_fold_aware_refined_search,205
0.2971014492753623,0.13255360623781676,0.17042606516290726,0.14912280701754385,original,SKAB,fold_4,42,4,5,probabilistic_suffix_tree,4,1,0.1,0.5,93,1139,1969,0.01858827305597251,skab_fold_aware_refined_search,205
0.30434782608695654,0.13609467455621302,0.17293233082706766,0.152317880794702,gaussian_noise,SKAB,fold_4,42,4,5,probabilistic_suffix_tree,4,1,0.1,0.5,93,1139,1969,0.01858827305597251,skab_fold_aware_refined_search,205
0.11764705882352941,0.11764705882352941,1.0,0.21052631578947367,unseen_data,SKAB,fold_4,42,4,5,probabilistic_suffix_tree,4,1,0.1,0.5,93,1139,1969,0.01858827305597251,skab_fold_aware_refined_search,205
0.5402298850574713,0.43209876543209874,0.9649122807017544,0.5968992248062015,original,SKAB,fold_5,42,4,5,probabilistic_suffix_tree,4,1,0.1,0.5,83,972,1698,0.021047151569239923,skab_fold_aware_refined_search,205
0.506631299734748,0.4131147540983607,0.9473684210526315,0.5753424657534246,gaussian_noise,SKAB,fold_5,42,4,5,probabilistic_suffix_tree,4,1,0.1,0.5,83,972,1698,0.021047151569239923,skab_fold_aware_refined_search,205
0.5467625899280576,0.5514705882352942,0.974025974025974,0.704225352112676,unseen_data,SKAB,fold_5,42,4,5,probabilistic_suffix_tree,4,1,0.1,0.5,83,972,1698,0.021047151569239923,skab_fold_aware_refined_search,205
0.6562778272484416,0.517162471395881,0.5635910224438903,0.5393794749403341,original,SKAB,fold_1,42,4,5,probabilistic_suffix_tree,4,1,0.1,0.7,104,1259,2143,0.016366774607441802,skab_fold_aware_refined_search,206
0.659839715048976,0.5211581291759465,0.5835411471321695,0.5505882352941176,gaussian_noise,SKAB,fold_1,42,4,5,probabilistic_suffix_tree,4,1,0.1,0.7,104,1259,2143,0.016366774607441802,skab_fold_aware_refined_search,206
0.0,0.0,0.0,0.0,unseen_data,SKAB,fold_1,42,4,5,probabilistic_suffix_tree,4,1,0.1,0.7,104,1259,2143,0.016366774607441802,skab_fold_aware_refined_search,206
0.5093833780160858,0.37349397590361444,0.5398009950248757,0.44150559511698884,original,SKAB,fold_2,42,4,5,probabilistic_suffix_tree,4,1,0.1,0.7,95,1168,2029,0.018285868781542897,skab_fold_aware_refined_search,206
0.516532618409294,0.38699186991869916,0.5920398009950248,0.46804326450344147,gaussian_noise,SKAB,fold_2,42,4,5,probabilistic_suffix_tree,4,1,0.1,0.7,95,1168,2029,0.018285868781542897,skab_fold_aware_refined_search,206
0.0,0.0,0.0,0.0,unseen_data,SKAB,fold_2,42,4,5,probabilistic_suffix_tree,4,1,0.1,0.7,95,1168,2029,0.018285868781542897,skab_fold_aware_refined_search,206
0.6112600536193029,0.4745762711864407,0.8421052631578947,0.6070460704607046,original,SKAB,fold_3,42,4,5,probabilistic_suffix_tree,4,1,0.1,0.7,80,1064,1859,0.021839755639097746,skab_fold_aware_refined_search,206
0.5978552278820375,0.4641350210970464,0.8270676691729323,0.5945945945945946,gaussian_noise,SKAB,fold_3,42,4,5,probabilistic_suffix_tree,4,1,0.1,0.7,80,1064,1859,0.021839755639097746,skab_fold_aware_refined_search,206
0.20454545454545456,0.20454545454545456,1.0,0.33962264150943394,unseen_data,SKAB,fold_3,42,4,5,probabilistic_suffix_tree,4,1,0.1,0.7,80,1064,1859,0.021839755639097746,skab_fold_aware_refined_search,206
0.19746376811594202,0.13161875945537066,0.21804511278195488,0.1641509433962264,original,SKAB,fold_4,42,4,5,probabilistic_suffix_tree,4,1,0.1,0.7,93,1139,1969,0.01858827305597251,skab_fold_aware_refined_search,206
0.18840579710144928,0.13185185185185186,0.22305764411027568,0.16573556797020483,gaussian_noise,SKAB,fold_4,42,4,5,probabilistic_suffix_tree,4,1,0.1,0.7,93,1139,1969,0.01858827305597251,skab_fold_aware_refined_search,206
0.11764705882352941,0.11764705882352941,1.0,0.21052631578947367,unseen_data,SKAB,fold_4,42,4,5,probabilistic_suffix_tree,4,1,0.1,0.7,93,1139,1969,0.01858827305597251,skab_fold_aware_refined_search,206
0.4986737400530504,0.4126819126819127,0.9949874686716792,0.5833945628214549,original,SKAB,fold_5,42,4,5,probabilistic_suffix_tree,4,1,0.1,0.7,83,972,1698,0.021047151569239923,skab_fold_aware_refined_search,206
0.4827586206896552,0.4047131147540984,0.9899749373433584,0.5745454545454546,gaussian_noise,SKAB,fold_5,42,4,5,probabilistic_suffix_tree,4,1,0.1,0.7,83,972,1698,0.021047151569239923,skab_fold_aware_refined_search,206
0.5467625899280576,0.5507246376811594,0.987012987012987,0.7069767441860465,unseen_data,SKAB,fold_5,42,4,5,probabilistic_suffix_tree,4,1,0.1,0.7,83,972,1698,0.021047151569239923,skab_fold_aware_refined_search,206
0.6010685663401603,0.4723203769140165,1.0,0.6416,original,SKAB,fold_1,42,4,5,probabilistic_suffix_tree,4,1,0.1,0.9,104,1259,2143,0.016366774607441802,skab_fold_aware_refined_search,207
0.6010685663401603,0.4723203769140165,1.0,0.6416,gaussian_noise,SKAB,fold_1,42,4,5,probabilistic_suffix_tree,4,1,0.1,0.9,104,1259,2143,0.016366774607441802,skab_fold_aware_refined_search,207
0.0,0.0,0.0,0.0,unseen_data,SKAB,fold_1,42,4,5,probabilistic_suffix_tree,4,1,0.1,0.9,104,1259,2143,0.016366774607441802,skab_fold_aware_refined_search,207
0.6327077747989276,0.4944649446494465,1.0,0.6617283950617284,original,SKAB,fold_2,42,4,5,probabilistic_suffix_tree,4,1,0.1,0.9,95,1168,2029,0.018285868781542897,skab_fold_aware_refined_search,207
0.6264521894548705,0.4902439024390244,1.0,0.6579378068739771,gaussian_noise,SKAB,fold_2,42,4,5,probabilistic_suffix_tree,4,1,0.1,0.9,95,1168,2029,0.018285868781542897,skab_fold_aware_refined_search,207
0.0,0.0,0.0,0.0,unseen_data,SKAB,fold_2,42,4,5,probabilistic_suffix_tree,4,1,0.1,0.9,95,1168,2029,0.018285868781542897,skab_fold_aware_refined_search,207
0.6371760500446828,0.4954954954954955,0.9649122807017544,0.6547619047619048,original,SKAB,fold_3,42,4,5,probabilistic_suffix_tree,4,1,0.1,0.9,80,1064,1859,0.021839755639097746,skab_fold_aware_refined_search,207
0.6344950848972297,0.4935897435897436,0.9649122807017544,0.6530958439355385,gaussian_noise,SKAB,fold_3,42,4,5,probabilistic_suffix_tree,4,1,0.1,0.9,80,1064,1859,0.021839755639097746,skab_fold_aware_refined_search,207
0.20454545454545456,0.20454545454545456,1.0,0.33962264150943394,unseen_data,SKAB,fold_3,42,4,5,probabilistic_suffix_tree,4,1,0.1,0.9,80,1064,1859,0.021839755639097746,skab_fold_aware_refined_search,207
0.10869565217391304,0.14545454545454545,0.3007518796992481,0.19607843137254902,original,SKAB,fold_4,42,4,5,probabilistic_suffix_tree,4,1,0.1,0.9,93,1139,1969,0.01858827305597251,skab_fold_aware_refined_search,207
0.10869565217391304,0.14545454545454545,0.3007518796992481,0.19607843137254902,gaussian_noise,SKAB,fold_4,42,4,5,probabilistic_suffix_tree,4,1,0.1,0.9,93,1139,1969,0.01858827305597251,skab_fold_aware_refined_search,207
0.11764705882352941,0.11764705882352941,1.0,0.21052631578947367,unseen_data,SKAB,fold_4,42,4,5,probabilistic_suffix_tree,4,1,0.1,0.9,93,1139,1969,0.01858827305597251,skab_fold_aware_refined_search,207
0.3837312113174182,0.36405109489051096,1.0,0.5337792642140469,original,SKAB,fold_5,42,4,5,probabilistic_suffix_tree,4,1,0.1,0.9,83,972,1698,0.021047151569239923,skab_fold_aware_refined_search,207
0.376657824933687,0.36065573770491804,0.9924812030075187,0.5290581162324649,gaussian_noise,SKAB,fold_5,42,4,5,probabilistic_suffix_tree,4,1,0.1,0.9,83,972,1698,0.021047151569239923,skab_fold_aware_refined_search,207
0.5539568345323741,0.5539568345323741,1.0,0.7129629629629629,unseen_data,SKAB,fold_5,42,4,5,probabilistic_suffix_tree,4,1,0.1,0.9,83,972,1698,0.021047151569239923,skab_fold_aware_refined_search,207
0.6562778272484416,0.517162471395881,0.5635910224438903,0.5393794749403341,original,SKAB,fold_1,42,4,5,probabilistic_suffix_tree,4,1,0.5,0.5,104,1259,2143,0.016366774607441802,skab_fold_aware_refined_search,208
0.659839715048976,0.5211581291759465,0.5835411471321695,0.5505882352941176,gaussian_noise,SKAB,fold_1,42,4,5,probabilistic_suffix_tree,4,1,0.5,0.5,104,1259,2143,0.016366774607441802,skab_fold_aware_refined_search,208
0.0,0.0,0.0,0.0,unseen_data,SKAB,fold_1,42,4,5,probabilistic_suffix_tree,4,1,0.5,0.5,104,1259,2143,0.016366774607441802,skab_fold_aware_refined_search,208
0.51295799821269,0.3810316139767055,0.5696517412935324,0.45663010967098705,original,SKAB,fold_2,42,4,5,probabilistic_suffix_tree,4,1,0.5,0.5,95,1168,2029,0.018285868781542897,skab_fold_aware_refined_search,208
0.5218945487042002,0.3949447077409163,0.6218905472636815,0.4830917874396135,gaussian_noise,SKAB,fold_2,42,4,5,probabilistic_suffix_tree,4,1,0.5,0.5,95,1168,2029,0.018285868781542897,skab_fold_aware_refined_search,208
0.0,0.0,0.0,0.0,unseen_data,SKAB,fold_2,42,4,5,probabilistic_suffix_tree,4,1,0.5,0.5,95,1168,2029,0.018285868781542897,skab_fold_aware_refined_search,208
0.612153708668454,0.47572815533980584,0.8596491228070176,0.6125,original,SKAB,fold_3,42,4,5,probabilistic_suffix_tree,4,1,0.5,0.5,80,1064,1859,0.021839755639097746,skab_fold_aware_refined_search,208
0.5960679177837355,0.463245492371706,0.8370927318295739,0.5964285714285714,gaussian_noise,SKAB,fold_3,42,4,5,probabilistic_suffix_tree,4,1,0.5,0.5,80,1064,1859,0.021839755639097746,skab_fold_aware_refined_search,208
0.20454545454545456,0.20454545454545456,1.0,0.33962264150943394,unseen_data,SKAB,fold_3,42,4,5,probabilistic_suffix_tree,4,1,0.5,0.5,80,1064,1859,0.021839755639097746,skab_fold_aware_refined_search,208
0.24456521739130435,0.14518760195758565,0.22305764411027568,0.17588932806324112,original,SKAB,fold_4,42,4,5,probabilistic_suffix_tree,4,1,0.5,0.5,93,1139,1969,0.01858827305597251,skab_fold_aware_refined_search,208
0.23278985507246377,0.14556962025316456,0.23057644110275688,0.1784675072744908,gaussian_noise,SKAB,fold_4,42,4,5,probabilistic_suffix_tree,4,1,0.5,0.5,93,1139,1969,0.01858827305597251,skab_fold_aware_refined_search,208
0.11764705882352941,0.11764705882352941,1.0,0.21052631578947367,unseen_data,SKAB,fold_4,42,4,5,probabilistic_suffix_tree,4,1,0.5,0.5,93,1139,1969,0.01858827305597251,skab_fold_aware_refined_search,208
0.49248452696728556,0.40970072239422084,0.9949874686716792,0.5804093567251462,original,SKAB,fold_5,42,4,5,probabilistic_suffix_tree,4,1,0.5,0.5,83,972,1698,0.021047151569239923,skab_fold_aware_refined_search,208
0.47833775419982316,0.4026503567787971,0.9899749373433584,0.572463768115942,gaussian_noise,SKAB,fold_5,42,4,5,probabilistic_suffix_tree,4,1,0.5,0.5,83,972,1698,0.021047151569239923,skab_fold_aware_refined_search,208
0.5467625899280576,0.5507246376811594,0.987012987012987,0.7069767441860465,unseen_data,SKAB,fold_5,42,4,5,probabilistic_suffix_tree,4,1,0.5,0.5,83,972,1698,0.021047151569239923,skab_fold_aware_refined_search,208
0.5280498664292075,0.3889845094664372,0.5635910224438903,0.46028513238289204,original,SKAB,fold_1,42,4,5,probabilistic_suffix_tree,4,1,0.5,0.7,104,1259,2143,0.016366774607441802,skab_fold_aware_refined_search,209
0.5369545859305432,0.3986371379897785,0.5835411471321695,0.47368421052631576,gaussian_noise,SKAB,fold_1,42,4,5,probabilistic_suffix_tree,4,1,0.5,0.7,104,1259,2143,0.016366774607441802,skab_fold_aware_refined_search,209
0.0,0.0,0.0,0.0,unseen_data,SKAB,fold_1,42,4,5,probabilistic_suffix_tree,4,1,0.5,0.7,104,1259,2143,0.016366774607441802,skab_fold_aware_refined_search,209
0.5120643431635389,0.3803986710963455,0.5696517412935324,0.45617529880478086,original,SKAB,fold_2,42,4,5,probabilistic_suffix_tree,4,1,0.5,0.7,95,1168,2029,0.018285868781542897,skab_fold_aware_refined_search,209
0.5183199285075961,0.3924646781789639,0.6218905472636815,0.48123195380173245,gaussian_noise,SKAB,fold_2,42,4,5,probabilistic_suffix_tree,4,1,0.5,0.7,95,1168,2029,0.018285868781542897,skab_fold_aware_refined_search,209
0.0,0.0,0.0,0.0,unseen_data,SKAB,fold_2,42,4,5,probabilistic_suffix_tree,4,1,0.5,0.7,95,1168,2029,0.018285868781542897,skab_fold_aware_refined_search,209
0.613047363717605,0.4766483516483517,0.8696741854636592,0.6157941437444543,original,SKAB,fold_3,42,4,5,probabilistic_suffix_tree,4,1,0.5,0.7,80,1064,1859,0.021839755639097746,skab_fold_aware_refined_search,209
0.5969615728328865,0.46398891966759004,0.8395989974937343,0.5976806422836753,gaussian_noise,SKAB,fold_3,42,4,5,probabilistic_suffix_tree,4,1,0.5,0.7,80,1064,1859,0.021839755639097746,skab_fold_aware_refined_search,209
0.20454545454545456,0.20454545454545456,1.0,0.33962264150943394,unseen_data,SKAB,fold_3,42,4,5,probabilistic_suffix_tree,4,1,0.5,0.7,80,1064,1859,0.021839755639097746,skab_fold_aware_refined_search,209
0.1956521739130435,0.13343328335832083,0.22305764411027568,0.1669793621013133,original,SKAB,fold_4,42,4,5,probabilistic_suffix_tree,4,1,0.5,0.7,93,1139,1969,0.01858827305597251,skab_fold_aware_refined_search,209
0.1838768115942029,0.13411078717201166,0.23057644110275688,0.1695852534562212,gaussian_noise,SKAB,fold_4,42,4,5,probabilistic_suffix_tree,4,1,0.5,0.7,93,1139,1969,0.01858827305597251,skab_fold_aware_refined_search,209
0.11764705882352941,0.11764705882352941,1.0,0.21052631578947367,unseen_data,SKAB,fold_4,42,4,5,probabilistic_suffix_tree,4,1,0.5,0.7,93,1139,1969,0.01858827305597251,skab_fold_aware_refined_search,209
0.49248452696728556,0.40970072239422084,0.9949874686716792,0.5804093567251462,original,SKAB,fold_5,42,4,5,probabilistic_suffix_tree,4,1,0.5,0.7,83,972,1698,0.021047151569239923,skab_fold_aware_refined_search,209
0.47745358090185674,0.40224032586558045,0.9899749373433584,0.5720492396813903,gaussian_noise,SKAB,fold_5,42,4,5,probabilistic_suffix_tree,4,1,0.5,0.7,83,972,1698,0.021047151569239923,skab_fold_aware_refined_search,209
0.5539568345323741,0.5539568345323741,1.0,0.7129629629629629,unseen_data,SKAB,fold_5,42,4,5,probabilistic_suffix_tree,4,1,0.5,0.7,83,972,1698,0.021047151569239923,skab_fold_aware_refined_search,209
0.6010685663401603,0.4723203769140165,1.0,0.6416,original,SKAB,fold_1,42,4,5,probabilistic_suffix_tree,4,1,0.5,0.9,104,1259,2143,0.016366774607441802,skab_fold_aware_refined_search,210
0.6010685663401603,0.4723203769140165,1.0,0.6416,gaussian_noise,SKAB,fold_1,42,4,5,probabilistic_suffix_tree,4,1,0.5,0.9,104,1259,2143,0.016366774607441802,skab_fold_aware_refined_search,210
0.0,0.0,0.0,0.0,unseen_data,SKAB,fold_1,42,4,5,probabilistic_suffix_tree,4,1,0.5,0.9,104,1259,2143,0.016366774607441802,skab_fold_aware_refined_search,210
0.35924932975871315,0.35924932975871315,1.0,0.5285996055226825,original,SKAB,fold_2,42,4,5,probabilistic_suffix_tree,4,1,0.5,0.9,95,1168,2029,0.018285868781542897,skab_fold_aware_refined_search,210
0.35924932975871315,0.35924932975871315,1.0,0.5285996055226825,gaussian_noise,SKAB,fold_2,42,4,5,probabilistic_suffix_tree,4,1,0.5,0.9,95,1168,2029,0.018285868781542897,skab_fold_aware_refined_search,210
0.0,0.0,0.0,0.0,unseen_data,SKAB,fold_2,42,4,5,probabilistic_suffix_tree,4,1,0.5,0.9,95,1168,2029,0.018285868781542897,skab_fold_aware_refined_search,210
0.5907059874888293,0.46557759626604434,1.0,0.6353503184713376,original,SKAB,fold_3,42,4,5,probabilistic_suffix_tree,4,1,0.5,0.9,80,1064,1859,0.021839755639097746,skab_fold_aware_refined_search,210
0.5907059874888293,0.46557759626604434,1.0,0.6353503184713376,gaussian_noise,SKAB,fold_3,42,4,5,probabilistic_suffix_tree,4,1,0.5,0.9,80,1064,1859,0.021839755639097746,skab_fold_aware_refined_search,210
0.20454545454545456,0.20454545454545456,1.0,0.33962264150943394,unseen_data,SKAB,fold_3,42,4,5,probabilistic_suffix_tree,4,1,0.5,0.9,80,1064,1859,0.021839755639097746,skab_fold_aware_refined_search,210
0.10869565217391304,0.14545454545454545,0.3007518796992481,0.19607843137254902,original,SKAB,fold_4,42,4,5,probabilistic_suffix_tree,4,1,0.5,0.9,93,1139,1969,0.01858827305597251,skab_fold_aware_refined_search,210
0.10869565217391304,0.14545454545454545,0.3007518796992481,0.19607843137254902,gaussian_noise,SKAB,fold_4,42,4,5,probabilistic_suffix_tree,4,1,0.5,0.9,93,1139,1969,0.01858827305597251,skab_fold_aware_refined_search,210
0.11764705882352941,0.11764705882352941,1.0,0.21052631578947367,unseen_data,SKAB,fold_4,42,4,5,probabilistic_suffix_tree,4,1,0.5,0.9,93,1139,1969,0.01858827305597251,skab_fold_aware_refined_search,210
0.3837312113174182,0.36405109489051096,1.0,0.5337792642140469,original,SKAB,fold_5,42,4,5,probabilistic_suffix_tree,4,1,0.5,0.9,83,972,1698,0.021047151569239923,skab_fold_aware_refined_search,210
0.376657824933687,0.36065573770491804,0.9924812030075187,0.5290581162324649,gaussian_noise,SKAB,fold_5,42,4,5,probabilistic_suffix_tree,4,1,0.5,0.9,83,972,1698,0.021047151569239923,skab_fold_aware_refined_search,210
0.5539568345323741,0.5539568345323741,1.0,0.7129629629629629,unseen_data,SKAB,fold_5,42,4,5,probabilistic_suffix_tree,4,1,0.5,0.9,83,972,1698,0.021047151569239923,skab_fold_aware_refined_search,210
0.6260017809439002,0.471976401179941,0.39900249376558605,0.43243243243243246,original,SKAB,fold_1,42,4,5,probabilistic_suffix_tree,4,2,0.1,0.5,104,1259,2143,0.016366774607441802,skab_fold_aware_refined_search,211
0.6144256455921638,0.45209580838323354,0.3765586034912718,0.4108843537414966,gaussian_noise,SKAB,fold_1,42,4,5,probabilistic_suffix_tree,4,2,0.1,0.5,104,1259,2143,0.016366774607441802,skab_fold_aware_refined_search,211
0.0,0.0,0.0,0.0,unseen_data,SKAB,fold_1,42,4,5,probabilistic_suffix_tree,4,2,0.1,0.5,104,1259,2143,0.016366774607441802,skab_fold_aware_refined_search,211
0.5040214477211796,0.3191489361702128,0.3358208955223881,0.32727272727272727,original,SKAB,fold_2,42,4,5,probabilistic_suffix_tree,4,2,0.1,0.5,95,1168,2029,0.018285868781542897,skab_fold_aware_refined_search,211
0.4924039320822163,0.31798245614035087,0.36069651741293535,0.337995337995338,gaussian_noise,SKAB,fold_2,42,4,5,probabilistic_suffix_tree,4,2,0.1,0.5,95,1168,2029,0.018285868781542897,skab_fold_aware_refined_search,211
0.0,0.0,0.0,0.0,unseen_data,SKAB,fold_2,42,4,5,probabilistic_suffix_tree,4,2,0.1,0.5,95,1168,2029,0.018285868781542897,skab_fold_aware_refined_search,211
0.6076854334226989,0.4633699633699634,0.6340852130325815,0.5354497354497354,original,SKAB,fold_3,42,4,5,probabilistic_suffix_tree,4,2,0.1,0.5,80,1064,1859,0.021839755639097746,skab_fold_aware_refined_search,211
0.6014298480786416,0.45811051693404636,0.6441102756892231,0.5354166666666667,gaussian_noise,SKAB,fold_3,42,4,5,probabilistic_suffix_tree,4,2,0.1,0.5,80,1064,1859,0.021839755639097746,skab_fold_aware_refined_search,211
0.22727272727272727,0.20930232558139536,1.0,0.34615384615384615,unseen_data,SKAB,fold_3,42,4,5,probabilistic_suffix_tree,4,2,0.1,0.5,80,1064,1859,0.021839755639097746,skab_fold_aware_refined_search,211
0.3007246376811594,0.1306930693069307,0.16541353383458646,0.14601769911504425,original,SKAB,fold_4,42,4,5,probabilistic_suffix_tree,4,2,0.1,0.5,93,1139,1969,0.01858827305597251,skab_fold_aware_refined_search,211
0.3061594202898551,0.13373253493013973,0.16791979949874686,0.14888888888888888,gaussian_noise,SKAB,fold_4,42,4,5,probabilistic_suffix_tree,4,2,0.1,0.5,93,1139,1969,0.01858827305597251,skab_fold_aware_refined_search,211
0.11764705882352941,0.11764705882352941,1.0,0.21052631578947367,unseen_data,SKAB,fold_4,42,4,5,probabilistic_suffix_tree,4,2,0.1,0.5,93,1139,1969,0.01858827305597251,skab_fold_aware_refined_search,211
0.5419982316534041,0.4327683615819209,0.9598997493734336,0.5965732087227414,original,SKAB,fold_5,42,4,5,probabilistic_suffix_tree,4,2,0.1,0.5,83,972,1698,0.021047151569239923,skab_fold_aware_refined_search,211
0.5128205128205128,0.415929203539823,0.9423558897243107,0.5771297006907138,gaussian_noise,SKAB,fold_5,42,4,5,probabilistic_suffix_tree,4,2,0.1,0.5,83,972,1698,0.021047151569239923,skab_fold_aware_refined_search,211
0.5467625899280576,0.5514705882352942,0.974025974025974,0.704225352112676,unseen_data,SKAB,fold_5,42,4,5,probabilistic_suffix_tree,4,2,0.1,0.5,83,972,1698,0.021047151569239923,skab_fold_aware_refined_search,211
0.6562778272484416,0.517162471395881,0.5635910224438903,0.5393794749403341,original,SKAB,fold_1,42,4,5,probabilistic_suffix_tree,4,2,0.1,0.7,104,1259,2143,0.016366774607441802,skab_fold_aware_refined_search,212
0.659839715048976,0.5211581291759465,0.5835411471321695,0.5505882352941176,gaussian_noise,SKAB,fold_1,42,4,5,probabilistic_suffix_tree,4,2,0.1,0.7,104,1259,2143,0.016366774607441802,skab_fold_aware_refined_search,212
0.0,0.0,0.0,0.0,unseen_data,SKAB,fold_1,42,4,5,probabilistic_suffix_tree,4,2,0.1,0.7,104,1259,2143,0.016366774607441802,skab_fold_aware_refined_search,212
0.5093833780160858,0.37349397590361444,0.5398009950248757,0.44150559511698884,original,SKAB,fold_2,42,4,5,probabilistic_suffix_tree,4,2,0.1,0.7,95,1168,2029,0.018285868781542897,skab_fold_aware_refined_search,212
0.516532618409294,0.38699186991869916,0.5920398009950248,0.46804326450344147,gaussian_noise,SKAB,fold_2,42,4,5,probabilistic_suffix_tree,4,2,0.1,0.7,95,1168,2029,0.018285868781542897,skab_fold_aware_refined_search,212
0.0,0.0,0.0,0.0,unseen_data,SKAB,fold_2,42,4,5,probabilistic_suffix_tree,4,2,0.1,0.7,95,1168,2029,0.018285868781542897,skab_fold_aware_refined_search,212
0.613941018766756,0.4765957446808511,0.8421052631578947,0.6086956521739131,original,SKAB,fold_3,42,4,5,probabilistic_suffix_tree,4,2,0.1,0.7,80,1064,1859,0.021839755639097746,skab_fold_aware_refined_search,212
0.6014298480786416,0.4667609618104668,0.8270676691729323,0.596745027124774,gaussian_noise,SKAB,fold_3,42,4,5,probabilistic_suffix_tree,4,2,0.1,0.7,80,1064,1859,0.021839755639097746,skab_fold_aware_refined_search,212
0.20454545454545456,0.20454545454545456,1.0,0.33962264150943394,unseen_data,SKAB,fold_3,42,4,5,probabilistic_suffix_tree,4,2,0.1,0.7,80,1064,1859,0.021839755639097746,skab_fold_aware_refined_search,212
0.19746376811594202,0.13161875945537066,0.21804511278195488,0.1641509433962264,original,SKAB,fold_4,42,4,5,probabilistic_suffix_tree,4,2,0.1,0.7,93,1139,1969,0.01858827305597251,skab_fold_aware_refined_search,212
0.18840579710144928,0.13185185185185186,0.22305764411027568,0.16573556797020483,gaussian_noise,SKAB,fold_4,42,4,5,probabilistic_suffix_tree,4,2,0.1,0.7,93,1139,1969,0.01858827305597251,skab_fold_aware_refined_search,212
0.11764705882352941,0.11764705882352941,1.0,0.21052631578947367,unseen_data,SKAB,fold_4,42,4,5,probabilistic_suffix_tree,4,2,0.1,0.7,93,1139,1969,0.01858827305597251,skab_fold_aware_refined_search,212
0.5013262599469496,0.41397288842544316,0.9949874686716792,0.5846833578792342,original,SKAB,fold_5,42,4,5,probabilistic_suffix_tree,4,2,0.1,0.7,83,972,1698,0.021047151569239923,skab_fold_aware_refined_search,212
0.48717948717948717,0.40679711637487126,0.9899749373433584,0.5766423357664233,gaussian_noise,SKAB,fold_5,42,4,5,probabilistic_suffix_tree,4,2,0.1,0.7,83,972,1698,0.021047151569239923,skab_fold_aware_refined_search,212
0.5467625899280576,0.5507246376811594,0.987012987012987,0.7069767441860465,unseen_data,SKAB,fold_5,42,4,5,probabilistic_suffix_tree,4,2,0.1,0.7,83,972,1698,0.021047151569239923,skab_fold_aware_refined_search,212
0.6010685663401603,0.4723203769140165,1.0,0.6416,original,SKAB,fold_1,42,4,5,probabilistic_suffix_tree,4,2,0.1,0.9,104,1259,2143,0.016366774607441802,skab_fold_aware_refined_search,213
0.6010685663401603,0.4723203769140165,1.0,0.6416,gaussian_noise,SKAB,fold_1,42,4,5,probabilistic_suffix_tree,4,2,0.1,0.9,104,1259,2143,0.016366774607441802,skab_fold_aware_refined_search,213
0.0,0.0,0.0,0.0,unseen_data,SKAB,fold_1,42,4,5,probabilistic_suffix_tree,4,2,0.1,0.9,104,1259,2143,0.016366774607441802,skab_fold_aware_refined_search,213
0.6327077747989276,0.4944649446494465,1.0,0.6617283950617284,original,SKAB,fold_2,42,4,5,probabilistic_suffix_tree,4,2,0.1,0.9,95,1168,2029,0.018285868781542897,skab_fold_aware_refined_search,213
0.6264521894548705,0.4902439024390244,1.0,0.6579378068739771,gaussian_noise,SKAB,fold_2,42,4,5,probabilistic_suffix_tree,4,2,0.1,0.9,95,1168,2029,0.018285868781542897,skab_fold_aware_refined_search,213
0.0,0.0,0.0,0.0,unseen_data,SKAB,fold_2,42,4,5,probabilistic_suffix_tree,4,2,0.1,0.9,95,1168,2029,0.018285868781542897,skab_fold_aware_refined_search,213
0.6398570151921358,0.4974160206718346,0.9649122807017544,0.6564364876385337,original,SKAB,fold_3,42,4,5,probabilistic_suffix_tree,4,2,0.1,0.9,80,1064,1859,0.021839755639097746,skab_fold_aware_refined_search,213
0.6371760500446828,0.4954954954954955,0.9649122807017544,0.6547619047619048,gaussian_noise,SKAB,fold_3,42,4,5,probabilistic_suffix_tree,4,2,0.1,0.9,80,1064,1859,0.021839755639097746,skab_fold_aware_refined_search,213
0.20454545454545456,0.20454545454545456,1.0,0.33962264150943394,unseen_data,SKAB,fold_3,42,4,5,probabilistic_suffix_tree,4,2,0.1,0.9,80,1064,1859,0.021839755639097746,skab_fold_aware_refined_search,213
0.10869565217391304,0.14545454545454545,0.3007518796992481,0.19607843137254902,original,SKAB,fold_4,42,4,5,probabilistic_suffix_tree,4,2,0.1,0.9,93,1139,1969,0.01858827305597251,skab_fold_aware_refined_search,213
0.10869565217391304,0.14545454545454545,0.3007518796992481,0.19607843137254902,gaussian_noise,SKAB,fold_4,42,4,5,probabilistic_suffix_tree,4,2,0.1,0.9,93,1139,1969,0.01858827305597251,skab_fold_aware_refined_search,213
0.11764705882352941,0.11764705882352941,1.0,0.21052631578947367,unseen_data,SKAB,fold_4,42,4,5,probabilistic_suffix_tree,4,2,0.1,0.9,93,1139,1969,0.01858827305597251,skab_fold_aware_refined_search,213
0.3863837312113174,0.3650503202195791,1.0,0.5348525469168901,original,SKAB,fold_5,42,4,5,probabilistic_suffix_tree,4,2,0.1,0.9,83,972,1698,0.021047151569239923,skab_fold_aware_refined_search,213
0.3793103448275862,0.36164383561643837,0.9924812030075187,0.5301204819277109,gaussian_noise,SKAB,fold_5,42,4,5,probabilistic_suffix_tree,4,2,0.1,0.9,83,972,1698,0.021047151569239923,skab_fold_aware_refined_search,213
0.5539568345323741,0.5539568345323741,1.0,0.7129629629629629,unseen_data,SKAB,fold_5,42,4,5,probabilistic_suffix_tree,4,2,0.1,0.9,83,972,1698,0.021047151569239923,skab_fold_aware_refined_search,213
0.6562778272484416,0.517162471395881,0.5635910224438903,0.5393794749403341,original,SKAB,fold_1,42,4,5,probabilistic_suffix_tree,4,2,0.5,0.5,104,1259,2143,0.016366774607441802,skab_fold_aware_refined_search,214
0.659839715048976,0.5211581291759465,0.5835411471321695,0.5505882352941176,gaussian_noise,SKAB,fold_1,42,4,5,probabilistic_suffix_tree,4,2,0.5,0.5,104,1259,2143,0.016366774607441802,skab_fold_aware_refined_search,214
0.0,0.0,0.0,0.0,unseen_data,SKAB,fold_1,42,4,5,probabilistic_suffix_tree,4,2,0.5,0.5,104,1259,2143,0.016366774607441802,skab_fold_aware_refined_search,214
0.51295799821269,0.3810316139767055,0.5696517412935324,0.45663010967098705,original,SKAB,fold_2,42,4,5,probabilistic_suffix_tree,4,2,0.5,0.5,95,1168,2029,0.018285868781542897,skab_fold_aware_refined_search,214
0.5218945487042002,0.3949447077409163,0.6218905472636815,0.4830917874396135,gaussian_noise,SKAB,fold_2,42,4,5,probabilistic_suffix_tree,4,2,0.5,0.5,95,1168,2029,0.018285868781542897,skab_fold_aware_refined_search,214
0.0,0.0,0.0,0.0,unseen_data,SKAB,fold_2,42,4,5,probabilistic_suffix_tree,4,2,0.5,0.5,95,1168,2029,0.018285868781542897,skab_fold_aware_refined_search,214
0.6148346738159071,0.4777158774373259,0.8596491228070176,0.6141450313339302,original,SKAB,fold_3,42,4,5,probabilistic_suffix_tree,4,2,0.5,0.5,80,1064,1859,0.021839755639097746,skab_fold_aware_refined_search,214
0.5996425379803396,0.46582984658298465,0.8370927318295739,0.5985663082437276,gaussian_noise,SKAB,fold_3,42,4,5,probabilistic_suffix_tree,4,2,0.5,0.5,80,1064,1859,0.021839755639097746,skab_fold_aware_refined_search,214
0.20454545454545456,0.20454545454545456,1.0,0.33962264150943394,unseen_data,SKAB,fold_3,42,4,5,probabilistic_suffix_tree,4,2,0.5,0.5,80,1064,1859,0.021839755639097746,skab_fold_aware_refined_search,214
0.24456521739130435,0.14518760195758565,0.22305764411027568,0.17588932806324112,original,SKAB,fold_4,42,4,5,probabilistic_suffix_tree,4,2,0.5,0.5,93,1139,1969,0.01858827305597251,skab_fold_aware_refined_search,214
0.23278985507246377,0.14556962025316456,0.23057644110275688,0.1784675072744908,gaussian_noise,SKAB,fold_4,42,4,5,probabilistic_suffix_tree,4,2,0.5,0.5,93,1139,1969,0.01858827305597251,skab_fold_aware_refined_search,214
0.11764705882352941,0.11764705882352941,1.0,0.21052631578947367,unseen_data,SKAB,fold_4,42,4,5,probabilistic_suffix_tree,4,2,0.5,0.5,93,1139,1969,0.01858827305597251,skab_fold_aware_refined_search,214
0.4951370468611848,0.4109730848861284,0.9949874686716792,0.5816849816849817,original,SKAB,fold_5,42,4,5,probabilistic_suffix_tree,4,2,0.5,0.5,83,972,1698,0.021047151569239923,skab_fold_aware_refined_search,214
0.4818744473916888,0.40429887410440124,0.9899749373433584,0.5741279069767442,gaussian_noise,SKAB,fold_5,42,4,5,probabilistic_suffix_tree,4,2,0.5,0.5,83,972,1698,0.021047151569239923,skab_fold_aware_refined_search,214
0.5467625899280576,0.5507246376811594,0.987012987012987,0.7069767441860465,unseen_data,SKAB,fold_5,42,4,5,probabilistic_suffix_tree,4,2,0.5,0.5,83,972,1698,0.021047151569239923,skab_fold_aware_refined_search,214
0.5280498664292075,0.3889845094664372,0.5635910224438903,0.46028513238289204,original,SKAB,fold_1,42,4,5,probabilistic_suffix_tree,4,2,0.5,0.7,104,1259,2143,0.016366774607441802,skab_fold_aware_refined_search,215
0.5369545859305432,0.3986371379897785,0.5835411471321695,0.47368421052631576,gaussian_noise,SKAB,fold_1,42,4,5,probabilistic_suffix_tree,4,2,0.5,0.7,104,1259,2143,0.016366774607441802,skab_fold_aware_refined_search,215
0.0,0.0,0.0,0.0,unseen_data,SKAB,fold_1,42,4,5,probabilistic_suffix_tree,4,2,0.5,0.7,104,1259,2143,0.016366774607441802,skab_fold_aware_refined_search,215
0.5120643431635389,0.3803986710963455,0.5696517412935324,0.45617529880478086,original,SKAB,fold_2,42,4,5,probabilistic_suffix_tree,4,2,0.5,0.7,95,1168,2029,0.018285868781542897,skab_fold_aware_refined_search,215
0.5183199285075961,0.3924646781789639,0.6218905472636815,0.48123195380173245,gaussian_noise,SKAB,fold_2,42,4,5,probabilistic_suffix_tree,4,2,0.5,0.7,95,1168,2029,0.018285868781542897,skab_fold_aware_refined_search,215
0.0,0.0,0.0,0.0,unseen_data,SKAB,fold_2,42,4,5,probabilistic_suffix_tree,4,2,0.5,0.7,95,1168,2029,0.018285868781542897,skab_fold_aware_refined_search,215
0.6157283288650581,0.4786206896551724,0.8696741854636592,0.6174377224199288,original,SKAB,fold_3,42,4,5,probabilistic_suffix_tree,4,2,0.5,0.7,80,1064,1859,0.021839755639097746,skab_fold_aware_refined_search,215
0.5996425379803396,0.4659248956884562,0.8395989974937343,0.5992844364937389,gaussian_noise,SKAB,fold_3,42,4,5,probabilistic_suffix_tree,4,2,0.5,0.7,80,1064,1859,0.021839755639097746,skab_fold_aware_refined_search,215
0.20454545454545456,0.20454545454545456,1.0,0.33962264150943394,unseen_data,SKAB,fold_3,42,4,5,probabilistic_suffix_tree,4,2,0.5,0.7,80,1064,1859,0.021839755639097746,skab_fold_aware_refined_search,215
0.1956521739130435,0.13343328335832083,0.22305764411027568,0.1669793621013133,original,SKAB,fold_4,42,4,5,probabilistic_suffix_tree,4,2,0.5,0.7,93,1139,1969,0.01858827305597251,skab_fold_aware_refined_search,215
0.1838768115942029,0.13411078717201166,0.23057644110275688,0.1695852534562212,gaussian_noise,SKAB,fold_4,42,4,5,probabilistic_suffix_tree,4,2,0.5,0.7,93,1139,1969,0.01858827305597251,skab_fold_aware_refined_search,215
0.11764705882352941,0.11764705882352941,1.0,0.21052631578947367,unseen_data,SKAB,fold_4,42,4,5,probabilistic_suffix_tree,4,2,0.5,0.7,93,1139,1969,0.01858827305597251,skab_fold_aware_refined_search,215
0.4951370468611848,0.4109730848861284,0.9949874686716792,0.5816849816849817,original,SKAB,fold_5,42,4,5,probabilistic_suffix_tree,4,2,0.5,0.7,83,972,1698,0.021047151569239923,skab_fold_aware_refined_search,215
0.48010610079575594,0.4034729315628192,0.9899749373433584,0.5732946298984035,gaussian_noise,SKAB,fold_5,42,4,5,probabilistic_suffix_tree,4,2,0.5,0.7,83,972,1698,0.021047151569239923,skab_fold_aware_refined_search,215
0.5539568345323741,0.5539568345323741,1.0,0.7129629629629629,unseen_data,SKAB,fold_5,42,4,5,probabilistic_suffix_tree,4,2,0.5,0.7,83,972,1698,0.021047151569239923,skab_fold_aware_refined_search,215
0.6010685663401603,0.4723203769140165,1.0,0.6416,original,SKAB,fold_1,42,4,5,probabilistic_suffix_tree,4,2,0.5,0.9,104,1259,2143,0.016366774607441802,skab_fold_aware_refined_search,216
0.6010685663401603,0.4723203769140165,1.0,0.6416,gaussian_noise,SKAB,fold_1,42,4,5,probabilistic_suffix_tree,4,2,0.5,0.9,104,1259,2143,0.016366774607441802,skab_fold_aware_refined_search,216
0.0,0.0,0.0,0.0,unseen_data,SKAB,fold_1,42,4,5,probabilistic_suffix_tree,4,2,0.5,0.9,104,1259,2143,0.016366774607441802,skab_fold_aware_refined_search,216
0.35924932975871315,0.35924932975871315,1.0,0.5285996055226825,original,SKAB,fold_2,42,4,5,probabilistic_suffix_tree,4,2,0.5,0.9,95,1168,2029,0.018285868781542897,skab_fold_aware_refined_search,216
0.35924932975871315,0.35924932975871315,1.0,0.5285996055226825,gaussian_noise,SKAB,fold_2,42,4,5,probabilistic_suffix_tree,4,2,0.5,0.9,95,1168,2029,0.018285868781542897,skab_fold_aware_refined_search,216
0.0,0.0,0.0,0.0,unseen_data,SKAB,fold_2,42,4,5,probabilistic_suffix_tree,4,2,0.5,0.9,95,1168,2029,0.018285868781542897,skab_fold_aware_refined_search,216
0.5933869526362824,0.4672131147540984,1.0,0.6368715083798883,original,SKAB,fold_3,42,4,5,probabilistic_suffix_tree,4,2,0.5,0.9,80,1064,1859,0.021839755639097746,skab_fold_aware_refined_search,216
0.5933869526362824,0.4672131147540984,1.0,0.6368715083798883,gaussian_noise,SKAB,fold_3,42,4,5,probabilistic_suffix_tree,4,2,0.5,0.9,80,1064,1859,0.021839755639097746,skab_fold_aware_refined_search,216
0.20454545454545456,0.20454545454545456,1.0,0.33962264150943394,unseen_data,SKAB,fold_3,42,4,5,probabilistic_suffix_tree,4,2,0.5,0.9,80,1064,1859,0.021839755639097746,skab_fold_aware_refined_search,216
0.10869565217391304,0.14545454545454545,0.3007518796992481,0.19607843137254902,original,SKAB,fold_4,42,4,5,probabilistic_suffix_tree,4,2,0.5,0.9,93,1139,1969,0.01858827305597251,skab_fold_aware_refined_search,216
0.10869565217391304,0.14545454545454545,0.3007518796992481,0.19607843137254902,gaussian_noise,SKAB,fold_4,42,4,5,probabilistic_suffix_tree,4,2,0.5,0.9,93,1139,1969,0.01858827305597251,skab_fold_aware_refined_search,216
0.11764705882352941,0.11764705882352941,1.0,0.21052631578947367,unseen_data,SKAB,fold_4,42,4,5,probabilistic_suffix_tree,4,2,0.5,0.9,93,1139,1969,0.01858827305597251,skab_fold_aware_refined_search,216
0.3863837312113174,0.3650503202195791,1.0,0.5348525469168901,original,SKAB,fold_5,42,4,5,probabilistic_suffix_tree,4,2,0.5,0.9,83,972,1698,0.021047151569239923,skab_fold_aware_refined_search,216
0.3793103448275862,0.36164383561643837,0.9924812030075187,0.5301204819277109,gaussian_noise,SKAB,fold_5,42,4,5,probabilistic_suffix_tree,4,2,0.5,0.9,83,972,1698,0.021047151569239923,skab_fold_aware_refined_search,216
0.5539568345323741,0.5539568345323741,1.0,0.7129629629629629,unseen_data,SKAB,fold_5,42,4,5,probabilistic_suffix_tree,4,2,0.5,0.9,83,972,1698,0.021047151569239923,skab_fold_aware_refined_search,216
0.5774804905239688,0.0,0.0,0.0,original,SKAB,fold_1,42,5,3,probabilistic_suffix_tree,2,1,0.1,0.5,71,197,401,0.028669478801744478,skab_fold_aware_refined_search,217
0.5774804905239688,0.0,0.0,0.0,gaussian_noise,SKAB,fold_1,42,5,3,probabilistic_suffix_tree,2,1,0.1,0.5,71,197,401,0.028669478801744478,skab_fold_aware_refined_search,217
0.0,0.0,0.0,0.0,unseen_data,SKAB,fold_1,42,5,3,probabilistic_suffix_tree,2,1,0.1,0.5,71,197,401,0.028669478801744478,skab_fold_aware_refined_search,217
0.5543113101903695,0.3257918552036199,0.22429906542056074,0.2656826568265683,original,SKAB,fold_2,42,5,3,probabilistic_suffix_tree,2,1,0.1,0.5,68,196,419,0.031437575030012,skab_fold_aware_refined_search,217
0.5722284434490481,0.3607305936073059,0.24610591900311526,0.29259259259259257,gaussian_noise,SKAB,fold_2,42,5,3,probabilistic_suffix_tree,2,1,0.1,0.5,68,196,419,0.031437575030012,skab_fold_aware_refined_search,217
0.0,0.0,0.0,0.0,unseen_data,SKAB,fold_2,42,5,3,probabilistic_suffix_tree,2,1,0.1,0.5,68,196,419,0.031437575030012,skab_fold_aware_refined_search,217
0.5184770436730123,0.2885375494071146,0.2260061919504644,0.2534722222222222,original,SKAB,fold_3,42,5,3,probabilistic_suffix_tree,2,1,0.1,0.5,69,195,407,0.03024897807506503,skab_fold_aware_refined_search,217
0.5173572228443449,0.3,0.25077399380804954,0.27318718381112983,gaussian_noise,SKAB,fold_3,42,5,3,probabilistic_suffix_tree,2,1,0.1,0.5,69,195,407,0.03024897807506503,skab_fold_aware_refined_search,217
0.0,0.0,0.0,0.0,unseen_data,SKAB,fold_3,42,5,3,probabilistic_suffix_tree,2,1,0.1,0.5,69,195,407,0.03024897807506503,skab_fold_aware_refined_search,217
0.5913734392735528,0.39574468085106385,0.2990353697749196,0.34065934065934067,original,SKAB,fold_4,42,5,3,probabilistic_suffix_tree,2,1,0.1,0.5,68,192,403,0.03086703431372549,skab_fold_aware_refined_search,217
0.5993189557321226,0.4117647058823529,0.31511254019292606,0.3570127504553734,gaussian_noise,SKAB,fold_4,42,5,3,probabilistic_suffix_tree,2,1,0.1,0.5,68,192,403,0.03086703431372549,skab_fold_aware_refined_search,217
0.0,0.0,0.0,0.0,unseen_data,SKAB,fold_4,42,5,3,probabilistic_suffix_tree,2,1,0.1,0.5,68,192,403,0.03086703431372549,skab_fold_aware_refined_search,217
0.5891472868217055,0.4421965317919075,0.4622356495468278,0.4519940915805022,original,SKAB,fold_5,42,5,3,probabilistic_suffix_tree,2,1,0.1,0.5,64,178,368,0.032303370786516857,skab_fold_aware_refined_search,217
0.5791805094130675,0.43535620052770446,0.4984894259818731,0.4647887323943662,gaussian_noise,SKAB,fold_5,42,5,3,probabilistic_suffix_tree,2,1,0.1,0.5,64,178,368,0.032303370786516857,skab_fold_aware_refined_search,217
0.627906976744186,0.6857142857142857,0.8275862068965517,0.75,unseen_data,SKAB,fold_5,42,5,3,probabilistic_suffix_tree,2,1,0.1,0.5,64,178,368,0.032303370786516857,skab_fold_aware_refined_search,217
0.5384615384615384,0.0,0.0,0.0,original,SKAB,fold_1,42,5,3,probabilistic_suffix_tree,2,1,0.1,0.7,71,197,401,0.028669478801744478,skab_fold_aware_refined_search,218
0.5351170568561873,0.0,0.0,0.0,gaussian_noise,SKAB,fold_1,42,5,3,probabilistic_suffix_tree,2,1,0.1,0.7,71,197,401,0.028669478801744478,skab_fold_aware_refined_search,218
0.0,0.0,0.0,0.0,unseen_data,SKAB,fold_1,42,5,3,probabilistic_suffix_tree,2,1,0.1,0.7,71,197,401,0.028669478801744478,skab_fold_aware_refined_search,218
0.5464725643896976,0.35906040268456374,0.3333333333333333,0.345718901453958,original,SKAB,fold_2,42,5,3,probabilistic_suffix_tree,2,1,0.1,0.7,68,196,419,0.031437575030012,skab_fold_aware_refined_search,218
0.5632698768197089,0.3925233644859813,0.3925233644859813,0.3925233644859813,gaussian_noise,SKAB,fold_2,42,5,3,probabilistic_suffix_tree,2,1,0.1,0.7,68,196,419,0.031437575030012,skab_fold_aware_refined_search,218
0.0,0.0,0.0,0.0,unseen_data,SKAB,fold_2,42,5,3,probabilistic_suffix_tree,2,1,0.1,0.7,68,196,419,0.031437575030012,skab_fold_aware_refined_search,218
0.49384098544232924,0.30973451327433627,0.32507739938080493,0.31722054380664655,original,SKAB,fold_3,42,5,3,probabilistic_suffix_tree,2,1,0.1,0.7,69,195,407,0.03024897807506503,skab_fold_aware_refined_search,218
0.49048152295632697,0.31142857142857144,0.33746130030959753,0.32392273402674593,gaussian_noise,SKAB,fold_3,42,5,3,probabilistic_suffix_tree,2,1,0.1,0.7,69,195,407,0.03024897807506503,skab_fold_aware_refined_search,218
0.0,0.0,0.0,0.0,unseen_data,SKAB,fold_3,42,5,3,probabilistic_suffix_tree,2,1,0.1,0.7,69,195,407,0.03024897807506503,skab_fold_aware_refined_search,218
0.5754824063564131,0.39672131147540984,0.3890675241157556,0.39285714285714285,original,SKAB,fold_4,42,5,3,probabilistic_suffix_tree,2,1,0.1,0.7,68,192,403,0.03086703431372549,skab_fold_aware_refined_search,218
0.5709421112372304,0.3956386292834891,0.40836012861736337,0.40189873417721517,gaussian_noise,SKAB,fold_4,42,5,3,probabilistic_suffix_tree,2,1,0.1,0.7,68,192,403,0.03086703431372549,skab_fold_aware_refined_search,218
0.0,0.0,0.0,0.0,unseen_data,SKAB,fold_4,42,5,3,probabilistic_suffix_tree,2,1,0.1,0.7,68,192,403,0.03086703431372549,skab_fold_aware_refined_search,218
0.6090808416389811,0.4744186046511628,0.6163141993957704,0.5361366622864652,original,SKAB,fold_5,42,5,3,probabilistic_suffix_tree,2,1,0.1,0.7,64,178,368,0.032303370786516857,skab_fold_aware_refined_search,218
0.6090808416389811,0.47717842323651455,0.6948640483383686,0.5658056580565806,gaussian_noise,SKAB,fold_5,42,5,3,probabilistic_suffix_tree,2,1,0.1,0.7,64,178,368,0.032303370786516857,skab_fold_aware_refined_search,218
0.6744186046511628,0.6744186046511628,1.0,0.8055555555555556,unseen_data,SKAB,fold_5,42,5,3,probabilistic_suffix_tree,2,1,0.1,0.7,64,178,368,0.032303370786516857,skab_fold_aware_refined_search,218
0.5384615384615384,0.0,0.0,0.0,original,SKAB,fold_1,42,5,3,probabilistic_suffix_tree,2,1,0.1,0.9,71,197,401,0.028669478801744478,skab_fold_aware_refined_search,219
0.5351170568561873,0.0,0.0,0.0,gaussian_noise,SKAB,fold_1,42,5,3,probabilistic_suffix_tree,2,1,0.1,0.9,71,197,401,0.028669478801744478,skab_fold_aware_refined_search,219
0.0,0.0,0.0,0.0,unseen_data,SKAB,fold_1,42,5,3,probabilistic_suffix_tree,2,1,0.1,0.9,71,197,401,0.028669478801744478,skab_fold_aware_refined_search,219
0.5352743561030235,0.34935897435897434,0.3395638629283489,0.344391785150079,original,SKAB,fold_2,42,5,3,probabilistic_suffix_tree,2,1,0.1,0.9,68,196,419,0.031437575030012,skab_fold_aware_refined_search,219
0.5520716685330347,0.382089552238806,0.3987538940809969,0.3902439024390244,gaussian_noise,SKAB,fold_2,42,5,3,probabilistic_suffix_tree,2,1,0.1,0.9,68,196,419,0.031437575030012,skab_fold_aware_refined_search,219
0.0,0.0,0.0,0.0,unseen_data,SKAB,fold_2,42,5,3,probabilistic_suffix_tree,2,1,0.1,0.9,68,196,419,0.031437575030012,skab_fold_aware_refined_search,219
0.5005599104143337,0.3247863247863248,0.35294117647058826,0.33827893175074186,original,SKAB,fold_3,42,5,3,probabilistic_suffix_tree,2,1,0.1,0.9,69,195,407,0.03024897807506503,skab_fold_aware_refined_search,219
0.49608062709966405,0.325068870523416,0.3653250773993808,0.34402332361516036,gaussian_noise,SKAB,fold_3,42,5,3,probabilistic_suffix_tree,2,1,0.1,0.9,69,195,407,0.03024897807506503,skab_fold_aware_refined_search,219
0.0,0.0,0.0,0.0,unseen_data,SKAB,fold_3,42,5,3,probabilistic_suffix_tree,2,1,0.1,0.9,69,195,407,0.03024897807506503,skab_fold_aware_refined_search,219
0.5777525539160046,0.41055718475073316,0.45016077170418006,0.4294478527607362,original,SKAB,fold_4,42,5,3,probabilistic_suffix_tree,2,1,0.1,0.9,68,192,403,0.03086703431372549,skab_fold_aware_refined_search,219
0.5686719636776391,0.4028169014084507,0.45980707395498394,0.4294294294294294,gaussian_noise,SKAB,fold_4,42,5,3,probabilistic_suffix_tree,2,1,0.1,0.9,68,192,403,0.03086703431372549,skab_fold_aware_refined_search,219
0.0,0.0,0.0,0.0,unseen_data,SKAB,fold_4,42,5,3,probabilistic_suffix_tree,2,1,0.1,0.9,68,192,403,0.03086703431372549,skab_fold_aware_refined_search,219
0.7220376522702104,0.5692041522491349,0.9939577039274925,0.7238723872387238,original,SKAB,fold_5,42,5,3,probabilistic_suffix_tree,2,1,0.1,0.9,64,178,368,0.032303370786516857,skab_fold_aware_refined_search,219
0.6932447397563677,0.5447019867549668,0.9939577039274925,0.7037433155080214,gaussian_noise,SKAB,fold_5,42,5,3,probabilistic_suffix_tree,2,1,0.1,0.9,64,178,368,0.032303370786516857,skab_fold_aware_refined_search,219
0.6744186046511628,0.6744186046511628,1.0,0.8055555555555556,unseen_data,SKAB,fold_5,42,5,3,probabilistic_suffix_tree,2,1,0.1,0.9,64,178,368,0.032303370786516857,skab_fold_aware_refined_search,219
0.5384615384615384,0.0,0.0,0.0,original,SKAB,fold_1,42,5,3,probabilistic_suffix_tree,2,1,0.5,0.5,71,197,401,0.028669478801744478,skab_fold_aware_refined_search,220
0.5351170568561873,0.0,0.0,0.0,gaussian_noise,SKAB,fold_1,42,5,3,probabilistic_suffix_tree,2,1,0.5,0.5,71,197,401,0.028669478801744478,skab_fold_aware_refined_search,220
0.0,0.0,0.0,0.0,unseen_data,SKAB,fold_1,42,5,3,probabilistic_suffix_tree,2,1,0.5,0.5,71,197,401,0.028669478801744478,skab_fold_aware_refined_search,220
0.5352743561030235,0.34935897435897434,0.3395638629283489,0.344391785150079,original,SKAB,fold_2,42,5,3,probabilistic_suffix_tree,2,1,0.5,0.5,68,196,419,0.031437575030012,skab_fold_aware_refined_search,220
0.5520716685330347,0.382089552238806,0.3987538940809969,0.3902439024390244,gaussian_noise,SKAB,fold_2,42,5,3,probabilistic_suffix_tree,2,1,0.5,0.5,68,196,419,0.031437575030012,skab_fold_aware_refined_search,220
0.0,0.0,0.0,0.0,unseen_data,SKAB,fold_2,42,5,3,probabilistic_suffix_tree,2,1,0.5,0.5,68,196,419,0.031437575030012,skab_fold_aware_refined_search,220
0.49608062709966405,0.31486880466472306,0.33436532507739936,0.32432432432432434,original,SKAB,fold_3,42,5,3,probabilistic_suffix_tree,2,1,0.5,0.5,69,195,407,0.03024897807506503,skab_fold_aware_refined_search,220
0.4916013437849944,0.3154929577464789,0.34674922600619196,0.3303834808259587,gaussian_noise,SKAB,fold_3,42,5,3,probabilistic_suffix_tree,2,1,0.5,0.5,69,195,407,0.03024897807506503,skab_fold_aware_refined_search,220
0.0,0.0,0.0,0.0,unseen_data,SKAB,fold_3,42,5,3,probabilistic_suffix_tree,2,1,0.5,0.5,69,195,407,0.03024897807506503,skab_fold_aware_refined_search,220
0.5766174801362088,0.40606060606060607,0.43086816720257237,0.41809672386895474,original,SKAB,fold_4,42,5,3,probabilistic_suffix_tree,2,1,0.5,0.5,68,192,403,0.03086703431372549,skab_fold_aware_refined_search,220
0.5686719636776391,0.39941690962099125,0.4405144694533762,0.41896024464831805,gaussian_noise,SKAB,fold_4,42,5,3,probabilistic_suffix_tree,2,1,0.5,0.5,68,192,403,0.03086703431372549,skab_fold_aware_refined_search,220
0.0,0.0,0.0,0.0,unseen_data,SKAB,fold_4,42,5,3,probabilistic_suffix_tree,2,1,0.5,0.5,68,192,403,0.03086703431372549,skab_fold_aware_refined_search,220
0.6101882613510521,0.4764044943820225,0.6404833836858006,0.5463917525773195,original,SKAB,fold_5,42,5,3,probabilistic_suffix_tree,2,1,0.5,0.5,64,178,368,0.032303370786516857,skab_fold_aware_refined_search,220
0.6135105204872646,0.48185483870967744,0.7220543806646526,0.5779927448609432,gaussian_noise,SKAB,fold_5,42,5,3,probabilistic_suffix_tree,2,1,0.5,0.5,64,178,368,0.032303370786516857,skab_fold_aware_refined_search,220
0.6744186046511628,0.6744186046511628,1.0,0.8055555555555556,unseen_data,SKAB,fold_5,42,5,3,probabilistic_suffix_tree,2,1,0.5,0.5,64,178,368,0.032303370786516857,skab_fold_aware_refined_search,220
0.5384615384615384,0.0,0.0,0.0,original,SKAB,fold_1,42,5,3,probabilistic_suffix_tree,2,1,0.5,0.7,71,197,401,0.028669478801744478,skab_fold_aware_refined_search,221
0.5351170568561873,0.0,0.0,0.0,gaussian_noise,SKAB,fold_1,42,5,3,probabilistic_suffix_tree,2,1,0.5,0.7,71,197,401,0.028669478801744478,skab_fold_aware_refined_search,221
0.0,0.0,0.0,0.0,unseen_data,SKAB,fold_1,42,5,3,probabilistic_suffix_tree,2,1,0.5,0.7,71,197,401,0.028669478801744478,skab_fold_aware_refined_search,221
0.5352743561030235,0.34935897435897434,0.3395638629283489,0.344391785150079,original,SKAB,fold_2,42,5,3,probabilistic_suffix_tree,2,1,0.5,0.7,68,196,419,0.031437575030012,skab_fold_aware_refined_search,221
0.5520716685330347,0.382089552238806,0.3987538940809969,0.3902439024390244,gaussian_noise,SKAB,fold_2,42,5,3,probabilistic_suffix_tree,2,1,0.5,0.7,68,196,419,0.031437575030012,skab_fold_aware_refined_search,221
0.0,0.0,0.0,0.0,unseen_data,SKAB,fold_2,42,5,3,probabilistic_suffix_tree,2,1,0.5,0.7,68,196,419,0.031437575030012,skab_fold_aware_refined_search,221
0.5005599104143337,0.3247863247863248,0.35294117647058826,0.33827893175074186,original,SKAB,fold_3,42,5,3,probabilistic_suffix_tree,2,1,0.5,0.7,69,195,407,0.03024897807506503,skab_fold_aware_refined_search,221
0.49608062709966405,0.325068870523416,0.3653250773993808,0.34402332361516036,gaussian_noise,SKAB,fold_3,42,5,3,probabilistic_suffix_tree,2,1,0.5,0.7,69,195,407,0.03024897807506503,skab_fold_aware_refined_search,221
0.0,0.0,0.0,0.0,unseen_data,SKAB,fold_3,42,5,3,probabilistic_suffix_tree,2,1,0.5,0.7,69,195,407,0.03024897807506503,skab_fold_aware_refined_search,221
0.5777525539160046,0.41055718475073316,0.45016077170418006,0.4294478527607362,original,SKAB,fold_4,42,5,3,probabilistic_suffix_tree,2,1,0.5,0.7,68,192,403,0.03086703431372549,skab_fold_aware_refined_search,221
0.5686719636776391,0.4028169014084507,0.45980707395498394,0.4294294294294294,gaussian_noise,SKAB,fold_4,42,5,3,probabilistic_suffix_tree,2,1,0.5,0.7,68,192,403,0.03086703431372549,skab_fold_aware_refined_search,221
0.0,0.0,0.0,0.0,unseen_data,SKAB,fold_4,42,5,3,probabilistic_suffix_tree,2,1,0.5,0.7,68,192,403,0.03086703431372549,skab_fold_aware_refined_search,221
0.602436323366556,0.4692982456140351,0.6465256797583081,0.5438373570520966,original,SKAB,fold_5,42,5,3,probabilistic_suffix_tree,2,1,0.5,0.7,64,178,368,0.032303370786516857,skab_fold_aware_refined_search,221
0.6035437430786268,0.47347740667976423,0.7280966767371602,0.5738095238095238,gaussian_noise,SKAB,fold_5,42,5,3,probabilistic_suffix_tree,2,1,0.5,0.7,64,178,368,0.032303370786516857,skab_fold_aware_refined_search,221
0.6744186046511628,0.6744186046511628,1.0,0.8055555555555556,unseen_data,SKAB,fold_5,42,5,3,probabilistic_suffix_tree,2,1,0.5,0.7,64,178,368,0.032303370786516857,skab_fold_aware_refined_search,221
0.3010033444816054,0.0,0.0,0.0,original,SKAB,fold_1,42,5,3,probabilistic_suffix_tree,2,1,0.5,0.9,71,197,401,0.028669478801744478,skab_fold_aware_refined_search,222
0.3054626532887402,0.0,0.0,0.0,gaussian_noise,SKAB,fold_1,42,5,3,probabilistic_suffix_tree,2,1,0.5,0.9,71,197,401,0.028669478801744478,skab_fold_aware_refined_search,222
0.0,0.0,0.0,0.0,unseen_data,SKAB,fold_1,42,5,3,probabilistic_suffix_tree,2,1,0.5,0.9,71,197,401,0.028669478801744478,skab_fold_aware_refined_search,222
0.46472564389697646,0.2950391644908616,0.35202492211838005,0.3210227272727273,original,SKAB,fold_2,42,5,3,probabilistic_suffix_tree,2,1,0.5,0.9,68,196,419,0.031437575030012,skab_fold_aware_refined_search,222
0.48152295632698766,0.32598039215686275,0.4143302180685358,0.36488340192043894,gaussian_noise,SKAB,fold_2,42,5,3,probabilistic_suffix_tree,2,1,0.5,0.9,68,196,419,0.031437575030012,skab_fold_aware_refined_search,222
0.0,0.0,0.0,0.0,unseen_data,SKAB,fold_2,42,5,3,probabilistic_suffix_tree,2,1,0.5,0.9,68,196,419,0.031437575030012,skab_fold_aware_refined_search,222
0.4423292273236282,0.3051224944320713,0.4241486068111455,0.3549222797927461,original,SKAB,fold_3,42,5,3,probabilistic_suffix_tree,2,1,0.5,0.9,69,195,407,0.03024897807506503,skab_fold_aware_refined_search,222
0.44680851063829785,0.31125827814569534,0.43653250773993807,0.3634020618556701,gaussian_noise,SKAB,fold_3,42,5,3,probabilistic_suffix_tree,2,1,0.5,0.9,69,195,407,0.03024897807506503,skab_fold_aware_refined_search,222
0.0,0.0,0.0,0.0,unseen_data,SKAB,fold_3,42,5,3,probabilistic_suffix_tree,2,1,0.5,0.9,69,195,407,0.03024897807506503,skab_fold_aware_refined_search,222
0.45743473325766176,0.3306288032454361,0.5241157556270096,0.4054726368159204,original,SKAB,fold_4,42,5,3,probabilistic_suffix_tree,2,1,0.5,0.9,68,192,403,0.03086703431372549,skab_fold_aware_refined_search,222
0.4619750283768445,0.33535353535353535,0.5337620578778135,0.4119106699751861,gaussian_noise,SKAB,fold_4,42,5,3,probabilistic_suffix_tree,2,1,0.5,0.9,68,192,403,0.03086703431372549,skab_fold_aware_refined_search,222
0.0,0.0,0.0,0.0,unseen_data,SKAB,fold_4,42,5,3,probabilistic_suffix_tree,2,1,0.5,0.9,68,192,403,0.03086703431372549,skab_fold_aware_refined_search,222
0.7220376522702104,0.5692041522491349,0.9939577039274925,0.7238723872387238,original,SKAB,fold_5,42,5,3,probabilistic_suffix_tree,2,1,0.5,0.9,64,178,368,0.032303370786516857,skab_fold_aware_refined_search,222
0.6932447397563677,0.5447019867549668,0.9939577039274925,0.7037433155080214,gaussian_noise,SKAB,fold_5,42,5,3,probabilistic_suffix_tree,2,1,0.5,0.9,64,178,368,0.032303370786516857,skab_fold_aware_refined_search,222
0.6744186046511628,0.6744186046511628,1.0,0.8055555555555556,unseen_data,SKAB,fold_5,42,5,3,probabilistic_suffix_tree,2,1,0.5,0.9,64,178,368,0.032303370786516857,skab_fold_aware_refined_search,222
0.5774804905239688,0.0,0.0,0.0,original,SKAB,fold_1,42,5,3,probabilistic_suffix_tree,2,2,0.1,0.5,71,197,401,0.028669478801744478,skab_fold_aware_refined_search,223
0.5774804905239688,0.0,0.0,0.0,gaussian_noise,SKAB,fold_1,42,5,3,probabilistic_suffix_tree,2,2,0.1,0.5,71,197,401,0.028669478801744478,skab_fold_aware_refined_search,223
0.0,0.0,0.0,0.0,unseen_data,SKAB,fold_1,42,5,3,probabilistic_suffix_tree,2,2,0.1,0.5,71,197,401,0.028669478801744478,skab_fold_aware_refined_search,223
0.5543113101903695,0.3257918552036199,0.22429906542056074,0.2656826568265683,original,SKAB,fold_2,42,5,3,probabilistic_suffix_tree,2,2,0.1,0.5,68,196,419,0.031437575030012,skab_fold_aware_refined_search,223
0.5722284434490481,0.3607305936073059,0.24610591900311526,0.29259259259259257,gaussian_noise,SKAB,fold_2,42,5,3,probabilistic_suffix_tree,2,2,0.1,0.5,68,196,419,0.031437575030012,skab_fold_aware_refined_search,223
0.0,0.0,0.0,0.0,unseen_data,SKAB,fold_2,42,5,3,probabilistic_suffix_tree,2,2,0.1,0.5,68,196,419,0.031437575030012,skab_fold_aware_refined_search,223
0.5195968645016797,0.2896825396825397,0.2260061919504644,0.2539130434782609,original,SKAB,fold_3,42,5,3,probabilistic_suffix_tree,2,2,0.1,0.5,69,195,407,0.03024897807506503,skab_fold_aware_refined_search,223
0.5184770436730123,0.30111524163568776,0.25077399380804954,0.27364864864864863,gaussian_noise,SKAB,fold_3,42,5,3,probabilistic_suffix_tree,2,2,0.1,0.5,69,195,407,0.03024897807506503,skab_fold_aware_refined_search,223
0.0,0.0,0.0,0.0,unseen_data,SKAB,fold_3,42,5,3,probabilistic_suffix_tree,2,2,0.1,0.5,69,195,407,0.03024897807506503,skab_fold_aware_refined_search,223
0.5925085130533485,0.3974358974358974,0.2990353697749196,0.3412844036697248,original,SKAB,fold_4,42,5,3,probabilistic_suffix_tree,2,2,0.1,0.5,68,192,403,0.03086703431372549,skab_fold_aware_refined_search,223
0.6004540295119183,0.41350210970464135,0.31511254019292606,0.35766423357664234,gaussian_noise,SKAB,fold_4,42,5,3,probabilistic_suffix_tree,2,2,0.1,0.5,68,192,403,0.03086703431372549,skab_fold_aware_refined_search,223
0.0,0.0,0.0,0.0,unseen_data,SKAB,fold_4,42,5,3,probabilistic_suffix_tree,2,2,0.1,0.5,68,192,403,0.03086703431372549,skab_fold_aware_refined_search,223
0.5891472868217055,0.4421965317919075,0.4622356495468278,0.4519940915805022,original,SKAB,fold_5,42,5,3,probabilistic_suffix_tree,2,2,0.1,0.5,64,178,368,0.032303370786516857,skab_fold_aware_refined_search,223
0.5791805094130675,0.43535620052770446,0.4984894259818731,0.4647887323943662,gaussian_noise,SKAB,fold_5,42,5,3,probabilistic_suffix_tree,2,2,0.1,0.5,64,178,368,0.032303370786516857,skab_fold_aware_refined_search,223
0.627906976744186,0.6857142857142857,0.8275862068965517,0.75,unseen_data,SKAB,fold_5,42,5,3,probabilistic_suffix_tree,2,2,0.1,0.5,64,178,368,0.032303370786516857,skab_fold_aware_refined_search,223
0.5384615384615384,0.0,0.0,0.0,original,SKAB,fold_1,42,5,3,probabilistic_suffix_tree,2,2,0.1,0.7,71,197,401,0.028669478801744478,skab_fold_aware_refined_search,224
0.5351170568561873,0.0,0.0,0.0,gaussian_noise,SKAB,fold_1,42,5,3,probabilistic_suffix_tree,2,2,0.1,0.7,71,197,401,0.028669478801744478,skab_fold_aware_refined_search,224
0.0,0.0,0.0,0.0,unseen_data,SKAB,fold_1,42,5,3,probabilistic_suffix_tree,2,2,0.1,0.7,71,197,401,0.028669478801744478,skab_fold_aware_refined_search,224
0.5464725643896976,0.35906040268456374,0.3333333333333333,0.345718901453958,original,SKAB,fold_2,42,5,3,probabilistic_suffix_tree,2,2,0.1,0.7,68,196,419,0.031437575030012,skab_fold_aware_refined_search,224
0.5632698768197089,0.3925233644859813,0.3925233644859813,0.3925233644859813,gaussian_noise,SKAB,fold_2,42,5,3,probabilistic_suffix_tree,2,2,0.1,0.7,68,196,419,0.031437575030012,skab_fold_aware_refined_search,224
0.0,0.0,0.0,0.0,unseen_data,SKAB,fold_2,42,5,3,probabilistic_suffix_tree,2,2,0.1,0.7,68,196,419,0.031437575030012,skab_fold_aware_refined_search,224
0.49384098544232924,0.30973451327433627,0.32507739938080493,0.31722054380664655,original,SKAB,fold_3,42,5,3,probabilistic_suffix_tree,2,2,0.1,0.7,69,195,407,0.03024897807506503,skab_fold_aware_refined_search,224
0.49048152295632697,0.31142857142857144,0.33746130030959753,0.32392273402674593,gaussian_noise,SKAB,fold_3,42,5,3,probabilistic_suffix_tree,2,2,0.1,0.7,69,195,407,0.03024897807506503,skab_fold_aware_refined_search,224
0.0,0.0,0.0,0.0,unseen_data,SKAB,fold_3,42,5,3,probabilistic_suffix_tree,2,2,0.1,0.7,69,195,407,0.03024897807506503,skab_fold_aware_refined_search,224
0.5754824063564131,0.39672131147540984,0.3890675241157556,0.39285714285714285,original,SKAB,fold_4,42,5,3,probabilistic_suffix_tree,2,2,0.1,0.7,68,192,403,0.03086703431372549,skab_fold_aware_refined_search,224
0.5709421112372304,0.3956386292834891,0.40836012861736337,0.40189873417721517,gaussian_noise,SKAB,fold_4,42,5,3,probabilistic_suffix_tree,2,2,0.1,0.7,68,192,403,0.03086703431372549,skab_fold_aware_refined_search,224
0.0,0.0,0.0,0.0,unseen_data,SKAB,fold_4,42,5,3,probabilistic_suffix_tree,2,2,0.1,0.7,68,192,403,0.03086703431372549,skab_fold_aware_refined_search,224
0.6090808416389811,0.4744186046511628,0.6163141993957704,0.5361366622864652,original,SKAB,fold_5,42,5,3,probabilistic_suffix_tree,2,2,0.1,0.7,64,178,368,0.032303370786516857,skab_fold_aware_refined_search,224
0.6090808416389811,0.47717842323651455,0.6948640483383686,0.5658056580565806,gaussian_noise,SKAB,fold_5,42,5,3,probabilistic_suffix_tree,2,2,0.1,0.7,64,178,368,0.032303370786516857,skab_fold_aware_refined_search,224
0.6744186046511628,0.6744186046511628,1.0,0.8055555555555556,unseen_data,SKAB,fold_5,42,5,3,probabilistic_suffix_tree,2,2,0.1,0.7,64,178,368,0.032303370786516857,skab_fold_aware_refined_search,224
0.5384615384615384,0.0,0.0,0.0,original,SKAB,fold_1,42,5,3,probabilistic_suffix_tree,2,2,0.1,0.9,71,197,401,0.028669478801744478,skab_fold_aware_refined_search,225
0.5351170568561873,0.0,0.0,0.0,gaussian_noise,SKAB,fold_1,42,5,3,probabilistic_suffix_tree,2,2,0.1,0.9,71,197,401,0.028669478801744478,skab_fold_aware_refined_search,225
0.0,0.0,0.0,0.0,unseen_data,SKAB,fold_1,42,5,3,probabilistic_suffix_tree,2,2,0.1,0.9,71,197,401,0.028669478801744478,skab_fold_aware_refined_search,225
0.5352743561030235,0.34935897435897434,0.3395638629283489,0.344391785150079,original,SKAB,fold_2,42,5,3,probabilistic_suffix_tree,2,2,0.1,0.9,68,196,419,0.031437575030012,skab_fold_aware_refined_search,225
0.5520716685330347,0.382089552238806,0.3987538940809969,0.3902439024390244,gaussian_noise,SKAB,fold_2,42,5,3,probabilistic_suffix_tree,2,2,0.1,0.9,68,196,419,0.031437575030012,skab_fold_aware_refined_search,225
0.0,0.0,0.0,0.0,unseen_data,SKAB,fold_2,42,5,3,probabilistic_suffix_tree,2,2,0.1,0.9,68,196,419,0.031437575030012,skab_fold_aware_refined_search,225
0.5005599104143337,0.3247863247863248,0.35294117647058826,0.33827893175074186,original,SKAB,fold_3,42,5,3,probabilistic_suffix_tree,2,2,0.1,0.9,69,195,407,0.03024897807506503,skab_fold_aware_refined_search,225
0.49608062709966405,0.325068870523416,0.3653250773993808,0.34402332361516036,gaussian_noise,SKAB,fold_3,42,5,3,probabilistic_suffix_tree,2,2,0.1,0.9,69,195,407,0.03024897807506503,skab_fold_aware_refined_search,225
0.0,0.0,0.0,0.0,unseen_data,SKAB,fold_3,42,5,3,probabilistic_suffix_tree,2,2,0.1,0.9,69,195,407,0.03024897807506503,skab_fold_aware_refined_search,225
0.5777525539160046,0.41055718475073316,0.45016077170418006,0.4294478527607362,original,SKAB,fold_4,42,5,3,probabilistic_suffix_tree,2,2,0.1,0.9,68,192,403,0.03086703431372549,skab_fold_aware_refined_search,225
0.5686719636776391,0.4028169014084507,0.45980707395498394,0.4294294294294294,gaussian_noise,SKAB,fold_4,42,5,3,probabilistic_suffix_tree,2,2,0.1,0.9,68,192,403,0.03086703431372549,skab_fold_aware_refined_search,225
0.0,0.0,0.0,0.0,unseen_data,SKAB,fold_4,42,5,3,probabilistic_suffix_tree,2,2,0.1,0.9,68,192,403,0.03086703431372549,skab_fold_aware_refined_search,225
0.7220376522702104,0.5692041522491349,0.9939577039274925,0.7238723872387238,original,SKAB,fold_5,42,5,3,probabilistic_suffix_tree,2,2,0.1,0.9,64,178,368,0.032303370786516857,skab_fold_aware_refined_search,225
0.6932447397563677,0.5447019867549668,0.9939577039274925,0.7037433155080214,gaussian_noise,SKAB,fold_5,42,5,3,probabilistic_suffix_tree,2,2,0.1,0.9,64,178,368,0.032303370786516857,skab_fold_aware_refined_search,225
0.6744186046511628,0.6744186046511628,1.0,0.8055555555555556,unseen_data,SKAB,fold_5,42,5,3,probabilistic_suffix_tree,2,2,0.1,0.9,64,178,368,0.032303370786516857,skab_fold_aware_refined_search,225
0.5384615384615384,0.0,0.0,0.0,original,SKAB,fold_1,42,5,3,probabilistic_suffix_tree,2,2,0.5,0.5,71,197,401,0.028669478801744478,skab_fold_aware_refined_search,226
0.5351170568561873,0.0,0.0,0.0,gaussian_noise,SKAB,fold_1,42,5,3,probabilistic_suffix_tree,2,2,0.5,0.5,71,197,401,0.028669478801744478,skab_fold_aware_refined_search,226
0.0,0.0,0.0,0.0,unseen_data,SKAB,fold_1,42,5,3,probabilistic_suffix_tree,2,2,0.5,0.5,71,197,401,0.028669478801744478,skab_fold_aware_refined_search,226
0.5352743561030235,0.34935897435897434,0.3395638629283489,0.344391785150079,original,SKAB,fold_2,42,5,3,probabilistic_suffix_tree,2,2,0.5,0.5,68,196,419,0.031437575030012,skab_fold_aware_refined_search,226
0.5520716685330347,0.382089552238806,0.3987538940809969,0.3902439024390244,gaussian_noise,SKAB,fold_2,42,5,3,probabilistic_suffix_tree,2,2,0.5,0.5,68,196,419,0.031437575030012,skab_fold_aware_refined_search,226
0.0,0.0,0.0,0.0,unseen_data,SKAB,fold_2,42,5,3,probabilistic_suffix_tree,2,2,0.5,0.5,68,196,419,0.031437575030012,skab_fold_aware_refined_search,226
0.49608062709966405,0.31486880466472306,0.33436532507739936,0.32432432432432434,original,SKAB,fold_3,42,5,3,probabilistic_suffix_tree,2,2,0.5,0.5,69,195,407,0.03024897807506503,skab_fold_aware_refined_search,226
0.4916013437849944,0.3154929577464789,0.34674922600619196,0.3303834808259587,gaussian_noise,SKAB,fold_3,42,5,3,probabilistic_suffix_tree,2,2,0.5,0.5,69,195,407,0.03024897807506503,skab_fold_aware_refined_search,226
0.0,0.0,0.0,0.0,unseen_data,SKAB,fold_3,42,5,3,probabilistic_suffix_tree,2,2,0.5,0.5,69,195,407,0.03024897807506503,skab_fold_aware_refined_search,226
0.5766174801362088,0.40606060606060607,0.43086816720257237,0.41809672386895474,original,SKAB,fold_4,42,5,3,probabilistic_suffix_tree,2,2,0.5,0.5,68,192,403,0.03086703431372549,skab_fold_aware_refined_search,226
0.5686719636776391,0.39941690962099125,0.4405144694533762,0.41896024464831805,gaussian_noise,SKAB,fold_4,42,5,3,probabilistic_suffix_tree,2,2,0.5,0.5,68,192,403,0.03086703431372549,skab_fold_aware_refined_search,226
0.0,0.0,0.0,0.0,unseen_data,SKAB,fold_4,42,5,3,probabilistic_suffix_tree,2,2,0.5,0.5,68,192,403,0.03086703431372549,skab_fold_aware_refined_search,226
0.6101882613510521,0.4764044943820225,0.6404833836858006,0.5463917525773195,original,SKAB,fold_5,42,5,3,probabilistic_suffix_tree,2,2,0.5,0.5,64,178,368,0.032303370786516857,skab_fold_aware_refined_search,226
0.6135105204872646,0.48185483870967744,0.7220543806646526,0.5779927448609432,gaussian_noise,SKAB,fold_5,42,5,3,probabilistic_suffix_tree,2,2,0.5,0.5,64,178,368,0.032303370786516857,skab_fold_aware_refined_search,226
0.6744186046511628,0.6744186046511628,1.0,0.8055555555555556,unseen_data,SKAB,fold_5,42,5,3,probabilistic_suffix_tree,2,2,0.5,0.5,64,178,368,0.032303370786516857,skab_fold_aware_refined_search,226
0.5384615384615384,0.0,0.0,0.0,original,SKAB,fold_1,42,5,3,probabilistic_suffix_tree,2,2,0.5,0.7,71,197,401,0.028669478801744478,skab_fold_aware_refined_search,227
0.5351170568561873,0.0,0.0,0.0,gaussian_noise,SKAB,fold_1,42,5,3,probabilistic_suffix_tree,2,2,0.5,0.7,71,197,401,0.028669478801744478,skab_fold_aware_refined_search,227
0.0,0.0,0.0,0.0,unseen_data,SKAB,fold_1,42,5,3,probabilistic_suffix_tree,2,2,0.5,0.7,71,197,401,0.028669478801744478,skab_fold_aware_refined_search,227
0.5352743561030235,0.34935897435897434,0.3395638629283489,0.344391785150079,original,SKAB,fold_2,42,5,3,probabilistic_suffix_tree,2,2,0.5,0.7,68,196,419,0.031437575030012,skab_fold_aware_refined_search,227
0.5520716685330347,0.382089552238806,0.3987538940809969,0.3902439024390244,gaussian_noise,SKAB,fold_2,42,5,3,probabilistic_suffix_tree,2,2,0.5,0.7,68,196,419,0.031437575030012,skab_fold_aware_refined_search,227
0.0,0.0,0.0,0.0,unseen_data,SKAB,fold_2,42,5,3,probabilistic_suffix_tree,2,2,0.5,0.7,68,196,419,0.031437575030012,skab_fold_aware_refined_search,227
0.5005599104143337,0.3247863247863248,0.35294117647058826,0.33827893175074186,original,SKAB,fold_3,42,5,3,probabilistic_suffix_tree,2,2,0.5,0.7,69,195,407,0.03024897807506503,skab_fold_aware_refined_search,227
0.49608062709966405,0.325068870523416,0.3653250773993808,0.34402332361516036,gaussian_noise,SKAB,fold_3,42,5,3,probabilistic_suffix_tree,2,2,0.5,0.7,69,195,407,0.03024897807506503,skab_fold_aware_refined_search,227
0.0,0.0,0.0,0.0,unseen_data,SKAB,fold_3,42,5,3,probabilistic_suffix_tree,2,2,0.5,0.7,69,195,407,0.03024897807506503,skab_fold_aware_refined_search,227
0.5777525539160046,0.41055718475073316,0.45016077170418006,0.4294478527607362,original,SKAB,fold_4,42,5,3,probabilistic_suffix_tree,2,2,0.5,0.7,68,192,403,0.03086703431372549,skab_fold_aware_refined_search,227
0.5686719636776391,0.4028169014084507,0.45980707395498394,0.4294294294294294,gaussian_noise,SKAB,fold_4,42,5,3,probabilistic_suffix_tree,2,2,0.5,0.7,68,192,403,0.03086703431372549,skab_fold_aware_refined_search,227
0.0,0.0,0.0,0.0,unseen_data,SKAB,fold_4,42,5,3,probabilistic_suffix_tree,2,2,0.5,0.7,68,192,403,0.03086703431372549,skab_fold_aware_refined_search,227
0.602436323366556,0.4692982456140351,0.6465256797583081,0.5438373570520966,original,SKAB,fold_5,42,5,3,probabilistic_suffix_tree,2,2,0.5,0.7,64,178,368,0.032303370786516857,skab_fold_aware_refined_search,227
0.6035437430786268,0.47347740667976423,0.7280966767371602,0.5738095238095238,gaussian_noise,SKAB,fold_5,42,5,3,probabilistic_suffix_tree,2,2,0.5,0.7,64,178,368,0.032303370786516857,skab_fold_aware_refined_search,227
0.6744186046511628,0.6744186046511628,1.0,0.8055555555555556,unseen_data,SKAB,fold_5,42,5,3,probabilistic_suffix_tree,2,2,0.5,0.7,64,178,368,0.032303370786516857,skab_fold_aware_refined_search,227
0.3010033444816054,0.0,0.0,0.0,original,SKAB,fold_1,42,5,3,probabilistic_suffix_tree,2,2,0.5,0.9,71,197,401,0.028669478801744478,skab_fold_aware_refined_search,228
0.3054626532887402,0.0,0.0,0.0,gaussian_noise,SKAB,fold_1,42,5,3,probabilistic_suffix_tree,2,2,0.5,0.9,71,197,401,0.028669478801744478,skab_fold_aware_refined_search,228
0.0,0.0,0.0,0.0,unseen_data,SKAB,fold_1,42,5,3,probabilistic_suffix_tree,2,2,0.5,0.9,71,197,401,0.028669478801744478,skab_fold_aware_refined_search,228
0.46472564389697646,0.2950391644908616,0.35202492211838005,0.3210227272727273,original,SKAB,fold_2,42,5,3,probabilistic_suffix_tree,2,2,0.5,0.9,68,196,419,0.031437575030012,skab_fold_aware_refined_search,228
0.48152295632698766,0.32598039215686275,0.4143302180685358,0.36488340192043894,gaussian_noise,SKAB,fold_2,42,5,3,probabilistic_suffix_tree,2,2,0.5,0.9,68,196,419,0.031437575030012,skab_fold_aware_refined_search,228
0.0,0.0,0.0,0.0,unseen_data,SKAB,fold_2,42,5,3,probabilistic_suffix_tree,2,2,0.5,0.9,68,196,419,0.031437575030012,skab_fold_aware_refined_search,228
0.4423292273236282,0.3051224944320713,0.4241486068111455,0.3549222797927461,original,SKAB,fold_3,42,5,3,probabilistic_suffix_tree,2,2,0.5,0.9,69,195,407,0.03024897807506503,skab_fold_aware_refined_search,228
0.44680851063829785,0.31125827814569534,0.43653250773993807,0.3634020618556701,gaussian_noise,SKAB,fold_3,42,5,3,probabilistic_suffix_tree,2,2,0.5,0.9,69,195,407,0.03024897807506503,skab_fold_aware_refined_search,228
0.0,0.0,0.0,0.0,unseen_data,SKAB,fold_3,42,5,3,probabilistic_suffix_tree,2,2,0.5,0.9,69,195,407,0.03024897807506503,skab_fold_aware_refined_search,228
0.45743473325766176,0.3306288032454361,0.5241157556270096,0.4054726368159204,original,SKAB,fold_4,42,5,3,probabilistic_suffix_tree,2,2,0.5,0.9,68,192,403,0.03086703431372549,skab_fold_aware_refined_search,228
0.4619750283768445,0.33535353535353535,0.5337620578778135,0.4119106699751861,gaussian_noise,SKAB,fold_4,42,5,3,probabilistic_suffix_tree,2,2,0.5,0.9,68,192,403,0.03086703431372549,skab_fold_aware_refined_search,228
0.0,0.0,0.0,0.0,unseen_data,SKAB,fold_4,42,5,3,probabilistic_suffix_tree,2,2,0.5,0.9,68,192,403,0.03086703431372549,skab_fold_aware_refined_search,228
0.7220376522702104,0.5692041522491349,0.9939577039274925,0.7238723872387238,original,SKAB,fold_5,42,5,3,probabilistic_suffix_tree,2,2,0.5,0.9,64,178,368,0.032303370786516857,skab_fold_aware_refined_search,228
0.6932447397563677,0.5447019867549668,0.9939577039274925,0.7037433155080214,gaussian_noise,SKAB,fold_5,42,5,3,probabilistic_suffix_tree,2,2,0.5,0.9,64,178,368,0.032303370786516857,skab_fold_aware_refined_search,228
0.6744186046511628,0.6744186046511628,1.0,0.8055555555555556,unseen_data,SKAB,fold_5,42,5,3,probabilistic_suffix_tree,2,2,0.5,0.9,64,178,368,0.032303370786516857,skab_fold_aware_refined_search,228
0.5674470457079153,0.0,0.0,0.0,original,SKAB,fold_1,42,5,3,probabilistic_suffix_tree,3,1,0.1,0.5,71,402,725,0.025401163198094035,skab_fold_aware_refined_search,229
0.5663322185061316,0.0,0.0,0.0,gaussian_noise,SKAB,fold_1,42,5,3,probabilistic_suffix_tree,3,1,0.1,0.5,71,402,725,0.025401163198094035,skab_fold_aware_refined_search,229
0.0,0.0,0.0,0.0,unseen_data,SKAB,fold_1,42,5,3,probabilistic_suffix_tree,3,1,0.1,0.5,71,402,725,0.025401163198094035,skab_fold_aware_refined_search,229
0.5531914893617021,0.3533834586466165,0.29283489096573206,0.3202725724020443,original,SKAB,fold_2,42,5,3,probabilistic_suffix_tree,3,1,0.1,0.5,68,420,784,0.027450980392156862,skab_fold_aware_refined_search,229
0.5677491601343785,0.379182156133829,0.3177570093457944,0.34576271186440677,gaussian_noise,SKAB,fold_2,42,5,3,probabilistic_suffix_tree,3,1,0.1,0.5,68,420,784,0.027450980392156862,skab_fold_aware_refined_search,229
0.0,0.0,0.0,0.0,unseen_data,SKAB,fold_2,42,5,3,probabilistic_suffix_tree,3,1,0.1,0.5,68,420,784,0.027450980392156862,skab_fold_aware_refined_search,229
0.49832026875699886,0.29372937293729373,0.2755417956656347,0.28434504792332266,original,SKAB,fold_3,42,5,3,probabilistic_suffix_tree,3,1,0.1,0.5,69,408,744,0.026427962489343565,skab_fold_aware_refined_search,229
0.49384098544232924,0.29652996845425866,0.29102167182662536,0.29375,gaussian_noise,SKAB,fold_3,42,5,3,probabilistic_suffix_tree,3,1,0.1,0.5,69,408,744,0.026427962489343565,skab_fold_aware_refined_search,229
0.0,0.0,0.0,0.0,unseen_data,SKAB,fold_3,42,5,3,probabilistic_suffix_tree,3,1,0.1,0.5,69,408,744,0.026427962489343565,skab_fold_aware_refined_search,229
0.5766174801362088,0.3892857142857143,0.3504823151125402,0.3688663282571912,original,SKAB,fold_4,42,5,3,probabilistic_suffix_tree,3,1,0.1,0.5,68,404,738,0.02686371578334304,skab_fold_aware_refined_search,229
0.58683314415437,0.4070175438596491,0.3729903536977492,0.38926174496644295,gaussian_noise,SKAB,fold_4,42,5,3,probabilistic_suffix_tree,3,1,0.1,0.5,68,404,738,0.02686371578334304,skab_fold_aware_refined_search,229
0.0,0.0,0.0,0.0,unseen_data,SKAB,fold_4,42,5,3,probabilistic_suffix_tree,3,1,0.1,0.5,68,404,738,0.02686371578334304,skab_fold_aware_refined_search,229
0.593576965669989,0.45263157894736844,0.5196374622356495,0.4838255977496484,original,SKAB,fold_5,42,5,3,probabilistic_suffix_tree,3,1,0.1,0.5,64,369,670,0.02837059620596206,skab_fold_aware_refined_search,229
0.5791805094130675,0.4400977995110024,0.5438066465256798,0.4864864864864865,gaussian_noise,SKAB,fold_5,42,5,3,probabilistic_suffix_tree,3,1,0.1,0.5,64,369,670,0.02837059620596206,skab_fold_aware_refined_search,229
0.627906976744186,0.6857142857142857,0.8275862068965517,0.75,unseen_data,SKAB,fold_5,42,5,3,probabilistic_suffix_tree,3,1,0.1,0.5,64,369,670,0.02837059620596206,skab_fold_aware_refined_search,229
0.5340022296544036,0.0,0.0,0.0,original,SKAB,fold_1,42,5,3,probabilistic_suffix_tree,3,1,0.1,0.7,71,402,725,0.025401163198094035,skab_fold_aware_refined_search,230
0.5295429208472687,0.0,0.0,0.0,gaussian_noise,SKAB,fold_1,42,5,3,probabilistic_suffix_tree,3,1,0.1,0.7,71,402,725,0.025401163198094035,skab_fold_aware_refined_search,230
0.0,0.0,0.0,0.0,unseen_data,SKAB,fold_1,42,5,3,probabilistic_suffix_tree,3,1,0.1,0.7,71,402,725,0.025401163198094035,skab_fold_aware_refined_search,230
0.5319148936170213,0.3470031545741325,0.3426791277258567,0.3448275862068966,original,SKAB,fold_2,42,5,3,probabilistic_suffix_tree,3,1,0.1,0.7,68,420,784,0.027450980392156862,skab_fold_aware_refined_search,230
0.5487122060470325,0.37941176470588234,0.40186915887850466,0.3903177004538578,gaussian_noise,SKAB,fold_2,42,5,3,probabilistic_suffix_tree,3,1,0.1,0.7,68,420,784,0.027450980392156862,skab_fold_aware_refined_search,230
0.0,0.0,0.0,0.0,unseen_data,SKAB,fold_2,42,5,3,probabilistic_suffix_tree,3,1,0.1,0.7,68,420,784,0.027450980392156862,skab_fold_aware_refined_search,230
0.49048152295632697,0.31564245810055863,0.3498452012383901,0.33186490455212925,original,SKAB,fold_3,42,5,3,probabilistic_suffix_tree,3,1,0.1,0.7,69,408,744,0.026427962489343565,skab_fold_aware_refined_search,230
0.48712206047032475,0.3170731707317073,0.3622291021671827,0.33815028901734107,gaussian_noise,SKAB,fold_3,42,5,3,probabilistic_suffix_tree,3,1,0.1,0.7,69,408,744,0.026427962489343565,skab_fold_aware_refined_search,230
0.0,0.0,0.0,0.0,unseen_data,SKAB,fold_3,42,5,3,probabilistic_suffix_tree,3,1,0.1,0.7,69,408,744,0.026427962489343565,skab_fold_aware_refined_search,230
0.5675368898978433,0.39520958083832336,0.42443729903536975,0.40930232558139534,original,SKAB,fold_4,42,5,3,probabilistic_suffix_tree,3,1,0.1,0.7,68,404,738,0.02686371578334304,skab_fold_aware_refined_search,230
0.5595913734392736,0.39154929577464787,0.44694533762057875,0.4174174174174174,gaussian_noise,SKAB,fold_4,42,5,3,probabilistic_suffix_tree,3,1,0.1,0.7,68,404,738,0.02686371578334304,skab_fold_aware_refined_search,230
0.0,0.0,0.0,0.0,unseen_data,SKAB,fold_4,42,5,3,probabilistic_suffix_tree,3,1,0.1,0.7,68,404,738,0.02686371578334304,skab_fold_aware_refined_search,230
0.6124031007751938,0.4793028322440087,0.6646525679758308,0.5569620253164557,original,SKAB,fold_5,42,5,3,probabilistic_suffix_tree,3,1,0.1,0.7,64,369,670,0.02837059620596206,skab_fold_aware_refined_search,230
0.6090808416389811,0.478515625,0.7401812688821753,0.5812574139976275,gaussian_noise,SKAB,fold_5,42,5,3,probabilistic_suffix_tree,3,1,0.1,0.7,64,369,670,0.02837059620596206,skab_fold_aware_refined_search,230
0.6744186046511628,0.6744186046511628,1.0,0.8055555555555556,unseen_data,SKAB,fold_5,42,5,3,probabilistic_suffix_tree,3,1,0.1,0.7,64,369,670,0.02837059620596206,skab_fold_aware_refined_search,230
0.5340022296544036,0.0,0.0,0.0,original,SKAB,fold_1,42,5,3,probabilistic_suffix_tree,3,1,0.1,0.9,71,402,725,0.025401163198094035,skab_fold_aware_refined_search,231
0.5295429208472687,0.0,0.0,0.0,gaussian_noise,SKAB,fold_1,42,5,3,probabilistic_suffix_tree,3,1,0.1,0.9,71,402,725,0.025401163198094035,skab_fold_aware_refined_search,231
0.0,0.0,0.0,0.0,unseen_data,SKAB,fold_1,42,5,3,probabilistic_suffix_tree,3,1,0.1,0.9,71,402,725,0.025401163198094035,skab_fold_aware_refined_search,231
0.5296752519596865,0.3504531722054381,0.3613707165109034,0.3558282208588957,original,SKAB,fold_2,42,5,3,probabilistic_suffix_tree,3,1,0.1,0.9,68,420,784,0.027450980392156862,skab_fold_aware_refined_search,231
0.5475923852183651,0.38309859154929576,0.4236760124610592,0.40236686390532544,gaussian_noise,SKAB,fold_2,42,5,3,probabilistic_suffix_tree,3,1,0.1,0.9,68,420,784,0.027450980392156862,skab_fold_aware_refined_search,231
0.0,0.0,0.0,0.0,unseen_data,SKAB,fold_2,42,5,3,probabilistic_suffix_tree,3,1,0.1,0.9,68,420,784,0.027450980392156862,skab_fold_aware_refined_search,231
0.49720044792833146,0.32972972972972975,0.37770897832817335,0.35209235209235207,original,SKAB,fold_3,42,5,3,probabilistic_suffix_tree,3,1,0.1,0.9,69,408,744,0.026427962489343565,skab_fold_aware_refined_search,231
0.49272116461366183,0.3298429319371728,0.39009287925696595,0.3574468085106383,gaussian_noise,SKAB,fold_3,42,5,3,probabilistic_suffix_tree,3,1,0.1,0.9,69,408,744,0.026427962489343565,skab_fold_aware_refined_search,231
0.0,0.0,0.0,0.0,unseen_data,SKAB,fold_3,42,5,3,probabilistic_suffix_tree,3,1,0.1,0.9,69,408,744,0.026427962489343565,skab_fold_aware_refined_search,231
0.5720771850170261,0.4088397790055249,0.4758842443729904,0.4398216939078752,original,SKAB,fold_4,42,5,3,probabilistic_suffix_tree,3,1,0.1,0.9,68,404,738,0.02686371578334304,skab_fold_aware_refined_search,231
0.5607264472190693,0.3994708994708995,0.4855305466237942,0.43831640058055155,gaussian_noise,SKAB,fold_4,42,5,3,probabilistic_suffix_tree,3,1,0.1,0.9,68,404,738,0.02686371578334304,skab_fold_aware_refined_search,231
0.0,0.0,0.0,0.0,unseen_data,SKAB,fold_4,42,5,3,probabilistic_suffix_tree,3,1,0.1,0.9,68,404,738,0.02686371578334304,skab_fold_aware_refined_search,231
0.7109634551495017,0.559322033898305,0.9969788519637462,0.7166123778501629,original,SKAB,fold_5,42,5,3,probabilistic_suffix_tree,3,1,0.1,0.9,64,369,670,0.02837059620596206,skab_fold_aware_refined_search,231
0.6788482834994463,0.5331179321486268,0.9969788519637462,0.6947368421052632,gaussian_noise,SKAB,fold_5,42,5,3,probabilistic_suffix_tree,3,1,0.1,0.9,64,369,670,0.02837059620596206,skab_fold_aware_refined_search,231
0.6744186046511628,0.6744186046511628,1.0,0.8055555555555556,unseen_data,SKAB,fold_5,42,5,3,probabilistic_suffix_tree,3,1,0.1,0.9,64,369,670,0.02837059620596206,skab_fold_aware_refined_search,231
0.5340022296544036,0.0,0.0,0.0,original,SKAB,fold_1,42,5,3,probabilistic_suffix_tree,3,1,0.5,0.5,71,402,725,0.025401163198094035,skab_fold_aware_refined_search,232
0.5295429208472687,0.0,0.0,0.0,gaussian_noise,SKAB,fold_1,42,5,3,probabilistic_suffix_tree,3,1,0.5,0.5,71,402,725,0.025401163198094035,skab_fold_aware_refined_search,232
0.0,0.0,0.0,0.0,unseen_data,SKAB,fold_1,42,5,3,probabilistic_suffix_tree,3,1,0.5,0.5,71,402,725,0.025401163198094035,skab_fold_aware_refined_search,232
0.5296752519596865,0.3504531722054381,0.3613707165109034,0.3558282208588957,original,SKAB,fold_2,42,5,3,probabilistic_suffix_tree,3,1,0.5,0.5,68,420,784,0.027450980392156862,skab_fold_aware_refined_search,232
0.5475923852183651,0.38309859154929576,0.4236760124610592,0.40236686390532544,gaussian_noise,SKAB,fold_2,42,5,3,probabilistic_suffix_tree,3,1,0.5,0.5,68,420,784,0.027450980392156862,skab_fold_aware_refined_search,232
0.0,0.0,0.0,0.0,unseen_data,SKAB,fold_2,42,5,3,probabilistic_suffix_tree,3,1,0.5,0.5,68,420,784,0.027450980392156862,skab_fold_aware_refined_search,232
0.49720044792833146,0.32972972972972975,0.37770897832817335,0.35209235209235207,original,SKAB,fold_3,42,5,3,probabilistic_suffix_tree,3,1,0.5,0.5,69,408,744,0.026427962489343565,skab_fold_aware_refined_search,232
0.49272116461366183,0.3298429319371728,0.39009287925696595,0.3574468085106383,gaussian_noise,SKAB,fold_3,42,5,3,probabilistic_suffix_tree,3,1,0.5,0.5,69,408,744,0.026427962489343565,skab_fold_aware_refined_search,232
0.0,0.0,0.0,0.0,unseen_data,SKAB,fold_3,42,5,3,probabilistic_suffix_tree,3,1,0.5,0.5,69,408,744,0.026427962489343565,skab_fold_aware_refined_search,232
0.5720771850170261,0.4067796610169492,0.4630225080385852,0.4330827067669173,original,SKAB,fold_4,42,5,3,probabilistic_suffix_tree,3,1,0.5,0.5,68,404,738,0.02686371578334304,skab_fold_aware_refined_search,232
0.5607264472190693,0.3972972972972973,0.47266881028938906,0.43171806167400884,gaussian_noise,SKAB,fold_4,42,5,3,probabilistic_suffix_tree,3,1,0.5,0.5,68,404,738,0.02686371578334304,skab_fold_aware_refined_search,232
0.0,0.0,0.0,0.0,unseen_data,SKAB,fold_4,42,5,3,probabilistic_suffix_tree,3,1,0.5,0.5,68,404,738,0.02686371578334304,skab_fold_aware_refined_search,232
0.6046511627906976,0.47280334728033474,0.6827794561933535,0.5587144622991347,original,SKAB,fold_5,42,5,3,probabilistic_suffix_tree,3,1,0.5,0.5,64,369,670,0.02837059620596206,skab_fold_aware_refined_search,232
0.6035437430786268,0.474671669793621,0.7643504531722054,0.5856481481481481,gaussian_noise,SKAB,fold_5,42,5,3,probabilistic_suffix_tree,3,1,0.5,0.5,64,369,670,0.02837059620596206,skab_fold_aware_refined_search,232
0.6744186046511628,0.6744186046511628,1.0,0.8055555555555556,unseen_data,SKAB,fold_5,42,5,3,probabilistic_suffix_tree,3,1,0.5,0.5,64,369,670,0.02837059620596206,skab_fold_aware_refined_search,232
0.5340022296544036,0.0,0.0,0.0,original,SKAB,fold_1,42,5,3,probabilistic_suffix_tree,3,1,0.5,0.7,71,402,725,0.025401163198094035,skab_fold_aware_refined_search,233
0.5295429208472687,0.0,0.0,0.0,gaussian_noise,SKAB,fold_1,42,5,3,probabilistic_suffix_tree,3,1,0.5,0.7,71,402,725,0.025401163198094035,skab_fold_aware_refined_search,233
0.0,0.0,0.0,0.0,unseen_data,SKAB,fold_1,42,5,3,probabilistic_suffix_tree,3,1,0.5,0.7,71,402,725,0.025401163198094035,skab_fold_aware_refined_search,233
0.5296752519596865,0.3504531722054381,0.3613707165109034,0.3558282208588957,original,SKAB,fold_2,42,5,3,probabilistic_suffix_tree,3,1,0.5,0.7,68,420,784,0.027450980392156862,skab_fold_aware_refined_search,233
0.5475923852183651,0.38309859154929576,0.4236760124610592,0.40236686390532544,gaussian_noise,SKAB,fold_2,42,5,3,probabilistic_suffix_tree,3,1,0.5,0.7,68,420,784,0.027450980392156862,skab_fold_aware_refined_search,233
0.0,0.0,0.0,0.0,unseen_data,SKAB,fold_2,42,5,3,probabilistic_suffix_tree,3,1,0.5,0.7,68,420,784,0.027450980392156862,skab_fold_aware_refined_search,233
0.49720044792833146,0.32972972972972975,0.37770897832817335,0.35209235209235207,original,SKAB,fold_3,42,5,3,probabilistic_suffix_tree,3,1,0.5,0.7,69,408,744,0.026427962489343565,skab_fold_aware_refined_search,233
0.49272116461366183,0.3298429319371728,0.39009287925696595,0.3574468085106383,gaussian_noise,SKAB,fold_3,42,5,3,probabilistic_suffix_tree,3,1,0.5,0.7,69,408,744,0.026427962489343565,skab_fold_aware_refined_search,233
0.0,0.0,0.0,0.0,unseen_data,SKAB,fold_3,42,5,3,probabilistic_suffix_tree,3,1,0.5,0.7,69,408,744,0.026427962489343565,skab_fold_aware_refined_search,233
0.5720771850170261,0.4088397790055249,0.4758842443729904,0.4398216939078752,original,SKAB,fold_4,42,5,3,probabilistic_suffix_tree,3,1,0.5,0.7,68,404,738,0.02686371578334304,skab_fold_aware_refined_search,233
0.5607264472190693,0.3994708994708995,0.4855305466237942,0.43831640058055155,gaussian_noise,SKAB,fold_4,42,5,3,probabilistic_suffix_tree,3,1,0.5,0.7,68,404,738,0.02686371578334304,skab_fold_aware_refined_search,233
0.0,0.0,0.0,0.0,unseen_data,SKAB,fold_4,42,5,3,probabilistic_suffix_tree,3,1,0.5,0.7,68,404,738,0.02686371578334304,skab_fold_aware_refined_search,233
0.602436323366556,0.470954356846473,0.6858006042296072,0.5584255842558425,original,SKAB,fold_5,42,5,3,probabilistic_suffix_tree,3,1,0.5,0.7,64,369,670,0.02837059620596206,skab_fold_aware_refined_search,233
0.6002214839424141,0.4721189591078067,0.7673716012084593,0.5845799769850403,gaussian_noise,SKAB,fold_5,42,5,3,probabilistic_suffix_tree,3,1,0.5,0.7,64,369,670,0.02837059620596206,skab_fold_aware_refined_search,233
0.6744186046511628,0.6744186046511628,1.0,0.8055555555555556,unseen_data,SKAB,fold_5,42,5,3,probabilistic_suffix_tree,3,1,0.5,0.7,64,369,670,0.02837059620596206,skab_fold_aware_refined_search,233
0.2976588628762542,0.0,0.0,0.0,original,SKAB,fold_1,42,5,3,probabilistic_suffix_tree,3,1,0.5,0.9,71,402,725,0.025401163198094035,skab_fold_aware_refined_search,234
0.30211817168338906,0.0,0.0,0.0,gaussian_noise,SKAB,fold_1,42,5,3,probabilistic_suffix_tree,3,1,0.5,0.9,71,402,725,0.025401163198094035,skab_fold_aware_refined_search,234
0.0,0.0,0.0,0.0,unseen_data,SKAB,fold_1,42,5,3,probabilistic_suffix_tree,3,1,0.5,0.9,71,402,725,0.025401163198094035,skab_fold_aware_refined_search,234
0.46808510638297873,0.30357142857142855,0.3707165109034268,0.3338008415147265,original,SKAB,fold_2,42,5,3,probabilistic_suffix_tree,3,1,0.5,0.9,68,420,784,0.027450980392156862,skab_fold_aware_refined_search,234
0.48600223964165734,0.3349282296650718,0.43613707165109034,0.37889039242219213,gaussian_noise,SKAB,fold_2,42,5,3,probabilistic_suffix_tree,3,1,0.5,0.9,68,420,784,0.027450980392156862,skab_fold_aware_refined_search,234
0.0,0.0,0.0,0.0,unseen_data,SKAB,fold_2,42,5,3,probabilistic_suffix_tree,3,1,0.5,0.9,68,420,784,0.027450980392156862,skab_fold_aware_refined_search,234
0.44568868980963045,0.31222707423580787,0.44272445820433437,0.36619718309859156,original,SKAB,fold_3,42,5,3,probabilistic_suffix_tree,3,1,0.5,0.9,69,408,744,0.026427962489343565,skab_fold_aware_refined_search,234
0.4501679731243001,0.3181818181818182,0.4551083591331269,0.37452229299363055,gaussian_noise,SKAB,fold_3,42,5,3,probabilistic_suffix_tree,3,1,0.5,0.9,69,408,744,0.026427962489343565,skab_fold_aware_refined_search,234
0.0,0.0,0.0,0.0,unseen_data,SKAB,fold_3,42,5,3,probabilistic_suffix_tree,3,1,0.5,0.9,69,408,744,0.026427962489343565,skab_fold_aware_refined_search,234
0.45629965947786605,0.33266932270916333,0.5369774919614148,0.4108241082410824,original,SKAB,fold_4,42,5,3,probabilistic_suffix_tree,3,1,0.5,0.9,68,404,738,0.02686371578334304,skab_fold_aware_refined_search,234
0.4608399545970488,0.3373015873015873,0.5466237942122186,0.4171779141104294,gaussian_noise,SKAB,fold_4,42,5,3,probabilistic_suffix_tree,3,1,0.5,0.9,68,404,738,0.02686371578334304,skab_fold_aware_refined_search,234
0.0,0.0,0.0,0.0,unseen_data,SKAB,fold_4,42,5,3,probabilistic_suffix_tree,3,1,0.5,0.9,68,404,738,0.02686371578334304,skab_fold_aware_refined_search,234
0.7109634551495017,0.559322033898305,0.9969788519637462,0.7166123778501629,original,SKAB,fold_5,42,5,3,probabilistic_suffix_tree,3,1,0.5,0.9,64,369,670,0.02837059620596206,skab_fold_aware_refined_search,234
0.6788482834994463,0.5331179321486268,0.9969788519637462,0.6947368421052632,gaussian_noise,SKAB,fold_5,42,5,3,probabilistic_suffix_tree,3,1,0.5,0.9,64,369,670,0.02837059620596206,skab_fold_aware_refined_search,234
0.6744186046511628,0.6744186046511628,1.0,0.8055555555555556,unseen_data,SKAB,fold_5,42,5,3,probabilistic_suffix_tree,3,1,0.5,0.9,64,369,670,0.02837059620596206,skab_fold_aware_refined_search,234
0.5674470457079153,0.0,0.0,0.0,original,SKAB,fold_1,42,5,3,probabilistic_suffix_tree,3,2,0.1,0.5,71,402,725,0.025401163198094035,skab_fold_aware_refined_search,235
0.5663322185061316,0.0,0.0,0.0,gaussian_noise,SKAB,fold_1,42,5,3,probabilistic_suffix_tree,3,2,0.1,0.5,71,402,725,0.025401163198094035,skab_fold_aware_refined_search,235
0.0,0.0,0.0,0.0,unseen_data,SKAB,fold_1,42,5,3,probabilistic_suffix_tree,3,2,0.1,0.5,71,402,725,0.025401163198094035,skab_fold_aware_refined_search,235
0.5520716685330347,0.34980988593155893,0.2866043613707165,0.3150684931506849,original,SKAB,fold_2,42,5,3,probabilistic_suffix_tree,3,2,0.1,0.5,68,420,784,0.027450980392156862,skab_fold_aware_refined_search,235
0.5666293393057111,0.37593984962406013,0.3115264797507788,0.34071550255536626,gaussian_noise,SKAB,fold_2,42,5,3,probabilistic_suffix_tree,3,2,0.1,0.5,68,420,784,0.027450980392156862,skab_fold_aware_refined_search,235
0.0,0.0,0.0,0.0,unseen_data,SKAB,fold_2,42,5,3,probabilistic_suffix_tree,3,2,0.1,0.5,68,420,784,0.027450980392156862,skab_fold_aware_refined_search,235
0.49832026875699886,0.292358803986711,0.2724458204334365,0.28205128205128205,original,SKAB,fold_3,42,5,3,probabilistic_suffix_tree,3,2,0.1,0.5,69,408,744,0.026427962489343565,skab_fold_aware_refined_search,235
0.49272116461366183,0.2929936305732484,0.2848297213622291,0.28885400313971743,gaussian_noise,SKAB,fold_3,42,5,3,probabilistic_suffix_tree,3,2,0.1,0.5,69,408,744,0.026427962489343565,skab_fold_aware_refined_search,235
0.0,0.0,0.0,0.0,unseen_data,SKAB,fold_3,42,5,3,probabilistic_suffix_tree,3,2,0.1,0.5,69,408,744,0.026427962489343565,skab_fold_aware_refined_search,235
0.5788876276958003,0.3920863309352518,0.3504823151125402,0.3701188455008489,original,SKAB,fold_4,42,5,3,probabilistic_suffix_tree,3,2,0.1,0.5,68,404,738,0.02686371578334304,skab_fold_aware_refined_search,235
0.5891032917139614,0.4098939929328622,0.3729903536977492,0.39057239057239057,gaussian_noise,SKAB,fold_4,42,5,3,probabilistic_suffix_tree,3,2,0.1,0.5,68,404,738,0.02686371578334304,skab_fold_aware_refined_search,235
0.0,0.0,0.0,0.0,unseen_data,SKAB,fold_4,42,5,3,probabilistic_suffix_tree,3,2,0.1,0.5,68,404,738,0.02686371578334304,skab_fold_aware_refined_search,235
0.593576965669989,0.45263157894736844,0.5196374622356495,0.4838255977496484,original,SKAB,fold_5,42,5,3,probabilistic_suffix_tree,3,2,0.1,0.5,64,369,670,0.02837059620596206,skab_fold_aware_refined_search,235
0.5791805094130675,0.4400977995110024,0.5438066465256798,0.4864864864864865,gaussian_noise,SKAB,fold_5,42,5,3,probabilistic_suffix_tree,3,2,0.1,0.5,64,369,670,0.02837059620596206,skab_fold_aware_refined_search,235
0.627906976744186,0.6857142857142857,0.8275862068965517,0.75,unseen_data,SKAB,fold_5,42,5,3,probabilistic_suffix_tree,3,2,0.1,0.5,64,369,670,0.02837059620596206,skab_fold_aware_refined_search,235
0.5340022296544036,0.0,0.0,0.0,original,SKAB,fold_1,42,5,3,probabilistic_suffix_tree,3,2,0.1,0.7,71,402,725,0.025401163198094035,skab_fold_aware_refined_search,236
0.5295429208472687,0.0,0.0,0.0,gaussian_noise,SKAB,fold_1,42,5,3,probabilistic_suffix_tree,3,2,0.1,0.7,71,402,725,0.025401163198094035,skab_fold_aware_refined_search,236
0.0,0.0,0.0,0.0,unseen_data,SKAB,fold_1,42,5,3,probabilistic_suffix_tree,3,2,0.1,0.7,71,402,725,0.025401163198094035,skab_fold_aware_refined_search,236
0.5319148936170213,0.3470031545741325,0.3426791277258567,0.3448275862068966,original,SKAB,fold_2,42,5,3,probabilistic_suffix_tree,3,2,0.1,0.7,68,420,784,0.027450980392156862,skab_fold_aware_refined_search,236
0.5487122060470325,0.37941176470588234,0.40186915887850466,0.3903177004538578,gaussian_noise,SKAB,fold_2,42,5,3,probabilistic_suffix_tree,3,2,0.1,0.7,68,420,784,0.027450980392156862,skab_fold_aware_refined_search,236
0.0,0.0,0.0,0.0,unseen_data,SKAB,fold_2,42,5,3,probabilistic_suffix_tree,3,2,0.1,0.7,68,420,784,0.027450980392156862,skab_fold_aware_refined_search,236
0.49048152295632697,0.31564245810055863,0.3498452012383901,0.33186490455212925,original,SKAB,fold_3,42,5,3,probabilistic_suffix_tree,3,2,0.1,0.7,69,408,744,0.026427962489343565,skab_fold_aware_refined_search,236
0.48712206047032475,0.3170731707317073,0.3622291021671827,0.33815028901734107,gaussian_noise,SKAB,fold_3,42,5,3,probabilistic_suffix_tree,3,2,0.1,0.7,69,408,744,0.026427962489343565,skab_fold_aware_refined_search,236
0.0,0.0,0.0,0.0,unseen_data,SKAB,fold_3,42,5,3,probabilistic_suffix_tree,3,2,0.1,0.7,69,408,744,0.026427962489343565,skab_fold_aware_refined_search,236
0.5675368898978433,0.39520958083832336,0.42443729903536975,0.40930232558139534,original,SKAB,fold_4,42,5,3,probabilistic_suffix_tree,3,2,0.1,0.7,68,404,738,0.02686371578334304,skab_fold_aware_refined_search,236
0.5595913734392736,0.39154929577464787,0.44694533762057875,0.4174174174174174,gaussian_noise,SKAB,fold_4,42,5,3,probabilistic_suffix_tree,3,2,0.1,0.7,68,404,738,0.02686371578334304,skab_fold_aware_refined_search,236
0.0,0.0,0.0,0.0,unseen_data,SKAB,fold_4,42,5,3,probabilistic_suffix_tree,3,2,0.1,0.7,68,404,738,0.02686371578334304,skab_fold_aware_refined_search,236
0.6124031007751938,0.4793028322440087,0.6646525679758308,0.5569620253164557,original,SKAB,fold_5,42,5,3,probabilistic_suffix_tree,3,2,0.1,0.7,64,369,670,0.02837059620596206,skab_fold_aware_refined_search,236
0.6090808416389811,0.478515625,0.7401812688821753,0.5812574139976275,gaussian_noise,SKAB,fold_5,42,5,3,probabilistic_suffix_tree,3,2,0.1,0.7,64,369,670,0.02837059620596206,skab_fold_aware_refined_search,236
0.6744186046511628,0.6744186046511628,1.0,0.8055555555555556,unseen_data,SKAB,fold_5,42,5,3,probabilistic_suffix_tree,3,2,0.1,0.7,64,369,670,0.02837059620596206,skab_fold_aware_refined_search,236
0.5340022296544036,0.0,0.0,0.0,original,SKAB,fold_1,42,5,3,probabilistic_suffix_tree,3,2,0.1,0.9,71,402,725,0.025401163198094035,skab_fold_aware_refined_search,237
0.5295429208472687,0.0,0.0,0.0,gaussian_noise,SKAB,fold_1,42,5,3,probabilistic_suffix_tree,3,2,0.1,0.9,71,402,725,0.025401163198094035,skab_fold_aware_refined_search,237
0.0,0.0,0.0,0.0,unseen_data,SKAB,fold_1,42,5,3,probabilistic_suffix_tree,3,2,0.1,0.9,71,402,725,0.025401163198094035,skab_fold_aware_refined_search,237
0.5296752519596865,0.3504531722054381,0.3613707165109034,0.3558282208588957,original,SKAB,fold_2,42,5,3,probabilistic_suffix_tree,3,2,0.1,0.9,68,420,784,0.027450980392156862,skab_fold_aware_refined_search,237
0.5475923852183651,0.38309859154929576,0.4236760124610592,0.40236686390532544,gaussian_noise,SKAB,fold_2,42,5,3,probabilistic_suffix_tree,3,2,0.1,0.9,68,420,784,0.027450980392156862,skab_fold_aware_refined_search,237
0.0,0.0,0.0,0.0,unseen_data,SKAB,fold_2,42,5,3,probabilistic_suffix_tree,3,2,0.1,0.9,68,420,784,0.027450980392156862,skab_fold_aware_refined_search,237
0.49720044792833146,0.32972972972972975,0.37770897832817335,0.35209235209235207,original,SKAB,fold_3,42,5,3,probabilistic_suffix_tree,3,2,0.1,0.9,69,408,744,0.026427962489343565,skab_fold_aware_refined_search,237
0.49272116461366183,0.3298429319371728,0.39009287925696595,0.3574468085106383,gaussian_noise,SKAB,fold_3,42,5,3,probabilistic_suffix_tree,3,2,0.1,0.9,69,408,744,0.026427962489343565,skab_fold_aware_refined_search,237
0.0,0.0,0.0,0.0,unseen_data,SKAB,fold_3,42,5,3,probabilistic_suffix_tree,3,2,0.1,0.9,69,408,744,0.026427962489343565,skab_fold_aware_refined_search,237
0.5720771850170261,0.4088397790055249,0.4758842443729904,0.4398216939078752,original,SKAB,fold_4,42,5,3,probabilistic_suffix_tree,3,2,0.1,0.9,68,404,738,0.02686371578334304,skab_fold_aware_refined_search,237
0.5607264472190693,0.3994708994708995,0.4855305466237942,0.43831640058055155,gaussian_noise,SKAB,fold_4,42,5,3,probabilistic_suffix_tree,3,2,0.1,0.9,68,404,738,0.02686371578334304,skab_fold_aware_refined_search,237
0.0,0.0,0.0,0.0,unseen_data,SKAB,fold_4,42,5,3,probabilistic_suffix_tree,3,2,0.1,0.9,68,404,738,0.02686371578334304,skab_fold_aware_refined_search,237
0.7109634551495017,0.559322033898305,0.9969788519637462,0.7166123778501629,original,SKAB,fold_5,42,5,3,probabilistic_suffix_tree,3,2,0.1,0.9,64,369,670,0.02837059620596206,skab_fold_aware_refined_search,237
0.6788482834994463,0.5331179321486268,0.9969788519637462,0.6947368421052632,gaussian_noise,SKAB,fold_5,42,5,3,probabilistic_suffix_tree,3,2,0.1,0.9,64,369,670,0.02837059620596206,skab_fold_aware_refined_search,237
0.6744186046511628,0.6744186046511628,1.0,0.8055555555555556,unseen_data,SKAB,fold_5,42,5,3,probabilistic_suffix_tree,3,2,0.1,0.9,64,369,670,0.02837059620596206,skab_fold_aware_refined_search,237
0.5340022296544036,0.0,0.0,0.0,original,SKAB,fold_1,42,5,3,probabilistic_suffix_tree,3,2,0.5,0.5,71,402,725,0.025401163198094035,skab_fold_aware_refined_search,238
0.5295429208472687,0.0,0.0,0.0,gaussian_noise,SKAB,fold_1,42,5,3,probabilistic_suffix_tree,3,2,0.5,0.5,71,402,725,0.025401163198094035,skab_fold_aware_refined_search,238
0.0,0.0,0.0,0.0,unseen_data,SKAB,fold_1,42,5,3,probabilistic_suffix_tree,3,2,0.5,0.5,71,402,725,0.025401163198094035,skab_fold_aware_refined_search,238
0.5296752519596865,0.3504531722054381,0.3613707165109034,0.3558282208588957,original,SKAB,fold_2,42,5,3,probabilistic_suffix_tree,3,2,0.5,0.5,68,420,784,0.027450980392156862,skab_fold_aware_refined_search,238
0.5475923852183651,0.38309859154929576,0.4236760124610592,0.40236686390532544,gaussian_noise,SKAB,fold_2,42,5,3,probabilistic_suffix_tree,3,2,0.5,0.5,68,420,784,0.027450980392156862,skab_fold_aware_refined_search,238
0.0,0.0,0.0,0.0,unseen_data,SKAB,fold_2,42,5,3,probabilistic_suffix_tree,3,2,0.5,0.5,68,420,784,0.027450980392156862,skab_fold_aware_refined_search,238
0.49720044792833146,0.32972972972972975,0.37770897832817335,0.35209235209235207,original,SKAB,fold_3,42,5,3,probabilistic_suffix_tree,3,2,0.5,0.5,69,408,744,0.026427962489343565,skab_fold_aware_refined_search,238
0.49272116461366183,0.3298429319371728,0.39009287925696595,0.3574468085106383,gaussian_noise,SKAB,fold_3,42,5,3,probabilistic_suffix_tree,3,2,0.5,0.5,69,408,744,0.026427962489343565,skab_fold_aware_refined_search,238
0.0,0.0,0.0,0.0,unseen_data,SKAB,fold_3,42,5,3,probabilistic_suffix_tree,3,2,0.5,0.5,69,408,744,0.026427962489343565,skab_fold_aware_refined_search,238
0.5720771850170261,0.4067796610169492,0.4630225080385852,0.4330827067669173,original,SKAB,fold_4,42,5,3,probabilistic_suffix_tree,3,2,0.5,0.5,68,404,738,0.02686371578334304,skab_fold_aware_refined_search,238
0.5607264472190693,0.3972972972972973,0.47266881028938906,0.43171806167400884,gaussian_noise,SKAB,fold_4,42,5,3,probabilistic_suffix_tree,3,2,0.5,0.5,68,404,738,0.02686371578334304,skab_fold_aware_refined_search,238
0.0,0.0,0.0,0.0,unseen_data,SKAB,fold_4,42,5,3,probabilistic_suffix_tree,3,2,0.5,0.5,68,404,738,0.02686371578334304,skab_fold_aware_refined_search,238
0.6046511627906976,0.47280334728033474,0.6827794561933535,0.5587144622991347,original,SKAB,fold_5,42,5,3,probabilistic_suffix_tree,3,2,0.5,0.5,64,369,670,0.02837059620596206,skab_fold_aware_refined_search,238
0.6035437430786268,0.474671669793621,0.7643504531722054,0.5856481481481481,gaussian_noise,SKAB,fold_5,42,5,3,probabilistic_suffix_tree,3,2,0.5,0.5,64,369,670,0.02837059620596206,skab_fold_aware_refined_search,238
0.6744186046511628,0.6744186046511628,1.0,0.8055555555555556,unseen_data,SKAB,fold_5,42,5,3,probabilistic_suffix_tree,3,2,0.5,0.5,64,369,670,0.02837059620596206,skab_fold_aware_refined_search,238
0.5340022296544036,0.0,0.0,0.0,original,SKAB,fold_1,42,5,3,probabilistic_suffix_tree,3,2,0.5,0.7,71,402,725,0.025401163198094035,skab_fold_aware_refined_search,239
0.5295429208472687,0.0,0.0,0.0,gaussian_noise,SKAB,fold_1,42,5,3,probabilistic_suffix_tree,3,2,0.5,0.7,71,402,725,0.025401163198094035,skab_fold_aware_refined_search,239
0.0,0.0,0.0,0.0,unseen_data,SKAB,fold_1,42,5,3,probabilistic_suffix_tree,3,2,0.5,0.7,71,402,725,0.025401163198094035,skab_fold_aware_refined_search,239
0.5296752519596865,0.3504531722054381,0.3613707165109034,0.3558282208588957,original,SKAB,fold_2,42,5,3,probabilistic_suffix_tree,3,2,0.5,0.7,68,420,784,0.027450980392156862,skab_fold_aware_refined_search,239
0.5475923852183651,0.38309859154929576,0.4236760124610592,0.40236686390532544,gaussian_noise,SKAB,fold_2,42,5,3,probabilistic_suffix_tree,3,2,0.5,0.7,68,420,784,0.027450980392156862,skab_fold_aware_refined_search,239
0.0,0.0,0.0,0.0,unseen_data,SKAB,fold_2,42,5,3,probabilistic_suffix_tree,3,2,0.5,0.7,68,420,784,0.027450980392156862,skab_fold_aware_refined_search,239
0.49720044792833146,0.32972972972972975,0.37770897832817335,0.35209235209235207,original,SKAB,fold_3,42,5,3,probabilistic_suffix_tree,3,2,0.5,0.7,69,408,744,0.026427962489343565,skab_fold_aware_refined_search,239
0.49272116461366183,0.3298429319371728,0.39009287925696595,0.3574468085106383,gaussian_noise,SKAB,fold_3,42,5,3,probabilistic_suffix_tree,3,2,0.5,0.7,69,408,744,0.026427962489343565,skab_fold_aware_refined_search,239
0.0,0.0,0.0,0.0,unseen_data,SKAB,fold_3,42,5,3,probabilistic_suffix_tree,3,2,0.5,0.7,69,408,744,0.026427962489343565,skab_fold_aware_refined_search,239
0.5720771850170261,0.4088397790055249,0.4758842443729904,0.4398216939078752,original,SKAB,fold_4,42,5,3,probabilistic_suffix_tree,3,2,0.5,0.7,68,404,738,0.02686371578334304,skab_fold_aware_refined_search,239
0.5607264472190693,0.3994708994708995,0.4855305466237942,0.43831640058055155,gaussian_noise,SKAB,fold_4,42,5,3,probabilistic_suffix_tree,3,2,0.5,0.7,68,404,738,0.02686371578334304,skab_fold_aware_refined_search,239
0.0,0.0,0.0,0.0,unseen_data,SKAB,fold_4,42,5,3,probabilistic_suffix_tree,3,2,0.5,0.7,68,404,738,0.02686371578334304,skab_fold_aware_refined_search,239
0.602436323366556,0.470954356846473,0.6858006042296072,0.5584255842558425,original,SKAB,fold_5,42,5,3,probabilistic_suffix_tree,3,2,0.5,0.7,64,369,670,0.02837059620596206,skab_fold_aware_refined_search,239
0.6002214839424141,0.4721189591078067,0.7673716012084593,0.5845799769850403,gaussian_noise,SKAB,fold_5,42,5,3,probabilistic_suffix_tree,3,2,0.5,0.7,64,369,670,0.02837059620596206,skab_fold_aware_refined_search,239
0.6744186046511628,0.6744186046511628,1.0,0.8055555555555556,unseen_data,SKAB,fold_5,42,5,3,probabilistic_suffix_tree,3,2,0.5,0.7,64,369,670,0.02837059620596206,skab_fold_aware_refined_search,239
0.2976588628762542,0.0,0.0,0.0,original,SKAB,fold_1,42,5,3,probabilistic_suffix_tree,3,2,0.5,0.9,71,402,725,0.025401163198094035,skab_fold_aware_refined_search,240
0.30211817168338906,0.0,0.0,0.0,gaussian_noise,SKAB,fold_1,42,5,3,probabilistic_suffix_tree,3,2,0.5,0.9,71,402,725,0.025401163198094035,skab_fold_aware_refined_search,240
0.0,0.0,0.0,0.0,unseen_data,SKAB,fold_1,42,5,3,probabilistic_suffix_tree,3,2,0.5,0.9,71,402,725,0.025401163198094035,skab_fold_aware_refined_search,240
0.46808510638297873,0.30357142857142855,0.3707165109034268,0.3338008415147265,original,SKAB,fold_2,42,5,3,probabilistic_suffix_tree,3,2,0.5,0.9,68,420,784,0.027450980392156862,skab_fold_aware_refined_search,240
0.48600223964165734,0.3349282296650718,0.43613707165109034,0.37889039242219213,gaussian_noise,SKAB,fold_2,42,5,3,probabilistic_suffix_tree,3,2,0.5,0.9,68,420,784,0.027450980392156862,skab_fold_aware_refined_search,240
0.0,0.0,0.0,0.0,unseen_data,SKAB,fold_2,42,5,3,probabilistic_suffix_tree,3,2,0.5,0.9,68,420,784,0.027450980392156862,skab_fold_aware_refined_search,240
0.44568868980963045,0.31222707423580787,0.44272445820433437,0.36619718309859156,original,SKAB,fold_3,42,5,3,probabilistic_suffix_tree,3,2,0.5,0.9,69,408,744,0.026427962489343565,skab_fold_aware_refined_search,240
0.4501679731243001,0.3181818181818182,0.4551083591331269,0.37452229299363055,gaussian_noise,SKAB,fold_3,42,5,3,probabilistic_suffix_tree,3,2,0.5,0.9,69,408,744,0.026427962489343565,skab_fold_aware_refined_search,240
0.0,0.0,0.0,0.0,unseen_data,SKAB,fold_3,42,5,3,probabilistic_suffix_tree,3,2,0.5,0.9,69,408,744,0.026427962489343565,skab_fold_aware_refined_search,240
0.45629965947786605,0.33266932270916333,0.5369774919614148,0.4108241082410824,original,SKAB,fold_4,42,5,3,probabilistic_suffix_tree,3,2,0.5,0.9,68,404,738,0.02686371578334304,skab_fold_aware_refined_search,240
0.4608399545970488,0.3373015873015873,0.5466237942122186,0.4171779141104294,gaussian_noise,SKAB,fold_4,42,5,3,probabilistic_suffix_tree,3,2,0.5,0.9,68,404,738,0.02686371578334304,skab_fold_aware_refined_search,240
0.0,0.0,0.0,0.0,unseen_data,SKAB,fold_4,42,5,3,probabilistic_suffix_tree,3,2,0.5,0.9,68,404,738,0.02686371578334304,skab_fold_aware_refined_search,240
0.7109634551495017,0.559322033898305,0.9969788519637462,0.7166123778501629,original,SKAB,fold_5,42,5,3,probabilistic_suffix_tree,3,2,0.5,0.9,64,369,670,0.02837059620596206,skab_fold_aware_refined_search,240
0.6788482834994463,0.5331179321486268,0.9969788519637462,0.6947368421052632,gaussian_noise,SKAB,fold_5,42,5,3,probabilistic_suffix_tree,3,2,0.5,0.9,64,369,670,0.02837059620596206,skab_fold_aware_refined_search,240
0.6744186046511628,0.6744186046511628,1.0,0.8055555555555556,unseen_data,SKAB,fold_5,42,5,3,probabilistic_suffix_tree,3,2,0.5,0.9,64,369,670,0.02837059620596206,skab_fold_aware_refined_search,240
0.5562987736900781,0.0,0.0,0.0,original,SKAB,fold_1,42,5,3,probabilistic_suffix_tree,4,1,0.1,0.5,71,726,1194,0.02316377604469794,skab_fold_aware_refined_search,241
0.5562987736900781,0.0,0.0,0.0,gaussian_noise,SKAB,fold_1,42,5,3,probabilistic_suffix_tree,4,1,0.1,0.5,71,726,1194,0.02316377604469794,skab_fold_aware_refined_search,241
0.0,0.0,0.0,0.0,unseen_data,SKAB,fold_1,42,5,3,probabilistic_suffix_tree,4,1,0.1,0.5,71,726,1194,0.02316377604469794,skab_fold_aware_refined_search,241
0.5464725643896976,0.35517241379310344,0.32087227414330216,0.337152209492635,original,SKAB,fold_2,42,5,3,probabilistic_suffix_tree,4,1,0.1,0.5,68,785,1305,0.0244473585612589,skab_fold_aware_refined_search,241
0.5655095184770437,0.3864406779661017,0.35514018691588783,0.37012987012987014,gaussian_noise,SKAB,fold_2,42,5,3,probabilistic_suffix_tree,4,1,0.1,0.5,68,785,1305,0.0244473585612589,skab_fold_aware_refined_search,241
0.0,0.0,0.0,0.0,unseen_data,SKAB,fold_2,42,5,3,probabilistic_suffix_tree,4,1,0.1,0.5,68,785,1305,0.0244473585612589,skab_fold_aware_refined_search,241
0.48152295632698766,0.2839506172839506,0.2848297213622291,0.28438948995363217,original,SKAB,fold_3,42,5,3,probabilistic_suffix_tree,4,1,0.1,0.5,69,745,1236,0.024044353662095126,skab_fold_aware_refined_search,241
0.47256438969764836,0.28362573099415206,0.30030959752321984,0.29172932330827067,gaussian_noise,SKAB,fold_3,42,5,3,probabilistic_suffix_tree,4,1,0.1,0.5,69,745,1236,0.024044353662095126,skab_fold_aware_refined_search,241
0.0,0.0,0.0,0.0,unseen_data,SKAB,fold_3,42,5,3,probabilistic_suffix_tree,4,1,0.1,0.5,69,745,1236,0.024044353662095126,skab_fold_aware_refined_search,241
0.5664018161180476,0.3836065573770492,0.3762057877813505,0.37987012987012986,original,SKAB,fold_4,42,5,3,probabilistic_suffix_tree,4,1,0.1,0.5,68,739,1226,0.024397038923823926,skab_fold_aware_refined_search,241
0.5698070374574348,0.39171974522292996,0.3954983922829582,0.3936,gaussian_noise,SKAB,fold_4,42,5,3,probabilistic_suffix_tree,4,1,0.1,0.5,68,739,1226,0.024397038923823926,skab_fold_aware_refined_search,241
0.0,0.0,0.0,0.0,unseen_data,SKAB,fold_4,42,5,3,probabilistic_suffix_tree,4,1,0.1,0.5,68,739,1226,0.024397038923823926,skab_fold_aware_refined_search,241
0.5825027685492802,0.4449760765550239,0.5619335347432024,0.49666221628838453,original,SKAB,fold_5,42,5,3,probabilistic_suffix_tree,4,1,0.1,0.5,64,671,1124,0.026173621460506707,skab_fold_aware_refined_search,241
0.5614617940199336,0.4272930648769575,0.5770392749244713,0.4910025706940874,gaussian_noise,SKAB,fold_5,42,5,3,probabilistic_suffix_tree,4,1,0.1,0.5,64,671,1124,0.026173621460506707,skab_fold_aware_refined_search,241
0.627906976744186,0.6857142857142857,0.8275862068965517,0.75,unseen_data,SKAB,fold_5,42,5,3,probabilistic_suffix_tree,4,1,0.1,0.5,64,671,1124,0.026173621460506707,skab_fold_aware_refined_search,241
0.5328874024526199,0.0,0.0,0.0,original,SKAB,fold_1,42,5,3,probabilistic_suffix_tree,4,1,0.1,0.7,71,726,1194,0.02316377604469794,skab_fold_aware_refined_search,242
0.5273132664437012,0.0,0.0,0.0,gaussian_noise,SKAB,fold_1,42,5,3,probabilistic_suffix_tree,4,1,0.1,0.7,71,726,1194,0.02316377604469794,skab_fold_aware_refined_search,242
0.0,0.0,0.0,0.0,unseen_data,SKAB,fold_1,42,5,3,probabilistic_suffix_tree,4,1,0.1,0.7,71,726,1194,0.02316377604469794,skab_fold_aware_refined_search,242
0.5240761478163494,0.3514285714285714,0.38317757009345793,0.36661698956780925,original,SKAB,fold_2,42,5,3,probabilistic_suffix_tree,4,1,0.1,0.7,68,785,1305,0.0244473585612589,skab_fold_aware_refined_search,242
0.541993281075028,0.38235294117647056,0.4454828660436137,0.4115107913669065,gaussian_noise,SKAB,fold_2,42,5,3,probabilistic_suffix_tree,4,1,0.1,0.7,68,785,1305,0.0244473585612589,skab_fold_aware_refined_search,242
0.0,0.0,0.0,0.0,unseen_data,SKAB,fold_2,42,5,3,probabilistic_suffix_tree,4,1,0.1,0.7,68,785,1305,0.0244473585612589,skab_fold_aware_refined_search,242
0.48712206047032475,0.32,0.3715170278637771,0.3438395415472779,original,SKAB,fold_3,42,5,3,probabilistic_suffix_tree,4,1,0.1,0.7,69,745,1236,0.024044353662095126,skab_fold_aware_refined_search,242
0.4826427771556551,0.32041343669250644,0.38390092879256965,0.3492957746478873,gaussian_noise,SKAB,fold_3,42,5,3,probabilistic_suffix_tree,4,1,0.1,0.7,69,745,1236,0.024044353662095126,skab_fold_aware_refined_search,242
0.0,0.0,0.0,0.0,unseen_data,SKAB,fold_3,42,5,3,probabilistic_suffix_tree,4,1,0.1,0.7,69,745,1236,0.024044353662095126,skab_fold_aware_refined_search,242
0.5629965947786606,0.3960674157303371,0.4533762057877814,0.42278860569715143,original,SKAB,fold_4,42,5,3,probabilistic_suffix_tree,4,1,0.1,0.7,68,739,1226,0.024397038923823926,skab_fold_aware_refined_search,242
0.5505107832009081,0.38726790450928383,0.4694533762057878,0.42441860465116277,gaussian_noise,SKAB,fold_4,42,5,3,probabilistic_suffix_tree,4,1,0.1,0.7,68,739,1226,0.024397038923823926,skab_fold_aware_refined_search,242
0.0,0.0,0.0,0.0,unseen_data,SKAB,fold_4,42,5,3,probabilistic_suffix_tree,4,1,0.1,0.7,68,739,1226,0.024397038923823926,skab_fold_aware_refined_search,242
0.6146179401993356,0.48268839103869654,0.716012084592145,0.5766423357664233,original,SKAB,fold_5,42,5,3,probabilistic_suffix_tree,4,1,0.1,0.7,64,671,1124,0.026173621460506707,skab_fold_aware_refined_search,242
0.6135105204872646,0.48363636363636364,0.8036253776435045,0.6038592508513053,gaussian_noise,SKAB,fold_5,42,5,3,probabilistic_suffix_tree,4,1,0.1,0.7,64,671,1124,0.026173621460506707,skab_fold_aware_refined_search,242
0.6744186046511628,0.6744186046511628,1.0,0.8055555555555556,unseen_data,SKAB,fold_5,42,5,3,probabilistic_suffix_tree,4,1,0.1,0.7,64,671,1124,0.026173621460506707,skab_fold_aware_refined_search,242
0.5295429208472687,0.0,0.0,0.0,original,SKAB,fold_1,42,5,3,probabilistic_suffix_tree,4,1,0.1,0.9,71,726,1194,0.02316377604469794,skab_fold_aware_refined_search,243
0.5239687848383501,0.0,0.0,0.0,gaussian_noise,SKAB,fold_1,42,5,3,probabilistic_suffix_tree,4,1,0.1,0.9,71,726,1194,0.02316377604469794,skab_fold_aware_refined_search,243
0.0,0.0,0.0,0.0,unseen_data,SKAB,fold_1,42,5,3,probabilistic_suffix_tree,4,1,0.1,0.9,71,726,1194,0.02316377604469794,skab_fold_aware_refined_search,243
0.5240761478163494,0.3514285714285714,0.38317757009345793,0.36661698956780925,original,SKAB,fold_2,42,5,3,probabilistic_suffix_tree,4,1,0.1,0.9,68,785,1305,0.0244473585612589,skab_fold_aware_refined_search,243
0.541993281075028,0.38235294117647056,0.4454828660436137,0.4115107913669065,gaussian_noise,SKAB,fold_2,42,5,3,probabilistic_suffix_tree,4,1,0.1,0.9,68,785,1305,0.0244473585612589,skab_fold_aware_refined_search,243
0.0,0.0,0.0,0.0,unseen_data,SKAB,fold_2,42,5,3,probabilistic_suffix_tree,4,1,0.1,0.9,68,785,1305,0.0244473585612589,skab_fold_aware_refined_search,243
0.49384098544232924,0.3333333333333333,0.3993808049535604,0.36338028169014086,original,SKAB,fold_3,42,5,3,probabilistic_suffix_tree,4,1,0.1,0.9,69,745,1236,0.024044353662095126,skab_fold_aware_refined_search,243
0.48824188129899215,0.3325,0.4117647058823529,0.367911479944675,gaussian_noise,SKAB,fold_3,42,5,3,probabilistic_suffix_tree,4,1,0.1,0.9,69,745,1236,0.024044353662095126,skab_fold_aware_refined_search,243
0.0,0.0,0.0,0.0,unseen_data,SKAB,fold_3,42,5,3,probabilistic_suffix_tree,4,1,0.1,0.9,69,745,1236,0.024044353662095126,skab_fold_aware_refined_search,243
0.5686719636776391,0.40897097625329815,0.4983922829581994,0.4492753623188406,original,SKAB,fold_4,42,5,3,probabilistic_suffix_tree,4,1,0.1,0.9,68,739,1226,0.024397038923823926,skab_fold_aware_refined_search,243
0.5539160045402951,0.39646464646464646,0.5048231511254019,0.44413012729844414,gaussian_noise,SKAB,fold_4,42,5,3,probabilistic_suffix_tree,4,1,0.1,0.9,68,739,1226,0.024397038923823926,skab_fold_aware_refined_search,243
0.0,0.0,0.0,0.0,unseen_data,SKAB,fold_4,42,5,3,probabilistic_suffix_tree,4,1,0.1,0.9,68,739,1226,0.024397038923823926,skab_fold_aware_refined_search,243
0.6013289036544851,0.4714003944773176,0.7220543806646526,0.5704057279236276,original,SKAB,fold_5,42,5,3,probabilistic_suffix_tree,4,1,0.1,0.9,64,671,1124,0.026173621460506707,skab_fold_aware_refined_search,243
0.5991140642303433,0.4725663716814159,0.8066465256797583,0.5959821428571429,gaussian_noise,SKAB,fold_5,42,5,3,probabilistic_suffix_tree,4,1,0.1,0.9,64,671,1124,0.026173621460506707,skab_fold_aware_refined_search,243
0.6744186046511628,0.6744186046511628,1.0,0.8055555555555556,unseen_data,SKAB,fold_5,42,5,3,probabilistic_suffix_tree,4,1,0.1,0.9,64,671,1124,0.026173621460506707,skab_fold_aware_refined_search,243
0.5295429208472687,0.0,0.0,0.0,original,SKAB,fold_1,42,5,3,probabilistic_suffix_tree,4,1,0.5,0.5,71,726,1194,0.02316377604469794,skab_fold_aware_refined_search,244
0.5239687848383501,0.0,0.0,0.0,gaussian_noise,SKAB,fold_1,42,5,3,probabilistic_suffix_tree,4,1,0.5,0.5,71,726,1194,0.02316377604469794,skab_fold_aware_refined_search,244
0.0,0.0,0.0,0.0,unseen_data,SKAB,fold_1,42,5,3,probabilistic_suffix_tree,4,1,0.5,0.5,71,726,1194,0.02316377604469794,skab_fold_aware_refined_search,244
0.5240761478163494,0.3514285714285714,0.38317757009345793,0.36661698956780925,original,SKAB,fold_2,42,5,3,probabilistic_suffix_tree,4,1,0.5,0.5,68,785,1305,0.0244473585612589,skab_fold_aware_refined_search,244
0.541993281075028,0.38235294117647056,0.4454828660436137,0.4115107913669065,gaussian_noise,SKAB,fold_2,42,5,3,probabilistic_suffix_tree,4,1,0.5,0.5,68,785,1305,0.0244473585612589,skab_fold_aware_refined_search,244
0.0,0.0,0.0,0.0,unseen_data,SKAB,fold_2,42,5,3,probabilistic_suffix_tree,4,1,0.5,0.5,68,785,1305,0.0244473585612589,skab_fold_aware_refined_search,244
0.49384098544232924,0.3333333333333333,0.3993808049535604,0.36338028169014086,original,SKAB,fold_3,42,5,3,probabilistic_suffix_tree,4,1,0.5,0.5,69,745,1236,0.024044353662095126,skab_fold_aware_refined_search,244
0.48824188129899215,0.3325,0.4117647058823529,0.367911479944675,gaussian_noise,SKAB,fold_3,42,5,3,probabilistic_suffix_tree,4,1,0.5,0.5,69,745,1236,0.024044353662095126,skab_fold_aware_refined_search,244
0.0,0.0,0.0,0.0,unseen_data,SKAB,fold_3,42,5,3,probabilistic_suffix_tree,4,1,0.5,0.5,69,745,1236,0.024044353662095126,skab_fold_aware_refined_search,244
0.5686719636776391,0.40897097625329815,0.4983922829581994,0.4492753623188406,original,SKAB,fold_4,42,5,3,probabilistic_suffix_tree,4,1,0.5,0.5,68,739,1226,0.024397038923823926,skab_fold_aware_refined_search,244
0.5539160045402951,0.39646464646464646,0.5048231511254019,0.44413012729844414,gaussian_noise,SKAB,fold_4,42,5,3,probabilistic_suffix_tree,4,1,0.5,0.5,68,739,1226,0.024397038923823926,skab_fold_aware_refined_search,244
0.0,0.0,0.0,0.0,unseen_data,SKAB,fold_4,42,5,3,probabilistic_suffix_tree,4,1,0.5,0.5,68,739,1226,0.024397038923823926,skab_fold_aware_refined_search,244
0.6013289036544851,0.4714003944773176,0.7220543806646526,0.5704057279236276,original,SKAB,fold_5,42,5,3,probabilistic_suffix_tree,4,1,0.5,0.5,64,671,1124,0.026173621460506707,skab_fold_aware_refined_search,244
0.5991140642303433,0.4725663716814159,0.8066465256797583,0.5959821428571429,gaussian_noise,SKAB,fold_5,42,5,3,probabilistic_suffix_tree,4,1,0.5,0.5,64,671,1124,0.026173621460506707,skab_fold_aware_refined_search,244
0.6744186046511628,0.6744186046511628,1.0,0.8055555555555556,unseen_data,SKAB,fold_5,42,5,3,probabilistic_suffix_tree,4,1,0.5,0.5,64,671,1124,0.026173621460506707,skab_fold_aware_refined_search,244
0.5295429208472687,0.0,0.0,0.0,original,SKAB,fold_1,42,5,3,probabilistic_suffix_tree,4,1,0.5,0.7,71,726,1194,0.02316377604469794,skab_fold_aware_refined_search,245
0.5239687848383501,0.0,0.0,0.0,gaussian_noise,SKAB,fold_1,42,5,3,probabilistic_suffix_tree,4,1,0.5,0.7,71,726,1194,0.02316377604469794,skab_fold_aware_refined_search,245
0.0,0.0,0.0,0.0,unseen_data,SKAB,fold_1,42,5,3,probabilistic_suffix_tree,4,1,0.5,0.7,71,726,1194,0.02316377604469794,skab_fold_aware_refined_search,245
0.5240761478163494,0.3514285714285714,0.38317757009345793,0.36661698956780925,original,SKAB,fold_2,42,5,3,probabilistic_suffix_tree,4,1,0.5,0.7,68,785,1305,0.0244473585612589,skab_fold_aware_refined_search,245
0.541993281075028,0.38235294117647056,0.4454828660436137,0.4115107913669065,gaussian_noise,SKAB,fold_2,42,5,3,probabilistic_suffix_tree,4,1,0.5,0.7,68,785,1305,0.0244473585612589,skab_fold_aware_refined_search,245
0.0,0.0,0.0,0.0,unseen_data,SKAB,fold_2,42,5,3,probabilistic_suffix_tree,4,1,0.5,0.7,68,785,1305,0.0244473585612589,skab_fold_aware_refined_search,245
0.49384098544232924,0.3333333333333333,0.3993808049535604,0.36338028169014086,original,SKAB,fold_3,42,5,3,probabilistic_suffix_tree,4,1,0.5,0.7,69,745,1236,0.024044353662095126,skab_fold_aware_refined_search,245
0.48824188129899215,0.3325,0.4117647058823529,0.367911479944675,gaussian_noise,SKAB,fold_3,42,5,3,probabilistic_suffix_tree,4,1,0.5,0.7,69,745,1236,0.024044353662095126,skab_fold_aware_refined_search,245
0.0,0.0,0.0,0.0,unseen_data,SKAB,fold_3,42,5,3,probabilistic_suffix_tree,4,1,0.5,0.7,69,745,1236,0.024044353662095126,skab_fold_aware_refined_search,245
0.5686719636776391,0.40897097625329815,0.4983922829581994,0.4492753623188406,original,SKAB,fold_4,42,5,3,probabilistic_suffix_tree,4,1,0.5,0.7,68,739,1226,0.024397038923823926,skab_fold_aware_refined_search,245
0.5539160045402951,0.39646464646464646,0.5048231511254019,0.44413012729844414,gaussian_noise,SKAB,fold_4,42,5,3,probabilistic_suffix_tree,4,1,0.5,0.7,68,739,1226,0.024397038923823926,skab_fold_aware_refined_search,245
0.0,0.0,0.0,0.0,unseen_data,SKAB,fold_4,42,5,3,probabilistic_suffix_tree,4,1,0.5,0.7,68,739,1226,0.024397038923823926,skab_fold_aware_refined_search,245
0.6013289036544851,0.4714003944773176,0.7220543806646526,0.5704057279236276,original,SKAB,fold_5,42,5,3,probabilistic_suffix_tree,4,1,0.5,0.7,64,671,1124,0.026173621460506707,skab_fold_aware_refined_search,245
0.5991140642303433,0.4725663716814159,0.8066465256797583,0.5959821428571429,gaussian_noise,SKAB,fold_5,42,5,3,probabilistic_suffix_tree,4,1,0.5,0.7,64,671,1124,0.026173621460506707,skab_fold_aware_refined_search,245
0.6744186046511628,0.6744186046511628,1.0,0.8055555555555556,unseen_data,SKAB,fold_5,42,5,3,probabilistic_suffix_tree,4,1,0.5,0.7,64,671,1124,0.026173621460506707,skab_fold_aware_refined_search,245
0.29431438127090304,0.0,0.0,0.0,original,SKAB,fold_1,42,5,3,probabilistic_suffix_tree,4,1,0.5,0.9,71,726,1194,0.02316377604469794,skab_fold_aware_refined_search,246
0.2987736900780379,0.0,0.0,0.0,gaussian_noise,SKAB,fold_1,42,5,3,probabilistic_suffix_tree,4,1,0.5,0.9,71,726,1194,0.02316377604469794,skab_fold_aware_refined_search,246
0.0,0.0,0.0,0.0,unseen_data,SKAB,fold_1,42,5,3,probabilistic_suffix_tree,4,1,0.5,0.9,71,726,1194,0.02316377604469794,skab_fold_aware_refined_search,246
0.5240761478163494,0.3514285714285714,0.38317757009345793,0.36661698956780925,original,SKAB,fold_2,42,5,3,probabilistic_suffix_tree,4,1,0.5,0.9,68,785,1305,0.0244473585612589,skab_fold_aware_refined_search,246
0.541993281075028,0.38235294117647056,0.4454828660436137,0.4115107913669065,gaussian_noise,SKAB,fold_2,42,5,3,probabilistic_suffix_tree,4,1,0.5,0.9,68,785,1305,0.0244473585612589,skab_fold_aware_refined_search,246
0.0,0.0,0.0,0.0,unseen_data,SKAB,fold_2,42,5,3,probabilistic_suffix_tree,4,1,0.5,0.9,68,785,1305,0.0244473585612589,skab_fold_aware_refined_search,246
0.4490481522956327,0.31905781584582443,0.4613003095975232,0.37721518987341773,original,SKAB,fold_3,42,5,3,probabilistic_suffix_tree,4,1,0.5,0.9,69,745,1236,0.024044353662095126,skab_fold_aware_refined_search,246
0.45352743561030234,0.3248407643312102,0.47368421052631576,0.3853904282115869,gaussian_noise,SKAB,fold_3,42,5,3,probabilistic_suffix_tree,4,1,0.5,0.9,69,745,1236,0.024044353662095126,skab_fold_aware_refined_search,246
0.0,0.0,0.0,0.0,unseen_data,SKAB,fold_3,42,5,3,probabilistic_suffix_tree,4,1,0.5,0.9,69,745,1236,0.024044353662095126,skab_fold_aware_refined_search,246
0.5686719636776391,0.40897097625329815,0.4983922829581994,0.4492753623188406,original,SKAB,fold_4,42,5,3,probabilistic_suffix_tree,4,1,0.5,0.9,68,739,1226,0.024397038923823926,skab_fold_aware_refined_search,246
0.5539160045402951,0.39646464646464646,0.5048231511254019,0.44413012729844414,gaussian_noise,SKAB,fold_4,42,5,3,probabilistic_suffix_tree,4,1,0.5,0.9,68,739,1226,0.024397038923823926,skab_fold_aware_refined_search,246
0.0,0.0,0.0,0.0,unseen_data,SKAB,fold_4,42,5,3,probabilistic_suffix_tree,4,1,0.5,0.9,68,739,1226,0.024397038923823926,skab_fold_aware_refined_search,246
0.6998892580287929,0.5498338870431894,1.0,0.7095391211146839,original,SKAB,fold_5,42,5,3,probabilistic_suffix_tree,4,1,0.5,0.9,64,671,1124,0.026173621460506707,skab_fold_aware_refined_search,246
0.6666666666666666,0.5237341772151899,1.0,0.6874350986500519,gaussian_noise,SKAB,fold_5,42,5,3,probabilistic_suffix_tree,4,1,0.5,0.9,64,671,1124,0.026173621460506707,skab_fold_aware_refined_search,246
0.6744186046511628,0.6744186046511628,1.0,0.8055555555555556,unseen_data,SKAB,fold_5,42,5,3,probabilistic_suffix_tree,4,1,0.5,0.9,64,671,1124,0.026173621460506707,skab_fold_aware_refined_search,246
0.5585284280936454,0.0,0.0,0.0,original,SKAB,fold_1,42,5,3,probabilistic_suffix_tree,4,2,0.1,0.5,71,726,1194,0.02316377604469794,skab_fold_aware_refined_search,247
0.5574136008918618,0.0,0.0,0.0,gaussian_noise,SKAB,fold_1,42,5,3,probabilistic_suffix_tree,4,2,0.1,0.5,71,726,1194,0.02316377604469794,skab_fold_aware_refined_search,247
0.0,0.0,0.0,0.0,unseen_data,SKAB,fold_1,42,5,3,probabilistic_suffix_tree,4,2,0.1,0.5,71,726,1194,0.02316377604469794,skab_fold_aware_refined_search,247
0.5464725643896976,0.352112676056338,0.3115264797507788,0.3305785123966942,original,SKAB,fold_2,42,5,3,probabilistic_suffix_tree,4,2,0.1,0.5,68,785,1305,0.0244473585612589,skab_fold_aware_refined_search,247
0.5643896976483762,0.3819444444444444,0.3426791277258567,0.361247947454844,gaussian_noise,SKAB,fold_2,42,5,3,probabilistic_suffix_tree,4,2,0.1,0.5,68,785,1305,0.0244473585612589,skab_fold_aware_refined_search,247
0.0,0.0,0.0,0.0,unseen_data,SKAB,fold_2,42,5,3,probabilistic_suffix_tree,4,2,0.1,0.5,68,785,1305,0.0244473585612589,skab_fold_aware_refined_search,247
0.48152295632698766,0.2826086956521739,0.28173374613003094,0.28217054263565894,original,SKAB,fold_3,42,5,3,probabilistic_suffix_tree,4,2,0.1,0.5,69,745,1236,0.024044353662095126,skab_fold_aware_refined_search,247
0.47144456886898095,0.28023598820059,0.29411764705882354,0.28700906344410876,gaussian_noise,SKAB,fold_3,42,5,3,probabilistic_suffix_tree,4,2,0.1,0.5,69,745,1236,0.024044353662095126,skab_fold_aware_refined_search,247
0.0,0.0,0.0,0.0,unseen_data,SKAB,fold_3,42,5,3,probabilistic_suffix_tree,4,2,0.1,0.5,69,745,1236,0.024044353662095126,skab_fold_aware_refined_search,247
0.5709421112372304,0.38870431893687707,0.3762057877813505,0.38235294117647056,original,SKAB,fold_4,42,5,3,probabilistic_suffix_tree,4,2,0.1,0.5,68,739,1226,0.024397038923823926,skab_fold_aware_refined_search,247
0.5754824063564131,0.39805825242718446,0.3954983922829582,0.3967741935483871,gaussian_noise,SKAB,fold_4,42,5,3,probabilistic_suffix_tree,4,2,0.1,0.5,68,739,1226,0.024397038923823926,skab_fold_aware_refined_search,247
0.0,0.0,0.0,0.0,unseen_data,SKAB,fold_4,42,5,3,probabilistic_suffix_tree,4,2,0.1,0.5,68,739,1226,0.024397038923823926,skab_fold_aware_refined_search,247
0.5825027685492802,0.4449760765550239,0.5619335347432024,0.49666221628838453,original,SKAB,fold_5,42,5,3,probabilistic_suffix_tree,4,2,0.1,0.5,64,671,1124,0.026173621460506707,skab_fold_aware_refined_search,247
0.5614617940199336,0.4272930648769575,0.5770392749244713,0.4910025706940874,gaussian_noise,SKAB,fold_5,42,5,3,probabilistic_suffix_tree,4,2,0.1,0.5,64,671,1124,0.026173621460506707,skab_fold_aware_refined_search,247
0.627906976744186,0.6857142857142857,0.8275862068965517,0.75,unseen_data,SKAB,fold_5,42,5,3,probabilistic_suffix_tree,4,2,0.1,0.5,64,671,1124,0.026173621460506707,skab_fold_aware_refined_search,247
0.5328874024526199,0.0,0.0,0.0,original,SKAB,fold_1,42,5,3,probabilistic_suffix_tree,4,2,0.1,0.7,71,726,1194,0.02316377604469794,skab_fold_aware_refined_search,248
0.5273132664437012,0.0,0.0,0.0,gaussian_noise,SKAB,fold_1,42,5,3,probabilistic_suffix_tree,4,2,0.1,0.7,71,726,1194,0.02316377604469794,skab_fold_aware_refined_search,248
0.0,0.0,0.0,0.0,unseen_data,SKAB,fold_1,42,5,3,probabilistic_suffix_tree,4,2,0.1,0.7,71,726,1194,0.02316377604469794,skab_fold_aware_refined_search,248
0.5240761478163494,0.3514285714285714,0.38317757009345793,0.36661698956780925,original,SKAB,fold_2,42,5,3,probabilistic_suffix_tree,4,2,0.1,0.7,68,785,1305,0.0244473585612589,skab_fold_aware_refined_search,248
0.541993281075028,0.38235294117647056,0.4454828660436137,0.4115107913669065,gaussian_noise,SKAB,fold_2,42,5,3,probabilistic_suffix_tree,4,2,0.1,0.7,68,785,1305,0.0244473585612589,skab_fold_aware_refined_search,248
0.0,0.0,0.0,0.0,unseen_data,SKAB,fold_2,42,5,3,probabilistic_suffix_tree,4,2,0.1,0.7,68,785,1305,0.0244473585612589,skab_fold_aware_refined_search,248
0.48712206047032475,0.32,0.3715170278637771,0.3438395415472779,original,SKAB,fold_3,42,5,3,probabilistic_suffix_tree,4,2,0.1,0.7,69,745,1236,0.024044353662095126,skab_fold_aware_refined_search,248
0.4826427771556551,0.32041343669250644,0.38390092879256965,0.3492957746478873,gaussian_noise,SKAB,fold_3,42,5,3,probabilistic_suffix_tree,4,2,0.1,0.7,69,745,1236,0.024044353662095126,skab_fold_aware_refined_search,248
0.0,0.0,0.0,0.0,unseen_data,SKAB,fold_3,42,5,3,probabilistic_suffix_tree,4,2,0.1,0.7,69,745,1236,0.024044353662095126,skab_fold_aware_refined_search,248
0.5641316685584563,0.3971830985915493,0.4533762057877814,0.42342342342342343,original,SKAB,fold_4,42,5,3,probabilistic_suffix_tree,4,2,0.1,0.7,68,739,1226,0.024397038923823926,skab_fold_aware_refined_search,248
0.5516458569807038,0.3882978723404255,0.4694533762057878,0.42503639010189226,gaussian_noise,SKAB,fold_4,42,5,3,probabilistic_suffix_tree,4,2,0.1,0.7,68,739,1226,0.024397038923823926,skab_fold_aware_refined_search,248
0.0,0.0,0.0,0.0,unseen_data,SKAB,fold_4,42,5,3,probabilistic_suffix_tree,4,2,0.1,0.7,68,739,1226,0.024397038923823926,skab_fold_aware_refined_search,248
0.6146179401993356,0.48268839103869654,0.716012084592145,0.5766423357664233,original,SKAB,fold_5,42,5,3,probabilistic_suffix_tree,4,2,0.1,0.7,64,671,1124,0.026173621460506707,skab_fold_aware_refined_search,248
0.6135105204872646,0.48363636363636364,0.8036253776435045,0.6038592508513053,gaussian_noise,SKAB,fold_5,42,5,3,probabilistic_suffix_tree,4,2,0.1,0.7,64,671,1124,0.026173621460506707,skab_fold_aware_refined_search,248
0.6744186046511628,0.6744186046511628,1.0,0.8055555555555556,unseen_data,SKAB,fold_5,42,5,3,probabilistic_suffix_tree,4,2,0.1,0.7,64,671,1124,0.026173621460506707,skab_fold_aware_refined_search,248
0.5295429208472687,0.0,0.0,0.0,original,SKAB,fold_1,42,5,3,probabilistic_suffix_tree,4,2,0.1,0.9,71,726,1194,0.02316377604469794,skab_fold_aware_refined_search,249
0.5239687848383501,0.0,0.0,0.0,gaussian_noise,SKAB,fold_1,42,5,3,probabilistic_suffix_tree,4,2,0.1,0.9,71,726,1194,0.02316377604469794,skab_fold_aware_refined_search,249
0.0,0.0,0.0,0.0,unseen_data,SKAB,fold_1,42,5,3,probabilistic_suffix_tree,4,2,0.1,0.9,71,726,1194,0.02316377604469794,skab_fold_aware_refined_search,249
0.5240761478163494,0.3514285714285714,0.38317757009345793,0.36661698956780925,original,SKAB,fold_2,42,5,3,probabilistic_suffix_tree,4,2,0.1,0.9,68,785,1305,0.0244473585612589,skab_fold_aware_refined_search,249
0.541993281075028,0.38235294117647056,0.4454828660436137,0.4115107913669065,gaussian_noise,SKAB,fold_2,42,5,3,probabilistic_suffix_tree,4,2,0.1,0.9,68,785,1305,0.0244473585612589,skab_fold_aware_refined_search,249
0.0,0.0,0.0,0.0,unseen_data,SKAB,fold_2,42,5,3,probabilistic_suffix_tree,4,2,0.1,0.9,68,785,1305,0.0244473585612589,skab_fold_aware_refined_search,249
0.49384098544232924,0.3333333333333333,0.3993808049535604,0.36338028169014086,original,SKAB,fold_3,42,5,3,probabilistic_suffix_tree,4,2,0.1,0.9,69,745,1236,0.024044353662095126,skab_fold_aware_refined_search,249
0.48824188129899215,0.3325,0.4117647058823529,0.367911479944675,gaussian_noise,SKAB,fold_3,42,5,3,probabilistic_suffix_tree,4,2,0.1,0.9,69,745,1236,0.024044353662095126,skab_fold_aware_refined_search,249
0.0,0.0,0.0,0.0,unseen_data,SKAB,fold_3,42,5,3,probabilistic_suffix_tree,4,2,0.1,0.9,69,745,1236,0.024044353662095126,skab_fold_aware_refined_search,249
0.5686719636776391,0.40897097625329815,0.4983922829581994,0.4492753623188406,original,SKAB,fold_4,42,5,3,probabilistic_suffix_tree,4,2,0.1,0.9,68,739,1226,0.024397038923823926,skab_fold_aware_refined_search,249
0.5539160045402951,0.39646464646464646,0.5048231511254019,0.44413012729844414,gaussian_noise,SKAB,fold_4,42,5,3,probabilistic_suffix_tree,4,2,0.1,0.9,68,739,1226,0.024397038923823926,skab_fold_aware_refined_search,249
0.0,0.0,0.0,0.0,unseen_data,SKAB,fold_4,42,5,3,probabilistic_suffix_tree,4,2,0.1,0.9,68,739,1226,0.024397038923823926,skab_fold_aware_refined_search,249
0.6013289036544851,0.4714003944773176,0.7220543806646526,0.5704057279236276,original,SKAB,fold_5,42,5,3,probabilistic_suffix_tree,4,2,0.1,0.9,64,671,1124,0.026173621460506707,skab_fold_aware_refined_search,249
0.5991140642303433,0.4725663716814159,0.8066465256797583,0.5959821428571429,gaussian_noise,SKAB,fold_5,42,5,3,probabilistic_suffix_tree,4,2,0.1,0.9,64,671,1124,0.026173621460506707,skab_fold_aware_refined_search,249
0.6744186046511628,0.6744186046511628,1.0,0.8055555555555556,unseen_data,SKAB,fold_5,42,5,3,probabilistic_suffix_tree,4,2,0.1,0.9,64,671,1124,0.026173621460506707,skab_fold_aware_refined_search,249
0.5295429208472687,0.0,0.0,0.0,original,SKAB,fold_1,42,5,3,probabilistic_suffix_tree,4,2,0.5,0.5,71,726,1194,0.02316377604469794,skab_fold_aware_refined_search,250
0.5239687848383501,0.0,0.0,0.0,gaussian_noise,SKAB,fold_1,42,5,3,probabilistic_suffix_tree,4,2,0.5,0.5,71,726,1194,0.02316377604469794,skab_fold_aware_refined_search,250
0.0,0.0,0.0,0.0,unseen_data,SKAB,fold_1,42,5,3,probabilistic_suffix_tree,4,2,0.5,0.5,71,726,1194,0.02316377604469794,skab_fold_aware_refined_search,250
0.5240761478163494,0.3514285714285714,0.38317757009345793,0.36661698956780925,original,SKAB,fold_2,42,5,3,probabilistic_suffix_tree,4,2,0.5,0.5,68,785,1305,0.0244473585612589,skab_fold_aware_refined_search,250
0.541993281075028,0.38235294117647056,0.4454828660436137,0.4115107913669065,gaussian_noise,SKAB,fold_2,42,5,3,probabilistic_suffix_tree,4,2,0.5,0.5,68,785,1305,0.0244473585612589,skab_fold_aware_refined_search,250
0.0,0.0,0.0,0.0,unseen_data,SKAB,fold_2,42,5,3,probabilistic_suffix_tree,4,2,0.5,0.5,68,785,1305,0.0244473585612589,skab_fold_aware_refined_search,250
0.49384098544232924,0.3333333333333333,0.3993808049535604,0.36338028169014086,original,SKAB,fold_3,42,5,3,probabilistic_suffix_tree,4,2,0.5,0.5,69,745,1236,0.024044353662095126,skab_fold_aware_refined_search,250
0.48824188129899215,0.3325,0.4117647058823529,0.367911479944675,gaussian_noise,SKAB,fold_3,42,5,3,probabilistic_suffix_tree,4,2,0.5,0.5,69,745,1236,0.024044353662095126,skab_fold_aware_refined_search,250
0.0,0.0,0.0,0.0,unseen_data,SKAB,fold_3,42,5,3,probabilistic_suffix_tree,4,2,0.5,0.5,69,745,1236,0.024044353662095126,skab_fold_aware_refined_search,250
0.5686719636776391,0.40897097625329815,0.4983922829581994,0.4492753623188406,original,SKAB,fold_4,42,5,3,probabilistic_suffix_tree,4,2,0.5,0.5,68,739,1226,0.024397038923823926,skab_fold_aware_refined_search,250
0.5539160045402951,0.39646464646464646,0.5048231511254019,0.44413012729844414,gaussian_noise,SKAB,fold_4,42,5,3,probabilistic_suffix_tree,4,2,0.5,0.5,68,739,1226,0.024397038923823926,skab_fold_aware_refined_search,250
0.0,0.0,0.0,0.0,unseen_data,SKAB,fold_4,42,5,3,probabilistic_suffix_tree,4,2,0.5,0.5,68,739,1226,0.024397038923823926,skab_fold_aware_refined_search,250
0.6013289036544851,0.4714003944773176,0.7220543806646526,0.5704057279236276,original,SKAB,fold_5,42,5,3,probabilistic_suffix_tree,4,2,0.5,0.5,64,671,1124,0.026173621460506707,skab_fold_aware_refined_search,250
0.5991140642303433,0.4725663716814159,0.8066465256797583,0.5959821428571429,gaussian_noise,SKAB,fold_5,42,5,3,probabilistic_suffix_tree,4,2,0.5,0.5,64,671,1124,0.026173621460506707,skab_fold_aware_refined_search,250
0.6744186046511628,0.6744186046511628,1.0,0.8055555555555556,unseen_data,SKAB,fold_5,42,5,3,probabilistic_suffix_tree,4,2,0.5,0.5,64,671,1124,0.026173621460506707,skab_fold_aware_refined_search,250
0.5295429208472687,0.0,0.0,0.0,original,SKAB,fold_1,42,5,3,probabilistic_suffix_tree,4,2,0.5,0.7,71,726,1194,0.02316377604469794,skab_fold_aware_refined_search,251
0.5239687848383501,0.0,0.0,0.0,gaussian_noise,SKAB,fold_1,42,5,3,probabilistic_suffix_tree,4,2,0.5,0.7,71,726,1194,0.02316377604469794,skab_fold_aware_refined_search,251
0.0,0.0,0.0,0.0,unseen_data,SKAB,fold_1,42,5,3,probabilistic_suffix_tree,4,2,0.5,0.7,71,726,1194,0.02316377604469794,skab_fold_aware_refined_search,251
0.5240761478163494,0.3514285714285714,0.38317757009345793,0.36661698956780925,original,SKAB,fold_2,42,5,3,probabilistic_suffix_tree,4,2,0.5,0.7,68,785,1305,0.0244473585612589,skab_fold_aware_refined_search,251
0.541993281075028,0.38235294117647056,0.4454828660436137,0.4115107913669065,gaussian_noise,SKAB,fold_2,42,5,3,probabilistic_suffix_tree,4,2,0.5,0.7,68,785,1305,0.0244473585612589,skab_fold_aware_refined_search,251
0.0,0.0,0.0,0.0,unseen_data,SKAB,fold_2,42,5,3,probabilistic_suffix_tree,4,2,0.5,0.7,68,785,1305,0.0244473585612589,skab_fold_aware_refined_search,251
0.49384098544232924,0.3333333333333333,0.3993808049535604,0.36338028169014086,original,SKAB,fold_3,42,5,3,probabilistic_suffix_tree,4,2,0.5,0.7,69,745,1236,0.024044353662095126,skab_fold_aware_refined_search,251
0.48824188129899215,0.3325,0.4117647058823529,0.367911479944675,gaussian_noise,SKAB,fold_3,42,5,3,probabilistic_suffix_tree,4,2,0.5,0.7,69,745,1236,0.024044353662095126,skab_fold_aware_refined_search,251
0.0,0.0,0.0,0.0,unseen_data,SKAB,fold_3,42,5,3,probabilistic_suffix_tree,4,2,0.5,0.7,69,745,1236,0.024044353662095126,skab_fold_aware_refined_search,251
0.5686719636776391,0.40897097625329815,0.4983922829581994,0.4492753623188406,original,SKAB,fold_4,42,5,3,probabilistic_suffix_tree,4,2,0.5,0.7,68,739,1226,0.024397038923823926,skab_fold_aware_refined_search,251
0.5539160045402951,0.39646464646464646,0.5048231511254019,0.44413012729844414,gaussian_noise,SKAB,fold_4,42,5,3,probabilistic_suffix_tree,4,2,0.5,0.7,68,739,1226,0.024397038923823926,skab_fold_aware_refined_search,251
0.0,0.0,0.0,0.0,unseen_data,SKAB,fold_4,42,5,3,probabilistic_suffix_tree,4,2,0.5,0.7,68,739,1226,0.024397038923823926,skab_fold_aware_refined_search,251
0.6013289036544851,0.4714003944773176,0.7220543806646526,0.5704057279236276,original,SKAB,fold_5,42,5,3,probabilistic_suffix_tree,4,2,0.5,0.7,64,671,1124,0.026173621460506707,skab_fold_aware_refined_search,251
0.5991140642303433,0.4725663716814159,0.8066465256797583,0.5959821428571429,gaussian_noise,SKAB,fold_5,42,5,3,probabilistic_suffix_tree,4,2,0.5,0.7,64,671,1124,0.026173621460506707,skab_fold_aware_refined_search,251
0.6744186046511628,0.6744186046511628,1.0,0.8055555555555556,unseen_data,SKAB,fold_5,42,5,3,probabilistic_suffix_tree,4,2,0.5,0.7,64,671,1124,0.026173621460506707,skab_fold_aware_refined_search,251
0.29431438127090304,0.0,0.0,0.0,original,SKAB,fold_1,42,5,3,probabilistic_suffix_tree,4,2,0.5,0.9,71,726,1194,0.02316377604469794,skab_fold_aware_refined_search,252
0.2987736900780379,0.0,0.0,0.0,gaussian_noise,SKAB,fold_1,42,5,3,probabilistic_suffix_tree,4,2,0.5,0.9,71,726,1194,0.02316377604469794,skab_fold_aware_refined_search,252
0.0,0.0,0.0,0.0,unseen_data,SKAB,fold_1,42,5,3,probabilistic_suffix_tree,4,2,0.5,0.9,71,726,1194,0.02316377604469794,skab_fold_aware_refined_search,252
0.5240761478163494,0.3514285714285714,0.38317757009345793,0.36661698956780925,original,SKAB,fold_2,42,5,3,probabilistic_suffix_tree,4,2,0.5,0.9,68,785,1305,0.0244473585612589,skab_fold_aware_refined_search,252
0.541993281075028,0.38235294117647056,0.4454828660436137,0.4115107913669065,gaussian_noise,SKAB,fold_2,42,5,3,probabilistic_suffix_tree,4,2,0.5,0.9,68,785,1305,0.0244473585612589,skab_fold_aware_refined_search,252
0.0,0.0,0.0,0.0,unseen_data,SKAB,fold_2,42,5,3,probabilistic_suffix_tree,4,2,0.5,0.9,68,785,1305,0.0244473585612589,skab_fold_aware_refined_search,252
0.4490481522956327,0.31905781584582443,0.4613003095975232,0.37721518987341773,original,SKAB,fold_3,42,5,3,probabilistic_suffix_tree,4,2,0.5,0.9,69,745,1236,0.024044353662095126,skab_fold_aware_refined_search,252
0.45352743561030234,0.3248407643312102,0.47368421052631576,0.3853904282115869,gaussian_noise,SKAB,fold_3,42,5,3,probabilistic_suffix_tree,4,2,0.5,0.9,69,745,1236,0.024044353662095126,skab_fold_aware_refined_search,252
0.0,0.0,0.0,0.0,unseen_data,SKAB,fold_3,42,5,3,probabilistic_suffix_tree,4,2,0.5,0.9,69,745,1236,0.024044353662095126,skab_fold_aware_refined_search,252
0.5686719636776391,0.40897097625329815,0.4983922829581994,0.4492753623188406,original,SKAB,fold_4,42,5,3,probabilistic_suffix_tree,4,2,0.5,0.9,68,739,1226,0.024397038923823926,skab_fold_aware_refined_search,252
0.5539160045402951,0.39646464646464646,0.5048231511254019,0.44413012729844414,gaussian_noise,SKAB,fold_4,42,5,3,probabilistic_suffix_tree,4,2,0.5,0.9,68,739,1226,0.024397038923823926,skab_fold_aware_refined_search,252
0.0,0.0,0.0,0.0,unseen_data,SKAB,fold_4,42,5,3,probabilistic_suffix_tree,4,2,0.5,0.9,68,739,1226,0.024397038923823926,skab_fold_aware_refined_search,252
0.6998892580287929,0.5498338870431894,1.0,0.7095391211146839,original,SKAB,fold_5,42,5,3,probabilistic_suffix_tree,4,2,0.5,0.9,64,671,1124,0.026173621460506707,skab_fold_aware_refined_search,252
0.6666666666666666,0.5237341772151899,1.0,0.6874350986500519,gaussian_noise,SKAB,fold_5,42,5,3,probabilistic_suffix_tree,4,2,0.5,0.9,64,671,1124,0.026173621460506707,skab_fold_aware_refined_search,252
0.6744186046511628,0.6744186046511628,1.0,0.8055555555555556,unseen_data,SKAB,fold_5,42,5,3,probabilistic_suffix_tree,4,2,0.5,0.9,64,671,1124,0.026173621460506707,skab_fold_aware_refined_search,252
0.6376811594202898,0.49838187702265374,0.47530864197530864,0.48657187993680884,original,SKAB,fold_1,42,5,4,probabilistic_suffix_tree,2,1,0.1,0.5,117,329,687,0.01784740082612423,skab_fold_aware_refined_search,253
0.6432552954292085,0.5064102564102564,0.4876543209876543,0.4968553459119497,gaussian_noise,SKAB,fold_1,42,5,4,probabilistic_suffix_tree,2,1,0.1,0.5,117,329,687,0.01784740082612423,skab_fold_aware_refined_search,253
0.0,0.0,0.0,0.0,unseen_data,SKAB,fold_1,42,5,4,probabilistic_suffix_tree,2,1,0.1,0.5,117,329,687,0.01784740082612423,skab_fold_aware_refined_search,253
0.6898096304591266,0.583969465648855,0.4766355140186916,0.5248713550600344,original,SKAB,fold_2,42,5,4,probabilistic_suffix_tree,2,1,0.1,0.5,106,303,641,0.019957656142972787,skab_fold_aware_refined_search,253
0.683090705487122,0.5714285714285714,0.4735202492211838,0.5178875638841567,gaussian_noise,SKAB,fold_2,42,5,4,probabilistic_suffix_tree,2,1,0.1,0.5,106,303,641,0.019957656142972787,skab_fold_aware_refined_search,253
0.0,0.0,0.0,0.0,unseen_data,SKAB,fold_2,42,5,4,probabilistic_suffix_tree,2,1,0.1,0.5,106,303,641,0.019957656142972787,skab_fold_aware_refined_search,253
0.5655095184770437,0.4209245742092457,0.5356037151702786,0.4713896457765668,original,SKAB,fold_3,42,5,4,probabilistic_suffix_tree,2,1,0.1,0.5,105,298,628,0.02007031000319591,skab_fold_aware_refined_search,253
0.6002239641657335,0.4587378640776699,0.5851393188854489,0.5142857142857142,gaussian_noise,SKAB,fold_3,42,5,4,probabilistic_suffix_tree,2,1,0.1,0.5,105,298,628,0.02007031000319591,skab_fold_aware_refined_search,253
0.0,0.0,0.0,0.0,unseen_data,SKAB,fold_3,42,5,4,probabilistic_suffix_tree,2,1,0.1,0.5,105,298,628,0.02007031000319591,skab_fold_aware_refined_search,253
0.5175936435868331,0.2978723404255319,0.27009646302250806,0.28330522765598654,original,SKAB,fold_4,42,5,4,probabilistic_suffix_tree,2,1,0.1,0.5,103,293,616,0.020411544451439743,skab_fold_aware_refined_search,253
0.5096481271282634,0.2783882783882784,0.24437299035369775,0.2602739726027397,gaussian_noise,SKAB,fold_4,42,5,4,probabilistic_suffix_tree,2,1,0.1,0.5,103,293,616,0.020411544451439743,skab_fold_aware_refined_search,253
0.2,0.2,1.0,0.3333333333333333,unseen_data,SKAB,fold_4,42,5,4,probabilistic_suffix_tree,2,1,0.1,0.5,103,293,616,0.020411544451439743,skab_fold_aware_refined_search,253
0.5669988925802879,0.4519230769230769,0.851963746223565,0.5905759162303665,original,SKAB,fold_5,42,5,4,probabilistic_suffix_tree,2,1,0.1,0.5,103,287,589,0.01992490105206184,skab_fold_aware_refined_search,253
0.5592469545957918,0.44724409448818897,0.8580060422960725,0.587991718426501,gaussian_noise,SKAB,fold_5,42,5,4,probabilistic_suffix_tree,2,1,0.1,0.5,103,287,589,0.01992490105206184,skab_fold_aware_refined_search,253
0.3472222222222222,0.34285714285714286,0.96,0.5052631578947369,unseen_data,SKAB,fold_5,42,5,4,probabilistic_suffix_tree,2,1,0.1,0.5,103,287,589,0.01992490105206184,skab_fold_aware_refined_search,253
0.6298773690078038,0.4898989898989899,0.5987654320987654,0.5388888888888889,original,SKAB,fold_1,42,5,4,probabilistic_suffix_tree,2,1,0.1,0.7,117,329,687,0.01784740082612423,skab_fold_aware_refined_search,254
0.6321070234113713,0.4925,0.6080246913580247,0.5441988950276243,gaussian_noise,SKAB,fold_1,42,5,4,probabilistic_suffix_tree,2,1,0.1,0.7,117,329,687,0.01784740082612423,skab_fold_aware_refined_search,254
0.0,0.0,0.0,0.0,unseen_data,SKAB,fold_1,42,5,4,probabilistic_suffix_tree,2,1,0.1,0.7,117,329,687,0.01784740082612423,skab_fold_aware_refined_search,254
0.671892497200448,0.54,0.5887850467289719,0.563338301043219,original,SKAB,fold_2,42,5,4,probabilistic_suffix_tree,2,1,0.1,0.7,106,303,641,0.019957656142972787,skab_fold_aware_refined_search,254
0.6730123180291153,0.5410764872521246,0.5950155763239875,0.5667655786350149,gaussian_noise,SKAB,fold_2,42,5,4,probabilistic_suffix_tree,2,1,0.1,0.7,106,303,641,0.019957656142972787,skab_fold_aware_refined_search,254
0.0,0.0,0.0,0.0,unseen_data,SKAB,fold_2,42,5,4,probabilistic_suffix_tree,2,1,0.1,0.7,106,303,641,0.019957656142972787,skab_fold_aware_refined_search,254
0.58006718924972,0.4451476793248945,0.653250773993808,0.5294855708908407,original,SKAB,fold_3,42,5,4,probabilistic_suffix_tree,2,1,0.1,0.7,105,298,628,0.02007031000319591,skab_fold_aware_refined_search,254
0.6091825307950728,0.4731404958677686,0.7089783281733746,0.5675340768277571,gaussian_noise,SKAB,fold_3,42,5,4,probabilistic_suffix_tree,2,1,0.1,0.7,105,298,628,0.02007031000319591,skab_fold_aware_refined_search,254
0.0,0.0,0.0,0.0,unseen_data,SKAB,fold_3,42,5,4,probabilistic_suffix_tree,2,1,0.1,0.7,105,298,628,0.02007031000319591,skab_fold_aware_refined_search,254
0.4858115777525539,0.30386740331491713,0.3536977491961415,0.32689450222882616,original,SKAB,fold_4,42,5,4,probabilistic_suffix_tree,2,1,0.1,0.7,103,293,616,0.020411544451439743,skab_fold_aware_refined_search,254
0.46878547105561863,0.28254847645429365,0.3279742765273312,0.30357142857142855,gaussian_noise,SKAB,fold_4,42,5,4,probabilistic_suffix_tree,2,1,0.1,0.7,103,293,616,0.020411544451439743,skab_fold_aware_refined_search,254
0.2,0.2,1.0,0.3333333333333333,unseen_data,SKAB,fold_4,42,5,4,probabilistic_suffix_tree,2,1,0.1,0.7,103,293,616,0.020411544451439743,skab_fold_aware_refined_search,254
0.5370985603543743,0.43536404160475484,0.8851963746223565,0.5836653386454184,original,SKAB,fold_5,42,5,4,probabilistic_suffix_tree,2,1,0.1,0.7,103,287,589,0.01992490105206184,skab_fold_aware_refined_search,254
0.5348837209302325,0.43407407407407406,0.8851963746223565,0.5825049701789264,gaussian_noise,SKAB,fold_5,42,5,4,probabilistic_suffix_tree,2,1,0.1,0.7,103,287,589,0.01992490105206184,skab_fold_aware_refined_search,254
0.3472222222222222,0.3472222222222222,1.0,0.5154639175257731,unseen_data,SKAB,fold_5,42,5,4,probabilistic_suffix_tree,2,1,0.1,0.7,103,287,589,0.01992490105206184,skab_fold_aware_refined_search,254
0.4659977703455964,0.3572744014732965,0.5987654320987654,0.447520184544406,original,SKAB,fold_1,42,5,4,probabilistic_suffix_tree,2,1,0.1,0.9,117,329,687,0.01784740082612423,skab_fold_aware_refined_search,255
0.4693422519509476,0.3608058608058608,0.6080246913580247,0.4528735632183908,gaussian_noise,SKAB,fold_1,42,5,4,probabilistic_suffix_tree,2,1,0.1,0.9,117,329,687,0.01784740082612423,skab_fold_aware_refined_search,255
0.0,0.0,0.0,0.0,unseen_data,SKAB,fold_1,42,5,4,probabilistic_suffix_tree,2,1,0.1,0.9,117,329,687,0.01784740082612423,skab_fold_aware_refined_search,255
0.5778275475923852,0.45302013422818793,0.8411214953271028,0.5888767720828789,original,SKAB,fold_2,42,5,4,probabilistic_suffix_tree,2,1,0.1,0.9,106,303,641,0.019957656142972787,skab_fold_aware_refined_search,255
0.5767077267637178,0.45226130653266333,0.8411214953271028,0.5882352941176471,gaussian_noise,SKAB,fold_2,42,5,4,probabilistic_suffix_tree,2,1,0.1,0.9,106,303,641,0.019957656142972787,skab_fold_aware_refined_search,255
0.0,0.0,0.0,0.0,unseen_data,SKAB,fold_2,42,5,4,probabilistic_suffix_tree,2,1,0.1,0.9,106,303,641,0.019957656142972787,skab_fold_aware_refined_search,255
0.5296752519596865,0.41535776614310643,0.7368421052631579,0.53125,original,SKAB,fold_3,42,5,4,probabilistic_suffix_tree,2,1,0.1,0.9,105,298,628,0.02007031000319591,skab_fold_aware_refined_search,255
0.5431131019036954,0.42735042735042733,0.7739938080495357,0.5506607929515418,gaussian_noise,SKAB,fold_3,42,5,4,probabilistic_suffix_tree,2,1,0.1,0.9,105,298,628,0.02007031000319591,skab_fold_aware_refined_search,255
0.0,0.0,0.0,0.0,unseen_data,SKAB,fold_3,42,5,4,probabilistic_suffix_tree,2,1,0.1,0.9,105,298,628,0.02007031000319591,skab_fold_aware_refined_search,255
0.46878547105561863,0.3527204502814259,0.6045016077170418,0.44549763033175355,original,SKAB,fold_4,42,5,4,probabilistic_suffix_tree,2,1,0.1,0.9,103,293,616,0.020411544451439743,skab_fold_aware_refined_search,255
0.46651532349602726,0.3502824858757062,0.5980707395498392,0.4418052256532066,gaussian_noise,SKAB,fold_4,42,5,4,probabilistic_suffix_tree,2,1,0.1,0.9,103,293,616,0.020411544451439743,skab_fold_aware_refined_search,255
0.2,0.2,1.0,0.3333333333333333,unseen_data,SKAB,fold_4,42,5,4,probabilistic_suffix_tree,2,1,0.1,0.9,103,293,616,0.020411544451439743,skab_fold_aware_refined_search,255
0.5459579180509413,0.44283646888567296,0.9244712990936556,0.598825831702544,original,SKAB,fold_5,42,5,4,probabilistic_suffix_tree,2,1,0.1,0.9,103,287,589,0.01992490105206184,skab_fold_aware_refined_search,255
0.5426356589147286,0.4405797101449275,0.918429003021148,0.5954946131243879,gaussian_noise,SKAB,fold_5,42,5,4,probabilistic_suffix_tree,2,1,0.1,0.9,103,287,589,0.01992490105206184,skab_fold_aware_refined_search,255
0.3472222222222222,0.3472222222222222,1.0,0.5154639175257731,unseen_data,SKAB,fold_5,42,5,4,probabilistic_suffix_tree,2,1,0.1,0.9,103,287,589,0.01992490105206184,skab_fold_aware_refined_search,255
0.6298773690078038,0.4898989898989899,0.5987654320987654,0.5388888888888889,original,SKAB,fold_1,42,5,4,probabilistic_suffix_tree,2,1,0.5,0.5,117,329,687,0.01784740082612423,skab_fold_aware_refined_search,256
0.6321070234113713,0.4925,0.6080246913580247,0.5441988950276243,gaussian_noise,SKAB,fold_1,42,5,4,probabilistic_suffix_tree,2,1,0.5,0.5,117,329,687,0.01784740082612423,skab_fold_aware_refined_search,256
0.0,0.0,0.0,0.0,unseen_data,SKAB,fold_1,42,5,4,probabilistic_suffix_tree,2,1,0.5,0.5,117,329,687,0.01784740082612423,skab_fold_aware_refined_search,256
0.671892497200448,0.5380434782608695,0.616822429906542,0.5747460087082729,original,SKAB,fold_2,42,5,4,probabilistic_suffix_tree,2,1,0.5,0.5,106,303,641,0.019957656142972787,skab_fold_aware_refined_search,256
0.671892497200448,0.5378378378378378,0.6199376947040498,0.5759768451519537,gaussian_noise,SKAB,fold_2,42,5,4,probabilistic_suffix_tree,2,1,0.5,0.5,106,303,641,0.019957656142972787,skab_fold_aware_refined_search,256
0.0,0.0,0.0,0.0,unseen_data,SKAB,fold_2,42,5,4,probabilistic_suffix_tree,2,1,0.5,0.5,106,303,641,0.019957656142972787,skab_fold_aware_refined_search,256
0.58006718924972,0.4451476793248945,0.653250773993808,0.5294855708908407,original,SKAB,fold_3,42,5,4,probabilistic_suffix_tree,2,1,0.5,0.5,105,298,628,0.02007031000319591,skab_fold_aware_refined_search,256
0.6091825307950728,0.4731404958677686,0.7089783281733746,0.5675340768277571,gaussian_noise,SKAB,fold_3,42,5,4,probabilistic_suffix_tree,2,1,0.5,0.5,105,298,628,0.02007031000319591,skab_fold_aware_refined_search,256
0.0,0.0,0.0,0.0,unseen_data,SKAB,fold_3,42,5,4,probabilistic_suffix_tree,2,1,0.5,0.5,105,298,628,0.02007031000319591,skab_fold_aware_refined_search,256
0.4858115777525539,0.3081081081081081,0.3665594855305466,0.33480176211453744,original,SKAB,fold_4,42,5,4,probabilistic_suffix_tree,2,1,0.5,0.5,103,293,616,0.020411544451439743,skab_fold_aware_refined_search,256
0.4699205448354143,0.2891891891891892,0.3440514469453376,0.3142437591776799,gaussian_noise,SKAB,fold_4,42,5,4,probabilistic_suffix_tree,2,1,0.5,0.5,103,293,616,0.020411544451439743,skab_fold_aware_refined_search,256
0.2,0.2,1.0,0.3333333333333333,unseen_data,SKAB,fold_4,42,5,4,probabilistic_suffix_tree,2,1,0.5,0.5,103,293,616,0.020411544451439743,skab_fold_aware_refined_search,256
0.5326688815060908,0.4327917282127031,0.8851963746223565,0.5813492063492064,original,SKAB,fold_5,42,5,4,probabilistic_suffix_tree,2,1,0.5,0.5,103,287,589,0.01992490105206184,skab_fold_aware_refined_search,256
0.53156146179402,0.43215339233038347,0.8851963746223565,0.5807730426164519,gaussian_noise,SKAB,fold_5,42,5,4,probabilistic_suffix_tree,2,1,0.5,0.5,103,287,589,0.01992490105206184,skab_fold_aware_refined_search,256
0.3472222222222222,0.3472222222222222,1.0,0.5154639175257731,unseen_data,SKAB,fold_5,42,5,4,probabilistic_suffix_tree,2,1,0.5,0.5,103,287,589,0.01992490105206184,skab_fold_aware_refined_search,256
0.5808249721293199,0.4409090909090909,0.5987654320987654,0.5078534031413613,original,SKAB,fold_1,42,5,4,probabilistic_suffix_tree,2,1,0.5,0.7,117,329,687,0.01784740082612423,skab_fold_aware_refined_search,257
0.5852842809364549,0.4457013574660634,0.6080246913580247,0.5143603133159269,gaussian_noise,SKAB,fold_1,42,5,4,probabilistic_suffix_tree,2,1,0.5,0.7,117,329,687,0.01784740082612423,skab_fold_aware_refined_search,257
0.0,0.0,0.0,0.0,unseen_data,SKAB,fold_1,42,5,4,probabilistic_suffix_tree,2,1,0.5,0.7,117,329,687,0.01784740082612423,skab_fold_aware_refined_search,257
0.671892497200448,0.5380434782608695,0.616822429906542,0.5747460087082729,original,SKAB,fold_2,42,5,4,probabilistic_suffix_tree,2,1,0.5,0.7,106,303,641,0.019957656142972787,skab_fold_aware_refined_search,257
0.671892497200448,0.5378378378378378,0.6199376947040498,0.5759768451519537,gaussian_noise,SKAB,fold_2,42,5,4,probabilistic_suffix_tree,2,1,0.5,0.7,106,303,641,0.019957656142972787,skab_fold_aware_refined_search,257
0.0,0.0,0.0,0.0,unseen_data,SKAB,fold_2,42,5,4,probabilistic_suffix_tree,2,1,0.5,0.7,106,303,641,0.019957656142972787,skab_fold_aware_refined_search,257
0.58006718924972,0.4451476793248945,0.653250773993808,0.5294855708908407,original,SKAB,fold_3,42,5,4,probabilistic_suffix_tree,2,1,0.5,0.7,105,298,628,0.02007031000319591,skab_fold_aware_refined_search,257
0.6091825307950728,0.4731404958677686,0.7089783281733746,0.5675340768277571,gaussian_noise,SKAB,fold_3,42,5,4,probabilistic_suffix_tree,2,1,0.5,0.7,105,298,628,0.02007031000319591,skab_fold_aware_refined_search,257
0.0,0.0,0.0,0.0,unseen_data,SKAB,fold_3,42,5,4,probabilistic_suffix_tree,2,1,0.5,0.7,105,298,628,0.02007031000319591,skab_fold_aware_refined_search,257
0.4858115777525539,0.3081081081081081,0.3665594855305466,0.33480176211453744,original,SKAB,fold_4,42,5,4,probabilistic_suffix_tree,2,1,0.5,0.7,103,293,616,0.020411544451439743,skab_fold_aware_refined_search,257
0.4699205448354143,0.2891891891891892,0.3440514469453376,0.3142437591776799,gaussian_noise,SKAB,fold_4,42,5,4,probabilistic_suffix_tree,2,1,0.5,0.7,103,293,616,0.020411544451439743,skab_fold_aware_refined_search,257
0.2,0.2,1.0,0.3333333333333333,unseen_data,SKAB,fold_4,42,5,4,probabilistic_suffix_tree,2,1,0.5,0.7,103,293,616,0.020411544451439743,skab_fold_aware_refined_search,257
0.5459579180509413,0.44283646888567296,0.9244712990936556,0.598825831702544,original,SKAB,fold_5,42,5,4,probabilistic_suffix_tree,2,1,0.5,0.7,103,287,589,0.01992490105206184,skab_fold_aware_refined_search,257
0.5426356589147286,0.4405797101449275,0.918429003021148,0.5954946131243879,gaussian_noise,SKAB,fold_5,42,5,4,probabilistic_suffix_tree,2,1,0.5,0.7,103,287,589,0.01992490105206184,skab_fold_aware_refined_search,257
0.3472222222222222,0.3472222222222222,1.0,0.5154639175257731,unseen_data,SKAB,fold_5,42,5,4,probabilistic_suffix_tree,2,1,0.5,0.7,103,287,589,0.01992490105206184,skab_fold_aware_refined_search,257
0.6109253065774805,0.4814264487369985,1.0,0.649949849548646,original,SKAB,fold_1,42,5,4,probabilistic_suffix_tree,2,1,0.5,0.9,117,329,687,0.01784740082612423,skab_fold_aware_refined_search,258
0.6109253065774805,0.4814264487369985,1.0,0.649949849548646,gaussian_noise,SKAB,fold_1,42,5,4,probabilistic_suffix_tree,2,1,0.5,0.9,117,329,687,0.01784740082612423,skab_fold_aware_refined_search,258
0.0,0.0,0.0,0.0,unseen_data,SKAB,fold_1,42,5,4,probabilistic_suffix_tree,2,1,0.5,0.9,117,329,687,0.01784740082612423,skab_fold_aware_refined_search,258
0.3594624860022396,0.3594624860022396,1.0,0.528830313014827,original,SKAB,fold_2,42,5,4,probabilistic_suffix_tree,2,1,0.5,0.9,106,303,641,0.019957656142972787,skab_fold_aware_refined_search,258
0.3594624860022396,0.3594624860022396,1.0,0.528830313014827,gaussian_noise,SKAB,fold_2,42,5,4,probabilistic_suffix_tree,2,1,0.5,0.9,106,303,641,0.019957656142972787,skab_fold_aware_refined_search,258
0.0,0.0,0.0,0.0,unseen_data,SKAB,fold_2,42,5,4,probabilistic_suffix_tree,2,1,0.5,0.9,106,303,641,0.019957656142972787,skab_fold_aware_refined_search,258
0.3617021276595745,0.3617021276595745,1.0,0.53125,original,SKAB,fold_3,42,5,4,probabilistic_suffix_tree,2,1,0.5,0.9,105,298,628,0.02007031000319591,skab_fold_aware_refined_search,258
0.3617021276595745,0.3617021276595745,1.0,0.53125,gaussian_noise,SKAB,fold_3,42,5,4,probabilistic_suffix_tree,2,1,0.5,0.9,105,298,628,0.02007031000319591,skab_fold_aware_refined_search,258
0.0,0.0,0.0,0.0,unseen_data,SKAB,fold_3,42,5,4,probabilistic_suffix_tree,2,1,0.5,0.9,105,298,628,0.02007031000319591,skab_fold_aware_refined_search,258
0.3518728717366629,0.3018292682926829,0.6366559485530546,0.4095139607032058,original,SKAB,fold_4,42,5,4,probabilistic_suffix_tree,2,1,0.5,0.9,103,293,616,0.020411544451439743,skab_fold_aware_refined_search,258
0.3518728717366629,0.3018292682926829,0.6366559485530546,0.4095139607032058,gaussian_noise,SKAB,fold_4,42,5,4,probabilistic_suffix_tree,2,1,0.5,0.9,103,293,616,0.020411544451439743,skab_fold_aware_refined_search,258
0.2,0.2,1.0,0.3333333333333333,unseen_data,SKAB,fold_4,42,5,4,probabilistic_suffix_tree,2,1,0.5,0.9,103,293,616,0.020411544451439743,skab_fold_aware_refined_search,258
0.44629014396456257,0.3983152827918171,1.0,0.5697074010327022,original,SKAB,fold_5,42,5,4,probabilistic_suffix_tree,2,1,0.5,0.9,103,287,589,0.01992490105206184,skab_fold_aware_refined_search,258
0.44739756367663347,0.39879518072289155,1.0,0.570198105081826,gaussian_noise,SKAB,fold_5,42,5,4,probabilistic_suffix_tree,2,1,0.5,0.9,103,287,589,0.01992490105206184,skab_fold_aware_refined_search,258
0.3472222222222222,0.3472222222222222,1.0,0.5154639175257731,unseen_data,SKAB,fold_5,42,5,4,probabilistic_suffix_tree,2,1,0.5,0.9,103,287,589,0.01992490105206184,skab_fold_aware_refined_search,258
0.6376811594202898,0.49838187702265374,0.47530864197530864,0.48657187993680884,original,SKAB,fold_1,42,5,4,probabilistic_suffix_tree,2,2,0.1,0.5,117,329,687,0.01784740082612423,skab_fold_aware_refined_search,259
0.6432552954292085,0.5064102564102564,0.4876543209876543,0.4968553459119497,gaussian_noise,SKAB,fold_1,42,5,4,probabilistic_suffix_tree,2,2,0.1,0.5,117,329,687,0.01784740082612423,skab_fold_aware_refined_search,259
0.0,0.0,0.0,0.0,unseen_data,SKAB,fold_1,42,5,4,probabilistic_suffix_tree,2,2,0.1,0.5,117,329,687,0.01784740082612423,skab_fold_aware_refined_search,259
0.6898096304591266,0.583969465648855,0.4766355140186916,0.5248713550600344,original,SKAB,fold_2,42,5,4,probabilistic_suffix_tree,2,2,0.1,0.5,106,303,641,0.019957656142972787,skab_fold_aware_refined_search,259
0.683090705487122,0.5714285714285714,0.4735202492211838,0.5178875638841567,gaussian_noise,SKAB,fold_2,42,5,4,probabilistic_suffix_tree,2,2,0.1,0.5,106,303,641,0.019957656142972787,skab_fold_aware_refined_search,259
0.0,0.0,0.0,0.0,unseen_data,SKAB,fold_2,42,5,4,probabilistic_suffix_tree,2,2,0.1,0.5,106,303,641,0.019957656142972787,skab_fold_aware_refined_search,259
0.568868980963046,0.42401960784313725,0.5356037151702786,0.47332421340629277,original,SKAB,fold_3,42,5,4,probabilistic_suffix_tree,2,2,0.1,0.5,105,298,628,0.02007031000319591,skab_fold_aware_refined_search,259
0.6024636058230683,0.4609756097560976,0.5851393188854489,0.5156889495225102,gaussian_noise,SKAB,fold_3,42,5,4,probabilistic_suffix_tree,2,2,0.1,0.5,105,298,628,0.02007031000319591,skab_fold_aware_refined_search,259
0.0,0.0,0.0,0.0,unseen_data,SKAB,fold_3,42,5,4,probabilistic_suffix_tree,2,2,0.1,0.5,105,298,628,0.02007031000319591,skab_fold_aware_refined_search,259
0.5175936435868331,0.2978723404255319,0.27009646302250806,0.28330522765598654,original,SKAB,fold_4,42,5,4,probabilistic_suffix_tree,2,2,0.1,0.5,103,293,616,0.020411544451439743,skab_fold_aware_refined_search,259
0.5119182746878547,0.28044280442804426,0.24437299035369775,0.2611683848797251,gaussian_noise,SKAB,fold_4,42,5,4,probabilistic_suffix_tree,2,2,0.1,0.5,103,293,616,0.020411544451439743,skab_fold_aware_refined_search,259
0.2,0.2,1.0,0.3333333333333333,unseen_data,SKAB,fold_4,42,5,4,probabilistic_suffix_tree,2,2,0.1,0.5,103,293,616,0.020411544451439743,skab_fold_aware_refined_search,259
0.5625692137320044,0.4483870967741935,0.8398791540785498,0.5846477392218717,original,SKAB,fold_5,42,5,4,probabilistic_suffix_tree,2,2,0.1,0.5,103,287,589,0.01992490105206184,skab_fold_aware_refined_search,259
0.5548172757475083,0.4437400950871632,0.8459214501510574,0.5821205821205822,gaussian_noise,SKAB,fold_5,42,5,4,probabilistic_suffix_tree,2,2,0.1,0.5,103,287,589,0.01992490105206184,skab_fold_aware_refined_search,259
0.3472222222222222,0.34285714285714286,0.96,0.5052631578947369,unseen_data,SKAB,fold_5,42,5,4,probabilistic_suffix_tree,2,2,0.1,0.5,103,287,589,0.01992490105206184,skab_fold_aware_refined_search,259
0.6298773690078038,0.4898989898989899,0.5987654320987654,0.5388888888888889,original,SKAB,fold_1,42,5,4,probabilistic_suffix_tree,2,2,0.1,0.7,117,329,687,0.01784740082612423,skab_fold_aware_refined_search,260
0.6321070234113713,0.4925,0.6080246913580247,0.5441988950276243,gaussian_noise,SKAB,fold_1,42,5,4,probabilistic_suffix_tree,2,2,0.1,0.7,117,329,687,0.01784740082612423,skab_fold_aware_refined_search,260
0.0,0.0,0.0,0.0,unseen_data,SKAB,fold_1,42,5,4,probabilistic_suffix_tree,2,2,0.1,0.7,117,329,687,0.01784740082612423,skab_fold_aware_refined_search,260
0.671892497200448,0.54,0.5887850467289719,0.563338301043219,original,SKAB,fold_2,42,5,4,probabilistic_suffix_tree,2,2,0.1,0.7,106,303,641,0.019957656142972787,skab_fold_aware_refined_search,260
0.6730123180291153,0.5410764872521246,0.5950155763239875,0.5667655786350149,gaussian_noise,SKAB,fold_2,42,5,4,probabilistic_suffix_tree,2,2,0.1,0.7,106,303,641,0.019957656142972787,skab_fold_aware_refined_search,260
0.0,0.0,0.0,0.0,unseen_data,SKAB,fold_2,42,5,4,probabilistic_suffix_tree,2,2,0.1,0.7,106,303,641,0.019957656142972787,skab_fold_aware_refined_search,260
0.58006718924972,0.4451476793248945,0.653250773993808,0.5294855708908407,original,SKAB,fold_3,42,5,4,probabilistic_suffix_tree,2,2,0.1,0.7,105,298,628,0.02007031000319591,skab_fold_aware_refined_search,260
0.6091825307950728,0.4731404958677686,0.7089783281733746,0.5675340768277571,gaussian_noise,SKAB,fold_3,42,5,4,probabilistic_suffix_tree,2,2,0.1,0.7,105,298,628,0.02007031000319591,skab_fold_aware_refined_search,260
0.0,0.0,0.0,0.0,unseen_data,SKAB,fold_3,42,5,4,probabilistic_suffix_tree,2,2,0.1,0.7,105,298,628,0.02007031000319591,skab_fold_aware_refined_search,260
0.4858115777525539,0.30386740331491713,0.3536977491961415,0.32689450222882616,original,SKAB,fold_4,42,5,4,probabilistic_suffix_tree,2,2,0.1,0.7,103,293,616,0.020411544451439743,skab_fold_aware_refined_search,260
0.46878547105561863,0.28254847645429365,0.3279742765273312,0.30357142857142855,gaussian_noise,SKAB,fold_4,42,5,4,probabilistic_suffix_tree,2,2,0.1,0.7,103,293,616,0.020411544451439743,skab_fold_aware_refined_search,260
0.2,0.2,1.0,0.3333333333333333,unseen_data,SKAB,fold_4,42,5,4,probabilistic_suffix_tree,2,2,0.1,0.7,103,293,616,0.020411544451439743,skab_fold_aware_refined_search,260
0.5326688815060908,0.4319880418535127,0.8731117824773413,0.578,original,SKAB,fold_5,42,5,4,probabilistic_suffix_tree,2,2,0.1,0.7,103,287,589,0.01992490105206184,skab_fold_aware_refined_search,260
0.530454042081949,0.4307004470938897,0.8731117824773413,0.5768463073852296,gaussian_noise,SKAB,fold_5,42,5,4,probabilistic_suffix_tree,2,2,0.1,0.7,103,287,589,0.01992490105206184,skab_fold_aware_refined_search,260
0.3472222222222222,0.3472222222222222,1.0,0.5154639175257731,unseen_data,SKAB,fold_5,42,5,4,probabilistic_suffix_tree,2,2,0.1,0.7,103,287,589,0.01992490105206184,skab_fold_aware_refined_search,260
0.4659977703455964,0.3572744014732965,0.5987654320987654,0.447520184544406,original,SKAB,fold_1,42,5,4,probabilistic_suffix_tree,2,2,0.1,0.9,117,329,687,0.01784740082612423,skab_fold_aware_refined_search,261
0.4693422519509476,0.3608058608058608,0.6080246913580247,0.4528735632183908,gaussian_noise,SKAB,fold_1,42,5,4,probabilistic_suffix_tree,2,2,0.1,0.9,117,329,687,0.01784740082612423,skab_fold_aware_refined_search,261
0.0,0.0,0.0,0.0,unseen_data,SKAB,fold_1,42,5,4,probabilistic_suffix_tree,2,2,0.1,0.9,117,329,687,0.01784740082612423,skab_fold_aware_refined_search,261
0.5778275475923852,0.45302013422818793,0.8411214953271028,0.5888767720828789,original,SKAB,fold_2,42,5,4,probabilistic_suffix_tree,2,2,0.1,0.9,106,303,641,0.019957656142972787,skab_fold_aware_refined_search,261
0.5767077267637178,0.45226130653266333,0.8411214953271028,0.5882352941176471,gaussian_noise,SKAB,fold_2,42,5,4,probabilistic_suffix_tree,2,2,0.1,0.9,106,303,641,0.019957656142972787,skab_fold_aware_refined_search,261
0.0,0.0,0.0,0.0,unseen_data,SKAB,fold_2,42,5,4,probabilistic_suffix_tree,2,2,0.1,0.9,106,303,641,0.019957656142972787,skab_fold_aware_refined_search,261
0.5296752519596865,0.41535776614310643,0.7368421052631579,0.53125,original,SKAB,fold_3,42,5,4,probabilistic_suffix_tree,2,2,0.1,0.9,105,298,628,0.02007031000319591,skab_fold_aware_refined_search,261
0.5431131019036954,0.42735042735042733,0.7739938080495357,0.5506607929515418,gaussian_noise,SKAB,fold_3,42,5,4,probabilistic_suffix_tree,2,2,0.1,0.9,105,298,628,0.02007031000319591,skab_fold_aware_refined_search,261
0.0,0.0,0.0,0.0,unseen_data,SKAB,fold_3,42,5,4,probabilistic_suffix_tree,2,2,0.1,0.9,105,298,628,0.02007031000319591,skab_fold_aware_refined_search,261
0.46878547105561863,0.3527204502814259,0.6045016077170418,0.44549763033175355,original,SKAB,fold_4,42,5,4,probabilistic_suffix_tree,2,2,0.1,0.9,103,293,616,0.020411544451439743,skab_fold_aware_refined_search,261
0.46651532349602726,0.3502824858757062,0.5980707395498392,0.4418052256532066,gaussian_noise,SKAB,fold_4,42,5,4,probabilistic_suffix_tree,2,2,0.1,0.9,103,293,616,0.020411544451439743,skab_fold_aware_refined_search,261
0.2,0.2,1.0,0.3333333333333333,unseen_data,SKAB,fold_4,42,5,4,probabilistic_suffix_tree,2,2,0.1,0.9,103,293,616,0.020411544451439743,skab_fold_aware_refined_search,261
0.5459579180509413,0.44283646888567296,0.9244712990936556,0.598825831702544,original,SKAB,fold_5,42,5,4,probabilistic_suffix_tree,2,2,0.1,0.9,103,287,589,0.01992490105206184,skab_fold_aware_refined_search,261
0.5426356589147286,0.4405797101449275,0.918429003021148,0.5954946131243879,gaussian_noise,SKAB,fold_5,42,5,4,probabilistic_suffix_tree,2,2,0.1,0.9,103,287,589,0.01992490105206184,skab_fold_aware_refined_search,261
0.3472222222222222,0.3472222222222222,1.0,0.5154639175257731,unseen_data,SKAB,fold_5,42,5,4,probabilistic_suffix_tree,2,2,0.1,0.9,103,287,589,0.01992490105206184,skab_fold_aware_refined_search,261
0.6298773690078038,0.4898989898989899,0.5987654320987654,0.5388888888888889,original,SKAB,fold_1,42,5,4,probabilistic_suffix_tree,2,2,0.5,0.5,117,329,687,0.01784740082612423,skab_fold_aware_refined_search,262
0.6321070234113713,0.4925,0.6080246913580247,0.5441988950276243,gaussian_noise,SKAB,fold_1,42,5,4,probabilistic_suffix_tree,2,2,0.5,0.5,117,329,687,0.01784740082612423,skab_fold_aware_refined_search,262
0.0,0.0,0.0,0.0,unseen_data,SKAB,fold_1,42,5,4,probabilistic_suffix_tree,2,2,0.5,0.5,117,329,687,0.01784740082612423,skab_fold_aware_refined_search,262
0.671892497200448,0.5380434782608695,0.616822429906542,0.5747460087082729,original,SKAB,fold_2,42,5,4,probabilistic_suffix_tree,2,2,0.5,0.5,106,303,641,0.019957656142972787,skab_fold_aware_refined_search,262
0.671892497200448,0.5378378378378378,0.6199376947040498,0.5759768451519537,gaussian_noise,SKAB,fold_2,42,5,4,probabilistic_suffix_tree,2,2,0.5,0.5,106,303,641,0.019957656142972787,skab_fold_aware_refined_search,262
0.0,0.0,0.0,0.0,unseen_data,SKAB,fold_2,42,5,4,probabilistic_suffix_tree,2,2,0.5,0.5,106,303,641,0.019957656142972787,skab_fold_aware_refined_search,262
0.58006718924972,0.4451476793248945,0.653250773993808,0.5294855708908407,original,SKAB,fold_3,42,5,4,probabilistic_suffix_tree,2,2,0.5,0.5,105,298,628,0.02007031000319591,skab_fold_aware_refined_search,262
0.6091825307950728,0.4731404958677686,0.7089783281733746,0.5675340768277571,gaussian_noise,SKAB,fold_3,42,5,4,probabilistic_suffix_tree,2,2,0.5,0.5,105,298,628,0.02007031000319591,skab_fold_aware_refined_search,262
0.0,0.0,0.0,0.0,unseen_data,SKAB,fold_3,42,5,4,probabilistic_suffix_tree,2,2,0.5,0.5,105,298,628,0.02007031000319591,skab_fold_aware_refined_search,262
0.4858115777525539,0.3081081081081081,0.3665594855305466,0.33480176211453744,original,SKAB,fold_4,42,5,4,probabilistic_suffix_tree,2,2,0.5,0.5,103,293,616,0.020411544451439743,skab_fold_aware_refined_search,262
0.4699205448354143,0.2891891891891892,0.3440514469453376,0.3142437591776799,gaussian_noise,SKAB,fold_4,42,5,4,probabilistic_suffix_tree,2,2,0.5,0.5,103,293,616,0.020411544451439743,skab_fold_aware_refined_search,262
0.2,0.2,1.0,0.3333333333333333,unseen_data,SKAB,fold_4,42,5,4,probabilistic_suffix_tree,2,2,0.5,0.5,103,293,616,0.020411544451439743,skab_fold_aware_refined_search,262
0.5282392026578073,0.4294205052005943,0.8731117824773413,0.5756972111553785,original,SKAB,fold_5,42,5,4,probabilistic_suffix_tree,2,2,0.5,0.5,103,287,589,0.01992490105206184,skab_fold_aware_refined_search,262
0.5271317829457365,0.4287833827893175,0.8731117824773413,0.5751243781094527,gaussian_noise,SKAB,fold_5,42,5,4,probabilistic_suffix_tree,2,2,0.5,0.5,103,287,589,0.01992490105206184,skab_fold_aware_refined_search,262
0.3472222222222222,0.3472222222222222,1.0,0.5154639175257731,unseen_data,SKAB,fold_5,42,5,4,probabilistic_suffix_tree,2,2,0.5,0.5,103,287,589,0.01992490105206184,skab_fold_aware_refined_search,262
0.5808249721293199,0.4409090909090909,0.5987654320987654,0.5078534031413613,original,SKAB,fold_1,42,5,4,probabilistic_suffix_tree,2,2,0.5,0.7,117,329,687,0.01784740082612423,skab_fold_aware_refined_search,263
0.5852842809364549,0.4457013574660634,0.6080246913580247,0.5143603133159269,gaussian_noise,SKAB,fold_1,42,5,4,probabilistic_suffix_tree,2,2,0.5,0.7,117,329,687,0.01784740082612423,skab_fold_aware_refined_search,263
0.0,0.0,0.0,0.0,unseen_data,SKAB,fold_1,42,5,4,probabilistic_suffix_tree,2,2,0.5,0.7,117,329,687,0.01784740082612423,skab_fold_aware_refined_search,263
0.671892497200448,0.5380434782608695,0.616822429906542,0.5747460087082729,original,SKAB,fold_2,42,5,4,probabilistic_suffix_tree,2,2,0.5,0.7,106,303,641,0.019957656142972787,skab_fold_aware_refined_search,263
0.671892497200448,0.5378378378378378,0.6199376947040498,0.5759768451519537,gaussian_noise,SKAB,fold_2,42,5,4,probabilistic_suffix_tree,2,2,0.5,0.7,106,303,641,0.019957656142972787,skab_fold_aware_refined_search,263
0.0,0.0,0.0,0.0,unseen_data,SKAB,fold_2,42,5,4,probabilistic_suffix_tree,2,2,0.5,0.7,106,303,641,0.019957656142972787,skab_fold_aware_refined_search,263
0.58006718924972,0.4451476793248945,0.653250773993808,0.5294855708908407,original,SKAB,fold_3,42,5,4,probabilistic_suffix_tree,2,2,0.5,0.7,105,298,628,0.02007031000319591,skab_fold_aware_refined_search,263
0.6091825307950728,0.4731404958677686,0.7089783281733746,0.5675340768277571,gaussian_noise,SKAB,fold_3,42,5,4,probabilistic_suffix_tree,2,2,0.5,0.7,105,298,628,0.02007031000319591,skab_fold_aware_refined_search,263
0.0,0.0,0.0,0.0,unseen_data,SKAB,fold_3,42,5,4,probabilistic_suffix_tree,2,2,0.5,0.7,105,298,628,0.02007031000319591,skab_fold_aware_refined_search,263
0.4858115777525539,0.3081081081081081,0.3665594855305466,0.33480176211453744,original,SKAB,fold_4,42,5,4,probabilistic_suffix_tree,2,2,0.5,0.7,103,293,616,0.020411544451439743,skab_fold_aware_refined_search,263
0.4699205448354143,0.2891891891891892,0.3440514469453376,0.3142437591776799,gaussian_noise,SKAB,fold_4,42,5,4,probabilistic_suffix_tree,2,2,0.5,0.7,103,293,616,0.020411544451439743,skab_fold_aware_refined_search,263
0.2,0.2,1.0,0.3333333333333333,unseen_data,SKAB,fold_4,42,5,4,probabilistic_suffix_tree,2,2,0.5,0.7,103,293,616,0.020411544451439743,skab_fold_aware_refined_search,263
0.5459579180509413,0.44283646888567296,0.9244712990936556,0.598825831702544,original,SKAB,fold_5,42,5,4,probabilistic_suffix_tree,2,2,0.5,0.7,103,287,589,0.01992490105206184,skab_fold_aware_refined_search,263
0.5426356589147286,0.4405797101449275,0.918429003021148,0.5954946131243879,gaussian_noise,SKAB,fold_5,42,5,4,probabilistic_suffix_tree,2,2,0.5,0.7,103,287,589,0.01992490105206184,skab_fold_aware_refined_search,263
0.3472222222222222,0.3472222222222222,1.0,0.5154639175257731,unseen_data,SKAB,fold_5,42,5,4,probabilistic_suffix_tree,2,2,0.5,0.7,103,287,589,0.01992490105206184,skab_fold_aware_refined_search,263
0.6109253065774805,0.4814264487369985,1.0,0.649949849548646,original,SKAB,fold_1,42,5,4,probabilistic_suffix_tree,2,2,0.5,0.9,117,329,687,0.01784740082612423,skab_fold_aware_refined_search,264
0.6109253065774805,0.4814264487369985,1.0,0.649949849548646,gaussian_noise,SKAB,fold_1,42,5,4,probabilistic_suffix_tree,2,2,0.5,0.9,117,329,687,0.01784740082612423,skab_fold_aware_refined_search,264
0.0,0.0,0.0,0.0,unseen_data,SKAB,fold_1,42,5,4,probabilistic_suffix_tree,2,2,0.5,0.9,117,329,687,0.01784740082612423,skab_fold_aware_refined_search,264
0.3594624860022396,0.3594624860022396,1.0,0.528830313014827,original,SKAB,fold_2,42,5,4,probabilistic_suffix_tree,2,2,0.5,0.9,106,303,641,0.019957656142972787,skab_fold_aware_refined_search,264
0.3594624860022396,0.3594624860022396,1.0,0.528830313014827,gaussian_noise,SKAB,fold_2,42,5,4,probabilistic_suffix_tree,2,2,0.5,0.9,106,303,641,0.019957656142972787,skab_fold_aware_refined_search,264
0.0,0.0,0.0,0.0,unseen_data,SKAB,fold_2,42,5,4,probabilistic_suffix_tree,2,2,0.5,0.9,106,303,641,0.019957656142972787,skab_fold_aware_refined_search,264
0.3617021276595745,0.3617021276595745,1.0,0.53125,original,SKAB,fold_3,42,5,4,probabilistic_suffix_tree,2,2,0.5,0.9,105,298,628,0.02007031000319591,skab_fold_aware_refined_search,264
0.3617021276595745,0.3617021276595745,1.0,0.53125,gaussian_noise,SKAB,fold_3,42,5,4,probabilistic_suffix_tree,2,2,0.5,0.9,105,298,628,0.02007031000319591,skab_fold_aware_refined_search,264
0.0,0.0,0.0,0.0,unseen_data,SKAB,fold_3,42,5,4,probabilistic_suffix_tree,2,2,0.5,0.9,105,298,628,0.02007031000319591,skab_fold_aware_refined_search,264
0.3518728717366629,0.3018292682926829,0.6366559485530546,0.4095139607032058,original,SKAB,fold_4,42,5,4,probabilistic_suffix_tree,2,2,0.5,0.9,103,293,616,0.020411544451439743,skab_fold_aware_refined_search,264
0.3518728717366629,0.3018292682926829,0.6366559485530546,0.4095139607032058,gaussian_noise,SKAB,fold_4,42,5,4,probabilistic_suffix_tree,2,2,0.5,0.9,103,293,616,0.020411544451439743,skab_fold_aware_refined_search,264
0.2,0.2,1.0,0.3333333333333333,unseen_data,SKAB,fold_4,42,5,4,probabilistic_suffix_tree,2,2,0.5,0.9,103,293,616,0.020411544451439743,skab_fold_aware_refined_search,264
0.44629014396456257,0.3983152827918171,1.0,0.5697074010327022,original,SKAB,fold_5,42,5,4,probabilistic_suffix_tree,2,2,0.5,0.9,103,287,589,0.01992490105206184,skab_fold_aware_refined_search,264
0.44739756367663347,0.39879518072289155,1.0,0.570198105081826,gaussian_noise,SKAB,fold_5,42,5,4,probabilistic_suffix_tree,2,2,0.5,0.9,103,287,589,0.01992490105206184,skab_fold_aware_refined_search,264
0.3472222222222222,0.3472222222222222,1.0,0.5154639175257731,unseen_data,SKAB,fold_5,42,5,4,probabilistic_suffix_tree,2,2,0.5,0.9,103,287,589,0.01992490105206184,skab_fold_aware_refined_search,264
0.6354515050167224,0.4956268221574344,0.5246913580246914,0.5097451274362819,original,SKAB,fold_1,42,5,4,probabilistic_suffix_tree,3,1,0.1,0.5,117,688,1230,0.01528026237328563,skab_fold_aware_refined_search,265
0.6432552954292085,0.5058479532163743,0.5339506172839507,0.5195195195195195,gaussian_noise,SKAB,fold_1,42,5,4,probabilistic_suffix_tree,3,1,0.1,0.5,117,688,1230,0.01528026237328563,skab_fold_aware_refined_search,265
0.0,0.0,0.0,0.0,unseen_data,SKAB,fold_1,42,5,4,probabilistic_suffix_tree,3,1,0.1,0.5,117,688,1230,0.01528026237328563,skab_fold_aware_refined_search,265
0.6819708846584547,0.557632398753894,0.557632398753894,0.557632398753894,original,SKAB,fold_2,42,5,4,probabilistic_suffix_tree,3,1,0.1,0.5,106,642,1165,0.01711926174102157,skab_fold_aware_refined_search,265
0.6786114221724524,0.5534591194968553,0.5482866043613707,0.5508607198748043,gaussian_noise,SKAB,fold_2,42,5,4,probabilistic_suffix_tree,3,1,0.1,0.5,106,642,1165,0.01711926174102157,skab_fold_aware_refined_search,265
0.0,0.0,0.0,0.0,unseen_data,SKAB,fold_2,42,5,4,probabilistic_suffix_tree,3,1,0.1,0.5,106,642,1165,0.01711926174102157,skab_fold_aware_refined_search,265
0.5722284434490481,0.4328018223234624,0.5882352941176471,0.49868766404199477,original,SKAB,fold_3,42,5,4,probabilistic_suffix_tree,3,1,0.1,0.5,105,629,1139,0.017245817245817245,skab_fold_aware_refined_search,265
0.6058230683090705,0.46697038724373574,0.6346749226006192,0.5380577427821522,gaussian_noise,SKAB,fold_3,42,5,4,probabilistic_suffix_tree,3,1,0.1,0.5,105,629,1139,0.017245817245817245,skab_fold_aware_refined_search,265
0.0,0.0,0.0,0.0,unseen_data,SKAB,fold_3,42,5,4,probabilistic_suffix_tree,3,1,0.1,0.5,105,629,1139,0.017245817245817245,skab_fold_aware_refined_search,265
0.5051078320090806,0.30407523510971785,0.31189710610932475,0.30793650793650795,original,SKAB,fold_4,42,5,4,probabilistic_suffix_tree,3,1,0.1,0.5,103,617,1115,0.017544963887271642,skab_fold_aware_refined_search,265
0.4960272417707151,0.28753993610223644,0.28938906752411575,0.28846153846153844,gaussian_noise,SKAB,fold_4,42,5,4,probabilistic_suffix_tree,3,1,0.1,0.5,103,617,1115,0.017544963887271642,skab_fold_aware_refined_search,265
0.2,0.2,1.0,0.3333333333333333,unseen_data,SKAB,fold_4,42,5,4,probabilistic_suffix_tree,3,1,0.1,0.5,103,617,1115,0.017544963887271642,skab_fold_aware_refined_search,265
0.5603543743078627,0.4492307692307692,0.8821752265861027,0.5953109072375128,original,SKAB,fold_5,42,5,4,probabilistic_suffix_tree,3,1,0.1,0.5,103,590,1050,0.017278262300477208,skab_fold_aware_refined_search,265
0.5514950166112956,0.44359756097560976,0.879154078549849,0.5896656534954408,gaussian_noise,SKAB,fold_5,42,5,4,probabilistic_suffix_tree,3,1,0.1,0.5,103,590,1050,0.017278262300477208,skab_fold_aware_refined_search,265
0.3472222222222222,0.34285714285714286,0.96,0.5052631578947369,unseen_data,SKAB,fold_5,42,5,4,probabilistic_suffix_tree,3,1,0.1,0.5,103,590,1050,0.017278262300477208,skab_fold_aware_refined_search,265
0.6231884057971014,0.4834123222748815,0.6296296296296297,0.546916890080429,original,SKAB,fold_1,42,5,4,probabilistic_suffix_tree,3,1,0.1,0.7,117,688,1230,0.01528026237328563,skab_fold_aware_refined_search,266
0.6254180602006689,0.4858490566037736,0.6358024691358025,0.5508021390374331,gaussian_noise,SKAB,fold_1,42,5,4,probabilistic_suffix_tree,3,1,0.1,0.7,117,688,1230,0.01528026237328563,skab_fold_aware_refined_search,266
0.0,0.0,0.0,0.0,unseen_data,SKAB,fold_1,42,5,4,probabilistic_suffix_tree,3,1,0.1,0.7,117,688,1230,0.01528026237328563,skab_fold_aware_refined_search,266
0.6696528555431132,0.5328282828282829,0.6573208722741433,0.5885634588563459,original,SKAB,fold_2,42,5,4,probabilistic_suffix_tree,3,1,0.1,0.7,106,642,1165,0.01711926174102157,skab_fold_aware_refined_search,266
0.6674132138857782,0.53,0.660436137071651,0.5880721220527045,gaussian_noise,SKAB,fold_2,42,5,4,probabilistic_suffix_tree,3,1,0.1,0.7,106,642,1165,0.01711926174102157,skab_fold_aware_refined_search,266
0.0,0.0,0.0,0.0,unseen_data,SKAB,fold_2,42,5,4,probabilistic_suffix_tree,3,1,0.1,0.7,106,642,1165,0.01711926174102157,skab_fold_aware_refined_search,266
0.58006718924972,0.4475806451612903,0.6873065015479877,0.5421245421245421,original,SKAB,fold_3,42,5,4,probabilistic_suffix_tree,3,1,0.1,0.7,105,629,1139,0.017245817245817245,skab_fold_aware_refined_search,266
0.6103023516237402,0.47534516765285995,0.7461300309597523,0.5807228915662651,gaussian_noise,SKAB,fold_3,42,5,4,probabilistic_suffix_tree,3,1,0.1,0.7,105,629,1139,0.017245817245817245,skab_fold_aware_refined_search,266
0.0,0.0,0.0,0.0,unseen_data,SKAB,fold_3,42,5,4,probabilistic_suffix_tree,3,1,0.1,0.7,105,629,1139,0.017245817245817245,skab_fold_aware_refined_search,266
0.48127128263337116,0.31088082901554404,0.3858520900321543,0.34433285509325684,original,SKAB,fold_4,42,5,4,probabilistic_suffix_tree,3,1,0.1,0.7,103,617,1115,0.017544963887271642,skab_fold_aware_refined_search,266
0.46651532349602726,0.29457364341085274,0.3665594855305466,0.32664756446991405,gaussian_noise,SKAB,fold_4,42,5,4,probabilistic_suffix_tree,3,1,0.1,0.7,103,617,1115,0.017544963887271642,skab_fold_aware_refined_search,266
0.2,0.2,1.0,0.3333333333333333,unseen_data,SKAB,fold_4,42,5,4,probabilistic_suffix_tree,3,1,0.1,0.7,103,617,1115,0.017544963887271642,skab_fold_aware_refined_search,266
0.5238095238095238,0.4295874822190612,0.9123867069486404,0.5841392649903289,original,SKAB,fold_5,42,5,4,probabilistic_suffix_tree,3,1,0.1,0.7,103,590,1050,0.017278262300477208,skab_fold_aware_refined_search,266
0.5282392026578073,0.43204577968526464,0.9123867069486404,0.5864077669902913,gaussian_noise,SKAB,fold_5,42,5,4,probabilistic_suffix_tree,3,1,0.1,0.7,103,590,1050,0.017278262300477208,skab_fold_aware_refined_search,266
0.3472222222222222,0.3472222222222222,1.0,0.5154639175257731,unseen_data,SKAB,fold_5,42,5,4,probabilistic_suffix_tree,3,1,0.1,0.7,103,590,1050,0.017278262300477208,skab_fold_aware_refined_search,266
0.47714604236343366,0.3688969258589512,0.6296296296296297,0.4652223489167617,original,SKAB,fold_1,42,5,4,probabilistic_suffix_tree,3,1,0.1,0.9,117,688,1230,0.01528026237328563,skab_fold_aware_refined_search,267
0.4793756967670011,0.37117117117117115,0.6358024691358025,0.46871444823663255,gaussian_noise,SKAB,fold_1,42,5,4,probabilistic_suffix_tree,3,1,0.1,0.9,117,688,1230,0.01528026237328563,skab_fold_aware_refined_search,267
0.0,0.0,0.0,0.0,unseen_data,SKAB,fold_1,42,5,4,probabilistic_suffix_tree,3,1,0.1,0.9,117,688,1230,0.01528026237328563,skab_fold_aware_refined_search,267
0.6685330347144457,0.5314861460957179,0.6573208722741433,0.5877437325905293,original,SKAB,fold_2,42,5,4,probabilistic_suffix_tree,3,1,0.1,0.9,106,642,1165,0.01711926174102157,skab_fold_aware_refined_search,267
0.6662933930571109,0.5286783042394015,0.660436137071651,0.5872576177285319,gaussian_noise,SKAB,fold_2,42,5,4,probabilistic_suffix_tree,3,1,0.1,0.9,106,642,1165,0.01711926174102157,skab_fold_aware_refined_search,267
0.0,0.0,0.0,0.0,unseen_data,SKAB,fold_2,42,5,4,probabilistic_suffix_tree,3,1,0.1,0.9,106,642,1165,0.01711926174102157,skab_fold_aware_refined_search,267
0.58006718924972,0.4475806451612903,0.6873065015479877,0.5421245421245421,original,SKAB,fold_3,42,5,4,probabilistic_suffix_tree,3,1,0.1,0.9,105,629,1139,0.017245817245817245,skab_fold_aware_refined_search,267
0.6103023516237402,0.47534516765285995,0.7461300309597523,0.5807228915662651,gaussian_noise,SKAB,fold_3,42,5,4,probabilistic_suffix_tree,3,1,0.1,0.9,105,629,1139,0.017245817245817245,skab_fold_aware_refined_search,267
0.0,0.0,0.0,0.0,unseen_data,SKAB,fold_3,42,5,4,probabilistic_suffix_tree,3,1,0.1,0.9,105,629,1139,0.017245817245817245,skab_fold_aware_refined_search,267
0.46878547105561863,0.3538175046554935,0.6109324758842444,0.4481132075471698,original,SKAB,fold_4,42,5,4,probabilistic_suffix_tree,3,1,0.1,0.9,103,617,1115,0.017544963887271642,skab_fold_aware_refined_search,267
0.46651532349602726,0.3514018691588785,0.6045016077170418,0.4444444444444444,gaussian_noise,SKAB,fold_4,42,5,4,probabilistic_suffix_tree,3,1,0.1,0.9,103,617,1115,0.017544963887271642,skab_fold_aware_refined_search,267
0.2,0.2,1.0,0.3333333333333333,unseen_data,SKAB,fold_4,42,5,4,probabilistic_suffix_tree,3,1,0.1,0.9,103,617,1115,0.017544963887271642,skab_fold_aware_refined_search,267
0.5337763012181617,0.43679775280898875,0.9395770392749244,0.5963566634707574,original,SKAB,fold_5,42,5,4,probabilistic_suffix_tree,3,1,0.1,0.9,103,590,1050,0.017278262300477208,skab_fold_aware_refined_search,267
0.5359911406423035,0.4376770538243626,0.9335347432024169,0.5959498553519769,gaussian_noise,SKAB,fold_5,42,5,4,probabilistic_suffix_tree,3,1,0.1,0.9,103,590,1050,0.017278262300477208,skab_fold_aware_refined_search,267
0.3472222222222222,0.3472222222222222,1.0,0.5154639175257731,unseen_data,SKAB,fold_5,42,5,4,probabilistic_suffix_tree,3,1,0.1,0.9,103,590,1050,0.017278262300477208,skab_fold_aware_refined_search,267
0.6231884057971014,0.4834123222748815,0.6296296296296297,0.546916890080429,original,SKAB,fold_1,42,5,4,probabilistic_suffix_tree,3,1,0.5,0.5,117,688,1230,0.01528026237328563,skab_fold_aware_refined_search,268
0.6254180602006689,0.4858490566037736,0.6358024691358025,0.5508021390374331,gaussian_noise,SKAB,fold_1,42,5,4,probabilistic_suffix_tree,3,1,0.5,0.5,117,688,1230,0.01528026237328563,skab_fold_aware_refined_search,268
0.0,0.0,0.0,0.0,unseen_data,SKAB,fold_1,42,5,4,probabilistic_suffix_tree,3,1,0.5,0.5,117,688,1230,0.01528026237328563,skab_fold_aware_refined_search,268
0.6685330347144457,0.5314861460957179,0.6573208722741433,0.5877437325905293,original,SKAB,fold_2,42,5,4,probabilistic_suffix_tree,3,1,0.5,0.5,106,642,1165,0.01711926174102157,skab_fold_aware_refined_search,268
0.6662933930571109,0.5286783042394015,0.660436137071651,0.5872576177285319,gaussian_noise,SKAB,fold_2,42,5,4,probabilistic_suffix_tree,3,1,0.5,0.5,106,642,1165,0.01711926174102157,skab_fold_aware_refined_search,268
0.0,0.0,0.0,0.0,unseen_data,SKAB,fold_2,42,5,4,probabilistic_suffix_tree,3,1,0.5,0.5,106,642,1165,0.01711926174102157,skab_fold_aware_refined_search,268
0.58006718924972,0.4475806451612903,0.6873065015479877,0.5421245421245421,original,SKAB,fold_3,42,5,4,probabilistic_suffix_tree,3,1,0.5,0.5,105,629,1139,0.017245817245817245,skab_fold_aware_refined_search,268
0.6103023516237402,0.47534516765285995,0.7461300309597523,0.5807228915662651,gaussian_noise,SKAB,fold_3,42,5,4,probabilistic_suffix_tree,3,1,0.5,0.5,105,629,1139,0.017245817245817245,skab_fold_aware_refined_search,268
0.0,0.0,0.0,0.0,unseen_data,SKAB,fold_3,42,5,4,probabilistic_suffix_tree,3,1,0.5,0.5,105,629,1139,0.017245817245817245,skab_fold_aware_refined_search,268
0.4801362088535755,0.3110539845758355,0.3890675241157556,0.3457142857142857,original,SKAB,fold_4,42,5,4,probabilistic_suffix_tree,3,1,0.5,0.5,103,617,1115,0.017544963887271642,skab_fold_aware_refined_search,268
0.46651532349602726,0.29562982005141386,0.36977491961414793,0.32857142857142857,gaussian_noise,SKAB,fold_4,42,5,4,probabilistic_suffix_tree,3,1,0.5,0.5,103,617,1115,0.017544963887271642,skab_fold_aware_refined_search,268
0.2,0.2,1.0,0.3333333333333333,unseen_data,SKAB,fold_4,42,5,4,probabilistic_suffix_tree,3,1,0.5,0.5,103,617,1115,0.017544963887271642,skab_fold_aware_refined_search,268
0.5238095238095238,0.4295874822190612,0.9123867069486404,0.5841392649903289,original,SKAB,fold_5,42,5,4,probabilistic_suffix_tree,3,1,0.5,0.5,103,590,1050,0.017278262300477208,skab_fold_aware_refined_search,268
0.5282392026578073,0.43204577968526464,0.9123867069486404,0.5864077669902913,gaussian_noise,SKAB,fold_5,42,5,4,probabilistic_suffix_tree,3,1,0.5,0.5,103,590,1050,0.017278262300477208,skab_fold_aware_refined_search,268
0.3472222222222222,0.3472222222222222,1.0,0.5154639175257731,unseen_data,SKAB,fold_5,42,5,4,probabilistic_suffix_tree,3,1,0.5,0.5,103,590,1050,0.017278262300477208,skab_fold_aware_refined_search,268
0.5797101449275363,0.44251626898047725,0.6296296296296297,0.5197452229299363,original,SKAB,fold_1,42,5,4,probabilistic_suffix_tree,3,1,0.5,0.7,117,688,1230,0.01528026237328563,skab_fold_aware_refined_search,269
0.5841694537346711,0.44685466377440347,0.6358024691358025,0.5248407643312102,gaussian_noise,SKAB,fold_1,42,5,4,probabilistic_suffix_tree,3,1,0.5,0.7,117,688,1230,0.01528026237328563,skab_fold_aware_refined_search,269
0.0,0.0,0.0,0.0,unseen_data,SKAB,fold_1,42,5,4,probabilistic_suffix_tree,3,1,0.5,0.7,117,688,1230,0.01528026237328563,skab_fold_aware_refined_search,269
0.6685330347144457,0.5314861460957179,0.6573208722741433,0.5877437325905293,original,SKAB,fold_2,42,5,4,probabilistic_suffix_tree,3,1,0.5,0.7,106,642,1165,0.01711926174102157,skab_fold_aware_refined_search,269
0.6662933930571109,0.5286783042394015,0.660436137071651,0.5872576177285319,gaussian_noise,SKAB,fold_2,42,5,4,probabilistic_suffix_tree,3,1,0.5,0.7,106,642,1165,0.01711926174102157,skab_fold_aware_refined_search,269
0.0,0.0,0.0,0.0,unseen_data,SKAB,fold_2,42,5,4,probabilistic_suffix_tree,3,1,0.5,0.7,106,642,1165,0.01711926174102157,skab_fold_aware_refined_search,269
0.58006718924972,0.4475806451612903,0.6873065015479877,0.5421245421245421,original,SKAB,fold_3,42,5,4,probabilistic_suffix_tree,3,1,0.5,0.7,105,629,1139,0.017245817245817245,skab_fold_aware_refined_search,269
0.6103023516237402,0.47534516765285995,0.7461300309597523,0.5807228915662651,gaussian_noise,SKAB,fold_3,42,5,4,probabilistic_suffix_tree,3,1,0.5,0.7,105,629,1139,0.017245817245817245,skab_fold_aware_refined_search,269
0.0,0.0,0.0,0.0,unseen_data,SKAB,fold_3,42,5,4,probabilistic_suffix_tree,3,1,0.5,0.7,105,629,1139,0.017245817245817245,skab_fold_aware_refined_search,269
0.4801362088535755,0.3110539845758355,0.3890675241157556,0.3457142857142857,original,SKAB,fold_4,42,5,4,probabilistic_suffix_tree,3,1,0.5,0.7,103,617,1115,0.017544963887271642,skab_fold_aware_refined_search,269
0.46651532349602726,0.29562982005141386,0.36977491961414793,0.32857142857142857,gaussian_noise,SKAB,fold_4,42,5,4,probabilistic_suffix_tree,3,1,0.5,0.7,103,617,1115,0.017544963887271642,skab_fold_aware_refined_search,269
0.2,0.2,1.0,0.3333333333333333,unseen_data,SKAB,fold_4,42,5,4,probabilistic_suffix_tree,3,1,0.5,0.7,103,617,1115,0.017544963887271642,skab_fold_aware_refined_search,269
0.5337763012181617,0.43679775280898875,0.9395770392749244,0.5963566634707574,original,SKAB,fold_5,42,5,4,probabilistic_suffix_tree,3,1,0.5,0.7,103,590,1050,0.017278262300477208,skab_fold_aware_refined_search,269
0.5359911406423035,0.4376770538243626,0.9335347432024169,0.5959498553519769,gaussian_noise,SKAB,fold_5,42,5,4,probabilistic_suffix_tree,3,1,0.5,0.7,103,590,1050,0.017278262300477208,skab_fold_aware_refined_search,269
0.3472222222222222,0.3472222222222222,1.0,0.5154639175257731,unseen_data,SKAB,fold_5,42,5,4,probabilistic_suffix_tree,3,1,0.5,0.7,103,590,1050,0.017278262300477208,skab_fold_aware_refined_search,269
0.6109253065774805,0.4814264487369985,1.0,0.649949849548646,original,SKAB,fold_1,42,5,4,probabilistic_suffix_tree,3,1,0.5,0.9,117,688,1230,0.01528026237328563,skab_fold_aware_refined_search,270
0.6109253065774805,0.4814264487369985,1.0,0.649949849548646,gaussian_noise,SKAB,fold_1,42,5,4,probabilistic_suffix_tree,3,1,0.5,0.9,117,688,1230,0.01528026237328563,skab_fold_aware_refined_search,270
0.0,0.0,0.0,0.0,unseen_data,SKAB,fold_1,42,5,4,probabilistic_suffix_tree,3,1,0.5,0.9,117,688,1230,0.01528026237328563,skab_fold_aware_refined_search,270
0.3594624860022396,0.3594624860022396,1.0,0.528830313014827,original,SKAB,fold_2,42,5,4,probabilistic_suffix_tree,3,1,0.5,0.9,106,642,1165,0.01711926174102157,skab_fold_aware_refined_search,270
0.3594624860022396,0.3594624860022396,1.0,0.528830313014827,gaussian_noise,SKAB,fold_2,42,5,4,probabilistic_suffix_tree,3,1,0.5,0.9,106,642,1165,0.01711926174102157,skab_fold_aware_refined_search,270
0.0,0.0,0.0,0.0,unseen_data,SKAB,fold_2,42,5,4,probabilistic_suffix_tree,3,1,0.5,0.9,106,642,1165,0.01711926174102157,skab_fold_aware_refined_search,270
0.3617021276595745,0.3617021276595745,1.0,0.53125,original,SKAB,fold_3,42,5,4,probabilistic_suffix_tree,3,1,0.5,0.9,105,629,1139,0.017245817245817245,skab_fold_aware_refined_search,270
0.3617021276595745,0.3617021276595745,1.0,0.53125,gaussian_noise,SKAB,fold_3,42,5,4,probabilistic_suffix_tree,3,1,0.5,0.9,105,629,1139,0.017245817245817245,skab_fold_aware_refined_search,270
0.0,0.0,0.0,0.0,unseen_data,SKAB,fold_3,42,5,4,probabilistic_suffix_tree,3,1,0.5,0.9,105,629,1139,0.017245817245817245,skab_fold_aware_refined_search,270
0.3518728717366629,0.3018292682926829,0.6366559485530546,0.4095139607032058,original,SKAB,fold_4,42,5,4,probabilistic_suffix_tree,3,1,0.5,0.9,103,617,1115,0.017544963887271642,skab_fold_aware_refined_search,270
0.3518728717366629,0.3018292682926829,0.6366559485530546,0.4095139607032058,gaussian_noise,SKAB,fold_4,42,5,4,probabilistic_suffix_tree,3,1,0.5,0.9,103,617,1115,0.017544963887271642,skab_fold_aware_refined_search,270
0.2,0.2,1.0,0.3333333333333333,unseen_data,SKAB,fold_4,42,5,4,probabilistic_suffix_tree,3,1,0.5,0.9,103,617,1115,0.017544963887271642,skab_fold_aware_refined_search,270
0.4363233665559247,0.39404761904761904,1.0,0.5653287788215201,original,SKAB,fold_5,42,5,4,probabilistic_suffix_tree,3,1,0.5,0.9,103,590,1050,0.017278262300477208,skab_fold_aware_refined_search,270
0.4407530454042082,0.39593301435406697,1.0,0.5672664952870609,gaussian_noise,SKAB,fold_5,42,5,4,probabilistic_suffix_tree,3,1,0.5,0.9,103,590,1050,0.017278262300477208,skab_fold_aware_refined_search,270
0.3472222222222222,0.3472222222222222,1.0,0.5154639175257731,unseen_data,SKAB,fold_5,42,5,4,probabilistic_suffix_tree,3,1,0.5,0.9,103,590,1050,0.017278262300477208,skab_fold_aware_refined_search,270
0.6354515050167224,0.4956268221574344,0.5246913580246914,0.5097451274362819,original,SKAB,fold_1,42,5,4,probabilistic_suffix_tree,3,2,0.1,0.5,117,688,1230,0.01528026237328563,skab_fold_aware_refined_search,271
0.6432552954292085,0.5058479532163743,0.5339506172839507,0.5195195195195195,gaussian_noise,SKAB,fold_1,42,5,4,probabilistic_suffix_tree,3,2,0.1,0.5,117,688,1230,0.01528026237328563,skab_fold_aware_refined_search,271
0.0,0.0,0.0,0.0,unseen_data,SKAB,fold_1,42,5,4,probabilistic_suffix_tree,3,2,0.1,0.5,117,688,1230,0.01528026237328563,skab_fold_aware_refined_search,271
0.6819708846584547,0.557632398753894,0.557632398753894,0.557632398753894,original,SKAB,fold_2,42,5,4,probabilistic_suffix_tree,3,2,0.1,0.5,106,642,1165,0.01711926174102157,skab_fold_aware_refined_search,271
0.6786114221724524,0.5534591194968553,0.5482866043613707,0.5508607198748043,gaussian_noise,SKAB,fold_2,42,5,4,probabilistic_suffix_tree,3,2,0.1,0.5,106,642,1165,0.01711926174102157,skab_fold_aware_refined_search,271
0.0,0.0,0.0,0.0,unseen_data,SKAB,fold_2,42,5,4,probabilistic_suffix_tree,3,2,0.1,0.5,106,642,1165,0.01711926174102157,skab_fold_aware_refined_search,271
0.5789473684210527,0.4387990762124711,0.5882352941176471,0.5026455026455027,original,SKAB,fold_3,42,5,4,probabilistic_suffix_tree,3,2,0.1,0.5,105,629,1139,0.017245817245817245,skab_fold_aware_refined_search,271
0.6103023516237402,0.47126436781609193,0.6346749226006192,0.5408970976253298,gaussian_noise,SKAB,fold_3,42,5,4,probabilistic_suffix_tree,3,2,0.1,0.5,105,629,1139,0.017245817245817245,skab_fold_aware_refined_search,271
0.0,0.0,0.0,0.0,unseen_data,SKAB,fold_3,42,5,4,probabilistic_suffix_tree,3,2,0.1,0.5,105,629,1139,0.017245817245817245,skab_fold_aware_refined_search,271
0.5051078320090806,0.30407523510971785,0.31189710610932475,0.30793650793650795,original,SKAB,fold_4,42,5,4,probabilistic_suffix_tree,3,2,0.1,0.5,103,617,1115,0.017544963887271642,skab_fold_aware_refined_search,271
0.5005675368898979,0.2912621359223301,0.28938906752411575,0.2903225806451613,gaussian_noise,SKAB,fold_4,42,5,4,probabilistic_suffix_tree,3,2,0.1,0.5,103,617,1115,0.017544963887271642,skab_fold_aware_refined_search,271
0.2,0.2,1.0,0.3333333333333333,unseen_data,SKAB,fold_4,42,5,4,probabilistic_suffix_tree,3,2,0.1,0.5,103,617,1115,0.017544963887271642,skab_fold_aware_refined_search,271
0.5514950166112956,0.4423676012461059,0.8580060422960725,0.5837615621788284,original,SKAB,fold_5,42,5,4,probabilistic_suffix_tree,3,2,0.1,0.5,103,590,1050,0.017278262300477208,skab_fold_aware_refined_search,271
0.5426356589147286,0.4367283950617284,0.8549848942598187,0.5781409601634321,gaussian_noise,SKAB,fold_5,42,5,4,probabilistic_suffix_tree,3,2,0.1,0.5,103,590,1050,0.017278262300477208,skab_fold_aware_refined_search,271
0.3472222222222222,0.34285714285714286,0.96,0.5052631578947369,unseen_data,SKAB,fold_5,42,5,4,probabilistic_suffix_tree,3,2,0.1,0.5,103,590,1050,0.017278262300477208,skab_fold_aware_refined_search,271
0.6231884057971014,0.4834123222748815,0.6296296296296297,0.546916890080429,original,SKAB,fold_1,42,5,4,probabilistic_suffix_tree,3,2,0.1,0.7,117,688,1230,0.01528026237328563,skab_fold_aware_refined_search,272
0.6254180602006689,0.4858490566037736,0.6358024691358025,0.5508021390374331,gaussian_noise,SKAB,fold_1,42,5,4,probabilistic_suffix_tree,3,2,0.1,0.7,117,688,1230,0.01528026237328563,skab_fold_aware_refined_search,272
0.0,0.0,0.0,0.0,unseen_data,SKAB,fold_1,42,5,4,probabilistic_suffix_tree,3,2,0.1,0.7,117,688,1230,0.01528026237328563,skab_fold_aware_refined_search,272
0.6696528555431132,0.5328282828282829,0.6573208722741433,0.5885634588563459,original,SKAB,fold_2,42,5,4,probabilistic_suffix_tree,3,2,0.1,0.7,106,642,1165,0.01711926174102157,skab_fold_aware_refined_search,272
0.6674132138857782,0.53,0.660436137071651,0.5880721220527045,gaussian_noise,SKAB,fold_2,42,5,4,probabilistic_suffix_tree,3,2,0.1,0.7,106,642,1165,0.01711926174102157,skab_fold_aware_refined_search,272
0.0,0.0,0.0,0.0,unseen_data,SKAB,fold_2,42,5,4,probabilistic_suffix_tree,3,2,0.1,0.7,106,642,1165,0.01711926174102157,skab_fold_aware_refined_search,272
0.58006718924972,0.4475806451612903,0.6873065015479877,0.5421245421245421,original,SKAB,fold_3,42,5,4,probabilistic_suffix_tree,3,2,0.1,0.7,105,629,1139,0.017245817245817245,skab_fold_aware_refined_search,272
0.6103023516237402,0.47534516765285995,0.7461300309597523,0.5807228915662651,gaussian_noise,SKAB,fold_3,42,5,4,probabilistic_suffix_tree,3,2,0.1,0.7,105,629,1139,0.017245817245817245,skab_fold_aware_refined_search,272
0.0,0.0,0.0,0.0,unseen_data,SKAB,fold_3,42,5,4,probabilistic_suffix_tree,3,2,0.1,0.7,105,629,1139,0.017245817245817245,skab_fold_aware_refined_search,272
0.48127128263337116,0.31088082901554404,0.3858520900321543,0.34433285509325684,original,SKAB,fold_4,42,5,4,probabilistic_suffix_tree,3,2,0.1,0.7,103,617,1115,0.017544963887271642,skab_fold_aware_refined_search,272
0.46651532349602726,0.29457364341085274,0.3665594855305466,0.32664756446991405,gaussian_noise,SKAB,fold_4,42,5,4,probabilistic_suffix_tree,3,2,0.1,0.7,103,617,1115,0.017544963887271642,skab_fold_aware_refined_search,272
0.2,0.2,1.0,0.3333333333333333,unseen_data,SKAB,fold_4,42,5,4,probabilistic_suffix_tree,3,2,0.1,0.7,103,617,1115,0.017544963887271642,skab_fold_aware_refined_search,272
0.5149501661129569,0.42302158273381296,0.8882175226586103,0.5730994152046783,original,SKAB,fold_5,42,5,4,probabilistic_suffix_tree,3,2,0.1,0.7,103,590,1050,0.017278262300477208,skab_fold_aware_refined_search,272
0.5193798449612403,0.42547033285094066,0.8882175226586103,0.5753424657534246,gaussian_noise,SKAB,fold_5,42,5,4,probabilistic_suffix_tree,3,2,0.1,0.7,103,590,1050,0.017278262300477208,skab_fold_aware_refined_search,272
0.3472222222222222,0.3472222222222222,1.0,0.5154639175257731,unseen_data,SKAB,fold_5,42,5,4,probabilistic_suffix_tree,3,2,0.1,0.7,103,590,1050,0.017278262300477208,skab_fold_aware_refined_search,272
0.47714604236343366,0.3688969258589512,0.6296296296296297,0.4652223489167617,original,SKAB,fold_1,42,5,4,probabilistic_suffix_tree,3,2,0.1,0.9,117,688,1230,0.01528026237328563,skab_fold_aware_refined_search,273
0.4793756967670011,0.37117117117117115,0.6358024691358025,0.46871444823663255,gaussian_noise,SKAB,fold_1,42,5,4,probabilistic_suffix_tree,3,2,0.1,0.9,117,688,1230,0.01528026237328563,skab_fold_aware_refined_search,273
0.0,0.0,0.0,0.0,unseen_data,SKAB,fold_1,42,5,4,probabilistic_suffix_tree,3,2,0.1,0.9,117,688,1230,0.01528026237328563,skab_fold_aware_refined_search,273
0.6685330347144457,0.5314861460957179,0.6573208722741433,0.5877437325905293,original,SKAB,fold_2,42,5,4,probabilistic_suffix_tree,3,2,0.1,0.9,106,642,1165,0.01711926174102157,skab_fold_aware_refined_search,273
0.6662933930571109,0.5286783042394015,0.660436137071651,0.5872576177285319,gaussian_noise,SKAB,fold_2,42,5,4,probabilistic_suffix_tree,3,2,0.1,0.9,106,642,1165,0.01711926174102157,skab_fold_aware_refined_search,273
0.0,0.0,0.0,0.0,unseen_data,SKAB,fold_2,42,5,4,probabilistic_suffix_tree,3,2,0.1,0.9,106,642,1165,0.01711926174102157,skab_fold_aware_refined_search,273
0.58006718924972,0.4475806451612903,0.6873065015479877,0.5421245421245421,original,SKAB,fold_3,42,5,4,probabilistic_suffix_tree,3,2,0.1,0.9,105,629,1139,0.017245817245817245,skab_fold_aware_refined_search,273
0.6103023516237402,0.47534516765285995,0.7461300309597523,0.5807228915662651,gaussian_noise,SKAB,fold_3,42,5,4,probabilistic_suffix_tree,3,2,0.1,0.9,105,629,1139,0.017245817245817245,skab_fold_aware_refined_search,273
0.0,0.0,0.0,0.0,unseen_data,SKAB,fold_3,42,5,4,probabilistic_suffix_tree,3,2,0.1,0.9,105,629,1139,0.017245817245817245,skab_fold_aware_refined_search,273
0.46878547105561863,0.3538175046554935,0.6109324758842444,0.4481132075471698,original,SKAB,fold_4,42,5,4,probabilistic_suffix_tree,3,2,0.1,0.9,103,617,1115,0.017544963887271642,skab_fold_aware_refined_search,273
0.46651532349602726,0.3514018691588785,0.6045016077170418,0.4444444444444444,gaussian_noise,SKAB,fold_4,42,5,4,probabilistic_suffix_tree,3,2,0.1,0.9,103,617,1115,0.017544963887271642,skab_fold_aware_refined_search,273
0.2,0.2,1.0,0.3333333333333333,unseen_data,SKAB,fold_4,42,5,4,probabilistic_suffix_tree,3,2,0.1,0.9,103,617,1115,0.017544963887271642,skab_fold_aware_refined_search,273
0.5337763012181617,0.43679775280898875,0.9395770392749244,0.5963566634707574,original,SKAB,fold_5,42,5,4,probabilistic_suffix_tree,3,2,0.1,0.9,103,590,1050,0.017278262300477208,skab_fold_aware_refined_search,273
0.5359911406423035,0.4376770538243626,0.9335347432024169,0.5959498553519769,gaussian_noise,SKAB,fold_5,42,5,4,probabilistic_suffix_tree,3,2,0.1,0.9,103,590,1050,0.017278262300477208,skab_fold_aware_refined_search,273
0.3472222222222222,0.3472222222222222,1.0,0.5154639175257731,unseen_data,SKAB,fold_5,42,5,4,probabilistic_suffix_tree,3,2,0.1,0.9,103,590,1050,0.017278262300477208,skab_fold_aware_refined_search,273
0.6231884057971014,0.4834123222748815,0.6296296296296297,0.546916890080429,original,SKAB,fold_1,42,5,4,probabilistic_suffix_tree,3,2,0.5,0.5,117,688,1230,0.01528026237328563,skab_fold_aware_refined_search,274
0.6254180602006689,0.4858490566037736,0.6358024691358025,0.5508021390374331,gaussian_noise,SKAB,fold_1,42,5,4,probabilistic_suffix_tree,3,2,0.5,0.5,117,688,1230,0.01528026237328563,skab_fold_aware_refined_search,274
0.0,0.0,0.0,0.0,unseen_data,SKAB,fold_1,42,5,4,probabilistic_suffix_tree,3,2,0.5,0.5,117,688,1230,0.01528026237328563,skab_fold_aware_refined_search,274
0.6685330347144457,0.5314861460957179,0.6573208722741433,0.5877437325905293,original,SKAB,fold_2,42,5,4,probabilistic_suffix_tree,3,2,0.5,0.5,106,642,1165,0.01711926174102157,skab_fold_aware_refined_search,274
0.6662933930571109,0.5286783042394015,0.660436137071651,0.5872576177285319,gaussian_noise,SKAB,fold_2,42,5,4,probabilistic_suffix_tree,3,2,0.5,0.5,106,642,1165,0.01711926174102157,skab_fold_aware_refined_search,274
0.0,0.0,0.0,0.0,unseen_data,SKAB,fold_2,42,5,4,probabilistic_suffix_tree,3,2,0.5,0.5,106,642,1165,0.01711926174102157,skab_fold_aware_refined_search,274
0.58006718924972,0.4475806451612903,0.6873065015479877,0.5421245421245421,original,SKAB,fold_3,42,5,4,probabilistic_suffix_tree,3,2,0.5,0.5,105,629,1139,0.017245817245817245,skab_fold_aware_refined_search,274
0.6103023516237402,0.47534516765285995,0.7461300309597523,0.5807228915662651,gaussian_noise,SKAB,fold_3,42,5,4,probabilistic_suffix_tree,3,2,0.5,0.5,105,629,1139,0.017245817245817245,skab_fold_aware_refined_search,274
0.0,0.0,0.0,0.0,unseen_data,SKAB,fold_3,42,5,4,probabilistic_suffix_tree,3,2,0.5,0.5,105,629,1139,0.017245817245817245,skab_fold_aware_refined_search,274
0.4801362088535755,0.3110539845758355,0.3890675241157556,0.3457142857142857,original,SKAB,fold_4,42,5,4,probabilistic_suffix_tree,3,2,0.5,0.5,103,617,1115,0.017544963887271642,skab_fold_aware_refined_search,274
0.46651532349602726,0.29562982005141386,0.36977491961414793,0.32857142857142857,gaussian_noise,SKAB,fold_4,42,5,4,probabilistic_suffix_tree,3,2,0.5,0.5,103,617,1115,0.017544963887271642,skab_fold_aware_refined_search,274
0.2,0.2,1.0,0.3333333333333333,unseen_data,SKAB,fold_4,42,5,4,probabilistic_suffix_tree,3,2,0.5,0.5,103,617,1115,0.017544963887271642,skab_fold_aware_refined_search,274
0.5149501661129569,0.42302158273381296,0.8882175226586103,0.5730994152046783,original,SKAB,fold_5,42,5,4,probabilistic_suffix_tree,3,2,0.5,0.5,103,590,1050,0.017278262300477208,skab_fold_aware_refined_search,274
0.5193798449612403,0.42547033285094066,0.8882175226586103,0.5753424657534246,gaussian_noise,SKAB,fold_5,42,5,4,probabilistic_suffix_tree,3,2,0.5,0.5,103,590,1050,0.017278262300477208,skab_fold_aware_refined_search,274
0.3472222222222222,0.3472222222222222,1.0,0.5154639175257731,unseen_data,SKAB,fold_5,42,5,4,probabilistic_suffix_tree,3,2,0.5,0.5,103,590,1050,0.017278262300477208,skab_fold_aware_refined_search,274
0.5797101449275363,0.44251626898047725,0.6296296296296297,0.5197452229299363,original,SKAB,fold_1,42,5,4,probabilistic_suffix_tree,3,2,0.5,0.7,117,688,1230,0.01528026237328563,skab_fold_aware_refined_search,275
0.5841694537346711,0.44685466377440347,0.6358024691358025,0.5248407643312102,gaussian_noise,SKAB,fold_1,42,5,4,probabilistic_suffix_tree,3,2,0.5,0.7,117,688,1230,0.01528026237328563,skab_fold_aware_refined_search,275
0.0,0.0,0.0,0.0,unseen_data,SKAB,fold_1,42,5,4,probabilistic_suffix_tree,3,2,0.5,0.7,117,688,1230,0.01528026237328563,skab_fold_aware_refined_search,275
0.6685330347144457,0.5314861460957179,0.6573208722741433,0.5877437325905293,original,SKAB,fold_2,42,5,4,probabilistic_suffix_tree,3,2,0.5,0.7,106,642,1165,0.01711926174102157,skab_fold_aware_refined_search,275
0.6662933930571109,0.5286783042394015,0.660436137071651,0.5872576177285319,gaussian_noise,SKAB,fold_2,42,5,4,probabilistic_suffix_tree,3,2,0.5,0.7,106,642,1165,0.01711926174102157,skab_fold_aware_refined_search,275
0.0,0.0,0.0,0.0,unseen_data,SKAB,fold_2,42,5,4,probabilistic_suffix_tree,3,2,0.5,0.7,106,642,1165,0.01711926174102157,skab_fold_aware_refined_search,275
0.58006718924972,0.4475806451612903,0.6873065015479877,0.5421245421245421,original,SKAB,fold_3,42,5,4,probabilistic_suffix_tree,3,2,0.5,0.7,105,629,1139,0.017245817245817245,skab_fold_aware_refined_search,275
0.6103023516237402,0.47534516765285995,0.7461300309597523,0.5807228915662651,gaussian_noise,SKAB,fold_3,42,5,4,probabilistic_suffix_tree,3,2,0.5,0.7,105,629,1139,0.017245817245817245,skab_fold_aware_refined_search,275
0.0,0.0,0.0,0.0,unseen_data,SKAB,fold_3,42,5,4,probabilistic_suffix_tree,3,2,0.5,0.7,105,629,1139,0.017245817245817245,skab_fold_aware_refined_search,275
0.4801362088535755,0.3110539845758355,0.3890675241157556,0.3457142857142857,original,SKAB,fold_4,42,5,4,probabilistic_suffix_tree,3,2,0.5,0.7,103,617,1115,0.017544963887271642,skab_fold_aware_refined_search,275
0.46651532349602726,0.29562982005141386,0.36977491961414793,0.32857142857142857,gaussian_noise,SKAB,fold_4,42,5,4,probabilistic_suffix_tree,3,2,0.5,0.7,103,617,1115,0.017544963887271642,skab_fold_aware_refined_search,275
0.2,0.2,1.0,0.3333333333333333,unseen_data,SKAB,fold_4,42,5,4,probabilistic_suffix_tree,3,2,0.5,0.7,103,617,1115,0.017544963887271642,skab_fold_aware_refined_search,275
0.5337763012181617,0.43679775280898875,0.9395770392749244,0.5963566634707574,original,SKAB,fold_5,42,5,4,probabilistic_suffix_tree,3,2,0.5,0.7,103,590,1050,0.017278262300477208,skab_fold_aware_refined_search,275
0.5359911406423035,0.4376770538243626,0.9335347432024169,0.5959498553519769,gaussian_noise,SKAB,fold_5,42,5,4,probabilistic_suffix_tree,3,2,0.5,0.7,103,590,1050,0.017278262300477208,skab_fold_aware_refined_search,275
0.3472222222222222,0.3472222222222222,1.0,0.5154639175257731,unseen_data,SKAB,fold_5,42,5,4,probabilistic_suffix_tree,3,2,0.5,0.7,103,590,1050,0.017278262300477208,skab_fold_aware_refined_search,275
0.6109253065774805,0.4814264487369985,1.0,0.649949849548646,original,SKAB,fold_1,42,5,4,probabilistic_suffix_tree,3,2,0.5,0.9,117,688,1230,0.01528026237328563,skab_fold_aware_refined_search,276
0.6109253065774805,0.4814264487369985,1.0,0.649949849548646,gaussian_noise,SKAB,fold_1,42,5,4,probabilistic_suffix_tree,3,2,0.5,0.9,117,688,1230,0.01528026237328563,skab_fold_aware_refined_search,276
0.0,0.0,0.0,0.0,unseen_data,SKAB,fold_1,42,5,4,probabilistic_suffix_tree,3,2,0.5,0.9,117,688,1230,0.01528026237328563,skab_fold_aware_refined_search,276
0.3594624860022396,0.3594624860022396,1.0,0.528830313014827,original,SKAB,fold_2,42,5,4,probabilistic_suffix_tree,3,2,0.5,0.9,106,642,1165,0.01711926174102157,skab_fold_aware_refined_search,276
0.3594624860022396,0.3594624860022396,1.0,0.528830313014827,gaussian_noise,SKAB,fold_2,42,5,4,probabilistic_suffix_tree,3,2,0.5,0.9,106,642,1165,0.01711926174102157,skab_fold_aware_refined_search,276
0.0,0.0,0.0,0.0,unseen_data,SKAB,fold_2,42,5,4,probabilistic_suffix_tree,3,2,0.5,0.9,106,642,1165,0.01711926174102157,skab_fold_aware_refined_search,276
0.3617021276595745,0.3617021276595745,1.0,0.53125,original,SKAB,fold_3,42,5,4,probabilistic_suffix_tree,3,2,0.5,0.9,105,629,1139,0.017245817245817245,skab_fold_aware_refined_search,276
0.3617021276595745,0.3617021276595745,1.0,0.53125,gaussian_noise,SKAB,fold_3,42,5,4,probabilistic_suffix_tree,3,2,0.5,0.9,105,629,1139,0.017245817245817245,skab_fold_aware_refined_search,276
0.0,0.0,0.0,0.0,unseen_data,SKAB,fold_3,42,5,4,probabilistic_suffix_tree,3,2,0.5,0.9,105,629,1139,0.017245817245817245,skab_fold_aware_refined_search,276
0.3518728717366629,0.3018292682926829,0.6366559485530546,0.4095139607032058,original,SKAB,fold_4,42,5,4,probabilistic_suffix_tree,3,2,0.5,0.9,103,617,1115,0.017544963887271642,skab_fold_aware_refined_search,276
0.3518728717366629,0.3018292682926829,0.6366559485530546,0.4095139607032058,gaussian_noise,SKAB,fold_4,42,5,4,probabilistic_suffix_tree,3,2,0.5,0.9,103,617,1115,0.017544963887271642,skab_fold_aware_refined_search,276
0.2,0.2,1.0,0.3333333333333333,unseen_data,SKAB,fold_4,42,5,4,probabilistic_suffix_tree,3,2,0.5,0.9,103,617,1115,0.017544963887271642,skab_fold_aware_refined_search,276
0.4363233665559247,0.39404761904761904,1.0,0.5653287788215201,original,SKAB,fold_5,42,5,4,probabilistic_suffix_tree,3,2,0.5,0.9,103,590,1050,0.017278262300477208,skab_fold_aware_refined_search,276
0.4407530454042082,0.39593301435406697,1.0,0.5672664952870609,gaussian_noise,SKAB,fold_5,42,5,4,probabilistic_suffix_tree,3,2,0.5,0.9,103,590,1050,0.017278262300477208,skab_fold_aware_refined_search,276
0.3472222222222222,0.3472222222222222,1.0,0.5154639175257731,unseen_data,SKAB,fold_5,42,5,4,probabilistic_suffix_tree,3,2,0.5,0.9,103,590,1050,0.017278262300477208,skab_fold_aware_refined_search,276
0.6254180602006689,0.484375,0.5740740740740741,0.5254237288135594,original,SKAB,fold_1,42,5,4,probabilistic_suffix_tree,4,1,0.1,0.5,117,1231,1981,0.013754365500913024,skab_fold_aware_refined_search,277
0.6321070234113713,0.4921052631578947,0.5771604938271605,0.53125,gaussian_noise,SKAB,fold_1,42,5,4,probabilistic_suffix_tree,4,1,0.1,0.5,117,1231,1981,0.013754365500913024,skab_fold_aware_refined_search,277
0.0,0.0,0.0,0.0,unseen_data,SKAB,fold_1,42,5,4,probabilistic_suffix_tree,4,1,0.1,0.5,117,1231,1981,0.013754365500913024,skab_fold_aware_refined_search,277
0.6797312430011199,0.547683923705722,0.6261682242990654,0.5843023255813954,original,SKAB,fold_2,42,5,4,probabilistic_suffix_tree,4,1,0.1,0.5,106,1166,1902,0.01538884753551895,skab_fold_aware_refined_search,277
0.6752519596864501,0.5422343324250681,0.6199376947040498,0.5784883720930233,gaussian_noise,SKAB,fold_2,42,5,4,probabilistic_suffix_tree,4,1,0.1,0.5,106,1166,1902,0.01538884753551895,skab_fold_aware_refined_search,277
0.0,0.0,0.0,0.0,unseen_data,SKAB,fold_2,42,5,4,probabilistic_suffix_tree,4,1,0.1,0.5,106,1166,1902,0.01538884753551895,skab_fold_aware_refined_search,277
0.5755879059350504,0.44017094017094016,0.6377708978328174,0.5208596713021492,original,SKAB,fold_3,42,5,4,probabilistic_suffix_tree,4,1,0.1,0.5,105,1140,1837,0.015346700083542188,skab_fold_aware_refined_search,277
0.6103023516237402,0.47334754797441364,0.6873065015479877,0.5606060606060606,gaussian_noise,SKAB,fold_3,42,5,4,probabilistic_suffix_tree,4,1,0.1,0.5,105,1140,1837,0.015346700083542188,skab_fold_aware_refined_search,277
0.0,0.0,0.0,0.0,unseen_data,SKAB,fold_3,42,5,4,probabilistic_suffix_tree,4,1,0.1,0.5,105,1140,1837,0.015346700083542188,skab_fold_aware_refined_search,277
0.4858115777525539,0.2959770114942529,0.3311897106109325,0.3125948406676783,original,SKAB,fold_4,42,5,4,probabilistic_suffix_tree,4,1,0.1,0.5,103,1116,1817,0.015807147579775204,skab_fold_aware_refined_search,277
0.4767309875141884,0.2857142857142857,0.3215434083601286,0.30257186081694404,gaussian_noise,SKAB,fold_4,42,5,4,probabilistic_suffix_tree,4,1,0.1,0.5,103,1116,1817,0.015807147579775204,skab_fold_aware_refined_search,277
0.2,0.2,1.0,0.3333333333333333,unseen_data,SKAB,fold_4,42,5,4,probabilistic_suffix_tree,4,1,0.1,0.5,103,1116,1817,0.015807147579775204,skab_fold_aware_refined_search,277
0.5426356589147286,0.4402332361516035,0.9123867069486404,0.5939036381514258,original,SKAB,fold_5,42,5,4,probabilistic_suffix_tree,4,1,0.1,0.5,103,1051,1685,0.015565388488078853,skab_fold_aware_refined_search,277
0.5426356589147286,0.4402332361516035,0.9123867069486404,0.5939036381514258,gaussian_noise,SKAB,fold_5,42,5,4,probabilistic_suffix_tree,4,1,0.1,0.5,103,1051,1685,0.015565388488078853,skab_fold_aware_refined_search,277
0.3472222222222222,0.34285714285714286,0.96,0.5052631578947369,unseen_data,SKAB,fold_5,42,5,4,probabilistic_suffix_tree,4,1,0.1,0.5,103,1051,1685,0.015565388488078853,skab_fold_aware_refined_search,277
0.6142697881828316,0.47533632286995514,0.654320987654321,0.5506493506493506,original,SKAB,fold_1,42,5,4,probabilistic_suffix_tree,4,1,0.1,0.7,117,1231,1981,0.013754365500913024,skab_fold_aware_refined_search,278
0.6187290969899666,0.4797297297297297,0.6574074074074074,0.5546875,gaussian_noise,SKAB,fold_1,42,5,4,probabilistic_suffix_tree,4,1,0.1,0.7,117,1231,1981,0.013754365500913024,skab_fold_aware_refined_search,278
0.0,0.0,0.0,0.0,unseen_data,SKAB,fold_1,42,5,4,probabilistic_suffix_tree,4,1,0.1,0.7,117,1231,1981,0.013754365500913024,skab_fold_aware_refined_search,278
0.6651735722284434,0.5259433962264151,0.6947040498442367,0.5986577181208054,original,SKAB,fold_2,42,5,4,probabilistic_suffix_tree,4,1,0.1,0.7,106,1166,1902,0.01538884753551895,skab_fold_aware_refined_search,278
0.6606942889137738,0.5210280373831776,0.6947040498442367,0.595460614152203,gaussian_noise,SKAB,fold_2,42,5,4,probabilistic_suffix_tree,4,1,0.1,0.7,106,1166,1902,0.01538884753551895,skab_fold_aware_refined_search,278
0.0,0.0,0.0,0.0,unseen_data,SKAB,fold_2,42,5,4,probabilistic_suffix_tree,4,1,0.1,0.7,106,1166,1902,0.01538884753551895,skab_fold_aware_refined_search,278
0.58006718924972,0.4494163424124514,0.7151702786377709,0.5519713261648745,original,SKAB,fold_3,42,5,4,probabilistic_suffix_tree,4,1,0.1,0.7,105,1140,1837,0.015346700083542188,skab_fold_aware_refined_search,278
0.6114221724524076,0.47718631178707227,0.7770897832817337,0.591283863368669,gaussian_noise,SKAB,fold_3,42,5,4,probabilistic_suffix_tree,4,1,0.1,0.7,105,1140,1837,0.015346700083542188,skab_fold_aware_refined_search,278
0.0,0.0,0.0,0.0,unseen_data,SKAB,fold_3,42,5,4,probabilistic_suffix_tree,4,1,0.1,0.7,105,1140,1837,0.015346700083542188,skab_fold_aware_refined_search,278
0.4778660612939841,0.3160493827160494,0.4115755627009646,0.3575418994413408,original,SKAB,fold_4,42,5,4,probabilistic_suffix_tree,4,1,0.1,0.7,103,1116,1817,0.015807147579775204,skab_fold_aware_refined_search,278
0.4642451759364359,0.3012345679012346,0.39228295819935693,0.3407821229050279,gaussian_noise,SKAB,fold_4,42,5,4,probabilistic_suffix_tree,4,1,0.1,0.7,103,1116,1817,0.015807147579775204,skab_fold_aware_refined_search,278
0.2,0.2,1.0,0.3333333333333333,unseen_data,SKAB,fold_4,42,5,4,probabilistic_suffix_tree,4,1,0.1,0.7,103,1116,1817,0.015807147579775204,skab_fold_aware_refined_search,278
0.5138427464008859,0.425,0.9244712990936556,0.582302568981922,original,SKAB,fold_5,42,5,4,probabilistic_suffix_tree,4,1,0.1,0.7,103,1051,1685,0.015565388488078853,skab_fold_aware_refined_search,278
0.5227021040974529,0.42997198879551823,0.9274924471299094,0.5875598086124402,gaussian_noise,SKAB,fold_5,42,5,4,probabilistic_suffix_tree,4,1,0.1,0.7,103,1051,1685,0.015565388488078853,skab_fold_aware_refined_search,278
0.3472222222222222,0.3472222222222222,1.0,0.5154639175257731,unseen_data,SKAB,fold_5,42,5,4,probabilistic_suffix_tree,4,1,0.1,0.7,103,1051,1685,0.015565388488078853,skab_fold_aware_refined_search,278
0.48606465997770343,0.3778966131907308,0.654320987654321,0.47909604519774013,original,SKAB,fold_1,42,5,4,probabilistic_suffix_tree,4,1,0.1,0.9,117,1231,1981,0.013754365500913024,skab_fold_aware_refined_search,279
0.48717948717948717,0.3790035587188612,0.6574074074074074,0.48081264108352145,gaussian_noise,SKAB,fold_1,42,5,4,probabilistic_suffix_tree,4,1,0.1,0.9,117,1231,1981,0.013754365500913024,skab_fold_aware_refined_search,279
0.0,0.0,0.0,0.0,unseen_data,SKAB,fold_1,42,5,4,probabilistic_suffix_tree,4,1,0.1,0.9,117,1231,1981,0.013754365500913024,skab_fold_aware_refined_search,279
0.6640537513997761,0.5247058823529411,0.6947040498442367,0.5978552278820375,original,SKAB,fold_2,42,5,4,probabilistic_suffix_tree,4,1,0.1,0.9,106,1166,1902,0.01538884753551895,skab_fold_aware_refined_search,279
0.6595744680851063,0.5198135198135199,0.6947040498442367,0.5946666666666667,gaussian_noise,SKAB,fold_2,42,5,4,probabilistic_suffix_tree,4,1,0.1,0.9,106,1166,1902,0.01538884753551895,skab_fold_aware_refined_search,279
0.0,0.0,0.0,0.0,unseen_data,SKAB,fold_2,42,5,4,probabilistic_suffix_tree,4,1,0.1,0.9,106,1166,1902,0.01538884753551895,skab_fold_aware_refined_search,279
0.58006718924972,0.4494163424124514,0.7151702786377709,0.5519713261648745,original,SKAB,fold_3,42,5,4,probabilistic_suffix_tree,4,1,0.1,0.9,105,1140,1837,0.015346700083542188,skab_fold_aware_refined_search,279
0.6114221724524076,0.47718631178707227,0.7770897832817337,0.591283863368669,gaussian_noise,SKAB,fold_3,42,5,4,probabilistic_suffix_tree,4,1,0.1,0.9,105,1140,1837,0.015346700083542188,skab_fold_aware_refined_search,279
0.0,0.0,0.0,0.0,unseen_data,SKAB,fold_3,42,5,4,probabilistic_suffix_tree,4,1,0.1,0.9,105,1140,1837,0.015346700083542188,skab_fold_aware_refined_search,279
0.4733257661748014,0.3575418994413408,0.617363344051447,0.4528301886792453,original,SKAB,fold_4,42,5,4,probabilistic_suffix_tree,4,1,0.1,0.9,103,1116,1817,0.015807147579775204,skab_fold_aware_refined_search,279
0.47105561861521,0.35514018691588783,0.6109324758842444,0.4491725768321513,gaussian_noise,SKAB,fold_4,42,5,4,probabilistic_suffix_tree,4,1,0.1,0.9,103,1116,1817,0.015807147579775204,skab_fold_aware_refined_search,279
0.2,0.2,1.0,0.3333333333333333,unseen_data,SKAB,fold_4,42,5,4,probabilistic_suffix_tree,4,1,0.1,0.9,103,1116,1817,0.015807147579775204,skab_fold_aware_refined_search,279
0.5238095238095238,0.43209876543209874,0.9516616314199395,0.5943396226415094,original,SKAB,fold_5,42,5,4,probabilistic_suffix_tree,4,1,0.1,0.9,103,1051,1685,0.015565388488078853,skab_fold_aware_refined_search,279
0.530454042081949,0.435506241331484,0.9486404833836858,0.596958174904943,gaussian_noise,SKAB,fold_5,42,5,4,probabilistic_suffix_tree,4,1,0.1,0.9,103,1051,1685,0.015565388488078853,skab_fold_aware_refined_search,279
0.3472222222222222,0.3472222222222222,1.0,0.5154639175257731,unseen_data,SKAB,fold_5,42,5,4,probabilistic_suffix_tree,4,1,0.1,0.9,103,1051,1685,0.015565388488078853,skab_fold_aware_refined_search,279
0.6142697881828316,0.47533632286995514,0.654320987654321,0.5506493506493506,original,SKAB,fold_1,42,5,4,probabilistic_suffix_tree,4,1,0.5,0.5,117,1231,1981,0.013754365500913024,skab_fold_aware_refined_search,280
0.6187290969899666,0.4797297297297297,0.6574074074074074,0.5546875,gaussian_noise,SKAB,fold_1,42,5,4,probabilistic_suffix_tree,4,1,0.5,0.5,117,1231,1981,0.013754365500913024,skab_fold_aware_refined_search,280
0.0,0.0,0.0,0.0,unseen_data,SKAB,fold_1,42,5,4,probabilistic_suffix_tree,4,1,0.5,0.5,117,1231,1981,0.013754365500913024,skab_fold_aware_refined_search,280
0.6640537513997761,0.5247058823529411,0.6947040498442367,0.5978552278820375,original,SKAB,fold_2,42,5,4,probabilistic_suffix_tree,4,1,0.5,0.5,106,1166,1902,0.01538884753551895,skab_fold_aware_refined_search,280
0.6595744680851063,0.5198135198135199,0.6947040498442367,0.5946666666666667,gaussian_noise,SKAB,fold_2,42,5,4,probabilistic_suffix_tree,4,1,0.5,0.5,106,1166,1902,0.01538884753551895,skab_fold_aware_refined_search,280
0.0,0.0,0.0,0.0,unseen_data,SKAB,fold_2,42,5,4,probabilistic_suffix_tree,4,1,0.5,0.5,106,1166,1902,0.01538884753551895,skab_fold_aware_refined_search,280
0.58006718924972,0.4494163424124514,0.7151702786377709,0.5519713261648745,original,SKAB,fold_3,42,5,4,probabilistic_suffix_tree,4,1,0.5,0.5,105,1140,1837,0.015346700083542188,skab_fold_aware_refined_search,280
0.6114221724524076,0.47718631178707227,0.7770897832817337,0.591283863368669,gaussian_noise,SKAB,fold_3,42,5,4,probabilistic_suffix_tree,4,1,0.5,0.5,105,1140,1837,0.015346700083542188,skab_fold_aware_refined_search,280
0.0,0.0,0.0,0.0,unseen_data,SKAB,fold_3,42,5,4,probabilistic_suffix_tree,4,1,0.5,0.5,105,1140,1837,0.015346700083542188,skab_fold_aware_refined_search,280
0.4778660612939841,0.3160493827160494,0.4115755627009646,0.3575418994413408,original,SKAB,fold_4,42,5,4,probabilistic_suffix_tree,4,1,0.5,0.5,103,1116,1817,0.015807147579775204,skab_fold_aware_refined_search,280
0.4642451759364359,0.3012345679012346,0.39228295819935693,0.3407821229050279,gaussian_noise,SKAB,fold_4,42,5,4,probabilistic_suffix_tree,4,1,0.5,0.5,103,1116,1817,0.015807147579775204,skab_fold_aware_refined_search,280
0.2,0.2,1.0,0.3333333333333333,unseen_data,SKAB,fold_4,42,5,4,probabilistic_suffix_tree,4,1,0.5,0.5,103,1116,1817,0.015807147579775204,skab_fold_aware_refined_search,280
0.5138427464008859,0.425,0.9244712990936556,0.582302568981922,original,SKAB,fold_5,42,5,4,probabilistic_suffix_tree,4,1,0.5,0.5,103,1051,1685,0.015565388488078853,skab_fold_aware_refined_search,280
0.5227021040974529,0.42997198879551823,0.9274924471299094,0.5875598086124402,gaussian_noise,SKAB,fold_5,42,5,4,probabilistic_suffix_tree,4,1,0.5,0.5,103,1051,1685,0.015565388488078853,skab_fold_aware_refined_search,280
0.3472222222222222,0.3472222222222222,1.0,0.5154639175257731,unseen_data,SKAB,fold_5,42,5,4,probabilistic_suffix_tree,4,1,0.5,0.5,103,1051,1685,0.015565388488078853,skab_fold_aware_refined_search,280
0.5763656633221851,0.44166666666666665,0.654320987654321,0.527363184079602,original,SKAB,fold_1,42,5,4,probabilistic_suffix_tree,4,1,0.5,0.7,117,1231,1981,0.013754365500913024,skab_fold_aware_refined_search,281
0.5819397993311036,0.44654088050314467,0.6574074074074074,0.5318352059925093,gaussian_noise,SKAB,fold_1,42,5,4,probabilistic_suffix_tree,4,1,0.5,0.7,117,1231,1981,0.013754365500913024,skab_fold_aware_refined_search,281
0.0,0.0,0.0,0.0,unseen_data,SKAB,fold_1,42,5,4,probabilistic_suffix_tree,4,1,0.5,0.7,117,1231,1981,0.013754365500913024,skab_fold_aware_refined_search,281
0.6640537513997761,0.5247058823529411,0.6947040498442367,0.5978552278820375,original,SKAB,fold_2,42,5,4,probabilistic_suffix_tree,4,1,0.5,0.7,106,1166,1902,0.01538884753551895,skab_fold_aware_refined_search,281
0.6595744680851063,0.5198135198135199,0.6947040498442367,0.5946666666666667,gaussian_noise,SKAB,fold_2,42,5,4,probabilistic_suffix_tree,4,1,0.5,0.7,106,1166,1902,0.01538884753551895,skab_fold_aware_refined_search,281
0.0,0.0,0.0,0.0,unseen_data,SKAB,fold_2,42,5,4,probabilistic_suffix_tree,4,1,0.5,0.7,106,1166,1902,0.01538884753551895,skab_fold_aware_refined_search,281
0.58006718924972,0.4494163424124514,0.7151702786377709,0.5519713261648745,original,SKAB,fold_3,42,5,4,probabilistic_suffix_tree,4,1,0.5,0.7,105,1140,1837,0.015346700083542188,skab_fold_aware_refined_search,281
0.6114221724524076,0.47718631178707227,0.7770897832817337,0.591283863368669,gaussian_noise,SKAB,fold_3,42,5,4,probabilistic_suffix_tree,4,1,0.5,0.7,105,1140,1837,0.015346700083542188,skab_fold_aware_refined_search,281
0.0,0.0,0.0,0.0,unseen_data,SKAB,fold_3,42,5,4,probabilistic_suffix_tree,4,1,0.5,0.7,105,1140,1837,0.015346700083542188,skab_fold_aware_refined_search,281
0.4778660612939841,0.3160493827160494,0.4115755627009646,0.3575418994413408,original,SKAB,fold_4,42,5,4,probabilistic_suffix_tree,4,1,0.5,0.7,103,1116,1817,0.015807147579775204,skab_fold_aware_refined_search,281
0.4642451759364359,0.3012345679012346,0.39228295819935693,0.3407821229050279,gaussian_noise,SKAB,fold_4,42,5,4,probabilistic_suffix_tree,4,1,0.5,0.7,103,1116,1817,0.015807147579775204,skab_fold_aware_refined_search,281
0.2,0.2,1.0,0.3333333333333333,unseen_data,SKAB,fold_4,42,5,4,probabilistic_suffix_tree,4,1,0.5,0.7,103,1116,1817,0.015807147579775204,skab_fold_aware_refined_search,281
0.5238095238095238,0.43209876543209874,0.9516616314199395,0.5943396226415094,original,SKAB,fold_5,42,5,4,probabilistic_suffix_tree,4,1,0.5,0.7,103,1051,1685,0.015565388488078853,skab_fold_aware_refined_search,281
0.530454042081949,0.435506241331484,0.9486404833836858,0.596958174904943,gaussian_noise,SKAB,fold_5,42,5,4,probabilistic_suffix_tree,4,1,0.5,0.7,103,1051,1685,0.015565388488078853,skab_fold_aware_refined_search,281
0.3472222222222222,0.3472222222222222,1.0,0.5154639175257731,unseen_data,SKAB,fold_5,42,5,4,probabilistic_suffix_tree,4,1,0.5,0.7,103,1051,1685,0.015565388488078853,skab_fold_aware_refined_search,281
0.6109253065774805,0.4814264487369985,1.0,0.649949849548646,original,SKAB,fold_1,42,5,4,probabilistic_suffix_tree,4,1,0.5,0.9,117,1231,1981,0.013754365500913024,skab_fold_aware_refined_search,282
0.6109253065774805,0.4814264487369985,1.0,0.649949849548646,gaussian_noise,SKAB,fold_1,42,5,4,probabilistic_suffix_tree,4,1,0.5,0.9,117,1231,1981,0.013754365500913024,skab_fold_aware_refined_search,282
0.0,0.0,0.0,0.0,unseen_data,SKAB,fold_1,42,5,4,probabilistic_suffix_tree,4,1,0.5,0.9,117,1231,1981,0.013754365500913024,skab_fold_aware_refined_search,282
0.3594624860022396,0.3594624860022396,1.0,0.528830313014827,original,SKAB,fold_2,42,5,4,probabilistic_suffix_tree,4,1,0.5,0.9,106,1166,1902,0.01538884753551895,skab_fold_aware_refined_search,282
0.3594624860022396,0.3594624860022396,1.0,0.528830313014827,gaussian_noise,SKAB,fold_2,42,5,4,probabilistic_suffix_tree,4,1,0.5,0.9,106,1166,1902,0.01538884753551895,skab_fold_aware_refined_search,282
0.0,0.0,0.0,0.0,unseen_data,SKAB,fold_2,42,5,4,probabilistic_suffix_tree,4,1,0.5,0.9,106,1166,1902,0.01538884753551895,skab_fold_aware_refined_search,282
0.3617021276595745,0.3617021276595745,1.0,0.53125,original,SKAB,fold_3,42,5,4,probabilistic_suffix_tree,4,1,0.5,0.9,105,1140,1837,0.015346700083542188,skab_fold_aware_refined_search,282
0.3617021276595745,0.3617021276595745,1.0,0.53125,gaussian_noise,SKAB,fold_3,42,5,4,probabilistic_suffix_tree,4,1,0.5,0.9,105,1140,1837,0.015346700083542188,skab_fold_aware_refined_search,282
0.0,0.0,0.0,0.0,unseen_data,SKAB,fold_3,42,5,4,probabilistic_suffix_tree,4,1,0.5,0.9,105,1140,1837,0.015346700083542188,skab_fold_aware_refined_search,282
0.3518728717366629,0.3018292682926829,0.6366559485530546,0.4095139607032058,original,SKAB,fold_4,42,5,4,probabilistic_suffix_tree,4,1,0.5,0.9,103,1116,1817,0.015807147579775204,skab_fold_aware_refined_search,282
0.3518728717366629,0.3018292682926829,0.6366559485530546,0.4095139607032058,gaussian_noise,SKAB,fold_4,42,5,4,probabilistic_suffix_tree,4,1,0.5,0.9,103,1116,1817,0.015807147579775204,skab_fold_aware_refined_search,282
0.2,0.2,1.0,0.3333333333333333,unseen_data,SKAB,fold_4,42,5,4,probabilistic_suffix_tree,4,1,0.5,0.9,103,1116,1817,0.015807147579775204,skab_fold_aware_refined_search,282
0.42857142857142855,0.3907910271546635,1.0,0.5619694397283531,original,SKAB,fold_5,42,5,4,probabilistic_suffix_tree,4,1,0.5,0.9,103,1051,1685,0.015565388488078853,skab_fold_aware_refined_search,282
0.43521594684385384,0.3935790725326992,1.0,0.5648464163822525,gaussian_noise,SKAB,fold_5,42,5,4,probabilistic_suffix_tree,4,1,0.5,0.9,103,1051,1685,0.015565388488078853,skab_fold_aware_refined_search,282
0.3472222222222222,0.3472222222222222,1.0,0.5154639175257731,unseen_data,SKAB,fold_5,42,5,4,probabilistic_suffix_tree,4,1,0.5,0.9,103,1051,1685,0.015565388488078853,skab_fold_aware_refined_search,282
0.6287625418060201,0.4881889763779528,0.5740740740740741,0.5276595744680851,original,SKAB,fold_1,42,5,4,probabilistic_suffix_tree,4,2,0.1,0.5,117,1231,1981,0.013754365500913024,skab_fold_aware_refined_search,283
0.6354515050167224,0.4960212201591512,0.5771604938271605,0.5335235378031383,gaussian_noise,SKAB,fold_1,42,5,4,probabilistic_suffix_tree,4,2,0.1,0.5,117,1231,1981,0.013754365500913024,skab_fold_aware_refined_search,283
0.0,0.0,0.0,0.0,unseen_data,SKAB,fold_1,42,5,4,probabilistic_suffix_tree,4,2,0.1,0.5,117,1231,1981,0.013754365500913024,skab_fold_aware_refined_search,283
0.6774916013437849,0.5454545454545454,0.616822429906542,0.5789473684210527,original,SKAB,fold_2,42,5,4,probabilistic_suffix_tree,4,2,0.1,0.5,106,1166,1902,0.01538884753551895,skab_fold_aware_refined_search,283
0.6741321388577828,0.5412087912087912,0.6137071651090342,0.5751824817518248,gaussian_noise,SKAB,fold_2,42,5,4,probabilistic_suffix_tree,4,2,0.1,0.5,106,1166,1902,0.01538884753551895,skab_fold_aware_refined_search,283
0.0,0.0,0.0,0.0,unseen_data,SKAB,fold_2,42,5,4,probabilistic_suffix_tree,4,2,0.1,0.5,106,1166,1902,0.01538884753551895,skab_fold_aware_refined_search,283
0.5845464725643897,0.44759825327510916,0.6346749226006192,0.5249679897567221,original,SKAB,fold_3,42,5,4,probabilistic_suffix_tree,4,2,0.1,0.5,105,1140,1837,0.015346700083542188,skab_fold_aware_refined_search,283
0.6159014557670772,0.47835497835497837,0.6842105263157895,0.5630573248407643,gaussian_noise,SKAB,fold_3,42,5,4,probabilistic_suffix_tree,4,2,0.1,0.5,105,1140,1837,0.015346700083542188,skab_fold_aware_refined_search,283
0.0,0.0,0.0,0.0,unseen_data,SKAB,fold_3,42,5,4,probabilistic_suffix_tree,4,2,0.1,0.5,105,1140,1837,0.015346700083542188,skab_fold_aware_refined_search,283
0.4858115777525539,0.2959770114942529,0.3311897106109325,0.3125948406676783,original,SKAB,fold_4,42,5,4,probabilistic_suffix_tree,4,2,0.1,0.5,103,1116,1817,0.015807147579775204,skab_fold_aware_refined_search,283
0.48240635641316687,0.2898550724637681,0.3215434083601286,0.3048780487804878,gaussian_noise,SKAB,fold_4,42,5,4,probabilistic_suffix_tree,4,2,0.1,0.5,103,1116,1817,0.015807147579775204,skab_fold_aware_refined_search,283
0.2,0.2,1.0,0.3333333333333333,unseen_data,SKAB,fold_4,42,5,4,probabilistic_suffix_tree,4,2,0.1,0.5,103,1116,1817,0.015807147579775204,skab_fold_aware_refined_search,283
0.5337763012181617,0.4336283185840708,0.8882175226586103,0.5827552031714569,original,SKAB,fold_5,42,5,4,probabilistic_suffix_tree,4,2,0.1,0.5,103,1051,1685,0.015565388488078853,skab_fold_aware_refined_search,283
0.5348837209302325,0.4342688330871492,0.8882175226586103,0.5833333333333334,gaussian_noise,SKAB,fold_5,42,5,4,probabilistic_suffix_tree,4,2,0.1,0.5,103,1051,1685,0.015565388488078853,skab_fold_aware_refined_search,283
0.3472222222222222,0.34285714285714286,0.96,0.5052631578947369,unseen_data,SKAB,fold_5,42,5,4,probabilistic_suffix_tree,4,2,0.1,0.5,103,1051,1685,0.015565388488078853,skab_fold_aware_refined_search,283
0.6142697881828316,0.47533632286995514,0.654320987654321,0.5506493506493506,original,SKAB,fold_1,42,5,4,probabilistic_suffix_tree,4,2,0.1,0.7,117,1231,1981,0.013754365500913024,skab_fold_aware_refined_search,284
0.6187290969899666,0.4797297297297297,0.6574074074074074,0.5546875,gaussian_noise,SKAB,fold_1,42,5,4,probabilistic_suffix_tree,4,2,0.1,0.7,117,1231,1981,0.013754365500913024,skab_fold_aware_refined_search,284
0.0,0.0,0.0,0.0,unseen_data,SKAB,fold_1,42,5,4,probabilistic_suffix_tree,4,2,0.1,0.7,117,1231,1981,0.013754365500913024,skab_fold_aware_refined_search,284
0.6651735722284434,0.5259433962264151,0.6947040498442367,0.5986577181208054,original,SKAB,fold_2,42,5,4,probabilistic_suffix_tree,4,2,0.1,0.7,106,1166,1902,0.01538884753551895,skab_fold_aware_refined_search,284
0.6606942889137738,0.5210280373831776,0.6947040498442367,0.595460614152203,gaussian_noise,SKAB,fold_2,42,5,4,probabilistic_suffix_tree,4,2,0.1,0.7,106,1166,1902,0.01538884753551895,skab_fold_aware_refined_search,284
0.0,0.0,0.0,0.0,unseen_data,SKAB,fold_2,42,5,4,probabilistic_suffix_tree,4,2,0.1,0.7,106,1166,1902,0.01538884753551895,skab_fold_aware_refined_search,284
0.58006718924972,0.4494163424124514,0.7151702786377709,0.5519713261648745,original,SKAB,fold_3,42,5,4,probabilistic_suffix_tree,4,2,0.1,0.7,105,1140,1837,0.015346700083542188,skab_fold_aware_refined_search,284
0.6114221724524076,0.47718631178707227,0.7770897832817337,0.591283863368669,gaussian_noise,SKAB,fold_3,42,5,4,probabilistic_suffix_tree,4,2,0.1,0.7,105,1140,1837,0.015346700083542188,skab_fold_aware_refined_search,284
0.0,0.0,0.0,0.0,unseen_data,SKAB,fold_3,42,5,4,probabilistic_suffix_tree,4,2,0.1,0.7,105,1140,1837,0.015346700083542188,skab_fold_aware_refined_search,284
0.4778660612939841,0.3160493827160494,0.4115755627009646,0.3575418994413408,original,SKAB,fold_4,42,5,4,probabilistic_suffix_tree,4,2,0.1,0.7,103,1116,1817,0.015807147579775204,skab_fold_aware_refined_search,284
0.4642451759364359,0.3012345679012346,0.39228295819935693,0.3407821229050279,gaussian_noise,SKAB,fold_4,42,5,4,probabilistic_suffix_tree,4,2,0.1,0.7,103,1116,1817,0.015807147579775204,skab_fold_aware_refined_search,284
0.2,0.2,1.0,0.3333333333333333,unseen_data,SKAB,fold_4,42,5,4,probabilistic_suffix_tree,4,2,0.1,0.7,103,1116,1817,0.015807147579775204,skab_fold_aware_refined_search,284
0.5049833887043189,0.41853932584269665,0.9003021148036254,0.5714285714285714,original,SKAB,fold_5,42,5,4,probabilistic_suffix_tree,4,2,0.1,0.7,103,1051,1685,0.015565388488078853,skab_fold_aware_refined_search,284
0.5138427464008859,0.4235127478753541,0.9033232628398792,0.5766634522661523,gaussian_noise,SKAB,fold_5,42,5,4,probabilistic_suffix_tree,4,2,0.1,0.7,103,1051,1685,0.015565388488078853,skab_fold_aware_refined_search,284
0.3472222222222222,0.3472222222222222,1.0,0.5154639175257731,unseen_data,SKAB,fold_5,42,5,4,probabilistic_suffix_tree,4,2,0.1,0.7,103,1051,1685,0.015565388488078853,skab_fold_aware_refined_search,284
0.48606465997770343,0.3778966131907308,0.654320987654321,0.47909604519774013,original,SKAB,fold_1,42,5,4,probabilistic_suffix_tree,4,2,0.1,0.9,117,1231,1981,0.013754365500913024,skab_fold_aware_refined_search,285
0.48717948717948717,0.3790035587188612,0.6574074074074074,0.48081264108352145,gaussian_noise,SKAB,fold_1,42,5,4,probabilistic_suffix_tree,4,2,0.1,0.9,117,1231,1981,0.013754365500913024,skab_fold_aware_refined_search,285
0.0,0.0,0.0,0.0,unseen_data,SKAB,fold_1,42,5,4,probabilistic_suffix_tree,4,2,0.1,0.9,117,1231,1981,0.013754365500913024,skab_fold_aware_refined_search,285
0.6640537513997761,0.5247058823529411,0.6947040498442367,0.5978552278820375,original,SKAB,fold_2,42,5,4,probabilistic_suffix_tree,4,2,0.1,0.9,106,1166,1902,0.01538884753551895,skab_fold_aware_refined_search,285
0.6595744680851063,0.5198135198135199,0.6947040498442367,0.5946666666666667,gaussian_noise,SKAB,fold_2,42,5,4,probabilistic_suffix_tree,4,2,0.1,0.9,106,1166,1902,0.01538884753551895,skab_fold_aware_refined_search,285
0.0,0.0,0.0,0.0,unseen_data,SKAB,fold_2,42,5,4,probabilistic_suffix_tree,4,2,0.1,0.9,106,1166,1902,0.01538884753551895,skab_fold_aware_refined_search,285
0.58006718924972,0.4494163424124514,0.7151702786377709,0.5519713261648745,original,SKAB,fold_3,42,5,4,probabilistic_suffix_tree,4,2,0.1,0.9,105,1140,1837,0.015346700083542188,skab_fold_aware_refined_search,285
0.6114221724524076,0.47718631178707227,0.7770897832817337,0.591283863368669,gaussian_noise,SKAB,fold_3,42,5,4,probabilistic_suffix_tree,4,2,0.1,0.9,105,1140,1837,0.015346700083542188,skab_fold_aware_refined_search,285
0.0,0.0,0.0,0.0,unseen_data,SKAB,fold_3,42,5,4,probabilistic_suffix_tree,4,2,0.1,0.9,105,1140,1837,0.015346700083542188,skab_fold_aware_refined_search,285
0.4733257661748014,0.3575418994413408,0.617363344051447,0.4528301886792453,original,SKAB,fold_4,42,5,4,probabilistic_suffix_tree,4,2,0.1,0.9,103,1116,1817,0.015807147579775204,skab_fold_aware_refined_search,285
0.47105561861521,0.35514018691588783,0.6109324758842444,0.4491725768321513,gaussian_noise,SKAB,fold_4,42,5,4,probabilistic_suffix_tree,4,2,0.1,0.9,103,1116,1817,0.015807147579775204,skab_fold_aware_refined_search,285
0.2,0.2,1.0,0.3333333333333333,unseen_data,SKAB,fold_4,42,5,4,probabilistic_suffix_tree,4,2,0.1,0.9,103,1116,1817,0.015807147579775204,skab_fold_aware_refined_search,285
0.5238095238095238,0.43209876543209874,0.9516616314199395,0.5943396226415094,original,SKAB,fold_5,42,5,4,probabilistic_suffix_tree,4,2,0.1,0.9,103,1051,1685,0.015565388488078853,skab_fold_aware_refined_search,285
0.530454042081949,0.435506241331484,0.9486404833836858,0.596958174904943,gaussian_noise,SKAB,fold_5,42,5,4,probabilistic_suffix_tree,4,2,0.1,0.9,103,1051,1685,0.015565388488078853,skab_fold_aware_refined_search,285
0.3472222222222222,0.3472222222222222,1.0,0.5154639175257731,unseen_data,SKAB,fold_5,42,5,4,probabilistic_suffix_tree,4,2,0.1,0.9,103,1051,1685,0.015565388488078853,skab_fold_aware_refined_search,285
0.6142697881828316,0.47533632286995514,0.654320987654321,0.5506493506493506,original,SKAB,fold_1,42,5,4,probabilistic_suffix_tree,4,2,0.5,0.5,117,1231,1981,0.013754365500913024,skab_fold_aware_refined_search,286
0.6187290969899666,0.4797297297297297,0.6574074074074074,0.5546875,gaussian_noise,SKAB,fold_1,42,5,4,probabilistic_suffix_tree,4,2,0.5,0.5,117,1231,1981,0.013754365500913024,skab_fold_aware_refined_search,286
0.0,0.0,0.0,0.0,unseen_data,SKAB,fold_1,42,5,4,probabilistic_suffix_tree,4,2,0.5,0.5,117,1231,1981,0.013754365500913024,skab_fold_aware_refined_search,286
0.6640537513997761,0.5247058823529411,0.6947040498442367,0.5978552278820375,original,SKAB,fold_2,42,5,4,probabilistic_suffix_tree,4,2,0.5,0.5,106,1166,1902,0.01538884753551895,skab_fold_aware_refined_search,286
0.6595744680851063,0.5198135198135199,0.6947040498442367,0.5946666666666667,gaussian_noise,SKAB,fold_2,42,5,4,probabilistic_suffix_tree,4,2,0.5,0.5,106,1166,1902,0.01538884753551895,skab_fold_aware_refined_search,286
0.0,0.0,0.0,0.0,unseen_data,SKAB,fold_2,42,5,4,probabilistic_suffix_tree,4,2,0.5,0.5,106,1166,1902,0.01538884753551895,skab_fold_aware_refined_search,286
0.58006718924972,0.4494163424124514,0.7151702786377709,0.5519713261648745,original,SKAB,fold_3,42,5,4,probabilistic_suffix_tree,4,2,0.5,0.5,105,1140,1837,0.015346700083542188,skab_fold_aware_refined_search,286
0.6114221724524076,0.47718631178707227,0.7770897832817337,0.591283863368669,gaussian_noise,SKAB,fold_3,42,5,4,probabilistic_suffix_tree,4,2,0.5,0.5,105,1140,1837,0.015346700083542188,skab_fold_aware_refined_search,286
0.0,0.0,0.0,0.0,unseen_data,SKAB,fold_3,42,5,4,probabilistic_suffix_tree,4,2,0.5,0.5,105,1140,1837,0.015346700083542188,skab_fold_aware_refined_search,286
0.4778660612939841,0.3160493827160494,0.4115755627009646,0.3575418994413408,original,SKAB,fold_4,42,5,4,probabilistic_suffix_tree,4,2,0.5,0.5,103,1116,1817,0.015807147579775204,skab_fold_aware_refined_search,286
0.4642451759364359,0.3012345679012346,0.39228295819935693,0.3407821229050279,gaussian_noise,SKAB,fold_4,42,5,4,probabilistic_suffix_tree,4,2,0.5,0.5,103,1116,1817,0.015807147579775204,skab_fold_aware_refined_search,286
0.2,0.2,1.0,0.3333333333333333,unseen_data,SKAB,fold_4,42,5,4,probabilistic_suffix_tree,4,2,0.5,0.5,103,1116,1817,0.015807147579775204,skab_fold_aware_refined_search,286
0.5049833887043189,0.41853932584269665,0.9003021148036254,0.5714285714285714,original,SKAB,fold_5,42,5,4,probabilistic_suffix_tree,4,2,0.5,0.5,103,1051,1685,0.015565388488078853,skab_fold_aware_refined_search,286
0.5138427464008859,0.4235127478753541,0.9033232628398792,0.5766634522661523,gaussian_noise,SKAB,fold_5,42,5,4,probabilistic_suffix_tree,4,2,0.5,0.5,103,1051,1685,0.015565388488078853,skab_fold_aware_refined_search,286
0.3472222222222222,0.3472222222222222,1.0,0.5154639175257731,unseen_data,SKAB,fold_5,42,5,4,probabilistic_suffix_tree,4,2,0.5,0.5,103,1051,1685,0.015565388488078853,skab_fold_aware_refined_search,286
0.5763656633221851,0.44166666666666665,0.654320987654321,0.527363184079602,original,SKAB,fold_1,42,5,4,probabilistic_suffix_tree,4,2,0.5,0.7,117,1231,1981,0.013754365500913024,skab_fold_aware_refined_search,287
0.5819397993311036,0.44654088050314467,0.6574074074074074,0.5318352059925093,gaussian_noise,SKAB,fold_1,42,5,4,probabilistic_suffix_tree,4,2,0.5,0.7,117,1231,1981,0.013754365500913024,skab_fold_aware_refined_search,287
0.0,0.0,0.0,0.0,unseen_data,SKAB,fold_1,42,5,4,probabilistic_suffix_tree,4,2,0.5,0.7,117,1231,1981,0.013754365500913024,skab_fold_aware_refined_search,287
0.6640537513997761,0.5247058823529411,0.6947040498442367,0.5978552278820375,original,SKAB,fold_2,42,5,4,probabilistic_suffix_tree,4,2,0.5,0.7,106,1166,1902,0.01538884753551895,skab_fold_aware_refined_search,287
0.6595744680851063,0.5198135198135199,0.6947040498442367,0.5946666666666667,gaussian_noise,SKAB,fold_2,42,5,4,probabilistic_suffix_tree,4,2,0.5,0.7,106,1166,1902,0.01538884753551895,skab_fold_aware_refined_search,287
0.0,0.0,0.0,0.0,unseen_data,SKAB,fold_2,42,5,4,probabilistic_suffix_tree,4,2,0.5,0.7,106,1166,1902,0.01538884753551895,skab_fold_aware_refined_search,287
0.58006718924972,0.4494163424124514,0.7151702786377709,0.5519713261648745,original,SKAB,fold_3,42,5,4,probabilistic_suffix_tree,4,2,0.5,0.7,105,1140,1837,0.015346700083542188,skab_fold_aware_refined_search,287
0.6114221724524076,0.47718631178707227,0.7770897832817337,0.591283863368669,gaussian_noise,SKAB,fold_3,42,5,4,probabilistic_suffix_tree,4,2,0.5,0.7,105,1140,1837,0.015346700083542188,skab_fold_aware_refined_search,287
0.0,0.0,0.0,0.0,unseen_data,SKAB,fold_3,42,5,4,probabilistic_suffix_tree,4,2,0.5,0.7,105,1140,1837,0.015346700083542188,skab_fold_aware_refined_search,287
0.4778660612939841,0.3160493827160494,0.4115755627009646,0.3575418994413408,original,SKAB,fold_4,42,5,4,probabilistic_suffix_tree,4,2,0.5,0.7,103,1116,1817,0.015807147579775204,skab_fold_aware_refined_search,287
0.4642451759364359,0.3012345679012346,0.39228295819935693,0.3407821229050279,gaussian_noise,SKAB,fold_4,42,5,4,probabilistic_suffix_tree,4,2,0.5,0.7,103,1116,1817,0.015807147579775204,skab_fold_aware_refined_search,287
0.2,0.2,1.0,0.3333333333333333,unseen_data,SKAB,fold_4,42,5,4,probabilistic_suffix_tree,4,2,0.5,0.7,103,1116,1817,0.015807147579775204,skab_fold_aware_refined_search,287
0.5238095238095238,0.43209876543209874,0.9516616314199395,0.5943396226415094,original,SKAB,fold_5,42,5,4,probabilistic_suffix_tree,4,2,0.5,0.7,103,1051,1685,0.015565388488078853,skab_fold_aware_refined_search,287
0.530454042081949,0.435506241331484,0.9486404833836858,0.596958174904943,gaussian_noise,SKAB,fold_5,42,5,4,probabilistic_suffix_tree,4,2,0.5,0.7,103,1051,1685,0.015565388488078853,skab_fold_aware_refined_search,287
0.3472222222222222,0.3472222222222222,1.0,0.5154639175257731,unseen_data,SKAB,fold_5,42,5,4,probabilistic_suffix_tree,4,2,0.5,0.7,103,1051,1685,0.015565388488078853,skab_fold_aware_refined_search,287
0.6109253065774805,0.4814264487369985,1.0,0.649949849548646,original,SKAB,fold_1,42,5,4,probabilistic_suffix_tree,4,2,0.5,0.9,117,1231,1981,0.013754365500913024,skab_fold_aware_refined_search,288
0.6109253065774805,0.4814264487369985,1.0,0.649949849548646,gaussian_noise,SKAB,fold_1,42,5,4,probabilistic_suffix_tree,4,2,0.5,0.9,117,1231,1981,0.013754365500913024,skab_fold_aware_refined_search,288
0.0,0.0,0.0,0.0,unseen_data,SKAB,fold_1,42,5,4,probabilistic_suffix_tree,4,2,0.5,0.9,117,1231,1981,0.013754365500913024,skab_fold_aware_refined_search,288
0.3594624860022396,0.3594624860022396,1.0,0.528830313014827,original,SKAB,fold_2,42,5,4,probabilistic_suffix_tree,4,2,0.5,0.9,106,1166,1902,0.01538884753551895,skab_fold_aware_refined_search,288
0.3594624860022396,0.3594624860022396,1.0,0.528830313014827,gaussian_noise,SKAB,fold_2,42,5,4,probabilistic_suffix_tree,4,2,0.5,0.9,106,1166,1902,0.01538884753551895,skab_fold_aware_refined_search,288
0.0,0.0,0.0,0.0,unseen_data,SKAB,fold_2,42,5,4,probabilistic_suffix_tree,4,2,0.5,0.9,106,1166,1902,0.01538884753551895,skab_fold_aware_refined_search,288
0.3617021276595745,0.3617021276595745,1.0,0.53125,original,SKAB,fold_3,42,5,4,probabilistic_suffix_tree,4,2,0.5,0.9,105,1140,1837,0.015346700083542188,skab_fold_aware_refined_search,288
0.3617021276595745,0.3617021276595745,1.0,0.53125,gaussian_noise,SKAB,fold_3,42,5,4,probabilistic_suffix_tree,4,2,0.5,0.9,105,1140,1837,0.015346700083542188,skab_fold_aware_refined_search,288
0.0,0.0,0.0,0.0,unseen_data,SKAB,fold_3,42,5,4,probabilistic_suffix_tree,4,2,0.5,0.9,105,1140,1837,0.015346700083542188,skab_fold_aware_refined_search,288
0.3518728717366629,0.3018292682926829,0.6366559485530546,0.4095139607032058,original,SKAB,fold_4,42,5,4,probabilistic_suffix_tree,4,2,0.5,0.9,103,1116,1817,0.015807147579775204,skab_fold_aware_refined_search,288
0.3518728717366629,0.3018292682926829,0.6366559485530546,0.4095139607032058,gaussian_noise,SKAB,fold_4,42,5,4,probabilistic_suffix_tree,4,2,0.5,0.9,103,1116,1817,0.015807147579775204,skab_fold_aware_refined_search,288
0.2,0.2,1.0,0.3333333333333333,unseen_data,SKAB,fold_4,42,5,4,probabilistic_suffix_tree,4,2,0.5,0.9,103,1116,1817,0.015807147579775204,skab_fold_aware_refined_search,288
0.42857142857142855,0.3907910271546635,1.0,0.5619694397283531,original,SKAB,fold_5,42,5,4,probabilistic_suffix_tree,4,2,0.5,0.9,103,1051,1685,0.015565388488078853,skab_fold_aware_refined_search,288
0.43521594684385384,0.3935790725326992,1.0,0.5648464163822525,gaussian_noise,SKAB,fold_5,42,5,4,probabilistic_suffix_tree,4,2,0.5,0.9,103,1051,1685,0.015565388488078853,skab_fold_aware_refined_search,288
0.3472222222222222,0.3472222222222222,1.0,0.5154639175257731,unseen_data,SKAB,fold_5,42,5,4,probabilistic_suffix_tree,4,2,0.5,0.9,103,1051,1685,0.015565388488078853,skab_fold_aware_refined_search,288
0.7012263099219621,0.6,0.5185185185185185,0.5562913907284768,original,SKAB,fold_1,42,5,5,probabilistic_suffix_tree,2,1,0.1,0.5,170,469,948,0.01189012918600276,skab_fold_aware_refined_search,289
0.6833890746934225,0.5714285714285714,0.49382716049382713,0.5298013245033113,gaussian_noise,SKAB,fold_1,42,5,5,probabilistic_suffix_tree,2,1,0.1,0.5,170,469,948,0.01189012918600276,skab_fold_aware_refined_search,289
0.0,0.0,0.0,0.0,unseen_data,SKAB,fold_1,42,5,5,probabilistic_suffix_tree,2,1,0.1,0.5,170,469,948,0.01189012918600276,skab_fold_aware_refined_search,289
0.5778275475923852,0.42178770949720673,0.470404984423676,0.44477172312223856,original,SKAB,fold_2,42,5,5,probabilistic_suffix_tree,2,1,0.1,0.5,155,436,906,0.013406333234684818,skab_fold_aware_refined_search,289
0.5845464725643897,0.43131868131868134,0.48909657320872274,0.4583941605839416,gaussian_noise,SKAB,fold_2,42,5,5,probabilistic_suffix_tree,2,1,0.1,0.5,155,436,906,0.013406333234684818,skab_fold_aware_refined_search,289
0.0,0.0,0.0,0.0,unseen_data,SKAB,fold_2,42,5,5,probabilistic_suffix_tree,2,1,0.1,0.5,155,436,906,0.013406333234684818,skab_fold_aware_refined_search,289
0.5128779395296752,0.3793103448275862,0.544891640866873,0.44726810673443457,original,SKAB,fold_3,42,5,5,probabilistic_suffix_tree,2,1,0.1,0.5,153,429,880,0.013407072230601643,skab_fold_aware_refined_search,289
0.503919372900336,0.3755186721991701,0.5603715170278638,0.4496894409937888,gaussian_noise,SKAB,fold_3,42,5,5,probabilistic_suffix_tree,2,1,0.1,0.5,153,429,880,0.013407072230601643,skab_fold_aware_refined_search,289
0.2641509433962264,0.2641509433962264,1.0,0.417910447761194,unseen_data,SKAB,fold_3,42,5,5,probabilistic_suffix_tree,2,1,0.1,0.5,153,429,880,0.013407072230601643,skab_fold_aware_refined_search,289
0.44948921679909193,0.2938388625592417,0.3987138263665595,0.3383356070941337,original,SKAB,fold_4,42,5,5,probabilistic_suffix_tree,2,1,0.1,0.5,161,441,894,0.01259137195250771,skab_fold_aware_refined_search,289
0.4449489216799092,0.2890995260663507,0.39228295819935693,0.3328785811732606,gaussian_noise,SKAB,fold_4,42,5,5,probabilistic_suffix_tree,2,1,0.1,0.5,161,441,894,0.01259137195250771,skab_fold_aware_refined_search,289
0.10256410256410256,0.07894736842105263,1.0,0.14634146341463414,unseen_data,SKAB,fold_4,42,5,5,probabilistic_suffix_tree,2,1,0.1,0.5,161,441,894,0.01259137195250771,skab_fold_aware_refined_search,289
0.5027685492801772,0.4175977653631285,0.9033232628398792,0.5711556829035339,original,SKAB,fold_5,42,5,5,probabilistic_suffix_tree,2,1,0.1,0.5,136,380,789,0.01526702786377709,skab_fold_aware_refined_search,289
0.4994462901439646,0.41632088520055327,0.9093655589123867,0.571157495256167,gaussian_noise,SKAB,fold_5,42,5,5,probabilistic_suffix_tree,2,1,0.1,0.5,136,380,789,0.01526702786377709,skab_fold_aware_refined_search,289
0.5608465608465608,0.5608465608465608,1.0,0.7186440677966102,unseen_data,SKAB,fold_5,42,5,5,probabilistic_suffix_tree,2,1,0.1,0.5,136,380,789,0.01526702786377709,skab_fold_aware_refined_search,289
0.5752508361204013,0.436241610738255,0.6018518518518519,0.5058365758754864,original,SKAB,fold_1,42,5,5,probabilistic_suffix_tree,2,1,0.1,0.7,170,469,948,0.01189012918600276,skab_fold_aware_refined_search,290
0.5652173913043478,0.4246575342465753,0.5740740740740741,0.4881889763779528,gaussian_noise,SKAB,fold_1,42,5,5,probabilistic_suffix_tree,2,1,0.1,0.7,170,469,948,0.01189012918600276,skab_fold_aware_refined_search,290
0.0,0.0,0.0,0.0,unseen_data,SKAB,fold_1,42,5,5,probabilistic_suffix_tree,2,1,0.1,0.7,170,469,948,0.01189012918600276,skab_fold_aware_refined_search,290
0.5453527435610303,0.4036281179138322,0.5545171339563862,0.4671916010498688,original,SKAB,fold_2,42,5,5,probabilistic_suffix_tree,2,1,0.1,0.7,155,436,906,0.013406333234684818,skab_fold_aware_refined_search,290
0.568868980963046,0.42951541850220265,0.6074766355140186,0.5032258064516129,gaussian_noise,SKAB,fold_2,42,5,5,probabilistic_suffix_tree,2,1,0.1,0.7,155,436,906,0.013406333234684818,skab_fold_aware_refined_search,290
0.0,0.0,0.0,0.0,unseen_data,SKAB,fold_2,42,5,5,probabilistic_suffix_tree,2,1,0.1,0.7,155,436,906,0.013406333234684818,skab_fold_aware_refined_search,290
0.5162374020156775,0.3985102420856611,0.6625386996904025,0.49767441860465117,original,SKAB,fold_3,42,5,5,probabilistic_suffix_tree,2,1,0.1,0.7,153,429,880,0.013407072230601643,skab_fold_aware_refined_search,290
0.509518477043673,0.3963963963963964,0.6811145510835913,0.5011389521640092,gaussian_noise,SKAB,fold_3,42,5,5,probabilistic_suffix_tree,2,1,0.1,0.7,153,429,880,0.013407072230601643,skab_fold_aware_refined_search,290
0.2641509433962264,0.2641509433962264,1.0,0.417910447761194,unseen_data,SKAB,fold_3,42,5,5,probabilistic_suffix_tree,2,1,0.1,0.7,153,429,880,0.013407072230601643,skab_fold_aware_refined_search,290
0.42905788876276957,0.2939914163090129,0.4405144694533762,0.35263835263835264,original,SKAB,fold_4,42,5,5,probabilistic_suffix_tree,2,1,0.1,0.7,161,441,894,0.01259137195250771,skab_fold_aware_refined_search,290
0.4370034052213394,0.3084886128364389,0.4790996784565916,0.37531486146095716,gaussian_noise,SKAB,fold_4,42,5,5,probabilistic_suffix_tree,2,1,0.1,0.7,161,441,894,0.01259137195250771,skab_fold_aware_refined_search,290
0.07692307692307693,0.07692307692307693,1.0,0.14285714285714285,unseen_data,SKAB,fold_4,42,5,5,probabilistic_suffix_tree,2,1,0.1,0.7,161,441,894,0.01259137195250771,skab_fold_aware_refined_search,290
0.5060908084163898,0.4228187919463087,0.9516616314199395,0.5855018587360595,original,SKAB,fold_5,42,5,5,probabilistic_suffix_tree,2,1,0.1,0.7,136,380,789,0.01526702786377709,skab_fold_aware_refined_search,290
0.5049833887043189,0.4226666666666667,0.9577039274924471,0.5864939870490287,gaussian_noise,SKAB,fold_5,42,5,5,probabilistic_suffix_tree,2,1,0.1,0.7,136,380,789,0.01526702786377709,skab_fold_aware_refined_search,290
0.5608465608465608,0.5608465608465608,1.0,0.7186440677966102,unseen_data,SKAB,fold_5,42,5,5,probabilistic_suffix_tree,2,1,0.1,0.7,136,380,789,0.01526702786377709,skab_fold_aware_refined_search,290
0.6031215161649944,0.4764705882352941,1.0,0.6454183266932271,original,SKAB,fold_1,42,5,5,probabilistic_suffix_tree,2,1,0.1,0.9,170,469,948,0.01189012918600276,skab_fold_aware_refined_search,291
0.6031215161649944,0.4764705882352941,1.0,0.6454183266932271,gaussian_noise,SKAB,fold_1,42,5,5,probabilistic_suffix_tree,2,1,0.1,0.9,170,469,948,0.01189012918600276,skab_fold_aware_refined_search,291
0.0,0.0,0.0,0.0,unseen_data,SKAB,fold_1,42,5,5,probabilistic_suffix_tree,2,1,0.1,0.9,170,469,948,0.01189012918600276,skab_fold_aware_refined_search,291
0.6103023516237402,0.4798206278026906,1.0,0.6484848484848484,original,SKAB,fold_2,42,5,5,probabilistic_suffix_tree,2,1,0.1,0.9,155,436,906,0.013406333234684818,skab_fold_aware_refined_search,291
0.6103023516237402,0.4798206278026906,1.0,0.6484848484848484,gaussian_noise,SKAB,fold_2,42,5,5,probabilistic_suffix_tree,2,1,0.1,0.9,155,436,906,0.013406333234684818,skab_fold_aware_refined_search,291
0.0,0.0,0.0,0.0,unseen_data,SKAB,fold_2,42,5,5,probabilistic_suffix_tree,2,1,0.1,0.9,155,436,906,0.013406333234684818,skab_fold_aware_refined_search,291
0.5968645016797313,0.47291361639824303,1.0,0.6421471172962226,original,SKAB,fold_3,42,5,5,probabilistic_suffix_tree,2,1,0.1,0.9,153,429,880,0.013407072230601643,skab_fold_aware_refined_search,291
0.5968645016797313,0.47291361639824303,1.0,0.6421471172962226,gaussian_noise,SKAB,fold_3,42,5,5,probabilistic_suffix_tree,2,1,0.1,0.9,153,429,880,0.013407072230601643,skab_fold_aware_refined_search,291
0.2641509433962264,0.2641509433962264,1.0,0.417910447761194,unseen_data,SKAB,fold_3,42,5,5,probabilistic_suffix_tree,2,1,0.1,0.9,153,429,880,0.013407072230601643,skab_fold_aware_refined_search,291
0.3518728717366629,0.3018292682926829,0.6366559485530546,0.4095139607032058,original,SKAB,fold_4,42,5,5,probabilistic_suffix_tree,2,1,0.1,0.9,161,441,894,0.01259137195250771,skab_fold_aware_refined_search,291
0.3507377979568672,0.3013698630136986,0.6366559485530546,0.4090909090909091,gaussian_noise,SKAB,fold_4,42,5,5,probabilistic_suffix_tree,2,1,0.1,0.9,161,441,894,0.01259137195250771,skab_fold_aware_refined_search,291
0.07692307692307693,0.07692307692307693,1.0,0.14285714285714285,unseen_data,SKAB,fold_4,42,5,5,probabilistic_suffix_tree,2,1,0.1,0.9,161,441,894,0.01259137195250771,skab_fold_aware_refined_search,291
0.4152823920265781,0.3853317811408615,1.0,0.5563025210084034,original,SKAB,fold_5,42,5,5,probabilistic_suffix_tree,2,1,0.1,0.9,136,380,789,0.01526702786377709,skab_fold_aware_refined_search,291
0.40753045404208194,0.38221709006928406,1.0,0.5530492898913951,gaussian_noise,SKAB,fold_5,42,5,5,probabilistic_suffix_tree,2,1,0.1,0.9,136,380,789,0.01526702786377709,skab_fold_aware_refined_search,291
0.5608465608465608,0.5608465608465608,1.0,0.7186440677966102,unseen_data,SKAB,fold_5,42,5,5,probabilistic_suffix_tree,2,1,0.1,0.9,136,380,789,0.01526702786377709,skab_fold_aware_refined_search,291
0.5752508361204013,0.436241610738255,0.6018518518518519,0.5058365758754864,original,SKAB,fold_1,42,5,5,probabilistic_suffix_tree,2,1,0.5,0.5,170,469,948,0.01189012918600276,skab_fold_aware_refined_search,292
0.5652173913043478,0.4246575342465753,0.5740740740740741,0.4881889763779528,gaussian_noise,SKAB,fold_1,42,5,5,probabilistic_suffix_tree,2,1,0.5,0.5,170,469,948,0.01189012918600276,skab_fold_aware_refined_search,292
0.0,0.0,0.0,0.0,unseen_data,SKAB,fold_1,42,5,5,probabilistic_suffix_tree,2,1,0.5,0.5,170,469,948,0.01189012918600276,skab_fold_aware_refined_search,292
0.5453527435610303,0.4036281179138322,0.5545171339563862,0.4671916010498688,original,SKAB,fold_2,42,5,5,probabilistic_suffix_tree,2,1,0.5,0.5,155,436,906,0.013406333234684818,skab_fold_aware_refined_search,292
0.568868980963046,0.42951541850220265,0.6074766355140186,0.5032258064516129,gaussian_noise,SKAB,fold_2,42,5,5,probabilistic_suffix_tree,2,1,0.5,0.5,155,436,906,0.013406333234684818,skab_fold_aware_refined_search,292
0.0,0.0,0.0,0.0,unseen_data,SKAB,fold_2,42,5,5,probabilistic_suffix_tree,2,1,0.5,0.5,155,436,906,0.013406333234684818,skab_fold_aware_refined_search,292
0.5162374020156775,0.3985102420856611,0.6625386996904025,0.49767441860465117,original,SKAB,fold_3,42,5,5,probabilistic_suffix_tree,2,1,0.5,0.5,153,429,880,0.013407072230601643,skab_fold_aware_refined_search,292
0.509518477043673,0.3963963963963964,0.6811145510835913,0.5011389521640092,gaussian_noise,SKAB,fold_3,42,5,5,probabilistic_suffix_tree,2,1,0.5,0.5,153,429,880,0.013407072230601643,skab_fold_aware_refined_search,292
0.2641509433962264,0.2641509433962264,1.0,0.417910447761194,unseen_data,SKAB,fold_3,42,5,5,probabilistic_suffix_tree,2,1,0.5,0.5,153,429,880,0.013407072230601643,skab_fold_aware_refined_search,292
0.42905788876276957,0.2939914163090129,0.4405144694533762,0.35263835263835264,original,SKAB,fold_4,42,5,5,probabilistic_suffix_tree,2,1,0.5,0.5,161,441,894,0.01259137195250771,skab_fold_aware_refined_search,292
0.4370034052213394,0.3084886128364389,0.4790996784565916,0.37531486146095716,gaussian_noise,SKAB,fold_4,42,5,5,probabilistic_suffix_tree,2,1,0.5,0.5,161,441,894,0.01259137195250771,skab_fold_aware_refined_search,292
0.07692307692307693,0.07692307692307693,1.0,0.14285714285714285,unseen_data,SKAB,fold_4,42,5,5,probabilistic_suffix_tree,2,1,0.5,0.5,161,441,894,0.01259137195250771,skab_fold_aware_refined_search,292
0.5060908084163898,0.4228187919463087,0.9516616314199395,0.5855018587360595,original,SKAB,fold_5,42,5,5,probabilistic_suffix_tree,2,1,0.5,0.5,136,380,789,0.01526702786377709,skab_fold_aware_refined_search,292
0.5049833887043189,0.4226666666666667,0.9577039274924471,0.5864939870490287,gaussian_noise,SKAB,fold_5,42,5,5,probabilistic_suffix_tree,2,1,0.5,0.5,136,380,789,0.01526702786377709,skab_fold_aware_refined_search,292
0.5608465608465608,0.5608465608465608,1.0,0.7186440677966102,unseen_data,SKAB,fold_5,42,5,5,probabilistic_suffix_tree,2,1,0.5,0.5,136,380,789,0.01526702786377709,skab_fold_aware_refined_search,292
0.6544035674470458,0.5135135135135135,0.8209876543209876,0.6318289786223278,original,SKAB,fold_1,42,5,5,probabilistic_suffix_tree,2,1,0.5,0.7,170,469,948,0.01189012918600276,skab_fold_aware_refined_search,293
0.6443701226309922,0.5049115913555993,0.7932098765432098,0.617046818727491,gaussian_noise,SKAB,fold_1,42,5,5,probabilistic_suffix_tree,2,1,0.5,0.7,170,469,948,0.01189012918600276,skab_fold_aware_refined_search,293
0.0,0.0,0.0,0.0,unseen_data,SKAB,fold_1,42,5,5,probabilistic_suffix_tree,2,1,0.5,0.7,170,469,948,0.01189012918600276,skab_fold_aware_refined_search,293
0.5386338185890257,0.3982102908277405,0.5545171339563862,0.4635416666666667,original,SKAB,fold_2,42,5,5,probabilistic_suffix_tree,2,1,0.5,0.7,155,436,906,0.013406333234684818,skab_fold_aware_refined_search,293
0.5643896976483762,0.425764192139738,0.6074766355140186,0.5006418485237484,gaussian_noise,SKAB,fold_2,42,5,5,probabilistic_suffix_tree,2,1,0.5,0.7,155,436,906,0.013406333234684818,skab_fold_aware_refined_search,293
0.0,0.0,0.0,0.0,unseen_data,SKAB,fold_2,42,5,5,probabilistic_suffix_tree,2,1,0.5,0.7,155,436,906,0.013406333234684818,skab_fold_aware_refined_search,293
0.5083986562150056,0.39338235294117646,0.6625386996904025,0.4936562860438293,original,SKAB,fold_3,42,5,5,probabilistic_suffix_tree,2,1,0.5,0.7,153,429,880,0.013407072230601643,skab_fold_aware_refined_search,293
0.5050391937290034,0.3935599284436494,0.6811145510835913,0.4988662131519274,gaussian_noise,SKAB,fold_3,42,5,5,probabilistic_suffix_tree,2,1,0.5,0.7,153,429,880,0.013407072230601643,skab_fold_aware_refined_search,293
0.2641509433962264,0.2641509433962264,1.0,0.417910447761194,unseen_data,SKAB,fold_3,42,5,5,probabilistic_suffix_tree,2,1,0.5,0.7,153,429,880,0.013407072230601643,skab_fold_aware_refined_search,293
0.38933030646992056,0.27345309381237526,0.4405144694533762,0.3374384236453202,original,SKAB,fold_4,42,5,5,probabilistic_suffix_tree,2,1,0.5,0.7,161,441,894,0.01259137195250771,skab_fold_aware_refined_search,293
0.4052213393870602,0.29158512720156554,0.4790996784565916,0.36253041362530414,gaussian_noise,SKAB,fold_4,42,5,5,probabilistic_suffix_tree,2,1,0.5,0.7,161,441,894,0.01259137195250771,skab_fold_aware_refined_search,293
0.07692307692307693,0.07692307692307693,1.0,0.14285714285714285,unseen_data,SKAB,fold_4,42,5,5,probabilistic_suffix_tree,2,1,0.5,0.7,161,441,894,0.01259137195250771,skab_fold_aware_refined_search,293
0.5005537098560354,0.4204244031830239,0.9577039274924471,0.584331797235023,original,SKAB,fold_5,42,5,5,probabilistic_suffix_tree,2,1,0.5,0.7,136,380,789,0.01526702786377709,skab_fold_aware_refined_search,293
0.49723145071982283,0.41939711664482304,0.9667673716012085,0.5850091407678245,gaussian_noise,SKAB,fold_5,42,5,5,probabilistic_suffix_tree,2,1,0.5,0.7,136,380,789,0.01526702786377709,skab_fold_aware_refined_search,293
0.5608465608465608,0.5608465608465608,1.0,0.7186440677966102,unseen_data,SKAB,fold_5,42,5,5,probabilistic_suffix_tree,2,1,0.5,0.7,136,380,789,0.01526702786377709,skab_fold_aware_refined_search,293
0.3612040133779264,0.3612040133779264,1.0,0.5307125307125307,original,SKAB,fold_1,42,5,5,probabilistic_suffix_tree,2,1,0.5,0.9,170,469,948,0.01189012918600276,skab_fold_aware_refined_search,294
0.3612040133779264,0.3612040133779264,1.0,0.5307125307125307,gaussian_noise,SKAB,fold_1,42,5,5,probabilistic_suffix_tree,2,1,0.5,0.9,170,469,948,0.01189012918600276,skab_fold_aware_refined_search,294
0.0,0.0,0.0,0.0,unseen_data,SKAB,fold_1,42,5,5,probabilistic_suffix_tree,2,1,0.5,0.9,170,469,948,0.01189012918600276,skab_fold_aware_refined_search,294
0.3594624860022396,0.3594624860022396,1.0,0.528830313014827,original,SKAB,fold_2,42,5,5,probabilistic_suffix_tree,2,1,0.5,0.9,155,436,906,0.013406333234684818,skab_fold_aware_refined_search,294
0.3594624860022396,0.3594624860022396,1.0,0.528830313014827,gaussian_noise,SKAB,fold_2,42,5,5,probabilistic_suffix_tree,2,1,0.5,0.9,155,436,906,0.013406333234684818,skab_fold_aware_refined_search,294
0.0,0.0,0.0,0.0,unseen_data,SKAB,fold_2,42,5,5,probabilistic_suffix_tree,2,1,0.5,0.9,155,436,906,0.013406333234684818,skab_fold_aware_refined_search,294
0.3617021276595745,0.3617021276595745,1.0,0.53125,original,SKAB,fold_3,42,5,5,probabilistic_suffix_tree,2,1,0.5,0.9,153,429,880,0.013407072230601643,skab_fold_aware_refined_search,294
0.3617021276595745,0.3617021276595745,1.0,0.53125,gaussian_noise,SKAB,fold_3,42,5,5,probabilistic_suffix_tree,2,1,0.5,0.9,153,429,880,0.013407072230601643,skab_fold_aware_refined_search,294
0.2641509433962264,0.2641509433962264,1.0,0.417910447761194,unseen_data,SKAB,fold_3,42,5,5,probabilistic_suffix_tree,2,1,0.5,0.9,153,429,880,0.013407072230601643,skab_fold_aware_refined_search,294
0.3530079455164586,0.3530079455164586,1.0,0.5218120805369127,original,SKAB,fold_4,42,5,5,probabilistic_suffix_tree,2,1,0.5,0.9,161,441,894,0.01259137195250771,skab_fold_aware_refined_search,294
0.3530079455164586,0.3530079455164586,1.0,0.5218120805369127,gaussian_noise,SKAB,fold_4,42,5,5,probabilistic_suffix_tree,2,1,0.5,0.9,161,441,894,0.01259137195250771,skab_fold_aware_refined_search,294
0.07692307692307693,0.07692307692307693,1.0,0.14285714285714285,unseen_data,SKAB,fold_4,42,5,5,probabilistic_suffix_tree,2,1,0.5,0.9,161,441,894,0.01259137195250771,skab_fold_aware_refined_search,294
0.36655592469545956,0.36655592469545956,1.0,0.5364667747163695,original,SKAB,fold_5,42,5,5,probabilistic_suffix_tree,2,1,0.5,0.9,136,380,789,0.01526702786377709,skab_fold_aware_refined_search,294
0.36655592469545956,0.36655592469545956,1.0,0.5364667747163695,gaussian_noise,SKAB,fold_5,42,5,5,probabilistic_suffix_tree,2,1,0.5,0.9,136,380,789,0.01526702786377709,skab_fold_aware_refined_search,294
0.5608465608465608,0.5608465608465608,1.0,0.7186440677966102,unseen_data,SKAB,fold_5,42,5,5,probabilistic_suffix_tree,2,1,0.5,0.9,136,380,789,0.01526702786377709,skab_fold_aware_refined_search,294
0.7012263099219621,0.6,0.5185185185185185,0.5562913907284768,original,SKAB,fold_1,42,5,5,probabilistic_suffix_tree,2,2,0.1,0.5,170,469,948,0.01189012918600276,skab_fold_aware_refined_search,295
0.6833890746934225,0.5714285714285714,0.49382716049382713,0.5298013245033113,gaussian_noise,SKAB,fold_1,42,5,5,probabilistic_suffix_tree,2,2,0.1,0.5,170,469,948,0.01189012918600276,skab_fold_aware_refined_search,295
0.0,0.0,0.0,0.0,unseen_data,SKAB,fold_1,42,5,5,probabilistic_suffix_tree,2,2,0.1,0.5,170,469,948,0.01189012918600276,skab_fold_aware_refined_search,295
0.5778275475923852,0.42134831460674155,0.4672897196261682,0.4431314623338257,original,SKAB,fold_2,42,5,5,probabilistic_suffix_tree,2,2,0.1,0.5,155,436,906,0.013406333234684818,skab_fold_aware_refined_search,295
0.5845464725643897,0.430939226519337,0.48598130841121495,0.4568081991215227,gaussian_noise,SKAB,fold_2,42,5,5,probabilistic_suffix_tree,2,2,0.1,0.5,155,436,906,0.013406333234684818,skab_fold_aware_refined_search,295
0.0,0.0,0.0,0.0,unseen_data,SKAB,fold_2,42,5,5,probabilistic_suffix_tree,2,2,0.1,0.5,155,436,906,0.013406333234684818,skab_fold_aware_refined_search,295
0.5117581187010078,0.3774403470715835,0.5386996904024768,0.44387755102040816,original,SKAB,fold_3,42,5,5,probabilistic_suffix_tree,2,2,0.1,0.5,153,429,880,0.013407072230601643,skab_fold_aware_refined_search,295
0.5061590145576708,0.3770833333333333,0.5603715170278638,0.45080946450809467,gaussian_noise,SKAB,fold_3,42,5,5,probabilistic_suffix_tree,2,2,0.1,0.5,153,429,880,0.013407072230601643,skab_fold_aware_refined_search,295
0.24528301886792453,0.25,0.9285714285714286,0.3939393939393939,unseen_data,SKAB,fold_3,42,5,5,probabilistic_suffix_tree,2,2,0.1,0.5,153,429,880,0.013407072230601643,skab_fold_aware_refined_search,295
0.45062429057888764,0.29453681710213775,0.3987138263665595,0.33879781420765026,original,SKAB,fold_4,42,5,5,probabilistic_suffix_tree,2,2,0.1,0.5,161,441,894,0.01259137195250771,skab_fold_aware_refined_search,295
0.4460839954597049,0.28978622327790976,0.39228295819935693,0.3333333333333333,gaussian_noise,SKAB,fold_4,42,5,5,probabilistic_suffix_tree,2,2,0.1,0.5,161,441,894,0.01259137195250771,skab_fold_aware_refined_search,295
0.10256410256410256,0.07894736842105263,1.0,0.14634146341463414,unseen_data,SKAB,fold_4,42,5,5,probabilistic_suffix_tree,2,2,0.1,0.5,161,441,894,0.01259137195250771,skab_fold_aware_refined_search,295
0.5027685492801772,0.4175977653631285,0.9033232628398792,0.5711556829035339,original,SKAB,fold_5,42,5,5,probabilistic_suffix_tree,2,2,0.1,0.5,136,380,789,0.01526702786377709,skab_fold_aware_refined_search,295
0.4994462901439646,0.41632088520055327,0.9093655589123867,0.571157495256167,gaussian_noise,SKAB,fold_5,42,5,5,probabilistic_suffix_tree,2,2,0.1,0.5,136,380,789,0.01526702786377709,skab_fold_aware_refined_search,295
0.5608465608465608,0.5608465608465608,1.0,0.7186440677966102,unseen_data,SKAB,fold_5,42,5,5,probabilistic_suffix_tree,2,2,0.1,0.5,136,380,789,0.01526702786377709,skab_fold_aware_refined_search,295
0.5752508361204013,0.436241610738255,0.6018518518518519,0.5058365758754864,original,SKAB,fold_1,42,5,5,probabilistic_suffix_tree,2,2,0.1,0.7,170,469,948,0.01189012918600276,skab_fold_aware_refined_search,296
0.5652173913043478,0.4246575342465753,0.5740740740740741,0.4881889763779528,gaussian_noise,SKAB,fold_1,42,5,5,probabilistic_suffix_tree,2,2,0.1,0.7,170,469,948,0.01189012918600276,skab_fold_aware_refined_search,296
0.0,0.0,0.0,0.0,unseen_data,SKAB,fold_1,42,5,5,probabilistic_suffix_tree,2,2,0.1,0.7,170,469,948,0.01189012918600276,skab_fold_aware_refined_search,296
0.5453527435610303,0.4036281179138322,0.5545171339563862,0.4671916010498688,original,SKAB,fold_2,42,5,5,probabilistic_suffix_tree,2,2,0.1,0.7,155,436,906,0.013406333234684818,skab_fold_aware_refined_search,296
0.568868980963046,0.42951541850220265,0.6074766355140186,0.5032258064516129,gaussian_noise,SKAB,fold_2,42,5,5,probabilistic_suffix_tree,2,2,0.1,0.7,155,436,906,0.013406333234684818,skab_fold_aware_refined_search,296
0.0,0.0,0.0,0.0,unseen_data,SKAB,fold_2,42,5,5,probabilistic_suffix_tree,2,2,0.1,0.7,155,436,906,0.013406333234684818,skab_fold_aware_refined_search,296
0.5162374020156775,0.3985102420856611,0.6625386996904025,0.49767441860465117,original,SKAB,fold_3,42,5,5,probabilistic_suffix_tree,2,2,0.1,0.7,153,429,880,0.013407072230601643,skab_fold_aware_refined_search,296
0.509518477043673,0.3963963963963964,0.6811145510835913,0.5011389521640092,gaussian_noise,SKAB,fold_3,42,5,5,probabilistic_suffix_tree,2,2,0.1,0.7,153,429,880,0.013407072230601643,skab_fold_aware_refined_search,296
0.2641509433962264,0.2641509433962264,1.0,0.417910447761194,unseen_data,SKAB,fold_3,42,5,5,probabilistic_suffix_tree,2,2,0.1,0.7,153,429,880,0.013407072230601643,skab_fold_aware_refined_search,296
0.42905788876276957,0.2939914163090129,0.4405144694533762,0.35263835263835264,original,SKAB,fold_4,42,5,5,probabilistic_suffix_tree,2,2,0.1,0.7,161,441,894,0.01259137195250771,skab_fold_aware_refined_search,296
0.4370034052213394,0.3084886128364389,0.4790996784565916,0.37531486146095716,gaussian_noise,SKAB,fold_4,42,5,5,probabilistic_suffix_tree,2,2,0.1,0.7,161,441,894,0.01259137195250771,skab_fold_aware_refined_search,296
0.07692307692307693,0.07692307692307693,1.0,0.14285714285714285,unseen_data,SKAB,fold_4,42,5,5,probabilistic_suffix_tree,2,2,0.1,0.7,161,441,894,0.01259137195250771,skab_fold_aware_refined_search,296
0.5060908084163898,0.4228187919463087,0.9516616314199395,0.5855018587360595,original,SKAB,fold_5,42,5,5,probabilistic_suffix_tree,2,2,0.1,0.7,136,380,789,0.01526702786377709,skab_fold_aware_refined_search,296
0.5049833887043189,0.4226666666666667,0.9577039274924471,0.5864939870490287,gaussian_noise,SKAB,fold_5,42,5,5,probabilistic_suffix_tree,2,2,0.1,0.7,136,380,789,0.01526702786377709,skab_fold_aware_refined_search,296
0.5608465608465608,0.5608465608465608,1.0,0.7186440677966102,unseen_data,SKAB,fold_5,42,5,5,probabilistic_suffix_tree,2,2,0.1,0.7,136,380,789,0.01526702786377709,skab_fold_aware_refined_search,296
0.6031215161649944,0.4764705882352941,1.0,0.6454183266932271,original,SKAB,fold_1,42,5,5,probabilistic_suffix_tree,2,2,0.1,0.9,170,469,948,0.01189012918600276,skab_fold_aware_refined_search,297
0.6031215161649944,0.4764705882352941,1.0,0.6454183266932271,gaussian_noise,SKAB,fold_1,42,5,5,probabilistic_suffix_tree,2,2,0.1,0.9,170,469,948,0.01189012918600276,skab_fold_aware_refined_search,297
0.0,0.0,0.0,0.0,unseen_data,SKAB,fold_1,42,5,5,probabilistic_suffix_tree,2,2,0.1,0.9,170,469,948,0.01189012918600276,skab_fold_aware_refined_search,297
0.6103023516237402,0.4798206278026906,1.0,0.6484848484848484,original,SKAB,fold_2,42,5,5,probabilistic_suffix_tree,2,2,0.1,0.9,155,436,906,0.013406333234684818,skab_fold_aware_refined_search,297
0.6103023516237402,0.4798206278026906,1.0,0.6484848484848484,gaussian_noise,SKAB,fold_2,42,5,5,probabilistic_suffix_tree,2,2,0.1,0.9,155,436,906,0.013406333234684818,skab_fold_aware_refined_search,297
0.0,0.0,0.0,0.0,unseen_data,SKAB,fold_2,42,5,5,probabilistic_suffix_tree,2,2,0.1,0.9,155,436,906,0.013406333234684818,skab_fold_aware_refined_search,297
0.5968645016797313,0.47291361639824303,1.0,0.6421471172962226,original,SKAB,fold_3,42,5,5,probabilistic_suffix_tree,2,2,0.1,0.9,153,429,880,0.013407072230601643,skab_fold_aware_refined_search,297
0.5968645016797313,0.47291361639824303,1.0,0.6421471172962226,gaussian_noise,SKAB,fold_3,42,5,5,probabilistic_suffix_tree,2,2,0.1,0.9,153,429,880,0.013407072230601643,skab_fold_aware_refined_search,297
0.2641509433962264,0.2641509433962264,1.0,0.417910447761194,unseen_data,SKAB,fold_3,42,5,5,probabilistic_suffix_tree,2,2,0.1,0.9,153,429,880,0.013407072230601643,skab_fold_aware_refined_search,297
0.3518728717366629,0.3018292682926829,0.6366559485530546,0.4095139607032058,original,SKAB,fold_4,42,5,5,probabilistic_suffix_tree,2,2,0.1,0.9,161,441,894,0.01259137195250771,skab_fold_aware_refined_search,297
0.3507377979568672,0.3013698630136986,0.6366559485530546,0.4090909090909091,gaussian_noise,SKAB,fold_4,42,5,5,probabilistic_suffix_tree,2,2,0.1,0.9,161,441,894,0.01259137195250771,skab_fold_aware_refined_search,297
0.07692307692307693,0.07692307692307693,1.0,0.14285714285714285,unseen_data,SKAB,fold_4,42,5,5,probabilistic_suffix_tree,2,2,0.1,0.9,161,441,894,0.01259137195250771,skab_fold_aware_refined_search,297
0.4152823920265781,0.3853317811408615,1.0,0.5563025210084034,original,SKAB,fold_5,42,5,5,probabilistic_suffix_tree,2,2,0.1,0.9,136,380,789,0.01526702786377709,skab_fold_aware_refined_search,297
0.40753045404208194,0.38221709006928406,1.0,0.5530492898913951,gaussian_noise,SKAB,fold_5,42,5,5,probabilistic_suffix_tree,2,2,0.1,0.9,136,380,789,0.01526702786377709,skab_fold_aware_refined_search,297
0.5608465608465608,0.5608465608465608,1.0,0.7186440677966102,unseen_data,SKAB,fold_5,42,5,5,probabilistic_suffix_tree,2,2,0.1,0.9,136,380,789,0.01526702786377709,skab_fold_aware_refined_search,297
0.5752508361204013,0.436241610738255,0.6018518518518519,0.5058365758754864,original,SKAB,fold_1,42,5,5,probabilistic_suffix_tree,2,2,0.5,0.5,170,469,948,0.01189012918600276,skab_fold_aware_refined_search,298
0.5652173913043478,0.4246575342465753,0.5740740740740741,0.4881889763779528,gaussian_noise,SKAB,fold_1,42,5,5,probabilistic_suffix_tree,2,2,0.5,0.5,170,469,948,0.01189012918600276,skab_fold_aware_refined_search,298
0.0,0.0,0.0,0.0,unseen_data,SKAB,fold_1,42,5,5,probabilistic_suffix_tree,2,2,0.5,0.5,170,469,948,0.01189012918600276,skab_fold_aware_refined_search,298
0.5453527435610303,0.4036281179138322,0.5545171339563862,0.4671916010498688,original,SKAB,fold_2,42,5,5,probabilistic_suffix_tree,2,2,0.5,0.5,155,436,906,0.013406333234684818,skab_fold_aware_refined_search,298
0.568868980963046,0.42951541850220265,0.6074766355140186,0.5032258064516129,gaussian_noise,SKAB,fold_2,42,5,5,probabilistic_suffix_tree,2,2,0.5,0.5,155,436,906,0.013406333234684818,skab_fold_aware_refined_search,298
0.0,0.0,0.0,0.0,unseen_data,SKAB,fold_2,42,5,5,probabilistic_suffix_tree,2,2,0.5,0.5,155,436,906,0.013406333234684818,skab_fold_aware_refined_search,298
0.5162374020156775,0.3985102420856611,0.6625386996904025,0.49767441860465117,original,SKAB,fold_3,42,5,5,probabilistic_suffix_tree,2,2,0.5,0.5,153,429,880,0.013407072230601643,skab_fold_aware_refined_search,298
0.509518477043673,0.3963963963963964,0.6811145510835913,0.5011389521640092,gaussian_noise,SKAB,fold_3,42,5,5,probabilistic_suffix_tree,2,2,0.5,0.5,153,429,880,0.013407072230601643,skab_fold_aware_refined_search,298
0.2641509433962264,0.2641509433962264,1.0,0.417910447761194,unseen_data,SKAB,fold_3,42,5,5,probabilistic_suffix_tree,2,2,0.5,0.5,153,429,880,0.013407072230601643,skab_fold_aware_refined_search,298
0.42905788876276957,0.2939914163090129,0.4405144694533762,0.35263835263835264,original,SKAB,fold_4,42,5,5,probabilistic_suffix_tree,2,2,0.5,0.5,161,441,894,0.01259137195250771,skab_fold_aware_refined_search,298
0.4370034052213394,0.3084886128364389,0.4790996784565916,0.37531486146095716,gaussian_noise,SKAB,fold_4,42,5,5,probabilistic_suffix_tree,2,2,0.5,0.5,161,441,894,0.01259137195250771,skab_fold_aware_refined_search,298
0.07692307692307693,0.07692307692307693,1.0,0.14285714285714285,unseen_data,SKAB,fold_4,42,5,5,probabilistic_suffix_tree,2,2,0.5,0.5,161,441,894,0.01259137195250771,skab_fold_aware_refined_search,298
0.5060908084163898,0.4228187919463087,0.9516616314199395,0.5855018587360595,original,SKAB,fold_5,42,5,5,probabilistic_suffix_tree,2,2,0.5,0.5,136,380,789,0.01526702786377709,skab_fold_aware_refined_search,298
0.5049833887043189,0.4226666666666667,0.9577039274924471,0.5864939870490287,gaussian_noise,SKAB,fold_5,42,5,5,probabilistic_suffix_tree,2,2,0.5,0.5,136,380,789,0.01526702786377709,skab_fold_aware_refined_search,298
0.5608465608465608,0.5608465608465608,1.0,0.7186440677966102,unseen_data,SKAB,fold_5,42,5,5,probabilistic_suffix_tree,2,2,0.5,0.5,136,380,789,0.01526702786377709,skab_fold_aware_refined_search,298
0.6544035674470458,0.5135135135135135,0.8209876543209876,0.6318289786223278,original,SKAB,fold_1,42,5,5,probabilistic_suffix_tree,2,2,0.5,0.7,170,469,948,0.01189012918600276,skab_fold_aware_refined_search,299
0.6443701226309922,0.5049115913555993,0.7932098765432098,0.617046818727491,gaussian_noise,SKAB,fold_1,42,5,5,probabilistic_suffix_tree,2,2,0.5,0.7,170,469,948,0.01189012918600276,skab_fold_aware_refined_search,299
0.0,0.0,0.0,0.0,unseen_data,SKAB,fold_1,42,5,5,probabilistic_suffix_tree,2,2,0.5,0.7,170,469,948,0.01189012918600276,skab_fold_aware_refined_search,299
0.5386338185890257,0.3982102908277405,0.5545171339563862,0.4635416666666667,original,SKAB,fold_2,42,5,5,probabilistic_suffix_tree,2,2,0.5,0.7,155,436,906,0.013406333234684818,skab_fold_aware_refined_search,299
0.5643896976483762,0.425764192139738,0.6074766355140186,0.5006418485237484,gaussian_noise,SKAB,fold_2,42,5,5,probabilistic_suffix_tree,2,2,0.5,0.7,155,436,906,0.013406333234684818,skab_fold_aware_refined_search,299
0.0,0.0,0.0,0.0,unseen_data,SKAB,fold_2,42,5,5,probabilistic_suffix_tree,2,2,0.5,0.7,155,436,906,0.013406333234684818,skab_fold_aware_refined_search,299
0.5083986562150056,0.39338235294117646,0.6625386996904025,0.4936562860438293,original,SKAB,fold_3,42,5,5,probabilistic_suffix_tree,2,2,0.5,0.7,153,429,880,0.013407072230601643,skab_fold_aware_refined_search,299
0.5050391937290034,0.3935599284436494,0.6811145510835913,0.4988662131519274,gaussian_noise,SKAB,fold_3,42,5,5,probabilistic_suffix_tree,2,2,0.5,0.7,153,429,880,0.013407072230601643,skab_fold_aware_refined_search,299
0.2641509433962264,0.2641509433962264,1.0,0.417910447761194,unseen_data,SKAB,fold_3,42,5,5,probabilistic_suffix_tree,2,2,0.5,0.7,153,429,880,0.013407072230601643,skab_fold_aware_refined_search,299
0.38933030646992056,0.27345309381237526,0.4405144694533762,0.3374384236453202,original,SKAB,fold_4,42,5,5,probabilistic_suffix_tree,2,2,0.5,0.7,161,441,894,0.01259137195250771,skab_fold_aware_refined_search,299
0.4052213393870602,0.29158512720156554,0.4790996784565916,0.36253041362530414,gaussian_noise,SKAB,fold_4,42,5,5,probabilistic_suffix_tree,2,2,0.5,0.7,161,441,894,0.01259137195250771,skab_fold_aware_refined_search,299
0.07692307692307693,0.07692307692307693,1.0,0.14285714285714285,unseen_data,SKAB,fold_4,42,5,5,probabilistic_suffix_tree,2,2,0.5,0.7,161,441,894,0.01259137195250771,skab_fold_aware_refined_search,299
0.5005537098560354,0.4204244031830239,0.9577039274924471,0.584331797235023,original,SKAB,fold_5,42,5,5,probabilistic_suffix_tree,2,2,0.5,0.7,136,380,789,0.01526702786377709,skab_fold_aware_refined_search,299
0.49723145071982283,0.41939711664482304,0.9667673716012085,0.5850091407678245,gaussian_noise,SKAB,fold_5,42,5,5,probabilistic_suffix_tree,2,2,0.5,0.7,136,380,789,0.01526702786377709,skab_fold_aware_refined_search,299
0.5608465608465608,0.5608465608465608,1.0,0.7186440677966102,unseen_data,SKAB,fold_5,42,5,5,probabilistic_suffix_tree,2,2,0.5,0.7,136,380,789,0.01526702786377709,skab_fold_aware_refined_search,299
0.3612040133779264,0.3612040133779264,1.0,0.5307125307125307,original,SKAB,fold_1,42,5,5,probabilistic_suffix_tree,2,2,0.5,0.9,170,469,948,0.01189012918600276,skab_fold_aware_refined_search,300
0.3612040133779264,0.3612040133779264,1.0,0.5307125307125307,gaussian_noise,SKAB,fold_1,42,5,5,probabilistic_suffix_tree,2,2,0.5,0.9,170,469,948,0.01189012918600276,skab_fold_aware_refined_search,300
0.0,0.0,0.0,0.0,unseen_data,SKAB,fold_1,42,5,5,probabilistic_suffix_tree,2,2,0.5,0.9,170,469,948,0.01189012918600276,skab_fold_aware_refined_search,300
0.3594624860022396,0.3594624860022396,1.0,0.528830313014827,original,SKAB,fold_2,42,5,5,probabilistic_suffix_tree,2,2,0.5,0.9,155,436,906,0.013406333234684818,skab_fold_aware_refined_search,300
0.3594624860022396,0.3594624860022396,1.0,0.528830313014827,gaussian_noise,SKAB,fold_2,42,5,5,probabilistic_suffix_tree,2,2,0.5,0.9,155,436,906,0.013406333234684818,skab_fold_aware_refined_search,300
0.0,0.0,0.0,0.0,unseen_data,SKAB,fold_2,42,5,5,probabilistic_suffix_tree,2,2,0.5,0.9,155,436,906,0.013406333234684818,skab_fold_aware_refined_search,300
0.3617021276595745,0.3617021276595745,1.0,0.53125,original,SKAB,fold_3,42,5,5,probabilistic_suffix_tree,2,2,0.5,0.9,153,429,880,0.013407072230601643,skab_fold_aware_refined_search,300
0.3617021276595745,0.3617021276595745,1.0,0.53125,gaussian_noise,SKAB,fold_3,42,5,5,probabilistic_suffix_tree,2,2,0.5,0.9,153,429,880,0.013407072230601643,skab_fold_aware_refined_search,300
0.2641509433962264,0.2641509433962264,1.0,0.417910447761194,unseen_data,SKAB,fold_3,42,5,5,probabilistic_suffix_tree,2,2,0.5,0.9,153,429,880,0.013407072230601643,skab_fold_aware_refined_search,300
0.3530079455164586,0.3530079455164586,1.0,0.5218120805369127,original,SKAB,fold_4,42,5,5,probabilistic_suffix_tree,2,2,0.5,0.9,161,441,894,0.01259137195250771,skab_fold_aware_refined_search,300
0.3530079455164586,0.3530079455164586,1.0,0.5218120805369127,gaussian_noise,SKAB,fold_4,42,5,5,probabilistic_suffix_tree,2,2,0.5,0.9,161,441,894,0.01259137195250771,skab_fold_aware_refined_search,300
0.07692307692307693,0.07692307692307693,1.0,0.14285714285714285,unseen_data,SKAB,fold_4,42,5,5,probabilistic_suffix_tree,2,2,0.5,0.9,161,441,894,0.01259137195250771,skab_fold_aware_refined_search,300
0.36655592469545956,0.36655592469545956,1.0,0.5364667747163695,original,SKAB,fold_5,42,5,5,probabilistic_suffix_tree,2,2,0.5,0.9,136,380,789,0.01526702786377709,skab_fold_aware_refined_search,300
0.36655592469545956,0.36655592469545956,1.0,0.5364667747163695,gaussian_noise,SKAB,fold_5,42,5,5,probabilistic_suffix_tree,2,2,0.5,0.9,136,380,789,0.01526702786377709,skab_fold_aware_refined_search,300
0.5608465608465608,0.5608465608465608,1.0,0.7186440677966102,unseen_data,SKAB,fold_5,42,5,5,probabilistic_suffix_tree,2,2,0.5,0.9,136,380,789,0.01526702786377709,skab_fold_aware_refined_search,300
0.7101449275362319,0.603225806451613,0.5771604938271605,0.5899053627760252,original,SKAB,fold_1,42,5,5,probabilistic_suffix_tree,3,1,0.1,0.5,170,949,1663,0.010308064216202815,skab_fold_aware_refined_search,301
0.6911928651059086,0.5760517799352751,0.5493827160493827,0.5624012638230648,gaussian_noise,SKAB,fold_1,42,5,5,probabilistic_suffix_tree,3,1,0.1,0.5,170,949,1663,0.010308064216202815,skab_fold_aware_refined_search,301
0.0,0.0,0.0,0.0,unseen_data,SKAB,fold_1,42,5,5,probabilistic_suffix_tree,3,1,0.1,0.5,170,949,1663,0.010308064216202815,skab_fold_aware_refined_search,301
0.5576707726763718,0.4079601990049751,0.5109034267912772,0.4536652835408022,original,SKAB,fold_2,42,5,5,probabilistic_suffix_tree,3,1,0.1,0.5,155,907,1618,0.011509051463527403,skab_fold_aware_refined_search,301
0.5711086226203808,0.4225,0.5264797507788161,0.46879334257975036,gaussian_noise,SKAB,fold_2,42,5,5,probabilistic_suffix_tree,3,1,0.1,0.5,155,907,1618,0.011509051463527403,skab_fold_aware_refined_search,301
0.0,0.0,0.0,0.0,unseen_data,SKAB,fold_2,42,5,5,probabilistic_suffix_tree,3,1,0.1,0.5,155,907,1618,0.011509051463527403,skab_fold_aware_refined_search,301
0.5139977603583427,0.3913894324853229,0.6191950464396285,0.47961630695443647,original,SKAB,fold_3,42,5,5,probabilistic_suffix_tree,3,1,0.1,0.5,153,881,1549,0.011491694672572017,skab_fold_aware_refined_search,301
0.5050391937290034,0.3883677298311445,0.6408668730650154,0.48364485981308414,gaussian_noise,SKAB,fold_3,42,5,5,probabilistic_suffix_tree,3,1,0.1,0.5,153,881,1549,0.011491694672572017,skab_fold_aware_refined_search,301
0.2641509433962264,0.2641509433962264,1.0,0.417910447761194,unseen_data,SKAB,fold_3,42,5,5,probabilistic_suffix_tree,3,1,0.1,0.5,153,881,1549,0.011491694672572017,skab_fold_aware_refined_search,301
0.4301929625425653,0.2946236559139785,0.4405144694533762,0.35309278350515466,original,SKAB,fold_4,42,5,5,probabilistic_suffix_tree,3,1,0.1,0.5,161,895,1568,0.010881709982997327,skab_fold_aware_refined_search,301
0.4301929625425653,0.3022774327122153,0.4694533762057878,0.3677581863979849,gaussian_noise,SKAB,fold_4,42,5,5,probabilistic_suffix_tree,3,1,0.1,0.5,161,895,1568,0.010881709982997327,skab_fold_aware_refined_search,301
0.10256410256410256,0.07894736842105263,1.0,0.14634146341463414,unseen_data,SKAB,fold_4,42,5,5,probabilistic_suffix_tree,3,1,0.1,0.5,161,895,1568,0.010881709982997327,skab_fold_aware_refined_search,301
0.4894795127353267,0.41263440860215056,0.9274924471299094,0.5711627906976744,original,SKAB,fold_5,42,5,5,probabilistic_suffix_tree,3,1,0.1,0.5,136,790,1402,0.013049143708116159,skab_fold_aware_refined_search,301
0.48726467331118495,0.4126984126984127,0.9425981873111783,0.5740570377184913,gaussian_noise,SKAB,fold_5,42,5,5,probabilistic_suffix_tree,3,1,0.1,0.5,136,790,1402,0.013049143708116159,skab_fold_aware_refined_search,301
0.5608465608465608,0.5608465608465608,1.0,0.7186440677966102,unseen_data,SKAB,fold_5,42,5,5,probabilistic_suffix_tree,3,1,0.1,0.5,136,790,1402,0.013049143708116159,skab_fold_aware_refined_search,301
0.5863991081382386,0.44946236559139785,0.6450617283950617,0.5297845373891001,original,SKAB,fold_1,42,5,5,probabilistic_suffix_tree,3,1,0.1,0.7,170,949,1663,0.010308064216202815,skab_fold_aware_refined_search,302
0.5752508361204013,0.43736263736263736,0.6141975308641975,0.5109114249037228,gaussian_noise,SKAB,fold_1,42,5,5,probabilistic_suffix_tree,3,1,0.1,0.7,170,949,1663,0.010308064216202815,skab_fold_aware_refined_search,302
0.0,0.0,0.0,0.0,unseen_data,SKAB,fold_1,42,5,5,probabilistic_suffix_tree,3,1,0.1,0.7,170,949,1663,0.010308064216202815,skab_fold_aware_refined_search,302
0.5408734602463606,0.40552016985138006,0.5950155763239875,0.4823232323232323,original,SKAB,fold_2,42,5,5,probabilistic_suffix_tree,3,1,0.1,0.7,155,907,1618,0.011509051463527403,skab_fold_aware_refined_search,302
0.568868980963046,0.4336099585062241,0.6510903426791277,0.5205479452054794,gaussian_noise,SKAB,fold_2,42,5,5,probabilistic_suffix_tree,3,1,0.1,0.7,155,907,1618,0.011509051463527403,skab_fold_aware_refined_search,302
0.0,0.0,0.0,0.0,unseen_data,SKAB,fold_2,42,5,5,probabilistic_suffix_tree,3,1,0.1,0.7,155,907,1618,0.011509051463527403,skab_fold_aware_refined_search,302
0.5195968645016797,0.4050179211469534,0.6996904024767802,0.5130533484676504,original,SKAB,fold_3,42,5,5,probabilistic_suffix_tree,3,1,0.1,0.7,153,881,1549,0.011491694672572017,skab_fold_aware_refined_search,302
0.5151175811870101,0.40484429065743943,0.7244582043343654,0.5194228634850167,gaussian_noise,SKAB,fold_3,42,5,5,probabilistic_suffix_tree,3,1,0.1,0.7,153,881,1549,0.011491694672572017,skab_fold_aware_refined_search,302
0.2641509433962264,0.2641509433962264,1.0,0.417910447761194,unseen_data,SKAB,fold_3,42,5,5,probabilistic_suffix_tree,3,1,0.1,0.7,153,881,1549,0.011491694672572017,skab_fold_aware_refined_search,302
0.41543700340522133,0.29098360655737704,0.4565916398713826,0.35544430538172717,original,SKAB,fold_4,42,5,5,probabilistic_suffix_tree,3,1,0.1,0.7,161,895,1568,0.010881709982997327,skab_fold_aware_refined_search,302
0.4211123723041998,0.3045186640471513,0.4983922829581994,0.3780487804878049,gaussian_noise,SKAB,fold_4,42,5,5,probabilistic_suffix_tree,3,1,0.1,0.7,161,895,1568,0.010881709982997327,skab_fold_aware_refined_search,302
0.07692307692307693,0.07692307692307693,1.0,0.14285714285714285,unseen_data,SKAB,fold_4,42,5,5,probabilistic_suffix_tree,3,1,0.1,0.7,161,895,1568,0.010881709982997327,skab_fold_aware_refined_search,302
0.49280177187153934,0.4169934640522876,0.9637462235649547,0.5821167883211679,original,SKAB,fold_5,42,5,5,probabilistic_suffix_tree,3,1,0.1,0.7,136,790,1402,0.013049143708116159,skab_fold_aware_refined_search,302
0.4894795127353267,0.41580310880829013,0.9697885196374623,0.5820489573889392,gaussian_noise,SKAB,fold_5,42,5,5,probabilistic_suffix_tree,3,1,0.1,0.7,136,790,1402,0.013049143708116159,skab_fold_aware_refined_search,302
0.5608465608465608,0.5608465608465608,1.0,0.7186440677966102,unseen_data,SKAB,fold_5,42,5,5,probabilistic_suffix_tree,3,1,0.1,0.7,136,790,1402,0.013049143708116159,skab_fold_aware_refined_search,302
0.6020066889632107,0.47577092511013214,1.0,0.6447761194029851,original,SKAB,fold_1,42,5,5,probabilistic_suffix_tree,3,1,0.1,0.9,170,949,1663,0.010308064216202815,skab_fold_aware_refined_search,303
0.6020066889632107,0.47577092511013214,1.0,0.6447761194029851,gaussian_noise,SKAB,fold_1,42,5,5,probabilistic_suffix_tree,3,1,0.1,0.9,170,949,1663,0.010308064216202815,skab_fold_aware_refined_search,303
0.0,0.0,0.0,0.0,unseen_data,SKAB,fold_1,42,5,5,probabilistic_suffix_tree,3,1,0.1,0.9,170,949,1663,0.010308064216202815,skab_fold_aware_refined_search,303
0.6103023516237402,0.4798206278026906,1.0,0.6484848484848484,original,SKAB,fold_2,42,5,5,probabilistic_suffix_tree,3,1,0.1,0.9,155,907,1618,0.011509051463527403,skab_fold_aware_refined_search,303
0.6103023516237402,0.4798206278026906,1.0,0.6484848484848484,gaussian_noise,SKAB,fold_2,42,5,5,probabilistic_suffix_tree,3,1,0.1,0.9,155,907,1618,0.011509051463527403,skab_fold_aware_refined_search,303
0.0,0.0,0.0,0.0,unseen_data,SKAB,fold_2,42,5,5,probabilistic_suffix_tree,3,1,0.1,0.9,155,907,1618,0.011509051463527403,skab_fold_aware_refined_search,303
0.5968645016797313,0.47291361639824303,1.0,0.6421471172962226,original,SKAB,fold_3,42,5,5,probabilistic_suffix_tree,3,1,0.1,0.9,153,881,1549,0.011491694672572017,skab_fold_aware_refined_search,303
0.5968645016797313,0.47291361639824303,1.0,0.6421471172962226,gaussian_noise,SKAB,fold_3,42,5,5,probabilistic_suffix_tree,3,1,0.1,0.9,153,881,1549,0.011491694672572017,skab_fold_aware_refined_search,303
0.2641509433962264,0.2641509433962264,1.0,0.417910447761194,unseen_data,SKAB,fold_3,42,5,5,probabilistic_suffix_tree,3,1,0.1,0.9,153,881,1549,0.011491694672572017,skab_fold_aware_refined_search,303
0.3518728717366629,0.3018292682926829,0.6366559485530546,0.4095139607032058,original,SKAB,fold_4,42,5,5,probabilistic_suffix_tree,3,1,0.1,0.9,161,895,1568,0.010881709982997327,skab_fold_aware_refined_search,303
0.3496027241770715,0.3009118541033435,0.6366559485530546,0.4086687306501548,gaussian_noise,SKAB,fold_4,42,5,5,probabilistic_suffix_tree,3,1,0.1,0.9,161,895,1568,0.010881709982997327,skab_fold_aware_refined_search,303
0.07692307692307693,0.07692307692307693,1.0,0.14285714285714285,unseen_data,SKAB,fold_4,42,5,5,probabilistic_suffix_tree,3,1,0.1,0.9,161,895,1568,0.010881709982997327,skab_fold_aware_refined_search,303
0.40863787375415284,0.38265895953757223,1.0,0.5535117056856187,original,SKAB,fold_5,42,5,5,probabilistic_suffix_tree,3,1,0.1,0.9,136,790,1402,0.013049143708116159,skab_fold_aware_refined_search,303
0.3997785160575858,0.37915234822451316,1.0,0.5498338870431894,gaussian_noise,SKAB,fold_5,42,5,5,probabilistic_suffix_tree,3,1,0.1,0.9,136,790,1402,0.013049143708116159,skab_fold_aware_refined_search,303
0.5608465608465608,0.5608465608465608,1.0,0.7186440677966102,unseen_data,SKAB,fold_5,42,5,5,probabilistic_suffix_tree,3,1,0.1,0.9,136,790,1402,0.013049143708116159,skab_fold_aware_refined_search,303
0.5863991081382386,0.44946236559139785,0.6450617283950617,0.5297845373891001,original,SKAB,fold_1,42,5,5,probabilistic_suffix_tree,3,1,0.5,0.5,170,949,1663,0.010308064216202815,skab_fold_aware_refined_search,304
0.5752508361204013,0.43736263736263736,0.6141975308641975,0.5109114249037228,gaussian_noise,SKAB,fold_1,42,5,5,probabilistic_suffix_tree,3,1,0.5,0.5,170,949,1663,0.010308064216202815,skab_fold_aware_refined_search,304
0.0,0.0,0.0,0.0,unseen_data,SKAB,fold_1,42,5,5,probabilistic_suffix_tree,3,1,0.5,0.5,170,949,1663,0.010308064216202815,skab_fold_aware_refined_search,304
0.5408734602463606,0.40552016985138006,0.5950155763239875,0.4823232323232323,original,SKAB,fold_2,42,5,5,probabilistic_suffix_tree,3,1,0.5,0.5,155,907,1618,0.011509051463527403,skab_fold_aware_refined_search,304
0.568868980963046,0.4336099585062241,0.6510903426791277,0.5205479452054794,gaussian_noise,SKAB,fold_2,42,5,5,probabilistic_suffix_tree,3,1,0.5,0.5,155,907,1618,0.011509051463527403,skab_fold_aware_refined_search,304
0.0,0.0,0.0,0.0,unseen_data,SKAB,fold_2,42,5,5,probabilistic_suffix_tree,3,1,0.5,0.5,155,907,1618,0.011509051463527403,skab_fold_aware_refined_search,304
0.5195968645016797,0.4050179211469534,0.6996904024767802,0.5130533484676504,original,SKAB,fold_3,42,5,5,probabilistic_suffix_tree,3,1,0.5,0.5,153,881,1549,0.011491694672572017,skab_fold_aware_refined_search,304
0.5151175811870101,0.40484429065743943,0.7244582043343654,0.5194228634850167,gaussian_noise,SKAB,fold_3,42,5,5,probabilistic_suffix_tree,3,1,0.5,0.5,153,881,1549,0.011491694672572017,skab_fold_aware_refined_search,304
0.2641509433962264,0.2641509433962264,1.0,0.417910447761194,unseen_data,SKAB,fold_3,42,5,5,probabilistic_suffix_tree,3,1,0.5,0.5,153,881,1549,0.011491694672572017,skab_fold_aware_refined_search,304
0.41543700340522133,0.29098360655737704,0.4565916398713826,0.35544430538172717,original,SKAB,fold_4,42,5,5,probabilistic_suffix_tree,3,1,0.5,0.5,161,895,1568,0.010881709982997327,skab_fold_aware_refined_search,304
0.4211123723041998,0.3045186640471513,0.4983922829581994,0.3780487804878049,gaussian_noise,SKAB,fold_4,42,5,5,probabilistic_suffix_tree,3,1,0.5,0.5,161,895,1568,0.010881709982997327,skab_fold_aware_refined_search,304
0.07692307692307693,0.07692307692307693,1.0,0.14285714285714285,unseen_data,SKAB,fold_4,42,5,5,probabilistic_suffix_tree,3,1,0.5,0.5,161,895,1568,0.010881709982997327,skab_fold_aware_refined_search,304
0.49280177187153934,0.4169934640522876,0.9637462235649547,0.5821167883211679,original,SKAB,fold_5,42,5,5,probabilistic_suffix_tree,3,1,0.5,0.5,136,790,1402,0.013049143708116159,skab_fold_aware_refined_search,304
0.4894795127353267,0.41580310880829013,0.9697885196374623,0.5820489573889392,gaussian_noise,SKAB,fold_5,42,5,5,probabilistic_suffix_tree,3,1,0.5,0.5,136,790,1402,0.013049143708116159,skab_fold_aware_refined_search,304
0.5608465608465608,0.5608465608465608,1.0,0.7186440677966102,unseen_data,SKAB,fold_5,42,5,5,probabilistic_suffix_tree,3,1,0.5,0.5,136,790,1402,0.013049143708116159,skab_fold_aware_refined_search,304
0.6610925306577481,0.518796992481203,0.8518518518518519,0.6448598130841121,original,SKAB,fold_1,42,5,5,probabilistic_suffix_tree,3,1,0.5,0.7,170,949,1663,0.010308064216202815,skab_fold_aware_refined_search,305
0.6510590858416946,0.5105162523900574,0.8240740740740741,0.6304604486422668,gaussian_noise,SKAB,fold_1,42,5,5,probabilistic_suffix_tree,3,1,0.5,0.7,170,949,1663,0.010308064216202815,skab_fold_aware_refined_search,305
0.0,0.0,0.0,0.0,unseen_data,SKAB,fold_1,42,5,5,probabilistic_suffix_tree,3,1,0.5,0.7,170,949,1663,0.010308064216202815,skab_fold_aware_refined_search,305
0.5386338185890257,0.40380549682875266,0.5950155763239875,0.4811083123425693,original,SKAB,fold_2,42,5,5,probabilistic_suffix_tree,3,1,0.5,0.7,155,907,1618,0.011509051463527403,skab_fold_aware_refined_search,305
0.5677491601343785,0.432712215320911,0.6510903426791277,0.5199004975124378,gaussian_noise,SKAB,fold_2,42,5,5,probabilistic_suffix_tree,3,1,0.5,0.7,155,907,1618,0.011509051463527403,skab_fold_aware_refined_search,305
0.0,0.0,0.0,0.0,unseen_data,SKAB,fold_2,42,5,5,probabilistic_suffix_tree,3,1,0.5,0.7,155,907,1618,0.011509051463527403,skab_fold_aware_refined_search,305
0.5151175811870101,0.40213523131672596,0.6996904024767802,0.5107344632768361,original,SKAB,fold_3,42,5,5,probabilistic_suffix_tree,3,1,0.5,0.7,153,881,1549,0.011491694672572017,skab_fold_aware_refined_search,305
0.5139977603583427,0.40414507772020725,0.7244582043343654,0.5188470066518847,gaussian_noise,SKAB,fold_3,42,5,5,probabilistic_suffix_tree,3,1,0.5,0.7,153,881,1549,0.011491694672572017,skab_fold_aware_refined_search,305
0.2641509433962264,0.2641509433962264,1.0,0.417910447761194,unseen_data,SKAB,fold_3,42,5,5,probabilistic_suffix_tree,3,1,0.5,0.7,153,881,1549,0.011491694672572017,skab_fold_aware_refined_search,305
0.3847900113507378,0.2757281553398058,0.4565916398713826,0.34382566585956414,original,SKAB,fold_4,42,5,5,probabilistic_suffix_tree,3,1,0.5,0.7,161,895,1568,0.010881709982997327,skab_fold_aware_refined_search,305
0.40068104426787743,0.29411764705882354,0.4983922829581994,0.36992840095465396,gaussian_noise,SKAB,fold_4,42,5,5,probabilistic_suffix_tree,3,1,0.5,0.7,161,895,1568,0.010881709982997327,skab_fold_aware_refined_search,305
0.07692307692307693,0.07692307692307693,1.0,0.14285714285714285,unseen_data,SKAB,fold_4,42,5,5,probabilistic_suffix_tree,3,1,0.5,0.7,161,895,1568,0.010881709982997327,skab_fold_aware_refined_search,305
0.40420819490586934,0.3778040141676505,0.9667673716012085,0.5432937181663837,original,SKAB,fold_5,42,5,5,probabilistic_suffix_tree,3,1,0.5,0.7,136,790,1402,0.013049143708116159,skab_fold_aware_refined_search,305
0.39424141749723146,0.3744186046511628,0.972809667673716,0.5407220822837951,gaussian_noise,SKAB,fold_5,42,5,5,probabilistic_suffix_tree,3,1,0.5,0.7,136,790,1402,0.013049143708116159,skab_fold_aware_refined_search,305
0.5608465608465608,0.5608465608465608,1.0,0.7186440677966102,unseen_data,SKAB,fold_5,42,5,5,probabilistic_suffix_tree,3,1,0.5,0.7,136,790,1402,0.013049143708116159,skab_fold_aware_refined_search,305
0.3612040133779264,0.3612040133779264,1.0,0.5307125307125307,original,SKAB,fold_1,42,5,5,probabilistic_suffix_tree,3,1,0.5,0.9,170,949,1663,0.010308064216202815,skab_fold_aware_refined_search,306
0.3612040133779264,0.3612040133779264,1.0,0.5307125307125307,gaussian_noise,SKAB,fold_1,42,5,5,probabilistic_suffix_tree,3,1,0.5,0.9,170,949,1663,0.010308064216202815,skab_fold_aware_refined_search,306
0.0,0.0,0.0,0.0,unseen_data,SKAB,fold_1,42,5,5,probabilistic_suffix_tree,3,1,0.5,0.9,170,949,1663,0.010308064216202815,skab_fold_aware_refined_search,306
0.3594624860022396,0.3594624860022396,1.0,0.528830313014827,original,SKAB,fold_2,42,5,5,probabilistic_suffix_tree,3,1,0.5,0.9,155,907,1618,0.011509051463527403,skab_fold_aware_refined_search,306
0.3594624860022396,0.3594624860022396,1.0,0.528830313014827,gaussian_noise,SKAB,fold_2,42,5,5,probabilistic_suffix_tree,3,1,0.5,0.9,155,907,1618,0.011509051463527403,skab_fold_aware_refined_search,306
0.0,0.0,0.0,0.0,unseen_data,SKAB,fold_2,42,5,5,probabilistic_suffix_tree,3,1,0.5,0.9,155,907,1618,0.011509051463527403,skab_fold_aware_refined_search,306
0.3617021276595745,0.3617021276595745,1.0,0.53125,original,SKAB,fold_3,42,5,5,probabilistic_suffix_tree,3,1,0.5,0.9,153,881,1549,0.011491694672572017,skab_fold_aware_refined_search,306
0.3617021276595745,0.3617021276595745,1.0,0.53125,gaussian_noise,SKAB,fold_3,42,5,5,probabilistic_suffix_tree,3,1,0.5,0.9,153,881,1549,0.011491694672572017,skab_fold_aware_refined_search,306
0.2641509433962264,0.2641509433962264,1.0,0.417910447761194,unseen_data,SKAB,fold_3,42,5,5,probabilistic_suffix_tree,3,1,0.5,0.9,153,881,1549,0.011491694672572017,skab_fold_aware_refined_search,306
0.3530079455164586,0.3530079455164586,1.0,0.5218120805369127,original,SKAB,fold_4,42,5,5,probabilistic_suffix_tree,3,1,0.5,0.9,161,895,1568,0.010881709982997327,skab_fold_aware_refined_search,306
0.3530079455164586,0.3530079455164586,1.0,0.5218120805369127,gaussian_noise,SKAB,fold_4,42,5,5,probabilistic_suffix_tree,3,1,0.5,0.9,161,895,1568,0.010881709982997327,skab_fold_aware_refined_search,306
0.07692307692307693,0.07692307692307693,1.0,0.14285714285714285,unseen_data,SKAB,fold_4,42,5,5,probabilistic_suffix_tree,3,1,0.5,0.9,161,895,1568,0.010881709982997327,skab_fold_aware_refined_search,306
0.36655592469545956,0.36655592469545956,1.0,0.5364667747163695,original,SKAB,fold_5,42,5,5,probabilistic_suffix_tree,3,1,0.5,0.9,136,790,1402,0.013049143708116159,skab_fold_aware_refined_search,306
0.36655592469545956,0.36655592469545956,1.0,0.5364667747163695,gaussian_noise,SKAB,fold_5,42,5,5,probabilistic_suffix_tree,3,1,0.5,0.9,136,790,1402,0.013049143708116159,skab_fold_aware_refined_search,306
0.5608465608465608,0.5608465608465608,1.0,0.7186440677966102,unseen_data,SKAB,fold_5,42,5,5,probabilistic_suffix_tree,3,1,0.5,0.9,136,790,1402,0.013049143708116159,skab_fold_aware_refined_search,306
0.7101449275362319,0.603225806451613,0.5771604938271605,0.5899053627760252,original,SKAB,fold_1,42,5,5,probabilistic_suffix_tree,3,2,0.1,0.5,170,949,1663,0.010308064216202815,skab_fold_aware_refined_search,307
0.6911928651059086,0.5760517799352751,0.5493827160493827,0.5624012638230648,gaussian_noise,SKAB,fold_1,42,5,5,probabilistic_suffix_tree,3,2,0.1,0.5,170,949,1663,0.010308064216202815,skab_fold_aware_refined_search,307
0.0,0.0,0.0,0.0,unseen_data,SKAB,fold_1,42,5,5,probabilistic_suffix_tree,3,2,0.1,0.5,170,949,1663,0.010308064216202815,skab_fold_aware_refined_search,307
0.5576707726763718,0.4075,0.5077881619937694,0.4521497919556172,original,SKAB,fold_2,42,5,5,probabilistic_suffix_tree,3,2,0.1,0.5,155,907,1618,0.011509051463527403,skab_fold_aware_refined_search,307
0.5711086226203808,0.4221105527638191,0.5233644859813084,0.4673157162726008,gaussian_noise,SKAB,fold_2,42,5,5,probabilistic_suffix_tree,3,2,0.1,0.5,155,907,1618,0.011509051463527403,skab_fold_aware_refined_search,307
0.0,0.0,0.0,0.0,unseen_data,SKAB,fold_2,42,5,5,probabilistic_suffix_tree,3,2,0.1,0.5,155,907,1618,0.011509051463527403,skab_fold_aware_refined_search,307
0.5128779395296752,0.38976377952755903,0.6130030959752322,0.47653429602888087,original,SKAB,fold_3,42,5,5,probabilistic_suffix_tree,3,2,0.1,0.5,153,881,1549,0.011491694672572017,skab_fold_aware_refined_search,307
0.5072788353863382,0.3898305084745763,0.6408668730650154,0.4847775175644028,gaussian_noise,SKAB,fold_3,42,5,5,probabilistic_suffix_tree,3,2,0.1,0.5,153,881,1549,0.011491694672572017,skab_fold_aware_refined_search,307
0.24528301886792453,0.25,0.9285714285714286,0.3939393939393939,unseen_data,SKAB,fold_3,42,5,5,probabilistic_suffix_tree,3,2,0.1,0.5,153,881,1549,0.011491694672572017,skab_fold_aware_refined_search,307
0.43246311010215666,0.2958963282937365,0.4405144694533762,0.35400516795865633,original,SKAB,fold_4,42,5,5,probabilistic_suffix_tree,3,2,0.1,0.5,161,895,1568,0.010881709982997327,skab_fold_aware_refined_search,307
0.43246311010215666,0.30353430353430355,0.4694533762057878,0.3686868686868687,gaussian_noise,SKAB,fold_4,42,5,5,probabilistic_suffix_tree,3,2,0.1,0.5,161,895,1568,0.010881709982997327,skab_fold_aware_refined_search,307
0.10256410256410256,0.07894736842105263,1.0,0.14634146341463414,unseen_data,SKAB,fold_4,42,5,5,probabilistic_suffix_tree,3,2,0.1,0.5,161,895,1568,0.010881709982997327,skab_fold_aware_refined_search,307
0.4894795127353267,0.41263440860215056,0.9274924471299094,0.5711627906976744,original,SKAB,fold_5,42,5,5,probabilistic_suffix_tree,3,2,0.1,0.5,136,790,1402,0.013049143708116159,skab_fold_aware_refined_search,307
0.48726467331118495,0.4126984126984127,0.9425981873111783,0.5740570377184913,gaussian_noise,SKAB,fold_5,42,5,5,probabilistic_suffix_tree,3,2,0.1,0.5,136,790,1402,0.013049143708116159,skab_fold_aware_refined_search,307
0.5608465608465608,0.5608465608465608,1.0,0.7186440677966102,unseen_data,SKAB,fold_5,42,5,5,probabilistic_suffix_tree,3,2,0.1,0.5,136,790,1402,0.013049143708116159,skab_fold_aware_refined_search,307
0.5863991081382386,0.44946236559139785,0.6450617283950617,0.5297845373891001,original,SKAB,fold_1,42,5,5,probabilistic_suffix_tree,3,2,0.1,0.7,170,949,1663,0.010308064216202815,skab_fold_aware_refined_search,308
0.5752508361204013,0.43736263736263736,0.6141975308641975,0.5109114249037228,gaussian_noise,SKAB,fold_1,42,5,5,probabilistic_suffix_tree,3,2,0.1,0.7,170,949,1663,0.010308064216202815,skab_fold_aware_refined_search,308
0.0,0.0,0.0,0.0,unseen_data,SKAB,fold_1,42,5,5,probabilistic_suffix_tree,3,2,0.1,0.7,170,949,1663,0.010308064216202815,skab_fold_aware_refined_search,308
0.5408734602463606,0.40552016985138006,0.5950155763239875,0.4823232323232323,original,SKAB,fold_2,42,5,5,probabilistic_suffix_tree,3,2,0.1,0.7,155,907,1618,0.011509051463527403,skab_fold_aware_refined_search,308
0.568868980963046,0.4336099585062241,0.6510903426791277,0.5205479452054794,gaussian_noise,SKAB,fold_2,42,5,5,probabilistic_suffix_tree,3,2,0.1,0.7,155,907,1618,0.011509051463527403,skab_fold_aware_refined_search,308
0.0,0.0,0.0,0.0,unseen_data,SKAB,fold_2,42,5,5,probabilistic_suffix_tree,3,2,0.1,0.7,155,907,1618,0.011509051463527403,skab_fold_aware_refined_search,308
0.5195968645016797,0.4050179211469534,0.6996904024767802,0.5130533484676504,original,SKAB,fold_3,42,5,5,probabilistic_suffix_tree,3,2,0.1,0.7,153,881,1549,0.011491694672572017,skab_fold_aware_refined_search,308
0.5151175811870101,0.40484429065743943,0.7244582043343654,0.5194228634850167,gaussian_noise,SKAB,fold_3,42,5,5,probabilistic_suffix_tree,3,2,0.1,0.7,153,881,1549,0.011491694672572017,skab_fold_aware_refined_search,308
0.2641509433962264,0.2641509433962264,1.0,0.417910447761194,unseen_data,SKAB,fold_3,42,5,5,probabilistic_suffix_tree,3,2,0.1,0.7,153,881,1549,0.011491694672572017,skab_fold_aware_refined_search,308
0.41543700340522133,0.29098360655737704,0.4565916398713826,0.35544430538172717,original,SKAB,fold_4,42,5,5,probabilistic_suffix_tree,3,2,0.1,0.7,161,895,1568,0.010881709982997327,skab_fold_aware_refined_search,308
0.4211123723041998,0.3045186640471513,0.4983922829581994,0.3780487804878049,gaussian_noise,SKAB,fold_4,42,5,5,probabilistic_suffix_tree,3,2,0.1,0.7,161,895,1568,0.010881709982997327,skab_fold_aware_refined_search,308
0.07692307692307693,0.07692307692307693,1.0,0.14285714285714285,unseen_data,SKAB,fold_4,42,5,5,probabilistic_suffix_tree,3,2,0.1,0.7,161,895,1568,0.010881709982997327,skab_fold_aware_refined_search,308
0.49280177187153934,0.4169934640522876,0.9637462235649547,0.5821167883211679,original,SKAB,fold_5,42,5,5,probabilistic_suffix_tree,3,2,0.1,0.7,136,790,1402,0.013049143708116159,skab_fold_aware_refined_search,308
0.4894795127353267,0.41580310880829013,0.9697885196374623,0.5820489573889392,gaussian_noise,SKAB,fold_5,42,5,5,probabilistic_suffix_tree,3,2,0.1,0.7,136,790,1402,0.013049143708116159,skab_fold_aware_refined_search,308
0.5608465608465608,0.5608465608465608,1.0,0.7186440677966102,unseen_data,SKAB,fold_5,42,5,5,probabilistic_suffix_tree,3,2,0.1,0.7,136,790,1402,0.013049143708116159,skab_fold_aware_refined_search,308
0.6020066889632107,0.47577092511013214,1.0,0.6447761194029851,original,SKAB,fold_1,42,5,5,probabilistic_suffix_tree,3,2,0.1,0.9,170,949,1663,0.010308064216202815,skab_fold_aware_refined_search,309
0.6020066889632107,0.47577092511013214,1.0,0.6447761194029851,gaussian_noise,SKAB,fold_1,42,5,5,probabilistic_suffix_tree,3,2,0.1,0.9,170,949,1663,0.010308064216202815,skab_fold_aware_refined_search,309
0.0,0.0,0.0,0.0,unseen_data,SKAB,fold_1,42,5,5,probabilistic_suffix_tree,3,2,0.1,0.9,170,949,1663,0.010308064216202815,skab_fold_aware_refined_search,309
0.6103023516237402,0.4798206278026906,1.0,0.6484848484848484,original,SKAB,fold_2,42,5,5,probabilistic_suffix_tree,3,2,0.1,0.9,155,907,1618,0.011509051463527403,skab_fold_aware_refined_search,309
0.6103023516237402,0.4798206278026906,1.0,0.6484848484848484,gaussian_noise,SKAB,fold_2,42,5,5,probabilistic_suffix_tree,3,2,0.1,0.9,155,907,1618,0.011509051463527403,skab_fold_aware_refined_search,309
0.0,0.0,0.0,0.0,unseen_data,SKAB,fold_2,42,5,5,probabilistic_suffix_tree,3,2,0.1,0.9,155,907,1618,0.011509051463527403,skab_fold_aware_refined_search,309
0.5968645016797313,0.47291361639824303,1.0,0.6421471172962226,original,SKAB,fold_3,42,5,5,probabilistic_suffix_tree,3,2,0.1,0.9,153,881,1549,0.011491694672572017,skab_fold_aware_refined_search,309
0.5968645016797313,0.47291361639824303,1.0,0.6421471172962226,gaussian_noise,SKAB,fold_3,42,5,5,probabilistic_suffix_tree,3,2,0.1,0.9,153,881,1549,0.011491694672572017,skab_fold_aware_refined_search,309
0.2641509433962264,0.2641509433962264,1.0,0.417910447761194,unseen_data,SKAB,fold_3,42,5,5,probabilistic_suffix_tree,3,2,0.1,0.9,153,881,1549,0.011491694672572017,skab_fold_aware_refined_search,309
0.3518728717366629,0.3018292682926829,0.6366559485530546,0.4095139607032058,original,SKAB,fold_4,42,5,5,probabilistic_suffix_tree,3,2,0.1,0.9,161,895,1568,0.010881709982997327,skab_fold_aware_refined_search,309
0.3496027241770715,0.3009118541033435,0.6366559485530546,0.4086687306501548,gaussian_noise,SKAB,fold_4,42,5,5,probabilistic_suffix_tree,3,2,0.1,0.9,161,895,1568,0.010881709982997327,skab_fold_aware_refined_search,309
0.07692307692307693,0.07692307692307693,1.0,0.14285714285714285,unseen_data,SKAB,fold_4,42,5,5,probabilistic_suffix_tree,3,2,0.1,0.9,161,895,1568,0.010881709982997327,skab_fold_aware_refined_search,309
0.40863787375415284,0.38265895953757223,1.0,0.5535117056856187,original,SKAB,fold_5,42,5,5,probabilistic_suffix_tree,3,2,0.1,0.9,136,790,1402,0.013049143708116159,skab_fold_aware_refined_search,309
0.3997785160575858,0.37915234822451316,1.0,0.5498338870431894,gaussian_noise,SKAB,fold_5,42,5,5,probabilistic_suffix_tree,3,2,0.1,0.9,136,790,1402,0.013049143708116159,skab_fold_aware_refined_search,309
0.5608465608465608,0.5608465608465608,1.0,0.7186440677966102,unseen_data,SKAB,fold_5,42,5,5,probabilistic_suffix_tree,3,2,0.1,0.9,136,790,1402,0.013049143708116159,skab_fold_aware_refined_search,309
0.5863991081382386,0.44946236559139785,0.6450617283950617,0.5297845373891001,original,SKAB,fold_1,42,5,5,probabilistic_suffix_tree,3,2,0.5,0.5,170,949,1663,0.010308064216202815,skab_fold_aware_refined_search,310
0.5752508361204013,0.43736263736263736,0.6141975308641975,0.5109114249037228,gaussian_noise,SKAB,fold_1,42,5,5,probabilistic_suffix_tree,3,2,0.5,0.5,170,949,1663,0.010308064216202815,skab_fold_aware_refined_search,310
0.0,0.0,0.0,0.0,unseen_data,SKAB,fold_1,42,5,5,probabilistic_suffix_tree,3,2,0.5,0.5,170,949,1663,0.010308064216202815,skab_fold_aware_refined_search,310
0.5408734602463606,0.40552016985138006,0.5950155763239875,0.4823232323232323,original,SKAB,fold_2,42,5,5,probabilistic_suffix_tree,3,2,0.5,0.5,155,907,1618,0.011509051463527403,skab_fold_aware_refined_search,310
0.568868980963046,0.4336099585062241,0.6510903426791277,0.5205479452054794,gaussian_noise,SKAB,fold_2,42,5,5,probabilistic_suffix_tree,3,2,0.5,0.5,155,907,1618,0.011509051463527403,skab_fold_aware_refined_search,310
0.0,0.0,0.0,0.0,unseen_data,SKAB,fold_2,42,5,5,probabilistic_suffix_tree,3,2,0.5,0.5,155,907,1618,0.011509051463527403,skab_fold_aware_refined_search,310
0.5195968645016797,0.4050179211469534,0.6996904024767802,0.5130533484676504,original,SKAB,fold_3,42,5,5,probabilistic_suffix_tree,3,2,0.5,0.5,153,881,1549,0.011491694672572017,skab_fold_aware_refined_search,310
0.5151175811870101,0.40484429065743943,0.7244582043343654,0.5194228634850167,gaussian_noise,SKAB,fold_3,42,5,5,probabilistic_suffix_tree,3,2,0.5,0.5,153,881,1549,0.011491694672572017,skab_fold_aware_refined_search,310
0.2641509433962264,0.2641509433962264,1.0,0.417910447761194,unseen_data,SKAB,fold_3,42,5,5,probabilistic_suffix_tree,3,2,0.5,0.5,153,881,1549,0.011491694672572017,skab_fold_aware_refined_search,310
0.41543700340522133,0.29098360655737704,0.4565916398713826,0.35544430538172717,original,SKAB,fold_4,42,5,5,probabilistic_suffix_tree,3,2,0.5,0.5,161,895,1568,0.010881709982997327,skab_fold_aware_refined_search,310
0.4211123723041998,0.3045186640471513,0.4983922829581994,0.3780487804878049,gaussian_noise,SKAB,fold_4,42,5,5,probabilistic_suffix_tree,3,2,0.5,0.5,161,895,1568,0.010881709982997327,skab_fold_aware_refined_search,310
0.07692307692307693,0.07692307692307693,1.0,0.14285714285714285,unseen_data,SKAB,fold_4,42,5,5,probabilistic_suffix_tree,3,2,0.5,0.5,161,895,1568,0.010881709982997327,skab_fold_aware_refined_search,310
0.49280177187153934,0.4169934640522876,0.9637462235649547,0.5821167883211679,original,SKAB,fold_5,42,5,5,probabilistic_suffix_tree,3,2,0.5,0.5,136,790,1402,0.013049143708116159,skab_fold_aware_refined_search,310
0.4894795127353267,0.41580310880829013,0.9697885196374623,0.5820489573889392,gaussian_noise,SKAB,fold_5,42,5,5,probabilistic_suffix_tree,3,2,0.5,0.5,136,790,1402,0.013049143708116159,skab_fold_aware_refined_search,310
0.5608465608465608,0.5608465608465608,1.0,0.7186440677966102,unseen_data,SKAB,fold_5,42,5,5,probabilistic_suffix_tree,3,2,0.5,0.5,136,790,1402,0.013049143708116159,skab_fold_aware_refined_search,310
0.6610925306577481,0.518796992481203,0.8518518518518519,0.6448598130841121,original,SKAB,fold_1,42,5,5,probabilistic_suffix_tree,3,2,0.5,0.7,170,949,1663,0.010308064216202815,skab_fold_aware_refined_search,311
0.6510590858416946,0.5105162523900574,0.8240740740740741,0.6304604486422668,gaussian_noise,SKAB,fold_1,42,5,5,probabilistic_suffix_tree,3,2,0.5,0.7,170,949,1663,0.010308064216202815,skab_fold_aware_refined_search,311
0.0,0.0,0.0,0.0,unseen_data,SKAB,fold_1,42,5,5,probabilistic_suffix_tree,3,2,0.5,0.7,170,949,1663,0.010308064216202815,skab_fold_aware_refined_search,311
0.5386338185890257,0.40380549682875266,0.5950155763239875,0.4811083123425693,original,SKAB,fold_2,42,5,5,probabilistic_suffix_tree,3,2,0.5,0.7,155,907,1618,0.011509051463527403,skab_fold_aware_refined_search,311
0.5677491601343785,0.432712215320911,0.6510903426791277,0.5199004975124378,gaussian_noise,SKAB,fold_2,42,5,5,probabilistic_suffix_tree,3,2,0.5,0.7,155,907,1618,0.011509051463527403,skab_fold_aware_refined_search,311
0.0,0.0,0.0,0.0,unseen_data,SKAB,fold_2,42,5,5,probabilistic_suffix_tree,3,2,0.5,0.7,155,907,1618,0.011509051463527403,skab_fold_aware_refined_search,311
0.5151175811870101,0.40213523131672596,0.6996904024767802,0.5107344632768361,original,SKAB,fold_3,42,5,5,probabilistic_suffix_tree,3,2,0.5,0.7,153,881,1549,0.011491694672572017,skab_fold_aware_refined_search,311
0.5139977603583427,0.40414507772020725,0.7244582043343654,0.5188470066518847,gaussian_noise,SKAB,fold_3,42,5,5,probabilistic_suffix_tree,3,2,0.5,0.7,153,881,1549,0.011491694672572017,skab_fold_aware_refined_search,311
0.2641509433962264,0.2641509433962264,1.0,0.417910447761194,unseen_data,SKAB,fold_3,42,5,5,probabilistic_suffix_tree,3,2,0.5,0.7,153,881,1549,0.011491694672572017,skab_fold_aware_refined_search,311
0.3847900113507378,0.2757281553398058,0.4565916398713826,0.34382566585956414,original,SKAB,fold_4,42,5,5,probabilistic_suffix_tree,3,2,0.5,0.7,161,895,1568,0.010881709982997327,skab_fold_aware_refined_search,311
0.40068104426787743,0.29411764705882354,0.4983922829581994,0.36992840095465396,gaussian_noise,SKAB,fold_4,42,5,5,probabilistic_suffix_tree,3,2,0.5,0.7,161,895,1568,0.010881709982997327,skab_fold_aware_refined_search,311
0.07692307692307693,0.07692307692307693,1.0,0.14285714285714285,unseen_data,SKAB,fold_4,42,5,5,probabilistic_suffix_tree,3,2,0.5,0.7,161,895,1568,0.010881709982997327,skab_fold_aware_refined_search,311
0.40420819490586934,0.3778040141676505,0.9667673716012085,0.5432937181663837,original,SKAB,fold_5,42,5,5,probabilistic_suffix_tree,3,2,0.5,0.7,136,790,1402,0.013049143708116159,skab_fold_aware_refined_search,311
0.39424141749723146,0.3744186046511628,0.972809667673716,0.5407220822837951,gaussian_noise,SKAB,fold_5,42,5,5,probabilistic_suffix_tree,3,2,0.5,0.7,136,790,1402,0.013049143708116159,skab_fold_aware_refined_search,311
0.5608465608465608,0.5608465608465608,1.0,0.7186440677966102,unseen_data,SKAB,fold_5,42,5,5,probabilistic_suffix_tree,3,2,0.5,0.7,136,790,1402,0.013049143708116159,skab_fold_aware_refined_search,311
0.3612040133779264,0.3612040133779264,1.0,0.5307125307125307,original,SKAB,fold_1,42,5,5,probabilistic_suffix_tree,3,2,0.5,0.9,170,949,1663,0.010308064216202815,skab_fold_aware_refined_search,312
0.3612040133779264,0.3612040133779264,1.0,0.5307125307125307,gaussian_noise,SKAB,fold_1,42,5,5,probabilistic_suffix_tree,3,2,0.5,0.9,170,949,1663,0.010308064216202815,skab_fold_aware_refined_search,312
0.0,0.0,0.0,0.0,unseen_data,SKAB,fold_1,42,5,5,probabilistic_suffix_tree,3,2,0.5,0.9,170,949,1663,0.010308064216202815,skab_fold_aware_refined_search,312
0.3594624860022396,0.3594624860022396,1.0,0.528830313014827,original,SKAB,fold_2,42,5,5,probabilistic_suffix_tree,3,2,0.5,0.9,155,907,1618,0.011509051463527403,skab_fold_aware_refined_search,312
0.3594624860022396,0.3594624860022396,1.0,0.528830313014827,gaussian_noise,SKAB,fold_2,42,5,5,probabilistic_suffix_tree,3,2,0.5,0.9,155,907,1618,0.011509051463527403,skab_fold_aware_refined_search,312
0.0,0.0,0.0,0.0,unseen_data,SKAB,fold_2,42,5,5,probabilistic_suffix_tree,3,2,0.5,0.9,155,907,1618,0.011509051463527403,skab_fold_aware_refined_search,312
0.3617021276595745,0.3617021276595745,1.0,0.53125,original,SKAB,fold_3,42,5,5,probabilistic_suffix_tree,3,2,0.5,0.9,153,881,1549,0.011491694672572017,skab_fold_aware_refined_search,312
0.3617021276595745,0.3617021276595745,1.0,0.53125,gaussian_noise,SKAB,fold_3,42,5,5,probabilistic_suffix_tree,3,2,0.5,0.9,153,881,1549,0.011491694672572017,skab_fold_aware_refined_search,312
0.2641509433962264,0.2641509433962264,1.0,0.417910447761194,unseen_data,SKAB,fold_3,42,5,5,probabilistic_suffix_tree,3,2,0.5,0.9,153,881,1549,0.011491694672572017,skab_fold_aware_refined_search,312
0.3530079455164586,0.3530079455164586,1.0,0.5218120805369127,original,SKAB,fold_4,42,5,5,probabilistic_suffix_tree,3,2,0.5,0.9,161,895,1568,0.010881709982997327,skab_fold_aware_refined_search,312
0.3530079455164586,0.3530079455164586,1.0,0.5218120805369127,gaussian_noise,SKAB,fold_4,42,5,5,probabilistic_suffix_tree,3,2,0.5,0.9,161,895,1568,0.010881709982997327,skab_fold_aware_refined_search,312
0.07692307692307693,0.07692307692307693,1.0,0.14285714285714285,unseen_data,SKAB,fold_4,42,5,5,probabilistic_suffix_tree,3,2,0.5,0.9,161,895,1568,0.010881709982997327,skab_fold_aware_refined_search,312
0.36655592469545956,0.36655592469545956,1.0,0.5364667747163695,original,SKAB,fold_5,42,5,5,probabilistic_suffix_tree,3,2,0.5,0.9,136,790,1402,0.013049143708116159,skab_fold_aware_refined_search,312
0.36655592469545956,0.36655592469545956,1.0,0.5364667747163695,gaussian_noise,SKAB,fold_5,42,5,5,probabilistic_suffix_tree,3,2,0.5,0.9,136,790,1402,0.013049143708116159,skab_fold_aware_refined_search,312
0.5608465608465608,0.5608465608465608,1.0,0.7186440677966102,unseen_data,SKAB,fold_5,42,5,5,probabilistic_suffix_tree,3,2,0.5,0.9,136,790,1402,0.013049143708116159,skab_fold_aware_refined_search,312
0.7212931995540691,0.6075581395348837,0.6450617283950617,0.625748502994012,original,SKAB,fold_1,42,5,5,probabilistic_suffix_tree,4,1,0.1,0.5,170,1664,2655,0.009385605203619909,skab_fold_aware_refined_search,313
0.7012263099219621,0.5818713450292398,0.6141975308641975,0.5975975975975976,gaussian_noise,SKAB,fold_1,42,5,5,probabilistic_suffix_tree,4,1,0.1,0.5,170,1664,2655,0.009385605203619909,skab_fold_aware_refined_search,313
0.0,0.0,0.0,0.0,unseen_data,SKAB,fold_1,42,5,5,probabilistic_suffix_tree,4,1,0.1,0.5,170,1664,2655,0.009385605203619909,skab_fold_aware_refined_search,313
0.5543113101903695,0.4146341463414634,0.5825545171339563,0.4844559585492228,original,SKAB,fold_2,42,5,5,probabilistic_suffix_tree,4,1,0.1,0.5,155,1619,2578,0.010273167427125465,skab_fold_aware_refined_search,313
0.5733482642777156,0.43333333333333335,0.6074766355140186,0.5058365758754864,gaussian_noise,SKAB,fold_2,42,5,5,probabilistic_suffix_tree,4,1,0.1,0.5,155,1619,2578,0.010273167427125465,skab_fold_aware_refined_search,313
0.0,0.0,0.0,0.0,unseen_data,SKAB,fold_2,42,5,5,probabilistic_suffix_tree,4,1,0.1,0.5,155,1619,2578,0.010273167427125465,skab_fold_aware_refined_search,313
0.5162374020156775,0.3981308411214953,0.6594427244582043,0.4965034965034965,original,SKAB,fold_3,42,5,5,probabilistic_suffix_tree,4,1,0.1,0.5,153,1550,2434,0.010263546278726544,skab_fold_aware_refined_search,313
0.5106382978723404,0.39748201438848924,0.6842105263157895,0.502844141069397,gaussian_noise,SKAB,fold_3,42,5,5,probabilistic_suffix_tree,4,1,0.1,0.5,153,1550,2434,0.010263546278726544,skab_fold_aware_refined_search,313
0.2641509433962264,0.2641509433962264,1.0,0.417910447761194,unseen_data,SKAB,fold_3,42,5,5,probabilistic_suffix_tree,4,1,0.1,0.5,153,1550,2434,0.010263546278726544,skab_fold_aware_refined_search,313
0.4245175936435868,0.29583333333333334,0.4565916398713826,0.359039190897598,original,SKAB,fold_4,42,5,5,probabilistic_suffix_tree,4,1,0.1,0.5,161,1569,2477,0.009805668048248478,skab_fold_aware_refined_search,313
0.4188422247446084,0.2994011976047904,0.48231511254019294,0.3694581280788177,gaussian_noise,SKAB,fold_4,42,5,5,probabilistic_suffix_tree,4,1,0.1,0.5,161,1569,2477,0.009805668048248478,skab_fold_aware_refined_search,313
0.10256410256410256,0.07894736842105263,1.0,0.14634146341463414,unseen_data,SKAB,fold_4,42,5,5,probabilistic_suffix_tree,4,1,0.1,0.5,161,1569,2477,0.009805668048248478,skab_fold_aware_refined_search,313
0.47619047619047616,0.4077922077922078,0.9486404833836858,0.5703905540417802,original,SKAB,fold_5,42,5,5,probabilistic_suffix_tree,4,1,0.1,0.5,136,1403,2240,0.011739549704414909,skab_fold_aware_refined_search,313
0.4739756367663344,0.4079283887468031,0.9637462235649547,0.573225516621743,gaussian_noise,SKAB,fold_5,42,5,5,probabilistic_suffix_tree,4,1,0.1,0.5,136,1403,2240,0.011739549704414909,skab_fold_aware_refined_search,313
0.5608465608465608,0.5608465608465608,1.0,0.7186440677966102,unseen_data,SKAB,fold_5,42,5,5,probabilistic_suffix_tree,4,1,0.1,0.5,136,1403,2240,0.011739549704414909,skab_fold_aware_refined_search,313
0.5942028985507246,0.4581589958158996,0.6759259259259259,0.5461346633416458,original,SKAB,fold_1,42,5,5,probabilistic_suffix_tree,4,1,0.1,0.7,170,1664,2655,0.009385605203619909,skab_fold_aware_refined_search,314
0.5830546265328874,0.4465811965811966,0.6450617283950617,0.5277777777777778,gaussian_noise,SKAB,fold_1,42,5,5,probabilistic_suffix_tree,4,1,0.1,0.7,170,1664,2655,0.009385605203619909,skab_fold_aware_refined_search,314
0.0,0.0,0.0,0.0,unseen_data,SKAB,fold_1,42,5,5,probabilistic_suffix_tree,4,1,0.1,0.7,170,1664,2655,0.009385605203619909,skab_fold_aware_refined_search,314
0.5431131019036954,0.4117647058823529,0.632398753894081,0.4987714987714988,original,SKAB,fold_2,42,5,5,probabilistic_suffix_tree,4,1,0.1,0.7,155,1619,2578,0.010273167427125465,skab_fold_aware_refined_search,314
0.574468085106383,0.441351888667992,0.6915887850467289,0.5388349514563107,gaussian_noise,SKAB,fold_2,42,5,5,probabilistic_suffix_tree,4,1,0.1,0.7,155,1619,2578,0.010273167427125465,skab_fold_aware_refined_search,314
0.0,0.0,0.0,0.0,unseen_data,SKAB,fold_2,42,5,5,probabilistic_suffix_tree,4,1,0.1,0.7,155,1619,2578,0.010273167427125465,skab_fold_aware_refined_search,314
0.5195968645016797,0.4076655052264808,0.7244582043343654,0.5217391304347826,original,SKAB,fold_3,42,5,5,probabilistic_suffix_tree,4,1,0.1,0.7,153,1550,2434,0.010263546278726544,skab_fold_aware_refined_search,314
0.5184770436730123,0.41008403361344536,0.7554179566563467,0.5315904139433552,gaussian_noise,SKAB,fold_3,42,5,5,probabilistic_suffix_tree,4,1,0.1,0.7,153,1550,2434,0.010263546278726544,skab_fold_aware_refined_search,314
0.2641509433962264,0.2641509433962264,1.0,0.417910447761194,unseen_data,SKAB,fold_3,42,5,5,probabilistic_suffix_tree,4,1,0.1,0.7,153,1550,2434,0.010263546278726544,skab_fold_aware_refined_search,314
0.40749148694665155,0.29108910891089107,0.47266881028938906,0.3602941176470588,original,SKAB,fold_4,42,5,5,probabilistic_suffix_tree,4,1,0.1,0.7,161,1569,2477,0.009805668048248478,skab_fold_aware_refined_search,314
0.4097616345062429,0.3032015065913371,0.5176848874598071,0.3824228028503563,gaussian_noise,SKAB,fold_4,42,5,5,probabilistic_suffix_tree,4,1,0.1,0.7,161,1569,2477,0.009805668048248478,skab_fold_aware_refined_search,314
0.07692307692307693,0.07692307692307693,1.0,0.14285714285714285,unseen_data,SKAB,fold_4,42,5,5,probabilistic_suffix_tree,4,1,0.1,0.7,161,1569,2477,0.009805668048248478,skab_fold_aware_refined_search,314
0.48172757475083056,0.41229193341869397,0.972809667673716,0.579136690647482,original,SKAB,fold_5,42,5,5,probabilistic_suffix_tree,4,1,0.1,0.7,136,1403,2240,0.011739549704414909,skab_fold_aware_refined_search,314
0.47729789590254706,0.41064638783269963,0.9788519637462235,0.5785714285714286,gaussian_noise,SKAB,fold_5,42,5,5,probabilistic_suffix_tree,4,1,0.1,0.7,136,1403,2240,0.011739549704414909,skab_fold_aware_refined_search,314
0.5608465608465608,0.5608465608465608,1.0,0.7186440677966102,unseen_data,SKAB,fold_5,42,5,5,probabilistic_suffix_tree,4,1,0.1,0.7,136,1403,2240,0.011739549704414909,skab_fold_aware_refined_search,314
0.600891861761427,0.4750733137829912,1.0,0.6441351888667992,original,SKAB,fold_1,42,5,5,probabilistic_suffix_tree,4,1,0.1,0.9,170,1664,2655,0.009385605203619909,skab_fold_aware_refined_search,315
0.600891861761427,0.4750733137829912,1.0,0.6441351888667992,gaussian_noise,SKAB,fold_1,42,5,5,probabilistic_suffix_tree,4,1,0.1,0.9,170,1664,2655,0.009385605203619909,skab_fold_aware_refined_search,315
0.0,0.0,0.0,0.0,unseen_data,SKAB,fold_1,42,5,5,probabilistic_suffix_tree,4,1,0.1,0.9,170,1664,2655,0.009385605203619909,skab_fold_aware_refined_search,315
0.6103023516237402,0.4798206278026906,1.0,0.6484848484848484,original,SKAB,fold_2,42,5,5,probabilistic_suffix_tree,4,1,0.1,0.9,155,1619,2578,0.010273167427125465,skab_fold_aware_refined_search,315
0.6103023516237402,0.4798206278026906,1.0,0.6484848484848484,gaussian_noise,SKAB,fold_2,42,5,5,probabilistic_suffix_tree,4,1,0.1,0.9,155,1619,2578,0.010273167427125465,skab_fold_aware_refined_search,315
0.0,0.0,0.0,0.0,unseen_data,SKAB,fold_2,42,5,5,probabilistic_suffix_tree,4,1,0.1,0.9,155,1619,2578,0.010273167427125465,skab_fold_aware_refined_search,315
0.5968645016797313,0.47291361639824303,1.0,0.6421471172962226,original,SKAB,fold_3,42,5,5,probabilistic_suffix_tree,4,1,0.1,0.9,153,1550,2434,0.010263546278726544,skab_fold_aware_refined_search,315
0.5968645016797313,0.47291361639824303,1.0,0.6421471172962226,gaussian_noise,SKAB,fold_3,42,5,5,probabilistic_suffix_tree,4,1,0.1,0.9,153,1550,2434,0.010263546278726544,skab_fold_aware_refined_search,315
0.2641509433962264,0.2641509433962264,1.0,0.417910447761194,unseen_data,SKAB,fold_3,42,5,5,probabilistic_suffix_tree,4,1,0.1,0.9,153,1550,2434,0.010263546278726544,skab_fold_aware_refined_search,315
0.3518728717366629,0.3018292682926829,0.6366559485530546,0.4095139607032058,original,SKAB,fold_4,42,5,5,probabilistic_suffix_tree,4,1,0.1,0.9,161,1569,2477,0.009805668048248478,skab_fold_aware_refined_search,315
0.34846765039727584,0.30045523520485584,0.6366559485530546,0.40824742268041236,gaussian_noise,SKAB,fold_4,42,5,5,probabilistic_suffix_tree,4,1,0.1,0.9,161,1569,2477,0.009805668048248478,skab_fold_aware_refined_search,315
0.07692307692307693,0.07692307692307693,1.0,0.14285714285714285,unseen_data,SKAB,fold_4,42,5,5,probabilistic_suffix_tree,4,1,0.1,0.9,161,1569,2477,0.009805668048248478,skab_fold_aware_refined_search,315
0.4019933554817276,0.38002296211251435,1.0,0.5507487520798668,original,SKAB,fold_5,42,5,5,probabilistic_suffix_tree,4,1,0.1,0.9,136,1403,2240,0.011739549704414909,skab_fold_aware_refined_search,315
0.3920265780730897,0.37613636363636366,1.0,0.5466556564822461,gaussian_noise,SKAB,fold_5,42,5,5,probabilistic_suffix_tree,4,1,0.1,0.9,136,1403,2240,0.011739549704414909,skab_fold_aware_refined_search,315
0.5608465608465608,0.5608465608465608,1.0,0.7186440677966102,unseen_data,SKAB,fold_5,42,5,5,probabilistic_suffix_tree,4,1,0.1,0.9,136,1403,2240,0.011739549704414909,skab_fold_aware_refined_search,315
0.5942028985507246,0.4581589958158996,0.6759259259259259,0.5461346633416458,original,SKAB,fold_1,42,5,5,probabilistic_suffix_tree,4,1,0.5,0.5,170,1664,2655,0.009385605203619909,skab_fold_aware_refined_search,316
0.5830546265328874,0.4465811965811966,0.6450617283950617,0.5277777777777778,gaussian_noise,SKAB,fold_1,42,5,5,probabilistic_suffix_tree,4,1,0.5,0.5,170,1664,2655,0.009385605203619909,skab_fold_aware_refined_search,316
0.0,0.0,0.0,0.0,unseen_data,SKAB,fold_1,42,5,5,probabilistic_suffix_tree,4,1,0.5,0.5,170,1664,2655,0.009385605203619909,skab_fold_aware_refined_search,316
0.5431131019036954,0.4117647058823529,0.632398753894081,0.4987714987714988,original,SKAB,fold_2,42,5,5,probabilistic_suffix_tree,4,1,0.5,0.5,155,1619,2578,0.010273167427125465,skab_fold_aware_refined_search,316
0.574468085106383,0.441351888667992,0.6915887850467289,0.5388349514563107,gaussian_noise,SKAB,fold_2,42,5,5,probabilistic_suffix_tree,4,1,0.5,0.5,155,1619,2578,0.010273167427125465,skab_fold_aware_refined_search,316
0.0,0.0,0.0,0.0,unseen_data,SKAB,fold_2,42,5,5,probabilistic_suffix_tree,4,1,0.5,0.5,155,1619,2578,0.010273167427125465,skab_fold_aware_refined_search,316
0.5173572228443449,0.40625,0.7244582043343654,0.5205784204671857,original,SKAB,fold_3,42,5,5,probabilistic_suffix_tree,4,1,0.5,0.5,153,1550,2434,0.010263546278726544,skab_fold_aware_refined_search,316
0.5184770436730123,0.41008403361344536,0.7554179566563467,0.5315904139433552,gaussian_noise,SKAB,fold_3,42,5,5,probabilistic_suffix_tree,4,1,0.5,0.5,153,1550,2434,0.010263546278726544,skab_fold_aware_refined_search,316
0.2641509433962264,0.2641509433962264,1.0,0.417910447761194,unseen_data,SKAB,fold_3,42,5,5,probabilistic_suffix_tree,4,1,0.5,0.5,153,1550,2434,0.010263546278726544,skab_fold_aware_refined_search,316
0.3813847900113507,0.2784090909090909,0.47266881028938906,0.3504171632896305,original,SKAB,fold_4,42,5,5,probabilistic_suffix_tree,4,1,0.5,0.5,161,1569,2477,0.009805668048248478,skab_fold_aware_refined_search,316
0.3961407491486947,0.2965009208103131,0.5176848874598071,0.3770491803278688,gaussian_noise,SKAB,fold_4,42,5,5,probabilistic_suffix_tree,4,1,0.5,0.5,161,1569,2477,0.009805668048248478,skab_fold_aware_refined_search,316
0.07692307692307693,0.07692307692307693,1.0,0.14285714285714285,unseen_data,SKAB,fold_4,42,5,5,probabilistic_suffix_tree,4,1,0.5,0.5,161,1569,2477,0.009805668048248478,skab_fold_aware_refined_search,316
0.48172757475083056,0.41229193341869397,0.972809667673716,0.579136690647482,original,SKAB,fold_5,42,5,5,probabilistic_suffix_tree,4,1,0.5,0.5,136,1403,2240,0.011739549704414909,skab_fold_aware_refined_search,316
0.47729789590254706,0.41064638783269963,0.9788519637462235,0.5785714285714286,gaussian_noise,SKAB,fold_5,42,5,5,probabilistic_suffix_tree,4,1,0.5,0.5,136,1403,2240,0.011739549704414909,skab_fold_aware_refined_search,316
0.5608465608465608,0.5608465608465608,1.0,0.7186440677966102,unseen_data,SKAB,fold_5,42,5,5,probabilistic_suffix_tree,4,1,0.5,0.5,136,1403,2240,0.011739549704414909,skab_fold_aware_refined_search,316
0.6666666666666666,0.5230202578268877,0.8765432098765432,0.6551326412918108,original,SKAB,fold_1,42,5,5,probabilistic_suffix_tree,4,1,0.5,0.7,170,1664,2655,0.009385605203619909,skab_fold_aware_refined_search,317
0.6566332218506131,0.5149812734082397,0.8487654320987654,0.6410256410256411,gaussian_noise,SKAB,fold_1,42,5,5,probabilistic_suffix_tree,4,1,0.5,0.7,170,1664,2655,0.009385605203619909,skab_fold_aware_refined_search,317
0.0,0.0,0.0,0.0,unseen_data,SKAB,fold_1,42,5,5,probabilistic_suffix_tree,4,1,0.5,0.7,170,1664,2655,0.009385605203619909,skab_fold_aware_refined_search,317
0.5431131019036954,0.4117647058823529,0.632398753894081,0.4987714987714988,original,SKAB,fold_2,42,5,5,probabilistic_suffix_tree,4,1,0.5,0.7,155,1619,2578,0.010273167427125465,skab_fold_aware_refined_search,317
0.574468085106383,0.441351888667992,0.6915887850467289,0.5388349514563107,gaussian_noise,SKAB,fold_2,42,5,5,probabilistic_suffix_tree,4,1,0.5,0.7,155,1619,2578,0.010273167427125465,skab_fold_aware_refined_search,317
0.0,0.0,0.0,0.0,unseen_data,SKAB,fold_2,42,5,5,probabilistic_suffix_tree,4,1,0.5,0.7,155,1619,2578,0.010273167427125465,skab_fold_aware_refined_search,317
0.5173572228443449,0.40625,0.7244582043343654,0.5205784204671857,original,SKAB,fold_3,42,5,5,probabilistic_suffix_tree,4,1,0.5,0.7,153,1550,2434,0.010263546278726544,skab_fold_aware_refined_search,317
0.5184770436730123,0.41008403361344536,0.7554179566563467,0.5315904139433552,gaussian_noise,SKAB,fold_3,42,5,5,probabilistic_suffix_tree,4,1,0.5,0.7,153,1550,2434,0.010263546278726544,skab_fold_aware_refined_search,317
0.2641509433962264,0.2641509433962264,1.0,0.417910447761194,unseen_data,SKAB,fold_3,42,5,5,probabilistic_suffix_tree,4,1,0.5,0.7,153,1550,2434,0.010263546278726544,skab_fold_aware_refined_search,317
0.3132803632236095,0.2533557046979866,0.4855305466237942,0.33296582138919517,original,SKAB,fold_4,42,5,5,probabilistic_suffix_tree,4,1,0.5,0.7,161,1569,2477,0.009805668048248478,skab_fold_aware_refined_search,317
0.32690124858115777,0.26885245901639343,0.5273311897106109,0.3561346362649294,gaussian_noise,SKAB,fold_4,42,5,5,probabilistic_suffix_tree,4,1,0.5,0.7,161,1569,2477,0.009805668048248478,skab_fold_aware_refined_search,317
0.07692307692307693,0.07692307692307693,1.0,0.14285714285714285,unseen_data,SKAB,fold_4,42,5,5,probabilistic_suffix_tree,4,1,0.5,0.7,161,1569,2477,0.009805668048248478,skab_fold_aware_refined_search,317
0.39867109634551495,0.37616822429906543,0.972809667673716,0.5425442291491154,original,SKAB,fold_5,42,5,5,probabilistic_suffix_tree,4,1,0.5,0.7,136,1403,2240,0.011739549704414909,skab_fold_aware_refined_search,317
0.3875968992248062,0.3724137931034483,0.9788519637462235,0.5395503746877602,gaussian_noise,SKAB,fold_5,42,5,5,probabilistic_suffix_tree,4,1,0.5,0.7,136,1403,2240,0.011739549704414909,skab_fold_aware_refined_search,317
0.5608465608465608,0.5608465608465608,1.0,0.7186440677966102,unseen_data,SKAB,fold_5,42,5,5,probabilistic_suffix_tree,4,1,0.5,0.7,136,1403,2240,0.011739549704414909,skab_fold_aware_refined_search,317
0.3612040133779264,0.3612040133779264,1.0,0.5307125307125307,original,SKAB,fold_1,42,5,5,probabilistic_suffix_tree,4,1,0.5,0.9,170,1664,2655,0.009385605203619909,skab_fold_aware_refined_search,318
0.3612040133779264,0.3612040133779264,1.0,0.5307125307125307,gaussian_noise,SKAB,fold_1,42,5,5,probabilistic_suffix_tree,4,1,0.5,0.9,170,1664,2655,0.009385605203619909,skab_fold_aware_refined_search,318
0.0,0.0,0.0,0.0,unseen_data,SKAB,fold_1,42,5,5,probabilistic_suffix_tree,4,1,0.5,0.9,170,1664,2655,0.009385605203619909,skab_fold_aware_refined_search,318
0.3594624860022396,0.3594624860022396,1.0,0.528830313014827,original,SKAB,fold_2,42,5,5,probabilistic_suffix_tree,4,1,0.5,0.9,155,1619,2578,0.010273167427125465,skab_fold_aware_refined_search,318
0.3594624860022396,0.3594624860022396,1.0,0.528830313014827,gaussian_noise,SKAB,fold_2,42,5,5,probabilistic_suffix_tree,4,1,0.5,0.9,155,1619,2578,0.010273167427125465,skab_fold_aware_refined_search,318
0.0,0.0,0.0,0.0,unseen_data,SKAB,fold_2,42,5,5,probabilistic_suffix_tree,4,1,0.5,0.9,155,1619,2578,0.010273167427125465,skab_fold_aware_refined_search,318
0.3617021276595745,0.3617021276595745,1.0,0.53125,original,SKAB,fold_3,42,5,5,probabilistic_suffix_tree,4,1,0.5,0.9,153,1550,2434,0.010263546278726544,skab_fold_aware_refined_search,318
0.3617021276595745,0.3617021276595745,1.0,0.53125,gaussian_noise,SKAB,fold_3,42,5,5,probabilistic_suffix_tree,4,1,0.5,0.9,153,1550,2434,0.010263546278726544,skab_fold_aware_refined_search,318
0.2641509433962264,0.2641509433962264,1.0,0.417910447761194,unseen_data,SKAB,fold_3,42,5,5,probabilistic_suffix_tree,4,1,0.5,0.9,153,1550,2434,0.010263546278726544,skab_fold_aware_refined_search,318
0.3530079455164586,0.3530079455164586,1.0,0.5218120805369127,original,SKAB,fold_4,42,5,5,probabilistic_suffix_tree,4,1,0.5,0.9,161,1569,2477,0.009805668048248478,skab_fold_aware_refined_search,318
0.3530079455164586,0.3530079455164586,1.0,0.5218120805369127,gaussian_noise,SKAB,fold_4,42,5,5,probabilistic_suffix_tree,4,1,0.5,0.9,161,1569,2477,0.009805668048248478,skab_fold_aware_refined_search,318
0.07692307692307693,0.07692307692307693,1.0,0.14285714285714285,unseen_data,SKAB,fold_4,42,5,5,probabilistic_suffix_tree,4,1,0.5,0.9,161,1569,2477,0.009805668048248478,skab_fold_aware_refined_search,318
0.36655592469545956,0.36655592469545956,1.0,0.5364667747163695,original,SKAB,fold_5,42,5,5,probabilistic_suffix_tree,4,1,0.5,0.9,136,1403,2240,0.011739549704414909,skab_fold_aware_refined_search,318
0.36655592469545956,0.36655592469545956,1.0,0.5364667747163695,gaussian_noise,SKAB,fold_5,42,5,5,probabilistic_suffix_tree,4,1,0.5,0.9,136,1403,2240,0.011739549704414909,skab_fold_aware_refined_search,318
0.5608465608465608,0.5608465608465608,1.0,0.7186440677966102,unseen_data,SKAB,fold_5,42,5,5,probabilistic_suffix_tree,4,1,0.5,0.9,136,1403,2240,0.011739549704414909,skab_fold_aware_refined_search,318
0.7212931995540691,0.6075581395348837,0.6450617283950617,0.625748502994012,original,SKAB,fold_1,42,5,5,probabilistic_suffix_tree,4,2,0.1,0.5,170,1664,2655,0.009385605203619909,skab_fold_aware_refined_search,319
0.7012263099219621,0.5818713450292398,0.6141975308641975,0.5975975975975976,gaussian_noise,SKAB,fold_1,42,5,5,probabilistic_suffix_tree,4,2,0.1,0.5,170,1664,2655,0.009385605203619909,skab_fold_aware_refined_search,319
0.0,0.0,0.0,0.0,unseen_data,SKAB,fold_1,42,5,5,probabilistic_suffix_tree,4,2,0.1,0.5,170,1664,2655,0.009385605203619909,skab_fold_aware_refined_search,319
0.5543113101903695,0.4142538975501114,0.5794392523364486,0.4831168831168831,original,SKAB,fold_2,42,5,5,probabilistic_suffix_tree,4,2,0.1,0.5,155,1619,2578,0.010273167427125465,skab_fold_aware_refined_search,319
0.5733482642777156,0.4330357142857143,0.6043613707165109,0.5045513654096229,gaussian_noise,SKAB,fold_2,42,5,5,probabilistic_suffix_tree,4,2,0.1,0.5,155,1619,2578,0.010273167427125465,skab_fold_aware_refined_search,319
0.0,0.0,0.0,0.0,unseen_data,SKAB,fold_2,42,5,5,probabilistic_suffix_tree,4,2,0.1,0.5,155,1619,2578,0.010273167427125465,skab_fold_aware_refined_search,319
0.5151175811870101,0.3966165413533835,0.653250773993808,0.4935672514619883,original,SKAB,fold_3,42,5,5,probabilistic_suffix_tree,4,2,0.1,0.5,153,1550,2434,0.010263546278726544,skab_fold_aware_refined_search,319
0.5128779395296752,0.3989169675090253,0.6842105263157895,0.5039908779931584,gaussian_noise,SKAB,fold_3,42,5,5,probabilistic_suffix_tree,4,2,0.1,0.5,153,1550,2434,0.010263546278726544,skab_fold_aware_refined_search,319
0.24528301886792453,0.25,0.9285714285714286,0.3939393939393939,unseen_data,SKAB,fold_3,42,5,5,probabilistic_suffix_tree,4,2,0.1,0.5,153,1550,2434,0.010263546278726544,skab_fold_aware_refined_search,319
0.4267877412031782,0.29707112970711297,0.4565916398713826,0.35994930291508237,original,SKAB,fold_4,42,5,5,probabilistic_suffix_tree,4,2,0.1,0.5,161,1569,2477,0.009805668048248478,skab_fold_aware_refined_search,319
0.4211123723041998,0.30060120240480964,0.48231511254019294,0.37037037037037035,gaussian_noise,SKAB,fold_4,42,5,5,probabilistic_suffix_tree,4,2,0.1,0.5,161,1569,2477,0.009805668048248478,skab_fold_aware_refined_search,319
0.10256410256410256,0.07894736842105263,1.0,0.14634146341463414,unseen_data,SKAB,fold_4,42,5,5,probabilistic_suffix_tree,4,2,0.1,0.5,161,1569,2477,0.009805668048248478,skab_fold_aware_refined_search,319
0.47729789590254706,0.4083224967490247,0.9486404833836858,0.5709090909090909,original,SKAB,fold_5,42,5,5,probabilistic_suffix_tree,4,2,0.1,0.5,136,1403,2240,0.011739549704414909,skab_fold_aware_refined_search,319
0.4739756367663344,0.4079283887468031,0.9637462235649547,0.573225516621743,gaussian_noise,SKAB,fold_5,42,5,5,probabilistic_suffix_tree,4,2,0.1,0.5,136,1403,2240,0.011739549704414909,skab_fold_aware_refined_search,319
0.5608465608465608,0.5608465608465608,1.0,0.7186440677966102,unseen_data,SKAB,fold_5,42,5,5,probabilistic_suffix_tree,4,2,0.1,0.5,136,1403,2240,0.011739549704414909,skab_fold_aware_refined_search,319
0.5942028985507246,0.4581589958158996,0.6759259259259259,0.5461346633416458,original,SKAB,fold_1,42,5,5,probabilistic_suffix_tree,4,2,0.1,0.7,170,1664,2655,0.009385605203619909,skab_fold_aware_refined_search,320
0.5830546265328874,0.4465811965811966,0.6450617283950617,0.5277777777777778,gaussian_noise,SKAB,fold_1,42,5,5,probabilistic_suffix_tree,4,2,0.1,0.7,170,1664,2655,0.009385605203619909,skab_fold_aware_refined_search,320
0.0,0.0,0.0,0.0,unseen_data,SKAB,fold_1,42,5,5,probabilistic_suffix_tree,4,2,0.1,0.7,170,1664,2655,0.009385605203619909,skab_fold_aware_refined_search,320
0.5431131019036954,0.4117647058823529,0.632398753894081,0.4987714987714988,original,SKAB,fold_2,42,5,5,probabilistic_suffix_tree,4,2,0.1,0.7,155,1619,2578,0.010273167427125465,skab_fold_aware_refined_search,320
0.574468085106383,0.441351888667992,0.6915887850467289,0.5388349514563107,gaussian_noise,SKAB,fold_2,42,5,5,probabilistic_suffix_tree,4,2,0.1,0.7,155,1619,2578,0.010273167427125465,skab_fold_aware_refined_search,320
0.0,0.0,0.0,0.0,unseen_data,SKAB,fold_2,42,5,5,probabilistic_suffix_tree,4,2,0.1,0.7,155,1619,2578,0.010273167427125465,skab_fold_aware_refined_search,320
0.5195968645016797,0.4076655052264808,0.7244582043343654,0.5217391304347826,original,SKAB,fold_3,42,5,5,probabilistic_suffix_tree,4,2,0.1,0.7,153,1550,2434,0.010263546278726544,skab_fold_aware_refined_search,320
0.5184770436730123,0.41008403361344536,0.7554179566563467,0.5315904139433552,gaussian_noise,SKAB,fold_3,42,5,5,probabilistic_suffix_tree,4,2,0.1,0.7,153,1550,2434,0.010263546278726544,skab_fold_aware_refined_search,320
0.2641509433962264,0.2641509433962264,1.0,0.417910447761194,unseen_data,SKAB,fold_3,42,5,5,probabilistic_suffix_tree,4,2,0.1,0.7,153,1550,2434,0.010263546278726544,skab_fold_aware_refined_search,320
0.40749148694665155,0.29108910891089107,0.47266881028938906,0.3602941176470588,original,SKAB,fold_4,42,5,5,probabilistic_suffix_tree,4,2,0.1,0.7,161,1569,2477,0.009805668048248478,skab_fold_aware_refined_search,320
0.4097616345062429,0.3032015065913371,0.5176848874598071,0.3824228028503563,gaussian_noise,SKAB,fold_4,42,5,5,probabilistic_suffix_tree,4,2,0.1,0.7,161,1569,2477,0.009805668048248478,skab_fold_aware_refined_search,320
0.07692307692307693,0.07692307692307693,1.0,0.14285714285714285,unseen_data,SKAB,fold_4,42,5,5,probabilistic_suffix_tree,4,2,0.1,0.7,161,1569,2477,0.009805668048248478,skab_fold_aware_refined_search,320
0.48172757475083056,0.41229193341869397,0.972809667673716,0.579136690647482,original,SKAB,fold_5,42,5,5,probabilistic_suffix_tree,4,2,0.1,0.7,136,1403,2240,0.011739549704414909,skab_fold_aware_refined_search,320
0.47729789590254706,0.41064638783269963,0.9788519637462235,0.5785714285714286,gaussian_noise,SKAB,fold_5,42,5,5,probabilistic_suffix_tree,4,2,0.1,0.7,136,1403,2240,0.011739549704414909,skab_fold_aware_refined_search,320
0.5608465608465608,0.5608465608465608,1.0,0.7186440677966102,unseen_data,SKAB,fold_5,42,5,5,probabilistic_suffix_tree,4,2,0.1,0.7,136,1403,2240,0.011739549704414909,skab_fold_aware_refined_search,320
0.600891861761427,0.4750733137829912,1.0,0.6441351888667992,original,SKAB,fold_1,42,5,5,probabilistic_suffix_tree,4,2,0.1,0.9,170,1664,2655,0.009385605203619909,skab_fold_aware_refined_search,321
0.600891861761427,0.4750733137829912,1.0,0.6441351888667992,gaussian_noise,SKAB,fold_1,42,5,5,probabilistic_suffix_tree,4,2,0.1,0.9,170,1664,2655,0.009385605203619909,skab_fold_aware_refined_search,321
0.0,0.0,0.0,0.0,unseen_data,SKAB,fold_1,42,5,5,probabilistic_suffix_tree,4,2,0.1,0.9,170,1664,2655,0.009385605203619909,skab_fold_aware_refined_search,321
0.6103023516237402,0.4798206278026906,1.0,0.6484848484848484,original,SKAB,fold_2,42,5,5,probabilistic_suffix_tree,4,2,0.1,0.9,155,1619,2578,0.010273167427125465,skab_fold_aware_refined_search,321
0.6103023516237402,0.4798206278026906,1.0,0.6484848484848484,gaussian_noise,SKAB,fold_2,42,5,5,probabilistic_suffix_tree,4,2,0.1,0.9,155,1619,2578,0.010273167427125465,skab_fold_aware_refined_search,321
0.0,0.0,0.0,0.0,unseen_data,SKAB,fold_2,42,5,5,probabilistic_suffix_tree,4,2,0.1,0.9,155,1619,2578,0.010273167427125465,skab_fold_aware_refined_search,321
0.5968645016797313,0.47291361639824303,1.0,0.6421471172962226,original,SKAB,fold_3,42,5,5,probabilistic_suffix_tree,4,2,0.1,0.9,153,1550,2434,0.010263546278726544,skab_fold_aware_refined_search,321
0.5968645016797313,0.47291361639824303,1.0,0.6421471172962226,gaussian_noise,SKAB,fold_3,42,5,5,probabilistic_suffix_tree,4,2,0.1,0.9,153,1550,2434,0.010263546278726544,skab_fold_aware_refined_search,321
0.2641509433962264,0.2641509433962264,1.0,0.417910447761194,unseen_data,SKAB,fold_3,42,5,5,probabilistic_suffix_tree,4,2,0.1,0.9,153,1550,2434,0.010263546278726544,skab_fold_aware_refined_search,321
0.3518728717366629,0.3018292682926829,0.6366559485530546,0.4095139607032058,original,SKAB,fold_4,42,5,5,probabilistic_suffix_tree,4,2,0.1,0.9,161,1569,2477,0.009805668048248478,skab_fold_aware_refined_search,321
0.34846765039727584,0.30045523520485584,0.6366559485530546,0.40824742268041236,gaussian_noise,SKAB,fold_4,42,5,5,probabilistic_suffix_tree,4,2,0.1,0.9,161,1569,2477,0.009805668048248478,skab_fold_aware_refined_search,321
0.07692307692307693,0.07692307692307693,1.0,0.14285714285714285,unseen_data,SKAB,fold_4,42,5,5,probabilistic_suffix_tree,4,2,0.1,0.9,161,1569,2477,0.009805668048248478,skab_fold_aware_refined_search,321
0.4019933554817276,0.38002296211251435,1.0,0.5507487520798668,original,SKAB,fold_5,42,5,5,probabilistic_suffix_tree,4,2,0.1,0.9,136,1403,2240,0.011739549704414909,skab_fold_aware_refined_search,321
0.3920265780730897,0.37613636363636366,1.0,0.5466556564822461,gaussian_noise,SKAB,fold_5,42,5,5,probabilistic_suffix_tree,4,2,0.1,0.9,136,1403,2240,0.011739549704414909,skab_fold_aware_refined_search,321
0.5608465608465608,0.5608465608465608,1.0,0.7186440677966102,unseen_data,SKAB,fold_5,42,5,5,probabilistic_suffix_tree,4,2,0.1,0.9,136,1403,2240,0.011739549704414909,skab_fold_aware_refined_search,321
0.5942028985507246,0.4581589958158996,0.6759259259259259,0.5461346633416458,original,SKAB,fold_1,42,5,5,probabilistic_suffix_tree,4,2,0.5,0.5,170,1664,2655,0.009385605203619909,skab_fold_aware_refined_search,322
0.5830546265328874,0.4465811965811966,0.6450617283950617,0.5277777777777778,gaussian_noise,SKAB,fold_1,42,5,5,probabilistic_suffix_tree,4,2,0.5,0.5,170,1664,2655,0.009385605203619909,skab_fold_aware_refined_search,322
0.0,0.0,0.0,0.0,unseen_data,SKAB,fold_1,42,5,5,probabilistic_suffix_tree,4,2,0.5,0.5,170,1664,2655,0.009385605203619909,skab_fold_aware_refined_search,322
0.5431131019036954,0.4117647058823529,0.632398753894081,0.4987714987714988,original,SKAB,fold_2,42,5,5,probabilistic_suffix_tree,4,2,0.5,0.5,155,1619,2578,0.010273167427125465,skab_fold_aware_refined_search,322
0.574468085106383,0.441351888667992,0.6915887850467289,0.5388349514563107,gaussian_noise,SKAB,fold_2,42,5,5,probabilistic_suffix_tree,4,2,0.5,0.5,155,1619,2578,0.010273167427125465,skab_fold_aware_refined_search,322
0.0,0.0,0.0,0.0,unseen_data,SKAB,fold_2,42,5,5,probabilistic_suffix_tree,4,2,0.5,0.5,155,1619,2578,0.010273167427125465,skab_fold_aware_refined_search,322
0.5173572228443449,0.40625,0.7244582043343654,0.5205784204671857,original,SKAB,fold_3,42,5,5,probabilistic_suffix_tree,4,2,0.5,0.5,153,1550,2434,0.010263546278726544,skab_fold_aware_refined_search,322
0.5184770436730123,0.41008403361344536,0.7554179566563467,0.5315904139433552,gaussian_noise,SKAB,fold_3,42,5,5,probabilistic_suffix_tree,4,2,0.5,0.5,153,1550,2434,0.010263546278726544,skab_fold_aware_refined_search,322
0.2641509433962264,0.2641509433962264,1.0,0.417910447761194,unseen_data,SKAB,fold_3,42,5,5,probabilistic_suffix_tree,4,2,0.5,0.5,153,1550,2434,0.010263546278726544,skab_fold_aware_refined_search,322
0.3813847900113507,0.2784090909090909,0.47266881028938906,0.3504171632896305,original,SKAB,fold_4,42,5,5,probabilistic_suffix_tree,4,2,0.5,0.5,161,1569,2477,0.009805668048248478,skab_fold_aware_refined_search,322
0.3961407491486947,0.2965009208103131,0.5176848874598071,0.3770491803278688,gaussian_noise,SKAB,fold_4,42,5,5,probabilistic_suffix_tree,4,2,0.5,0.5,161,1569,2477,0.009805668048248478,skab_fold_aware_refined_search,322
0.07692307692307693,0.07692307692307693,1.0,0.14285714285714285,unseen_data,SKAB,fold_4,42,5,5,probabilistic_suffix_tree,4,2,0.5,0.5,161,1569,2477,0.009805668048248478,skab_fold_aware_refined_search,322
0.48172757475083056,0.41229193341869397,0.972809667673716,0.579136690647482,original,SKAB,fold_5,42,5,5,probabilistic_suffix_tree,4,2,0.5,0.5,136,1403,2240,0.011739549704414909,skab_fold_aware_refined_search,322
0.47729789590254706,0.41064638783269963,0.9788519637462235,0.5785714285714286,gaussian_noise,SKAB,fold_5,42,5,5,probabilistic_suffix_tree,4,2,0.5,0.5,136,1403,2240,0.011739549704414909,skab_fold_aware_refined_search,322
0.5608465608465608,0.5608465608465608,1.0,0.7186440677966102,unseen_data,SKAB,fold_5,42,5,5,probabilistic_suffix_tree,4,2,0.5,0.5,136,1403,2240,0.011739549704414909,skab_fold_aware_refined_search,322
0.6666666666666666,0.5230202578268877,0.8765432098765432,0.6551326412918108,original,SKAB,fold_1,42,5,5,probabilistic_suffix_tree,4,2,0.5,0.7,170,1664,2655,0.009385605203619909,skab_fold_aware_refined_search,323
0.6566332218506131,0.5149812734082397,0.8487654320987654,0.6410256410256411,gaussian_noise,SKAB,fold_1,42,5,5,probabilistic_suffix_tree,4,2,0.5,0.7,170,1664,2655,0.009385605203619909,skab_fold_aware_refined_search,323
0.0,0.0,0.0,0.0,unseen_data,SKAB,fold_1,42,5,5,probabilistic_suffix_tree,4,2,0.5,0.7,170,1664,2655,0.009385605203619909,skab_fold_aware_refined_search,323
0.5431131019036954,0.4117647058823529,0.632398753894081,0.4987714987714988,original,SKAB,fold_2,42,5,5,probabilistic_suffix_tree,4,2,0.5,0.7,155,1619,2578,0.010273167427125465,skab_fold_aware_refined_search,323
0.574468085106383,0.441351888667992,0.6915887850467289,0.5388349514563107,gaussian_noise,SKAB,fold_2,42,5,5,probabilistic_suffix_tree,4,2,0.5,0.7,155,1619,2578,0.010273167427125465,skab_fold_aware_refined_search,323
0.0,0.0,0.0,0.0,unseen_data,SKAB,fold_2,42,5,5,probabilistic_suffix_tree,4,2,0.5,0.7,155,1619,2578,0.010273167427125465,skab_fold_aware_refined_search,323
0.5173572228443449,0.40625,0.7244582043343654,0.5205784204671857,original,SKAB,fold_3,42,5,5,probabilistic_suffix_tree,4,2,0.5,0.7,153,1550,2434,0.010263546278726544,skab_fold_aware_refined_search,323
0.5184770436730123,0.41008403361344536,0.7554179566563467,0.5315904139433552,gaussian_noise,SKAB,fold_3,42,5,5,probabilistic_suffix_tree,4,2,0.5,0.7,153,1550,2434,0.010263546278726544,skab_fold_aware_refined_search,323
0.2641509433962264,0.2641509433962264,1.0,0.417910447761194,unseen_data,SKAB,fold_3,42,5,5,probabilistic_suffix_tree,4,2,0.5,0.7,153,1550,2434,0.010263546278726544,skab_fold_aware_refined_search,323
0.3132803632236095,0.2533557046979866,0.4855305466237942,0.33296582138919517,original,SKAB,fold_4,42,5,5,probabilistic_suffix_tree,4,2,0.5,0.7,161,1569,2477,0.009805668048248478,skab_fold_aware_refined_search,323
0.32690124858115777,0.26885245901639343,0.5273311897106109,0.3561346362649294,gaussian_noise,SKAB,fold_4,42,5,5,probabilistic_suffix_tree,4,2,0.5,0.7,161,1569,2477,0.009805668048248478,skab_fold_aware_refined_search,323
0.07692307692307693,0.07692307692307693,1.0,0.14285714285714285,unseen_data,SKAB,fold_4,42,5,5,probabilistic_suffix_tree,4,2,0.5,0.7,161,1569,2477,0.009805668048248478,skab_fold_aware_refined_search,323
0.39867109634551495,0.37616822429906543,0.972809667673716,0.5425442291491154,original,SKAB,fold_5,42,5,5,probabilistic_suffix_tree,4,2,0.5,0.7,136,1403,2240,0.011739549704414909,skab_fold_aware_refined_search,323
0.3875968992248062,0.3724137931034483,0.9788519637462235,0.5395503746877602,gaussian_noise,SKAB,fold_5,42,5,5,probabilistic_suffix_tree,4,2,0.5,0.7,136,1403,2240,0.011739549704414909,skab_fold_aware_refined_search,323
0.5608465608465608,0.5608465608465608,1.0,0.7186440677966102,unseen_data,SKAB,fold_5,42,5,5,probabilistic_suffix_tree,4,2,0.5,0.7,136,1403,2240,0.011739549704414909,skab_fold_aware_refined_search,323
0.3612040133779264,0.3612040133779264,1.0,0.5307125307125307,original,SKAB,fold_1,42,5,5,probabilistic_suffix_tree,4,2,0.5,0.9,170,1664,2655,0.009385605203619909,skab_fold_aware_refined_search,324
0.3612040133779264,0.3612040133779264,1.0,0.5307125307125307,gaussian_noise,SKAB,fold_1,42,5,5,probabilistic_suffix_tree,4,2,0.5,0.9,170,1664,2655,0.009385605203619909,skab_fold_aware_refined_search,324
0.0,0.0,0.0,0.0,unseen_data,SKAB,fold_1,42,5,5,probabilistic_suffix_tree,4,2,0.5,0.9,170,1664,2655,0.009385605203619909,skab_fold_aware_refined_search,324
0.3594624860022396,0.3594624860022396,1.0,0.528830313014827,original,SKAB,fold_2,42,5,5,probabilistic_suffix_tree,4,2,0.5,0.9,155,1619,2578,0.010273167427125465,skab_fold_aware_refined_search,324
0.3594624860022396,0.3594624860022396,1.0,0.528830313014827,gaussian_noise,SKAB,fold_2,42,5,5,probabilistic_suffix_tree,4,2,0.5,0.9,155,1619,2578,0.010273167427125465,skab_fold_aware_refined_search,324
0.0,0.0,0.0,0.0,unseen_data,SKAB,fold_2,42,5,5,probabilistic_suffix_tree,4,2,0.5,0.9,155,1619,2578,0.010273167427125465,skab_fold_aware_refined_search,324
0.3617021276595745,0.3617021276595745,1.0,0.53125,original,SKAB,fold_3,42,5,5,probabilistic_suffix_tree,4,2,0.5,0.9,153,1550,2434,0.010263546278726544,skab_fold_aware_refined_search,324
0.3617021276595745,0.3617021276595745,1.0,0.53125,gaussian_noise,SKAB,fold_3,42,5,5,probabilistic_suffix_tree,4,2,0.5,0.9,153,1550,2434,0.010263546278726544,skab_fold_aware_refined_search,324
0.2641509433962264,0.2641509433962264,1.0,0.417910447761194,unseen_data,SKAB,fold_3,42,5,5,probabilistic_suffix_tree,4,2,0.5,0.9,153,1550,2434,0.010263546278726544,skab_fold_aware_refined_search,324
0.3530079455164586,0.3530079455164586,1.0,0.5218120805369127,original,SKAB,fold_4,42,5,5,probabilistic_suffix_tree,4,2,0.5,0.9,161,1569,2477,0.009805668048248478,skab_fold_aware_refined_search,324
0.3530079455164586,0.3530079455164586,1.0,0.5218120805369127,gaussian_noise,SKAB,fold_4,42,5,5,probabilistic_suffix_tree,4,2,0.5,0.9,161,1569,2477,0.009805668048248478,skab_fold_aware_refined_search,324
0.07692307692307693,0.07692307692307693,1.0,0.14285714285714285,unseen_data,SKAB,fold_4,42,5,5,probabilistic_suffix_tree,4,2,0.5,0.9,161,1569,2477,0.009805668048248478,skab_fold_aware_refined_search,324
0.36655592469545956,0.36655592469545956,1.0,0.5364667747163695,original,SKAB,fold_5,42,5,5,probabilistic_suffix_tree,4,2,0.5,0.9,136,1403,2240,0.011739549704414909,skab_fold_aware_refined_search,324
0.36655592469545956,0.36655592469545956,1.0,0.5364667747163695,gaussian_noise,SKAB,fold_5,42,5,5,probabilistic_suffix_tree,4,2,0.5,0.9,136,1403,2240,0.011739549704414909,skab_fold_aware_refined_search,324
0.5608465608465608,0.5608465608465608,1.0,0.7186440677966102,unseen_data,SKAB,fold_5,42,5,5,probabilistic_suffix_tree,4,2,0.5,0.9,136,1403,2240,0.011739549704414909,skab_fold_aware_refined_search,324
