accuracy,precision,recall,f1_score,scenario,dataset,fold,seed,window_size,alphabet_size,model_variant,suffix_max_order,suffix_min_context_count,suffix_smoothing_alpha,anomaly_threshold,scoring_mode,pst_nll_epsilon,num_states,num_contexts,num_transitions,transition_density,tuning_type,threshold_candidate
0.2634146341463415,0.04430379746835443,1.0,0.08484848484848485,original,BATADAL,nll_threshold_search,42,4,5,probabilistic_suffix_tree,2,2,0.1,4.0,negative_log,1e-12,151,437,891,0.013502659614772606,pst_nll_threshold_tuning,4.0
0.25853658536585367,0.0440251572327044,1.0,0.08433734939759036,gaussian_noise,BATADAL,nll_threshold_search,42,4,5,probabilistic_suffix_tree,2,2,0.1,4.0,negative_log,1e-12,151,437,891,0.013502659614772606,pst_nll_threshold_tuning,4.0
0.15894039735099338,0.03787878787878788,1.0,0.072992700729927,unseen_data,BATADAL,nll_threshold_search,42,4,5,probabilistic_suffix_tree,2,2,0.1,4.0,negative_log,1e-12,151,437,891,0.013502659614772606,pst_nll_threshold_tuning,4.0
0.2634146341463415,0.04430379746835443,1.0,0.08484848484848485,original,BATADAL,nll_threshold_search,123,4,5,probabilistic_suffix_tree,2,2,0.1,4.0,negative_log,1e-12,151,437,891,0.013502659614772606,pst_nll_threshold_tuning,4.0
0.25853658536585367,0.0440251572327044,1.0,0.08433734939759036,gaussian_noise,BATADAL,nll_threshold_search,123,4,5,probabilistic_suffix_tree,2,2,0.1,4.0,negative_log,1e-12,151,437,891,0.013502659614772606,pst_nll_threshold_tuning,4.0
0.15894039735099338,0.03787878787878788,1.0,0.072992700729927,unseen_data,BATADAL,nll_threshold_search,123,4,5,probabilistic_suffix_tree,2,2,0.1,4.0,negative_log,1e-12,151,437,891,0.013502659614772606,pst_nll_threshold_tuning,4.0
0.2634146341463415,0.04430379746835443,1.0,0.08484848484848485,original,BATADAL,nll_threshold_search,2026,4,5,probabilistic_suffix_tree,2,2,0.1,4.0,negative_log,1e-12,151,437,891,0.013502659614772606,pst_nll_threshold_tuning,4.0
0.25365853658536586,0.04375,1.0,0.08383233532934131,gaussian_noise,BATADAL,nll_threshold_search,2026,4,5,probabilistic_suffix_tree,2,2,0.1,4.0,negative_log,1e-12,151,437,891,0.013502659614772606,pst_nll_threshold_tuning,4.0
0.15894039735099338,0.03787878787878788,1.0,0.072992700729927,unseen_data,BATADAL,nll_threshold_search,2026,4,5,probabilistic_suffix_tree,2,2,0.1,4.0,negative_log,1e-12,151,437,891,0.013502659614772606,pst_nll_threshold_tuning,4.0
0.2634146341463415,0.04430379746835443,1.0,0.08484848484848485,original,BATADAL,nll_threshold_search,7,4,5,probabilistic_suffix_tree,2,2,0.1,4.0,negative_log,1e-12,151,437,891,0.013502659614772606,pst_nll_threshold_tuning,4.0
0.25365853658536586,0.04375,1.0,0.08383233532934131,gaussian_noise,BATADAL,nll_threshold_search,7,4,5,probabilistic_suffix_tree,2,2,0.1,4.0,negative_log,1e-12,151,437,891,0.013502659614772606,pst_nll_threshold_tuning,4.0
0.15894039735099338,0.03787878787878788,1.0,0.072992700729927,unseen_data,BATADAL,nll_threshold_search,7,4,5,probabilistic_suffix_tree,2,2,0.1,4.0,negative_log,1e-12,151,437,891,0.013502659614772606,pst_nll_threshold_tuning,4.0
0.2634146341463415,0.04430379746835443,1.0,0.08484848484848485,original,BATADAL,nll_threshold_search,999,4,5,probabilistic_suffix_tree,2,2,0.1,4.0,negative_log,1e-12,151,437,891,0.013502659614772606,pst_nll_threshold_tuning,4.0
0.25853658536585367,0.0440251572327044,1.0,0.08433734939759036,gaussian_noise,BATADAL,nll_threshold_search,999,4,5,probabilistic_suffix_tree,2,2,0.1,4.0,negative_log,1e-12,151,437,891,0.013502659614772606,pst_nll_threshold_tuning,4.0
0.15894039735099338,0.03787878787878788,1.0,0.072992700729927,unseen_data,BATADAL,nll_threshold_search,999,4,5,probabilistic_suffix_tree,2,2,0.1,4.0,negative_log,1e-12,151,437,891,0.013502659614772606,pst_nll_threshold_tuning,4.0
0.2780487804878049,0.04516129032258064,1.0,0.08641975308641975,original,BATADAL,nll_threshold_search,42,4,5,probabilistic_suffix_tree,2,2,0.1,5.0,negative_log,1e-12,151,437,891,0.013502659614772606,pst_nll_threshold_tuning,5.0
0.2731707317073171,0.04487179487179487,1.0,0.08588957055214724,gaussian_noise,BATADAL,nll_threshold_search,42,4,5,probabilistic_suffix_tree,2,2,0.1,5.0,negative_log,1e-12,151,437,891,0.013502659614772606,pst_nll_threshold_tuning,5.0
0.17218543046357615,0.038461538461538464,1.0,0.07407407407407407,unseen_data,BATADAL,nll_threshold_search,42,4,5,probabilistic_suffix_tree,2,2,0.1,5.0,negative_log,1e-12,151,437,891,0.013502659614772606,pst_nll_threshold_tuning,5.0
0.2780487804878049,0.04516129032258064,1.0,0.08641975308641975,original,BATADAL,nll_threshold_search,123,4,5,probabilistic_suffix_tree,2,2,0.1,5.0,negative_log,1e-12,151,437,891,0.013502659614772606,pst_nll_threshold_tuning,5.0
0.2682926829268293,0.044585987261146494,1.0,0.08536585365853659,gaussian_noise,BATADAL,nll_threshold_search,123,4,5,probabilistic_suffix_tree,2,2,0.1,5.0,negative_log,1e-12,151,437,891,0.013502659614772606,pst_nll_threshold_tuning,5.0
0.17218543046357615,0.038461538461538464,1.0,0.07407407407407407,unseen_data,BATADAL,nll_threshold_search,123,4,5,probabilistic_suffix_tree,2,2,0.1,5.0,negative_log,1e-12,151,437,891,0.013502659614772606,pst_nll_threshold_tuning,5.0
0.2780487804878049,0.04516129032258064,1.0,0.08641975308641975,original,BATADAL,nll_threshold_search,2026,4,5,probabilistic_suffix_tree,2,2,0.1,5.0,negative_log,1e-12,151,437,891,0.013502659614772606,pst_nll_threshold_tuning,5.0
0.2731707317073171,0.04487179487179487,1.0,0.08588957055214724,gaussian_noise,BATADAL,nll_threshold_search,2026,4,5,probabilistic_suffix_tree,2,2,0.1,5.0,negative_log,1e-12,151,437,891,0.013502659614772606,pst_nll_threshold_tuning,5.0
0.17218543046357615,0.038461538461538464,1.0,0.07407407407407407,unseen_data,BATADAL,nll_threshold_search,2026,4,5,probabilistic_suffix_tree,2,2,0.1,5.0,negative_log,1e-12,151,437,891,0.013502659614772606,pst_nll_threshold_tuning,5.0
0.2780487804878049,0.04516129032258064,1.0,0.08641975308641975,original,BATADAL,nll_threshold_search,7,4,5,probabilistic_suffix_tree,2,2,0.1,5.0,negative_log,1e-12,151,437,891,0.013502659614772606,pst_nll_threshold_tuning,5.0
0.2731707317073171,0.04487179487179487,1.0,0.08588957055214724,gaussian_noise,BATADAL,nll_threshold_search,7,4,5,probabilistic_suffix_tree,2,2,0.1,5.0,negative_log,1e-12,151,437,891,0.013502659614772606,pst_nll_threshold_tuning,5.0
0.17218543046357615,0.038461538461538464,1.0,0.07407407407407407,unseen_data,BATADAL,nll_threshold_search,7,4,5,probabilistic_suffix_tree,2,2,0.1,5.0,negative_log,1e-12,151,437,891,0.013502659614772606,pst_nll_threshold_tuning,5.0
0.2780487804878049,0.04516129032258064,1.0,0.08641975308641975,original,BATADAL,nll_threshold_search,999,4,5,probabilistic_suffix_tree,2,2,0.1,5.0,negative_log,1e-12,151,437,891,0.013502659614772606,pst_nll_threshold_tuning,5.0
0.2780487804878049,0.04516129032258064,1.0,0.08641975308641975,gaussian_noise,BATADAL,nll_threshold_search,999,4,5,probabilistic_suffix_tree,2,2,0.1,5.0,negative_log,1e-12,151,437,891,0.013502659614772606,pst_nll_threshold_tuning,5.0
0.17218543046357615,0.038461538461538464,1.0,0.07407407407407407,unseen_data,BATADAL,nll_threshold_search,999,4,5,probabilistic_suffix_tree,2,2,0.1,5.0,negative_log,1e-12,151,437,891,0.013502659614772606,pst_nll_threshold_tuning,5.0
0.7463414634146341,0.07547169811320754,0.5714285714285714,0.13333333333333333,original,BATADAL,nll_threshold_search,42,4,5,probabilistic_suffix_tree,2,2,0.1,6.0,negative_log,1e-12,151,437,891,0.013502659614772606,pst_nll_threshold_tuning,6.0
0.7414634146341463,0.07407407407407407,0.5714285714285714,0.13114754098360656,gaussian_noise,BATADAL,nll_threshold_search,42,4,5,probabilistic_suffix_tree,2,2,0.1,6.0,negative_log,1e-12,151,437,891,0.013502659614772606,pst_nll_threshold_tuning,6.0
0.6688741721854304,0.058823529411764705,0.6,0.10714285714285714,unseen_data,BATADAL,nll_threshold_search,42,4,5,probabilistic_suffix_tree,2,2,0.1,6.0,negative_log,1e-12,151,437,891,0.013502659614772606,pst_nll_threshold_tuning,6.0
0.7463414634146341,0.07547169811320754,0.5714285714285714,0.13333333333333333,original,BATADAL,nll_threshold_search,123,4,5,probabilistic_suffix_tree,2,2,0.1,6.0,negative_log,1e-12,151,437,891,0.013502659614772606,pst_nll_threshold_tuning,6.0
0.7365853658536585,0.07272727272727272,0.5714285714285714,0.12903225806451613,gaussian_noise,BATADAL,nll_threshold_search,123,4,5,probabilistic_suffix_tree,2,2,0.1,6.0,negative_log,1e-12,151,437,891,0.013502659614772606,pst_nll_threshold_tuning,6.0
0.6688741721854304,0.058823529411764705,0.6,0.10714285714285714,unseen_data,BATADAL,nll_threshold_search,123,4,5,probabilistic_suffix_tree,2,2,0.1,6.0,negative_log,1e-12,151,437,891,0.013502659614772606,pst_nll_threshold_tuning,6.0
0.7463414634146341,0.07547169811320754,0.5714285714285714,0.13333333333333333,original,BATADAL,nll_threshold_search,2026,4,5,probabilistic_suffix_tree,2,2,0.1,6.0,negative_log,1e-12,151,437,891,0.013502659614772606,pst_nll_threshold_tuning,6.0
0.7365853658536585,0.07272727272727272,0.5714285714285714,0.12903225806451613,gaussian_noise,BATADAL,nll_threshold_search,2026,4,5,probabilistic_suffix_tree,2,2,0.1,6.0,negative_log,1e-12,151,437,891,0.013502659614772606,pst_nll_threshold_tuning,6.0
0.6688741721854304,0.058823529411764705,0.6,0.10714285714285714,unseen_data,BATADAL,nll_threshold_search,2026,4,5,probabilistic_suffix_tree,2,2,0.1,6.0,negative_log,1e-12,151,437,891,0.013502659614772606,pst_nll_threshold_tuning,6.0
0.7463414634146341,0.07547169811320754,0.5714285714285714,0.13333333333333333,original,BATADAL,nll_threshold_search,7,4,5,probabilistic_suffix_tree,2,2,0.1,6.0,negative_log,1e-12,151,437,891,0.013502659614772606,pst_nll_threshold_tuning,6.0
0.7317073170731707,0.07142857142857142,0.5714285714285714,0.12698412698412698,gaussian_noise,BATADAL,nll_threshold_search,7,4,5,probabilistic_suffix_tree,2,2,0.1,6.0,negative_log,1e-12,151,437,891,0.013502659614772606,pst_nll_threshold_tuning,6.0
0.6688741721854304,0.058823529411764705,0.6,0.10714285714285714,unseen_data,BATADAL,nll_threshold_search,7,4,5,probabilistic_suffix_tree,2,2,0.1,6.0,negative_log,1e-12,151,437,891,0.013502659614772606,pst_nll_threshold_tuning,6.0
0.7463414634146341,0.07547169811320754,0.5714285714285714,0.13333333333333333,original,BATADAL,nll_threshold_search,999,4,5,probabilistic_suffix_tree,2,2,0.1,6.0,negative_log,1e-12,151,437,891,0.013502659614772606,pst_nll_threshold_tuning,6.0
0.7317073170731707,0.07142857142857142,0.5714285714285714,0.12698412698412698,gaussian_noise,BATADAL,nll_threshold_search,999,4,5,probabilistic_suffix_tree,2,2,0.1,6.0,negative_log,1e-12,151,437,891,0.013502659614772606,pst_nll_threshold_tuning,6.0
0.6688741721854304,0.058823529411764705,0.6,0.10714285714285714,unseen_data,BATADAL,nll_threshold_search,999,4,5,probabilistic_suffix_tree,2,2,0.1,6.0,negative_log,1e-12,151,437,891,0.013502659614772606,pst_nll_threshold_tuning,6.0
0.8146341463414634,0.10256410256410256,0.5714285714285714,0.17391304347826086,original,BATADAL,nll_threshold_search,42,4,5,probabilistic_suffix_tree,2,2,0.1,6.907755,negative_log,1e-12,151,437,891,0.013502659614772606,pst_nll_threshold_tuning,6.907755
0.8097560975609757,0.1,0.5714285714285714,0.1702127659574468,gaussian_noise,BATADAL,nll_threshold_search,42,4,5,probabilistic_suffix_tree,2,2,0.1,6.907755,negative_log,1e-12,151,437,891,0.013502659614772606,pst_nll_threshold_tuning,6.907755
0.7814569536423841,0.08823529411764706,0.6,0.15384615384615385,unseen_data,BATADAL,nll_threshold_search,42,4,5,probabilistic_suffix_tree,2,2,0.1,6.907755,negative_log,1e-12,151,437,891,0.013502659614772606,pst_nll_threshold_tuning,6.907755
0.8146341463414634,0.10256410256410256,0.5714285714285714,0.17391304347826086,original,BATADAL,nll_threshold_search,123,4,5,probabilistic_suffix_tree,2,2,0.1,6.907755,negative_log,1e-12,151,437,891,0.013502659614772606,pst_nll_threshold_tuning,6.907755
0.8048780487804879,0.0975609756097561,0.5714285714285714,0.16666666666666666,gaussian_noise,BATADAL,nll_threshold_search,123,4,5,probabilistic_suffix_tree,2,2,0.1,6.907755,negative_log,1e-12,151,437,891,0.013502659614772606,pst_nll_threshold_tuning,6.907755
0.7814569536423841,0.08823529411764706,0.6,0.15384615384615385,unseen_data,BATADAL,nll_threshold_search,123,4,5,probabilistic_suffix_tree,2,2,0.1,6.907755,negative_log,1e-12,151,437,891,0.013502659614772606,pst_nll_threshold_tuning,6.907755
0.8146341463414634,0.10256410256410256,0.5714285714285714,0.17391304347826086,original,BATADAL,nll_threshold_search,2026,4,5,probabilistic_suffix_tree,2,2,0.1,6.907755,negative_log,1e-12,151,437,891,0.013502659614772606,pst_nll_threshold_tuning,6.907755
0.8048780487804879,0.0975609756097561,0.5714285714285714,0.16666666666666666,gaussian_noise,BATADAL,nll_threshold_search,2026,4,5,probabilistic_suffix_tree,2,2,0.1,6.907755,negative_log,1e-12,151,437,891,0.013502659614772606,pst_nll_threshold_tuning,6.907755
0.7814569536423841,0.08823529411764706,0.6,0.15384615384615385,unseen_data,BATADAL,nll_threshold_search,2026,4,5,probabilistic_suffix_tree,2,2,0.1,6.907755,negative_log,1e-12,151,437,891,0.013502659614772606,pst_nll_threshold_tuning,6.907755
0.8146341463414634,0.10256410256410256,0.5714285714285714,0.17391304347826086,original,BATADAL,nll_threshold_search,7,4,5,probabilistic_suffix_tree,2,2,0.1,6.907755,negative_log,1e-12,151,437,891,0.013502659614772606,pst_nll_threshold_tuning,6.907755
0.8,0.09523809523809523,0.5714285714285714,0.16326530612244897,gaussian_noise,BATADAL,nll_threshold_search,7,4,5,probabilistic_suffix_tree,2,2,0.1,6.907755,negative_log,1e-12,151,437,891,0.013502659614772606,pst_nll_threshold_tuning,6.907755
0.7814569536423841,0.08823529411764706,0.6,0.15384615384615385,unseen_data,BATADAL,nll_threshold_search,7,4,5,probabilistic_suffix_tree,2,2,0.1,6.907755,negative_log,1e-12,151,437,891,0.013502659614772606,pst_nll_threshold_tuning,6.907755
0.8146341463414634,0.10256410256410256,0.5714285714285714,0.17391304347826086,original,BATADAL,nll_threshold_search,999,4,5,probabilistic_suffix_tree,2,2,0.1,6.907755,negative_log,1e-12,151,437,891,0.013502659614772606,pst_nll_threshold_tuning,6.907755
0.8,0.09523809523809523,0.5714285714285714,0.16326530612244897,gaussian_noise,BATADAL,nll_threshold_search,999,4,5,probabilistic_suffix_tree,2,2,0.1,6.907755,negative_log,1e-12,151,437,891,0.013502659614772606,pst_nll_threshold_tuning,6.907755
0.7814569536423841,0.08823529411764706,0.6,0.15384615384615385,unseen_data,BATADAL,nll_threshold_search,999,4,5,probabilistic_suffix_tree,2,2,0.1,6.907755,negative_log,1e-12,151,437,891,0.013502659614772606,pst_nll_threshold_tuning,6.907755
0.9658536585365853,0.0,0.0,0.0,original,BATADAL,nll_threshold_search,42,4,5,probabilistic_suffix_tree,2,2,0.1,7.5,negative_log,1e-12,151,437,891,0.013502659614772606,pst_nll_threshold_tuning,7.5
0.9658536585365853,0.0,0.0,0.0,gaussian_noise,BATADAL,nll_threshold_search,42,4,5,probabilistic_suffix_tree,2,2,0.1,7.5,negative_log,1e-12,151,437,891,0.013502659614772606,pst_nll_threshold_tuning,7.5
0.9668874172185431,0.0,0.0,0.0,unseen_data,BATADAL,nll_threshold_search,42,4,5,probabilistic_suffix_tree,2,2,0.1,7.5,negative_log,1e-12,151,437,891,0.013502659614772606,pst_nll_threshold_tuning,7.5
0.9658536585365853,0.0,0.0,0.0,original,BATADAL,nll_threshold_search,123,4,5,probabilistic_suffix_tree,2,2,0.1,7.5,negative_log,1e-12,151,437,891,0.013502659614772606,pst_nll_threshold_tuning,7.5
0.9658536585365853,0.0,0.0,0.0,gaussian_noise,BATADAL,nll_threshold_search,123,4,5,probabilistic_suffix_tree,2,2,0.1,7.5,negative_log,1e-12,151,437,891,0.013502659614772606,pst_nll_threshold_tuning,7.5
0.9668874172185431,0.0,0.0,0.0,unseen_data,BATADAL,nll_threshold_search,123,4,5,probabilistic_suffix_tree,2,2,0.1,7.5,negative_log,1e-12,151,437,891,0.013502659614772606,pst_nll_threshold_tuning,7.5
0.9658536585365853,0.0,0.0,0.0,original,BATADAL,nll_threshold_search,2026,4,5,probabilistic_suffix_tree,2,2,0.1,7.5,negative_log,1e-12,151,437,891,0.013502659614772606,pst_nll_threshold_tuning,7.5
0.9658536585365853,0.0,0.0,0.0,gaussian_noise,BATADAL,nll_threshold_search,2026,4,5,probabilistic_suffix_tree,2,2,0.1,7.5,negative_log,1e-12,151,437,891,0.013502659614772606,pst_nll_threshold_tuning,7.5
0.9668874172185431,0.0,0.0,0.0,unseen_data,BATADAL,nll_threshold_search,2026,4,5,probabilistic_suffix_tree,2,2,0.1,7.5,negative_log,1e-12,151,437,891,0.013502659614772606,pst_nll_threshold_tuning,7.5
0.9658536585365853,0.0,0.0,0.0,original,BATADAL,nll_threshold_search,7,4,5,probabilistic_suffix_tree,2,2,0.1,7.5,negative_log,1e-12,151,437,891,0.013502659614772606,pst_nll_threshold_tuning,7.5
0.9658536585365853,0.0,0.0,0.0,gaussian_noise,BATADAL,nll_threshold_search,7,4,5,probabilistic_suffix_tree,2,2,0.1,7.5,negative_log,1e-12,151,437,891,0.013502659614772606,pst_nll_threshold_tuning,7.5
0.9668874172185431,0.0,0.0,0.0,unseen_data,BATADAL,nll_threshold_search,7,4,5,probabilistic_suffix_tree,2,2,0.1,7.5,negative_log,1e-12,151,437,891,0.013502659614772606,pst_nll_threshold_tuning,7.5
0.9658536585365853,0.0,0.0,0.0,original,BATADAL,nll_threshold_search,999,4,5,probabilistic_suffix_tree,2,2,0.1,7.5,negative_log,1e-12,151,437,891,0.013502659614772606,pst_nll_threshold_tuning,7.5
0.9658536585365853,0.0,0.0,0.0,gaussian_noise,BATADAL,nll_threshold_search,999,4,5,probabilistic_suffix_tree,2,2,0.1,7.5,negative_log,1e-12,151,437,891,0.013502659614772606,pst_nll_threshold_tuning,7.5
0.9668874172185431,0.0,0.0,0.0,unseen_data,BATADAL,nll_threshold_search,999,4,5,probabilistic_suffix_tree,2,2,0.1,7.5,negative_log,1e-12,151,437,891,0.013502659614772606,pst_nll_threshold_tuning,7.5
0.9658536585365853,0.0,0.0,0.0,original,BATADAL,nll_threshold_search,42,4,5,probabilistic_suffix_tree,2,2,0.1,8.0,negative_log,1e-12,151,437,891,0.013502659614772606,pst_nll_threshold_tuning,8.0
0.9658536585365853,0.0,0.0,0.0,gaussian_noise,BATADAL,nll_threshold_search,42,4,5,probabilistic_suffix_tree,2,2,0.1,8.0,negative_log,1e-12,151,437,891,0.013502659614772606,pst_nll_threshold_tuning,8.0
0.9668874172185431,0.0,0.0,0.0,unseen_data,BATADAL,nll_threshold_search,42,4,5,probabilistic_suffix_tree,2,2,0.1,8.0,negative_log,1e-12,151,437,891,0.013502659614772606,pst_nll_threshold_tuning,8.0
0.9658536585365853,0.0,0.0,0.0,original,BATADAL,nll_threshold_search,123,4,5,probabilistic_suffix_tree,2,2,0.1,8.0,negative_log,1e-12,151,437,891,0.013502659614772606,pst_nll_threshold_tuning,8.0
0.9658536585365853,0.0,0.0,0.0,gaussian_noise,BATADAL,nll_threshold_search,123,4,5,probabilistic_suffix_tree,2,2,0.1,8.0,negative_log,1e-12,151,437,891,0.013502659614772606,pst_nll_threshold_tuning,8.0
0.9668874172185431,0.0,0.0,0.0,unseen_data,BATADAL,nll_threshold_search,123,4,5,probabilistic_suffix_tree,2,2,0.1,8.0,negative_log,1e-12,151,437,891,0.013502659614772606,pst_nll_threshold_tuning,8.0
0.9658536585365853,0.0,0.0,0.0,original,BATADAL,nll_threshold_search,2026,4,5,probabilistic_suffix_tree,2,2,0.1,8.0,negative_log,1e-12,151,437,891,0.013502659614772606,pst_nll_threshold_tuning,8.0
0.9658536585365853,0.0,0.0,0.0,gaussian_noise,BATADAL,nll_threshold_search,2026,4,5,probabilistic_suffix_tree,2,2,0.1,8.0,negative_log,1e-12,151,437,891,0.013502659614772606,pst_nll_threshold_tuning,8.0
0.9668874172185431,0.0,0.0,0.0,unseen_data,BATADAL,nll_threshold_search,2026,4,5,probabilistic_suffix_tree,2,2,0.1,8.0,negative_log,1e-12,151,437,891,0.013502659614772606,pst_nll_threshold_tuning,8.0
0.9658536585365853,0.0,0.0,0.0,original,BATADAL,nll_threshold_search,7,4,5,probabilistic_suffix_tree,2,2,0.1,8.0,negative_log,1e-12,151,437,891,0.013502659614772606,pst_nll_threshold_tuning,8.0
0.9658536585365853,0.0,0.0,0.0,gaussian_noise,BATADAL,nll_threshold_search,7,4,5,probabilistic_suffix_tree,2,2,0.1,8.0,negative_log,1e-12,151,437,891,0.013502659614772606,pst_nll_threshold_tuning,8.0
0.9668874172185431,0.0,0.0,0.0,unseen_data,BATADAL,nll_threshold_search,7,4,5,probabilistic_suffix_tree,2,2,0.1,8.0,negative_log,1e-12,151,437,891,0.013502659614772606,pst_nll_threshold_tuning,8.0
0.9658536585365853,0.0,0.0,0.0,original,BATADAL,nll_threshold_search,999,4,5,probabilistic_suffix_tree,2,2,0.1,8.0,negative_log,1e-12,151,437,891,0.013502659614772606,pst_nll_threshold_tuning,8.0
0.9658536585365853,0.0,0.0,0.0,gaussian_noise,BATADAL,nll_threshold_search,999,4,5,probabilistic_suffix_tree,2,2,0.1,8.0,negative_log,1e-12,151,437,891,0.013502659614772606,pst_nll_threshold_tuning,8.0
0.9668874172185431,0.0,0.0,0.0,unseen_data,BATADAL,nll_threshold_search,999,4,5,probabilistic_suffix_tree,2,2,0.1,8.0,negative_log,1e-12,151,437,891,0.013502659614772606,pst_nll_threshold_tuning,8.0
0.9658536585365853,0.0,0.0,0.0,original,BATADAL,nll_threshold_search,42,4,5,probabilistic_suffix_tree,2,2,0.1,9.0,negative_log,1e-12,151,437,891,0.013502659614772606,pst_nll_threshold_tuning,9.0
0.9658536585365853,0.0,0.0,0.0,gaussian_noise,BATADAL,nll_threshold_search,42,4,5,probabilistic_suffix_tree,2,2,0.1,9.0,negative_log,1e-12,151,437,891,0.013502659614772606,pst_nll_threshold_tuning,9.0
0.9668874172185431,0.0,0.0,0.0,unseen_data,BATADAL,nll_threshold_search,42,4,5,probabilistic_suffix_tree,2,2,0.1,9.0,negative_log,1e-12,151,437,891,0.013502659614772606,pst_nll_threshold_tuning,9.0
0.9658536585365853,0.0,0.0,0.0,original,BATADAL,nll_threshold_search,123,4,5,probabilistic_suffix_tree,2,2,0.1,9.0,negative_log,1e-12,151,437,891,0.013502659614772606,pst_nll_threshold_tuning,9.0
0.9658536585365853,0.0,0.0,0.0,gaussian_noise,BATADAL,nll_threshold_search,123,4,5,probabilistic_suffix_tree,2,2,0.1,9.0,negative_log,1e-12,151,437,891,0.013502659614772606,pst_nll_threshold_tuning,9.0
0.9668874172185431,0.0,0.0,0.0,unseen_data,BATADAL,nll_threshold_search,123,4,5,probabilistic_suffix_tree,2,2,0.1,9.0,negative_log,1e-12,151,437,891,0.013502659614772606,pst_nll_threshold_tuning,9.0
0.9658536585365853,0.0,0.0,0.0,original,BATADAL,nll_threshold_search,2026,4,5,probabilistic_suffix_tree,2,2,0.1,9.0,negative_log,1e-12,151,437,891,0.013502659614772606,pst_nll_threshold_tuning,9.0
0.9658536585365853,0.0,0.0,0.0,gaussian_noise,BATADAL,nll_threshold_search,2026,4,5,probabilistic_suffix_tree,2,2,0.1,9.0,negative_log,1e-12,151,437,891,0.013502659614772606,pst_nll_threshold_tuning,9.0
0.9668874172185431,0.0,0.0,0.0,unseen_data,BATADAL,nll_threshold_search,2026,4,5,probabilistic_suffix_tree,2,2,0.1,9.0,negative_log,1e-12,151,437,891,0.013502659614772606,pst_nll_threshold_tuning,9.0
0.9658536585365853,0.0,0.0,0.0,original,BATADAL,nll_threshold_search,7,4,5,probabilistic_suffix_tree,2,2,0.1,9.0,negative_log,1e-12,151,437,891,0.013502659614772606,pst_nll_threshold_tuning,9.0
0.9658536585365853,0.0,0.0,0.0,gaussian_noise,BATADAL,nll_threshold_search,7,4,5,probabilistic_suffix_tree,2,2,0.1,9.0,negative_log,1e-12,151,437,891,0.013502659614772606,pst_nll_threshold_tuning,9.0
0.9668874172185431,0.0,0.0,0.0,unseen_data,BATADAL,nll_threshold_search,7,4,5,probabilistic_suffix_tree,2,2,0.1,9.0,negative_log,1e-12,151,437,891,0.013502659614772606,pst_nll_threshold_tuning,9.0
0.9658536585365853,0.0,0.0,0.0,original,BATADAL,nll_threshold_search,999,4,5,probabilistic_suffix_tree,2,2,0.1,9.0,negative_log,1e-12,151,437,891,0.013502659614772606,pst_nll_threshold_tuning,9.0
0.9658536585365853,0.0,0.0,0.0,gaussian_noise,BATADAL,nll_threshold_search,999,4,5,probabilistic_suffix_tree,2,2,0.1,9.0,negative_log,1e-12,151,437,891,0.013502659614772606,pst_nll_threshold_tuning,9.0
0.9668874172185431,0.0,0.0,0.0,unseen_data,BATADAL,nll_threshold_search,999,4,5,probabilistic_suffix_tree,2,2,0.1,9.0,negative_log,1e-12,151,437,891,0.013502659614772606,pst_nll_threshold_tuning,9.0
0.9658536585365853,0.0,0.0,0.0,original,BATADAL,nll_threshold_search,42,4,5,probabilistic_suffix_tree,2,2,0.1,10.0,negative_log,1e-12,151,437,891,0.013502659614772606,pst_nll_threshold_tuning,10.0
0.9658536585365853,0.0,0.0,0.0,gaussian_noise,BATADAL,nll_threshold_search,42,4,5,probabilistic_suffix_tree,2,2,0.1,10.0,negative_log,1e-12,151,437,891,0.013502659614772606,pst_nll_threshold_tuning,10.0
0.9668874172185431,0.0,0.0,0.0,unseen_data,BATADAL,nll_threshold_search,42,4,5,probabilistic_suffix_tree,2,2,0.1,10.0,negative_log,1e-12,151,437,891,0.013502659614772606,pst_nll_threshold_tuning,10.0
0.9658536585365853,0.0,0.0,0.0,original,BATADAL,nll_threshold_search,123,4,5,probabilistic_suffix_tree,2,2,0.1,10.0,negative_log,1e-12,151,437,891,0.013502659614772606,pst_nll_threshold_tuning,10.0
0.9658536585365853,0.0,0.0,0.0,gaussian_noise,BATADAL,nll_threshold_search,123,4,5,probabilistic_suffix_tree,2,2,0.1,10.0,negative_log,1e-12,151,437,891,0.013502659614772606,pst_nll_threshold_tuning,10.0
0.9668874172185431,0.0,0.0,0.0,unseen_data,BATADAL,nll_threshold_search,123,4,5,probabilistic_suffix_tree,2,2,0.1,10.0,negative_log,1e-12,151,437,891,0.013502659614772606,pst_nll_threshold_tuning,10.0
0.9658536585365853,0.0,0.0,0.0,original,BATADAL,nll_threshold_search,2026,4,5,probabilistic_suffix_tree,2,2,0.1,10.0,negative_log,1e-12,151,437,891,0.013502659614772606,pst_nll_threshold_tuning,10.0
0.9658536585365853,0.0,0.0,0.0,gaussian_noise,BATADAL,nll_threshold_search,2026,4,5,probabilistic_suffix_tree,2,2,0.1,10.0,negative_log,1e-12,151,437,891,0.013502659614772606,pst_nll_threshold_tuning,10.0
0.9668874172185431,0.0,0.0,0.0,unseen_data,BATADAL,nll_threshold_search,2026,4,5,probabilistic_suffix_tree,2,2,0.1,10.0,negative_log,1e-12,151,437,891,0.013502659614772606,pst_nll_threshold_tuning,10.0
0.9658536585365853,0.0,0.0,0.0,original,BATADAL,nll_threshold_search,7,4,5,probabilistic_suffix_tree,2,2,0.1,10.0,negative_log,1e-12,151,437,891,0.013502659614772606,pst_nll_threshold_tuning,10.0
0.9658536585365853,0.0,0.0,0.0,gaussian_noise,BATADAL,nll_threshold_search,7,4,5,probabilistic_suffix_tree,2,2,0.1,10.0,negative_log,1e-12,151,437,891,0.013502659614772606,pst_nll_threshold_tuning,10.0
0.9668874172185431,0.0,0.0,0.0,unseen_data,BATADAL,nll_threshold_search,7,4,5,probabilistic_suffix_tree,2,2,0.1,10.0,negative_log,1e-12,151,437,891,0.013502659614772606,pst_nll_threshold_tuning,10.0
0.9658536585365853,0.0,0.0,0.0,original,BATADAL,nll_threshold_search,999,4,5,probabilistic_suffix_tree,2,2,0.1,10.0,negative_log,1e-12,151,437,891,0.013502659614772606,pst_nll_threshold_tuning,10.0
0.9658536585365853,0.0,0.0,0.0,gaussian_noise,BATADAL,nll_threshold_search,999,4,5,probabilistic_suffix_tree,2,2,0.1,10.0,negative_log,1e-12,151,437,891,0.013502659614772606,pst_nll_threshold_tuning,10.0
0.9668874172185431,0.0,0.0,0.0,unseen_data,BATADAL,nll_threshold_search,999,4,5,probabilistic_suffix_tree,2,2,0.1,10.0,negative_log,1e-12,151,437,891,0.013502659614772606,pst_nll_threshold_tuning,10.0
0.6031215161649944,0.4764705882352941,1.0,0.6454183266932271,original,SKAB,fold_1_nll_threshold_search,42,5,5,probabilistic_suffix_tree,2,1,0.1,0.05,negative_log,1e-12,170,469,948,0.01189012918600276,pst_nll_threshold_tuning,0.05
0.6031215161649944,0.4764705882352941,1.0,0.6454183266932271,gaussian_noise,SKAB,fold_1_nll_threshold_search,42,5,5,probabilistic_suffix_tree,2,1,0.1,0.05,negative_log,1e-12,170,469,948,0.01189012918600276,pst_nll_threshold_tuning,0.05
0.0,0.0,0.0,0.0,unseen_data,SKAB,fold_1_nll_threshold_search,42,5,5,probabilistic_suffix_tree,2,1,0.1,0.05,negative_log,1e-12,170,469,948,0.01189012918600276,pst_nll_threshold_tuning,0.05
0.6031215161649944,0.4764705882352941,1.0,0.6454183266932271,original,SKAB,fold_1_nll_threshold_search,123,5,5,probabilistic_suffix_tree,2,1,0.1,0.05,negative_log,1e-12,170,469,948,0.01189012918600276,pst_nll_threshold_tuning,0.05
0.6031215161649944,0.4764705882352941,1.0,0.6454183266932271,gaussian_noise,SKAB,fold_1_nll_threshold_search,123,5,5,probabilistic_suffix_tree,2,1,0.1,0.05,negative_log,1e-12,170,469,948,0.01189012918600276,pst_nll_threshold_tuning,0.05
0.0,0.0,0.0,0.0,unseen_data,SKAB,fold_1_nll_threshold_search,123,5,5,probabilistic_suffix_tree,2,1,0.1,0.05,negative_log,1e-12,170,469,948,0.01189012918600276,pst_nll_threshold_tuning,0.05
0.6031215161649944,0.4764705882352941,1.0,0.6454183266932271,original,SKAB,fold_1_nll_threshold_search,2026,5,5,probabilistic_suffix_tree,2,1,0.1,0.05,negative_log,1e-12,170,469,948,0.01189012918600276,pst_nll_threshold_tuning,0.05
0.6031215161649944,0.4764705882352941,1.0,0.6454183266932271,gaussian_noise,SKAB,fold_1_nll_threshold_search,2026,5,5,probabilistic_suffix_tree,2,1,0.1,0.05,negative_log,1e-12,170,469,948,0.01189012918600276,pst_nll_threshold_tuning,0.05
0.0,0.0,0.0,0.0,unseen_data,SKAB,fold_1_nll_threshold_search,2026,5,5,probabilistic_suffix_tree,2,1,0.1,0.05,negative_log,1e-12,170,469,948,0.01189012918600276,pst_nll_threshold_tuning,0.05
0.6031215161649944,0.4764705882352941,1.0,0.6454183266932271,original,SKAB,fold_1_nll_threshold_search,7,5,5,probabilistic_suffix_tree,2,1,0.1,0.05,negative_log,1e-12,170,469,948,0.01189012918600276,pst_nll_threshold_tuning,0.05
0.6031215161649944,0.4764705882352941,1.0,0.6454183266932271,gaussian_noise,SKAB,fold_1_nll_threshold_search,7,5,5,probabilistic_suffix_tree,2,1,0.1,0.05,negative_log,1e-12,170,469,948,0.01189012918600276,pst_nll_threshold_tuning,0.05
0.0,0.0,0.0,0.0,unseen_data,SKAB,fold_1_nll_threshold_search,7,5,5,probabilistic_suffix_tree,2,1,0.1,0.05,negative_log,1e-12,170,469,948,0.01189012918600276,pst_nll_threshold_tuning,0.05
0.6031215161649944,0.4764705882352941,1.0,0.6454183266932271,original,SKAB,fold_1_nll_threshold_search,999,5,5,probabilistic_suffix_tree,2,1,0.1,0.05,negative_log,1e-12,170,469,948,0.01189012918600276,pst_nll_threshold_tuning,0.05
0.6031215161649944,0.4764705882352941,1.0,0.6454183266932271,gaussian_noise,SKAB,fold_1_nll_threshold_search,999,5,5,probabilistic_suffix_tree,2,1,0.1,0.05,negative_log,1e-12,170,469,948,0.01189012918600276,pst_nll_threshold_tuning,0.05
0.0,0.0,0.0,0.0,unseen_data,SKAB,fold_1_nll_threshold_search,999,5,5,probabilistic_suffix_tree,2,1,0.1,0.05,negative_log,1e-12,170,469,948,0.01189012918600276,pst_nll_threshold_tuning,0.05
0.3594624860022396,0.3594624860022396,1.0,0.528830313014827,original,SKAB,fold_2_nll_threshold_search,42,5,5,probabilistic_suffix_tree,2,1,0.1,0.05,negative_log,1e-12,155,436,906,0.013406333234684818,pst_nll_threshold_tuning,0.05
0.3594624860022396,0.3594624860022396,1.0,0.528830313014827,gaussian_noise,SKAB,fold_2_nll_threshold_search,42,5,5,probabilistic_suffix_tree,2,1,0.1,0.05,negative_log,1e-12,155,436,906,0.013406333234684818,pst_nll_threshold_tuning,0.05
0.0,0.0,0.0,0.0,unseen_data,SKAB,fold_2_nll_threshold_search,42,5,5,probabilistic_suffix_tree,2,1,0.1,0.05,negative_log,1e-12,155,436,906,0.013406333234684818,pst_nll_threshold_tuning,0.05
0.3594624860022396,0.3594624860022396,1.0,0.528830313014827,original,SKAB,fold_2_nll_threshold_search,123,5,5,probabilistic_suffix_tree,2,1,0.1,0.05,negative_log,1e-12,155,436,906,0.013406333234684818,pst_nll_threshold_tuning,0.05
0.3594624860022396,0.3594624860022396,1.0,0.528830313014827,gaussian_noise,SKAB,fold_2_nll_threshold_search,123,5,5,probabilistic_suffix_tree,2,1,0.1,0.05,negative_log,1e-12,155,436,906,0.013406333234684818,pst_nll_threshold_tuning,0.05
0.0,0.0,0.0,0.0,unseen_data,SKAB,fold_2_nll_threshold_search,123,5,5,probabilistic_suffix_tree,2,1,0.1,0.05,negative_log,1e-12,155,436,906,0.013406333234684818,pst_nll_threshold_tuning,0.05
0.3594624860022396,0.3594624860022396,1.0,0.528830313014827,original,SKAB,fold_2_nll_threshold_search,2026,5,5,probabilistic_suffix_tree,2,1,0.1,0.05,negative_log,1e-12,155,436,906,0.013406333234684818,pst_nll_threshold_tuning,0.05
0.3594624860022396,0.3594624860022396,1.0,0.528830313014827,gaussian_noise,SKAB,fold_2_nll_threshold_search,2026,5,5,probabilistic_suffix_tree,2,1,0.1,0.05,negative_log,1e-12,155,436,906,0.013406333234684818,pst_nll_threshold_tuning,0.05
0.0,0.0,0.0,0.0,unseen_data,SKAB,fold_2_nll_threshold_search,2026,5,5,probabilistic_suffix_tree,2,1,0.1,0.05,negative_log,1e-12,155,436,906,0.013406333234684818,pst_nll_threshold_tuning,0.05
0.3594624860022396,0.3594624860022396,1.0,0.528830313014827,original,SKAB,fold_2_nll_threshold_search,7,5,5,probabilistic_suffix_tree,2,1,0.1,0.05,negative_log,1e-12,155,436,906,0.013406333234684818,pst_nll_threshold_tuning,0.05
0.3594624860022396,0.3594624860022396,1.0,0.528830313014827,gaussian_noise,SKAB,fold_2_nll_threshold_search,7,5,5,probabilistic_suffix_tree,2,1,0.1,0.05,negative_log,1e-12,155,436,906,0.013406333234684818,pst_nll_threshold_tuning,0.05
0.0,0.0,0.0,0.0,unseen_data,SKAB,fold_2_nll_threshold_search,7,5,5,probabilistic_suffix_tree,2,1,0.1,0.05,negative_log,1e-12,155,436,906,0.013406333234684818,pst_nll_threshold_tuning,0.05
0.3594624860022396,0.3594624860022396,1.0,0.528830313014827,original,SKAB,fold_2_nll_threshold_search,999,5,5,probabilistic_suffix_tree,2,1,0.1,0.05,negative_log,1e-12,155,436,906,0.013406333234684818,pst_nll_threshold_tuning,0.05
0.3594624860022396,0.3594624860022396,1.0,0.528830313014827,gaussian_noise,SKAB,fold_2_nll_threshold_search,999,5,5,probabilistic_suffix_tree,2,1,0.1,0.05,negative_log,1e-12,155,436,906,0.013406333234684818,pst_nll_threshold_tuning,0.05
0.0,0.0,0.0,0.0,unseen_data,SKAB,fold_2_nll_threshold_search,999,5,5,probabilistic_suffix_tree,2,1,0.1,0.05,negative_log,1e-12,155,436,906,0.013406333234684818,pst_nll_threshold_tuning,0.05
0.5968645016797313,0.47291361639824303,1.0,0.6421471172962226,original,SKAB,fold_3_nll_threshold_search,42,5,5,probabilistic_suffix_tree,2,1,0.1,0.05,negative_log,1e-12,153,429,880,0.013407072230601643,pst_nll_threshold_tuning,0.05
0.5968645016797313,0.47291361639824303,1.0,0.6421471172962226,gaussian_noise,SKAB,fold_3_nll_threshold_search,42,5,5,probabilistic_suffix_tree,2,1,0.1,0.05,negative_log,1e-12,153,429,880,0.013407072230601643,pst_nll_threshold_tuning,0.05
0.2641509433962264,0.2641509433962264,1.0,0.417910447761194,unseen_data,SKAB,fold_3_nll_threshold_search,42,5,5,probabilistic_suffix_tree,2,1,0.1,0.05,negative_log,1e-12,153,429,880,0.013407072230601643,pst_nll_threshold_tuning,0.05
0.5968645016797313,0.47291361639824303,1.0,0.6421471172962226,original,SKAB,fold_3_nll_threshold_search,123,5,5,probabilistic_suffix_tree,2,1,0.1,0.05,negative_log,1e-12,153,429,880,0.013407072230601643,pst_nll_threshold_tuning,0.05
0.5968645016797313,0.47291361639824303,1.0,0.6421471172962226,gaussian_noise,SKAB,fold_3_nll_threshold_search,123,5,5,probabilistic_suffix_tree,2,1,0.1,0.05,negative_log,1e-12,153,429,880,0.013407072230601643,pst_nll_threshold_tuning,0.05
0.2641509433962264,0.2641509433962264,1.0,0.417910447761194,unseen_data,SKAB,fold_3_nll_threshold_search,123,5,5,probabilistic_suffix_tree,2,1,0.1,0.05,negative_log,1e-12,153,429,880,0.013407072230601643,pst_nll_threshold_tuning,0.05
0.5968645016797313,0.47291361639824303,1.0,0.6421471172962226,original,SKAB,fold_3_nll_threshold_search,2026,5,5,probabilistic_suffix_tree,2,1,0.1,0.05,negative_log,1e-12,153,429,880,0.013407072230601643,pst_nll_threshold_tuning,0.05
0.5968645016797313,0.47291361639824303,1.0,0.6421471172962226,gaussian_noise,SKAB,fold_3_nll_threshold_search,2026,5,5,probabilistic_suffix_tree,2,1,0.1,0.05,negative_log,1e-12,153,429,880,0.013407072230601643,pst_nll_threshold_tuning,0.05
0.2641509433962264,0.2641509433962264,1.0,0.417910447761194,unseen_data,SKAB,fold_3_nll_threshold_search,2026,5,5,probabilistic_suffix_tree,2,1,0.1,0.05,negative_log,1e-12,153,429,880,0.013407072230601643,pst_nll_threshold_tuning,0.05
0.5968645016797313,0.47291361639824303,1.0,0.6421471172962226,original,SKAB,fold_3_nll_threshold_search,7,5,5,probabilistic_suffix_tree,2,1,0.1,0.05,negative_log,1e-12,153,429,880,0.013407072230601643,pst_nll_threshold_tuning,0.05
0.5968645016797313,0.47291361639824303,1.0,0.6421471172962226,gaussian_noise,SKAB,fold_3_nll_threshold_search,7,5,5,probabilistic_suffix_tree,2,1,0.1,0.05,negative_log,1e-12,153,429,880,0.013407072230601643,pst_nll_threshold_tuning,0.05
0.2641509433962264,0.2641509433962264,1.0,0.417910447761194,unseen_data,SKAB,fold_3_nll_threshold_search,7,5,5,probabilistic_suffix_tree,2,1,0.1,0.05,negative_log,1e-12,153,429,880,0.013407072230601643,pst_nll_threshold_tuning,0.05
0.5968645016797313,0.47291361639824303,1.0,0.6421471172962226,original,SKAB,fold_3_nll_threshold_search,999,5,5,probabilistic_suffix_tree,2,1,0.1,0.05,negative_log,1e-12,153,429,880,0.013407072230601643,pst_nll_threshold_tuning,0.05
0.5968645016797313,0.47291361639824303,1.0,0.6421471172962226,gaussian_noise,SKAB,fold_3_nll_threshold_search,999,5,5,probabilistic_suffix_tree,2,1,0.1,0.05,negative_log,1e-12,153,429,880,0.013407072230601643,pst_nll_threshold_tuning,0.05
0.2641509433962264,0.2641509433962264,1.0,0.417910447761194,unseen_data,SKAB,fold_3_nll_threshold_search,999,5,5,probabilistic_suffix_tree,2,1,0.1,0.05,negative_log,1e-12,153,429,880,0.013407072230601643,pst_nll_threshold_tuning,0.05
0.3507377979568672,0.3013698630136986,0.6366559485530546,0.4090909090909091,original,SKAB,fold_4_nll_threshold_search,42,5,5,probabilistic_suffix_tree,2,1,0.1,0.05,negative_log,1e-12,161,441,894,0.01259137195250771,pst_nll_threshold_tuning,0.05
0.3507377979568672,0.3013698630136986,0.6366559485530546,0.4090909090909091,gaussian_noise,SKAB,fold_4_nll_threshold_search,42,5,5,probabilistic_suffix_tree,2,1,0.1,0.05,negative_log,1e-12,161,441,894,0.01259137195250771,pst_nll_threshold_tuning,0.05
0.07692307692307693,0.07692307692307693,1.0,0.14285714285714285,unseen_data,SKAB,fold_4_nll_threshold_search,42,5,5,probabilistic_suffix_tree,2,1,0.1,0.05,negative_log,1e-12,161,441,894,0.01259137195250771,pst_nll_threshold_tuning,0.05
0.3507377979568672,0.3013698630136986,0.6366559485530546,0.4090909090909091,original,SKAB,fold_4_nll_threshold_search,123,5,5,probabilistic_suffix_tree,2,1,0.1,0.05,negative_log,1e-12,161,441,894,0.01259137195250771,pst_nll_threshold_tuning,0.05
0.3507377979568672,0.3013698630136986,0.6366559485530546,0.4090909090909091,gaussian_noise,SKAB,fold_4_nll_threshold_search,123,5,5,probabilistic_suffix_tree,2,1,0.1,0.05,negative_log,1e-12,161,441,894,0.01259137195250771,pst_nll_threshold_tuning,0.05
0.07692307692307693,0.07692307692307693,1.0,0.14285714285714285,unseen_data,SKAB,fold_4_nll_threshold_search,123,5,5,probabilistic_suffix_tree,2,1,0.1,0.05,negative_log,1e-12,161,441,894,0.01259137195250771,pst_nll_threshold_tuning,0.05
0.3507377979568672,0.3013698630136986,0.6366559485530546,0.4090909090909091,original,SKAB,fold_4_nll_threshold_search,2026,5,5,probabilistic_suffix_tree,2,1,0.1,0.05,negative_log,1e-12,161,441,894,0.01259137195250771,pst_nll_threshold_tuning,0.05
0.3507377979568672,0.3013698630136986,0.6366559485530546,0.4090909090909091,gaussian_noise,SKAB,fold_4_nll_threshold_search,2026,5,5,probabilistic_suffix_tree,2,1,0.1,0.05,negative_log,1e-12,161,441,894,0.01259137195250771,pst_nll_threshold_tuning,0.05
0.07692307692307693,0.07692307692307693,1.0,0.14285714285714285,unseen_data,SKAB,fold_4_nll_threshold_search,2026,5,5,probabilistic_suffix_tree,2,1,0.1,0.05,negative_log,1e-12,161,441,894,0.01259137195250771,pst_nll_threshold_tuning,0.05
0.3507377979568672,0.3013698630136986,0.6366559485530546,0.4090909090909091,original,SKAB,fold_4_nll_threshold_search,7,5,5,probabilistic_suffix_tree,2,1,0.1,0.05,negative_log,1e-12,161,441,894,0.01259137195250771,pst_nll_threshold_tuning,0.05
0.3507377979568672,0.3013698630136986,0.6366559485530546,0.4090909090909091,gaussian_noise,SKAB,fold_4_nll_threshold_search,7,5,5,probabilistic_suffix_tree,2,1,0.1,0.05,negative_log,1e-12,161,441,894,0.01259137195250771,pst_nll_threshold_tuning,0.05
0.07692307692307693,0.07692307692307693,1.0,0.14285714285714285,unseen_data,SKAB,fold_4_nll_threshold_search,7,5,5,probabilistic_suffix_tree,2,1,0.1,0.05,negative_log,1e-12,161,441,894,0.01259137195250771,pst_nll_threshold_tuning,0.05
0.3507377979568672,0.3013698630136986,0.6366559485530546,0.4090909090909091,original,SKAB,fold_4_nll_threshold_search,999,5,5,probabilistic_suffix_tree,2,1,0.1,0.05,negative_log,1e-12,161,441,894,0.01259137195250771,pst_nll_threshold_tuning,0.05
0.3507377979568672,0.3013698630136986,0.6366559485530546,0.4090909090909091,gaussian_noise,SKAB,fold_4_nll_threshold_search,999,5,5,probabilistic_suffix_tree,2,1,0.1,0.05,negative_log,1e-12,161,441,894,0.01259137195250771,pst_nll_threshold_tuning,0.05
0.07692307692307693,0.07692307692307693,1.0,0.14285714285714285,unseen_data,SKAB,fold_4_nll_threshold_search,999,5,5,probabilistic_suffix_tree,2,1,0.1,0.05,negative_log,1e-12,161,441,894,0.01259137195250771,pst_nll_threshold_tuning,0.05
0.4152823920265781,0.3853317811408615,1.0,0.5563025210084034,original,SKAB,fold_5_nll_threshold_search,42,5,5,probabilistic_suffix_tree,2,1,0.1,0.05,negative_log,1e-12,136,380,789,0.01526702786377709,pst_nll_threshold_tuning,0.05
0.40753045404208194,0.38221709006928406,1.0,0.5530492898913951,gaussian_noise,SKAB,fold_5_nll_threshold_search,42,5,5,probabilistic_suffix_tree,2,1,0.1,0.05,negative_log,1e-12,136,380,789,0.01526702786377709,pst_nll_threshold_tuning,0.05
0.5608465608465608,0.5608465608465608,1.0,0.7186440677966102,unseen_data,SKAB,fold_5_nll_threshold_search,42,5,5,probabilistic_suffix_tree,2,1,0.1,0.05,negative_log,1e-12,136,380,789,0.01526702786377709,pst_nll_threshold_tuning,0.05
0.4152823920265781,0.3853317811408615,1.0,0.5563025210084034,original,SKAB,fold_5_nll_threshold_search,123,5,5,probabilistic_suffix_tree,2,1,0.1,0.05,negative_log,1e-12,136,380,789,0.01526702786377709,pst_nll_threshold_tuning,0.05
0.40753045404208194,0.38221709006928406,1.0,0.5530492898913951,gaussian_noise,SKAB,fold_5_nll_threshold_search,123,5,5,probabilistic_suffix_tree,2,1,0.1,0.05,negative_log,1e-12,136,380,789,0.01526702786377709,pst_nll_threshold_tuning,0.05
0.5608465608465608,0.5608465608465608,1.0,0.7186440677966102,unseen_data,SKAB,fold_5_nll_threshold_search,123,5,5,probabilistic_suffix_tree,2,1,0.1,0.05,negative_log,1e-12,136,380,789,0.01526702786377709,pst_nll_threshold_tuning,0.05
0.4152823920265781,0.3853317811408615,1.0,0.5563025210084034,original,SKAB,fold_5_nll_threshold_search,2026,5,5,probabilistic_suffix_tree,2,1,0.1,0.05,negative_log,1e-12,136,380,789,0.01526702786377709,pst_nll_threshold_tuning,0.05
0.4019933554817276,0.38002296211251435,1.0,0.5507487520798668,gaussian_noise,SKAB,fold_5_nll_threshold_search,2026,5,5,probabilistic_suffix_tree,2,1,0.1,0.05,negative_log,1e-12,136,380,789,0.01526702786377709,pst_nll_threshold_tuning,0.05
0.5608465608465608,0.5608465608465608,1.0,0.7186440677966102,unseen_data,SKAB,fold_5_nll_threshold_search,2026,5,5,probabilistic_suffix_tree,2,1,0.1,0.05,negative_log,1e-12,136,380,789,0.01526702786377709,pst_nll_threshold_tuning,0.05
0.4152823920265781,0.3853317811408615,1.0,0.5563025210084034,original,SKAB,fold_5_nll_threshold_search,7,5,5,probabilistic_suffix_tree,2,1,0.1,0.05,negative_log,1e-12,136,380,789,0.01526702786377709,pst_nll_threshold_tuning,0.05
0.3997785160575858,0.37915234822451316,1.0,0.5498338870431894,gaussian_noise,SKAB,fold_5_nll_threshold_search,7,5,5,probabilistic_suffix_tree,2,1,0.1,0.05,negative_log,1e-12,136,380,789,0.01526702786377709,pst_nll_threshold_tuning,0.05
0.5608465608465608,0.5608465608465608,1.0,0.7186440677966102,unseen_data,SKAB,fold_5_nll_threshold_search,7,5,5,probabilistic_suffix_tree,2,1,0.1,0.05,negative_log,1e-12,136,380,789,0.01526702786377709,pst_nll_threshold_tuning,0.05
0.4152823920265781,0.3853317811408615,1.0,0.5563025210084034,original,SKAB,fold_5_nll_threshold_search,999,5,5,probabilistic_suffix_tree,2,1,0.1,0.05,negative_log,1e-12,136,380,789,0.01526702786377709,pst_nll_threshold_tuning,0.05
0.39756367663344405,0.3782857142857143,1.0,0.548922056384743,gaussian_noise,SKAB,fold_5_nll_threshold_search,999,5,5,probabilistic_suffix_tree,2,1,0.1,0.05,negative_log,1e-12,136,380,789,0.01526702786377709,pst_nll_threshold_tuning,0.05
0.5608465608465608,0.5608465608465608,1.0,0.7186440677966102,unseen_data,SKAB,fold_5_nll_threshold_search,999,5,5,probabilistic_suffix_tree,2,1,0.1,0.05,negative_log,1e-12,136,380,789,0.01526702786377709,pst_nll_threshold_tuning,0.05
0.6031215161649944,0.4764705882352941,1.0,0.6454183266932271,original,SKAB,fold_1_nll_threshold_search,42,5,5,probabilistic_suffix_tree,2,1,0.1,0.1053605,negative_log,1e-12,170,469,948,0.01189012918600276,pst_nll_threshold_tuning,0.1053605
0.6031215161649944,0.4764705882352941,1.0,0.6454183266932271,gaussian_noise,SKAB,fold_1_nll_threshold_search,42,5,5,probabilistic_suffix_tree,2,1,0.1,0.1053605,negative_log,1e-12,170,469,948,0.01189012918600276,pst_nll_threshold_tuning,0.1053605
0.0,0.0,0.0,0.0,unseen_data,SKAB,fold_1_nll_threshold_search,42,5,5,probabilistic_suffix_tree,2,1,0.1,0.1053605,negative_log,1e-12,170,469,948,0.01189012918600276,pst_nll_threshold_tuning,0.1053605
0.6031215161649944,0.4764705882352941,1.0,0.6454183266932271,original,SKAB,fold_1_nll_threshold_search,123,5,5,probabilistic_suffix_tree,2,1,0.1,0.1053605,negative_log,1e-12,170,469,948,0.01189012918600276,pst_nll_threshold_tuning,0.1053605
0.6031215161649944,0.4764705882352941,1.0,0.6454183266932271,gaussian_noise,SKAB,fold_1_nll_threshold_search,123,5,5,probabilistic_suffix_tree,2,1,0.1,0.1053605,negative_log,1e-12,170,469,948,0.01189012918600276,pst_nll_threshold_tuning,0.1053605
0.0,0.0,0.0,0.0,unseen_data,SKAB,fold_1_nll_threshold_search,123,5,5,probabilistic_suffix_tree,2,1,0.1,0.1053605,negative_log,1e-12,170,469,948,0.01189012918600276,pst_nll_threshold_tuning,0.1053605
0.6031215161649944,0.4764705882352941,1.0,0.6454183266932271,original,SKAB,fold_1_nll_threshold_search,2026,5,5,probabilistic_suffix_tree,2,1,0.1,0.1053605,negative_log,1e-12,170,469,948,0.01189012918600276,pst_nll_threshold_tuning,0.1053605
0.6031215161649944,0.4764705882352941,1.0,0.6454183266932271,gaussian_noise,SKAB,fold_1_nll_threshold_search,2026,5,5,probabilistic_suffix_tree,2,1,0.1,0.1053605,negative_log,1e-12,170,469,948,0.01189012918600276,pst_nll_threshold_tuning,0.1053605
0.0,0.0,0.0,0.0,unseen_data,SKAB,fold_1_nll_threshold_search,2026,5,5,probabilistic_suffix_tree,2,1,0.1,0.1053605,negative_log,1e-12,170,469,948,0.01189012918600276,pst_nll_threshold_tuning,0.1053605
0.6031215161649944,0.4764705882352941,1.0,0.6454183266932271,original,SKAB,fold_1_nll_threshold_search,7,5,5,probabilistic_suffix_tree,2,1,0.1,0.1053605,negative_log,1e-12,170,469,948,0.01189012918600276,pst_nll_threshold_tuning,0.1053605
0.6031215161649944,0.4764705882352941,1.0,0.6454183266932271,gaussian_noise,SKAB,fold_1_nll_threshold_search,7,5,5,probabilistic_suffix_tree,2,1,0.1,0.1053605,negative_log,1e-12,170,469,948,0.01189012918600276,pst_nll_threshold_tuning,0.1053605
0.0,0.0,0.0,0.0,unseen_data,SKAB,fold_1_nll_threshold_search,7,5,5,probabilistic_suffix_tree,2,1,0.1,0.1053605,negative_log,1e-12,170,469,948,0.01189012918600276,pst_nll_threshold_tuning,0.1053605
0.6031215161649944,0.4764705882352941,1.0,0.6454183266932271,original,SKAB,fold_1_nll_threshold_search,999,5,5,probabilistic_suffix_tree,2,1,0.1,0.1053605,negative_log,1e-12,170,469,948,0.01189012918600276,pst_nll_threshold_tuning,0.1053605
0.6031215161649944,0.4764705882352941,1.0,0.6454183266932271,gaussian_noise,SKAB,fold_1_nll_threshold_search,999,5,5,probabilistic_suffix_tree,2,1,0.1,0.1053605,negative_log,1e-12,170,469,948,0.01189012918600276,pst_nll_threshold_tuning,0.1053605
0.0,0.0,0.0,0.0,unseen_data,SKAB,fold_1_nll_threshold_search,999,5,5,probabilistic_suffix_tree,2,1,0.1,0.1053605,negative_log,1e-12,170,469,948,0.01189012918600276,pst_nll_threshold_tuning,0.1053605
0.6103023516237402,0.4798206278026906,1.0,0.6484848484848484,original,SKAB,fold_2_nll_threshold_search,42,5,5,probabilistic_suffix_tree,2,1,0.1,0.1053605,negative_log,1e-12,155,436,906,0.013406333234684818,pst_nll_threshold_tuning,0.1053605
0.6103023516237402,0.4798206278026906,1.0,0.6484848484848484,gaussian_noise,SKAB,fold_2_nll_threshold_search,42,5,5,probabilistic_suffix_tree,2,1,0.1,0.1053605,negative_log,1e-12,155,436,906,0.013406333234684818,pst_nll_threshold_tuning,0.1053605
0.0,0.0,0.0,0.0,unseen_data,SKAB,fold_2_nll_threshold_search,42,5,5,probabilistic_suffix_tree,2,1,0.1,0.1053605,negative_log,1e-12,155,436,906,0.013406333234684818,pst_nll_threshold_tuning,0.1053605
0.6103023516237402,0.4798206278026906,1.0,0.6484848484848484,original,SKAB,fold_2_nll_threshold_search,123,5,5,probabilistic_suffix_tree,2,1,0.1,0.1053605,negative_log,1e-12,155,436,906,0.013406333234684818,pst_nll_threshold_tuning,0.1053605
0.6103023516237402,0.4798206278026906,1.0,0.6484848484848484,gaussian_noise,SKAB,fold_2_nll_threshold_search,123,5,5,probabilistic_suffix_tree,2,1,0.1,0.1053605,negative_log,1e-12,155,436,906,0.013406333234684818,pst_nll_threshold_tuning,0.1053605
0.0,0.0,0.0,0.0,unseen_data,SKAB,fold_2_nll_threshold_search,123,5,5,probabilistic_suffix_tree,2,1,0.1,0.1053605,negative_log,1e-12,155,436,906,0.013406333234684818,pst_nll_threshold_tuning,0.1053605
0.6103023516237402,0.4798206278026906,1.0,0.6484848484848484,original,SKAB,fold_2_nll_threshold_search,2026,5,5,probabilistic_suffix_tree,2,1,0.1,0.1053605,negative_log,1e-12,155,436,906,0.013406333234684818,pst_nll_threshold_tuning,0.1053605
0.6103023516237402,0.4798206278026906,1.0,0.6484848484848484,gaussian_noise,SKAB,fold_2_nll_threshold_search,2026,5,5,probabilistic_suffix_tree,2,1,0.1,0.1053605,negative_log,1e-12,155,436,906,0.013406333234684818,pst_nll_threshold_tuning,0.1053605
0.0,0.0,0.0,0.0,unseen_data,SKAB,fold_2_nll_threshold_search,2026,5,5,probabilistic_suffix_tree,2,1,0.1,0.1053605,negative_log,1e-12,155,436,906,0.013406333234684818,pst_nll_threshold_tuning,0.1053605
0.6103023516237402,0.4798206278026906,1.0,0.6484848484848484,original,SKAB,fold_2_nll_threshold_search,7,5,5,probabilistic_suffix_tree,2,1,0.1,0.1053605,negative_log,1e-12,155,436,906,0.013406333234684818,pst_nll_threshold_tuning,0.1053605
0.6103023516237402,0.4798206278026906,1.0,0.6484848484848484,gaussian_noise,SKAB,fold_2_nll_threshold_search,7,5,5,probabilistic_suffix_tree,2,1,0.1,0.1053605,negative_log,1e-12,155,436,906,0.013406333234684818,pst_nll_threshold_tuning,0.1053605
0.0,0.0,0.0,0.0,unseen_data,SKAB,fold_2_nll_threshold_search,7,5,5,probabilistic_suffix_tree,2,1,0.1,0.1053605,negative_log,1e-12,155,436,906,0.013406333234684818,pst_nll_threshold_tuning,0.1053605
0.6103023516237402,0.4798206278026906,1.0,0.6484848484848484,original,SKAB,fold_2_nll_threshold_search,999,5,5,probabilistic_suffix_tree,2,1,0.1,0.1053605,negative_log,1e-12,155,436,906,0.013406333234684818,pst_nll_threshold_tuning,0.1053605
0.6103023516237402,0.4798206278026906,1.0,0.6484848484848484,gaussian_noise,SKAB,fold_2_nll_threshold_search,999,5,5,probabilistic_suffix_tree,2,1,0.1,0.1053605,negative_log,1e-12,155,436,906,0.013406333234684818,pst_nll_threshold_tuning,0.1053605
0.0,0.0,0.0,0.0,unseen_data,SKAB,fold_2_nll_threshold_search,999,5,5,probabilistic_suffix_tree,2,1,0.1,0.1053605,negative_log,1e-12,155,436,906,0.013406333234684818,pst_nll_threshold_tuning,0.1053605
0.5968645016797313,0.47291361639824303,1.0,0.6421471172962226,original,SKAB,fold_3_nll_threshold_search,42,5,5,probabilistic_suffix_tree,2,1,0.1,0.1053605,negative_log,1e-12,153,429,880,0.013407072230601643,pst_nll_threshold_tuning,0.1053605
0.5968645016797313,0.47291361639824303,1.0,0.6421471172962226,gaussian_noise,SKAB,fold_3_nll_threshold_search,42,5,5,probabilistic_suffix_tree,2,1,0.1,0.1053605,negative_log,1e-12,153,429,880,0.013407072230601643,pst_nll_threshold_tuning,0.1053605
0.2641509433962264,0.2641509433962264,1.0,0.417910447761194,unseen_data,SKAB,fold_3_nll_threshold_search,42,5,5,probabilistic_suffix_tree,2,1,0.1,0.1053605,negative_log,1e-12,153,429,880,0.013407072230601643,pst_nll_threshold_tuning,0.1053605
0.5968645016797313,0.47291361639824303,1.0,0.6421471172962226,original,SKAB,fold_3_nll_threshold_search,123,5,5,probabilistic_suffix_tree,2,1,0.1,0.1053605,negative_log,1e-12,153,429,880,0.013407072230601643,pst_nll_threshold_tuning,0.1053605
0.5968645016797313,0.47291361639824303,1.0,0.6421471172962226,gaussian_noise,SKAB,fold_3_nll_threshold_search,123,5,5,probabilistic_suffix_tree,2,1,0.1,0.1053605,negative_log,1e-12,153,429,880,0.013407072230601643,pst_nll_threshold_tuning,0.1053605
0.2641509433962264,0.2641509433962264,1.0,0.417910447761194,unseen_data,SKAB,fold_3_nll_threshold_search,123,5,5,probabilistic_suffix_tree,2,1,0.1,0.1053605,negative_log,1e-12,153,429,880,0.013407072230601643,pst_nll_threshold_tuning,0.1053605
0.5968645016797313,0.47291361639824303,1.0,0.6421471172962226,original,SKAB,fold_3_nll_threshold_search,2026,5,5,probabilistic_suffix_tree,2,1,0.1,0.1053605,negative_log,1e-12,153,429,880,0.013407072230601643,pst_nll_threshold_tuning,0.1053605
0.5968645016797313,0.47291361639824303,1.0,0.6421471172962226,gaussian_noise,SKAB,fold_3_nll_threshold_search,2026,5,5,probabilistic_suffix_tree,2,1,0.1,0.1053605,negative_log,1e-12,153,429,880,0.013407072230601643,pst_nll_threshold_tuning,0.1053605
0.2641509433962264,0.2641509433962264,1.0,0.417910447761194,unseen_data,SKAB,fold_3_nll_threshold_search,2026,5,5,probabilistic_suffix_tree,2,1,0.1,0.1053605,negative_log,1e-12,153,429,880,0.013407072230601643,pst_nll_threshold_tuning,0.1053605
0.5968645016797313,0.47291361639824303,1.0,0.6421471172962226,original,SKAB,fold_3_nll_threshold_search,7,5,5,probabilistic_suffix_tree,2,1,0.1,0.1053605,negative_log,1e-12,153,429,880,0.013407072230601643,pst_nll_threshold_tuning,0.1053605
0.5968645016797313,0.47291361639824303,1.0,0.6421471172962226,gaussian_noise,SKAB,fold_3_nll_threshold_search,7,5,5,probabilistic_suffix_tree,2,1,0.1,0.1053605,negative_log,1e-12,153,429,880,0.013407072230601643,pst_nll_threshold_tuning,0.1053605
0.2641509433962264,0.2641509433962264,1.0,0.417910447761194,unseen_data,SKAB,fold_3_nll_threshold_search,7,5,5,probabilistic_suffix_tree,2,1,0.1,0.1053605,negative_log,1e-12,153,429,880,0.013407072230601643,pst_nll_threshold_tuning,0.1053605
0.5968645016797313,0.47291361639824303,1.0,0.6421471172962226,original,SKAB,fold_3_nll_threshold_search,999,5,5,probabilistic_suffix_tree,2,1,0.1,0.1053605,negative_log,1e-12,153,429,880,0.013407072230601643,pst_nll_threshold_tuning,0.1053605
0.5968645016797313,0.47291361639824303,1.0,0.6421471172962226,gaussian_noise,SKAB,fold_3_nll_threshold_search,999,5,5,probabilistic_suffix_tree,2,1,0.1,0.1053605,negative_log,1e-12,153,429,880,0.013407072230601643,pst_nll_threshold_tuning,0.1053605
0.2641509433962264,0.2641509433962264,1.0,0.417910447761194,unseen_data,SKAB,fold_3_nll_threshold_search,999,5,5,probabilistic_suffix_tree,2,1,0.1,0.1053605,negative_log,1e-12,153,429,880,0.013407072230601643,pst_nll_threshold_tuning,0.1053605
0.3518728717366629,0.3018292682926829,0.6366559485530546,0.4095139607032058,original,SKAB,fold_4_nll_threshold_search,42,5,5,probabilistic_suffix_tree,2,1,0.1,0.1053605,negative_log,1e-12,161,441,894,0.01259137195250771,pst_nll_threshold_tuning,0.1053605
0.3507377979568672,0.3013698630136986,0.6366559485530546,0.4090909090909091,gaussian_noise,SKAB,fold_4_nll_threshold_search,42,5,5,probabilistic_suffix_tree,2,1,0.1,0.1053605,negative_log,1e-12,161,441,894,0.01259137195250771,pst_nll_threshold_tuning,0.1053605
0.07692307692307693,0.07692307692307693,1.0,0.14285714285714285,unseen_data,SKAB,fold_4_nll_threshold_search,42,5,5,probabilistic_suffix_tree,2,1,0.1,0.1053605,negative_log,1e-12,161,441,894,0.01259137195250771,pst_nll_threshold_tuning,0.1053605
0.3518728717366629,0.3018292682926829,0.6366559485530546,0.4095139607032058,original,SKAB,fold_4_nll_threshold_search,123,5,5,probabilistic_suffix_tree,2,1,0.1,0.1053605,negative_log,1e-12,161,441,894,0.01259137195250771,pst_nll_threshold_tuning,0.1053605
0.3518728717366629,0.3018292682926829,0.6366559485530546,0.4095139607032058,gaussian_noise,SKAB,fold_4_nll_threshold_search,123,5,5,probabilistic_suffix_tree,2,1,0.1,0.1053605,negative_log,1e-12,161,441,894,0.01259137195250771,pst_nll_threshold_tuning,0.1053605
0.07692307692307693,0.07692307692307693,1.0,0.14285714285714285,unseen_data,SKAB,fold_4_nll_threshold_search,123,5,5,probabilistic_suffix_tree,2,1,0.1,0.1053605,negative_log,1e-12,161,441,894,0.01259137195250771,pst_nll_threshold_tuning,0.1053605
0.3518728717366629,0.3018292682926829,0.6366559485530546,0.4095139607032058,original,SKAB,fold_4_nll_threshold_search,2026,5,5,probabilistic_suffix_tree,2,1,0.1,0.1053605,negative_log,1e-12,161,441,894,0.01259137195250771,pst_nll_threshold_tuning,0.1053605
0.3518728717366629,0.3018292682926829,0.6366559485530546,0.4095139607032058,gaussian_noise,SKAB,fold_4_nll_threshold_search,2026,5,5,probabilistic_suffix_tree,2,1,0.1,0.1053605,negative_log,1e-12,161,441,894,0.01259137195250771,pst_nll_threshold_tuning,0.1053605
0.07692307692307693,0.07692307692307693,1.0,0.14285714285714285,unseen_data,SKAB,fold_4_nll_threshold_search,2026,5,5,probabilistic_suffix_tree,2,1,0.1,0.1053605,negative_log,1e-12,161,441,894,0.01259137195250771,pst_nll_threshold_tuning,0.1053605
0.3518728717366629,0.3018292682926829,0.6366559485530546,0.4095139607032058,original,SKAB,fold_4_nll_threshold_search,7,5,5,probabilistic_suffix_tree,2,1,0.1,0.1053605,negative_log,1e-12,161,441,894,0.01259137195250771,pst_nll_threshold_tuning,0.1053605
0.3518728717366629,0.3018292682926829,0.6366559485530546,0.4095139607032058,gaussian_noise,SKAB,fold_4_nll_threshold_search,7,5,5,probabilistic_suffix_tree,2,1,0.1,0.1053605,negative_log,1e-12,161,441,894,0.01259137195250771,pst_nll_threshold_tuning,0.1053605
0.07692307692307693,0.07692307692307693,1.0,0.14285714285714285,unseen_data,SKAB,fold_4_nll_threshold_search,7,5,5,probabilistic_suffix_tree,2,1,0.1,0.1053605,negative_log,1e-12,161,441,894,0.01259137195250771,pst_nll_threshold_tuning,0.1053605
0.3518728717366629,0.3018292682926829,0.6366559485530546,0.4095139607032058,original,SKAB,fold_4_nll_threshold_search,999,5,5,probabilistic_suffix_tree,2,1,0.1,0.1053605,negative_log,1e-12,161,441,894,0.01259137195250771,pst_nll_threshold_tuning,0.1053605
0.3518728717366629,0.3018292682926829,0.6366559485530546,0.4095139607032058,gaussian_noise,SKAB,fold_4_nll_threshold_search,999,5,5,probabilistic_suffix_tree,2,1,0.1,0.1053605,negative_log,1e-12,161,441,894,0.01259137195250771,pst_nll_threshold_tuning,0.1053605
0.07692307692307693,0.07692307692307693,1.0,0.14285714285714285,unseen_data,SKAB,fold_4_nll_threshold_search,999,5,5,probabilistic_suffix_tree,2,1,0.1,0.1053605,negative_log,1e-12,161,441,894,0.01259137195250771,pst_nll_threshold_tuning,0.1053605
0.4152823920265781,0.3853317811408615,1.0,0.5563025210084034,original,SKAB,fold_5_nll_threshold_search,42,5,5,probabilistic_suffix_tree,2,1,0.1,0.1053605,negative_log,1e-12,136,380,789,0.01526702786377709,pst_nll_threshold_tuning,0.1053605
0.40753045404208194,0.38221709006928406,1.0,0.5530492898913951,gaussian_noise,SKAB,fold_5_nll_threshold_search,42,5,5,probabilistic_suffix_tree,2,1,0.1,0.1053605,negative_log,1e-12,136,380,789,0.01526702786377709,pst_nll_threshold_tuning,0.1053605
0.5608465608465608,0.5608465608465608,1.0,0.7186440677966102,unseen_data,SKAB,fold_5_nll_threshold_search,42,5,5,probabilistic_suffix_tree,2,1,0.1,0.1053605,negative_log,1e-12,136,380,789,0.01526702786377709,pst_nll_threshold_tuning,0.1053605
0.4152823920265781,0.3853317811408615,1.0,0.5563025210084034,original,SKAB,fold_5_nll_threshold_search,123,5,5,probabilistic_suffix_tree,2,1,0.1,0.1053605,negative_log,1e-12,136,380,789,0.01526702786377709,pst_nll_threshold_tuning,0.1053605
0.40753045404208194,0.38221709006928406,1.0,0.5530492898913951,gaussian_noise,SKAB,fold_5_nll_threshold_search,123,5,5,probabilistic_suffix_tree,2,1,0.1,0.1053605,negative_log,1e-12,136,380,789,0.01526702786377709,pst_nll_threshold_tuning,0.1053605
0.5608465608465608,0.5608465608465608,1.0,0.7186440677966102,unseen_data,SKAB,fold_5_nll_threshold_search,123,5,5,probabilistic_suffix_tree,2,1,0.1,0.1053605,negative_log,1e-12,136,380,789,0.01526702786377709,pst_nll_threshold_tuning,0.1053605
0.4152823920265781,0.3853317811408615,1.0,0.5563025210084034,original,SKAB,fold_5_nll_threshold_search,2026,5,5,probabilistic_suffix_tree,2,1,0.1,0.1053605,negative_log,1e-12,136,380,789,0.01526702786377709,pst_nll_threshold_tuning,0.1053605
0.4019933554817276,0.38002296211251435,1.0,0.5507487520798668,gaussian_noise,SKAB,fold_5_nll_threshold_search,2026,5,5,probabilistic_suffix_tree,2,1,0.1,0.1053605,negative_log,1e-12,136,380,789,0.01526702786377709,pst_nll_threshold_tuning,0.1053605
0.5608465608465608,0.5608465608465608,1.0,0.7186440677966102,unseen_data,SKAB,fold_5_nll_threshold_search,2026,5,5,probabilistic_suffix_tree,2,1,0.1,0.1053605,negative_log,1e-12,136,380,789,0.01526702786377709,pst_nll_threshold_tuning,0.1053605
0.4152823920265781,0.3853317811408615,1.0,0.5563025210084034,original,SKAB,fold_5_nll_threshold_search,7,5,5,probabilistic_suffix_tree,2,1,0.1,0.1053605,negative_log,1e-12,136,380,789,0.01526702786377709,pst_nll_threshold_tuning,0.1053605
0.3997785160575858,0.37915234822451316,1.0,0.5498338870431894,gaussian_noise,SKAB,fold_5_nll_threshold_search,7,5,5,probabilistic_suffix_tree,2,1,0.1,0.1053605,negative_log,1e-12,136,380,789,0.01526702786377709,pst_nll_threshold_tuning,0.1053605
0.5608465608465608,0.5608465608465608,1.0,0.7186440677966102,unseen_data,SKAB,fold_5_nll_threshold_search,7,5,5,probabilistic_suffix_tree,2,1,0.1,0.1053605,negative_log,1e-12,136,380,789,0.01526702786377709,pst_nll_threshold_tuning,0.1053605
0.4152823920265781,0.3853317811408615,1.0,0.5563025210084034,original,SKAB,fold_5_nll_threshold_search,999,5,5,probabilistic_suffix_tree,2,1,0.1,0.1053605,negative_log,1e-12,136,380,789,0.01526702786377709,pst_nll_threshold_tuning,0.1053605
0.39756367663344405,0.3782857142857143,1.0,0.548922056384743,gaussian_noise,SKAB,fold_5_nll_threshold_search,999,5,5,probabilistic_suffix_tree,2,1,0.1,0.1053605,negative_log,1e-12,136,380,789,0.01526702786377709,pst_nll_threshold_tuning,0.1053605
0.5608465608465608,0.5608465608465608,1.0,0.7186440677966102,unseen_data,SKAB,fold_5_nll_threshold_search,999,5,5,probabilistic_suffix_tree,2,1,0.1,0.1053605,negative_log,1e-12,136,380,789,0.01526702786377709,pst_nll_threshold_tuning,0.1053605
0.5752508361204013,0.436241610738255,0.6018518518518519,0.5058365758754864,original,SKAB,fold_1_nll_threshold_search,42,5,5,probabilistic_suffix_tree,2,1,0.1,0.2,negative_log,1e-12,170,469,948,0.01189012918600276,pst_nll_threshold_tuning,0.2
0.5652173913043478,0.4246575342465753,0.5740740740740741,0.4881889763779528,gaussian_noise,SKAB,fold_1_nll_threshold_search,42,5,5,probabilistic_suffix_tree,2,1,0.1,0.2,negative_log,1e-12,170,469,948,0.01189012918600276,pst_nll_threshold_tuning,0.2
0.0,0.0,0.0,0.0,unseen_data,SKAB,fold_1_nll_threshold_search,42,5,5,probabilistic_suffix_tree,2,1,0.1,0.2,negative_log,1e-12,170,469,948,0.01189012918600276,pst_nll_threshold_tuning,0.2
0.5752508361204013,0.436241610738255,0.6018518518518519,0.5058365758754864,original,SKAB,fold_1_nll_threshold_search,123,5,5,probabilistic_suffix_tree,2,1,0.1,0.2,negative_log,1e-12,170,469,948,0.01189012918600276,pst_nll_threshold_tuning,0.2
0.5875139353400223,0.4470046082949309,0.5987654320987654,0.5118733509234829,gaussian_noise,SKAB,fold_1_nll_threshold_search,123,5,5,probabilistic_suffix_tree,2,1,0.1,0.2,negative_log,1e-12,170,469,948,0.01189012918600276,pst_nll_threshold_tuning,0.2
0.0,0.0,0.0,0.0,unseen_data,SKAB,fold_1_nll_threshold_search,123,5,5,probabilistic_suffix_tree,2,1,0.1,0.2,negative_log,1e-12,170,469,948,0.01189012918600276,pst_nll_threshold_tuning,0.2
0.5752508361204013,0.436241610738255,0.6018518518518519,0.5058365758754864,original,SKAB,fold_1_nll_threshold_search,2026,5,5,probabilistic_suffix_tree,2,1,0.1,0.2,negative_log,1e-12,170,469,948,0.01189012918600276,pst_nll_threshold_tuning,0.2
0.568561872909699,0.4258823529411765,0.558641975308642,0.4833110814419226,gaussian_noise,SKAB,fold_1_nll_threshold_search,2026,5,5,probabilistic_suffix_tree,2,1,0.1,0.2,negative_log,1e-12,170,469,948,0.01189012918600276,pst_nll_threshold_tuning,0.2
0.0,0.0,0.0,0.0,unseen_data,SKAB,fold_1_nll_threshold_search,2026,5,5,probabilistic_suffix_tree,2,1,0.1,0.2,negative_log,1e-12,170,469,948,0.01189012918600276,pst_nll_threshold_tuning,0.2
0.5752508361204013,0.436241610738255,0.6018518518518519,0.5058365758754864,original,SKAB,fold_1_nll_threshold_search,7,5,5,probabilistic_suffix_tree,2,1,0.1,0.2,negative_log,1e-12,170,469,948,0.01189012918600276,pst_nll_threshold_tuning,0.2
0.5774804905239688,0.4367816091954023,0.5864197530864198,0.5006587615283268,gaussian_noise,SKAB,fold_1_nll_threshold_search,7,5,5,probabilistic_suffix_tree,2,1,0.1,0.2,negative_log,1e-12,170,469,948,0.01189012918600276,pst_nll_threshold_tuning,0.2
0.0,0.0,0.0,0.0,unseen_data,SKAB,fold_1_nll_threshold_search,7,5,5,probabilistic_suffix_tree,2,1,0.1,0.2,negative_log,1e-12,170,469,948,0.01189012918600276,pst_nll_threshold_tuning,0.2
0.5752508361204013,0.436241610738255,0.6018518518518519,0.5058365758754864,original,SKAB,fold_1_nll_threshold_search,999,5,5,probabilistic_suffix_tree,2,1,0.1,0.2,negative_log,1e-12,170,469,948,0.01189012918600276,pst_nll_threshold_tuning,0.2
0.5863991081382386,0.44742729306487694,0.6172839506172839,0.5188067444876784,gaussian_noise,SKAB,fold_1_nll_threshold_search,999,5,5,probabilistic_suffix_tree,2,1,0.1,0.2,negative_log,1e-12,170,469,948,0.01189012918600276,pst_nll_threshold_tuning,0.2
0.0,0.0,0.0,0.0,unseen_data,SKAB,fold_1_nll_threshold_search,999,5,5,probabilistic_suffix_tree,2,1,0.1,0.2,negative_log,1e-12,170,469,948,0.01189012918600276,pst_nll_threshold_tuning,0.2
0.5386338185890257,0.3982102908277405,0.5545171339563862,0.4635416666666667,original,SKAB,fold_2_nll_threshold_search,42,5,5,probabilistic_suffix_tree,2,1,0.1,0.2,negative_log,1e-12,155,436,906,0.013406333234684818,pst_nll_threshold_tuning,0.2
0.5643896976483762,0.425764192139738,0.6074766355140186,0.5006418485237484,gaussian_noise,SKAB,fold_2_nll_threshold_search,42,5,5,probabilistic_suffix_tree,2,1,0.1,0.2,negative_log,1e-12,155,436,906,0.013406333234684818,pst_nll_threshold_tuning,0.2
0.0,0.0,0.0,0.0,unseen_data,SKAB,fold_2_nll_threshold_search,42,5,5,probabilistic_suffix_tree,2,1,0.1,0.2,negative_log,1e-12,155,436,906,0.013406333234684818,pst_nll_threshold_tuning,0.2
0.5386338185890257,0.3982102908277405,0.5545171339563862,0.4635416666666667,original,SKAB,fold_2_nll_threshold_search,123,5,5,probabilistic_suffix_tree,2,1,0.1,0.2,negative_log,1e-12,155,436,906,0.013406333234684818,pst_nll_threshold_tuning,0.2
0.5677491601343785,0.4245939675174014,0.5700934579439252,0.4867021276595745,gaussian_noise,SKAB,fold_2_nll_threshold_search,123,5,5,probabilistic_suffix_tree,2,1,0.1,0.2,negative_log,1e-12,155,436,906,0.013406333234684818,pst_nll_threshold_tuning,0.2
0.0,0.0,0.0,0.0,unseen_data,SKAB,fold_2_nll_threshold_search,123,5,5,probabilistic_suffix_tree,2,1,0.1,0.2,negative_log,1e-12,155,436,906,0.013406333234684818,pst_nll_threshold_tuning,0.2
0.5386338185890257,0.3982102908277405,0.5545171339563862,0.4635416666666667,original,SKAB,fold_2_nll_threshold_search,2026,5,5,probabilistic_suffix_tree,2,1,0.1,0.2,negative_log,1e-12,155,436,906,0.013406333234684818,pst_nll_threshold_tuning,0.2
0.541993281075028,0.4004524886877828,0.5514018691588785,0.4639580602883355,gaussian_noise,SKAB,fold_2_nll_threshold_search,2026,5,5,probabilistic_suffix_tree,2,1,0.1,0.2,negative_log,1e-12,155,436,906,0.013406333234684818,pst_nll_threshold_tuning,0.2
0.0,0.0,0.0,0.0,unseen_data,SKAB,fold_2_nll_threshold_search,2026,5,5,probabilistic_suffix_tree,2,1,0.1,0.2,negative_log,1e-12,155,436,906,0.013406333234684818,pst_nll_threshold_tuning,0.2
0.5386338185890257,0.3982102908277405,0.5545171339563862,0.4635416666666667,original,SKAB,fold_2_nll_threshold_search,7,5,5,probabilistic_suffix_tree,2,1,0.1,0.2,negative_log,1e-12,155,436,906,0.013406333234684818,pst_nll_threshold_tuning,0.2
0.5375139977603584,0.4004329004329004,0.5763239875389408,0.4725415070242657,gaussian_noise,SKAB,fold_2_nll_threshold_search,7,5,5,probabilistic_suffix_tree,2,1,0.1,0.2,negative_log,1e-12,155,436,906,0.013406333234684818,pst_nll_threshold_tuning,0.2
0.0,0.0,0.0,0.0,unseen_data,SKAB,fold_2_nll_threshold_search,7,5,5,probabilistic_suffix_tree,2,1,0.1,0.2,negative_log,1e-12,155,436,906,0.013406333234684818,pst_nll_threshold_tuning,0.2
0.5386338185890257,0.3982102908277405,0.5545171339563862,0.4635416666666667,original,SKAB,fold_2_nll_threshold_search,999,5,5,probabilistic_suffix_tree,2,1,0.1,0.2,negative_log,1e-12,155,436,906,0.013406333234684818,pst_nll_threshold_tuning,0.2
0.555431131019037,0.4166666666666667,0.5919003115264797,0.48906048906048905,gaussian_noise,SKAB,fold_2_nll_threshold_search,999,5,5,probabilistic_suffix_tree,2,1,0.1,0.2,negative_log,1e-12,155,436,906,0.013406333234684818,pst_nll_threshold_tuning,0.2
0.0,0.0,0.0,0.0,unseen_data,SKAB,fold_2_nll_threshold_search,999,5,5,probabilistic_suffix_tree,2,1,0.1,0.2,negative_log,1e-12,155,436,906,0.013406333234684818,pst_nll_threshold_tuning,0.2
0.5083986562150056,0.39338235294117646,0.6625386996904025,0.4936562860438293,original,SKAB,fold_3_nll_threshold_search,42,5,5,probabilistic_suffix_tree,2,1,0.1,0.2,negative_log,1e-12,153,429,880,0.013407072230601643,pst_nll_threshold_tuning,0.2
0.5050391937290034,0.3935599284436494,0.6811145510835913,0.4988662131519274,gaussian_noise,SKAB,fold_3_nll_threshold_search,42,5,5,probabilistic_suffix_tree,2,1,0.1,0.2,negative_log,1e-12,153,429,880,0.013407072230601643,pst_nll_threshold_tuning,0.2
0.2641509433962264,0.2641509433962264,1.0,0.417910447761194,unseen_data,SKAB,fold_3_nll_threshold_search,42,5,5,probabilistic_suffix_tree,2,1,0.1,0.2,negative_log,1e-12,153,429,880,0.013407072230601643,pst_nll_threshold_tuning,0.2
0.5083986562150056,0.39338235294117646,0.6625386996904025,0.4936562860438293,original,SKAB,fold_3_nll_threshold_search,123,5,5,probabilistic_suffix_tree,2,1,0.1,0.2,negative_log,1e-12,153,429,880,0.013407072230601643,pst_nll_threshold_tuning,0.2
0.5106382978723404,0.3956043956043956,0.6687306501547987,0.49712313003452246,gaussian_noise,SKAB,fold_3_nll_threshold_search,123,5,5,probabilistic_suffix_tree,2,1,0.1,0.2,negative_log,1e-12,153,429,880,0.013407072230601643,pst_nll_threshold_tuning,0.2
0.2641509433962264,0.2641509433962264,1.0,0.417910447761194,unseen_data,SKAB,fold_3_nll_threshold_search,123,5,5,probabilistic_suffix_tree,2,1,0.1,0.2,negative_log,1e-12,153,429,880,0.013407072230601643,pst_nll_threshold_tuning,0.2
0.5083986562150056,0.39338235294117646,0.6625386996904025,0.4936562860438293,original,SKAB,fold_3_nll_threshold_search,2026,5,5,probabilistic_suffix_tree,2,1,0.1,0.2,negative_log,1e-12,153,429,880,0.013407072230601643,pst_nll_threshold_tuning,0.2
0.503919372900336,0.3888888888888889,0.6501547987616099,0.48667439165701043,gaussian_noise,SKAB,fold_3_nll_threshold_search,2026,5,5,probabilistic_suffix_tree,2,1,0.1,0.2,negative_log,1e-12,153,429,880,0.013407072230601643,pst_nll_threshold_tuning,0.2
0.2641509433962264,0.2641509433962264,1.0,0.417910447761194,unseen_data,SKAB,fold_3_nll_threshold_search,2026,5,5,probabilistic_suffix_tree,2,1,0.1,0.2,negative_log,1e-12,153,429,880,0.013407072230601643,pst_nll_threshold_tuning,0.2
0.5083986562150056,0.39338235294117646,0.6625386996904025,0.4936562860438293,original,SKAB,fold_3_nll_threshold_search,7,5,5,probabilistic_suffix_tree,2,1,0.1,0.2,negative_log,1e-12,153,429,880,0.013407072230601643,pst_nll_threshold_tuning,0.2
0.5151175811870101,0.39963503649635035,0.6780185758513931,0.5028702640642939,gaussian_noise,SKAB,fold_3_nll_threshold_search,7,5,5,probabilistic_suffix_tree,2,1,0.1,0.2,negative_log,1e-12,153,429,880,0.013407072230601643,pst_nll_threshold_tuning,0.2
0.2641509433962264,0.2641509433962264,1.0,0.417910447761194,unseen_data,SKAB,fold_3_nll_threshold_search,7,5,5,probabilistic_suffix_tree,2,1,0.1,0.2,negative_log,1e-12,153,429,880,0.013407072230601643,pst_nll_threshold_tuning,0.2
0.5083986562150056,0.39338235294117646,0.6625386996904025,0.4936562860438293,original,SKAB,fold_3_nll_threshold_search,999,5,5,probabilistic_suffix_tree,2,1,0.1,0.2,negative_log,1e-12,153,429,880,0.013407072230601643,pst_nll_threshold_tuning,0.2
0.5005599104143337,0.3854748603351955,0.6408668730650154,0.4813953488372093,gaussian_noise,SKAB,fold_3_nll_threshold_search,999,5,5,probabilistic_suffix_tree,2,1,0.1,0.2,negative_log,1e-12,153,429,880,0.013407072230601643,pst_nll_threshold_tuning,0.2
0.2641509433962264,0.2641509433962264,1.0,0.417910447761194,unseen_data,SKAB,fold_3_nll_threshold_search,999,5,5,probabilistic_suffix_tree,2,1,0.1,0.2,negative_log,1e-12,153,429,880,0.013407072230601643,pst_nll_threshold_tuning,0.2
0.38933030646992056,0.27345309381237526,0.4405144694533762,0.3374384236453202,original,SKAB,fold_4_nll_threshold_search,42,5,5,probabilistic_suffix_tree,2,1,0.1,0.2,negative_log,1e-12,161,441,894,0.01259137195250771,pst_nll_threshold_tuning,0.2
0.4052213393870602,0.29158512720156554,0.4790996784565916,0.36253041362530414,gaussian_noise,SKAB,fold_4_nll_threshold_search,42,5,5,probabilistic_suffix_tree,2,1,0.1,0.2,negative_log,1e-12,161,441,894,0.01259137195250771,pst_nll_threshold_tuning,0.2
0.07692307692307693,0.07692307692307693,1.0,0.14285714285714285,unseen_data,SKAB,fold_4_nll_threshold_search,42,5,5,probabilistic_suffix_tree,2,1,0.1,0.2,negative_log,1e-12,161,441,894,0.01259137195250771,pst_nll_threshold_tuning,0.2
0.38933030646992056,0.27345309381237526,0.4405144694533762,0.3374384236453202,original,SKAB,fold_4_nll_threshold_search,123,5,5,probabilistic_suffix_tree,2,1,0.1,0.2,negative_log,1e-12,161,441,894,0.01259137195250771,pst_nll_threshold_tuning,0.2
0.37911464245175935,0.27307692307692305,0.4565916398713826,0.3417569193742479,gaussian_noise,SKAB,fold_4_nll_threshold_search,123,5,5,probabilistic_suffix_tree,2,1,0.1,0.2,negative_log,1e-12,161,441,894,0.01259137195250771,pst_nll_threshold_tuning,0.2
0.07692307692307693,0.07692307692307693,1.0,0.14285714285714285,unseen_data,SKAB,fold_4_nll_threshold_search,123,5,5,probabilistic_suffix_tree,2,1,0.1,0.2,negative_log,1e-12,161,441,894,0.01259137195250771,pst_nll_threshold_tuning,0.2
0.38933030646992056,0.27345309381237526,0.4405144694533762,0.3374384236453202,original,SKAB,fold_4_nll_threshold_search,2026,5,5,probabilistic_suffix_tree,2,1,0.1,0.2,negative_log,1e-12,161,441,894,0.01259137195250771,pst_nll_threshold_tuning,0.2
0.3927355278093076,0.2777777777777778,0.45016077170418006,0.34355828220858897,gaussian_noise,SKAB,fold_4_nll_threshold_search,2026,5,5,probabilistic_suffix_tree,2,1,0.1,0.2,negative_log,1e-12,161,441,894,0.01259137195250771,pst_nll_threshold_tuning,0.2
0.07692307692307693,0.07692307692307693,1.0,0.14285714285714285,unseen_data,SKAB,fold_4_nll_threshold_search,2026,5,5,probabilistic_suffix_tree,2,1,0.1,0.2,negative_log,1e-12,161,441,894,0.01259137195250771,pst_nll_threshold_tuning,0.2
0.38933030646992056,0.27345309381237526,0.4405144694533762,0.3374384236453202,original,SKAB,fold_4_nll_threshold_search,7,5,5,probabilistic_suffix_tree,2,1,0.1,0.2,negative_log,1e-12,161,441,894,0.01259137195250771,pst_nll_threshold_tuning,0.2
0.3836549375709421,0.2661290322580645,0.42443729903536975,0.3271375464684015,gaussian_noise,SKAB,fold_4_nll_threshold_search,7,5,5,probabilistic_suffix_tree,2,1,0.1,0.2,negative_log,1e-12,161,441,894,0.01259137195250771,pst_nll_threshold_tuning,0.2
0.07692307692307693,0.07692307692307693,1.0,0.14285714285714285,unseen_data,SKAB,fold_4_nll_threshold_search,7,5,5,probabilistic_suffix_tree,2,1,0.1,0.2,negative_log,1e-12,161,441,894,0.01259137195250771,pst_nll_threshold_tuning,0.2
0.38933030646992056,0.27345309381237526,0.4405144694533762,0.3374384236453202,original,SKAB,fold_4_nll_threshold_search,999,5,5,probabilistic_suffix_tree,2,1,0.1,0.2,negative_log,1e-12,161,441,894,0.01259137195250771,pst_nll_threshold_tuning,0.2
0.4120317820658343,0.2966601178781925,0.4855305466237942,0.36829268292682926,gaussian_noise,SKAB,fold_4_nll_threshold_search,999,5,5,probabilistic_suffix_tree,2,1,0.1,0.2,negative_log,1e-12,161,441,894,0.01259137195250771,pst_nll_threshold_tuning,0.2
0.07692307692307693,0.07692307692307693,1.0,0.14285714285714285,unseen_data,SKAB,fold_4_nll_threshold_search,999,5,5,probabilistic_suffix_tree,2,1,0.1,0.2,negative_log,1e-12,161,441,894,0.01259137195250771,pst_nll_threshold_tuning,0.2
0.5060908084163898,0.4228187919463087,0.9516616314199395,0.5855018587360595,original,SKAB,fold_5_nll_threshold_search,42,5,5,probabilistic_suffix_tree,2,1,0.1,0.2,negative_log,1e-12,136,380,789,0.01526702786377709,pst_nll_threshold_tuning,0.2
0.5049833887043189,0.4226666666666667,0.9577039274924471,0.5864939870490287,gaussian_noise,SKAB,fold_5_nll_threshold_search,42,5,5,probabilistic_suffix_tree,2,1,0.1,0.2,negative_log,1e-12,136,380,789,0.01526702786377709,pst_nll_threshold_tuning,0.2
0.5608465608465608,0.5608465608465608,1.0,0.7186440677966102,unseen_data,SKAB,fold_5_nll_threshold_search,42,5,5,probabilistic_suffix_tree,2,1,0.1,0.2,negative_log,1e-12,136,380,789,0.01526702786377709,pst_nll_threshold_tuning,0.2
0.5060908084163898,0.4228187919463087,0.9516616314199395,0.5855018587360595,original,SKAB,fold_5_nll_threshold_search,123,5,5,probabilistic_suffix_tree,2,1,0.1,0.2,negative_log,1e-12,136,380,789,0.01526702786377709,pst_nll_threshold_tuning,0.2
0.4983388704318937,0.41888297872340424,0.9516616314199395,0.5817174515235457,gaussian_noise,SKAB,fold_5_nll_threshold_search,123,5,5,probabilistic_suffix_tree,2,1,0.1,0.2,negative_log,1e-12,136,380,789,0.01526702786377709,pst_nll_threshold_tuning,0.2
0.5608465608465608,0.5608465608465608,1.0,0.7186440677966102,unseen_data,SKAB,fold_5_nll_threshold_search,123,5,5,probabilistic_suffix_tree,2,1,0.1,0.2,negative_log,1e-12,136,380,789,0.01526702786377709,pst_nll_threshold_tuning,0.2
0.5060908084163898,0.4228187919463087,0.9516616314199395,0.5855018587360595,original,SKAB,fold_5_nll_threshold_search,2026,5,5,probabilistic_suffix_tree,2,1,0.1,0.2,negative_log,1e-12,136,380,789,0.01526702786377709,pst_nll_threshold_tuning,0.2
0.49280177187153934,0.41655716162943496,0.9577039274924471,0.5805860805860806,gaussian_noise,SKAB,fold_5_nll_threshold_search,2026,5,5,probabilistic_suffix_tree,2,1,0.1,0.2,negative_log,1e-12,136,380,789,0.01526702786377709,pst_nll_threshold_tuning,0.2
0.5608465608465608,0.5608465608465608,1.0,0.7186440677966102,unseen_data,SKAB,fold_5_nll_threshold_search,2026,5,5,probabilistic_suffix_tree,2,1,0.1,0.2,negative_log,1e-12,136,380,789,0.01526702786377709,pst_nll_threshold_tuning,0.2
0.5060908084163898,0.4228187919463087,0.9516616314199395,0.5855018587360595,original,SKAB,fold_5_nll_threshold_search,7,5,5,probabilistic_suffix_tree,2,1,0.1,0.2,negative_log,1e-12,136,380,789,0.01526702786377709,pst_nll_threshold_tuning,0.2
0.4994462901439646,0.4204993429697766,0.9667673716012085,0.5860805860805861,gaussian_noise,SKAB,fold_5_nll_threshold_search,7,5,5,probabilistic_suffix_tree,2,1,0.1,0.2,negative_log,1e-12,136,380,789,0.01526702786377709,pst_nll_threshold_tuning,0.2
0.5608465608465608,0.5608465608465608,1.0,0.7186440677966102,unseen_data,SKAB,fold_5_nll_threshold_search,7,5,5,probabilistic_suffix_tree,2,1,0.1,0.2,negative_log,1e-12,136,380,789,0.01526702786377709,pst_nll_threshold_tuning,0.2
0.5060908084163898,0.4228187919463087,0.9516616314199395,0.5855018587360595,original,SKAB,fold_5_nll_threshold_search,999,5,5,probabilistic_suffix_tree,2,1,0.1,0.2,negative_log,1e-12,136,380,789,0.01526702786377709,pst_nll_threshold_tuning,0.2
0.4894795127353267,0.41492146596858637,0.9577039274924471,0.5789954337899543,gaussian_noise,SKAB,fold_5_nll_threshold_search,999,5,5,probabilistic_suffix_tree,2,1,0.1,0.2,negative_log,1e-12,136,380,789,0.01526702786377709,pst_nll_threshold_tuning,0.2
0.5608465608465608,0.5608465608465608,1.0,0.7186440677966102,unseen_data,SKAB,fold_5_nll_threshold_search,999,5,5,probabilistic_suffix_tree,2,1,0.1,0.2,negative_log,1e-12,136,380,789,0.01526702786377709,pst_nll_threshold_tuning,0.2
0.5752508361204013,0.436241610738255,0.6018518518518519,0.5058365758754864,original,SKAB,fold_1_nll_threshold_search,42,5,5,probabilistic_suffix_tree,2,1,0.1,0.35,negative_log,1e-12,170,469,948,0.01189012918600276,pst_nll_threshold_tuning,0.35
0.5652173913043478,0.4246575342465753,0.5740740740740741,0.4881889763779528,gaussian_noise,SKAB,fold_1_nll_threshold_search,42,5,5,probabilistic_suffix_tree,2,1,0.1,0.35,negative_log,1e-12,170,469,948,0.01189012918600276,pst_nll_threshold_tuning,0.35
0.0,0.0,0.0,0.0,unseen_data,SKAB,fold_1_nll_threshold_search,42,5,5,probabilistic_suffix_tree,2,1,0.1,0.35,negative_log,1e-12,170,469,948,0.01189012918600276,pst_nll_threshold_tuning,0.35
0.5752508361204013,0.436241610738255,0.6018518518518519,0.5058365758754864,original,SKAB,fold_1_nll_threshold_search,123,5,5,probabilistic_suffix_tree,2,1,0.1,0.35,negative_log,1e-12,170,469,948,0.01189012918600276,pst_nll_threshold_tuning,0.35
0.5875139353400223,0.4470046082949309,0.5987654320987654,0.5118733509234829,gaussian_noise,SKAB,fold_1_nll_threshold_search,123,5,5,probabilistic_suffix_tree,2,1,0.1,0.35,negative_log,1e-12,170,469,948,0.01189012918600276,pst_nll_threshold_tuning,0.35
0.0,0.0,0.0,0.0,unseen_data,SKAB,fold_1_nll_threshold_search,123,5,5,probabilistic_suffix_tree,2,1,0.1,0.35,negative_log,1e-12,170,469,948,0.01189012918600276,pst_nll_threshold_tuning,0.35
0.5752508361204013,0.436241610738255,0.6018518518518519,0.5058365758754864,original,SKAB,fold_1_nll_threshold_search,2026,5,5,probabilistic_suffix_tree,2,1,0.1,0.35,negative_log,1e-12,170,469,948,0.01189012918600276,pst_nll_threshold_tuning,0.35
0.568561872909699,0.4258823529411765,0.558641975308642,0.4833110814419226,gaussian_noise,SKAB,fold_1_nll_threshold_search,2026,5,5,probabilistic_suffix_tree,2,1,0.1,0.35,negative_log,1e-12,170,469,948,0.01189012918600276,pst_nll_threshold_tuning,0.35
0.0,0.0,0.0,0.0,unseen_data,SKAB,fold_1_nll_threshold_search,2026,5,5,probabilistic_suffix_tree,2,1,0.1,0.35,negative_log,1e-12,170,469,948,0.01189012918600276,pst_nll_threshold_tuning,0.35
0.5752508361204013,0.436241610738255,0.6018518518518519,0.5058365758754864,original,SKAB,fold_1_nll_threshold_search,7,5,5,probabilistic_suffix_tree,2,1,0.1,0.35,negative_log,1e-12,170,469,948,0.01189012918600276,pst_nll_threshold_tuning,0.35
0.5774804905239688,0.4367816091954023,0.5864197530864198,0.5006587615283268,gaussian_noise,SKAB,fold_1_nll_threshold_search,7,5,5,probabilistic_suffix_tree,2,1,0.1,0.35,negative_log,1e-12,170,469,948,0.01189012918600276,pst_nll_threshold_tuning,0.35
0.0,0.0,0.0,0.0,unseen_data,SKAB,fold_1_nll_threshold_search,7,5,5,probabilistic_suffix_tree,2,1,0.1,0.35,negative_log,1e-12,170,469,948,0.01189012918600276,pst_nll_threshold_tuning,0.35
0.5752508361204013,0.436241610738255,0.6018518518518519,0.5058365758754864,original,SKAB,fold_1_nll_threshold_search,999,5,5,probabilistic_suffix_tree,2,1,0.1,0.35,negative_log,1e-12,170,469,948,0.01189012918600276,pst_nll_threshold_tuning,0.35
0.5863991081382386,0.44742729306487694,0.6172839506172839,0.5188067444876784,gaussian_noise,SKAB,fold_1_nll_threshold_search,999,5,5,probabilistic_suffix_tree,2,1,0.1,0.35,negative_log,1e-12,170,469,948,0.01189012918600276,pst_nll_threshold_tuning,0.35
0.0,0.0,0.0,0.0,unseen_data,SKAB,fold_1_nll_threshold_search,999,5,5,probabilistic_suffix_tree,2,1,0.1,0.35,negative_log,1e-12,170,469,948,0.01189012918600276,pst_nll_threshold_tuning,0.35
0.5453527435610303,0.4036281179138322,0.5545171339563862,0.4671916010498688,original,SKAB,fold_2_nll_threshold_search,42,5,5,probabilistic_suffix_tree,2,1,0.1,0.35,negative_log,1e-12,155,436,906,0.013406333234684818,pst_nll_threshold_tuning,0.35
0.568868980963046,0.42951541850220265,0.6074766355140186,0.5032258064516129,gaussian_noise,SKAB,fold_2_nll_threshold_search,42,5,5,probabilistic_suffix_tree,2,1,0.1,0.35,negative_log,1e-12,155,436,906,0.013406333234684818,pst_nll_threshold_tuning,0.35
0.0,0.0,0.0,0.0,unseen_data,SKAB,fold_2_nll_threshold_search,42,5,5,probabilistic_suffix_tree,2,1,0.1,0.35,negative_log,1e-12,155,436,906,0.013406333234684818,pst_nll_threshold_tuning,0.35
0.5453527435610303,0.4036281179138322,0.5545171339563862,0.4671916010498688,original,SKAB,fold_2_nll_threshold_search,123,5,5,probabilistic_suffix_tree,2,1,0.1,0.35,negative_log,1e-12,155,436,906,0.013406333234684818,pst_nll_threshold_tuning,0.35
0.5733482642777156,0.4295774647887324,0.5700934579439252,0.4899598393574297,gaussian_noise,SKAB,fold_2_nll_threshold_search,123,5,5,probabilistic_suffix_tree,2,1,0.1,0.35,negative_log,1e-12,155,436,906,0.013406333234684818,pst_nll_threshold_tuning,0.35
0.0,0.0,0.0,0.0,unseen_data,SKAB,fold_2_nll_threshold_search,123,5,5,probabilistic_suffix_tree,2,1,0.1,0.35,negative_log,1e-12,155,436,906,0.013406333234684818,pst_nll_threshold_tuning,0.35
0.5453527435610303,0.4036281179138322,0.5545171339563862,0.4671916010498688,original,SKAB,fold_2_nll_threshold_search,2026,5,5,probabilistic_suffix_tree,2,1,0.1,0.35,negative_log,1e-12,155,436,906,0.013406333234684818,pst_nll_threshold_tuning,0.35
0.5487122060470325,0.4059633027522936,0.5514018691588785,0.4676354029062087,gaussian_noise,SKAB,fold_2_nll_threshold_search,2026,5,5,probabilistic_suffix_tree,2,1,0.1,0.35,negative_log,1e-12,155,436,906,0.013406333234684818,pst_nll_threshold_tuning,0.35
0.0,0.0,0.0,0.0,unseen_data,SKAB,fold_2_nll_threshold_search,2026,5,5,probabilistic_suffix_tree,2,1,0.1,0.35,negative_log,1e-12,155,436,906,0.013406333234684818,pst_nll_threshold_tuning,0.35
0.5453527435610303,0.4036281179138322,0.5545171339563862,0.4671916010498688,original,SKAB,fold_2_nll_threshold_search,7,5,5,probabilistic_suffix_tree,2,1,0.1,0.35,negative_log,1e-12,155,436,906,0.013406333234684818,pst_nll_threshold_tuning,0.35
0.5431131019036954,0.4048140043763676,0.5763239875389408,0.4755784061696658,gaussian_noise,SKAB,fold_2_nll_threshold_search,7,5,5,probabilistic_suffix_tree,2,1,0.1,0.35,negative_log,1e-12,155,436,906,0.013406333234684818,pst_nll_threshold_tuning,0.35
0.0,0.0,0.0,0.0,unseen_data,SKAB,fold_2_nll_threshold_search,7,5,5,probabilistic_suffix_tree,2,1,0.1,0.35,negative_log,1e-12,155,436,906,0.013406333234684818,pst_nll_threshold_tuning,0.35
0.5453527435610303,0.4036281179138322,0.5545171339563862,0.4671916010498688,original,SKAB,fold_2_nll_threshold_search,999,5,5,probabilistic_suffix_tree,2,1,0.1,0.35,negative_log,1e-12,155,436,906,0.013406333234684818,pst_nll_threshold_tuning,0.35
0.5621500559910414,0.4222222222222222,0.5919003115264797,0.49286640726329445,gaussian_noise,SKAB,fold_2_nll_threshold_search,999,5,5,probabilistic_suffix_tree,2,1,0.1,0.35,negative_log,1e-12,155,436,906,0.013406333234684818,pst_nll_threshold_tuning,0.35
0.0,0.0,0.0,0.0,unseen_data,SKAB,fold_2_nll_threshold_search,999,5,5,probabilistic_suffix_tree,2,1,0.1,0.35,negative_log,1e-12,155,436,906,0.013406333234684818,pst_nll_threshold_tuning,0.35
0.5162374020156775,0.3985102420856611,0.6625386996904025,0.49767441860465117,original,SKAB,fold_3_nll_threshold_search,42,5,5,probabilistic_suffix_tree,2,1,0.1,0.35,negative_log,1e-12,153,429,880,0.013407072230601643,pst_nll_threshold_tuning,0.35
0.509518477043673,0.3963963963963964,0.6811145510835913,0.5011389521640092,gaussian_noise,SKAB,fold_3_nll_threshold_search,42,5,5,probabilistic_suffix_tree,2,1,0.1,0.35,negative_log,1e-12,153,429,880,0.013407072230601643,pst_nll_threshold_tuning,0.35
0.2641509433962264,0.2641509433962264,1.0,0.417910447761194,unseen_data,SKAB,fold_3_nll_threshold_search,42,5,5,probabilistic_suffix_tree,2,1,0.1,0.35,negative_log,1e-12,153,429,880,0.013407072230601643,pst_nll_threshold_tuning,0.35
0.5162374020156775,0.3985102420856611,0.6625386996904025,0.49767441860465117,original,SKAB,fold_3_nll_threshold_search,123,5,5,probabilistic_suffix_tree,2,1,0.1,0.35,negative_log,1e-12,153,429,880,0.013407072230601643,pst_nll_threshold_tuning,0.35
0.5207166853303471,0.4022346368715084,0.6687306501547987,0.5023255813953489,gaussian_noise,SKAB,fold_3_nll_threshold_search,123,5,5,probabilistic_suffix_tree,2,1,0.1,0.35,negative_log,1e-12,153,429,880,0.013407072230601643,pst_nll_threshold_tuning,0.35
0.2641509433962264,0.2641509433962264,1.0,0.417910447761194,unseen_data,SKAB,fold_3_nll_threshold_search,123,5,5,probabilistic_suffix_tree,2,1,0.1,0.35,negative_log,1e-12,153,429,880,0.013407072230601643,pst_nll_threshold_tuning,0.35
0.5162374020156775,0.3985102420856611,0.6625386996904025,0.49767441860465117,original,SKAB,fold_3_nll_threshold_search,2026,5,5,probabilistic_suffix_tree,2,1,0.1,0.35,negative_log,1e-12,153,429,880,0.013407072230601643,pst_nll_threshold_tuning,0.35
0.5106382978723404,0.39285714285714285,0.6470588235294118,0.4888888888888889,gaussian_noise,SKAB,fold_3_nll_threshold_search,2026,5,5,probabilistic_suffix_tree,2,1,0.1,0.35,negative_log,1e-12,153,429,880,0.013407072230601643,pst_nll_threshold_tuning,0.35
0.2641509433962264,0.2641509433962264,1.0,0.417910447761194,unseen_data,SKAB,fold_3_nll_threshold_search,2026,5,5,probabilistic_suffix_tree,2,1,0.1,0.35,negative_log,1e-12,153,429,880,0.013407072230601643,pst_nll_threshold_tuning,0.35
0.5162374020156775,0.3985102420856611,0.6625386996904025,0.49767441860465117,original,SKAB,fold_3_nll_threshold_search,7,5,5,probabilistic_suffix_tree,2,1,0.1,0.35,negative_log,1e-12,153,429,880,0.013407072230601643,pst_nll_threshold_tuning,0.35
0.5218365061590146,0.4040590405904059,0.6780185758513931,0.5063583815028901,gaussian_noise,SKAB,fold_3_nll_threshold_search,7,5,5,probabilistic_suffix_tree,2,1,0.1,0.35,negative_log,1e-12,153,429,880,0.013407072230601643,pst_nll_threshold_tuning,0.35
0.2641509433962264,0.2641509433962264,1.0,0.417910447761194,unseen_data,SKAB,fold_3_nll_threshold_search,7,5,5,probabilistic_suffix_tree,2,1,0.1,0.35,negative_log,1e-12,153,429,880,0.013407072230601643,pst_nll_threshold_tuning,0.35
0.5162374020156775,0.3985102420856611,0.6625386996904025,0.49767441860465117,original,SKAB,fold_3_nll_threshold_search,999,5,5,probabilistic_suffix_tree,2,1,0.1,0.35,negative_log,1e-12,153,429,880,0.013407072230601643,pst_nll_threshold_tuning,0.35
0.5128779395296752,0.3923076923076923,0.631578947368421,0.48398576512455516,gaussian_noise,SKAB,fold_3_nll_threshold_search,999,5,5,probabilistic_suffix_tree,2,1,0.1,0.35,negative_log,1e-12,153,429,880,0.013407072230601643,pst_nll_threshold_tuning,0.35
0.2641509433962264,0.2641509433962264,1.0,0.417910447761194,unseen_data,SKAB,fold_3_nll_threshold_search,999,5,5,probabilistic_suffix_tree,2,1,0.1,0.35,negative_log,1e-12,153,429,880,0.013407072230601643,pst_nll_threshold_tuning,0.35
0.42905788876276957,0.2939914163090129,0.4405144694533762,0.35263835263835264,original,SKAB,fold_4_nll_threshold_search,42,5,5,probabilistic_suffix_tree,2,1,0.1,0.35,negative_log,1e-12,161,441,894,0.01259137195250771,pst_nll_threshold_tuning,0.35
0.4370034052213394,0.3084886128364389,0.4790996784565916,0.37531486146095716,gaussian_noise,SKAB,fold_4_nll_threshold_search,42,5,5,probabilistic_suffix_tree,2,1,0.1,0.35,negative_log,1e-12,161,441,894,0.01259137195250771,pst_nll_threshold_tuning,0.35
0.07692307692307693,0.07692307692307693,1.0,0.14285714285714285,unseen_data,SKAB,fold_4_nll_threshold_search,42,5,5,probabilistic_suffix_tree,2,1,0.1,0.35,negative_log,1e-12,161,441,894,0.01259137195250771,pst_nll_threshold_tuning,0.35
0.42905788876276957,0.2939914163090129,0.4405144694533762,0.35263835263835264,original,SKAB,fold_4_nll_threshold_search,123,5,5,probabilistic_suffix_tree,2,1,0.1,0.35,negative_log,1e-12,161,441,894,0.01259137195250771,pst_nll_threshold_tuning,0.35
0.41316685584562995,0.2897959183673469,0.4565916398713826,0.3545568039950062,gaussian_noise,SKAB,fold_4_nll_threshold_search,123,5,5,probabilistic_suffix_tree,2,1,0.1,0.35,negative_log,1e-12,161,441,894,0.01259137195250771,pst_nll_threshold_tuning,0.35
0.07692307692307693,0.07692307692307693,1.0,0.14285714285714285,unseen_data,SKAB,fold_4_nll_threshold_search,123,5,5,probabilistic_suffix_tree,2,1,0.1,0.35,negative_log,1e-12,161,441,894,0.01259137195250771,pst_nll_threshold_tuning,0.35
0.42905788876276957,0.2939914163090129,0.4405144694533762,0.35263835263835264,original,SKAB,fold_4_nll_threshold_search,2026,5,5,probabilistic_suffix_tree,2,1,0.1,0.35,negative_log,1e-12,161,441,894,0.01259137195250771,pst_nll_threshold_tuning,0.35
0.43246311010215666,0.29850746268656714,0.45016077170418006,0.358974358974359,gaussian_noise,SKAB,fold_4_nll_threshold_search,2026,5,5,probabilistic_suffix_tree,2,1,0.1,0.35,negative_log,1e-12,161,441,894,0.01259137195250771,pst_nll_threshold_tuning,0.35
0.07692307692307693,0.07692307692307693,1.0,0.14285714285714285,unseen_data,SKAB,fold_4_nll_threshold_search,2026,5,5,probabilistic_suffix_tree,2,1,0.1,0.35,negative_log,1e-12,161,441,894,0.01259137195250771,pst_nll_threshold_tuning,0.35
0.42905788876276957,0.2939914163090129,0.4405144694533762,0.35263835263835264,original,SKAB,fold_4_nll_threshold_search,7,5,5,probabilistic_suffix_tree,2,1,0.1,0.35,negative_log,1e-12,161,441,894,0.01259137195250771,pst_nll_threshold_tuning,0.35
0.4267877412031782,0.28820960698689957,0.42443729903536975,0.3433029908972692,gaussian_noise,SKAB,fold_4_nll_threshold_search,7,5,5,probabilistic_suffix_tree,2,1,0.1,0.35,negative_log,1e-12,161,441,894,0.01259137195250771,pst_nll_threshold_tuning,0.35
0.07692307692307693,0.07692307692307693,1.0,0.14285714285714285,unseen_data,SKAB,fold_4_nll_threshold_search,7,5,5,probabilistic_suffix_tree,2,1,0.1,0.35,negative_log,1e-12,161,441,894,0.01259137195250771,pst_nll_threshold_tuning,0.35
0.42905788876276957,0.2939914163090129,0.4405144694533762,0.35263835263835264,original,SKAB,fold_4_nll_threshold_search,999,5,5,probabilistic_suffix_tree,2,1,0.1,0.35,negative_log,1e-12,161,441,894,0.01259137195250771,pst_nll_threshold_tuning,0.35
0.4517593643586833,0.31856540084388185,0.4855305466237942,0.38471337579617837,gaussian_noise,SKAB,fold_4_nll_threshold_search,999,5,5,probabilistic_suffix_tree,2,1,0.1,0.35,negative_log,1e-12,161,441,894,0.01259137195250771,pst_nll_threshold_tuning,0.35
0.07692307692307693,0.07692307692307693,1.0,0.14285714285714285,unseen_data,SKAB,fold_4_nll_threshold_search,999,5,5,probabilistic_suffix_tree,2,1,0.1,0.35,negative_log,1e-12,161,441,894,0.01259137195250771,pst_nll_threshold_tuning,0.35
0.5060908084163898,0.4228187919463087,0.9516616314199395,0.5855018587360595,original,SKAB,fold_5_nll_threshold_search,42,5,5,probabilistic_suffix_tree,2,1,0.1,0.35,negative_log,1e-12,136,380,789,0.01526702786377709,pst_nll_threshold_tuning,0.35
0.5049833887043189,0.4226666666666667,0.9577039274924471,0.5864939870490287,gaussian_noise,SKAB,fold_5_nll_threshold_search,42,5,5,probabilistic_suffix_tree,2,1,0.1,0.35,negative_log,1e-12,136,380,789,0.01526702786377709,pst_nll_threshold_tuning,0.35
0.5608465608465608,0.5608465608465608,1.0,0.7186440677966102,unseen_data,SKAB,fold_5_nll_threshold_search,42,5,5,probabilistic_suffix_tree,2,1,0.1,0.35,negative_log,1e-12,136,380,789,0.01526702786377709,pst_nll_threshold_tuning,0.35
0.5060908084163898,0.4228187919463087,0.9516616314199395,0.5855018587360595,original,SKAB,fold_5_nll_threshold_search,123,5,5,probabilistic_suffix_tree,2,1,0.1,0.35,negative_log,1e-12,136,380,789,0.01526702786377709,pst_nll_threshold_tuning,0.35
0.4983388704318937,0.41888297872340424,0.9516616314199395,0.5817174515235457,gaussian_noise,SKAB,fold_5_nll_threshold_search,123,5,5,probabilistic_suffix_tree,2,1,0.1,0.35,negative_log,1e-12,136,380,789,0.01526702786377709,pst_nll_threshold_tuning,0.35
0.5608465608465608,0.5608465608465608,1.0,0.7186440677966102,unseen_data,SKAB,fold_5_nll_threshold_search,123,5,5,probabilistic_suffix_tree,2,1,0.1,0.35,negative_log,1e-12,136,380,789,0.01526702786377709,pst_nll_threshold_tuning,0.35
0.5060908084163898,0.4228187919463087,0.9516616314199395,0.5855018587360595,original,SKAB,fold_5_nll_threshold_search,2026,5,5,probabilistic_suffix_tree,2,1,0.1,0.35,negative_log,1e-12,136,380,789,0.01526702786377709,pst_nll_threshold_tuning,0.35
0.49280177187153934,0.41655716162943496,0.9577039274924471,0.5805860805860806,gaussian_noise,SKAB,fold_5_nll_threshold_search,2026,5,5,probabilistic_suffix_tree,2,1,0.1,0.35,negative_log,1e-12,136,380,789,0.01526702786377709,pst_nll_threshold_tuning,0.35
0.5608465608465608,0.5608465608465608,1.0,0.7186440677966102,unseen_data,SKAB,fold_5_nll_threshold_search,2026,5,5,probabilistic_suffix_tree,2,1,0.1,0.35,negative_log,1e-12,136,380,789,0.01526702786377709,pst_nll_threshold_tuning,0.35
0.5060908084163898,0.4228187919463087,0.9516616314199395,0.5855018587360595,original,SKAB,fold_5_nll_threshold_search,7,5,5,probabilistic_suffix_tree,2,1,0.1,0.35,negative_log,1e-12,136,380,789,0.01526702786377709,pst_nll_threshold_tuning,0.35
0.4994462901439646,0.4204993429697766,0.9667673716012085,0.5860805860805861,gaussian_noise,SKAB,fold_5_nll_threshold_search,7,5,5,probabilistic_suffix_tree,2,1,0.1,0.35,negative_log,1e-12,136,380,789,0.01526702786377709,pst_nll_threshold_tuning,0.35
0.5608465608465608,0.5608465608465608,1.0,0.7186440677966102,unseen_data,SKAB,fold_5_nll_threshold_search,7,5,5,probabilistic_suffix_tree,2,1,0.1,0.35,negative_log,1e-12,136,380,789,0.01526702786377709,pst_nll_threshold_tuning,0.35
0.5060908084163898,0.4228187919463087,0.9516616314199395,0.5855018587360595,original,SKAB,fold_5_nll_threshold_search,999,5,5,probabilistic_suffix_tree,2,1,0.1,0.35,negative_log,1e-12,136,380,789,0.01526702786377709,pst_nll_threshold_tuning,0.35
0.4894795127353267,0.41492146596858637,0.9577039274924471,0.5789954337899543,gaussian_noise,SKAB,fold_5_nll_threshold_search,999,5,5,probabilistic_suffix_tree,2,1,0.1,0.35,negative_log,1e-12,136,380,789,0.01526702786377709,pst_nll_threshold_tuning,0.35
0.5608465608465608,0.5608465608465608,1.0,0.7186440677966102,unseen_data,SKAB,fold_5_nll_threshold_search,999,5,5,probabilistic_suffix_tree,2,1,0.1,0.35,negative_log,1e-12,136,380,789,0.01526702786377709,pst_nll_threshold_tuning,0.35
0.7235228539576366,0.6210191082802548,0.6018518518518519,0.6112852664576802,original,SKAB,fold_1_nll_threshold_search,42,5,5,probabilistic_suffix_tree,2,1,0.1,0.5,negative_log,1e-12,170,469,948,0.01189012918600276,pst_nll_threshold_tuning,0.5
0.7045707915273133,0.5942492012779552,0.5740740740740741,0.5839874411302983,gaussian_noise,SKAB,fold_1_nll_threshold_search,42,5,5,probabilistic_suffix_tree,2,1,0.1,0.5,negative_log,1e-12,170,469,948,0.01189012918600276,pst_nll_threshold_tuning,0.5
0.0,0.0,0.0,0.0,unseen_data,SKAB,fold_1_nll_threshold_search,42,5,5,probabilistic_suffix_tree,2,1,0.1,0.5,negative_log,1e-12,170,469,948,0.01189012918600276,pst_nll_threshold_tuning,0.5
0.7235228539576366,0.6210191082802548,0.6018518518518519,0.6112852664576802,original,SKAB,fold_1_nll_threshold_search,123,5,5,probabilistic_suffix_tree,2,1,0.1,0.5,negative_log,1e-12,170,469,948,0.01189012918600276,pst_nll_threshold_tuning,0.5
0.7357859531772575,0.6445182724252492,0.5987654320987654,0.6208,gaussian_noise,SKAB,fold_1_nll_threshold_search,123,5,5,probabilistic_suffix_tree,2,1,0.1,0.5,negative_log,1e-12,170,469,948,0.01189012918600276,pst_nll_threshold_tuning,0.5
0.0,0.0,0.0,0.0,unseen_data,SKAB,fold_1_nll_threshold_search,123,5,5,probabilistic_suffix_tree,2,1,0.1,0.5,negative_log,1e-12,170,469,948,0.01189012918600276,pst_nll_threshold_tuning,0.5
0.7235228539576366,0.6210191082802548,0.6018518518518519,0.6112852664576802,original,SKAB,fold_1_nll_threshold_search,2026,5,5,probabilistic_suffix_tree,2,1,0.1,0.5,negative_log,1e-12,170,469,948,0.01189012918600276,pst_nll_threshold_tuning,0.5
0.7101449275362319,0.6073825503355704,0.558641975308642,0.5819935691318328,gaussian_noise,SKAB,fold_1_nll_threshold_search,2026,5,5,probabilistic_suffix_tree,2,1,0.1,0.5,negative_log,1e-12,170,469,948,0.01189012918600276,pst_nll_threshold_tuning,0.5
0.0,0.0,0.0,0.0,unseen_data,SKAB,fold_1_nll_threshold_search,2026,5,5,probabilistic_suffix_tree,2,1,0.1,0.5,negative_log,1e-12,170,469,948,0.01189012918600276,pst_nll_threshold_tuning,0.5
0.7235228539576366,0.6210191082802548,0.6018518518518519,0.6112852664576802,original,SKAB,fold_1_nll_threshold_search,7,5,5,probabilistic_suffix_tree,2,1,0.1,0.5,negative_log,1e-12,170,469,948,0.01189012918600276,pst_nll_threshold_tuning,0.5
0.7112597547380156,0.6031746031746031,0.5864197530864198,0.594679186228482,gaussian_noise,SKAB,fold_1_nll_threshold_search,7,5,5,probabilistic_suffix_tree,2,1,0.1,0.5,negative_log,1e-12,170,469,948,0.01189012918600276,pst_nll_threshold_tuning,0.5
0.0,0.0,0.0,0.0,unseen_data,SKAB,fold_1_nll_threshold_search,7,5,5,probabilistic_suffix_tree,2,1,0.1,0.5,negative_log,1e-12,170,469,948,0.01189012918600276,pst_nll_threshold_tuning,0.5
0.7235228539576366,0.6210191082802548,0.6018518518518519,0.6112852664576802,original,SKAB,fold_1_nll_threshold_search,999,5,5,probabilistic_suffix_tree,2,1,0.1,0.5,negative_log,1e-12,170,469,948,0.01189012918600276,pst_nll_threshold_tuning,0.5
0.725752508361204,0.6211180124223602,0.6172839506172839,0.6191950464396285,gaussian_noise,SKAB,fold_1_nll_threshold_search,999,5,5,probabilistic_suffix_tree,2,1,0.1,0.5,negative_log,1e-12,170,469,948,0.01189012918600276,pst_nll_threshold_tuning,0.5
0.0,0.0,0.0,0.0,unseen_data,SKAB,fold_1_nll_threshold_search,999,5,5,probabilistic_suffix_tree,2,1,0.1,0.5,negative_log,1e-12,170,469,948,0.01189012918600276,pst_nll_threshold_tuning,0.5
0.555431131019037,0.4099526066350711,0.5389408099688473,0.46567967698519513,original,SKAB,fold_2_nll_threshold_search,42,5,5,probabilistic_suffix_tree,2,1,0.1,0.5,negative_log,1e-12,155,436,906,0.013406333234684818,pst_nll_threshold_tuning,0.5
0.5778275475923852,0.43548387096774194,0.5887850467289719,0.5006622516556292,gaussian_noise,SKAB,fold_2_nll_threshold_search,42,5,5,probabilistic_suffix_tree,2,1,0.1,0.5,negative_log,1e-12,155,436,906,0.013406333234684818,pst_nll_threshold_tuning,0.5
0.0,0.0,0.0,0.0,unseen_data,SKAB,fold_2_nll_threshold_search,42,5,5,probabilistic_suffix_tree,2,1,0.1,0.5,negative_log,1e-12,155,436,906,0.013406333234684818,pst_nll_threshold_tuning,0.5
0.555431131019037,0.4099526066350711,0.5389408099688473,0.46567967698519513,original,SKAB,fold_2_nll_threshold_search,123,5,5,probabilistic_suffix_tree,2,1,0.1,0.5,negative_log,1e-12,155,436,906,0.013406333234684818,pst_nll_threshold_tuning,0.5
0.5823068309070548,0.4362745098039216,0.5545171339563862,0.4883401920438957,gaussian_noise,SKAB,fold_2_nll_threshold_search,123,5,5,probabilistic_suffix_tree,2,1,0.1,0.5,negative_log,1e-12,155,436,906,0.013406333234684818,pst_nll_threshold_tuning,0.5
0.0,0.0,0.0,0.0,unseen_data,SKAB,fold_2_nll_threshold_search,123,5,5,probabilistic_suffix_tree,2,1,0.1,0.5,negative_log,1e-12,155,436,906,0.013406333234684818,pst_nll_threshold_tuning,0.5
0.555431131019037,0.4099526066350711,0.5389408099688473,0.46567967698519513,original,SKAB,fold_2_nll_threshold_search,2026,5,5,probabilistic_suffix_tree,2,1,0.1,0.5,negative_log,1e-12,155,436,906,0.013406333234684818,pst_nll_threshold_tuning,0.5
0.5576707726763718,0.41148325358851673,0.5358255451713395,0.4654939106901218,gaussian_noise,SKAB,fold_2_nll_threshold_search,2026,5,5,probabilistic_suffix_tree,2,1,0.1,0.5,negative_log,1e-12,155,436,906,0.013406333234684818,pst_nll_threshold_tuning,0.5
0.0,0.0,0.0,0.0,unseen_data,SKAB,fold_2_nll_threshold_search,2026,5,5,probabilistic_suffix_tree,2,1,0.1,0.5,negative_log,1e-12,155,436,906,0.013406333234684818,pst_nll_threshold_tuning,0.5
0.555431131019037,0.4099526066350711,0.5389408099688473,0.46567967698519513,original,SKAB,fold_2_nll_threshold_search,7,5,5,probabilistic_suffix_tree,2,1,0.1,0.5,negative_log,1e-12,155,436,906,0.013406333234684818,pst_nll_threshold_tuning,0.5
0.5509518477043673,0.4090909090909091,0.5607476635514018,0.4730617608409987,gaussian_noise,SKAB,fold_2_nll_threshold_search,7,5,5,probabilistic_suffix_tree,2,1,0.1,0.5,negative_log,1e-12,155,436,906,0.013406333234684818,pst_nll_threshold_tuning,0.5
0.0,0.0,0.0,0.0,unseen_data,SKAB,fold_2_nll_threshold_search,7,5,5,probabilistic_suffix_tree,2,1,0.1,0.5,negative_log,1e-12,155,436,906,0.013406333234684818,pst_nll_threshold_tuning,0.5
0.555431131019037,0.4099526066350711,0.5389408099688473,0.46567967698519513,original,SKAB,fold_2_nll_threshold_search,999,5,5,probabilistic_suffix_tree,2,1,0.1,0.5,negative_log,1e-12,155,436,906,0.013406333234684818,pst_nll_threshold_tuning,0.5
0.5699888017917133,0.42725173210161665,0.5763239875389408,0.4907161803713528,gaussian_noise,SKAB,fold_2_nll_threshold_search,999,5,5,probabilistic_suffix_tree,2,1,0.1,0.5,negative_log,1e-12,155,436,906,0.013406333234684818,pst_nll_threshold_tuning,0.5
0.0,0.0,0.0,0.0,unseen_data,SKAB,fold_2_nll_threshold_search,999,5,5,probabilistic_suffix_tree,2,1,0.1,0.5,negative_log,1e-12,155,436,906,0.013406333234684818,pst_nll_threshold_tuning,0.5
0.5083986562150056,0.38715953307393,0.6160990712074303,0.4755077658303465,original,SKAB,fold_3_nll_threshold_search,42,5,5,probabilistic_suffix_tree,2,1,0.1,0.5,negative_log,1e-12,153,429,880,0.013407072230601643,pst_nll_threshold_tuning,0.5
0.5027995520716685,0.38519924098671726,0.628482972136223,0.4776470588235294,gaussian_noise,SKAB,fold_3_nll_threshold_search,42,5,5,probabilistic_suffix_tree,2,1,0.1,0.5,negative_log,1e-12,153,429,880,0.013407072230601643,pst_nll_threshold_tuning,0.5
0.2641509433962264,0.2641509433962264,1.0,0.417910447761194,unseen_data,SKAB,fold_3_nll_threshold_search,42,5,5,probabilistic_suffix_tree,2,1,0.1,0.5,negative_log,1e-12,153,429,880,0.013407072230601643,pst_nll_threshold_tuning,0.5
0.5083986562150056,0.38715953307393,0.6160990712074303,0.4755077658303465,original,SKAB,fold_3_nll_threshold_search,123,5,5,probabilistic_suffix_tree,2,1,0.1,0.5,negative_log,1e-12,153,429,880,0.013407072230601643,pst_nll_threshold_tuning,0.5
0.5139977603583427,0.391812865497076,0.6222910216718266,0.48086124401913877,gaussian_noise,SKAB,fold_3_nll_threshold_search,123,5,5,probabilistic_suffix_tree,2,1,0.1,0.5,negative_log,1e-12,153,429,880,0.013407072230601643,pst_nll_threshold_tuning,0.5
0.2641509433962264,0.2641509433962264,1.0,0.417910447761194,unseen_data,SKAB,fold_3_nll_threshold_search,123,5,5,probabilistic_suffix_tree,2,1,0.1,0.5,negative_log,1e-12,153,429,880,0.013407072230601643,pst_nll_threshold_tuning,0.5
0.5083986562150056,0.38715953307393,0.6160990712074303,0.4755077658303465,original,SKAB,fold_3_nll_threshold_search,2026,5,5,probabilistic_suffix_tree,2,1,0.1,0.5,negative_log,1e-12,153,429,880,0.013407072230601643,pst_nll_threshold_tuning,0.5
0.5027995520716685,0.3816046966731898,0.6037151702786377,0.4676258992805755,gaussian_noise,SKAB,fold_3_nll_threshold_search,2026,5,5,probabilistic_suffix_tree,2,1,0.1,0.5,negative_log,1e-12,153,429,880,0.013407072230601643,pst_nll_threshold_tuning,0.5
0.2641509433962264,0.2641509433962264,1.0,0.417910447761194,unseen_data,SKAB,fold_3_nll_threshold_search,2026,5,5,probabilistic_suffix_tree,2,1,0.1,0.5,negative_log,1e-12,153,429,880,0.013407072230601643,pst_nll_threshold_tuning,0.5
0.5083986562150056,0.38715953307393,0.6160990712074303,0.4755077658303465,original,SKAB,fold_3_nll_threshold_search,7,5,5,probabilistic_suffix_tree,2,1,0.1,0.5,negative_log,1e-12,153,429,880,0.013407072230601643,pst_nll_threshold_tuning,0.5
0.5162374020156775,0.394990366088632,0.6346749226006192,0.48693586698337293,gaussian_noise,SKAB,fold_3_nll_threshold_search,7,5,5,probabilistic_suffix_tree,2,1,0.1,0.5,negative_log,1e-12,153,429,880,0.013407072230601643,pst_nll_threshold_tuning,0.5
0.2641509433962264,0.2641509433962264,1.0,0.417910447761194,unseen_data,SKAB,fold_3_nll_threshold_search,7,5,5,probabilistic_suffix_tree,2,1,0.1,0.5,negative_log,1e-12,153,429,880,0.013407072230601643,pst_nll_threshold_tuning,0.5
0.5083986562150056,0.38715953307393,0.6160990712074303,0.4755077658303465,original,SKAB,fold_3_nll_threshold_search,999,5,5,probabilistic_suffix_tree,2,1,0.1,0.5,negative_log,1e-12,153,429,880,0.013407072230601643,pst_nll_threshold_tuning,0.5
0.5061590145576708,0.3815261044176707,0.5882352941176471,0.4628501827040195,gaussian_noise,SKAB,fold_3_nll_threshold_search,999,5,5,probabilistic_suffix_tree,2,1,0.1,0.5,negative_log,1e-12,153,429,880,0.013407072230601643,pst_nll_threshold_tuning,0.5
0.2641509433962264,0.2641509433962264,1.0,0.417910447761194,unseen_data,SKAB,fold_3_nll_threshold_search,999,5,5,probabilistic_suffix_tree,2,1,0.1,0.5,negative_log,1e-12,153,429,880,0.013407072230601643,pst_nll_threshold_tuning,0.5
0.4370034052213394,0.2975929978118162,0.43729903536977494,0.3541666666666667,original,SKAB,fold_4_nll_threshold_search,42,5,5,probabilistic_suffix_tree,2,1,0.1,0.5,negative_log,1e-12,161,441,894,0.01259137195250771,pst_nll_threshold_tuning,0.5
0.4370034052213394,0.3044397463002114,0.4630225080385852,0.3673469387755102,gaussian_noise,SKAB,fold_4_nll_threshold_search,42,5,5,probabilistic_suffix_tree,2,1,0.1,0.5,negative_log,1e-12,161,441,894,0.01259137195250771,pst_nll_threshold_tuning,0.5
0.07692307692307693,0.07692307692307693,1.0,0.14285714285714285,unseen_data,SKAB,fold_4_nll_threshold_search,42,5,5,probabilistic_suffix_tree,2,1,0.1,0.5,negative_log,1e-12,161,441,894,0.01259137195250771,pst_nll_threshold_tuning,0.5
0.4370034052213394,0.2975929978118162,0.43729903536977494,0.3541666666666667,original,SKAB,fold_4_nll_threshold_search,123,5,5,probabilistic_suffix_tree,2,1,0.1,0.5,negative_log,1e-12,161,441,894,0.01259137195250771,pst_nll_threshold_tuning,0.5
0.4177071509648127,0.28958333333333336,0.44694533762057875,0.35145385587863465,gaussian_noise,SKAB,fold_4_nll_threshold_search,123,5,5,probabilistic_suffix_tree,2,1,0.1,0.5,negative_log,1e-12,161,441,894,0.01259137195250771,pst_nll_threshold_tuning,0.5
0.07692307692307693,0.07692307692307693,1.0,0.14285714285714285,unseen_data,SKAB,fold_4_nll_threshold_search,123,5,5,probabilistic_suffix_tree,2,1,0.1,0.5,negative_log,1e-12,161,441,894,0.01259137195250771,pst_nll_threshold_tuning,0.5
0.4370034052213394,0.2975929978118162,0.43729903536977494,0.3541666666666667,original,SKAB,fold_4_nll_threshold_search,2026,5,5,probabilistic_suffix_tree,2,1,0.1,0.5,negative_log,1e-12,161,441,894,0.01259137195250771,pst_nll_threshold_tuning,0.5
0.43473325766174803,0.29540481400437635,0.4340836012861736,0.3515625,gaussian_noise,SKAB,fold_4_nll_threshold_search,2026,5,5,probabilistic_suffix_tree,2,1,0.1,0.5,negative_log,1e-12,161,441,894,0.01259137195250771,pst_nll_threshold_tuning,0.5
0.07692307692307693,0.07692307692307693,1.0,0.14285714285714285,unseen_data,SKAB,fold_4_nll_threshold_search,2026,5,5,probabilistic_suffix_tree,2,1,0.1,0.5,negative_log,1e-12,161,441,894,0.01259137195250771,pst_nll_threshold_tuning,0.5
0.4370034052213394,0.2975929978118162,0.43729903536977494,0.3541666666666667,original,SKAB,fold_4_nll_threshold_search,7,5,5,probabilistic_suffix_tree,2,1,0.1,0.5,negative_log,1e-12,161,441,894,0.01259137195250771,pst_nll_threshold_tuning,0.5
0.43246311010215666,0.28859060402684567,0.41479099678456594,0.3403693931398417,gaussian_noise,SKAB,fold_4_nll_threshold_search,7,5,5,probabilistic_suffix_tree,2,1,0.1,0.5,negative_log,1e-12,161,441,894,0.01259137195250771,pst_nll_threshold_tuning,0.5
0.07692307692307693,0.07692307692307693,1.0,0.14285714285714285,unseen_data,SKAB,fold_4_nll_threshold_search,7,5,5,probabilistic_suffix_tree,2,1,0.1,0.5,negative_log,1e-12,161,441,894,0.01259137195250771,pst_nll_threshold_tuning,0.5
0.4370034052213394,0.2975929978118162,0.43729903536977494,0.3541666666666667,original,SKAB,fold_4_nll_threshold_search,999,5,5,probabilistic_suffix_tree,2,1,0.1,0.5,negative_log,1e-12,161,441,894,0.01259137195250771,pst_nll_threshold_tuning,0.5
0.452894438138479,0.3161290322580645,0.47266881028938906,0.3788659793814433,gaussian_noise,SKAB,fold_4_nll_threshold_search,999,5,5,probabilistic_suffix_tree,2,1,0.1,0.5,negative_log,1e-12,161,441,894,0.01259137195250771,pst_nll_threshold_tuning,0.5
0.07692307692307693,0.07692307692307693,1.0,0.14285714285714285,unseen_data,SKAB,fold_4_nll_threshold_search,999,5,5,probabilistic_suffix_tree,2,1,0.1,0.5,negative_log,1e-12,161,441,894,0.01259137195250771,pst_nll_threshold_tuning,0.5
0.49612403100775193,0.41506849315068495,0.9154078549848943,0.5711592836946278,original,SKAB,fold_5_nll_threshold_search,42,5,5,probabilistic_suffix_tree,2,1,0.1,0.5,negative_log,1e-12,136,380,789,0.01526702786377709,pst_nll_threshold_tuning,0.5
0.4939091915836102,0.41440217391304346,0.9214501510574018,0.5716963448922212,gaussian_noise,SKAB,fold_5_nll_threshold_search,42,5,5,probabilistic_suffix_tree,2,1,0.1,0.5,negative_log,1e-12,136,380,789,0.01526702786377709,pst_nll_threshold_tuning,0.5
0.5608465608465608,0.5608465608465608,1.0,0.7186440677966102,unseen_data,SKAB,fold_5_nll_threshold_search,42,5,5,probabilistic_suffix_tree,2,1,0.1,0.5,negative_log,1e-12,136,380,789,0.01526702786377709,pst_nll_threshold_tuning,0.5
0.49612403100775193,0.41506849315068495,0.9154078549848943,0.5711592836946278,original,SKAB,fold_5_nll_threshold_search,123,5,5,probabilistic_suffix_tree,2,1,0.1,0.5,negative_log,1e-12,136,380,789,0.01526702786377709,pst_nll_threshold_tuning,0.5
0.48615725359911405,0.4092769440654843,0.9063444108761329,0.5639097744360902,gaussian_noise,SKAB,fold_5_nll_threshold_search,123,5,5,probabilistic_suffix_tree,2,1,0.1,0.5,negative_log,1e-12,136,380,789,0.01526702786377709,pst_nll_threshold_tuning,0.5
0.5608465608465608,0.5608465608465608,1.0,0.7186440677966102,unseen_data,SKAB,fold_5_nll_threshold_search,123,5,5,probabilistic_suffix_tree,2,1,0.1,0.5,negative_log,1e-12,136,380,789,0.01526702786377709,pst_nll_threshold_tuning,0.5
0.49612403100775193,0.41506849315068495,0.9154078549848943,0.5711592836946278,original,SKAB,fold_5_nll_threshold_search,2026,5,5,probabilistic_suffix_tree,2,1,0.1,0.5,negative_log,1e-12,136,380,789,0.01526702786377709,pst_nll_threshold_tuning,0.5
0.48726467331118495,0.4122340425531915,0.9365558912386707,0.5724838411819021,gaussian_noise,SKAB,fold_5_nll_threshold_search,2026,5,5,probabilistic_suffix_tree,2,1,0.1,0.5,negative_log,1e-12,136,380,789,0.01526702786377709,pst_nll_threshold_tuning,0.5
0.5608465608465608,0.5608465608465608,1.0,0.7186440677966102,unseen_data,SKAB,fold_5_nll_threshold_search,2026,5,5,probabilistic_suffix_tree,2,1,0.1,0.5,negative_log,1e-12,136,380,789,0.01526702786377709,pst_nll_threshold_tuning,0.5
0.49612403100775193,0.41506849315068495,0.9154078549848943,0.5711592836946278,original,SKAB,fold_5_nll_threshold_search,7,5,5,probabilistic_suffix_tree,2,1,0.1,0.5,negative_log,1e-12,136,380,789,0.01526702786377709,pst_nll_threshold_tuning,0.5
0.49169435215946844,0.4144385026737968,0.9365558912386707,0.5746061167747915,gaussian_noise,SKAB,fold_5_nll_threshold_search,7,5,5,probabilistic_suffix_tree,2,1,0.1,0.5,negative_log,1e-12,136,380,789,0.01526702786377709,pst_nll_threshold_tuning,0.5
0.5608465608465608,0.5608465608465608,1.0,0.7186440677966102,unseen_data,SKAB,fold_5_nll_threshold_search,7,5,5,probabilistic_suffix_tree,2,1,0.1,0.5,negative_log,1e-12,136,380,789,0.01526702786377709,pst_nll_threshold_tuning,0.5
0.49612403100775193,0.41506849315068495,0.9154078549848943,0.5711592836946278,original,SKAB,fold_5_nll_threshold_search,999,5,5,probabilistic_suffix_tree,2,1,0.1,0.5,negative_log,1e-12,136,380,789,0.01526702786377709,pst_nll_threshold_tuning,0.5
0.4806201550387597,0.4077540106951872,0.9214501510574018,0.5653382761816497,gaussian_noise,SKAB,fold_5_nll_threshold_search,999,5,5,probabilistic_suffix_tree,2,1,0.1,0.5,negative_log,1e-12,136,380,789,0.01526702786377709,pst_nll_threshold_tuning,0.5
0.5608465608465608,0.5608465608465608,1.0,0.7186440677966102,unseen_data,SKAB,fold_5_nll_threshold_search,999,5,5,probabilistic_suffix_tree,2,1,0.1,0.5,negative_log,1e-12,136,380,789,0.01526702786377709,pst_nll_threshold_tuning,0.5
0.7012263099219621,0.6,0.5185185185185185,0.5562913907284768,original,SKAB,fold_1_nll_threshold_search,42,5,5,probabilistic_suffix_tree,2,1,0.1,0.7,negative_log,1e-12,170,469,948,0.01189012918600276,pst_nll_threshold_tuning,0.7
0.6833890746934225,0.5714285714285714,0.49382716049382713,0.5298013245033113,gaussian_noise,SKAB,fold_1_nll_threshold_search,42,5,5,probabilistic_suffix_tree,2,1,0.1,0.7,negative_log,1e-12,170,469,948,0.01189012918600276,pst_nll_threshold_tuning,0.7
0.0,0.0,0.0,0.0,unseen_data,SKAB,fold_1_nll_threshold_search,42,5,5,probabilistic_suffix_tree,2,1,0.1,0.7,negative_log,1e-12,170,469,948,0.01189012918600276,pst_nll_threshold_tuning,0.7
0.7012263099219621,0.6,0.5185185185185185,0.5562913907284768,original,SKAB,fold_1_nll_threshold_search,123,5,5,probabilistic_suffix_tree,2,1,0.1,0.7,negative_log,1e-12,170,469,948,0.01189012918600276,pst_nll_threshold_tuning,0.7
0.7101449275362319,0.6167883211678832,0.5216049382716049,0.5652173913043478,gaussian_noise,SKAB,fold_1_nll_threshold_search,123,5,5,probabilistic_suffix_tree,2,1,0.1,0.7,negative_log,1e-12,170,469,948,0.01189012918600276,pst_nll_threshold_tuning,0.7
0.0,0.0,0.0,0.0,unseen_data,SKAB,fold_1_nll_threshold_search,123,5,5,probabilistic_suffix_tree,2,1,0.1,0.7,negative_log,1e-12,170,469,948,0.01189012918600276,pst_nll_threshold_tuning,0.7
0.7012263099219621,0.6,0.5185185185185185,0.5562913907284768,original,SKAB,fold_1_nll_threshold_search,2026,5,5,probabilistic_suffix_tree,2,1,0.1,0.7,negative_log,1e-12,170,469,948,0.01189012918600276,pst_nll_threshold_tuning,0.7
0.6889632107023411,0.5818181818181818,0.49382716049382713,0.5342237061769616,gaussian_noise,SKAB,fold_1_nll_threshold_search,2026,5,5,probabilistic_suffix_tree,2,1,0.1,0.7,negative_log,1e-12,170,469,948,0.01189012918600276,pst_nll_threshold_tuning,0.7
0.0,0.0,0.0,0.0,unseen_data,SKAB,fold_1_nll_threshold_search,2026,5,5,probabilistic_suffix_tree,2,1,0.1,0.7,negative_log,1e-12,170,469,948,0.01189012918600276,pst_nll_threshold_tuning,0.7
0.7012263099219621,0.6,0.5185185185185185,0.5562913907284768,original,SKAB,fold_1_nll_threshold_search,7,5,5,probabilistic_suffix_tree,2,1,0.1,0.7,negative_log,1e-12,170,469,948,0.01189012918600276,pst_nll_threshold_tuning,0.7
0.6833890746934225,0.5709219858156028,0.49691358024691357,0.5313531353135313,gaussian_noise,SKAB,fold_1_nll_threshold_search,7,5,5,probabilistic_suffix_tree,2,1,0.1,0.7,negative_log,1e-12,170,469,948,0.01189012918600276,pst_nll_threshold_tuning,0.7
0.0,0.0,0.0,0.0,unseen_data,SKAB,fold_1_nll_threshold_search,7,5,5,probabilistic_suffix_tree,2,1,0.1,0.7,negative_log,1e-12,170,469,948,0.01189012918600276,pst_nll_threshold_tuning,0.7
0.7012263099219621,0.6,0.5185185185185185,0.5562913907284768,original,SKAB,fold_1_nll_threshold_search,999,5,5,probabilistic_suffix_tree,2,1,0.1,0.7,negative_log,1e-12,170,469,948,0.01189012918600276,pst_nll_threshold_tuning,0.7
0.705685618729097,0.6041666666666666,0.5370370370370371,0.5686274509803921,gaussian_noise,SKAB,fold_1_nll_threshold_search,999,5,5,probabilistic_suffix_tree,2,1,0.1,0.7,negative_log,1e-12,170,469,948,0.01189012918600276,pst_nll_threshold_tuning,0.7
0.0,0.0,0.0,0.0,unseen_data,SKAB,fold_1_nll_threshold_search,999,5,5,probabilistic_suffix_tree,2,1,0.1,0.7,negative_log,1e-12,170,469,948,0.01189012918600276,pst_nll_threshold_tuning,0.7
0.5778275475923852,0.42178770949720673,0.470404984423676,0.44477172312223856,original,SKAB,fold_2_nll_threshold_search,42,5,5,probabilistic_suffix_tree,2,1,0.1,0.7,negative_log,1e-12,155,436,906,0.013406333234684818,pst_nll_threshold_tuning,0.7
0.5845464725643897,0.43131868131868134,0.48909657320872274,0.4583941605839416,gaussian_noise,SKAB,fold_2_nll_threshold_search,42,5,5,probabilistic_suffix_tree,2,1,0.1,0.7,negative_log,1e-12,155,436,906,0.013406333234684818,pst_nll_threshold_tuning,0.7
0.0,0.0,0.0,0.0,unseen_data,SKAB,fold_2_nll_threshold_search,42,5,5,probabilistic_suffix_tree,2,1,0.1,0.7,negative_log,1e-12,155,436,906,0.013406333234684818,pst_nll_threshold_tuning,0.7
0.5778275475923852,0.42178770949720673,0.470404984423676,0.44477172312223856,original,SKAB,fold_2_nll_threshold_search,123,5,5,probabilistic_suffix_tree,2,1,0.1,0.7,negative_log,1e-12,155,436,906,0.013406333234684818,pst_nll_threshold_tuning,0.7
0.6047032474804032,0.45375722543352603,0.48909657320872274,0.4707646176911544,gaussian_noise,SKAB,fold_2_nll_threshold_search,123,5,5,probabilistic_suffix_tree,2,1,0.1,0.7,negative_log,1e-12,155,436,906,0.013406333234684818,pst_nll_threshold_tuning,0.7
0.0,0.0,0.0,0.0,unseen_data,SKAB,fold_2_nll_threshold_search,123,5,5,probabilistic_suffix_tree,2,1,0.1,0.7,negative_log,1e-12,155,436,906,0.013406333234684818,pst_nll_threshold_tuning,0.7
0.5778275475923852,0.42178770949720673,0.470404984423676,0.44477172312223856,original,SKAB,fold_2_nll_threshold_search,2026,5,5,probabilistic_suffix_tree,2,1,0.1,0.7,negative_log,1e-12,155,436,906,0.013406333234684818,pst_nll_threshold_tuning,0.7
0.5789473684210527,0.4198250728862974,0.4485981308411215,0.43373493975903615,gaussian_noise,SKAB,fold_2_nll_threshold_search,2026,5,5,probabilistic_suffix_tree,2,1,0.1,0.7,negative_log,1e-12,155,436,906,0.013406333234684818,pst_nll_threshold_tuning,0.7
0.0,0.0,0.0,0.0,unseen_data,SKAB,fold_2_nll_threshold_search,2026,5,5,probabilistic_suffix_tree,2,1,0.1,0.7,negative_log,1e-12,155,436,906,0.013406333234684818,pst_nll_threshold_tuning,0.7
0.5778275475923852,0.42178770949720673,0.470404984423676,0.44477172312223856,original,SKAB,fold_2_nll_threshold_search,7,5,5,probabilistic_suffix_tree,2,1,0.1,0.7,negative_log,1e-12,155,436,906,0.013406333234684818,pst_nll_threshold_tuning,0.7
0.5621500559910414,0.40789473684210525,0.48286604361370716,0.442225392296719,gaussian_noise,SKAB,fold_2_nll_threshold_search,7,5,5,probabilistic_suffix_tree,2,1,0.1,0.7,negative_log,1e-12,155,436,906,0.013406333234684818,pst_nll_threshold_tuning,0.7
0.0,0.0,0.0,0.0,unseen_data,SKAB,fold_2_nll_threshold_search,7,5,5,probabilistic_suffix_tree,2,1,0.1,0.7,negative_log,1e-12,155,436,906,0.013406333234684818,pst_nll_threshold_tuning,0.7
0.5778275475923852,0.42178770949720673,0.470404984423676,0.44477172312223856,original,SKAB,fold_2_nll_threshold_search,999,5,5,probabilistic_suffix_tree,2,1,0.1,0.7,negative_log,1e-12,155,436,906,0.013406333234684818,pst_nll_threshold_tuning,0.7
0.5856662933930571,0.4339622641509434,0.5015576323987538,0.4653179190751445,gaussian_noise,SKAB,fold_2_nll_threshold_search,999,5,5,probabilistic_suffix_tree,2,1,0.1,0.7,negative_log,1e-12,155,436,906,0.013406333234684818,pst_nll_threshold_tuning,0.7
0.0,0.0,0.0,0.0,unseen_data,SKAB,fold_2_nll_threshold_search,999,5,5,probabilistic_suffix_tree,2,1,0.1,0.7,negative_log,1e-12,155,436,906,0.013406333234684818,pst_nll_threshold_tuning,0.7
0.503919372900336,0.3672566371681416,0.5139318885448917,0.42838709677419357,original,SKAB,fold_3_nll_threshold_search,42,5,5,probabilistic_suffix_tree,2,1,0.1,0.7,negative_log,1e-12,153,429,880,0.013407072230601643,pst_nll_threshold_tuning,0.7
0.49720044792833146,0.3659574468085106,0.5325077399380805,0.4337957124842371,gaussian_noise,SKAB,fold_3_nll_threshold_search,42,5,5,probabilistic_suffix_tree,2,1,0.1,0.7,negative_log,1e-12,153,429,880,0.013407072230601643,pst_nll_threshold_tuning,0.7
0.24528301886792453,0.25,0.9285714285714286,0.3939393939393939,unseen_data,SKAB,fold_3_nll_threshold_search,42,5,5,probabilistic_suffix_tree,2,1,0.1,0.7,negative_log,1e-12,153,429,880,0.013407072230601643,pst_nll_threshold_tuning,0.7
0.503919372900336,0.3672566371681416,0.5139318885448917,0.42838709677419357,original,SKAB,fold_3_nll_threshold_search,123,5,5,probabilistic_suffix_tree,2,1,0.1,0.7,negative_log,1e-12,153,429,880,0.013407072230601643,pst_nll_threshold_tuning,0.7
0.5083986562150056,0.3722466960352423,0.5232198142414861,0.435006435006435,gaussian_noise,SKAB,fold_3_nll_threshold_search,123,5,5,probabilistic_suffix_tree,2,1,0.1,0.7,negative_log,1e-12,153,429,880,0.013407072230601643,pst_nll_threshold_tuning,0.7
0.24528301886792453,0.25,0.9285714285714286,0.3939393939393939,unseen_data,SKAB,fold_3_nll_threshold_search,123,5,5,probabilistic_suffix_tree,2,1,0.1,0.7,negative_log,1e-12,153,429,880,0.013407072230601643,pst_nll_threshold_tuning,0.7
0.503919372900336,0.3672566371681416,0.5139318885448917,0.42838709677419357,original,SKAB,fold_3_nll_threshold_search,2026,5,5,probabilistic_suffix_tree,2,1,0.1,0.7,negative_log,1e-12,153,429,880,0.013407072230601643,pst_nll_threshold_tuning,0.7
0.49720044792833146,0.3581081081081081,0.49226006191950467,0.41460234680573665,gaussian_noise,SKAB,fold_3_nll_threshold_search,2026,5,5,probabilistic_suffix_tree,2,1,0.1,0.7,negative_log,1e-12,153,429,880,0.013407072230601643,pst_nll_threshold_tuning,0.7
0.24528301886792453,0.25,0.9285714285714286,0.3939393939393939,unseen_data,SKAB,fold_3_nll_threshold_search,2026,5,5,probabilistic_suffix_tree,2,1,0.1,0.7,negative_log,1e-12,153,429,880,0.013407072230601643,pst_nll_threshold_tuning,0.7
0.503919372900336,0.3672566371681416,0.5139318885448917,0.42838709677419357,original,SKAB,fold_3_nll_threshold_search,7,5,5,probabilistic_suffix_tree,2,1,0.1,0.7,negative_log,1e-12,153,429,880,0.013407072230601643,pst_nll_threshold_tuning,0.7
0.5050391937290034,0.37259100642398285,0.5386996904024768,0.44050632911392407,gaussian_noise,SKAB,fold_3_nll_threshold_search,7,5,5,probabilistic_suffix_tree,2,1,0.1,0.7,negative_log,1e-12,153,429,880,0.013407072230601643,pst_nll_threshold_tuning,0.7
0.24528301886792453,0.25,0.9285714285714286,0.3939393939393939,unseen_data,SKAB,fold_3_nll_threshold_search,7,5,5,probabilistic_suffix_tree,2,1,0.1,0.7,negative_log,1e-12,153,429,880,0.013407072230601643,pst_nll_threshold_tuning,0.7
0.503919372900336,0.3672566371681416,0.5139318885448917,0.42838709677419357,original,SKAB,fold_3_nll_threshold_search,999,5,5,probabilistic_suffix_tree,2,1,0.1,0.7,negative_log,1e-12,153,429,880,0.013407072230601643,pst_nll_threshold_tuning,0.7
0.5072788353863382,0.37028824833702884,0.5170278637770898,0.4315245478036176,gaussian_noise,SKAB,fold_3_nll_threshold_search,999,5,5,probabilistic_suffix_tree,2,1,0.1,0.7,negative_log,1e-12,153,429,880,0.013407072230601643,pst_nll_threshold_tuning,0.7
0.24528301886792453,0.25,0.9285714285714286,0.3939393939393939,unseen_data,SKAB,fold_3_nll_threshold_search,999,5,5,probabilistic_suffix_tree,2,1,0.1,0.7,negative_log,1e-12,153,429,880,0.013407072230601643,pst_nll_threshold_tuning,0.7
0.44948921679909193,0.2938388625592417,0.3987138263665595,0.3383356070941337,original,SKAB,fold_4_nll_threshold_search,42,5,5,probabilistic_suffix_tree,2,1,0.1,0.7,negative_log,1e-12,161,441,894,0.01259137195250771,pst_nll_threshold_tuning,0.7
0.4449489216799092,0.2890995260663507,0.39228295819935693,0.3328785811732606,gaussian_noise,SKAB,fold_4_nll_threshold_search,42,5,5,probabilistic_suffix_tree,2,1,0.1,0.7,negative_log,1e-12,161,441,894,0.01259137195250771,pst_nll_threshold_tuning,0.7
0.10256410256410256,0.07894736842105263,1.0,0.14634146341463414,unseen_data,SKAB,fold_4_nll_threshold_search,42,5,5,probabilistic_suffix_tree,2,1,0.1,0.7,negative_log,1e-12,161,441,894,0.01259137195250771,pst_nll_threshold_tuning,0.7
0.44948921679909193,0.2938388625592417,0.3987138263665595,0.3383356070941337,original,SKAB,fold_4_nll_threshold_search,123,5,5,probabilistic_suffix_tree,2,1,0.1,0.7,negative_log,1e-12,161,441,894,0.01259137195250771,pst_nll_threshold_tuning,0.7
0.42224744608399545,0.27293577981651373,0.38263665594855306,0.31860776439089694,gaussian_noise,SKAB,fold_4_nll_threshold_search,123,5,5,probabilistic_suffix_tree,2,1,0.1,0.7,negative_log,1e-12,161,441,894,0.01259137195250771,pst_nll_threshold_tuning,0.7
0.10256410256410256,0.07894736842105263,1.0,0.14634146341463414,unseen_data,SKAB,fold_4_nll_threshold_search,123,5,5,probabilistic_suffix_tree,2,1,0.1,0.7,negative_log,1e-12,161,441,894,0.01259137195250771,pst_nll_threshold_tuning,0.7
0.44948921679909193,0.2938388625592417,0.3987138263665595,0.3383356070941337,original,SKAB,fold_4_nll_threshold_search,2026,5,5,probabilistic_suffix_tree,2,1,0.1,0.7,negative_log,1e-12,161,441,894,0.01259137195250771,pst_nll_threshold_tuning,0.7
0.43813847900113506,0.27884615384615385,0.3729903536977492,0.31911966987620355,gaussian_noise,SKAB,fold_4_nll_threshold_search,2026,5,5,probabilistic_suffix_tree,2,1,0.1,0.7,negative_log,1e-12,161,441,894,0.01259137195250771,pst_nll_threshold_tuning,0.7
0.10256410256410256,0.07894736842105263,1.0,0.14634146341463414,unseen_data,SKAB,fold_4_nll_threshold_search,2026,5,5,probabilistic_suffix_tree,2,1,0.1,0.7,negative_log,1e-12,161,441,894,0.01259137195250771,pst_nll_threshold_tuning,0.7
0.44948921679909193,0.2938388625592417,0.3987138263665595,0.3383356070941337,original,SKAB,fold_4_nll_threshold_search,7,5,5,probabilistic_suffix_tree,2,1,0.1,0.7,negative_log,1e-12,161,441,894,0.01259137195250771,pst_nll_threshold_tuning,0.7
0.4370034052213394,0.27817745803357313,0.3729903536977492,0.31868131868131866,gaussian_noise,SKAB,fold_4_nll_threshold_search,7,5,5,probabilistic_suffix_tree,2,1,0.1,0.7,negative_log,1e-12,161,441,894,0.01259137195250771,pst_nll_threshold_tuning,0.7
0.10256410256410256,0.07894736842105263,1.0,0.14634146341463414,unseen_data,SKAB,fold_4_nll_threshold_search,7,5,5,probabilistic_suffix_tree,2,1,0.1,0.7,negative_log,1e-12,161,441,894,0.01259137195250771,pst_nll_threshold_tuning,0.7
0.44948921679909193,0.2938388625592417,0.3987138263665595,0.3383356070941337,original,SKAB,fold_4_nll_threshold_search,999,5,5,probabilistic_suffix_tree,2,1,0.1,0.7,negative_log,1e-12,161,441,894,0.01259137195250771,pst_nll_threshold_tuning,0.7
0.44948921679909193,0.29577464788732394,0.40514469453376206,0.3419267299864315,gaussian_noise,SKAB,fold_4_nll_threshold_search,999,5,5,probabilistic_suffix_tree,2,1,0.1,0.7,negative_log,1e-12,161,441,894,0.01259137195250771,pst_nll_threshold_tuning,0.7
0.10256410256410256,0.07894736842105263,1.0,0.14634146341463414,unseen_data,SKAB,fold_4_nll_threshold_search,999,5,5,probabilistic_suffix_tree,2,1,0.1,0.7,negative_log,1e-12,161,441,894,0.01259137195250771,pst_nll_threshold_tuning,0.7
0.5027685492801772,0.4175977653631285,0.9033232628398792,0.5711556829035339,original,SKAB,fold_5_nll_threshold_search,42,5,5,probabilistic_suffix_tree,2,1,0.1,0.7,negative_log,1e-12,136,380,789,0.01526702786377709,pst_nll_threshold_tuning,0.7
0.4994462901439646,0.41632088520055327,0.9093655589123867,0.571157495256167,gaussian_noise,SKAB,fold_5_nll_threshold_search,42,5,5,probabilistic_suffix_tree,2,1,0.1,0.7,negative_log,1e-12,136,380,789,0.01526702786377709,pst_nll_threshold_tuning,0.7
0.5608465608465608,0.5608465608465608,1.0,0.7186440677966102,unseen_data,SKAB,fold_5_nll_threshold_search,42,5,5,probabilistic_suffix_tree,2,1,0.1,0.7,negative_log,1e-12,136,380,789,0.01526702786377709,pst_nll_threshold_tuning,0.7
0.5027685492801772,0.4175977653631285,0.9033232628398792,0.5711556829035339,original,SKAB,fold_5_nll_threshold_search,123,5,5,probabilistic_suffix_tree,2,1,0.1,0.7,negative_log,1e-12,136,380,789,0.01526702786377709,pst_nll_threshold_tuning,0.7
0.49058693244739754,0.4100418410041841,0.8882175226586103,0.5610687022900763,gaussian_noise,SKAB,fold_5_nll_threshold_search,123,5,5,probabilistic_suffix_tree,2,1,0.1,0.7,negative_log,1e-12,136,380,789,0.01526702786377709,pst_nll_threshold_tuning,0.7
0.5608465608465608,0.5608465608465608,1.0,0.7186440677966102,unseen_data,SKAB,fold_5_nll_threshold_search,123,5,5,probabilistic_suffix_tree,2,1,0.1,0.7,negative_log,1e-12,136,380,789,0.01526702786377709,pst_nll_threshold_tuning,0.7
0.5027685492801772,0.4175977653631285,0.9033232628398792,0.5711556829035339,original,SKAB,fold_5_nll_threshold_search,2026,5,5,probabilistic_suffix_tree,2,1,0.1,0.7,negative_log,1e-12,136,380,789,0.01526702786377709,pst_nll_threshold_tuning,0.7
0.4939091915836102,0.4146341463414634,0.9244712990936556,0.5724976613657624,gaussian_noise,SKAB,fold_5_nll_threshold_search,2026,5,5,probabilistic_suffix_tree,2,1,0.1,0.7,negative_log,1e-12,136,380,789,0.01526702786377709,pst_nll_threshold_tuning,0.7
0.5608465608465608,0.5608465608465608,1.0,0.7186440677966102,unseen_data,SKAB,fold_5_nll_threshold_search,2026,5,5,probabilistic_suffix_tree,2,1,0.1,0.7,negative_log,1e-12,136,380,789,0.01526702786377709,pst_nll_threshold_tuning,0.7
0.5027685492801772,0.4175977653631285,0.9033232628398792,0.5711556829035339,original,SKAB,fold_5_nll_threshold_search,7,5,5,probabilistic_suffix_tree,2,1,0.1,0.7,negative_log,1e-12,136,380,789,0.01526702786377709,pst_nll_threshold_tuning,0.7
0.4950166112956811,0.4147339699863574,0.918429003021148,0.5714285714285714,gaussian_noise,SKAB,fold_5_nll_threshold_search,7,5,5,probabilistic_suffix_tree,2,1,0.1,0.7,negative_log,1e-12,136,380,789,0.01526702786377709,pst_nll_threshold_tuning,0.7
0.5608465608465608,0.5608465608465608,1.0,0.7186440677966102,unseen_data,SKAB,fold_5_nll_threshold_search,7,5,5,probabilistic_suffix_tree,2,1,0.1,0.7,negative_log,1e-12,136,380,789,0.01526702786377709,pst_nll_threshold_tuning,0.7
0.5027685492801772,0.4175977653631285,0.9033232628398792,0.5711556829035339,original,SKAB,fold_5_nll_threshold_search,999,5,5,probabilistic_suffix_tree,2,1,0.1,0.7,negative_log,1e-12,136,380,789,0.01526702786377709,pst_nll_threshold_tuning,0.7
0.48726467331118495,0.4100817438692098,0.9093655589123867,0.5652582159624413,gaussian_noise,SKAB,fold_5_nll_threshold_search,999,5,5,probabilistic_suffix_tree,2,1,0.1,0.7,negative_log,1e-12,136,380,789,0.01526702786377709,pst_nll_threshold_tuning,0.7
0.5608465608465608,0.5608465608465608,1.0,0.7186440677966102,unseen_data,SKAB,fold_5_nll_threshold_search,999,5,5,probabilistic_suffix_tree,2,1,0.1,0.7,negative_log,1e-12,136,380,789,0.01526702786377709,pst_nll_threshold_tuning,0.7
0.6588628762541806,0.5384615384615384,0.3888888888888889,0.45161290322580644,original,SKAB,fold_1_nll_threshold_search,42,5,5,probabilistic_suffix_tree,2,1,0.1,0.9,negative_log,1e-12,170,469,948,0.01189012918600276,pst_nll_threshold_tuning,0.9
0.6454849498327759,0.5128205128205128,0.37037037037037035,0.43010752688172044,gaussian_noise,SKAB,fold_1_nll_threshold_search,42,5,5,probabilistic_suffix_tree,2,1,0.1,0.9,negative_log,1e-12,170,469,948,0.01189012918600276,pst_nll_threshold_tuning,0.9
0.0,0.0,0.0,0.0,unseen_data,SKAB,fold_1_nll_threshold_search,42,5,5,probabilistic_suffix_tree,2,1,0.1,0.9,negative_log,1e-12,170,469,948,0.01189012918600276,pst_nll_threshold_tuning,0.9
0.6588628762541806,0.5384615384615384,0.3888888888888889,0.45161290322580644,original,SKAB,fold_1_nll_threshold_search,123,5,5,probabilistic_suffix_tree,2,1,0.1,0.9,negative_log,1e-12,170,469,948,0.01189012918600276,pst_nll_threshold_tuning,0.9
0.6688963210702341,0.5579399141630901,0.4012345679012346,0.466786355475763,gaussian_noise,SKAB,fold_1_nll_threshold_search,123,5,5,probabilistic_suffix_tree,2,1,0.1,0.9,negative_log,1e-12,170,469,948,0.01189012918600276,pst_nll_threshold_tuning,0.9
0.0,0.0,0.0,0.0,unseen_data,SKAB,fold_1_nll_threshold_search,123,5,5,probabilistic_suffix_tree,2,1,0.1,0.9,negative_log,1e-12,170,469,948,0.01189012918600276,pst_nll_threshold_tuning,0.9
0.6588628762541806,0.5384615384615384,0.3888888888888889,0.45161290322580644,original,SKAB,fold_1_nll_threshold_search,2026,5,5,probabilistic_suffix_tree,2,1,0.1,0.9,negative_log,1e-12,170,469,948,0.01189012918600276,pst_nll_threshold_tuning,0.9
0.6499442586399108,0.5213675213675214,0.3765432098765432,0.43727598566308246,gaussian_noise,SKAB,fold_1_nll_threshold_search,2026,5,5,probabilistic_suffix_tree,2,1,0.1,0.9,negative_log,1e-12,170,469,948,0.01189012918600276,pst_nll_threshold_tuning,0.9
0.0,0.0,0.0,0.0,unseen_data,SKAB,fold_1_nll_threshold_search,2026,5,5,probabilistic_suffix_tree,2,1,0.1,0.9,negative_log,1e-12,170,469,948,0.01189012918600276,pst_nll_threshold_tuning,0.9
0.6588628762541806,0.5384615384615384,0.3888888888888889,0.45161290322580644,original,SKAB,fold_1_nll_threshold_search,7,5,5,probabilistic_suffix_tree,2,1,0.1,0.9,negative_log,1e-12,170,469,948,0.01189012918600276,pst_nll_threshold_tuning,0.9
0.6399108138238573,0.5021834061135371,0.3549382716049383,0.4159132007233273,gaussian_noise,SKAB,fold_1_nll_threshold_search,7,5,5,probabilistic_suffix_tree,2,1,0.1,0.9,negative_log,1e-12,170,469,948,0.01189012918600276,pst_nll_threshold_tuning,0.9
0.0,0.0,0.0,0.0,unseen_data,SKAB,fold_1_nll_threshold_search,7,5,5,probabilistic_suffix_tree,2,1,0.1,0.9,negative_log,1e-12,170,469,948,0.01189012918600276,pst_nll_threshold_tuning,0.9
0.6588628762541806,0.5384615384615384,0.3888888888888889,0.45161290322580644,original,SKAB,fold_1_nll_threshold_search,999,5,5,probabilistic_suffix_tree,2,1,0.1,0.9,negative_log,1e-12,170,469,948,0.01189012918600276,pst_nll_threshold_tuning,0.9
0.6666666666666666,0.5518672199170125,0.4104938271604938,0.47079646017699117,gaussian_noise,SKAB,fold_1_nll_threshold_search,999,5,5,probabilistic_suffix_tree,2,1,0.1,0.9,negative_log,1e-12,170,469,948,0.01189012918600276,pst_nll_threshold_tuning,0.9
0.0,0.0,0.0,0.0,unseen_data,SKAB,fold_1_nll_threshold_search,999,5,5,probabilistic_suffix_tree,2,1,0.1,0.9,negative_log,1e-12,170,469,948,0.01189012918600276,pst_nll_threshold_tuning,0.9
0.5834266517357223,0.4129692832764505,0.37694704049844235,0.3941368078175896,original,SKAB,fold_2_nll_threshold_search,42,5,5,probabilistic_suffix_tree,2,1,0.1,0.9,negative_log,1e-12,155,436,906,0.013406333234684818,pst_nll_threshold_tuning,0.9
0.5845464725643897,0.4155405405405405,0.38317757009345793,0.3987034035656402,gaussian_noise,SKAB,fold_2_nll_threshold_search,42,5,5,probabilistic_suffix_tree,2,1,0.1,0.9,negative_log,1e-12,155,436,906,0.013406333234684818,pst_nll_threshold_tuning,0.9
0.0,0.0,0.0,0.0,unseen_data,SKAB,fold_2_nll_threshold_search,42,5,5,probabilistic_suffix_tree,2,1,0.1,0.9,negative_log,1e-12,155,436,906,0.013406333234684818,pst_nll_threshold_tuning,0.9
0.5834266517357223,0.4129692832764505,0.37694704049844235,0.3941368078175896,original,SKAB,fold_2_nll_threshold_search,123,5,5,probabilistic_suffix_tree,2,1,0.1,0.9,negative_log,1e-12,155,436,906,0.013406333234684818,pst_nll_threshold_tuning,0.9
0.6125419932810751,0.45614035087719296,0.40498442367601245,0.429042904290429,gaussian_noise,SKAB,fold_2_nll_threshold_search,123,5,5,probabilistic_suffix_tree,2,1,0.1,0.9,negative_log,1e-12,155,436,906,0.013406333234684818,pst_nll_threshold_tuning,0.9
0.0,0.0,0.0,0.0,unseen_data,SKAB,fold_2_nll_threshold_search,123,5,5,probabilistic_suffix_tree,2,1,0.1,0.9,negative_log,1e-12,155,436,906,0.013406333234684818,pst_nll_threshold_tuning,0.9
0.5834266517357223,0.4129692832764505,0.37694704049844235,0.3941368078175896,original,SKAB,fold_2_nll_threshold_search,2026,5,5,probabilistic_suffix_tree,2,1,0.1,0.9,negative_log,1e-12,155,436,906,0.013406333234684818,pst_nll_threshold_tuning,0.9
0.5856662933930571,0.4109090909090909,0.35202492211838005,0.37919463087248323,gaussian_noise,SKAB,fold_2_nll_threshold_search,2026,5,5,probabilistic_suffix_tree,2,1,0.1,0.9,negative_log,1e-12,155,436,906,0.013406333234684818,pst_nll_threshold_tuning,0.9
0.0,0.0,0.0,0.0,unseen_data,SKAB,fold_2_nll_threshold_search,2026,5,5,probabilistic_suffix_tree,2,1,0.1,0.9,negative_log,1e-12,155,436,906,0.013406333234684818,pst_nll_threshold_tuning,0.9
0.5834266517357223,0.4129692832764505,0.37694704049844235,0.3941368078175896,original,SKAB,fold_2_nll_threshold_search,7,5,5,probabilistic_suffix_tree,2,1,0.1,0.9,negative_log,1e-12,155,436,906,0.013406333234684818,pst_nll_threshold_tuning,0.9
0.5711086226203808,0.4025157232704403,0.3987538940809969,0.40062597809076683,gaussian_noise,SKAB,fold_2_nll_threshold_search,7,5,5,probabilistic_suffix_tree,2,1,0.1,0.9,negative_log,1e-12,155,436,906,0.013406333234684818,pst_nll_threshold_tuning,0.9
0.0,0.0,0.0,0.0,unseen_data,SKAB,fold_2_nll_threshold_search,7,5,5,probabilistic_suffix_tree,2,1,0.1,0.9,negative_log,1e-12,155,436,906,0.013406333234684818,pst_nll_threshold_tuning,0.9
0.5834266517357223,0.4129692832764505,0.37694704049844235,0.3941368078175896,original,SKAB,fold_2_nll_threshold_search,999,5,5,probabilistic_suffix_tree,2,1,0.1,0.9,negative_log,1e-12,155,436,906,0.013406333234684818,pst_nll_threshold_tuning,0.9
0.5946248600223965,0.43278688524590164,0.411214953271028,0.4217252396166134,gaussian_noise,SKAB,fold_2_nll_threshold_search,999,5,5,probabilistic_suffix_tree,2,1,0.1,0.9,negative_log,1e-12,155,436,906,0.013406333234684818,pst_nll_threshold_tuning,0.9
0.0,0.0,0.0,0.0,unseen_data,SKAB,fold_2_nll_threshold_search,999,5,5,probabilistic_suffix_tree,2,1,0.1,0.9,negative_log,1e-12,155,436,906,0.013406333234684818,pst_nll_threshold_tuning,0.9
0.48600223964165734,0.3201058201058201,0.3746130030959752,0.34522111269614836,original,SKAB,fold_3_nll_threshold_search,42,5,5,probabilistic_suffix_tree,2,1,0.1,0.9,negative_log,1e-12,153,429,880,0.013407072230601643,pst_nll_threshold_tuning,0.9
0.48600223964165734,0.32653061224489793,0.39628482972136225,0.35804195804195804,gaussian_noise,SKAB,fold_3_nll_threshold_search,42,5,5,probabilistic_suffix_tree,2,1,0.1,0.9,negative_log,1e-12,153,429,880,0.013407072230601643,pst_nll_threshold_tuning,0.9
0.22641509433962265,0.22448979591836735,0.7857142857142857,0.3492063492063492,unseen_data,SKAB,fold_3_nll_threshold_search,42,5,5,probabilistic_suffix_tree,2,1,0.1,0.9,negative_log,1e-12,153,429,880,0.013407072230601643,pst_nll_threshold_tuning,0.9
0.48600223964165734,0.3201058201058201,0.3746130030959752,0.34522111269614836,original,SKAB,fold_3_nll_threshold_search,123,5,5,probabilistic_suffix_tree,2,1,0.1,0.9,negative_log,1e-12,153,429,880,0.013407072230601643,pst_nll_threshold_tuning,0.9
0.49048152295632697,0.3290155440414508,0.3931888544891641,0.35825105782792666,gaussian_noise,SKAB,fold_3_nll_threshold_search,123,5,5,probabilistic_suffix_tree,2,1,0.1,0.9,negative_log,1e-12,153,429,880,0.013407072230601643,pst_nll_threshold_tuning,0.9
0.22641509433962265,0.22448979591836735,0.7857142857142857,0.3492063492063492,unseen_data,SKAB,fold_3_nll_threshold_search,123,5,5,probabilistic_suffix_tree,2,1,0.1,0.9,negative_log,1e-12,153,429,880,0.013407072230601643,pst_nll_threshold_tuning,0.9
0.48600223964165734,0.3201058201058201,0.3746130030959752,0.34522111269614836,original,SKAB,fold_3_nll_threshold_search,2026,5,5,probabilistic_suffix_tree,2,1,0.1,0.9,negative_log,1e-12,153,429,880,0.013407072230601643,pst_nll_threshold_tuning,0.9
0.4826427771556551,0.31466666666666665,0.3653250773993808,0.33810888252148996,gaussian_noise,SKAB,fold_3_nll_threshold_search,2026,5,5,probabilistic_suffix_tree,2,1,0.1,0.9,negative_log,1e-12,153,429,880,0.013407072230601643,pst_nll_threshold_tuning,0.9
0.22641509433962265,0.22448979591836735,0.7857142857142857,0.3492063492063492,unseen_data,SKAB,fold_3_nll_threshold_search,2026,5,5,probabilistic_suffix_tree,2,1,0.1,0.9,negative_log,1e-12,153,429,880,0.013407072230601643,pst_nll_threshold_tuning,0.9
0.48600223964165734,0.3201058201058201,0.3746130030959752,0.34522111269614836,original,SKAB,fold_3_nll_threshold_search,7,5,5,probabilistic_suffix_tree,2,1,0.1,0.9,negative_log,1e-12,153,429,880,0.013407072230601643,pst_nll_threshold_tuning,0.9
0.48936170212765956,0.3333333333333333,0.4117647058823529,0.3684210526315789,gaussian_noise,SKAB,fold_3_nll_threshold_search,7,5,5,probabilistic_suffix_tree,2,1,0.1,0.9,negative_log,1e-12,153,429,880,0.013407072230601643,pst_nll_threshold_tuning,0.9
0.22641509433962265,0.22448979591836735,0.7857142857142857,0.3492063492063492,unseen_data,SKAB,fold_3_nll_threshold_search,7,5,5,probabilistic_suffix_tree,2,1,0.1,0.9,negative_log,1e-12,153,429,880,0.013407072230601643,pst_nll_threshold_tuning,0.9
0.48600223964165734,0.3201058201058201,0.3746130030959752,0.34522111269614836,original,SKAB,fold_3_nll_threshold_search,999,5,5,probabilistic_suffix_tree,2,1,0.1,0.9,negative_log,1e-12,153,429,880,0.013407072230601643,pst_nll_threshold_tuning,0.9
0.5016797312430011,0.3394736842105263,0.3993808049535604,0.3669985775248933,gaussian_noise,SKAB,fold_3_nll_threshold_search,999,5,5,probabilistic_suffix_tree,2,1,0.1,0.9,negative_log,1e-12,153,429,880,0.013407072230601643,pst_nll_threshold_tuning,0.9
0.22641509433962265,0.22448979591836735,0.7857142857142857,0.3492063492063492,unseen_data,SKAB,fold_3_nll_threshold_search,999,5,5,probabilistic_suffix_tree,2,1,0.1,0.9,negative_log,1e-12,153,429,880,0.013407072230601643,pst_nll_threshold_tuning,0.9
0.4790011350737798,0.3,0.35691318327974275,0.32599118942731276,original,SKAB,fold_4_nll_threshold_search,42,5,5,probabilistic_suffix_tree,2,1,0.1,0.9,negative_log,1e-12,161,441,894,0.01259137195250771,pst_nll_threshold_tuning,0.9
0.4767309875141884,0.296195652173913,0.3504823151125402,0.32106038291605304,gaussian_noise,SKAB,fold_4_nll_threshold_search,42,5,5,probabilistic_suffix_tree,2,1,0.1,0.9,negative_log,1e-12,161,441,894,0.01259137195250771,pst_nll_threshold_tuning,0.9
0.1282051282051282,0.08108108108108109,1.0,0.15,unseen_data,SKAB,fold_4_nll_threshold_search,42,5,5,probabilistic_suffix_tree,2,1,0.1,0.9,negative_log,1e-12,161,441,894,0.01259137195250771,pst_nll_threshold_tuning,0.9
0.4790011350737798,0.3,0.35691318327974275,0.32599118942731276,original,SKAB,fold_4_nll_threshold_search,123,5,5,probabilistic_suffix_tree,2,1,0.1,0.9,negative_log,1e-12,161,441,894,0.01259137195250771,pst_nll_threshold_tuning,0.9
0.45970488081725314,0.2845953002610966,0.3504823151125402,0.31412103746397696,gaussian_noise,SKAB,fold_4_nll_threshold_search,123,5,5,probabilistic_suffix_tree,2,1,0.1,0.9,negative_log,1e-12,161,441,894,0.01259137195250771,pst_nll_threshold_tuning,0.9
0.1282051282051282,0.08108108108108109,1.0,0.15,unseen_data,SKAB,fold_4_nll_threshold_search,123,5,5,probabilistic_suffix_tree,2,1,0.1,0.9,negative_log,1e-12,161,441,894,0.01259137195250771,pst_nll_threshold_tuning,0.9
0.4790011350737798,0.3,0.35691318327974275,0.32599118942731276,original,SKAB,fold_4_nll_threshold_search,2026,5,5,probabilistic_suffix_tree,2,1,0.1,0.9,negative_log,1e-12,161,441,894,0.01259137195250771,pst_nll_threshold_tuning,0.9
0.46538024971623154,0.28378378378378377,0.33762057877813506,0.30837004405286345,gaussian_noise,SKAB,fold_4_nll_threshold_search,2026,5,5,probabilistic_suffix_tree,2,1,0.1,0.9,negative_log,1e-12,161,441,894,0.01259137195250771,pst_nll_threshold_tuning,0.9
0.1282051282051282,0.08108108108108109,1.0,0.15,unseen_data,SKAB,fold_4_nll_threshold_search,2026,5,5,probabilistic_suffix_tree,2,1,0.1,0.9,negative_log,1e-12,161,441,894,0.01259137195250771,pst_nll_threshold_tuning,0.9
0.4790011350737798,0.3,0.35691318327974275,0.32599118942731276,original,SKAB,fold_4_nll_threshold_search,7,5,5,probabilistic_suffix_tree,2,1,0.1,0.9,negative_log,1e-12,161,441,894,0.01259137195250771,pst_nll_threshold_tuning,0.9
0.4801362088535755,0.296398891966759,0.3440514469453376,0.31845238095238093,gaussian_noise,SKAB,fold_4_nll_threshold_search,7,5,5,probabilistic_suffix_tree,2,1,0.1,0.9,negative_log,1e-12,161,441,894,0.01259137195250771,pst_nll_threshold_tuning,0.9
0.1282051282051282,0.08108108108108109,1.0,0.15,unseen_data,SKAB,fold_4_nll_threshold_search,7,5,5,probabilistic_suffix_tree,2,1,0.1,0.9,negative_log,1e-12,161,441,894,0.01259137195250771,pst_nll_threshold_tuning,0.9
0.4790011350737798,0.3,0.35691318327974275,0.32599118942731276,original,SKAB,fold_4_nll_threshold_search,999,5,5,probabilistic_suffix_tree,2,1,0.1,0.9,negative_log,1e-12,161,441,894,0.01259137195250771,pst_nll_threshold_tuning,0.9
0.4767309875141884,0.300531914893617,0.3633440514469453,0.3289665211062591,gaussian_noise,SKAB,fold_4_nll_threshold_search,999,5,5,probabilistic_suffix_tree,2,1,0.1,0.9,negative_log,1e-12,161,441,894,0.01259137195250771,pst_nll_threshold_tuning,0.9
0.1282051282051282,0.08108108108108109,1.0,0.15,unseen_data,SKAB,fold_4_nll_threshold_search,999,5,5,probabilistic_suffix_tree,2,1,0.1,0.9,negative_log,1e-12,161,441,894,0.01259137195250771,pst_nll_threshold_tuning,0.9
0.5171650055370985,0.422680412371134,0.8670694864048338,0.5683168316831683,original,SKAB,fold_5_nll_threshold_search,42,5,5,probabilistic_suffix_tree,2,1,0.1,0.9,negative_log,1e-12,136,380,789,0.01526702786377709,pst_nll_threshold_tuning,0.9
0.5116279069767442,0.4195906432748538,0.8670694864048338,0.5655172413793104,gaussian_noise,SKAB,fold_5_nll_threshold_search,42,5,5,probabilistic_suffix_tree,2,1,0.1,0.9,negative_log,1e-12,136,380,789,0.01526702786377709,pst_nll_threshold_tuning,0.9
0.5555555555555556,0.5585106382978723,0.9905660377358491,0.7142857142857143,unseen_data,SKAB,fold_5_nll_threshold_search,42,5,5,probabilistic_suffix_tree,2,1,0.1,0.9,negative_log,1e-12,136,380,789,0.01526702786377709,pst_nll_threshold_tuning,0.9
0.5171650055370985,0.422680412371134,0.8670694864048338,0.5683168316831683,original,SKAB,fold_5_nll_threshold_search,123,5,5,probabilistic_suffix_tree,2,1,0.1,0.9,negative_log,1e-12,136,380,789,0.01526702786377709,pst_nll_threshold_tuning,0.9
0.5171650055370985,0.4217585692995529,0.8549848942598187,0.564870259481038,gaussian_noise,SKAB,fold_5_nll_threshold_search,123,5,5,probabilistic_suffix_tree,2,1,0.1,0.9,negative_log,1e-12,136,380,789,0.01526702786377709,pst_nll_threshold_tuning,0.9
0.5555555555555556,0.5585106382978723,0.9905660377358491,0.7142857142857143,unseen_data,SKAB,fold_5_nll_threshold_search,123,5,5,probabilistic_suffix_tree,2,1,0.1,0.9,negative_log,1e-12,136,380,789,0.01526702786377709,pst_nll_threshold_tuning,0.9
0.5171650055370985,0.422680412371134,0.8670694864048338,0.5683168316831683,original,SKAB,fold_5_nll_threshold_search,2026,5,5,probabilistic_suffix_tree,2,1,0.1,0.9,negative_log,1e-12,136,380,789,0.01526702786377709,pst_nll_threshold_tuning,0.9
0.5060908084163898,0.41843971631205673,0.8912386706948641,0.5694980694980695,gaussian_noise,SKAB,fold_5_nll_threshold_search,2026,5,5,probabilistic_suffix_tree,2,1,0.1,0.9,negative_log,1e-12,136,380,789,0.01526702786377709,pst_nll_threshold_tuning,0.9
0.5555555555555556,0.5585106382978723,0.9905660377358491,0.7142857142857143,unseen_data,SKAB,fold_5_nll_threshold_search,2026,5,5,probabilistic_suffix_tree,2,1,0.1,0.9,negative_log,1e-12,136,380,789,0.01526702786377709,pst_nll_threshold_tuning,0.9
0.5171650055370985,0.422680412371134,0.8670694864048338,0.5683168316831683,original,SKAB,fold_5_nll_threshold_search,7,5,5,probabilistic_suffix_tree,2,1,0.1,0.9,negative_log,1e-12,136,380,789,0.01526702786377709,pst_nll_threshold_tuning,0.9
0.5105204872646734,0.4206008583690987,0.8882175226586103,0.570873786407767,gaussian_noise,SKAB,fold_5_nll_threshold_search,7,5,5,probabilistic_suffix_tree,2,1,0.1,0.9,negative_log,1e-12,136,380,789,0.01526702786377709,pst_nll_threshold_tuning,0.9
0.5555555555555556,0.5585106382978723,0.9905660377358491,0.7142857142857143,unseen_data,SKAB,fold_5_nll_threshold_search,7,5,5,probabilistic_suffix_tree,2,1,0.1,0.9,negative_log,1e-12,136,380,789,0.01526702786377709,pst_nll_threshold_tuning,0.9
0.5171650055370985,0.422680412371134,0.8670694864048338,0.5683168316831683,original,SKAB,fold_5_nll_threshold_search,999,5,5,probabilistic_suffix_tree,2,1,0.1,0.9,negative_log,1e-12,136,380,789,0.01526702786377709,pst_nll_threshold_tuning,0.9
0.5060908084163898,0.41678726483357453,0.8700906344410876,0.5636007827788649,gaussian_noise,SKAB,fold_5_nll_threshold_search,999,5,5,probabilistic_suffix_tree,2,1,0.1,0.9,negative_log,1e-12,136,380,789,0.01526702786377709,pst_nll_threshold_tuning,0.9
0.5555555555555556,0.5585106382978723,0.9905660377358491,0.7142857142857143,unseen_data,SKAB,fold_5_nll_threshold_search,999,5,5,probabilistic_suffix_tree,2,1,0.1,0.9,negative_log,1e-12,136,380,789,0.01526702786377709,pst_nll_threshold_tuning,0.9
0.6387959866220736,0.5,0.2839506172839506,0.36220472440944884,original,SKAB,fold_1_nll_threshold_search,42,5,5,probabilistic_suffix_tree,2,1,0.1,1.2,negative_log,1e-12,170,469,948,0.01189012918600276,pst_nll_threshold_tuning,1.2
0.633221850613155,0.48677248677248675,0.2839506172839506,0.3586744639376218,gaussian_noise,SKAB,fold_1_nll_threshold_search,42,5,5,probabilistic_suffix_tree,2,1,0.1,1.2,negative_log,1e-12,170,469,948,0.01189012918600276,pst_nll_threshold_tuning,1.2
0.0,0.0,0.0,0.0,unseen_data,SKAB,fold_1_nll_threshold_search,42,5,5,probabilistic_suffix_tree,2,1,0.1,1.2,negative_log,1e-12,170,469,948,0.01189012918600276,pst_nll_threshold_tuning,1.2
0.6387959866220736,0.5,0.2839506172839506,0.36220472440944884,original,SKAB,fold_1_nll_threshold_search,123,5,5,probabilistic_suffix_tree,2,1,0.1,1.2,negative_log,1e-12,170,469,948,0.01189012918600276,pst_nll_threshold_tuning,1.2
0.6599777034559643,0.5513513513513514,0.3148148148148148,0.40078585461689586,gaussian_noise,SKAB,fold_1_nll_threshold_search,123,5,5,probabilistic_suffix_tree,2,1,0.1,1.2,negative_log,1e-12,170,469,948,0.01189012918600276,pst_nll_threshold_tuning,1.2
0.0,0.0,0.0,0.0,unseen_data,SKAB,fold_1_nll_threshold_search,123,5,5,probabilistic_suffix_tree,2,1,0.1,1.2,negative_log,1e-12,170,469,948,0.01189012918600276,pst_nll_threshold_tuning,1.2
0.6387959866220736,0.5,0.2839506172839506,0.36220472440944884,original,SKAB,fold_1_nll_threshold_search,2026,5,5,probabilistic_suffix_tree,2,1,0.1,1.2,negative_log,1e-12,170,469,948,0.01189012918600276,pst_nll_threshold_tuning,1.2
0.6376811594202898,0.49732620320855614,0.28703703703703703,0.3639921722113503,gaussian_noise,SKAB,fold_1_nll_threshold_search,2026,5,5,probabilistic_suffix_tree,2,1,0.1,1.2,negative_log,1e-12,170,469,948,0.01189012918600276,pst_nll_threshold_tuning,1.2
0.0,0.0,0.0,0.0,unseen_data,SKAB,fold_1_nll_threshold_search,2026,5,5,probabilistic_suffix_tree,2,1,0.1,1.2,negative_log,1e-12,170,469,948,0.01189012918600276,pst_nll_threshold_tuning,1.2
0.6387959866220736,0.5,0.2839506172839506,0.36220472440944884,original,SKAB,fold_1_nll_threshold_search,7,5,5,probabilistic_suffix_tree,2,1,0.1,1.2,negative_log,1e-12,170,469,948,0.01189012918600276,pst_nll_threshold_tuning,1.2
0.6309921962095875,0.48,0.25925925925925924,0.3366733466933868,gaussian_noise,SKAB,fold_1_nll_threshold_search,7,5,5,probabilistic_suffix_tree,2,1,0.1,1.2,negative_log,1e-12,170,469,948,0.01189012918600276,pst_nll_threshold_tuning,1.2
0.0,0.0,0.0,0.0,unseen_data,SKAB,fold_1_nll_threshold_search,7,5,5,probabilistic_suffix_tree,2,1,0.1,1.2,negative_log,1e-12,170,469,948,0.01189012918600276,pst_nll_threshold_tuning,1.2
0.6387959866220736,0.5,0.2839506172839506,0.36220472440944884,original,SKAB,fold_1_nll_threshold_search,999,5,5,probabilistic_suffix_tree,2,1,0.1,1.2,negative_log,1e-12,170,469,948,0.01189012918600276,pst_nll_threshold_tuning,1.2
0.6477146042363434,0.5210526315789473,0.3055555555555556,0.3852140077821012,gaussian_noise,SKAB,fold_1_nll_threshold_search,999,5,5,probabilistic_suffix_tree,2,1,0.1,1.2,negative_log,1e-12,170,469,948,0.01189012918600276,pst_nll_threshold_tuning,1.2
0.0,0.0,0.0,0.0,unseen_data,SKAB,fold_1_nll_threshold_search,999,5,5,probabilistic_suffix_tree,2,1,0.1,1.2,negative_log,1e-12,170,469,948,0.01189012918600276,pst_nll_threshold_tuning,1.2
0.5957446808510638,0.40654205607476634,0.27102803738317754,0.3252336448598131,original,SKAB,fold_2_nll_threshold_search,42,5,5,probabilistic_suffix_tree,2,1,0.1,1.2,negative_log,1e-12,155,436,906,0.013406333234684818,pst_nll_threshold_tuning,1.2
0.5991041433370661,0.416289592760181,0.2866043613707165,0.33948339483394835,gaussian_noise,SKAB,fold_2_nll_threshold_search,42,5,5,probabilistic_suffix_tree,2,1,0.1,1.2,negative_log,1e-12,155,436,906,0.013406333234684818,pst_nll_threshold_tuning,1.2
0.0,0.0,0.0,0.0,unseen_data,SKAB,fold_2_nll_threshold_search,42,5,5,probabilistic_suffix_tree,2,1,0.1,1.2,negative_log,1e-12,155,436,906,0.013406333234684818,pst_nll_threshold_tuning,1.2
0.5957446808510638,0.40654205607476634,0.27102803738317754,0.3252336448598131,original,SKAB,fold_2_nll_threshold_search,123,5,5,probabilistic_suffix_tree,2,1,0.1,1.2,negative_log,1e-12,155,436,906,0.013406333234684818,pst_nll_threshold_tuning,1.2
0.6181410974244121,0.4537037037037037,0.3052959501557632,0.3649906890130354,gaussian_noise,SKAB,fold_2_nll_threshold_search,123,5,5,probabilistic_suffix_tree,2,1,0.1,1.2,negative_log,1e-12,155,436,906,0.013406333234684818,pst_nll_threshold_tuning,1.2
0.0,0.0,0.0,0.0,unseen_data,SKAB,fold_2_nll_threshold_search,123,5,5,probabilistic_suffix_tree,2,1,0.1,1.2,negative_log,1e-12,155,436,906,0.013406333234684818,pst_nll_threshold_tuning,1.2
0.5957446808510638,0.40654205607476634,0.27102803738317754,0.3252336448598131,original,SKAB,fold_2_nll_threshold_search,2026,5,5,probabilistic_suffix_tree,2,1,0.1,1.2,negative_log,1e-12,155,436,906,0.013406333234684818,pst_nll_threshold_tuning,1.2
0.5968645016797313,0.40669856459330145,0.26479750778816197,0.32075471698113206,gaussian_noise,SKAB,fold_2_nll_threshold_search,2026,5,5,probabilistic_suffix_tree,2,1,0.1,1.2,negative_log,1e-12,155,436,906,0.013406333234684818,pst_nll_threshold_tuning,1.2
0.0,0.0,0.0,0.0,unseen_data,SKAB,fold_2_nll_threshold_search,2026,5,5,probabilistic_suffix_tree,2,1,0.1,1.2,negative_log,1e-12,155,436,906,0.013406333234684818,pst_nll_threshold_tuning,1.2
0.5957446808510638,0.40654205607476634,0.27102803738317754,0.3252336448598131,original,SKAB,fold_2_nll_threshold_search,7,5,5,probabilistic_suffix_tree,2,1,0.1,1.2,negative_log,1e-12,155,436,906,0.013406333234684818,pst_nll_threshold_tuning,1.2
0.5823068309070548,0.39166666666666666,0.29283489096573206,0.33511586452762926,gaussian_noise,SKAB,fold_2_nll_threshold_search,7,5,5,probabilistic_suffix_tree,2,1,0.1,1.2,negative_log,1e-12,155,436,906,0.013406333234684818,pst_nll_threshold_tuning,1.2
0.0,0.0,0.0,0.0,unseen_data,SKAB,fold_2_nll_threshold_search,7,5,5,probabilistic_suffix_tree,2,1,0.1,1.2,negative_log,1e-12,155,436,906,0.013406333234684818,pst_nll_threshold_tuning,1.2
0.5957446808510638,0.40654205607476634,0.27102803738317754,0.3252336448598131,original,SKAB,fold_2_nll_threshold_search,999,5,5,probabilistic_suffix_tree,2,1,0.1,1.2,negative_log,1e-12,155,436,906,0.013406333234684818,pst_nll_threshold_tuning,1.2
0.6080627099664053,0.43555555555555553,0.3052959501557632,0.358974358974359,gaussian_noise,SKAB,fold_2_nll_threshold_search,999,5,5,probabilistic_suffix_tree,2,1,0.1,1.2,negative_log,1e-12,155,436,906,0.013406333234684818,pst_nll_threshold_tuning,1.2
0.0,0.0,0.0,0.0,unseen_data,SKAB,fold_2_nll_threshold_search,999,5,5,probabilistic_suffix_tree,2,1,0.1,1.2,negative_log,1e-12,155,436,906,0.013406333234684818,pst_nll_threshold_tuning,1.2
0.48712206047032475,0.2923076923076923,0.29411764705882354,0.2932098765432099,original,SKAB,fold_3_nll_threshold_search,42,5,5,probabilistic_suffix_tree,2,1,0.1,1.2,negative_log,1e-12,153,429,880,0.013407072230601643,pst_nll_threshold_tuning,1.2
0.49832026875699886,0.3123123123123123,0.3219814241486068,0.3170731707317073,gaussian_noise,SKAB,fold_3_nll_threshold_search,42,5,5,probabilistic_suffix_tree,2,1,0.1,1.2,negative_log,1e-12,153,429,880,0.013407072230601643,pst_nll_threshold_tuning,1.2
0.2641509433962264,0.2222222222222222,0.7142857142857143,0.3389830508474576,unseen_data,SKAB,fold_3_nll_threshold_search,42,5,5,probabilistic_suffix_tree,2,1,0.1,1.2,negative_log,1e-12,153,429,880,0.013407072230601643,pst_nll_threshold_tuning,1.2
0.48712206047032475,0.2923076923076923,0.29411764705882354,0.2932098765432099,original,SKAB,fold_3_nll_threshold_search,123,5,5,probabilistic_suffix_tree,2,1,0.1,1.2,negative_log,1e-12,153,429,880,0.013407072230601643,pst_nll_threshold_tuning,1.2
0.49048152295632697,0.2962962962962963,0.29721362229102166,0.29675425038639874,gaussian_noise,SKAB,fold_3_nll_threshold_search,123,5,5,probabilistic_suffix_tree,2,1,0.1,1.2,negative_log,1e-12,153,429,880,0.013407072230601643,pst_nll_threshold_tuning,1.2
0.2641509433962264,0.2222222222222222,0.7142857142857143,0.3389830508474576,unseen_data,SKAB,fold_3_nll_threshold_search,123,5,5,probabilistic_suffix_tree,2,1,0.1,1.2,negative_log,1e-12,153,429,880,0.013407072230601643,pst_nll_threshold_tuning,1.2
0.48712206047032475,0.2923076923076923,0.29411764705882354,0.2932098765432099,original,SKAB,fold_3_nll_threshold_search,2026,5,5,probabilistic_suffix_tree,2,1,0.1,1.2,negative_log,1e-12,153,429,880,0.013407072230601643,pst_nll_threshold_tuning,1.2
0.4826427771556551,0.2848297213622291,0.2848297213622291,0.2848297213622291,gaussian_noise,SKAB,fold_3_nll_threshold_search,2026,5,5,probabilistic_suffix_tree,2,1,0.1,1.2,negative_log,1e-12,153,429,880,0.013407072230601643,pst_nll_threshold_tuning,1.2
0.2641509433962264,0.2222222222222222,0.7142857142857143,0.3389830508474576,unseen_data,SKAB,fold_3_nll_threshold_search,2026,5,5,probabilistic_suffix_tree,2,1,0.1,1.2,negative_log,1e-12,153,429,880,0.013407072230601643,pst_nll_threshold_tuning,1.2
0.48712206047032475,0.2923076923076923,0.29411764705882354,0.2932098765432099,original,SKAB,fold_3_nll_threshold_search,7,5,5,probabilistic_suffix_tree,2,1,0.1,1.2,negative_log,1e-12,153,429,880,0.013407072230601643,pst_nll_threshold_tuning,1.2
0.5005599104143337,0.3217391304347826,0.34365325077399383,0.3323353293413174,gaussian_noise,SKAB,fold_3_nll_threshold_search,7,5,5,probabilistic_suffix_tree,2,1,0.1,1.2,negative_log,1e-12,153,429,880,0.013407072230601643,pst_nll_threshold_tuning,1.2
0.2641509433962264,0.2222222222222222,0.7142857142857143,0.3389830508474576,unseen_data,SKAB,fold_3_nll_threshold_search,7,5,5,probabilistic_suffix_tree,2,1,0.1,1.2,negative_log,1e-12,153,429,880,0.013407072230601643,pst_nll_threshold_tuning,1.2
0.48712206047032475,0.2923076923076923,0.29411764705882354,0.2932098765432099,original,SKAB,fold_3_nll_threshold_search,999,5,5,probabilistic_suffix_tree,2,1,0.1,1.2,negative_log,1e-12,153,429,880,0.013407072230601643,pst_nll_threshold_tuning,1.2
0.49720044792833146,0.3055555555555556,0.3065015479876161,0.30602782071097373,gaussian_noise,SKAB,fold_3_nll_threshold_search,999,5,5,probabilistic_suffix_tree,2,1,0.1,1.2,negative_log,1e-12,153,429,880,0.013407072230601643,pst_nll_threshold_tuning,1.2
0.2641509433962264,0.2222222222222222,0.7142857142857143,0.3389830508474576,unseen_data,SKAB,fold_3_nll_threshold_search,999,5,5,probabilistic_suffix_tree,2,1,0.1,1.2,negative_log,1e-12,153,429,880,0.013407072230601643,pst_nll_threshold_tuning,1.2
0.5028376844494892,0.2971246006389776,0.2990353697749196,0.2980769230769231,original,SKAB,fold_4_nll_threshold_search,42,5,5,probabilistic_suffix_tree,2,1,0.1,1.2,negative_log,1e-12,161,441,894,0.01259137195250771,pst_nll_threshold_tuning,1.2
0.4982973893303065,0.28938906752411575,0.28938906752411575,0.28938906752411575,gaussian_noise,SKAB,fold_4_nll_threshold_search,42,5,5,probabilistic_suffix_tree,2,1,0.1,1.2,negative_log,1e-12,161,441,894,0.01259137195250771,pst_nll_threshold_tuning,1.2
0.1282051282051282,0.05714285714285714,0.6666666666666666,0.10526315789473684,unseen_data,SKAB,fold_4_nll_threshold_search,42,5,5,probabilistic_suffix_tree,2,1,0.1,1.2,negative_log,1e-12,161,441,894,0.01259137195250771,pst_nll_threshold_tuning,1.2
0.5028376844494892,0.2971246006389776,0.2990353697749196,0.2980769230769231,original,SKAB,fold_4_nll_threshold_search,123,5,5,probabilistic_suffix_tree,2,1,0.1,1.2,negative_log,1e-12,161,441,894,0.01259137195250771,pst_nll_threshold_tuning,1.2
0.4960272417707151,0.28753993610223644,0.28938906752411575,0.28846153846153844,gaussian_noise,SKAB,fold_4_nll_threshold_search,123,5,5,probabilistic_suffix_tree,2,1,0.1,1.2,negative_log,1e-12,161,441,894,0.01259137195250771,pst_nll_threshold_tuning,1.2
0.1282051282051282,0.05714285714285714,0.6666666666666666,0.10526315789473684,unseen_data,SKAB,fold_4_nll_threshold_search,123,5,5,probabilistic_suffix_tree,2,1,0.1,1.2,negative_log,1e-12,161,441,894,0.01259137195250771,pst_nll_threshold_tuning,1.2
0.5028376844494892,0.2971246006389776,0.2990353697749196,0.2980769230769231,original,SKAB,fold_4_nll_threshold_search,2026,5,5,probabilistic_suffix_tree,2,1,0.1,1.2,negative_log,1e-12,161,441,894,0.01259137195250771,pst_nll_threshold_tuning,1.2
0.49375709421112374,0.28013029315960913,0.2765273311897106,0.2783171521035599,gaussian_noise,SKAB,fold_4_nll_threshold_search,2026,5,5,probabilistic_suffix_tree,2,1,0.1,1.2,negative_log,1e-12,161,441,894,0.01259137195250771,pst_nll_threshold_tuning,1.2
0.1282051282051282,0.05714285714285714,0.6666666666666666,0.10526315789473684,unseen_data,SKAB,fold_4_nll_threshold_search,2026,5,5,probabilistic_suffix_tree,2,1,0.1,1.2,negative_log,1e-12,161,441,894,0.01259137195250771,pst_nll_threshold_tuning,1.2
0.5028376844494892,0.2971246006389776,0.2990353697749196,0.2980769230769231,original,SKAB,fold_4_nll_threshold_search,7,5,5,probabilistic_suffix_tree,2,1,0.1,1.2,negative_log,1e-12,161,441,894,0.01259137195250771,pst_nll_threshold_tuning,1.2
0.5051078320090806,0.292358803986711,0.2829581993569132,0.2875816993464052,gaussian_noise,SKAB,fold_4_nll_threshold_search,7,5,5,probabilistic_suffix_tree,2,1,0.1,1.2,negative_log,1e-12,161,441,894,0.01259137195250771,pst_nll_threshold_tuning,1.2
0.1282051282051282,0.05714285714285714,0.6666666666666666,0.10526315789473684,unseen_data,SKAB,fold_4_nll_threshold_search,7,5,5,probabilistic_suffix_tree,2,1,0.1,1.2,negative_log,1e-12,161,441,894,0.01259137195250771,pst_nll_threshold_tuning,1.2
0.5028376844494892,0.2971246006389776,0.2990353697749196,0.2980769230769231,original,SKAB,fold_4_nll_threshold_search,999,5,5,probabilistic_suffix_tree,2,1,0.1,1.2,negative_log,1e-12,161,441,894,0.01259137195250771,pst_nll_threshold_tuning,1.2
0.5017026106696936,0.2974683544303797,0.3022508038585209,0.29984051036682613,gaussian_noise,SKAB,fold_4_nll_threshold_search,999,5,5,probabilistic_suffix_tree,2,1,0.1,1.2,negative_log,1e-12,161,441,894,0.01259137195250771,pst_nll_threshold_tuning,1.2
0.1282051282051282,0.05714285714285714,0.6666666666666666,0.10526315789473684,unseen_data,SKAB,fold_4_nll_threshold_search,999,5,5,probabilistic_suffix_tree,2,1,0.1,1.2,negative_log,1e-12,161,441,894,0.01259137195250771,pst_nll_threshold_tuning,1.2
0.5370985603543743,0.4266441821247892,0.7643504531722054,0.5476190476190477,original,SKAB,fold_5_nll_threshold_search,42,5,5,probabilistic_suffix_tree,2,1,0.1,1.2,negative_log,1e-12,136,380,789,0.01526702786377709,pst_nll_threshold_tuning,1.2
0.5348837209302325,0.4257095158597663,0.770392749244713,0.5483870967741935,gaussian_noise,SKAB,fold_5_nll_threshold_search,42,5,5,probabilistic_suffix_tree,2,1,0.1,1.2,negative_log,1e-12,136,380,789,0.01526702786377709,pst_nll_threshold_tuning,1.2
0.5767195767195767,0.5706521739130435,0.9905660377358491,0.7241379310344828,unseen_data,SKAB,fold_5_nll_threshold_search,42,5,5,probabilistic_suffix_tree,2,1,0.1,1.2,negative_log,1e-12,136,380,789,0.01526702786377709,pst_nll_threshold_tuning,1.2
0.5370985603543743,0.4266441821247892,0.7643504531722054,0.5476190476190477,original,SKAB,fold_5_nll_threshold_search,123,5,5,probabilistic_suffix_tree,2,1,0.1,1.2,negative_log,1e-12,136,380,789,0.01526702786377709,pst_nll_threshold_tuning,1.2
0.5526024363233666,0.4376068376068376,0.7734138972809668,0.5589519650655022,gaussian_noise,SKAB,fold_5_nll_threshold_search,123,5,5,probabilistic_suffix_tree,2,1,0.1,1.2,negative_log,1e-12,136,380,789,0.01526702786377709,pst_nll_threshold_tuning,1.2
0.5767195767195767,0.5706521739130435,0.9905660377358491,0.7241379310344828,unseen_data,SKAB,fold_5_nll_threshold_search,123,5,5,probabilistic_suffix_tree,2,1,0.1,1.2,negative_log,1e-12,136,380,789,0.01526702786377709,pst_nll_threshold_tuning,1.2
0.5370985603543743,0.4266441821247892,0.7643504531722054,0.5476190476190477,original,SKAB,fold_5_nll_threshold_search,2026,5,5,probabilistic_suffix_tree,2,1,0.1,1.2,negative_log,1e-12,136,380,789,0.01526702786377709,pst_nll_threshold_tuning,1.2
0.5382059800664452,0.4310897435897436,0.8126888217522659,0.5633507853403141,gaussian_noise,SKAB,fold_5_nll_threshold_search,2026,5,5,probabilistic_suffix_tree,2,1,0.1,1.2,negative_log,1e-12,136,380,789,0.01526702786377709,pst_nll_threshold_tuning,1.2
0.5767195767195767,0.5706521739130435,0.9905660377358491,0.7241379310344828,unseen_data,SKAB,fold_5_nll_threshold_search,2026,5,5,probabilistic_suffix_tree,2,1,0.1,1.2,negative_log,1e-12,136,380,789,0.01526702786377709,pst_nll_threshold_tuning,1.2
0.5370985603543743,0.4266441821247892,0.7643504531722054,0.5476190476190477,original,SKAB,fold_5_nll_threshold_search,7,5,5,probabilistic_suffix_tree,2,1,0.1,1.2,negative_log,1e-12,136,380,789,0.01526702786377709,pst_nll_threshold_tuning,1.2
0.5481727574750831,0.43594009983361065,0.7915407854984894,0.5622317596566524,gaussian_noise,SKAB,fold_5_nll_threshold_search,7,5,5,probabilistic_suffix_tree,2,1,0.1,1.2,negative_log,1e-12,136,380,789,0.01526702786377709,pst_nll_threshold_tuning,1.2
0.5767195767195767,0.5706521739130435,0.9905660377358491,0.7241379310344828,unseen_data,SKAB,fold_5_nll_threshold_search,7,5,5,probabilistic_suffix_tree,2,1,0.1,1.2,negative_log,1e-12,136,380,789,0.01526702786377709,pst_nll_threshold_tuning,1.2
0.5370985603543743,0.4266441821247892,0.7643504531722054,0.5476190476190477,original,SKAB,fold_5_nll_threshold_search,999,5,5,probabilistic_suffix_tree,2,1,0.1,1.2,negative_log,1e-12,136,380,789,0.01526702786377709,pst_nll_threshold_tuning,1.2
0.5415282392026578,0.4300168634064081,0.770392749244713,0.551948051948052,gaussian_noise,SKAB,fold_5_nll_threshold_search,999,5,5,probabilistic_suffix_tree,2,1,0.1,1.2,negative_log,1e-12,136,380,789,0.01526702786377709,pst_nll_threshold_tuning,1.2
0.5767195767195767,0.5706521739130435,0.9905660377358491,0.7241379310344828,unseen_data,SKAB,fold_5_nll_threshold_search,999,5,5,probabilistic_suffix_tree,2,1,0.1,1.2,negative_log,1e-12,136,380,789,0.01526702786377709,pst_nll_threshold_tuning,1.2
0.6488294314381271,0.5333333333333333,0.2222222222222222,0.3137254901960784,original,SKAB,fold_1_nll_threshold_search,42,5,5,probabilistic_suffix_tree,2,1,0.1,1.5,negative_log,1e-12,170,469,948,0.01189012918600276,pst_nll_threshold_tuning,1.5
0.6387959866220736,0.5,0.2191358024691358,0.30472103004291845,gaussian_noise,SKAB,fold_1_nll_threshold_search,42,5,5,probabilistic_suffix_tree,2,1,0.1,1.5,negative_log,1e-12,170,469,948,0.01189012918600276,pst_nll_threshold_tuning,1.5
0.0,0.0,0.0,0.0,unseen_data,SKAB,fold_1_nll_threshold_search,42,5,5,probabilistic_suffix_tree,2,1,0.1,1.5,negative_log,1e-12,170,469,948,0.01189012918600276,pst_nll_threshold_tuning,1.5
0.6488294314381271,0.5333333333333333,0.2222222222222222,0.3137254901960784,original,SKAB,fold_1_nll_threshold_search,123,5,5,probabilistic_suffix_tree,2,1,0.1,1.5,negative_log,1e-12,170,469,948,0.01189012918600276,pst_nll_threshold_tuning,1.5
0.6722408026755853,0.6071428571428571,0.2623456790123457,0.36637931034482757,gaussian_noise,SKAB,fold_1_nll_threshold_search,123,5,5,probabilistic_suffix_tree,2,1,0.1,1.5,negative_log,1e-12,170,469,948,0.01189012918600276,pst_nll_threshold_tuning,1.5
0.0,0.0,0.0,0.0,unseen_data,SKAB,fold_1_nll_threshold_search,123,5,5,probabilistic_suffix_tree,2,1,0.1,1.5,negative_log,1e-12,170,469,948,0.01189012918600276,pst_nll_threshold_tuning,1.5
0.6488294314381271,0.5333333333333333,0.2222222222222222,0.3137254901960784,original,SKAB,fold_1_nll_threshold_search,2026,5,5,probabilistic_suffix_tree,2,1,0.1,1.5,negative_log,1e-12,170,469,948,0.01189012918600276,pst_nll_threshold_tuning,1.5
0.6443701226309922,0.5165562913907285,0.24074074074074073,0.32842105263157895,gaussian_noise,SKAB,fold_1_nll_threshold_search,2026,5,5,probabilistic_suffix_tree,2,1,0.1,1.5,negative_log,1e-12,170,469,948,0.01189012918600276,pst_nll_threshold_tuning,1.5
0.0,0.0,0.0,0.0,unseen_data,SKAB,fold_1_nll_threshold_search,2026,5,5,probabilistic_suffix_tree,2,1,0.1,1.5,negative_log,1e-12,170,469,948,0.01189012918600276,pst_nll_threshold_tuning,1.5
0.6488294314381271,0.5333333333333333,0.2222222222222222,0.3137254901960784,original,SKAB,fold_1_nll_threshold_search,7,5,5,probabilistic_suffix_tree,2,1,0.1,1.5,negative_log,1e-12,170,469,948,0.01189012918600276,pst_nll_threshold_tuning,1.5
0.6465997770345596,0.5267175572519084,0.21296296296296297,0.3032967032967033,gaussian_noise,SKAB,fold_1_nll_threshold_search,7,5,5,probabilistic_suffix_tree,2,1,0.1,1.5,negative_log,1e-12,170,469,948,0.01189012918600276,pst_nll_threshold_tuning,1.5
0.0,0.0,0.0,0.0,unseen_data,SKAB,fold_1_nll_threshold_search,7,5,5,probabilistic_suffix_tree,2,1,0.1,1.5,negative_log,1e-12,170,469,948,0.01189012918600276,pst_nll_threshold_tuning,1.5
0.6488294314381271,0.5333333333333333,0.2222222222222222,0.3137254901960784,original,SKAB,fold_1_nll_threshold_search,999,5,5,probabilistic_suffix_tree,2,1,0.1,1.5,negative_log,1e-12,170,469,948,0.01189012918600276,pst_nll_threshold_tuning,1.5
0.6555183946488294,0.5510204081632653,0.25,0.34394904458598724,gaussian_noise,SKAB,fold_1_nll_threshold_search,999,5,5,probabilistic_suffix_tree,2,1,0.1,1.5,negative_log,1e-12,170,469,948,0.01189012918600276,pst_nll_threshold_tuning,1.5
0.0,0.0,0.0,0.0,unseen_data,SKAB,fold_1_nll_threshold_search,999,5,5,probabilistic_suffix_tree,2,1,0.1,1.5,negative_log,1e-12,170,469,948,0.01189012918600276,pst_nll_threshold_tuning,1.5
0.6080627099664053,0.4110429447852761,0.2087227414330218,0.2768595041322314,original,SKAB,fold_2_nll_threshold_search,42,5,5,probabilistic_suffix_tree,2,1,0.1,1.5,negative_log,1e-12,155,436,906,0.013406333234684818,pst_nll_threshold_tuning,1.5
0.6159014557670772,0.4375,0.2398753894080997,0.30985915492957744,gaussian_noise,SKAB,fold_2_nll_threshold_search,42,5,5,probabilistic_suffix_tree,2,1,0.1,1.5,negative_log,1e-12,155,436,906,0.013406333234684818,pst_nll_threshold_tuning,1.5
0.0,0.0,0.0,0.0,unseen_data,SKAB,fold_2_nll_threshold_search,42,5,5,probabilistic_suffix_tree,2,1,0.1,1.5,negative_log,1e-12,155,436,906,0.013406333234684818,pst_nll_threshold_tuning,1.5
0.6080627099664053,0.4110429447852761,0.2087227414330218,0.2768595041322314,original,SKAB,fold_2_nll_threshold_search,123,5,5,probabilistic_suffix_tree,2,1,0.1,1.5,negative_log,1e-12,155,436,906,0.013406333234684818,pst_nll_threshold_tuning,1.5
0.6248600223964166,0.4588235294117647,0.24299065420560748,0.31771894093686354,gaussian_noise,SKAB,fold_2_nll_threshold_search,123,5,5,probabilistic_suffix_tree,2,1,0.1,1.5,negative_log,1e-12,155,436,906,0.013406333234684818,pst_nll_threshold_tuning,1.5
0.0,0.0,0.0,0.0,unseen_data,SKAB,fold_2_nll_threshold_search,123,5,5,probabilistic_suffix_tree,2,1,0.1,1.5,negative_log,1e-12,155,436,906,0.013406333234684818,pst_nll_threshold_tuning,1.5
0.6080627099664053,0.4110429447852761,0.2087227414330218,0.2768595041322314,original,SKAB,fold_2_nll_threshold_search,2026,5,5,probabilistic_suffix_tree,2,1,0.1,1.5,negative_log,1e-12,155,436,906,0.013406333234684818,pst_nll_threshold_tuning,1.5
0.6091825307950728,0.41358024691358025,0.2087227414330218,0.2774327122153209,gaussian_noise,SKAB,fold_2_nll_threshold_search,2026,5,5,probabilistic_suffix_tree,2,1,0.1,1.5,negative_log,1e-12,155,436,906,0.013406333234684818,pst_nll_threshold_tuning,1.5
0.0,0.0,0.0,0.0,unseen_data,SKAB,fold_2_nll_threshold_search,2026,5,5,probabilistic_suffix_tree,2,1,0.1,1.5,negative_log,1e-12,155,436,906,0.013406333234684818,pst_nll_threshold_tuning,1.5
0.6080627099664053,0.4110429447852761,0.2087227414330218,0.2768595041322314,original,SKAB,fold_2_nll_threshold_search,7,5,5,probabilistic_suffix_tree,2,1,0.1,1.5,negative_log,1e-12,155,436,906,0.013406333234684818,pst_nll_threshold_tuning,1.5
0.593505039193729,0.3917525773195876,0.2367601246105919,0.29514563106796116,gaussian_noise,SKAB,fold_2_nll_threshold_search,7,5,5,probabilistic_suffix_tree,2,1,0.1,1.5,negative_log,1e-12,155,436,906,0.013406333234684818,pst_nll_threshold_tuning,1.5
0.0,0.0,0.0,0.0,unseen_data,SKAB,fold_2_nll_threshold_search,7,5,5,probabilistic_suffix_tree,2,1,0.1,1.5,negative_log,1e-12,155,436,906,0.013406333234684818,pst_nll_threshold_tuning,1.5
0.6080627099664053,0.4110429447852761,0.2087227414330218,0.2768595041322314,original,SKAB,fold_2_nll_threshold_search,999,5,5,probabilistic_suffix_tree,2,1,0.1,1.5,negative_log,1e-12,155,436,906,0.013406333234684818,pst_nll_threshold_tuning,1.5
0.6192609182530795,0.44692737430167595,0.24922118380062305,0.32,gaussian_noise,SKAB,fold_2_nll_threshold_search,999,5,5,probabilistic_suffix_tree,2,1,0.1,1.5,negative_log,1e-12,155,436,906,0.013406333234684818,pst_nll_threshold_tuning,1.5
0.0,0.0,0.0,0.0,unseen_data,SKAB,fold_2_nll_threshold_search,999,5,5,probabilistic_suffix_tree,2,1,0.1,1.5,negative_log,1e-12,155,436,906,0.013406333234684818,pst_nll_threshold_tuning,1.5
0.5218365061590146,0.3129496402877698,0.2693498452012384,0.2895174708818636,original,SKAB,fold_3_nll_threshold_search,42,5,5,probabilistic_suffix_tree,2,1,0.1,1.5,negative_log,1e-12,153,429,880,0.013407072230601643,pst_nll_threshold_tuning,1.5
0.5464725643896976,0.3535714285714286,0.3065015479876161,0.3283582089552239,gaussian_noise,SKAB,fold_3_nll_threshold_search,42,5,5,probabilistic_suffix_tree,2,1,0.1,1.5,negative_log,1e-12,153,429,880,0.013407072230601643,pst_nll_threshold_tuning,1.5
0.3018867924528302,0.20512820512820512,0.5714285714285714,0.3018867924528302,unseen_data,SKAB,fold_3_nll_threshold_search,42,5,5,probabilistic_suffix_tree,2,1,0.1,1.5,negative_log,1e-12,153,429,880,0.013407072230601643,pst_nll_threshold_tuning,1.5
0.5218365061590146,0.3129496402877698,0.2693498452012384,0.2895174708818636,original,SKAB,fold_3_nll_threshold_search,123,5,5,probabilistic_suffix_tree,2,1,0.1,1.5,negative_log,1e-12,153,429,880,0.013407072230601643,pst_nll_threshold_tuning,1.5
0.5397536394176932,0.3333333333333333,0.2724458204334365,0.29982964224872233,gaussian_noise,SKAB,fold_3_nll_threshold_search,123,5,5,probabilistic_suffix_tree,2,1,0.1,1.5,negative_log,1e-12,153,429,880,0.013407072230601643,pst_nll_threshold_tuning,1.5
0.3018867924528302,0.20512820512820512,0.5714285714285714,0.3018867924528302,unseen_data,SKAB,fold_3_nll_threshold_search,123,5,5,probabilistic_suffix_tree,2,1,0.1,1.5,negative_log,1e-12,153,429,880,0.013407072230601643,pst_nll_threshold_tuning,1.5
0.5218365061590146,0.3129496402877698,0.2693498452012384,0.2895174708818636,original,SKAB,fold_3_nll_threshold_search,2026,5,5,probabilistic_suffix_tree,2,1,0.1,1.5,negative_log,1e-12,153,429,880,0.013407072230601643,pst_nll_threshold_tuning,1.5
0.5195968645016797,0.3107142857142857,0.2693498452012384,0.2885572139303483,gaussian_noise,SKAB,fold_3_nll_threshold_search,2026,5,5,probabilistic_suffix_tree,2,1,0.1,1.5,negative_log,1e-12,153,429,880,0.013407072230601643,pst_nll_threshold_tuning,1.5
0.3018867924528302,0.20512820512820512,0.5714285714285714,0.3018867924528302,unseen_data,SKAB,fold_3_nll_threshold_search,2026,5,5,probabilistic_suffix_tree,2,1,0.1,1.5,negative_log,1e-12,153,429,880,0.013407072230601643,pst_nll_threshold_tuning,1.5
0.5218365061590146,0.3129496402877698,0.2693498452012384,0.2895174708818636,original,SKAB,fold_3_nll_threshold_search,7,5,5,probabilistic_suffix_tree,2,1,0.1,1.5,negative_log,1e-12,153,429,880,0.013407072230601643,pst_nll_threshold_tuning,1.5
0.5319148936170213,0.3400673400673401,0.3126934984520124,0.3258064516129032,gaussian_noise,SKAB,fold_3_nll_threshold_search,7,5,5,probabilistic_suffix_tree,2,1,0.1,1.5,negative_log,1e-12,153,429,880,0.013407072230601643,pst_nll_threshold_tuning,1.5
0.3018867924528302,0.20512820512820512,0.5714285714285714,0.3018867924528302,unseen_data,SKAB,fold_3_nll_threshold_search,7,5,5,probabilistic_suffix_tree,2,1,0.1,1.5,negative_log,1e-12,153,429,880,0.013407072230601643,pst_nll_threshold_tuning,1.5
0.5218365061590146,0.3129496402877698,0.2693498452012384,0.2895174708818636,original,SKAB,fold_3_nll_threshold_search,999,5,5,probabilistic_suffix_tree,2,1,0.1,1.5,negative_log,1e-12,153,429,880,0.013407072230601643,pst_nll_threshold_tuning,1.5
0.528555431131019,0.3237410071942446,0.2786377708978328,0.2995008319467554,gaussian_noise,SKAB,fold_3_nll_threshold_search,999,5,5,probabilistic_suffix_tree,2,1,0.1,1.5,negative_log,1e-12,153,429,880,0.013407072230601643,pst_nll_threshold_tuning,1.5
0.3018867924528302,0.20512820512820512,0.5714285714285714,0.3018867924528302,unseen_data,SKAB,fold_3_nll_threshold_search,999,5,5,probabilistic_suffix_tree,2,1,0.1,1.5,negative_log,1e-12,153,429,880,0.013407072230601643,pst_nll_threshold_tuning,1.5
0.5119182746878547,0.28205128205128205,0.24758842443729903,0.2636986301369863,original,SKAB,fold_4_nll_threshold_search,42,5,5,probabilistic_suffix_tree,2,1,0.1,1.5,negative_log,1e-12,161,441,894,0.01259137195250771,pst_nll_threshold_tuning,1.5
0.5005675368898979,0.26373626373626374,0.2315112540192926,0.2465753424657534,gaussian_noise,SKAB,fold_4_nll_threshold_search,42,5,5,probabilistic_suffix_tree,2,1,0.1,1.5,negative_log,1e-12,161,441,894,0.01259137195250771,pst_nll_threshold_tuning,1.5
0.1282051282051282,0.05714285714285714,0.6666666666666666,0.10526315789473684,unseen_data,SKAB,fold_4_nll_threshold_search,42,5,5,probabilistic_suffix_tree,2,1,0.1,1.5,negative_log,1e-12,161,441,894,0.01259137195250771,pst_nll_threshold_tuning,1.5
0.5119182746878547,0.28205128205128205,0.24758842443729903,0.2636986301369863,original,SKAB,fold_4_nll_threshold_search,123,5,5,probabilistic_suffix_tree,2,1,0.1,1.5,negative_log,1e-12,161,441,894,0.01259137195250771,pst_nll_threshold_tuning,1.5
0.5119182746878547,0.28044280442804426,0.24437299035369775,0.2611683848797251,gaussian_noise,SKAB,fold_4_nll_threshold_search,123,5,5,probabilistic_suffix_tree,2,1,0.1,1.5,negative_log,1e-12,161,441,894,0.01259137195250771,pst_nll_threshold_tuning,1.5
0.1282051282051282,0.05714285714285714,0.6666666666666666,0.10526315789473684,unseen_data,SKAB,fold_4_nll_threshold_search,123,5,5,probabilistic_suffix_tree,2,1,0.1,1.5,negative_log,1e-12,161,441,894,0.01259137195250771,pst_nll_threshold_tuning,1.5
0.5119182746878547,0.28205128205128205,0.24758842443729903,0.2636986301369863,original,SKAB,fold_4_nll_threshold_search,2026,5,5,probabilistic_suffix_tree,2,1,0.1,1.5,negative_log,1e-12,161,441,894,0.01259137195250771,pst_nll_threshold_tuning,1.5
0.49943246311010214,0.2610294117647059,0.2282958199356913,0.24356775300171526,gaussian_noise,SKAB,fold_4_nll_threshold_search,2026,5,5,probabilistic_suffix_tree,2,1,0.1,1.5,negative_log,1e-12,161,441,894,0.01259137195250771,pst_nll_threshold_tuning,1.5
0.1282051282051282,0.05714285714285714,0.6666666666666666,0.10526315789473684,unseen_data,SKAB,fold_4_nll_threshold_search,2026,5,5,probabilistic_suffix_tree,2,1,0.1,1.5,negative_log,1e-12,161,441,894,0.01259137195250771,pst_nll_threshold_tuning,1.5
0.5119182746878547,0.28205128205128205,0.24758842443729903,0.2636986301369863,original,SKAB,fold_4_nll_threshold_search,7,5,5,probabilistic_suffix_tree,2,1,0.1,1.5,negative_log,1e-12,161,441,894,0.01259137195250771,pst_nll_threshold_tuning,1.5
0.5119182746878547,0.2702702702702703,0.22508038585209003,0.24561403508771928,gaussian_noise,SKAB,fold_4_nll_threshold_search,7,5,5,probabilistic_suffix_tree,2,1,0.1,1.5,negative_log,1e-12,161,441,894,0.01259137195250771,pst_nll_threshold_tuning,1.5
0.1282051282051282,0.05714285714285714,0.6666666666666666,0.10526315789473684,unseen_data,SKAB,fold_4_nll_threshold_search,7,5,5,probabilistic_suffix_tree,2,1,0.1,1.5,negative_log,1e-12,161,441,894,0.01259137195250771,pst_nll_threshold_tuning,1.5
0.5119182746878547,0.28205128205128205,0.24758842443729903,0.2636986301369863,original,SKAB,fold_4_nll_threshold_search,999,5,5,probabilistic_suffix_tree,2,1,0.1,1.5,negative_log,1e-12,161,441,894,0.01259137195250771,pst_nll_threshold_tuning,1.5
0.5085130533484676,0.28214285714285714,0.2540192926045016,0.2673434856175973,gaussian_noise,SKAB,fold_4_nll_threshold_search,999,5,5,probabilistic_suffix_tree,2,1,0.1,1.5,negative_log,1e-12,161,441,894,0.01259137195250771,pst_nll_threshold_tuning,1.5
0.1282051282051282,0.05714285714285714,0.6666666666666666,0.10526315789473684,unseen_data,SKAB,fold_4_nll_threshold_search,999,5,5,probabilistic_suffix_tree,2,1,0.1,1.5,negative_log,1e-12,161,441,894,0.01259137195250771,pst_nll_threshold_tuning,1.5
0.5825027685492802,0.455078125,0.7039274924471299,0.5527876631079478,original,SKAB,fold_5_nll_threshold_search,42,5,5,probabilistic_suffix_tree,2,1,0.1,1.5,negative_log,1e-12,136,380,789,0.01526702786377709,pst_nll_threshold_tuning,1.5
0.5780730897009967,0.4528301886792453,0.7250755287009063,0.5574912891986062,gaussian_noise,SKAB,fold_5_nll_threshold_search,42,5,5,probabilistic_suffix_tree,2,1,0.1,1.5,negative_log,1e-12,136,380,789,0.01526702786377709,pst_nll_threshold_tuning,1.5
0.582010582010582,0.574585635359116,0.9811320754716981,0.7247386759581882,unseen_data,SKAB,fold_5_nll_threshold_search,42,5,5,probabilistic_suffix_tree,2,1,0.1,1.5,negative_log,1e-12,136,380,789,0.01526702786377709,pst_nll_threshold_tuning,1.5
0.5825027685492802,0.455078125,0.7039274924471299,0.5527876631079478,original,SKAB,fold_5_nll_threshold_search,123,5,5,probabilistic_suffix_tree,2,1,0.1,1.5,negative_log,1e-12,136,380,789,0.01526702786377709,pst_nll_threshold_tuning,1.5
0.5880398671096345,0.45972495088408644,0.7069486404833837,0.5571428571428572,gaussian_noise,SKAB,fold_5_nll_threshold_search,123,5,5,probabilistic_suffix_tree,2,1,0.1,1.5,negative_log,1e-12,136,380,789,0.01526702786377709,pst_nll_threshold_tuning,1.5
0.582010582010582,0.574585635359116,0.9811320754716981,0.7247386759581882,unseen_data,SKAB,fold_5_nll_threshold_search,123,5,5,probabilistic_suffix_tree,2,1,0.1,1.5,negative_log,1e-12,136,380,789,0.01526702786377709,pst_nll_threshold_tuning,1.5
0.5825027685492802,0.455078125,0.7039274924471299,0.5527876631079478,original,SKAB,fold_5_nll_threshold_search,2026,5,5,probabilistic_suffix_tree,2,1,0.1,1.5,negative_log,1e-12,136,380,789,0.01526702786377709,pst_nll_threshold_tuning,1.5
0.5858250276854928,0.4601113172541744,0.7492447129909365,0.5701149425287356,gaussian_noise,SKAB,fold_5_nll_threshold_search,2026,5,5,probabilistic_suffix_tree,2,1,0.1,1.5,negative_log,1e-12,136,380,789,0.01526702786377709,pst_nll_threshold_tuning,1.5
0.582010582010582,0.574585635359116,0.9811320754716981,0.7247386759581882,unseen_data,SKAB,fold_5_nll_threshold_search,2026,5,5,probabilistic_suffix_tree,2,1,0.1,1.5,negative_log,1e-12,136,380,789,0.01526702786377709,pst_nll_threshold_tuning,1.5
0.5825027685492802,0.455078125,0.7039274924471299,0.5527876631079478,original,SKAB,fold_5_nll_threshold_search,7,5,5,probabilistic_suffix_tree,2,1,0.1,1.5,negative_log,1e-12,136,380,789,0.01526702786377709,pst_nll_threshold_tuning,1.5
0.583610188261351,0.4563106796116505,0.7099697885196374,0.5555555555555556,gaussian_noise,SKAB,fold_5_nll_threshold_search,7,5,5,probabilistic_suffix_tree,2,1,0.1,1.5,negative_log,1e-12,136,380,789,0.01526702786377709,pst_nll_threshold_tuning,1.5
0.582010582010582,0.574585635359116,0.9811320754716981,0.7247386759581882,unseen_data,SKAB,fold_5_nll_threshold_search,7,5,5,probabilistic_suffix_tree,2,1,0.1,1.5,negative_log,1e-12,136,380,789,0.01526702786377709,pst_nll_threshold_tuning,1.5
0.5825027685492802,0.455078125,0.7039274924471299,0.5527876631079478,original,SKAB,fold_5_nll_threshold_search,999,5,5,probabilistic_suffix_tree,2,1,0.1,1.5,negative_log,1e-12,136,380,789,0.01526702786377709,pst_nll_threshold_tuning,1.5
0.5825027685492802,0.45436507936507936,0.6918429003021148,0.548502994011976,gaussian_noise,SKAB,fold_5_nll_threshold_search,999,5,5,probabilistic_suffix_tree,2,1,0.1,1.5,negative_log,1e-12,136,380,789,0.01526702786377709,pst_nll_threshold_tuning,1.5
0.582010582010582,0.574585635359116,0.9811320754716981,0.7247386759581882,unseen_data,SKAB,fold_5_nll_threshold_search,999,5,5,probabilistic_suffix_tree,2,1,0.1,1.5,negative_log,1e-12,136,380,789,0.01526702786377709,pst_nll_threshold_tuning,1.5
