scenario,order,anomaly_threshold,accuracy_mean,accuracy_std,precision_mean,precision_std,recall_mean,recall_std,f1_score_mean,f1_score_std
gaussian_noise,2,0.05,0.21756097560975612,0.00556183134194702,0.039569294799818924,0.004979967694685318,0.9428571428571428,0.12777531299998798,0.07595072191269825,0.009588182821076794
original,2,0.05,0.20487804878048782,0.0,0.041176470588235294,0.0,1.0,0.0,0.07909604519774012,0.0
unseen_data,2,0.05,0.375,0.0,0.09090909090909091,0.0,1.0,0.0,0.16666666666666666,0.0
