scenario,accuracy_mean,accuracy_std,precision_mean,precision_std,recall_mean,recall_std,f1_score_mean,f1_score_std
gaussian_noise,0.9694545454545456,0.0019917183909278825,0.3,0.045643546458763846,0.14285714285714285,0.0,0.19272727272727272,0.009958591954639391
original,0.9709090909090909,0.0,0.3333333333333333,0.0,0.14285714285714285,0.0,0.2,0.0
unseen_data,0.983425414364641,0.0,0.0,0.0,0.0,0.0,0.0,0.0
