accuracy,precision,recall,f1_score,scenario,dataset,fold,seed,window_size,alphabet_size,order,anomaly_threshold,smoothing_alpha,decision_mode,score_threshold,score_window,max_mapping_distance,num_states,vocab_size,num_transitions,transition_density
0.9512195121951219,0.36363636363636365,0.5714285714285714,0.4444444444444444,original,BATADAL,mapping_distance_sweep,42,4,3,3,0.05,0.1,avg_negative_log,3.912,5,,366,65,553,0.023245060949978982
0.9560975609756097,0.4,0.5714285714285714,0.47058823529411764,gaussian_noise,BATADAL,mapping_distance_sweep,42,4,3,3,0.05,0.1,avg_negative_log,3.912,5,,366,65,553,0.023245060949978982
0.8125,0.25,1.0,0.4,unseen_data,BATADAL,mapping_distance_sweep,42,4,3,3,0.05,0.1,avg_negative_log,3.912,5,,366,65,553,0.023245060949978982
0.9512195121951219,0.36363636363636365,0.5714285714285714,0.4444444444444444,original,BATADAL,mapping_distance_sweep,123,4,3,3,0.05,0.1,avg_negative_log,3.912,5,,366,65,553,0.023245060949978982
0.926829268292683,0.1,0.14285714285714285,0.11764705882352941,gaussian_noise,BATADAL,mapping_distance_sweep,123,4,3,3,0.05,0.1,avg_negative_log,3.912,5,,366,65,553,0.023245060949978982
0.8125,0.25,1.0,0.4,unseen_data,BATADAL,mapping_distance_sweep,123,4,3,3,0.05,0.1,avg_negative_log,3.912,5,,366,65,553,0.023245060949978982
0.9512195121951219,0.36363636363636365,0.5714285714285714,0.4444444444444444,original,BATADAL,mapping_distance_sweep,2026,4,3,3,0.05,0.1,avg_negative_log,3.912,5,,366,65,553,0.023245060949978982
0.9463414634146341,0.3333333333333333,0.5714285714285714,0.42105263157894735,gaussian_noise,BATADAL,mapping_distance_sweep,2026,4,3,3,0.05,0.1,avg_negative_log,3.912,5,,366,65,553,0.023245060949978982
0.8125,0.25,1.0,0.4,unseen_data,BATADAL,mapping_distance_sweep,2026,4,3,3,0.05,0.1,avg_negative_log,3.912,5,,366,65,553,0.023245060949978982
0.9512195121951219,0.36363636363636365,0.5714285714285714,0.4444444444444444,original,BATADAL,mapping_distance_sweep,7,4,3,3,0.05,0.1,avg_negative_log,3.912,5,,366,65,553,0.023245060949978982
0.9512195121951219,0.36363636363636365,0.5714285714285714,0.4444444444444444,gaussian_noise,BATADAL,mapping_distance_sweep,7,4,3,3,0.05,0.1,avg_negative_log,3.912,5,,366,65,553,0.023245060949978982
0.8125,0.25,1.0,0.4,unseen_data,BATADAL,mapping_distance_sweep,7,4,3,3,0.05,0.1,avg_negative_log,3.912,5,,366,65,553,0.023245060949978982
0.9512195121951219,0.36363636363636365,0.5714285714285714,0.4444444444444444,original,BATADAL,mapping_distance_sweep,999,4,3,3,0.05,0.1,avg_negative_log,3.912,5,,366,65,553,0.023245060949978982
0.9512195121951219,0.36363636363636365,0.5714285714285714,0.4444444444444444,gaussian_noise,BATADAL,mapping_distance_sweep,999,4,3,3,0.05,0.1,avg_negative_log,3.912,5,,366,65,553,0.023245060949978982
0.8125,0.25,1.0,0.4,unseen_data,BATADAL,mapping_distance_sweep,999,4,3,3,0.05,0.1,avg_negative_log,3.912,5,,366,65,553,0.023245060949978982
0.9512195121951219,0.36363636363636365,0.5714285714285714,0.4444444444444444,original,BATADAL,mapping_distance_sweep,42,4,3,3,0.05,0.1,avg_negative_log,3.912,5,1.0,366,65,553,0.023245060949978982
0.9560975609756097,0.4,0.5714285714285714,0.47058823529411764,gaussian_noise,BATADAL,mapping_distance_sweep,42,4,3,3,0.05,0.1,avg_negative_log,3.912,5,1.0,366,65,553,0.023245060949978982
0.8125,0.25,1.0,0.4,unseen_data,BATADAL,mapping_distance_sweep,42,4,3,3,0.05,0.1,avg_negative_log,3.912,5,1.0,366,65,553,0.023245060949978982
0.9512195121951219,0.36363636363636365,0.5714285714285714,0.4444444444444444,original,BATADAL,mapping_distance_sweep,123,4,3,3,0.05,0.1,avg_negative_log,3.912,5,1.0,366,65,553,0.023245060949978982
0.926829268292683,0.1,0.14285714285714285,0.11764705882352941,gaussian_noise,BATADAL,mapping_distance_sweep,123,4,3,3,0.05,0.1,avg_negative_log,3.912,5,1.0,366,65,553,0.023245060949978982
0.8125,0.25,1.0,0.4,unseen_data,BATADAL,mapping_distance_sweep,123,4,3,3,0.05,0.1,avg_negative_log,3.912,5,1.0,366,65,553,0.023245060949978982
0.9512195121951219,0.36363636363636365,0.5714285714285714,0.4444444444444444,original,BATADAL,mapping_distance_sweep,2026,4,3,3,0.05,0.1,avg_negative_log,3.912,5,1.0,366,65,553,0.023245060949978982
0.9463414634146341,0.3333333333333333,0.5714285714285714,0.42105263157894735,gaussian_noise,BATADAL,mapping_distance_sweep,2026,4,3,3,0.05,0.1,avg_negative_log,3.912,5,1.0,366,65,553,0.023245060949978982
0.8125,0.25,1.0,0.4,unseen_data,BATADAL,mapping_distance_sweep,2026,4,3,3,0.05,0.1,avg_negative_log,3.912,5,1.0,366,65,553,0.023245060949978982
0.9512195121951219,0.36363636363636365,0.5714285714285714,0.4444444444444444,original,BATADAL,mapping_distance_sweep,7,4,3,3,0.05,0.1,avg_negative_log,3.912,5,1.0,366,65,553,0.023245060949978982
0.9512195121951219,0.36363636363636365,0.5714285714285714,0.4444444444444444,gaussian_noise,BATADAL,mapping_distance_sweep,7,4,3,3,0.05,0.1,avg_negative_log,3.912,5,1.0,366,65,553,0.023245060949978982
0.8125,0.25,1.0,0.4,unseen_data,BATADAL,mapping_distance_sweep,7,4,3,3,0.05,0.1,avg_negative_log,3.912,5,1.0,366,65,553,0.023245060949978982
0.9512195121951219,0.36363636363636365,0.5714285714285714,0.4444444444444444,original,BATADAL,mapping_distance_sweep,999,4,3,3,0.05,0.1,avg_negative_log,3.912,5,1.0,366,65,553,0.023245060949978982
0.9512195121951219,0.36363636363636365,0.5714285714285714,0.4444444444444444,gaussian_noise,BATADAL,mapping_distance_sweep,999,4,3,3,0.05,0.1,avg_negative_log,3.912,5,1.0,366,65,553,0.023245060949978982
0.8125,0.25,1.0,0.4,unseen_data,BATADAL,mapping_distance_sweep,999,4,3,3,0.05,0.1,avg_negative_log,3.912,5,1.0,366,65,553,0.023245060949978982
0.9512195121951219,0.36363636363636365,0.5714285714285714,0.4444444444444444,original,BATADAL,mapping_distance_sweep,42,4,3,3,0.05,0.1,avg_negative_log,3.912,5,2.0,366,65,553,0.023245060949978982
0.9560975609756097,0.4,0.5714285714285714,0.47058823529411764,gaussian_noise,BATADAL,mapping_distance_sweep,42,4,3,3,0.05,0.1,avg_negative_log,3.912,5,2.0,366,65,553,0.023245060949978982
0.8125,0.25,1.0,0.4,unseen_data,BATADAL,mapping_distance_sweep,42,4,3,3,0.05,0.1,avg_negative_log,3.912,5,2.0,366,65,553,0.023245060949978982
0.9512195121951219,0.36363636363636365,0.5714285714285714,0.4444444444444444,original,BATADAL,mapping_distance_sweep,123,4,3,3,0.05,0.1,avg_negative_log,3.912,5,2.0,366,65,553,0.023245060949978982
0.926829268292683,0.1,0.14285714285714285,0.11764705882352941,gaussian_noise,BATADAL,mapping_distance_sweep,123,4,3,3,0.05,0.1,avg_negative_log,3.912,5,2.0,366,65,553,0.023245060949978982
0.8125,0.25,1.0,0.4,unseen_data,BATADAL,mapping_distance_sweep,123,4,3,3,0.05,0.1,avg_negative_log,3.912,5,2.0,366,65,553,0.023245060949978982
0.9512195121951219,0.36363636363636365,0.5714285714285714,0.4444444444444444,original,BATADAL,mapping_distance_sweep,2026,4,3,3,0.05,0.1,avg_negative_log,3.912,5,2.0,366,65,553,0.023245060949978982
0.9463414634146341,0.3333333333333333,0.5714285714285714,0.42105263157894735,gaussian_noise,BATADAL,mapping_distance_sweep,2026,4,3,3,0.05,0.1,avg_negative_log,3.912,5,2.0,366,65,553,0.023245060949978982
0.8125,0.25,1.0,0.4,unseen_data,BATADAL,mapping_distance_sweep,2026,4,3,3,0.05,0.1,avg_negative_log,3.912,5,2.0,366,65,553,0.023245060949978982
0.9512195121951219,0.36363636363636365,0.5714285714285714,0.4444444444444444,original,BATADAL,mapping_distance_sweep,7,4,3,3,0.05,0.1,avg_negative_log,3.912,5,2.0,366,65,553,0.023245060949978982
0.9512195121951219,0.36363636363636365,0.5714285714285714,0.4444444444444444,gaussian_noise,BATADAL,mapping_distance_sweep,7,4,3,3,0.05,0.1,avg_negative_log,3.912,5,2.0,366,65,553,0.023245060949978982
0.8125,0.25,1.0,0.4,unseen_data,BATADAL,mapping_distance_sweep,7,4,3,3,0.05,0.1,avg_negative_log,3.912,5,2.0,366,65,553,0.023245060949978982
0.9512195121951219,0.36363636363636365,0.5714285714285714,0.4444444444444444,original,BATADAL,mapping_distance_sweep,999,4,3,3,0.05,0.1,avg_negative_log,3.912,5,2.0,366,65,553,0.023245060949978982
0.9512195121951219,0.36363636363636365,0.5714285714285714,0.4444444444444444,gaussian_noise,BATADAL,mapping_distance_sweep,999,4,3,3,0.05,0.1,avg_negative_log,3.912,5,2.0,366,65,553,0.023245060949978982
0.8125,0.25,1.0,0.4,unseen_data,BATADAL,mapping_distance_sweep,999,4,3,3,0.05,0.1,avg_negative_log,3.912,5,2.0,366,65,553,0.023245060949978982
0.9512195121951219,0.36363636363636365,0.5714285714285714,0.4444444444444444,original,BATADAL,mapping_distance_sweep,42,4,3,3,0.05,0.1,avg_negative_log,3.912,5,3.0,366,65,553,0.023245060949978982
0.9560975609756097,0.4,0.5714285714285714,0.47058823529411764,gaussian_noise,BATADAL,mapping_distance_sweep,42,4,3,3,0.05,0.1,avg_negative_log,3.912,5,3.0,366,65,553,0.023245060949978982
0.8125,0.25,1.0,0.4,unseen_data,BATADAL,mapping_distance_sweep,42,4,3,3,0.05,0.1,avg_negative_log,3.912,5,3.0,366,65,553,0.023245060949978982
0.9512195121951219,0.36363636363636365,0.5714285714285714,0.4444444444444444,original,BATADAL,mapping_distance_sweep,123,4,3,3,0.05,0.1,avg_negative_log,3.912,5,3.0,366,65,553,0.023245060949978982
0.926829268292683,0.1,0.14285714285714285,0.11764705882352941,gaussian_noise,BATADAL,mapping_distance_sweep,123,4,3,3,0.05,0.1,avg_negative_log,3.912,5,3.0,366,65,553,0.023245060949978982
0.8125,0.25,1.0,0.4,unseen_data,BATADAL,mapping_distance_sweep,123,4,3,3,0.05,0.1,avg_negative_log,3.912,5,3.0,366,65,553,0.023245060949978982
0.9512195121951219,0.36363636363636365,0.5714285714285714,0.4444444444444444,original,BATADAL,mapping_distance_sweep,2026,4,3,3,0.05,0.1,avg_negative_log,3.912,5,3.0,366,65,553,0.023245060949978982
0.9463414634146341,0.3333333333333333,0.5714285714285714,0.42105263157894735,gaussian_noise,BATADAL,mapping_distance_sweep,2026,4,3,3,0.05,0.1,avg_negative_log,3.912,5,3.0,366,65,553,0.023245060949978982
0.8125,0.25,1.0,0.4,unseen_data,BATADAL,mapping_distance_sweep,2026,4,3,3,0.05,0.1,avg_negative_log,3.912,5,3.0,366,65,553,0.023245060949978982
0.9512195121951219,0.36363636363636365,0.5714285714285714,0.4444444444444444,original,BATADAL,mapping_distance_sweep,7,4,3,3,0.05,0.1,avg_negative_log,3.912,5,3.0,366,65,553,0.023245060949978982
0.9512195121951219,0.36363636363636365,0.5714285714285714,0.4444444444444444,gaussian_noise,BATADAL,mapping_distance_sweep,7,4,3,3,0.05,0.1,avg_negative_log,3.912,5,3.0,366,65,553,0.023245060949978982
0.8125,0.25,1.0,0.4,unseen_data,BATADAL,mapping_distance_sweep,7,4,3,3,0.05,0.1,avg_negative_log,3.912,5,3.0,366,65,553,0.023245060949978982
0.9512195121951219,0.36363636363636365,0.5714285714285714,0.4444444444444444,original,BATADAL,mapping_distance_sweep,999,4,3,3,0.05,0.1,avg_negative_log,3.912,5,3.0,366,65,553,0.023245060949978982
0.9512195121951219,0.36363636363636365,0.5714285714285714,0.4444444444444444,gaussian_noise,BATADAL,mapping_distance_sweep,999,4,3,3,0.05,0.1,avg_negative_log,3.912,5,3.0,366,65,553,0.023245060949978982
0.8125,0.25,1.0,0.4,unseen_data,BATADAL,mapping_distance_sweep,999,4,3,3,0.05,0.1,avg_negative_log,3.912,5,3.0,366,65,553,0.023245060949978982
0.9463414634146341,0.3333333333333333,0.5714285714285714,0.42105263157894735,original,BATADAL,mapping_distance_sweep,42,4,3,2,0.05,0.1,avg_negative_log,3.912,5,,184,65,301,0.02516722408026756
0.9512195121951219,0.36363636363636365,0.5714285714285714,0.4444444444444444,gaussian_noise,BATADAL,mapping_distance_sweep,42,4,3,2,0.05,0.1,avg_negative_log,3.912,5,,184,65,301,0.02516722408026756
0.75,0.2,1.0,0.3333333333333333,unseen_data,BATADAL,mapping_distance_sweep,42,4,3,2,0.05,0.1,avg_negative_log,3.912,5,,184,65,301,0.02516722408026756
0.9463414634146341,0.3333333333333333,0.5714285714285714,0.42105263157894735,original,BATADAL,mapping_distance_sweep,123,4,3,2,0.05,0.1,avg_negative_log,3.912,5,,184,65,301,0.02516722408026756
0.926829268292683,0.16666666666666666,0.2857142857142857,0.21052631578947367,gaussian_noise,BATADAL,mapping_distance_sweep,123,4,3,2,0.05,0.1,avg_negative_log,3.912,5,,184,65,301,0.02516722408026756
0.75,0.2,1.0,0.3333333333333333,unseen_data,BATADAL,mapping_distance_sweep,123,4,3,2,0.05,0.1,avg_negative_log,3.912,5,,184,65,301,0.02516722408026756
0.9463414634146341,0.3333333333333333,0.5714285714285714,0.42105263157894735,original,BATADAL,mapping_distance_sweep,2026,4,3,2,0.05,0.1,avg_negative_log,3.912,5,,184,65,301,0.02516722408026756
0.9414634146341463,0.3076923076923077,0.5714285714285714,0.4,gaussian_noise,BATADAL,mapping_distance_sweep,2026,4,3,2,0.05,0.1,avg_negative_log,3.912,5,,184,65,301,0.02516722408026756
0.75,0.2,1.0,0.3333333333333333,unseen_data,BATADAL,mapping_distance_sweep,2026,4,3,2,0.05,0.1,avg_negative_log,3.912,5,,184,65,301,0.02516722408026756
0.9463414634146341,0.3333333333333333,0.5714285714285714,0.42105263157894735,original,BATADAL,mapping_distance_sweep,7,4,3,2,0.05,0.1,avg_negative_log,3.912,5,,184,65,301,0.02516722408026756
0.9463414634146341,0.3333333333333333,0.5714285714285714,0.42105263157894735,gaussian_noise,BATADAL,mapping_distance_sweep,7,4,3,2,0.05,0.1,avg_negative_log,3.912,5,,184,65,301,0.02516722408026756
0.75,0.2,1.0,0.3333333333333333,unseen_data,BATADAL,mapping_distance_sweep,7,4,3,2,0.05,0.1,avg_negative_log,3.912,5,,184,65,301,0.02516722408026756
0.9463414634146341,0.3333333333333333,0.5714285714285714,0.42105263157894735,original,BATADAL,mapping_distance_sweep,999,4,3,2,0.05,0.1,avg_negative_log,3.912,5,,184,65,301,0.02516722408026756
0.9463414634146341,0.3333333333333333,0.5714285714285714,0.42105263157894735,gaussian_noise,BATADAL,mapping_distance_sweep,999,4,3,2,0.05,0.1,avg_negative_log,3.912,5,,184,65,301,0.02516722408026756
0.75,0.2,1.0,0.3333333333333333,unseen_data,BATADAL,mapping_distance_sweep,999,4,3,2,0.05,0.1,avg_negative_log,3.912,5,,184,65,301,0.02516722408026756
0.9463414634146341,0.3333333333333333,0.5714285714285714,0.42105263157894735,original,BATADAL,mapping_distance_sweep,42,4,3,2,0.05,0.1,avg_negative_log,3.912,5,1.0,184,65,301,0.02516722408026756
0.9512195121951219,0.36363636363636365,0.5714285714285714,0.4444444444444444,gaussian_noise,BATADAL,mapping_distance_sweep,42,4,3,2,0.05,0.1,avg_negative_log,3.912,5,1.0,184,65,301,0.02516722408026756
0.75,0.2,1.0,0.3333333333333333,unseen_data,BATADAL,mapping_distance_sweep,42,4,3,2,0.05,0.1,avg_negative_log,3.912,5,1.0,184,65,301,0.02516722408026756
0.9463414634146341,0.3333333333333333,0.5714285714285714,0.42105263157894735,original,BATADAL,mapping_distance_sweep,123,4,3,2,0.05,0.1,avg_negative_log,3.912,5,1.0,184,65,301,0.02516722408026756
0.926829268292683,0.16666666666666666,0.2857142857142857,0.21052631578947367,gaussian_noise,BATADAL,mapping_distance_sweep,123,4,3,2,0.05,0.1,avg_negative_log,3.912,5,1.0,184,65,301,0.02516722408026756
0.75,0.2,1.0,0.3333333333333333,unseen_data,BATADAL,mapping_distance_sweep,123,4,3,2,0.05,0.1,avg_negative_log,3.912,5,1.0,184,65,301,0.02516722408026756
0.9463414634146341,0.3333333333333333,0.5714285714285714,0.42105263157894735,original,BATADAL,mapping_distance_sweep,2026,4,3,2,0.05,0.1,avg_negative_log,3.912,5,1.0,184,65,301,0.02516722408026756
0.9414634146341463,0.3076923076923077,0.5714285714285714,0.4,gaussian_noise,BATADAL,mapping_distance_sweep,2026,4,3,2,0.05,0.1,avg_negative_log,3.912,5,1.0,184,65,301,0.02516722408026756
0.75,0.2,1.0,0.3333333333333333,unseen_data,BATADAL,mapping_distance_sweep,2026,4,3,2,0.05,0.1,avg_negative_log,3.912,5,1.0,184,65,301,0.02516722408026756
0.9463414634146341,0.3333333333333333,0.5714285714285714,0.42105263157894735,original,BATADAL,mapping_distance_sweep,7,4,3,2,0.05,0.1,avg_negative_log,3.912,5,1.0,184,65,301,0.02516722408026756
0.9463414634146341,0.3333333333333333,0.5714285714285714,0.42105263157894735,gaussian_noise,BATADAL,mapping_distance_sweep,7,4,3,2,0.05,0.1,avg_negative_log,3.912,5,1.0,184,65,301,0.02516722408026756
0.75,0.2,1.0,0.3333333333333333,unseen_data,BATADAL,mapping_distance_sweep,7,4,3,2,0.05,0.1,avg_negative_log,3.912,5,1.0,184,65,301,0.02516722408026756
0.9463414634146341,0.3333333333333333,0.5714285714285714,0.42105263157894735,original,BATADAL,mapping_distance_sweep,999,4,3,2,0.05,0.1,avg_negative_log,3.912,5,1.0,184,65,301,0.02516722408026756
0.9463414634146341,0.3333333333333333,0.5714285714285714,0.42105263157894735,gaussian_noise,BATADAL,mapping_distance_sweep,999,4,3,2,0.05,0.1,avg_negative_log,3.912,5,1.0,184,65,301,0.02516722408026756
0.75,0.2,1.0,0.3333333333333333,unseen_data,BATADAL,mapping_distance_sweep,999,4,3,2,0.05,0.1,avg_negative_log,3.912,5,1.0,184,65,301,0.02516722408026756
0.9463414634146341,0.3333333333333333,0.5714285714285714,0.42105263157894735,original,BATADAL,mapping_distance_sweep,42,4,3,2,0.05,0.1,avg_negative_log,3.912,5,2.0,184,65,301,0.02516722408026756
0.9512195121951219,0.36363636363636365,0.5714285714285714,0.4444444444444444,gaussian_noise,BATADAL,mapping_distance_sweep,42,4,3,2,0.05,0.1,avg_negative_log,3.912,5,2.0,184,65,301,0.02516722408026756
0.75,0.2,1.0,0.3333333333333333,unseen_data,BATADAL,mapping_distance_sweep,42,4,3,2,0.05,0.1,avg_negative_log,3.912,5,2.0,184,65,301,0.02516722408026756
0.9463414634146341,0.3333333333333333,0.5714285714285714,0.42105263157894735,original,BATADAL,mapping_distance_sweep,123,4,3,2,0.05,0.1,avg_negative_log,3.912,5,2.0,184,65,301,0.02516722408026756
0.926829268292683,0.16666666666666666,0.2857142857142857,0.21052631578947367,gaussian_noise,BATADAL,mapping_distance_sweep,123,4,3,2,0.05,0.1,avg_negative_log,3.912,5,2.0,184,65,301,0.02516722408026756
0.75,0.2,1.0,0.3333333333333333,unseen_data,BATADAL,mapping_distance_sweep,123,4,3,2,0.05,0.1,avg_negative_log,3.912,5,2.0,184,65,301,0.02516722408026756
0.9463414634146341,0.3333333333333333,0.5714285714285714,0.42105263157894735,original,BATADAL,mapping_distance_sweep,2026,4,3,2,0.05,0.1,avg_negative_log,3.912,5,2.0,184,65,301,0.02516722408026756
0.9414634146341463,0.3076923076923077,0.5714285714285714,0.4,gaussian_noise,BATADAL,mapping_distance_sweep,2026,4,3,2,0.05,0.1,avg_negative_log,3.912,5,2.0,184,65,301,0.02516722408026756
0.75,0.2,1.0,0.3333333333333333,unseen_data,BATADAL,mapping_distance_sweep,2026,4,3,2,0.05,0.1,avg_negative_log,3.912,5,2.0,184,65,301,0.02516722408026756
0.9463414634146341,0.3333333333333333,0.5714285714285714,0.42105263157894735,original,BATADAL,mapping_distance_sweep,7,4,3,2,0.05,0.1,avg_negative_log,3.912,5,2.0,184,65,301,0.02516722408026756
0.9463414634146341,0.3333333333333333,0.5714285714285714,0.42105263157894735,gaussian_noise,BATADAL,mapping_distance_sweep,7,4,3,2,0.05,0.1,avg_negative_log,3.912,5,2.0,184,65,301,0.02516722408026756
0.75,0.2,1.0,0.3333333333333333,unseen_data,BATADAL,mapping_distance_sweep,7,4,3,2,0.05,0.1,avg_negative_log,3.912,5,2.0,184,65,301,0.02516722408026756
0.9463414634146341,0.3333333333333333,0.5714285714285714,0.42105263157894735,original,BATADAL,mapping_distance_sweep,999,4,3,2,0.05,0.1,avg_negative_log,3.912,5,2.0,184,65,301,0.02516722408026756
0.9463414634146341,0.3333333333333333,0.5714285714285714,0.42105263157894735,gaussian_noise,BATADAL,mapping_distance_sweep,999,4,3,2,0.05,0.1,avg_negative_log,3.912,5,2.0,184,65,301,0.02516722408026756
0.75,0.2,1.0,0.3333333333333333,unseen_data,BATADAL,mapping_distance_sweep,999,4,3,2,0.05,0.1,avg_negative_log,3.912,5,2.0,184,65,301,0.02516722408026756
0.9463414634146341,0.3333333333333333,0.5714285714285714,0.42105263157894735,original,BATADAL,mapping_distance_sweep,42,4,3,2,0.05,0.1,avg_negative_log,3.912,5,3.0,184,65,301,0.02516722408026756
0.9512195121951219,0.36363636363636365,0.5714285714285714,0.4444444444444444,gaussian_noise,BATADAL,mapping_distance_sweep,42,4,3,2,0.05,0.1,avg_negative_log,3.912,5,3.0,184,65,301,0.02516722408026756
0.75,0.2,1.0,0.3333333333333333,unseen_data,BATADAL,mapping_distance_sweep,42,4,3,2,0.05,0.1,avg_negative_log,3.912,5,3.0,184,65,301,0.02516722408026756
0.9463414634146341,0.3333333333333333,0.5714285714285714,0.42105263157894735,original,BATADAL,mapping_distance_sweep,123,4,3,2,0.05,0.1,avg_negative_log,3.912,5,3.0,184,65,301,0.02516722408026756
0.926829268292683,0.16666666666666666,0.2857142857142857,0.21052631578947367,gaussian_noise,BATADAL,mapping_distance_sweep,123,4,3,2,0.05,0.1,avg_negative_log,3.912,5,3.0,184,65,301,0.02516722408026756
0.75,0.2,1.0,0.3333333333333333,unseen_data,BATADAL,mapping_distance_sweep,123,4,3,2,0.05,0.1,avg_negative_log,3.912,5,3.0,184,65,301,0.02516722408026756
0.9463414634146341,0.3333333333333333,0.5714285714285714,0.42105263157894735,original,BATADAL,mapping_distance_sweep,2026,4,3,2,0.05,0.1,avg_negative_log,3.912,5,3.0,184,65,301,0.02516722408026756
0.9414634146341463,0.3076923076923077,0.5714285714285714,0.4,gaussian_noise,BATADAL,mapping_distance_sweep,2026,4,3,2,0.05,0.1,avg_negative_log,3.912,5,3.0,184,65,301,0.02516722408026756
0.75,0.2,1.0,0.3333333333333333,unseen_data,BATADAL,mapping_distance_sweep,2026,4,3,2,0.05,0.1,avg_negative_log,3.912,5,3.0,184,65,301,0.02516722408026756
0.9463414634146341,0.3333333333333333,0.5714285714285714,0.42105263157894735,original,BATADAL,mapping_distance_sweep,7,4,3,2,0.05,0.1,avg_negative_log,3.912,5,3.0,184,65,301,0.02516722408026756
0.9463414634146341,0.3333333333333333,0.5714285714285714,0.42105263157894735,gaussian_noise,BATADAL,mapping_distance_sweep,7,4,3,2,0.05,0.1,avg_negative_log,3.912,5,3.0,184,65,301,0.02516722408026756
0.75,0.2,1.0,0.3333333333333333,unseen_data,BATADAL,mapping_distance_sweep,7,4,3,2,0.05,0.1,avg_negative_log,3.912,5,3.0,184,65,301,0.02516722408026756
0.9463414634146341,0.3333333333333333,0.5714285714285714,0.42105263157894735,original,BATADAL,mapping_distance_sweep,999,4,3,2,0.05,0.1,avg_negative_log,3.912,5,3.0,184,65,301,0.02516722408026756
0.9463414634146341,0.3333333333333333,0.5714285714285714,0.42105263157894735,gaussian_noise,BATADAL,mapping_distance_sweep,999,4,3,2,0.05,0.1,avg_negative_log,3.912,5,3.0,184,65,301,0.02516722408026756
0.75,0.2,1.0,0.3333333333333333,unseen_data,BATADAL,mapping_distance_sweep,999,4,3,2,0.05,0.1,avg_negative_log,3.912,5,3.0,184,65,301,0.02516722408026756
0.9365853658536586,0.2857142857142857,0.5714285714285714,0.38095238095238093,original,BATADAL,mapping_distance_sweep,42,4,3,2,0.05,0.5,avg_negative_log,3.912,5,,184,65,301,0.02516722408026756
0.926829268292683,0.25,0.5714285714285714,0.34782608695652173,gaussian_noise,BATADAL,mapping_distance_sweep,42,4,3,2,0.05,0.5,avg_negative_log,3.912,5,,184,65,301,0.02516722408026756
0.875,0.0,0.0,0.0,unseen_data,BATADAL,mapping_distance_sweep,42,4,3,2,0.05,0.5,avg_negative_log,3.912,5,,184,65,301,0.02516722408026756
0.9365853658536586,0.2857142857142857,0.5714285714285714,0.38095238095238093,original,BATADAL,mapping_distance_sweep,123,4,3,2,0.05,0.5,avg_negative_log,3.912,5,,184,65,301,0.02516722408026756
0.9121951219512195,0.07692307692307693,0.14285714285714285,0.1,gaussian_noise,BATADAL,mapping_distance_sweep,123,4,3,2,0.05,0.5,avg_negative_log,3.912,5,,184,65,301,0.02516722408026756
0.875,0.0,0.0,0.0,unseen_data,BATADAL,mapping_distance_sweep,123,4,3,2,0.05,0.5,avg_negative_log,3.912,5,,184,65,301,0.02516722408026756
0.9365853658536586,0.2857142857142857,0.5714285714285714,0.38095238095238093,original,BATADAL,mapping_distance_sweep,2026,4,3,2,0.05,0.5,avg_negative_log,3.912,5,,184,65,301,0.02516722408026756
0.926829268292683,0.25,0.5714285714285714,0.34782608695652173,gaussian_noise,BATADAL,mapping_distance_sweep,2026,4,3,2,0.05,0.5,avg_negative_log,3.912,5,,184,65,301,0.02516722408026756
0.875,0.0,0.0,0.0,unseen_data,BATADAL,mapping_distance_sweep,2026,4,3,2,0.05,0.5,avg_negative_log,3.912,5,,184,65,301,0.02516722408026756
0.9365853658536586,0.2857142857142857,0.5714285714285714,0.38095238095238093,original,BATADAL,mapping_distance_sweep,7,4,3,2,0.05,0.5,avg_negative_log,3.912,5,,184,65,301,0.02516722408026756
0.9365853658536586,0.2857142857142857,0.5714285714285714,0.38095238095238093,gaussian_noise,BATADAL,mapping_distance_sweep,7,4,3,2,0.05,0.5,avg_negative_log,3.912,5,,184,65,301,0.02516722408026756
0.875,0.0,0.0,0.0,unseen_data,BATADAL,mapping_distance_sweep,7,4,3,2,0.05,0.5,avg_negative_log,3.912,5,,184,65,301,0.02516722408026756
0.9365853658536586,0.2857142857142857,0.5714285714285714,0.38095238095238093,original,BATADAL,mapping_distance_sweep,999,4,3,2,0.05,0.5,avg_negative_log,3.912,5,,184,65,301,0.02516722408026756
0.9170731707317074,0.2222222222222222,0.5714285714285714,0.32,gaussian_noise,BATADAL,mapping_distance_sweep,999,4,3,2,0.05,0.5,avg_negative_log,3.912,5,,184,65,301,0.02516722408026756
0.875,0.0,0.0,0.0,unseen_data,BATADAL,mapping_distance_sweep,999,4,3,2,0.05,0.5,avg_negative_log,3.912,5,,184,65,301,0.02516722408026756
0.9365853658536586,0.2857142857142857,0.5714285714285714,0.38095238095238093,original,BATADAL,mapping_distance_sweep,42,4,3,2,0.05,0.5,avg_negative_log,3.912,5,1.0,184,65,301,0.02516722408026756
0.926829268292683,0.25,0.5714285714285714,0.34782608695652173,gaussian_noise,BATADAL,mapping_distance_sweep,42,4,3,2,0.05,0.5,avg_negative_log,3.912,5,1.0,184,65,301,0.02516722408026756
0.875,0.0,0.0,0.0,unseen_data,BATADAL,mapping_distance_sweep,42,4,3,2,0.05,0.5,avg_negative_log,3.912,5,1.0,184,65,301,0.02516722408026756
0.9365853658536586,0.2857142857142857,0.5714285714285714,0.38095238095238093,original,BATADAL,mapping_distance_sweep,123,4,3,2,0.05,0.5,avg_negative_log,3.912,5,1.0,184,65,301,0.02516722408026756
0.9121951219512195,0.07692307692307693,0.14285714285714285,0.1,gaussian_noise,BATADAL,mapping_distance_sweep,123,4,3,2,0.05,0.5,avg_negative_log,3.912,5,1.0,184,65,301,0.02516722408026756
0.875,0.0,0.0,0.0,unseen_data,BATADAL,mapping_distance_sweep,123,4,3,2,0.05,0.5,avg_negative_log,3.912,5,1.0,184,65,301,0.02516722408026756
0.9365853658536586,0.2857142857142857,0.5714285714285714,0.38095238095238093,original,BATADAL,mapping_distance_sweep,2026,4,3,2,0.05,0.5,avg_negative_log,3.912,5,1.0,184,65,301,0.02516722408026756
0.926829268292683,0.25,0.5714285714285714,0.34782608695652173,gaussian_noise,BATADAL,mapping_distance_sweep,2026,4,3,2,0.05,0.5,avg_negative_log,3.912,5,1.0,184,65,301,0.02516722408026756
0.875,0.0,0.0,0.0,unseen_data,BATADAL,mapping_distance_sweep,2026,4,3,2,0.05,0.5,avg_negative_log,3.912,5,1.0,184,65,301,0.02516722408026756
0.9365853658536586,0.2857142857142857,0.5714285714285714,0.38095238095238093,original,BATADAL,mapping_distance_sweep,7,4,3,2,0.05,0.5,avg_negative_log,3.912,5,1.0,184,65,301,0.02516722408026756
0.9365853658536586,0.2857142857142857,0.5714285714285714,0.38095238095238093,gaussian_noise,BATADAL,mapping_distance_sweep,7,4,3,2,0.05,0.5,avg_negative_log,3.912,5,1.0,184,65,301,0.02516722408026756
0.875,0.0,0.0,0.0,unseen_data,BATADAL,mapping_distance_sweep,7,4,3,2,0.05,0.5,avg_negative_log,3.912,5,1.0,184,65,301,0.02516722408026756
0.9365853658536586,0.2857142857142857,0.5714285714285714,0.38095238095238093,original,BATADAL,mapping_distance_sweep,999,4,3,2,0.05,0.5,avg_negative_log,3.912,5,1.0,184,65,301,0.02516722408026756
0.9170731707317074,0.2222222222222222,0.5714285714285714,0.32,gaussian_noise,BATADAL,mapping_distance_sweep,999,4,3,2,0.05,0.5,avg_negative_log,3.912,5,1.0,184,65,301,0.02516722408026756
0.875,0.0,0.0,0.0,unseen_data,BATADAL,mapping_distance_sweep,999,4,3,2,0.05,0.5,avg_negative_log,3.912,5,1.0,184,65,301,0.02516722408026756
0.9365853658536586,0.2857142857142857,0.5714285714285714,0.38095238095238093,original,BATADAL,mapping_distance_sweep,42,4,3,2,0.05,0.5,avg_negative_log,3.912,5,2.0,184,65,301,0.02516722408026756
0.926829268292683,0.25,0.5714285714285714,0.34782608695652173,gaussian_noise,BATADAL,mapping_distance_sweep,42,4,3,2,0.05,0.5,avg_negative_log,3.912,5,2.0,184,65,301,0.02516722408026756
0.875,0.0,0.0,0.0,unseen_data,BATADAL,mapping_distance_sweep,42,4,3,2,0.05,0.5,avg_negative_log,3.912,5,2.0,184,65,301,0.02516722408026756
0.9365853658536586,0.2857142857142857,0.5714285714285714,0.38095238095238093,original,BATADAL,mapping_distance_sweep,123,4,3,2,0.05,0.5,avg_negative_log,3.912,5,2.0,184,65,301,0.02516722408026756
0.9121951219512195,0.07692307692307693,0.14285714285714285,0.1,gaussian_noise,BATADAL,mapping_distance_sweep,123,4,3,2,0.05,0.5,avg_negative_log,3.912,5,2.0,184,65,301,0.02516722408026756
0.875,0.0,0.0,0.0,unseen_data,BATADAL,mapping_distance_sweep,123,4,3,2,0.05,0.5,avg_negative_log,3.912,5,2.0,184,65,301,0.02516722408026756
0.9365853658536586,0.2857142857142857,0.5714285714285714,0.38095238095238093,original,BATADAL,mapping_distance_sweep,2026,4,3,2,0.05,0.5,avg_negative_log,3.912,5,2.0,184,65,301,0.02516722408026756
0.926829268292683,0.25,0.5714285714285714,0.34782608695652173,gaussian_noise,BATADAL,mapping_distance_sweep,2026,4,3,2,0.05,0.5,avg_negative_log,3.912,5,2.0,184,65,301,0.02516722408026756
0.875,0.0,0.0,0.0,unseen_data,BATADAL,mapping_distance_sweep,2026,4,3,2,0.05,0.5,avg_negative_log,3.912,5,2.0,184,65,301,0.02516722408026756
0.9365853658536586,0.2857142857142857,0.5714285714285714,0.38095238095238093,original,BATADAL,mapping_distance_sweep,7,4,3,2,0.05,0.5,avg_negative_log,3.912,5,2.0,184,65,301,0.02516722408026756
0.9365853658536586,0.2857142857142857,0.5714285714285714,0.38095238095238093,gaussian_noise,BATADAL,mapping_distance_sweep,7,4,3,2,0.05,0.5,avg_negative_log,3.912,5,2.0,184,65,301,0.02516722408026756
0.875,0.0,0.0,0.0,unseen_data,BATADAL,mapping_distance_sweep,7,4,3,2,0.05,0.5,avg_negative_log,3.912,5,2.0,184,65,301,0.02516722408026756
0.9365853658536586,0.2857142857142857,0.5714285714285714,0.38095238095238093,original,BATADAL,mapping_distance_sweep,999,4,3,2,0.05,0.5,avg_negative_log,3.912,5,2.0,184,65,301,0.02516722408026756
0.9170731707317074,0.2222222222222222,0.5714285714285714,0.32,gaussian_noise,BATADAL,mapping_distance_sweep,999,4,3,2,0.05,0.5,avg_negative_log,3.912,5,2.0,184,65,301,0.02516722408026756
0.875,0.0,0.0,0.0,unseen_data,BATADAL,mapping_distance_sweep,999,4,3,2,0.05,0.5,avg_negative_log,3.912,5,2.0,184,65,301,0.02516722408026756
0.9365853658536586,0.2857142857142857,0.5714285714285714,0.38095238095238093,original,BATADAL,mapping_distance_sweep,42,4,3,2,0.05,0.5,avg_negative_log,3.912,5,3.0,184,65,301,0.02516722408026756
0.926829268292683,0.25,0.5714285714285714,0.34782608695652173,gaussian_noise,BATADAL,mapping_distance_sweep,42,4,3,2,0.05,0.5,avg_negative_log,3.912,5,3.0,184,65,301,0.02516722408026756
0.875,0.0,0.0,0.0,unseen_data,BATADAL,mapping_distance_sweep,42,4,3,2,0.05,0.5,avg_negative_log,3.912,5,3.0,184,65,301,0.02516722408026756
0.9365853658536586,0.2857142857142857,0.5714285714285714,0.38095238095238093,original,BATADAL,mapping_distance_sweep,123,4,3,2,0.05,0.5,avg_negative_log,3.912,5,3.0,184,65,301,0.02516722408026756
0.9121951219512195,0.07692307692307693,0.14285714285714285,0.1,gaussian_noise,BATADAL,mapping_distance_sweep,123,4,3,2,0.05,0.5,avg_negative_log,3.912,5,3.0,184,65,301,0.02516722408026756
0.875,0.0,0.0,0.0,unseen_data,BATADAL,mapping_distance_sweep,123,4,3,2,0.05,0.5,avg_negative_log,3.912,5,3.0,184,65,301,0.02516722408026756
0.9365853658536586,0.2857142857142857,0.5714285714285714,0.38095238095238093,original,BATADAL,mapping_distance_sweep,2026,4,3,2,0.05,0.5,avg_negative_log,3.912,5,3.0,184,65,301,0.02516722408026756
0.926829268292683,0.25,0.5714285714285714,0.34782608695652173,gaussian_noise,BATADAL,mapping_distance_sweep,2026,4,3,2,0.05,0.5,avg_negative_log,3.912,5,3.0,184,65,301,0.02516722408026756
0.875,0.0,0.0,0.0,unseen_data,BATADAL,mapping_distance_sweep,2026,4,3,2,0.05,0.5,avg_negative_log,3.912,5,3.0,184,65,301,0.02516722408026756
0.9365853658536586,0.2857142857142857,0.5714285714285714,0.38095238095238093,original,BATADAL,mapping_distance_sweep,7,4,3,2,0.05,0.5,avg_negative_log,3.912,5,3.0,184,65,301,0.02516722408026756
0.9365853658536586,0.2857142857142857,0.5714285714285714,0.38095238095238093,gaussian_noise,BATADAL,mapping_distance_sweep,7,4,3,2,0.05,0.5,avg_negative_log,3.912,5,3.0,184,65,301,0.02516722408026756
0.875,0.0,0.0,0.0,unseen_data,BATADAL,mapping_distance_sweep,7,4,3,2,0.05,0.5,avg_negative_log,3.912,5,3.0,184,65,301,0.02516722408026756
0.9365853658536586,0.2857142857142857,0.5714285714285714,0.38095238095238093,original,BATADAL,mapping_distance_sweep,999,4,3,2,0.05,0.5,avg_negative_log,3.912,5,3.0,184,65,301,0.02516722408026756
0.9170731707317074,0.2222222222222222,0.5714285714285714,0.32,gaussian_noise,BATADAL,mapping_distance_sweep,999,4,3,2,0.05,0.5,avg_negative_log,3.912,5,3.0,184,65,301,0.02516722408026756
0.875,0.0,0.0,0.0,unseen_data,BATADAL,mapping_distance_sweep,999,4,3,2,0.05,0.5,avg_negative_log,3.912,5,3.0,184,65,301,0.02516722408026756
0.7025823686553874,0.7637795275590551,0.24189526184538654,0.36742424242424243,original,SKAB,mapping_distance_fold_1,42,4,3,2,0.9,1.0,avg_negative_log,0.2231,10,,103,35,190,0.052704576976421634
0.6954585930543188,0.697986577181208,0.2593516209476309,0.3781818181818182,gaussian_noise,SKAB,mapping_distance_fold_1,42,4,3,2,0.9,1.0,avg_negative_log,0.2231,10,,103,35,190,0.052704576976421634
0.0,0.0,0.0,0.0,unseen_data,SKAB,mapping_distance_fold_1,42,4,3,2,0.9,1.0,avg_negative_log,0.2231,10,,103,35,190,0.052704576976421634
0.7025823686553874,0.7637795275590551,0.24189526184538654,0.36742424242424243,original,SKAB,mapping_distance_fold_1,123,4,3,2,0.9,1.0,avg_negative_log,0.2231,10,,103,35,190,0.052704576976421634
0.6981300089047195,0.7540983606557377,0.22942643391521197,0.35181644359464626,gaussian_noise,SKAB,mapping_distance_fold_1,123,4,3,2,0.9,1.0,avg_negative_log,0.2231,10,,103,35,190,0.052704576976421634
0.0,0.0,0.0,0.0,unseen_data,SKAB,mapping_distance_fold_1,123,4,3,2,0.9,1.0,avg_negative_log,0.2231,10,,103,35,190,0.052704576976421634
0.7025823686553874,0.7637795275590551,0.24189526184538654,0.36742424242424243,original,SKAB,mapping_distance_fold_1,2026,4,3,2,0.9,1.0,avg_negative_log,0.2231,10,,103,35,190,0.052704576976421634
0.6767586821015138,0.6233766233766234,0.23940149625935161,0.34594594594594597,gaussian_noise,SKAB,mapping_distance_fold_1,2026,4,3,2,0.9,1.0,avg_negative_log,0.2231,10,,103,35,190,0.052704576976421634
0.0,0.0,0.0,0.0,unseen_data,SKAB,mapping_distance_fold_1,2026,4,3,2,0.9,1.0,avg_negative_log,0.2231,10,,103,35,190,0.052704576976421634
0.7025823686553874,0.7637795275590551,0.24189526184538654,0.36742424242424243,original,SKAB,mapping_distance_fold_1,7,4,3,2,0.9,1.0,avg_negative_log,0.2231,10,,103,35,190,0.052704576976421634
0.6892252894033838,0.6830985915492958,0.24189526184538654,0.3572744014732965,gaussian_noise,SKAB,mapping_distance_fold_1,7,4,3,2,0.9,1.0,avg_negative_log,0.2231,10,,103,35,190,0.052704576976421634
0.0,0.0,0.0,0.0,unseen_data,SKAB,mapping_distance_fold_1,7,4,3,2,0.9,1.0,avg_negative_log,0.2231,10,,103,35,190,0.052704576976421634
0.7025823686553874,0.7637795275590551,0.24189526184538654,0.36742424242424243,original,SKAB,mapping_distance_fold_1,999,4,3,2,0.9,1.0,avg_negative_log,0.2231,10,,103,35,190,0.052704576976421634
0.6999109528049866,0.7580645161290323,0.2344139650872818,0.3580952380952381,gaussian_noise,SKAB,mapping_distance_fold_1,999,4,3,2,0.9,1.0,avg_negative_log,0.2231,10,,103,35,190,0.052704576976421634
0.0,0.0,0.0,0.0,unseen_data,SKAB,mapping_distance_fold_1,999,4,3,2,0.9,1.0,avg_negative_log,0.2231,10,,103,35,190,0.052704576976421634
0.7497765862377123,0.6117216117216118,0.8308457711442786,0.7046413502109705,original,SKAB,mapping_distance_fold_2,42,4,3,2,0.9,1.0,avg_negative_log,0.2231,10,,102,34,200,0.05767012687427912
0.7631814119749777,0.62756052141527,0.8383084577114428,0.7177848775292864,gaussian_noise,SKAB,mapping_distance_fold_2,42,4,3,2,0.9,1.0,avg_negative_log,0.2231,10,,102,34,200,0.05767012687427912
0.0,0.0,0.0,0.0,unseen_data,SKAB,mapping_distance_fold_2,42,4,3,2,0.9,1.0,avg_negative_log,0.2231,10,,102,34,200,0.05767012687427912
0.7497765862377123,0.6117216117216118,0.8308457711442786,0.7046413502109705,original,SKAB,mapping_distance_fold_2,123,4,3,2,0.9,1.0,avg_negative_log,0.2231,10,,102,34,200,0.05767012687427912
0.7551385165326184,0.6172161172161172,0.8383084577114428,0.7109704641350211,gaussian_noise,SKAB,mapping_distance_fold_2,123,4,3,2,0.9,1.0,avg_negative_log,0.2231,10,,102,34,200,0.05767012687427912
0.0,0.0,0.0,0.0,unseen_data,SKAB,mapping_distance_fold_2,123,4,3,2,0.9,1.0,avg_negative_log,0.2231,10,,102,34,200,0.05767012687427912
0.7497765862377123,0.6117216117216118,0.8308457711442786,0.7046413502109705,original,SKAB,mapping_distance_fold_2,2026,4,3,2,0.9,1.0,avg_negative_log,0.2231,10,,102,34,200,0.05767012687427912
0.7497765862377123,0.608540925266904,0.8507462686567164,0.7095435684647303,gaussian_noise,SKAB,mapping_distance_fold_2,2026,4,3,2,0.9,1.0,avg_negative_log,0.2231,10,,102,34,200,0.05767012687427912
0.0,0.0,0.0,0.0,unseen_data,SKAB,mapping_distance_fold_2,2026,4,3,2,0.9,1.0,avg_negative_log,0.2231,10,,102,34,200,0.05767012687427912
0.7497765862377123,0.6117216117216118,0.8308457711442786,0.7046413502109705,original,SKAB,mapping_distance_fold_2,7,4,3,2,0.9,1.0,avg_negative_log,0.2231,10,,102,34,200,0.05767012687427912
0.7524575513851653,0.6122082585278277,0.8482587064676617,0.7111574556830031,gaussian_noise,SKAB,mapping_distance_fold_2,7,4,3,2,0.9,1.0,avg_negative_log,0.2231,10,,102,34,200,0.05767012687427912
0.0,0.0,0.0,0.0,unseen_data,SKAB,mapping_distance_fold_2,7,4,3,2,0.9,1.0,avg_negative_log,0.2231,10,,102,34,200,0.05767012687427912
0.7497765862377123,0.6117216117216118,0.8308457711442786,0.7046413502109705,original,SKAB,mapping_distance_fold_2,999,4,3,2,0.9,1.0,avg_negative_log,0.2231,10,,102,34,200,0.05767012687427912
0.7488829311885612,0.6110091743119266,0.8283582089552238,0.7032734952481521,gaussian_noise,SKAB,mapping_distance_fold_2,999,4,3,2,0.9,1.0,avg_negative_log,0.2231,10,,102,34,200,0.05767012687427912
0.0,0.0,0.0,0.0,unseen_data,SKAB,mapping_distance_fold_2,999,4,3,2,0.9,1.0,avg_negative_log,0.2231,10,,102,34,200,0.05767012687427912
0.610366398570152,0.4677137870855148,0.6716791979949874,0.551440329218107,original,SKAB,mapping_distance_fold_3,42,4,3,2,0.9,1.0,avg_negative_log,0.2231,10,,108,37,206,0.05155155155155155
0.612153708668454,0.4691358024691358,0.6666666666666666,0.5507246376811594,gaussian_noise,SKAB,mapping_distance_fold_3,42,4,3,2,0.9,1.0,avg_negative_log,0.2231,10,,108,37,206,0.05155155155155155
1.0,0.0,0.0,0.0,unseen_data,SKAB,mapping_distance_fold_3,42,4,3,2,0.9,1.0,avg_negative_log,0.2231,10,,108,37,206,0.05155155155155155
0.610366398570152,0.4677137870855148,0.6716791979949874,0.551440329218107,original,SKAB,mapping_distance_fold_3,123,4,3,2,0.9,1.0,avg_negative_log,0.2231,10,,108,37,206,0.05155155155155155
0.5969615728328865,0.4562289562289562,0.6791979949874687,0.5458207452165156,gaussian_noise,SKAB,mapping_distance_fold_3,123,4,3,2,0.9,1.0,avg_negative_log,0.2231,10,,108,37,206,0.05155155155155155
1.0,0.0,0.0,0.0,unseen_data,SKAB,mapping_distance_fold_3,123,4,3,2,0.9,1.0,avg_negative_log,0.2231,10,,108,37,206,0.05155155155155155
0.610366398570152,0.4677137870855148,0.6716791979949874,0.551440329218107,original,SKAB,mapping_distance_fold_3,2026,4,3,2,0.9,1.0,avg_negative_log,0.2231,10,,108,37,206,0.05155155155155155
0.6157283288650581,0.4741235392320534,0.7117794486215538,0.5691382765531062,gaussian_noise,SKAB,mapping_distance_fold_3,2026,4,3,2,0.9,1.0,avg_negative_log,0.2231,10,,108,37,206,0.05155155155155155
1.0,0.0,0.0,0.0,unseen_data,SKAB,mapping_distance_fold_3,2026,4,3,2,0.9,1.0,avg_negative_log,0.2231,10,,108,37,206,0.05155155155155155
0.610366398570152,0.4677137870855148,0.6716791979949874,0.551440329218107,original,SKAB,mapping_distance_fold_3,7,4,3,2,0.9,1.0,avg_negative_log,0.2231,10,,108,37,206,0.05155155155155155
0.6255585344057194,0.48327759197324416,0.7243107769423559,0.5797392176529589,gaussian_noise,SKAB,mapping_distance_fold_3,7,4,3,2,0.9,1.0,avg_negative_log,0.2231,10,,108,37,206,0.05155155155155155
1.0,0.0,0.0,0.0,unseen_data,SKAB,mapping_distance_fold_3,7,4,3,2,0.9,1.0,avg_negative_log,0.2231,10,,108,37,206,0.05155155155155155
0.610366398570152,0.4677137870855148,0.6716791979949874,0.551440329218107,original,SKAB,mapping_distance_fold_3,999,4,3,2,0.9,1.0,avg_negative_log,0.2231,10,,108,37,206,0.05155155155155155
0.6067917783735478,0.46519524617996605,0.6867167919799498,0.5546558704453441,gaussian_noise,SKAB,mapping_distance_fold_3,999,4,3,2,0.9,1.0,avg_negative_log,0.2231,10,,108,37,206,0.05155155155155155
1.0,0.0,0.0,0.0,unseen_data,SKAB,mapping_distance_fold_3,999,4,3,2,0.9,1.0,avg_negative_log,0.2231,10,,108,37,206,0.05155155155155155
0.328804347826087,0.17735849056603772,0.23558897243107768,0.2023681377825619,original,SKAB,mapping_distance_fold_4,42,4,3,2,0.9,1.0,avg_negative_log,0.2231,10,,106,36,205,0.05372117400419287
0.30344202898550726,0.15355805243445692,0.20551378446115287,0.1757770632368703,gaussian_noise,SKAB,mapping_distance_fold_4,42,4,3,2,0.9,1.0,avg_negative_log,0.2231,10,,106,36,205,0.05372117400419287
0.5,0.0,0.0,0.0,unseen_data,SKAB,mapping_distance_fold_4,42,4,3,2,0.9,1.0,avg_negative_log,0.2231,10,,106,36,205,0.05372117400419287
0.328804347826087,0.17735849056603772,0.23558897243107768,0.2023681377825619,original,SKAB,mapping_distance_fold_4,123,4,3,2,0.9,1.0,avg_negative_log,0.2231,10,,106,36,205,0.05372117400419287
0.3070652173913043,0.1534090909090909,0.20300751879699247,0.17475728155339806,gaussian_noise,SKAB,mapping_distance_fold_4,123,4,3,2,0.9,1.0,avg_negative_log,0.2231,10,,106,36,205,0.05372117400419287
0.5,0.0,0.0,0.0,unseen_data,SKAB,mapping_distance_fold_4,123,4,3,2,0.9,1.0,avg_negative_log,0.2231,10,,106,36,205,0.05372117400419287
0.328804347826087,0.17735849056603772,0.23558897243107768,0.2023681377825619,original,SKAB,mapping_distance_fold_4,2026,4,3,2,0.9,1.0,avg_negative_log,0.2231,10,,106,36,205,0.05372117400419287
0.30434782608695654,0.15384615384615385,0.20551378446115287,0.1759656652360515,gaussian_noise,SKAB,mapping_distance_fold_4,2026,4,3,2,0.9,1.0,avg_negative_log,0.2231,10,,106,36,205,0.05372117400419287
0.5,0.0,0.0,0.0,unseen_data,SKAB,mapping_distance_fold_4,2026,4,3,2,0.9,1.0,avg_negative_log,0.2231,10,,106,36,205,0.05372117400419287
0.328804347826087,0.17735849056603772,0.23558897243107768,0.2023681377825619,original,SKAB,mapping_distance_fold_4,7,4,3,2,0.9,1.0,avg_negative_log,0.2231,10,,106,36,205,0.05372117400419287
0.33695652173913043,0.1791907514450867,0.23308270676691728,0.20261437908496732,gaussian_noise,SKAB,mapping_distance_fold_4,7,4,3,2,0.9,1.0,avg_negative_log,0.2231,10,,106,36,205,0.05372117400419287
0.5,0.0,0.0,0.0,unseen_data,SKAB,mapping_distance_fold_4,7,4,3,2,0.9,1.0,avg_negative_log,0.2231,10,,106,36,205,0.05372117400419287
0.328804347826087,0.17735849056603772,0.23558897243107768,0.2023681377825619,original,SKAB,mapping_distance_fold_4,999,4,3,2,0.9,1.0,avg_negative_log,0.2231,10,,106,36,205,0.05372117400419287
0.3079710144927536,0.16998191681735986,0.23558897243107768,0.19747899159663865,gaussian_noise,SKAB,mapping_distance_fold_4,999,4,3,2,0.9,1.0,avg_negative_log,0.2231,10,,106,36,205,0.05372117400419287
0.5,0.0,0.0,0.0,unseen_data,SKAB,mapping_distance_fold_4,999,4,3,2,0.9,1.0,avg_negative_log,0.2231,10,,106,36,205,0.05372117400419287
0.5782493368700266,0.45506912442396313,0.9899749373433584,0.6235201262825573,original,SKAB,mapping_distance_fold_5,42,4,3,2,0.9,1.0,avg_negative_log,0.2231,10,,105,36,189,0.05
0.5685234305923961,0.4492588369441277,0.9874686716791979,0.6175548589341693,gaussian_noise,SKAB,mapping_distance_fold_5,42,4,3,2,0.9,1.0,avg_negative_log,0.2231,10,,105,36,189,0.05
0.6956521739130435,0.6818181818181818,1.0,0.8108108108108109,unseen_data,SKAB,mapping_distance_fold_5,42,4,3,2,0.9,1.0,avg_negative_log,0.2231,10,,105,36,189,0.05
0.5782493368700266,0.45506912442396313,0.9899749373433584,0.6235201262825573,original,SKAB,mapping_distance_fold_5,123,4,3,2,0.9,1.0,avg_negative_log,0.2231,10,,105,36,189,0.05
0.5720601237842617,0.4498229043683589,0.9548872180451128,0.6115569823434992,gaussian_noise,SKAB,mapping_distance_fold_5,123,4,3,2,0.9,1.0,avg_negative_log,0.2231,10,,105,36,189,0.05
0.6956521739130435,0.6818181818181818,1.0,0.8108108108108109,unseen_data,SKAB,mapping_distance_fold_5,123,4,3,2,0.9,1.0,avg_negative_log,0.2231,10,,105,36,189,0.05
0.5782493368700266,0.45506912442396313,0.9899749373433584,0.6235201262825573,original,SKAB,mapping_distance_fold_5,2026,4,3,2,0.9,1.0,avg_negative_log,0.2231,10,,105,36,189,0.05
0.5853227232537578,0.4593967517401392,0.9924812030075187,0.6280729579698652,gaussian_noise,SKAB,mapping_distance_fold_5,2026,4,3,2,0.9,1.0,avg_negative_log,0.2231,10,,105,36,189,0.05
0.6956521739130435,0.6818181818181818,1.0,0.8108108108108109,unseen_data,SKAB,mapping_distance_fold_5,2026,4,3,2,0.9,1.0,avg_negative_log,0.2231,10,,105,36,189,0.05
0.5782493368700266,0.45506912442396313,0.9899749373433584,0.6235201262825573,original,SKAB,mapping_distance_fold_5,7,4,3,2,0.9,1.0,avg_negative_log,0.2231,10,,105,36,189,0.05
0.5605658709106985,0.4440639269406393,0.974937343358396,0.6101960784313726,gaussian_noise,SKAB,mapping_distance_fold_5,7,4,3,2,0.9,1.0,avg_negative_log,0.2231,10,,105,36,189,0.05
0.6956521739130435,0.6818181818181818,1.0,0.8108108108108109,unseen_data,SKAB,mapping_distance_fold_5,7,4,3,2,0.9,1.0,avg_negative_log,0.2231,10,,105,36,189,0.05
0.5782493368700266,0.45506912442396313,0.9899749373433584,0.6235201262825573,original,SKAB,mapping_distance_fold_5,999,4,3,2,0.9,1.0,avg_negative_log,0.2231,10,,105,36,189,0.05
0.5623342175066313,0.4444444444444444,0.9624060150375939,0.6080760095011877,gaussian_noise,SKAB,mapping_distance_fold_5,999,4,3,2,0.9,1.0,avg_negative_log,0.2231,10,,105,36,189,0.05
0.6956521739130435,0.6818181818181818,1.0,0.8108108108108109,unseen_data,SKAB,mapping_distance_fold_5,999,4,3,2,0.9,1.0,avg_negative_log,0.2231,10,,105,36,189,0.05
0.7025823686553874,0.7637795275590551,0.24189526184538654,0.36742424242424243,original,SKAB,mapping_distance_fold_1,42,4,3,2,0.9,1.0,avg_negative_log,0.2231,10,1.0,103,35,190,0.052704576976421634
0.6954585930543188,0.697986577181208,0.2593516209476309,0.3781818181818182,gaussian_noise,SKAB,mapping_distance_fold_1,42,4,3,2,0.9,1.0,avg_negative_log,0.2231,10,1.0,103,35,190,0.052704576976421634
0.0,0.0,0.0,0.0,unseen_data,SKAB,mapping_distance_fold_1,42,4,3,2,0.9,1.0,avg_negative_log,0.2231,10,1.0,103,35,190,0.052704576976421634
0.7025823686553874,0.7637795275590551,0.24189526184538654,0.36742424242424243,original,SKAB,mapping_distance_fold_1,123,4,3,2,0.9,1.0,avg_negative_log,0.2231,10,1.0,103,35,190,0.052704576976421634
0.6981300089047195,0.7540983606557377,0.22942643391521197,0.35181644359464626,gaussian_noise,SKAB,mapping_distance_fold_1,123,4,3,2,0.9,1.0,avg_negative_log,0.2231,10,1.0,103,35,190,0.052704576976421634
0.0,0.0,0.0,0.0,unseen_data,SKAB,mapping_distance_fold_1,123,4,3,2,0.9,1.0,avg_negative_log,0.2231,10,1.0,103,35,190,0.052704576976421634
0.7025823686553874,0.7637795275590551,0.24189526184538654,0.36742424242424243,original,SKAB,mapping_distance_fold_1,2026,4,3,2,0.9,1.0,avg_negative_log,0.2231,10,1.0,103,35,190,0.052704576976421634
0.6767586821015138,0.6233766233766234,0.23940149625935161,0.34594594594594597,gaussian_noise,SKAB,mapping_distance_fold_1,2026,4,3,2,0.9,1.0,avg_negative_log,0.2231,10,1.0,103,35,190,0.052704576976421634
0.0,0.0,0.0,0.0,unseen_data,SKAB,mapping_distance_fold_1,2026,4,3,2,0.9,1.0,avg_negative_log,0.2231,10,1.0,103,35,190,0.052704576976421634
0.7025823686553874,0.7637795275590551,0.24189526184538654,0.36742424242424243,original,SKAB,mapping_distance_fold_1,7,4,3,2,0.9,1.0,avg_negative_log,0.2231,10,1.0,103,35,190,0.052704576976421634
0.6892252894033838,0.6830985915492958,0.24189526184538654,0.3572744014732965,gaussian_noise,SKAB,mapping_distance_fold_1,7,4,3,2,0.9,1.0,avg_negative_log,0.2231,10,1.0,103,35,190,0.052704576976421634
0.0,0.0,0.0,0.0,unseen_data,SKAB,mapping_distance_fold_1,7,4,3,2,0.9,1.0,avg_negative_log,0.2231,10,1.0,103,35,190,0.052704576976421634
0.7025823686553874,0.7637795275590551,0.24189526184538654,0.36742424242424243,original,SKAB,mapping_distance_fold_1,999,4,3,2,0.9,1.0,avg_negative_log,0.2231,10,1.0,103,35,190,0.052704576976421634
0.6999109528049866,0.7580645161290323,0.2344139650872818,0.3580952380952381,gaussian_noise,SKAB,mapping_distance_fold_1,999,4,3,2,0.9,1.0,avg_negative_log,0.2231,10,1.0,103,35,190,0.052704576976421634
0.0,0.0,0.0,0.0,unseen_data,SKAB,mapping_distance_fold_1,999,4,3,2,0.9,1.0,avg_negative_log,0.2231,10,1.0,103,35,190,0.052704576976421634
0.7497765862377123,0.6117216117216118,0.8308457711442786,0.7046413502109705,original,SKAB,mapping_distance_fold_2,42,4,3,2,0.9,1.0,avg_negative_log,0.2231,10,1.0,102,34,200,0.05767012687427912
0.7631814119749777,0.62756052141527,0.8383084577114428,0.7177848775292864,gaussian_noise,SKAB,mapping_distance_fold_2,42,4,3,2,0.9,1.0,avg_negative_log,0.2231,10,1.0,102,34,200,0.05767012687427912
0.0,0.0,0.0,0.0,unseen_data,SKAB,mapping_distance_fold_2,42,4,3,2,0.9,1.0,avg_negative_log,0.2231,10,1.0,102,34,200,0.05767012687427912
0.7497765862377123,0.6117216117216118,0.8308457711442786,0.7046413502109705,original,SKAB,mapping_distance_fold_2,123,4,3,2,0.9,1.0,avg_negative_log,0.2231,10,1.0,102,34,200,0.05767012687427912
0.7551385165326184,0.6172161172161172,0.8383084577114428,0.7109704641350211,gaussian_noise,SKAB,mapping_distance_fold_2,123,4,3,2,0.9,1.0,avg_negative_log,0.2231,10,1.0,102,34,200,0.05767012687427912
0.0,0.0,0.0,0.0,unseen_data,SKAB,mapping_distance_fold_2,123,4,3,2,0.9,1.0,avg_negative_log,0.2231,10,1.0,102,34,200,0.05767012687427912
0.7497765862377123,0.6117216117216118,0.8308457711442786,0.7046413502109705,original,SKAB,mapping_distance_fold_2,2026,4,3,2,0.9,1.0,avg_negative_log,0.2231,10,1.0,102,34,200,0.05767012687427912
0.7497765862377123,0.608540925266904,0.8507462686567164,0.7095435684647303,gaussian_noise,SKAB,mapping_distance_fold_2,2026,4,3,2,0.9,1.0,avg_negative_log,0.2231,10,1.0,102,34,200,0.05767012687427912
0.0,0.0,0.0,0.0,unseen_data,SKAB,mapping_distance_fold_2,2026,4,3,2,0.9,1.0,avg_negative_log,0.2231,10,1.0,102,34,200,0.05767012687427912
0.7497765862377123,0.6117216117216118,0.8308457711442786,0.7046413502109705,original,SKAB,mapping_distance_fold_2,7,4,3,2,0.9,1.0,avg_negative_log,0.2231,10,1.0,102,34,200,0.05767012687427912
0.7524575513851653,0.6122082585278277,0.8482587064676617,0.7111574556830031,gaussian_noise,SKAB,mapping_distance_fold_2,7,4,3,2,0.9,1.0,avg_negative_log,0.2231,10,1.0,102,34,200,0.05767012687427912
0.0,0.0,0.0,0.0,unseen_data,SKAB,mapping_distance_fold_2,7,4,3,2,0.9,1.0,avg_negative_log,0.2231,10,1.0,102,34,200,0.05767012687427912
0.7497765862377123,0.6117216117216118,0.8308457711442786,0.7046413502109705,original,SKAB,mapping_distance_fold_2,999,4,3,2,0.9,1.0,avg_negative_log,0.2231,10,1.0,102,34,200,0.05767012687427912
0.7488829311885612,0.6110091743119266,0.8283582089552238,0.7032734952481521,gaussian_noise,SKAB,mapping_distance_fold_2,999,4,3,2,0.9,1.0,avg_negative_log,0.2231,10,1.0,102,34,200,0.05767012687427912
0.0,0.0,0.0,0.0,unseen_data,SKAB,mapping_distance_fold_2,999,4,3,2,0.9,1.0,avg_negative_log,0.2231,10,1.0,102,34,200,0.05767012687427912
0.610366398570152,0.4677137870855148,0.6716791979949874,0.551440329218107,original,SKAB,mapping_distance_fold_3,42,4,3,2,0.9,1.0,avg_negative_log,0.2231,10,1.0,108,37,206,0.05155155155155155
0.612153708668454,0.4691358024691358,0.6666666666666666,0.5507246376811594,gaussian_noise,SKAB,mapping_distance_fold_3,42,4,3,2,0.9,1.0,avg_negative_log,0.2231,10,1.0,108,37,206,0.05155155155155155
1.0,0.0,0.0,0.0,unseen_data,SKAB,mapping_distance_fold_3,42,4,3,2,0.9,1.0,avg_negative_log,0.2231,10,1.0,108,37,206,0.05155155155155155
0.610366398570152,0.4677137870855148,0.6716791979949874,0.551440329218107,original,SKAB,mapping_distance_fold_3,123,4,3,2,0.9,1.0,avg_negative_log,0.2231,10,1.0,108,37,206,0.05155155155155155
0.5969615728328865,0.4562289562289562,0.6791979949874687,0.5458207452165156,gaussian_noise,SKAB,mapping_distance_fold_3,123,4,3,2,0.9,1.0,avg_negative_log,0.2231,10,1.0,108,37,206,0.05155155155155155
1.0,0.0,0.0,0.0,unseen_data,SKAB,mapping_distance_fold_3,123,4,3,2,0.9,1.0,avg_negative_log,0.2231,10,1.0,108,37,206,0.05155155155155155
0.610366398570152,0.4677137870855148,0.6716791979949874,0.551440329218107,original,SKAB,mapping_distance_fold_3,2026,4,3,2,0.9,1.0,avg_negative_log,0.2231,10,1.0,108,37,206,0.05155155155155155
0.6157283288650581,0.4741235392320534,0.7117794486215538,0.5691382765531062,gaussian_noise,SKAB,mapping_distance_fold_3,2026,4,3,2,0.9,1.0,avg_negative_log,0.2231,10,1.0,108,37,206,0.05155155155155155
1.0,0.0,0.0,0.0,unseen_data,SKAB,mapping_distance_fold_3,2026,4,3,2,0.9,1.0,avg_negative_log,0.2231,10,1.0,108,37,206,0.05155155155155155
0.610366398570152,0.4677137870855148,0.6716791979949874,0.551440329218107,original,SKAB,mapping_distance_fold_3,7,4,3,2,0.9,1.0,avg_negative_log,0.2231,10,1.0,108,37,206,0.05155155155155155
0.6255585344057194,0.48327759197324416,0.7243107769423559,0.5797392176529589,gaussian_noise,SKAB,mapping_distance_fold_3,7,4,3,2,0.9,1.0,avg_negative_log,0.2231,10,1.0,108,37,206,0.05155155155155155
1.0,0.0,0.0,0.0,unseen_data,SKAB,mapping_distance_fold_3,7,4,3,2,0.9,1.0,avg_negative_log,0.2231,10,1.0,108,37,206,0.05155155155155155
0.610366398570152,0.4677137870855148,0.6716791979949874,0.551440329218107,original,SKAB,mapping_distance_fold_3,999,4,3,2,0.9,1.0,avg_negative_log,0.2231,10,1.0,108,37,206,0.05155155155155155
0.6067917783735478,0.46519524617996605,0.6867167919799498,0.5546558704453441,gaussian_noise,SKAB,mapping_distance_fold_3,999,4,3,2,0.9,1.0,avg_negative_log,0.2231,10,1.0,108,37,206,0.05155155155155155
1.0,0.0,0.0,0.0,unseen_data,SKAB,mapping_distance_fold_3,999,4,3,2,0.9,1.0,avg_negative_log,0.2231,10,1.0,108,37,206,0.05155155155155155
0.328804347826087,0.17735849056603772,0.23558897243107768,0.2023681377825619,original,SKAB,mapping_distance_fold_4,42,4,3,2,0.9,1.0,avg_negative_log,0.2231,10,1.0,106,36,205,0.05372117400419287
0.30344202898550726,0.15355805243445692,0.20551378446115287,0.1757770632368703,gaussian_noise,SKAB,mapping_distance_fold_4,42,4,3,2,0.9,1.0,avg_negative_log,0.2231,10,1.0,106,36,205,0.05372117400419287
0.5,0.0,0.0,0.0,unseen_data,SKAB,mapping_distance_fold_4,42,4,3,2,0.9,1.0,avg_negative_log,0.2231,10,1.0,106,36,205,0.05372117400419287
0.328804347826087,0.17735849056603772,0.23558897243107768,0.2023681377825619,original,SKAB,mapping_distance_fold_4,123,4,3,2,0.9,1.0,avg_negative_log,0.2231,10,1.0,106,36,205,0.05372117400419287
0.3070652173913043,0.1534090909090909,0.20300751879699247,0.17475728155339806,gaussian_noise,SKAB,mapping_distance_fold_4,123,4,3,2,0.9,1.0,avg_negative_log,0.2231,10,1.0,106,36,205,0.05372117400419287
0.5,0.0,0.0,0.0,unseen_data,SKAB,mapping_distance_fold_4,123,4,3,2,0.9,1.0,avg_negative_log,0.2231,10,1.0,106,36,205,0.05372117400419287
0.328804347826087,0.17735849056603772,0.23558897243107768,0.2023681377825619,original,SKAB,mapping_distance_fold_4,2026,4,3,2,0.9,1.0,avg_negative_log,0.2231,10,1.0,106,36,205,0.05372117400419287
0.30434782608695654,0.15384615384615385,0.20551378446115287,0.1759656652360515,gaussian_noise,SKAB,mapping_distance_fold_4,2026,4,3,2,0.9,1.0,avg_negative_log,0.2231,10,1.0,106,36,205,0.05372117400419287
0.5,0.0,0.0,0.0,unseen_data,SKAB,mapping_distance_fold_4,2026,4,3,2,0.9,1.0,avg_negative_log,0.2231,10,1.0,106,36,205,0.05372117400419287
0.328804347826087,0.17735849056603772,0.23558897243107768,0.2023681377825619,original,SKAB,mapping_distance_fold_4,7,4,3,2,0.9,1.0,avg_negative_log,0.2231,10,1.0,106,36,205,0.05372117400419287
0.33695652173913043,0.1791907514450867,0.23308270676691728,0.20261437908496732,gaussian_noise,SKAB,mapping_distance_fold_4,7,4,3,2,0.9,1.0,avg_negative_log,0.2231,10,1.0,106,36,205,0.05372117400419287
0.5,0.0,0.0,0.0,unseen_data,SKAB,mapping_distance_fold_4,7,4,3,2,0.9,1.0,avg_negative_log,0.2231,10,1.0,106,36,205,0.05372117400419287
0.328804347826087,0.17735849056603772,0.23558897243107768,0.2023681377825619,original,SKAB,mapping_distance_fold_4,999,4,3,2,0.9,1.0,avg_negative_log,0.2231,10,1.0,106,36,205,0.05372117400419287
0.3079710144927536,0.16998191681735986,0.23558897243107768,0.19747899159663865,gaussian_noise,SKAB,mapping_distance_fold_4,999,4,3,2,0.9,1.0,avg_negative_log,0.2231,10,1.0,106,36,205,0.05372117400419287
0.5,0.0,0.0,0.0,unseen_data,SKAB,mapping_distance_fold_4,999,4,3,2,0.9,1.0,avg_negative_log,0.2231,10,1.0,106,36,205,0.05372117400419287
0.5782493368700266,0.45506912442396313,0.9899749373433584,0.6235201262825573,original,SKAB,mapping_distance_fold_5,42,4,3,2,0.9,1.0,avg_negative_log,0.2231,10,1.0,105,36,189,0.05
0.5685234305923961,0.4492588369441277,0.9874686716791979,0.6175548589341693,gaussian_noise,SKAB,mapping_distance_fold_5,42,4,3,2,0.9,1.0,avg_negative_log,0.2231,10,1.0,105,36,189,0.05
0.6956521739130435,0.6818181818181818,1.0,0.8108108108108109,unseen_data,SKAB,mapping_distance_fold_5,42,4,3,2,0.9,1.0,avg_negative_log,0.2231,10,1.0,105,36,189,0.05
0.5782493368700266,0.45506912442396313,0.9899749373433584,0.6235201262825573,original,SKAB,mapping_distance_fold_5,123,4,3,2,0.9,1.0,avg_negative_log,0.2231,10,1.0,105,36,189,0.05
0.5720601237842617,0.4498229043683589,0.9548872180451128,0.6115569823434992,gaussian_noise,SKAB,mapping_distance_fold_5,123,4,3,2,0.9,1.0,avg_negative_log,0.2231,10,1.0,105,36,189,0.05
0.6956521739130435,0.6818181818181818,1.0,0.8108108108108109,unseen_data,SKAB,mapping_distance_fold_5,123,4,3,2,0.9,1.0,avg_negative_log,0.2231,10,1.0,105,36,189,0.05
0.5782493368700266,0.45506912442396313,0.9899749373433584,0.6235201262825573,original,SKAB,mapping_distance_fold_5,2026,4,3,2,0.9,1.0,avg_negative_log,0.2231,10,1.0,105,36,189,0.05
0.5853227232537578,0.4593967517401392,0.9924812030075187,0.6280729579698652,gaussian_noise,SKAB,mapping_distance_fold_5,2026,4,3,2,0.9,1.0,avg_negative_log,0.2231,10,1.0,105,36,189,0.05
0.6956521739130435,0.6818181818181818,1.0,0.8108108108108109,unseen_data,SKAB,mapping_distance_fold_5,2026,4,3,2,0.9,1.0,avg_negative_log,0.2231,10,1.0,105,36,189,0.05
0.5782493368700266,0.45506912442396313,0.9899749373433584,0.6235201262825573,original,SKAB,mapping_distance_fold_5,7,4,3,2,0.9,1.0,avg_negative_log,0.2231,10,1.0,105,36,189,0.05
0.5605658709106985,0.4440639269406393,0.974937343358396,0.6101960784313726,gaussian_noise,SKAB,mapping_distance_fold_5,7,4,3,2,0.9,1.0,avg_negative_log,0.2231,10,1.0,105,36,189,0.05
0.6956521739130435,0.6818181818181818,1.0,0.8108108108108109,unseen_data,SKAB,mapping_distance_fold_5,7,4,3,2,0.9,1.0,avg_negative_log,0.2231,10,1.0,105,36,189,0.05
0.5782493368700266,0.45506912442396313,0.9899749373433584,0.6235201262825573,original,SKAB,mapping_distance_fold_5,999,4,3,2,0.9,1.0,avg_negative_log,0.2231,10,1.0,105,36,189,0.05
0.5623342175066313,0.4444444444444444,0.9624060150375939,0.6080760095011877,gaussian_noise,SKAB,mapping_distance_fold_5,999,4,3,2,0.9,1.0,avg_negative_log,0.2231,10,1.0,105,36,189,0.05
0.6956521739130435,0.6818181818181818,1.0,0.8108108108108109,unseen_data,SKAB,mapping_distance_fold_5,999,4,3,2,0.9,1.0,avg_negative_log,0.2231,10,1.0,105,36,189,0.05
0.7025823686553874,0.7637795275590551,0.24189526184538654,0.36742424242424243,original,SKAB,mapping_distance_fold_1,42,4,3,2,0.9,1.0,avg_negative_log,0.2231,10,2.0,103,35,190,0.052704576976421634
0.6954585930543188,0.697986577181208,0.2593516209476309,0.3781818181818182,gaussian_noise,SKAB,mapping_distance_fold_1,42,4,3,2,0.9,1.0,avg_negative_log,0.2231,10,2.0,103,35,190,0.052704576976421634
0.0,0.0,0.0,0.0,unseen_data,SKAB,mapping_distance_fold_1,42,4,3,2,0.9,1.0,avg_negative_log,0.2231,10,2.0,103,35,190,0.052704576976421634
0.7025823686553874,0.7637795275590551,0.24189526184538654,0.36742424242424243,original,SKAB,mapping_distance_fold_1,123,4,3,2,0.9,1.0,avg_negative_log,0.2231,10,2.0,103,35,190,0.052704576976421634
0.6981300089047195,0.7540983606557377,0.22942643391521197,0.35181644359464626,gaussian_noise,SKAB,mapping_distance_fold_1,123,4,3,2,0.9,1.0,avg_negative_log,0.2231,10,2.0,103,35,190,0.052704576976421634
0.0,0.0,0.0,0.0,unseen_data,SKAB,mapping_distance_fold_1,123,4,3,2,0.9,1.0,avg_negative_log,0.2231,10,2.0,103,35,190,0.052704576976421634
0.7025823686553874,0.7637795275590551,0.24189526184538654,0.36742424242424243,original,SKAB,mapping_distance_fold_1,2026,4,3,2,0.9,1.0,avg_negative_log,0.2231,10,2.0,103,35,190,0.052704576976421634
0.6767586821015138,0.6233766233766234,0.23940149625935161,0.34594594594594597,gaussian_noise,SKAB,mapping_distance_fold_1,2026,4,3,2,0.9,1.0,avg_negative_log,0.2231,10,2.0,103,35,190,0.052704576976421634
0.0,0.0,0.0,0.0,unseen_data,SKAB,mapping_distance_fold_1,2026,4,3,2,0.9,1.0,avg_negative_log,0.2231,10,2.0,103,35,190,0.052704576976421634
0.7025823686553874,0.7637795275590551,0.24189526184538654,0.36742424242424243,original,SKAB,mapping_distance_fold_1,7,4,3,2,0.9,1.0,avg_negative_log,0.2231,10,2.0,103,35,190,0.052704576976421634
0.6892252894033838,0.6830985915492958,0.24189526184538654,0.3572744014732965,gaussian_noise,SKAB,mapping_distance_fold_1,7,4,3,2,0.9,1.0,avg_negative_log,0.2231,10,2.0,103,35,190,0.052704576976421634
0.0,0.0,0.0,0.0,unseen_data,SKAB,mapping_distance_fold_1,7,4,3,2,0.9,1.0,avg_negative_log,0.2231,10,2.0,103,35,190,0.052704576976421634
0.7025823686553874,0.7637795275590551,0.24189526184538654,0.36742424242424243,original,SKAB,mapping_distance_fold_1,999,4,3,2,0.9,1.0,avg_negative_log,0.2231,10,2.0,103,35,190,0.052704576976421634
0.6999109528049866,0.7580645161290323,0.2344139650872818,0.3580952380952381,gaussian_noise,SKAB,mapping_distance_fold_1,999,4,3,2,0.9,1.0,avg_negative_log,0.2231,10,2.0,103,35,190,0.052704576976421634
0.0,0.0,0.0,0.0,unseen_data,SKAB,mapping_distance_fold_1,999,4,3,2,0.9,1.0,avg_negative_log,0.2231,10,2.0,103,35,190,0.052704576976421634
0.7497765862377123,0.6117216117216118,0.8308457711442786,0.7046413502109705,original,SKAB,mapping_distance_fold_2,42,4,3,2,0.9,1.0,avg_negative_log,0.2231,10,2.0,102,34,200,0.05767012687427912
0.7631814119749777,0.62756052141527,0.8383084577114428,0.7177848775292864,gaussian_noise,SKAB,mapping_distance_fold_2,42,4,3,2,0.9,1.0,avg_negative_log,0.2231,10,2.0,102,34,200,0.05767012687427912
0.0,0.0,0.0,0.0,unseen_data,SKAB,mapping_distance_fold_2,42,4,3,2,0.9,1.0,avg_negative_log,0.2231,10,2.0,102,34,200,0.05767012687427912
0.7497765862377123,0.6117216117216118,0.8308457711442786,0.7046413502109705,original,SKAB,mapping_distance_fold_2,123,4,3,2,0.9,1.0,avg_negative_log,0.2231,10,2.0,102,34,200,0.05767012687427912
0.7551385165326184,0.6172161172161172,0.8383084577114428,0.7109704641350211,gaussian_noise,SKAB,mapping_distance_fold_2,123,4,3,2,0.9,1.0,avg_negative_log,0.2231,10,2.0,102,34,200,0.05767012687427912
0.0,0.0,0.0,0.0,unseen_data,SKAB,mapping_distance_fold_2,123,4,3,2,0.9,1.0,avg_negative_log,0.2231,10,2.0,102,34,200,0.05767012687427912
0.7497765862377123,0.6117216117216118,0.8308457711442786,0.7046413502109705,original,SKAB,mapping_distance_fold_2,2026,4,3,2,0.9,1.0,avg_negative_log,0.2231,10,2.0,102,34,200,0.05767012687427912
0.7497765862377123,0.608540925266904,0.8507462686567164,0.7095435684647303,gaussian_noise,SKAB,mapping_distance_fold_2,2026,4,3,2,0.9,1.0,avg_negative_log,0.2231,10,2.0,102,34,200,0.05767012687427912
0.0,0.0,0.0,0.0,unseen_data,SKAB,mapping_distance_fold_2,2026,4,3,2,0.9,1.0,avg_negative_log,0.2231,10,2.0,102,34,200,0.05767012687427912
0.7497765862377123,0.6117216117216118,0.8308457711442786,0.7046413502109705,original,SKAB,mapping_distance_fold_2,7,4,3,2,0.9,1.0,avg_negative_log,0.2231,10,2.0,102,34,200,0.05767012687427912
0.7524575513851653,0.6122082585278277,0.8482587064676617,0.7111574556830031,gaussian_noise,SKAB,mapping_distance_fold_2,7,4,3,2,0.9,1.0,avg_negative_log,0.2231,10,2.0,102,34,200,0.05767012687427912
0.0,0.0,0.0,0.0,unseen_data,SKAB,mapping_distance_fold_2,7,4,3,2,0.9,1.0,avg_negative_log,0.2231,10,2.0,102,34,200,0.05767012687427912
0.7497765862377123,0.6117216117216118,0.8308457711442786,0.7046413502109705,original,SKAB,mapping_distance_fold_2,999,4,3,2,0.9,1.0,avg_negative_log,0.2231,10,2.0,102,34,200,0.05767012687427912
0.7488829311885612,0.6110091743119266,0.8283582089552238,0.7032734952481521,gaussian_noise,SKAB,mapping_distance_fold_2,999,4,3,2,0.9,1.0,avg_negative_log,0.2231,10,2.0,102,34,200,0.05767012687427912
0.0,0.0,0.0,0.0,unseen_data,SKAB,mapping_distance_fold_2,999,4,3,2,0.9,1.0,avg_negative_log,0.2231,10,2.0,102,34,200,0.05767012687427912
0.610366398570152,0.4677137870855148,0.6716791979949874,0.551440329218107,original,SKAB,mapping_distance_fold_3,42,4,3,2,0.9,1.0,avg_negative_log,0.2231,10,2.0,108,37,206,0.05155155155155155
0.612153708668454,0.4691358024691358,0.6666666666666666,0.5507246376811594,gaussian_noise,SKAB,mapping_distance_fold_3,42,4,3,2,0.9,1.0,avg_negative_log,0.2231,10,2.0,108,37,206,0.05155155155155155
1.0,0.0,0.0,0.0,unseen_data,SKAB,mapping_distance_fold_3,42,4,3,2,0.9,1.0,avg_negative_log,0.2231,10,2.0,108,37,206,0.05155155155155155
0.610366398570152,0.4677137870855148,0.6716791979949874,0.551440329218107,original,SKAB,mapping_distance_fold_3,123,4,3,2,0.9,1.0,avg_negative_log,0.2231,10,2.0,108,37,206,0.05155155155155155
0.5969615728328865,0.4562289562289562,0.6791979949874687,0.5458207452165156,gaussian_noise,SKAB,mapping_distance_fold_3,123,4,3,2,0.9,1.0,avg_negative_log,0.2231,10,2.0,108,37,206,0.05155155155155155
1.0,0.0,0.0,0.0,unseen_data,SKAB,mapping_distance_fold_3,123,4,3,2,0.9,1.0,avg_negative_log,0.2231,10,2.0,108,37,206,0.05155155155155155
0.610366398570152,0.4677137870855148,0.6716791979949874,0.551440329218107,original,SKAB,mapping_distance_fold_3,2026,4,3,2,0.9,1.0,avg_negative_log,0.2231,10,2.0,108,37,206,0.05155155155155155
0.6157283288650581,0.4741235392320534,0.7117794486215538,0.5691382765531062,gaussian_noise,SKAB,mapping_distance_fold_3,2026,4,3,2,0.9,1.0,avg_negative_log,0.2231,10,2.0,108,37,206,0.05155155155155155
1.0,0.0,0.0,0.0,unseen_data,SKAB,mapping_distance_fold_3,2026,4,3,2,0.9,1.0,avg_negative_log,0.2231,10,2.0,108,37,206,0.05155155155155155
0.610366398570152,0.4677137870855148,0.6716791979949874,0.551440329218107,original,SKAB,mapping_distance_fold_3,7,4,3,2,0.9,1.0,avg_negative_log,0.2231,10,2.0,108,37,206,0.05155155155155155
0.6255585344057194,0.48327759197324416,0.7243107769423559,0.5797392176529589,gaussian_noise,SKAB,mapping_distance_fold_3,7,4,3,2,0.9,1.0,avg_negative_log,0.2231,10,2.0,108,37,206,0.05155155155155155
1.0,0.0,0.0,0.0,unseen_data,SKAB,mapping_distance_fold_3,7,4,3,2,0.9,1.0,avg_negative_log,0.2231,10,2.0,108,37,206,0.05155155155155155
0.610366398570152,0.4677137870855148,0.6716791979949874,0.551440329218107,original,SKAB,mapping_distance_fold_3,999,4,3,2,0.9,1.0,avg_negative_log,0.2231,10,2.0,108,37,206,0.05155155155155155
0.6067917783735478,0.46519524617996605,0.6867167919799498,0.5546558704453441,gaussian_noise,SKAB,mapping_distance_fold_3,999,4,3,2,0.9,1.0,avg_negative_log,0.2231,10,2.0,108,37,206,0.05155155155155155
1.0,0.0,0.0,0.0,unseen_data,SKAB,mapping_distance_fold_3,999,4,3,2,0.9,1.0,avg_negative_log,0.2231,10,2.0,108,37,206,0.05155155155155155
0.328804347826087,0.17735849056603772,0.23558897243107768,0.2023681377825619,original,SKAB,mapping_distance_fold_4,42,4,3,2,0.9,1.0,avg_negative_log,0.2231,10,2.0,106,36,205,0.05372117400419287
0.30344202898550726,0.15355805243445692,0.20551378446115287,0.1757770632368703,gaussian_noise,SKAB,mapping_distance_fold_4,42,4,3,2,0.9,1.0,avg_negative_log,0.2231,10,2.0,106,36,205,0.05372117400419287
0.5,0.0,0.0,0.0,unseen_data,SKAB,mapping_distance_fold_4,42,4,3,2,0.9,1.0,avg_negative_log,0.2231,10,2.0,106,36,205,0.05372117400419287
0.328804347826087,0.17735849056603772,0.23558897243107768,0.2023681377825619,original,SKAB,mapping_distance_fold_4,123,4,3,2,0.9,1.0,avg_negative_log,0.2231,10,2.0,106,36,205,0.05372117400419287
0.3070652173913043,0.1534090909090909,0.20300751879699247,0.17475728155339806,gaussian_noise,SKAB,mapping_distance_fold_4,123,4,3,2,0.9,1.0,avg_negative_log,0.2231,10,2.0,106,36,205,0.05372117400419287
0.5,0.0,0.0,0.0,unseen_data,SKAB,mapping_distance_fold_4,123,4,3,2,0.9,1.0,avg_negative_log,0.2231,10,2.0,106,36,205,0.05372117400419287
0.328804347826087,0.17735849056603772,0.23558897243107768,0.2023681377825619,original,SKAB,mapping_distance_fold_4,2026,4,3,2,0.9,1.0,avg_negative_log,0.2231,10,2.0,106,36,205,0.05372117400419287
0.30434782608695654,0.15384615384615385,0.20551378446115287,0.1759656652360515,gaussian_noise,SKAB,mapping_distance_fold_4,2026,4,3,2,0.9,1.0,avg_negative_log,0.2231,10,2.0,106,36,205,0.05372117400419287
0.5,0.0,0.0,0.0,unseen_data,SKAB,mapping_distance_fold_4,2026,4,3,2,0.9,1.0,avg_negative_log,0.2231,10,2.0,106,36,205,0.05372117400419287
0.328804347826087,0.17735849056603772,0.23558897243107768,0.2023681377825619,original,SKAB,mapping_distance_fold_4,7,4,3,2,0.9,1.0,avg_negative_log,0.2231,10,2.0,106,36,205,0.05372117400419287
0.33695652173913043,0.1791907514450867,0.23308270676691728,0.20261437908496732,gaussian_noise,SKAB,mapping_distance_fold_4,7,4,3,2,0.9,1.0,avg_negative_log,0.2231,10,2.0,106,36,205,0.05372117400419287
0.5,0.0,0.0,0.0,unseen_data,SKAB,mapping_distance_fold_4,7,4,3,2,0.9,1.0,avg_negative_log,0.2231,10,2.0,106,36,205,0.05372117400419287
0.328804347826087,0.17735849056603772,0.23558897243107768,0.2023681377825619,original,SKAB,mapping_distance_fold_4,999,4,3,2,0.9,1.0,avg_negative_log,0.2231,10,2.0,106,36,205,0.05372117400419287
0.3079710144927536,0.16998191681735986,0.23558897243107768,0.19747899159663865,gaussian_noise,SKAB,mapping_distance_fold_4,999,4,3,2,0.9,1.0,avg_negative_log,0.2231,10,2.0,106,36,205,0.05372117400419287
0.5,0.0,0.0,0.0,unseen_data,SKAB,mapping_distance_fold_4,999,4,3,2,0.9,1.0,avg_negative_log,0.2231,10,2.0,106,36,205,0.05372117400419287
0.5782493368700266,0.45506912442396313,0.9899749373433584,0.6235201262825573,original,SKAB,mapping_distance_fold_5,42,4,3,2,0.9,1.0,avg_negative_log,0.2231,10,2.0,105,36,189,0.05
0.5685234305923961,0.4492588369441277,0.9874686716791979,0.6175548589341693,gaussian_noise,SKAB,mapping_distance_fold_5,42,4,3,2,0.9,1.0,avg_negative_log,0.2231,10,2.0,105,36,189,0.05
0.6956521739130435,0.6818181818181818,1.0,0.8108108108108109,unseen_data,SKAB,mapping_distance_fold_5,42,4,3,2,0.9,1.0,avg_negative_log,0.2231,10,2.0,105,36,189,0.05
0.5782493368700266,0.45506912442396313,0.9899749373433584,0.6235201262825573,original,SKAB,mapping_distance_fold_5,123,4,3,2,0.9,1.0,avg_negative_log,0.2231,10,2.0,105,36,189,0.05
0.5720601237842617,0.4498229043683589,0.9548872180451128,0.6115569823434992,gaussian_noise,SKAB,mapping_distance_fold_5,123,4,3,2,0.9,1.0,avg_negative_log,0.2231,10,2.0,105,36,189,0.05
0.6956521739130435,0.6818181818181818,1.0,0.8108108108108109,unseen_data,SKAB,mapping_distance_fold_5,123,4,3,2,0.9,1.0,avg_negative_log,0.2231,10,2.0,105,36,189,0.05
0.5782493368700266,0.45506912442396313,0.9899749373433584,0.6235201262825573,original,SKAB,mapping_distance_fold_5,2026,4,3,2,0.9,1.0,avg_negative_log,0.2231,10,2.0,105,36,189,0.05
0.5853227232537578,0.4593967517401392,0.9924812030075187,0.6280729579698652,gaussian_noise,SKAB,mapping_distance_fold_5,2026,4,3,2,0.9,1.0,avg_negative_log,0.2231,10,2.0,105,36,189,0.05
0.6956521739130435,0.6818181818181818,1.0,0.8108108108108109,unseen_data,SKAB,mapping_distance_fold_5,2026,4,3,2,0.9,1.0,avg_negative_log,0.2231,10,2.0,105,36,189,0.05
0.5782493368700266,0.45506912442396313,0.9899749373433584,0.6235201262825573,original,SKAB,mapping_distance_fold_5,7,4,3,2,0.9,1.0,avg_negative_log,0.2231,10,2.0,105,36,189,0.05
0.5605658709106985,0.4440639269406393,0.974937343358396,0.6101960784313726,gaussian_noise,SKAB,mapping_distance_fold_5,7,4,3,2,0.9,1.0,avg_negative_log,0.2231,10,2.0,105,36,189,0.05
0.6956521739130435,0.6818181818181818,1.0,0.8108108108108109,unseen_data,SKAB,mapping_distance_fold_5,7,4,3,2,0.9,1.0,avg_negative_log,0.2231,10,2.0,105,36,189,0.05
0.5782493368700266,0.45506912442396313,0.9899749373433584,0.6235201262825573,original,SKAB,mapping_distance_fold_5,999,4,3,2,0.9,1.0,avg_negative_log,0.2231,10,2.0,105,36,189,0.05
0.5623342175066313,0.4444444444444444,0.9624060150375939,0.6080760095011877,gaussian_noise,SKAB,mapping_distance_fold_5,999,4,3,2,0.9,1.0,avg_negative_log,0.2231,10,2.0,105,36,189,0.05
0.6956521739130435,0.6818181818181818,1.0,0.8108108108108109,unseen_data,SKAB,mapping_distance_fold_5,999,4,3,2,0.9,1.0,avg_negative_log,0.2231,10,2.0,105,36,189,0.05
0.7025823686553874,0.7637795275590551,0.24189526184538654,0.36742424242424243,original,SKAB,mapping_distance_fold_1,42,4,3,2,0.9,1.0,avg_negative_log,0.2231,10,3.0,103,35,190,0.052704576976421634
0.6954585930543188,0.697986577181208,0.2593516209476309,0.3781818181818182,gaussian_noise,SKAB,mapping_distance_fold_1,42,4,3,2,0.9,1.0,avg_negative_log,0.2231,10,3.0,103,35,190,0.052704576976421634
0.0,0.0,0.0,0.0,unseen_data,SKAB,mapping_distance_fold_1,42,4,3,2,0.9,1.0,avg_negative_log,0.2231,10,3.0,103,35,190,0.052704576976421634
0.7025823686553874,0.7637795275590551,0.24189526184538654,0.36742424242424243,original,SKAB,mapping_distance_fold_1,123,4,3,2,0.9,1.0,avg_negative_log,0.2231,10,3.0,103,35,190,0.052704576976421634
0.6981300089047195,0.7540983606557377,0.22942643391521197,0.35181644359464626,gaussian_noise,SKAB,mapping_distance_fold_1,123,4,3,2,0.9,1.0,avg_negative_log,0.2231,10,3.0,103,35,190,0.052704576976421634
0.0,0.0,0.0,0.0,unseen_data,SKAB,mapping_distance_fold_1,123,4,3,2,0.9,1.0,avg_negative_log,0.2231,10,3.0,103,35,190,0.052704576976421634
0.7025823686553874,0.7637795275590551,0.24189526184538654,0.36742424242424243,original,SKAB,mapping_distance_fold_1,2026,4,3,2,0.9,1.0,avg_negative_log,0.2231,10,3.0,103,35,190,0.052704576976421634
0.6767586821015138,0.6233766233766234,0.23940149625935161,0.34594594594594597,gaussian_noise,SKAB,mapping_distance_fold_1,2026,4,3,2,0.9,1.0,avg_negative_log,0.2231,10,3.0,103,35,190,0.052704576976421634
0.0,0.0,0.0,0.0,unseen_data,SKAB,mapping_distance_fold_1,2026,4,3,2,0.9,1.0,avg_negative_log,0.2231,10,3.0,103,35,190,0.052704576976421634
0.7025823686553874,0.7637795275590551,0.24189526184538654,0.36742424242424243,original,SKAB,mapping_distance_fold_1,7,4,3,2,0.9,1.0,avg_negative_log,0.2231,10,3.0,103,35,190,0.052704576976421634
0.6892252894033838,0.6830985915492958,0.24189526184538654,0.3572744014732965,gaussian_noise,SKAB,mapping_distance_fold_1,7,4,3,2,0.9,1.0,avg_negative_log,0.2231,10,3.0,103,35,190,0.052704576976421634
0.0,0.0,0.0,0.0,unseen_data,SKAB,mapping_distance_fold_1,7,4,3,2,0.9,1.0,avg_negative_log,0.2231,10,3.0,103,35,190,0.052704576976421634
0.7025823686553874,0.7637795275590551,0.24189526184538654,0.36742424242424243,original,SKAB,mapping_distance_fold_1,999,4,3,2,0.9,1.0,avg_negative_log,0.2231,10,3.0,103,35,190,0.052704576976421634
0.6999109528049866,0.7580645161290323,0.2344139650872818,0.3580952380952381,gaussian_noise,SKAB,mapping_distance_fold_1,999,4,3,2,0.9,1.0,avg_negative_log,0.2231,10,3.0,103,35,190,0.052704576976421634
0.0,0.0,0.0,0.0,unseen_data,SKAB,mapping_distance_fold_1,999,4,3,2,0.9,1.0,avg_negative_log,0.2231,10,3.0,103,35,190,0.052704576976421634
0.7497765862377123,0.6117216117216118,0.8308457711442786,0.7046413502109705,original,SKAB,mapping_distance_fold_2,42,4,3,2,0.9,1.0,avg_negative_log,0.2231,10,3.0,102,34,200,0.05767012687427912
0.7631814119749777,0.62756052141527,0.8383084577114428,0.7177848775292864,gaussian_noise,SKAB,mapping_distance_fold_2,42,4,3,2,0.9,1.0,avg_negative_log,0.2231,10,3.0,102,34,200,0.05767012687427912
0.0,0.0,0.0,0.0,unseen_data,SKAB,mapping_distance_fold_2,42,4,3,2,0.9,1.0,avg_negative_log,0.2231,10,3.0,102,34,200,0.05767012687427912
0.7497765862377123,0.6117216117216118,0.8308457711442786,0.7046413502109705,original,SKAB,mapping_distance_fold_2,123,4,3,2,0.9,1.0,avg_negative_log,0.2231,10,3.0,102,34,200,0.05767012687427912
0.7551385165326184,0.6172161172161172,0.8383084577114428,0.7109704641350211,gaussian_noise,SKAB,mapping_distance_fold_2,123,4,3,2,0.9,1.0,avg_negative_log,0.2231,10,3.0,102,34,200,0.05767012687427912
0.0,0.0,0.0,0.0,unseen_data,SKAB,mapping_distance_fold_2,123,4,3,2,0.9,1.0,avg_negative_log,0.2231,10,3.0,102,34,200,0.05767012687427912
0.7497765862377123,0.6117216117216118,0.8308457711442786,0.7046413502109705,original,SKAB,mapping_distance_fold_2,2026,4,3,2,0.9,1.0,avg_negative_log,0.2231,10,3.0,102,34,200,0.05767012687427912
0.7497765862377123,0.608540925266904,0.8507462686567164,0.7095435684647303,gaussian_noise,SKAB,mapping_distance_fold_2,2026,4,3,2,0.9,1.0,avg_negative_log,0.2231,10,3.0,102,34,200,0.05767012687427912
0.0,0.0,0.0,0.0,unseen_data,SKAB,mapping_distance_fold_2,2026,4,3,2,0.9,1.0,avg_negative_log,0.2231,10,3.0,102,34,200,0.05767012687427912
0.7497765862377123,0.6117216117216118,0.8308457711442786,0.7046413502109705,original,SKAB,mapping_distance_fold_2,7,4,3,2,0.9,1.0,avg_negative_log,0.2231,10,3.0,102,34,200,0.05767012687427912
0.7524575513851653,0.6122082585278277,0.8482587064676617,0.7111574556830031,gaussian_noise,SKAB,mapping_distance_fold_2,7,4,3,2,0.9,1.0,avg_negative_log,0.2231,10,3.0,102,34,200,0.05767012687427912
0.0,0.0,0.0,0.0,unseen_data,SKAB,mapping_distance_fold_2,7,4,3,2,0.9,1.0,avg_negative_log,0.2231,10,3.0,102,34,200,0.05767012687427912
0.7497765862377123,0.6117216117216118,0.8308457711442786,0.7046413502109705,original,SKAB,mapping_distance_fold_2,999,4,3,2,0.9,1.0,avg_negative_log,0.2231,10,3.0,102,34,200,0.05767012687427912
0.7488829311885612,0.6110091743119266,0.8283582089552238,0.7032734952481521,gaussian_noise,SKAB,mapping_distance_fold_2,999,4,3,2,0.9,1.0,avg_negative_log,0.2231,10,3.0,102,34,200,0.05767012687427912
0.0,0.0,0.0,0.0,unseen_data,SKAB,mapping_distance_fold_2,999,4,3,2,0.9,1.0,avg_negative_log,0.2231,10,3.0,102,34,200,0.05767012687427912
0.610366398570152,0.4677137870855148,0.6716791979949874,0.551440329218107,original,SKAB,mapping_distance_fold_3,42,4,3,2,0.9,1.0,avg_negative_log,0.2231,10,3.0,108,37,206,0.05155155155155155
0.612153708668454,0.4691358024691358,0.6666666666666666,0.5507246376811594,gaussian_noise,SKAB,mapping_distance_fold_3,42,4,3,2,0.9,1.0,avg_negative_log,0.2231,10,3.0,108,37,206,0.05155155155155155
1.0,0.0,0.0,0.0,unseen_data,SKAB,mapping_distance_fold_3,42,4,3,2,0.9,1.0,avg_negative_log,0.2231,10,3.0,108,37,206,0.05155155155155155
0.610366398570152,0.4677137870855148,0.6716791979949874,0.551440329218107,original,SKAB,mapping_distance_fold_3,123,4,3,2,0.9,1.0,avg_negative_log,0.2231,10,3.0,108,37,206,0.05155155155155155
0.5969615728328865,0.4562289562289562,0.6791979949874687,0.5458207452165156,gaussian_noise,SKAB,mapping_distance_fold_3,123,4,3,2,0.9,1.0,avg_negative_log,0.2231,10,3.0,108,37,206,0.05155155155155155
1.0,0.0,0.0,0.0,unseen_data,SKAB,mapping_distance_fold_3,123,4,3,2,0.9,1.0,avg_negative_log,0.2231,10,3.0,108,37,206,0.05155155155155155
0.610366398570152,0.4677137870855148,0.6716791979949874,0.551440329218107,original,SKAB,mapping_distance_fold_3,2026,4,3,2,0.9,1.0,avg_negative_log,0.2231,10,3.0,108,37,206,0.05155155155155155
0.6157283288650581,0.4741235392320534,0.7117794486215538,0.5691382765531062,gaussian_noise,SKAB,mapping_distance_fold_3,2026,4,3,2,0.9,1.0,avg_negative_log,0.2231,10,3.0,108,37,206,0.05155155155155155
1.0,0.0,0.0,0.0,unseen_data,SKAB,mapping_distance_fold_3,2026,4,3,2,0.9,1.0,avg_negative_log,0.2231,10,3.0,108,37,206,0.05155155155155155
0.610366398570152,0.4677137870855148,0.6716791979949874,0.551440329218107,original,SKAB,mapping_distance_fold_3,7,4,3,2,0.9,1.0,avg_negative_log,0.2231,10,3.0,108,37,206,0.05155155155155155
0.6255585344057194,0.48327759197324416,0.7243107769423559,0.5797392176529589,gaussian_noise,SKAB,mapping_distance_fold_3,7,4,3,2,0.9,1.0,avg_negative_log,0.2231,10,3.0,108,37,206,0.05155155155155155
1.0,0.0,0.0,0.0,unseen_data,SKAB,mapping_distance_fold_3,7,4,3,2,0.9,1.0,avg_negative_log,0.2231,10,3.0,108,37,206,0.05155155155155155
0.610366398570152,0.4677137870855148,0.6716791979949874,0.551440329218107,original,SKAB,mapping_distance_fold_3,999,4,3,2,0.9,1.0,avg_negative_log,0.2231,10,3.0,108,37,206,0.05155155155155155
0.6067917783735478,0.46519524617996605,0.6867167919799498,0.5546558704453441,gaussian_noise,SKAB,mapping_distance_fold_3,999,4,3,2,0.9,1.0,avg_negative_log,0.2231,10,3.0,108,37,206,0.05155155155155155
1.0,0.0,0.0,0.0,unseen_data,SKAB,mapping_distance_fold_3,999,4,3,2,0.9,1.0,avg_negative_log,0.2231,10,3.0,108,37,206,0.05155155155155155
0.328804347826087,0.17735849056603772,0.23558897243107768,0.2023681377825619,original,SKAB,mapping_distance_fold_4,42,4,3,2,0.9,1.0,avg_negative_log,0.2231,10,3.0,106,36,205,0.05372117400419287
0.30344202898550726,0.15355805243445692,0.20551378446115287,0.1757770632368703,gaussian_noise,SKAB,mapping_distance_fold_4,42,4,3,2,0.9,1.0,avg_negative_log,0.2231,10,3.0,106,36,205,0.05372117400419287
0.5,0.0,0.0,0.0,unseen_data,SKAB,mapping_distance_fold_4,42,4,3,2,0.9,1.0,avg_negative_log,0.2231,10,3.0,106,36,205,0.05372117400419287
0.328804347826087,0.17735849056603772,0.23558897243107768,0.2023681377825619,original,SKAB,mapping_distance_fold_4,123,4,3,2,0.9,1.0,avg_negative_log,0.2231,10,3.0,106,36,205,0.05372117400419287
0.3070652173913043,0.1534090909090909,0.20300751879699247,0.17475728155339806,gaussian_noise,SKAB,mapping_distance_fold_4,123,4,3,2,0.9,1.0,avg_negative_log,0.2231,10,3.0,106,36,205,0.05372117400419287
0.5,0.0,0.0,0.0,unseen_data,SKAB,mapping_distance_fold_4,123,4,3,2,0.9,1.0,avg_negative_log,0.2231,10,3.0,106,36,205,0.05372117400419287
0.328804347826087,0.17735849056603772,0.23558897243107768,0.2023681377825619,original,SKAB,mapping_distance_fold_4,2026,4,3,2,0.9,1.0,avg_negative_log,0.2231,10,3.0,106,36,205,0.05372117400419287
0.30434782608695654,0.15384615384615385,0.20551378446115287,0.1759656652360515,gaussian_noise,SKAB,mapping_distance_fold_4,2026,4,3,2,0.9,1.0,avg_negative_log,0.2231,10,3.0,106,36,205,0.05372117400419287
0.5,0.0,0.0,0.0,unseen_data,SKAB,mapping_distance_fold_4,2026,4,3,2,0.9,1.0,avg_negative_log,0.2231,10,3.0,106,36,205,0.05372117400419287
0.328804347826087,0.17735849056603772,0.23558897243107768,0.2023681377825619,original,SKAB,mapping_distance_fold_4,7,4,3,2,0.9,1.0,avg_negative_log,0.2231,10,3.0,106,36,205,0.05372117400419287
0.33695652173913043,0.1791907514450867,0.23308270676691728,0.20261437908496732,gaussian_noise,SKAB,mapping_distance_fold_4,7,4,3,2,0.9,1.0,avg_negative_log,0.2231,10,3.0,106,36,205,0.05372117400419287
0.5,0.0,0.0,0.0,unseen_data,SKAB,mapping_distance_fold_4,7,4,3,2,0.9,1.0,avg_negative_log,0.2231,10,3.0,106,36,205,0.05372117400419287
0.328804347826087,0.17735849056603772,0.23558897243107768,0.2023681377825619,original,SKAB,mapping_distance_fold_4,999,4,3,2,0.9,1.0,avg_negative_log,0.2231,10,3.0,106,36,205,0.05372117400419287
0.3079710144927536,0.16998191681735986,0.23558897243107768,0.19747899159663865,gaussian_noise,SKAB,mapping_distance_fold_4,999,4,3,2,0.9,1.0,avg_negative_log,0.2231,10,3.0,106,36,205,0.05372117400419287
0.5,0.0,0.0,0.0,unseen_data,SKAB,mapping_distance_fold_4,999,4,3,2,0.9,1.0,avg_negative_log,0.2231,10,3.0,106,36,205,0.05372117400419287
0.5782493368700266,0.45506912442396313,0.9899749373433584,0.6235201262825573,original,SKAB,mapping_distance_fold_5,42,4,3,2,0.9,1.0,avg_negative_log,0.2231,10,3.0,105,36,189,0.05
0.5685234305923961,0.4492588369441277,0.9874686716791979,0.6175548589341693,gaussian_noise,SKAB,mapping_distance_fold_5,42,4,3,2,0.9,1.0,avg_negative_log,0.2231,10,3.0,105,36,189,0.05
0.6956521739130435,0.6818181818181818,1.0,0.8108108108108109,unseen_data,SKAB,mapping_distance_fold_5,42,4,3,2,0.9,1.0,avg_negative_log,0.2231,10,3.0,105,36,189,0.05
0.5782493368700266,0.45506912442396313,0.9899749373433584,0.6235201262825573,original,SKAB,mapping_distance_fold_5,123,4,3,2,0.9,1.0,avg_negative_log,0.2231,10,3.0,105,36,189,0.05
0.5720601237842617,0.4498229043683589,0.9548872180451128,0.6115569823434992,gaussian_noise,SKAB,mapping_distance_fold_5,123,4,3,2,0.9,1.0,avg_negative_log,0.2231,10,3.0,105,36,189,0.05
0.6956521739130435,0.6818181818181818,1.0,0.8108108108108109,unseen_data,SKAB,mapping_distance_fold_5,123,4,3,2,0.9,1.0,avg_negative_log,0.2231,10,3.0,105,36,189,0.05
0.5782493368700266,0.45506912442396313,0.9899749373433584,0.6235201262825573,original,SKAB,mapping_distance_fold_5,2026,4,3,2,0.9,1.0,avg_negative_log,0.2231,10,3.0,105,36,189,0.05
0.5853227232537578,0.4593967517401392,0.9924812030075187,0.6280729579698652,gaussian_noise,SKAB,mapping_distance_fold_5,2026,4,3,2,0.9,1.0,avg_negative_log,0.2231,10,3.0,105,36,189,0.05
0.6956521739130435,0.6818181818181818,1.0,0.8108108108108109,unseen_data,SKAB,mapping_distance_fold_5,2026,4,3,2,0.9,1.0,avg_negative_log,0.2231,10,3.0,105,36,189,0.05
0.5782493368700266,0.45506912442396313,0.9899749373433584,0.6235201262825573,original,SKAB,mapping_distance_fold_5,7,4,3,2,0.9,1.0,avg_negative_log,0.2231,10,3.0,105,36,189,0.05
0.5605658709106985,0.4440639269406393,0.974937343358396,0.6101960784313726,gaussian_noise,SKAB,mapping_distance_fold_5,7,4,3,2,0.9,1.0,avg_negative_log,0.2231,10,3.0,105,36,189,0.05
0.6956521739130435,0.6818181818181818,1.0,0.8108108108108109,unseen_data,SKAB,mapping_distance_fold_5,7,4,3,2,0.9,1.0,avg_negative_log,0.2231,10,3.0,105,36,189,0.05
0.5782493368700266,0.45506912442396313,0.9899749373433584,0.6235201262825573,original,SKAB,mapping_distance_fold_5,999,4,3,2,0.9,1.0,avg_negative_log,0.2231,10,3.0,105,36,189,0.05
0.5623342175066313,0.4444444444444444,0.9624060150375939,0.6080760095011877,gaussian_noise,SKAB,mapping_distance_fold_5,999,4,3,2,0.9,1.0,avg_negative_log,0.2231,10,3.0,105,36,189,0.05
0.6956521739130435,0.6818181818181818,1.0,0.8108108108108109,unseen_data,SKAB,mapping_distance_fold_5,999,4,3,2,0.9,1.0,avg_negative_log,0.2231,10,3.0,105,36,189,0.05
0.703472840605521,0.765625,0.24438902743142144,0.3705103969754253,original,SKAB,mapping_distance_fold_1,42,4,3,3,0.9,0.5,avg_negative_log,0.2231,10,,225,35,400,0.050793650793650794
0.6963490650044524,0.7,0.26184538653366585,0.3811252268602541,gaussian_noise,SKAB,mapping_distance_fold_1,42,4,3,3,0.9,0.5,avg_negative_log,0.2231,10,,225,35,400,0.050793650793650794
0.0,0.0,0.0,0.0,unseen_data,SKAB,mapping_distance_fold_1,42,4,3,3,0.9,0.5,avg_negative_log,0.2231,10,,225,35,400,0.050793650793650794
0.703472840605521,0.765625,0.24438902743142144,0.3705103969754253,original,SKAB,mapping_distance_fold_1,123,4,3,3,0.9,0.5,avg_negative_log,0.2231,10,,225,35,400,0.050793650793650794
0.699020480854853,0.7560975609756098,0.23192019950124687,0.3549618320610687,gaussian_noise,SKAB,mapping_distance_fold_1,123,4,3,3,0.9,0.5,avg_negative_log,0.2231,10,,225,35,400,0.050793650793650794
0.0,0.0,0.0,0.0,unseen_data,SKAB,mapping_distance_fold_1,123,4,3,3,0.9,0.5,avg_negative_log,0.2231,10,,225,35,400,0.050793650793650794
0.703472840605521,0.765625,0.24438902743142144,0.3705103969754253,original,SKAB,mapping_distance_fold_1,2026,4,3,3,0.9,0.5,avg_negative_log,0.2231,10,,225,35,400,0.050793650793650794
0.678539626001781,0.6282051282051282,0.24438902743142144,0.3518850987432675,gaussian_noise,SKAB,mapping_distance_fold_1,2026,4,3,3,0.9,0.5,avg_negative_log,0.2231,10,,225,35,400,0.050793650793650794
0.0,0.0,0.0,0.0,unseen_data,SKAB,mapping_distance_fold_1,2026,4,3,3,0.9,0.5,avg_negative_log,0.2231,10,,225,35,400,0.050793650793650794
0.703472840605521,0.765625,0.24438902743142144,0.3705103969754253,original,SKAB,mapping_distance_fold_1,7,4,3,3,0.9,0.5,avg_negative_log,0.2231,10,,225,35,400,0.050793650793650794
0.6901157613535174,0.6853146853146853,0.24438902743142144,0.3602941176470588,gaussian_noise,SKAB,mapping_distance_fold_1,7,4,3,3,0.9,0.5,avg_negative_log,0.2231,10,,225,35,400,0.050793650793650794
0.0,0.0,0.0,0.0,unseen_data,SKAB,mapping_distance_fold_1,7,4,3,3,0.9,0.5,avg_negative_log,0.2231,10,,225,35,400,0.050793650793650794
0.703472840605521,0.765625,0.24438902743142144,0.3705103969754253,original,SKAB,mapping_distance_fold_1,999,4,3,3,0.9,0.5,avg_negative_log,0.2231,10,,225,35,400,0.050793650793650794
0.7008014247551202,0.76,0.23690773067331672,0.3612167300380228,gaussian_noise,SKAB,mapping_distance_fold_1,999,4,3,3,0.9,0.5,avg_negative_log,0.2231,10,,225,35,400,0.050793650793650794
0.0,0.0,0.0,0.0,unseen_data,SKAB,mapping_distance_fold_1,999,4,3,3,0.9,0.5,avg_negative_log,0.2231,10,,225,35,400,0.050793650793650794
0.7497765862377123,0.6113138686131386,0.8333333333333334,0.7052631578947368,original,SKAB,mapping_distance_fold_2,42,4,3,3,0.9,0.5,avg_negative_log,0.2231,10,,234,34,438,0.05505279034690799
0.7631814119749777,0.62708719851577,0.8407960199004975,0.718384697130712,gaussian_noise,SKAB,mapping_distance_fold_2,42,4,3,3,0.9,0.5,avg_negative_log,0.2231,10,,234,34,438,0.05505279034690799
0.0,0.0,0.0,0.0,unseen_data,SKAB,mapping_distance_fold_2,42,4,3,3,0.9,0.5,avg_negative_log,0.2231,10,,234,34,438,0.05505279034690799
0.7497765862377123,0.6113138686131386,0.8333333333333334,0.7052631578947368,original,SKAB,mapping_distance_fold_2,123,4,3,3,0.9,0.5,avg_negative_log,0.2231,10,,234,34,438,0.05505279034690799
0.7551385165326184,0.6167883211678832,0.8407960199004975,0.7115789473684211,gaussian_noise,SKAB,mapping_distance_fold_2,123,4,3,3,0.9,0.5,avg_negative_log,0.2231,10,,234,34,438,0.05505279034690799
0.0,0.0,0.0,0.0,unseen_data,SKAB,mapping_distance_fold_2,123,4,3,3,0.9,0.5,avg_negative_log,0.2231,10,,234,34,438,0.05505279034690799
0.7497765862377123,0.6113138686131386,0.8333333333333334,0.7052631578947368,original,SKAB,mapping_distance_fold_2,2026,4,3,3,0.9,0.5,avg_negative_log,0.2231,10,,234,34,438,0.05505279034690799
0.7497765862377123,0.6081560283687943,0.8532338308457711,0.7101449275362319,gaussian_noise,SKAB,mapping_distance_fold_2,2026,4,3,3,0.9,0.5,avg_negative_log,0.2231,10,,234,34,438,0.05505279034690799
0.0,0.0,0.0,0.0,unseen_data,SKAB,mapping_distance_fold_2,2026,4,3,3,0.9,0.5,avg_negative_log,0.2231,10,,234,34,438,0.05505279034690799
0.7497765862377123,0.6113138686131386,0.8333333333333334,0.7052631578947368,original,SKAB,mapping_distance_fold_2,7,4,3,3,0.9,0.5,avg_negative_log,0.2231,10,,234,34,438,0.05505279034690799
0.7524575513851653,0.6118067978533095,0.8507462686567164,0.7117585848074922,gaussian_noise,SKAB,mapping_distance_fold_2,7,4,3,3,0.9,0.5,avg_negative_log,0.2231,10,,234,34,438,0.05505279034690799
0.0,0.0,0.0,0.0,unseen_data,SKAB,mapping_distance_fold_2,7,4,3,3,0.9,0.5,avg_negative_log,0.2231,10,,234,34,438,0.05505279034690799
0.7497765862377123,0.6113138686131386,0.8333333333333334,0.7052631578947368,original,SKAB,mapping_distance_fold_2,999,4,3,3,0.9,0.5,avg_negative_log,0.2231,10,,234,34,438,0.05505279034690799
0.7488829311885612,0.6106032906764168,0.8308457711442786,0.7038988408851422,gaussian_noise,SKAB,mapping_distance_fold_2,999,4,3,3,0.9,0.5,avg_negative_log,0.2231,10,,234,34,438,0.05505279034690799
0.0,0.0,0.0,0.0,unseen_data,SKAB,mapping_distance_fold_2,999,4,3,3,0.9,0.5,avg_negative_log,0.2231,10,,234,34,438,0.05505279034690799
0.610366398570152,0.46815834767641995,0.681704260651629,0.5551020408163265,original,SKAB,mapping_distance_fold_3,42,4,3,3,0.9,0.5,avg_negative_log,0.2231,10,,243,37,440,0.048937826715604496
0.613941018766756,0.4712041884816754,0.6766917293233082,0.5555555555555556,gaussian_noise,SKAB,mapping_distance_fold_3,42,4,3,3,0.9,0.5,avg_negative_log,0.2231,10,,243,37,440,0.048937826715604496
1.0,0.0,0.0,0.0,unseen_data,SKAB,mapping_distance_fold_3,42,4,3,3,0.9,0.5,avg_negative_log,0.2231,10,,243,37,440,0.048937826715604496
0.610366398570152,0.46815834767641995,0.681704260651629,0.5551020408163265,original,SKAB,mapping_distance_fold_3,123,4,3,3,0.9,0.5,avg_negative_log,0.2231,10,,243,37,440,0.048937826715604496
0.5969615728328865,0.45666666666666667,0.6867167919799498,0.5485485485485485,gaussian_noise,SKAB,mapping_distance_fold_3,123,4,3,3,0.9,0.5,avg_negative_log,0.2231,10,,243,37,440,0.048937826715604496
1.0,0.0,0.0,0.0,unseen_data,SKAB,mapping_distance_fold_3,123,4,3,3,0.9,0.5,avg_negative_log,0.2231,10,,243,37,440,0.048937826715604496
0.610366398570152,0.46815834767641995,0.681704260651629,0.5551020408163265,original,SKAB,mapping_distance_fold_3,2026,4,3,3,0.9,0.5,avg_negative_log,0.2231,10,,243,37,440,0.048937826715604496
0.613941018766756,0.4727272727272727,0.7167919799498746,0.5697211155378487,gaussian_noise,SKAB,mapping_distance_fold_3,2026,4,3,3,0.9,0.5,avg_negative_log,0.2231,10,,243,37,440,0.048937826715604496
1.0,0.0,0.0,0.0,unseen_data,SKAB,mapping_distance_fold_3,2026,4,3,3,0.9,0.5,avg_negative_log,0.2231,10,,243,37,440,0.048937826715604496
0.610366398570152,0.46815834767641995,0.681704260651629,0.5551020408163265,original,SKAB,mapping_distance_fold_3,7,4,3,3,0.9,0.5,avg_negative_log,0.2231,10,,243,37,440,0.048937826715604496
0.6264521894548705,0.4842454394693201,0.731829573934837,0.5828343313373253,gaussian_noise,SKAB,mapping_distance_fold_3,7,4,3,3,0.9,0.5,avg_negative_log,0.2231,10,,243,37,440,0.048937826715604496
1.0,0.0,0.0,0.0,unseen_data,SKAB,mapping_distance_fold_3,7,4,3,3,0.9,0.5,avg_negative_log,0.2231,10,,243,37,440,0.048937826715604496
0.610366398570152,0.46815834767641995,0.681704260651629,0.5551020408163265,original,SKAB,mapping_distance_fold_3,999,4,3,3,0.9,0.5,avg_negative_log,0.2231,10,,243,37,440,0.048937826715604496
0.6076854334226989,0.4663299663299663,0.6942355889724311,0.5579053373615307,gaussian_noise,SKAB,mapping_distance_fold_3,999,4,3,3,0.9,0.5,avg_negative_log,0.2231,10,,243,37,440,0.048937826715604496
1.0,0.0,0.0,0.0,unseen_data,SKAB,mapping_distance_fold_3,999,4,3,3,0.9,0.5,avg_negative_log,0.2231,10,,243,37,440,0.048937826715604496
0.3269927536231884,0.17547169811320754,0.23308270676691728,0.20021528525296017,original,SKAB,mapping_distance_fold_4,42,4,3,3,0.9,0.5,avg_negative_log,0.2231,10,,241,36,449,0.05175195942830797
0.302536231884058,0.15327102803738318,0.20551378446115287,0.17558886509635974,gaussian_noise,SKAB,mapping_distance_fold_4,42,4,3,3,0.9,0.5,avg_negative_log,0.2231,10,,241,36,449,0.05175195942830797
1.0,0.0,0.0,0.0,unseen_data,SKAB,mapping_distance_fold_4,42,4,3,3,0.9,0.5,avg_negative_log,0.2231,10,,241,36,449,0.05175195942830797
0.3269927536231884,0.17547169811320754,0.23308270676691728,0.20021528525296017,original,SKAB,mapping_distance_fold_4,123,4,3,3,0.9,0.5,avg_negative_log,0.2231,10,,241,36,449,0.05175195942830797
0.3061594202898551,0.15311909262759923,0.20300751879699247,0.17456896551724138,gaussian_noise,SKAB,mapping_distance_fold_4,123,4,3,3,0.9,0.5,avg_negative_log,0.2231,10,,241,36,449,0.05175195942830797
1.0,0.0,0.0,0.0,unseen_data,SKAB,mapping_distance_fold_4,123,4,3,3,0.9,0.5,avg_negative_log,0.2231,10,,241,36,449,0.05175195942830797
0.3269927536231884,0.17547169811320754,0.23308270676691728,0.20021528525296017,original,SKAB,mapping_distance_fold_4,2026,4,3,3,0.9,0.5,avg_negative_log,0.2231,10,,241,36,449,0.05175195942830797
0.30344202898550726,0.15355805243445692,0.20551378446115287,0.1757770632368703,gaussian_noise,SKAB,mapping_distance_fold_4,2026,4,3,3,0.9,0.5,avg_negative_log,0.2231,10,,241,36,449,0.05175195942830797
1.0,0.0,0.0,0.0,unseen_data,SKAB,mapping_distance_fold_4,2026,4,3,3,0.9,0.5,avg_negative_log,0.2231,10,,241,36,449,0.05175195942830797
0.3269927536231884,0.17547169811320754,0.23308270676691728,0.20021528525296017,original,SKAB,mapping_distance_fold_4,7,4,3,3,0.9,0.5,avg_negative_log,0.2231,10,,241,36,449,0.05175195942830797
0.3351449275362319,0.17726396917148363,0.23057644110275688,0.20043572984749455,gaussian_noise,SKAB,mapping_distance_fold_4,7,4,3,3,0.9,0.5,avg_negative_log,0.2231,10,,241,36,449,0.05175195942830797
1.0,0.0,0.0,0.0,unseen_data,SKAB,mapping_distance_fold_4,7,4,3,3,0.9,0.5,avg_negative_log,0.2231,10,,241,36,449,0.05175195942830797
0.3269927536231884,0.17547169811320754,0.23308270676691728,0.20021528525296017,original,SKAB,mapping_distance_fold_4,999,4,3,3,0.9,0.5,avg_negative_log,0.2231,10,,241,36,449,0.05175195942830797
0.3061594202898551,0.16817359855334538,0.23308270676691728,0.1953781512605042,gaussian_noise,SKAB,mapping_distance_fold_4,999,4,3,3,0.9,0.5,avg_negative_log,0.2231,10,,241,36,449,0.05175195942830797
1.0,0.0,0.0,0.0,unseen_data,SKAB,mapping_distance_fold_4,999,4,3,3,0.9,0.5,avg_negative_log,0.2231,10,,241,36,449,0.05175195942830797
0.5773651635720601,0.4547537227949599,0.9949874686716792,0.6242138364779874,original,SKAB,mapping_distance_fold_5,42,4,3,3,0.9,0.5,avg_negative_log,0.2231,10,,225,36,389,0.048024691358024695
0.5658709106984969,0.44772727272727275,0.9874686716791979,0.616106333072713,gaussian_noise,SKAB,mapping_distance_fold_5,42,4,3,3,0.9,0.5,avg_negative_log,0.2231,10,,225,36,389,0.048024691358024695
0.7391304347826086,0.7142857142857143,1.0,0.8333333333333334,unseen_data,SKAB,mapping_distance_fold_5,42,4,3,3,0.9,0.5,avg_negative_log,0.2231,10,,225,36,389,0.048024691358024695
0.5773651635720601,0.4547537227949599,0.9949874686716792,0.6242138364779874,original,SKAB,mapping_distance_fold_5,123,4,3,3,0.9,0.5,avg_negative_log,0.2231,10,,225,36,389,0.048024691358024695
0.5685234305923961,0.447831184056272,0.9573934837092731,0.610223642172524,gaussian_noise,SKAB,mapping_distance_fold_5,123,4,3,3,0.9,0.5,avg_negative_log,0.2231,10,,225,36,389,0.048024691358024695
0.7391304347826086,0.7142857142857143,1.0,0.8333333333333334,unseen_data,SKAB,mapping_distance_fold_5,123,4,3,3,0.9,0.5,avg_negative_log,0.2231,10,,225,36,389,0.048024691358024695
0.5773651635720601,0.4547537227949599,0.9949874686716792,0.6242138364779874,original,SKAB,mapping_distance_fold_5,2026,4,3,3,0.9,0.5,avg_negative_log,0.2231,10,,225,36,389,0.048024691358024695
0.583554376657825,0.45842956120092376,0.9949874686716792,0.6276679841897234,gaussian_noise,SKAB,mapping_distance_fold_5,2026,4,3,3,0.9,0.5,avg_negative_log,0.2231,10,,225,36,389,0.048024691358024695
0.7391304347826086,0.7142857142857143,1.0,0.8333333333333334,unseen_data,SKAB,mapping_distance_fold_5,2026,4,3,3,0.9,0.5,avg_negative_log,0.2231,10,,225,36,389,0.048024691358024695
0.5773651635720601,0.4547537227949599,0.9949874686716792,0.6242138364779874,original,SKAB,mapping_distance_fold_5,7,4,3,3,0.9,0.5,avg_negative_log,0.2231,10,,225,36,389,0.048024691358024695
0.5596816976127321,0.443557582668187,0.974937343358396,0.609717868338558,gaussian_noise,SKAB,mapping_distance_fold_5,7,4,3,3,0.9,0.5,avg_negative_log,0.2231,10,,225,36,389,0.048024691358024695
0.7391304347826086,0.7142857142857143,1.0,0.8333333333333334,unseen_data,SKAB,mapping_distance_fold_5,7,4,3,3,0.9,0.5,avg_negative_log,0.2231,10,,225,36,389,0.048024691358024695
0.5773651635720601,0.4547537227949599,0.9949874686716792,0.6242138364779874,original,SKAB,mapping_distance_fold_5,999,4,3,3,0.9,0.5,avg_negative_log,0.2231,10,,225,36,389,0.048024691358024695
0.5614500442086648,0.4441887226697353,0.9674185463659147,0.6088328075709779,gaussian_noise,SKAB,mapping_distance_fold_5,999,4,3,3,0.9,0.5,avg_negative_log,0.2231,10,,225,36,389,0.048024691358024695
0.7391304347826086,0.7142857142857143,1.0,0.8333333333333334,unseen_data,SKAB,mapping_distance_fold_5,999,4,3,3,0.9,0.5,avg_negative_log,0.2231,10,,225,36,389,0.048024691358024695
0.703472840605521,0.765625,0.24438902743142144,0.3705103969754253,original,SKAB,mapping_distance_fold_1,42,4,3,3,0.9,0.5,avg_negative_log,0.2231,10,1.0,225,35,400,0.050793650793650794
0.6963490650044524,0.7,0.26184538653366585,0.3811252268602541,gaussian_noise,SKAB,mapping_distance_fold_1,42,4,3,3,0.9,0.5,avg_negative_log,0.2231,10,1.0,225,35,400,0.050793650793650794
0.0,0.0,0.0,0.0,unseen_data,SKAB,mapping_distance_fold_1,42,4,3,3,0.9,0.5,avg_negative_log,0.2231,10,1.0,225,35,400,0.050793650793650794
0.703472840605521,0.765625,0.24438902743142144,0.3705103969754253,original,SKAB,mapping_distance_fold_1,123,4,3,3,0.9,0.5,avg_negative_log,0.2231,10,1.0,225,35,400,0.050793650793650794
0.699020480854853,0.7560975609756098,0.23192019950124687,0.3549618320610687,gaussian_noise,SKAB,mapping_distance_fold_1,123,4,3,3,0.9,0.5,avg_negative_log,0.2231,10,1.0,225,35,400,0.050793650793650794
0.0,0.0,0.0,0.0,unseen_data,SKAB,mapping_distance_fold_1,123,4,3,3,0.9,0.5,avg_negative_log,0.2231,10,1.0,225,35,400,0.050793650793650794
0.703472840605521,0.765625,0.24438902743142144,0.3705103969754253,original,SKAB,mapping_distance_fold_1,2026,4,3,3,0.9,0.5,avg_negative_log,0.2231,10,1.0,225,35,400,0.050793650793650794
0.678539626001781,0.6282051282051282,0.24438902743142144,0.3518850987432675,gaussian_noise,SKAB,mapping_distance_fold_1,2026,4,3,3,0.9,0.5,avg_negative_log,0.2231,10,1.0,225,35,400,0.050793650793650794
0.0,0.0,0.0,0.0,unseen_data,SKAB,mapping_distance_fold_1,2026,4,3,3,0.9,0.5,avg_negative_log,0.2231,10,1.0,225,35,400,0.050793650793650794
0.703472840605521,0.765625,0.24438902743142144,0.3705103969754253,original,SKAB,mapping_distance_fold_1,7,4,3,3,0.9,0.5,avg_negative_log,0.2231,10,1.0,225,35,400,0.050793650793650794
0.6901157613535174,0.6853146853146853,0.24438902743142144,0.3602941176470588,gaussian_noise,SKAB,mapping_distance_fold_1,7,4,3,3,0.9,0.5,avg_negative_log,0.2231,10,1.0,225,35,400,0.050793650793650794
0.0,0.0,0.0,0.0,unseen_data,SKAB,mapping_distance_fold_1,7,4,3,3,0.9,0.5,avg_negative_log,0.2231,10,1.0,225,35,400,0.050793650793650794
0.703472840605521,0.765625,0.24438902743142144,0.3705103969754253,original,SKAB,mapping_distance_fold_1,999,4,3,3,0.9,0.5,avg_negative_log,0.2231,10,1.0,225,35,400,0.050793650793650794
0.7008014247551202,0.76,0.23690773067331672,0.3612167300380228,gaussian_noise,SKAB,mapping_distance_fold_1,999,4,3,3,0.9,0.5,avg_negative_log,0.2231,10,1.0,225,35,400,0.050793650793650794
0.0,0.0,0.0,0.0,unseen_data,SKAB,mapping_distance_fold_1,999,4,3,3,0.9,0.5,avg_negative_log,0.2231,10,1.0,225,35,400,0.050793650793650794
0.7497765862377123,0.6113138686131386,0.8333333333333334,0.7052631578947368,original,SKAB,mapping_distance_fold_2,42,4,3,3,0.9,0.5,avg_negative_log,0.2231,10,1.0,234,34,438,0.05505279034690799
0.7631814119749777,0.62708719851577,0.8407960199004975,0.718384697130712,gaussian_noise,SKAB,mapping_distance_fold_2,42,4,3,3,0.9,0.5,avg_negative_log,0.2231,10,1.0,234,34,438,0.05505279034690799
0.0,0.0,0.0,0.0,unseen_data,SKAB,mapping_distance_fold_2,42,4,3,3,0.9,0.5,avg_negative_log,0.2231,10,1.0,234,34,438,0.05505279034690799
0.7497765862377123,0.6113138686131386,0.8333333333333334,0.7052631578947368,original,SKAB,mapping_distance_fold_2,123,4,3,3,0.9,0.5,avg_negative_log,0.2231,10,1.0,234,34,438,0.05505279034690799
0.7551385165326184,0.6167883211678832,0.8407960199004975,0.7115789473684211,gaussian_noise,SKAB,mapping_distance_fold_2,123,4,3,3,0.9,0.5,avg_negative_log,0.2231,10,1.0,234,34,438,0.05505279034690799
0.0,0.0,0.0,0.0,unseen_data,SKAB,mapping_distance_fold_2,123,4,3,3,0.9,0.5,avg_negative_log,0.2231,10,1.0,234,34,438,0.05505279034690799
0.7497765862377123,0.6113138686131386,0.8333333333333334,0.7052631578947368,original,SKAB,mapping_distance_fold_2,2026,4,3,3,0.9,0.5,avg_negative_log,0.2231,10,1.0,234,34,438,0.05505279034690799
0.7497765862377123,0.6081560283687943,0.8532338308457711,0.7101449275362319,gaussian_noise,SKAB,mapping_distance_fold_2,2026,4,3,3,0.9,0.5,avg_negative_log,0.2231,10,1.0,234,34,438,0.05505279034690799
0.0,0.0,0.0,0.0,unseen_data,SKAB,mapping_distance_fold_2,2026,4,3,3,0.9,0.5,avg_negative_log,0.2231,10,1.0,234,34,438,0.05505279034690799
0.7497765862377123,0.6113138686131386,0.8333333333333334,0.7052631578947368,original,SKAB,mapping_distance_fold_2,7,4,3,3,0.9,0.5,avg_negative_log,0.2231,10,1.0,234,34,438,0.05505279034690799
0.7524575513851653,0.6118067978533095,0.8507462686567164,0.7117585848074922,gaussian_noise,SKAB,mapping_distance_fold_2,7,4,3,3,0.9,0.5,avg_negative_log,0.2231,10,1.0,234,34,438,0.05505279034690799
0.0,0.0,0.0,0.0,unseen_data,SKAB,mapping_distance_fold_2,7,4,3,3,0.9,0.5,avg_negative_log,0.2231,10,1.0,234,34,438,0.05505279034690799
0.7497765862377123,0.6113138686131386,0.8333333333333334,0.7052631578947368,original,SKAB,mapping_distance_fold_2,999,4,3,3,0.9,0.5,avg_negative_log,0.2231,10,1.0,234,34,438,0.05505279034690799
0.7488829311885612,0.6106032906764168,0.8308457711442786,0.7038988408851422,gaussian_noise,SKAB,mapping_distance_fold_2,999,4,3,3,0.9,0.5,avg_negative_log,0.2231,10,1.0,234,34,438,0.05505279034690799
0.0,0.0,0.0,0.0,unseen_data,SKAB,mapping_distance_fold_2,999,4,3,3,0.9,0.5,avg_negative_log,0.2231,10,1.0,234,34,438,0.05505279034690799
0.610366398570152,0.46815834767641995,0.681704260651629,0.5551020408163265,original,SKAB,mapping_distance_fold_3,42,4,3,3,0.9,0.5,avg_negative_log,0.2231,10,1.0,243,37,440,0.048937826715604496
0.613941018766756,0.4712041884816754,0.6766917293233082,0.5555555555555556,gaussian_noise,SKAB,mapping_distance_fold_3,42,4,3,3,0.9,0.5,avg_negative_log,0.2231,10,1.0,243,37,440,0.048937826715604496
1.0,0.0,0.0,0.0,unseen_data,SKAB,mapping_distance_fold_3,42,4,3,3,0.9,0.5,avg_negative_log,0.2231,10,1.0,243,37,440,0.048937826715604496
0.610366398570152,0.46815834767641995,0.681704260651629,0.5551020408163265,original,SKAB,mapping_distance_fold_3,123,4,3,3,0.9,0.5,avg_negative_log,0.2231,10,1.0,243,37,440,0.048937826715604496
0.5969615728328865,0.45666666666666667,0.6867167919799498,0.5485485485485485,gaussian_noise,SKAB,mapping_distance_fold_3,123,4,3,3,0.9,0.5,avg_negative_log,0.2231,10,1.0,243,37,440,0.048937826715604496
1.0,0.0,0.0,0.0,unseen_data,SKAB,mapping_distance_fold_3,123,4,3,3,0.9,0.5,avg_negative_log,0.2231,10,1.0,243,37,440,0.048937826715604496
0.610366398570152,0.46815834767641995,0.681704260651629,0.5551020408163265,original,SKAB,mapping_distance_fold_3,2026,4,3,3,0.9,0.5,avg_negative_log,0.2231,10,1.0,243,37,440,0.048937826715604496
0.613941018766756,0.4727272727272727,0.7167919799498746,0.5697211155378487,gaussian_noise,SKAB,mapping_distance_fold_3,2026,4,3,3,0.9,0.5,avg_negative_log,0.2231,10,1.0,243,37,440,0.048937826715604496
1.0,0.0,0.0,0.0,unseen_data,SKAB,mapping_distance_fold_3,2026,4,3,3,0.9,0.5,avg_negative_log,0.2231,10,1.0,243,37,440,0.048937826715604496
0.610366398570152,0.46815834767641995,0.681704260651629,0.5551020408163265,original,SKAB,mapping_distance_fold_3,7,4,3,3,0.9,0.5,avg_negative_log,0.2231,10,1.0,243,37,440,0.048937826715604496
0.6264521894548705,0.4842454394693201,0.731829573934837,0.5828343313373253,gaussian_noise,SKAB,mapping_distance_fold_3,7,4,3,3,0.9,0.5,avg_negative_log,0.2231,10,1.0,243,37,440,0.048937826715604496
1.0,0.0,0.0,0.0,unseen_data,SKAB,mapping_distance_fold_3,7,4,3,3,0.9,0.5,avg_negative_log,0.2231,10,1.0,243,37,440,0.048937826715604496
0.610366398570152,0.46815834767641995,0.681704260651629,0.5551020408163265,original,SKAB,mapping_distance_fold_3,999,4,3,3,0.9,0.5,avg_negative_log,0.2231,10,1.0,243,37,440,0.048937826715604496
0.6076854334226989,0.4663299663299663,0.6942355889724311,0.5579053373615307,gaussian_noise,SKAB,mapping_distance_fold_3,999,4,3,3,0.9,0.5,avg_negative_log,0.2231,10,1.0,243,37,440,0.048937826715604496
1.0,0.0,0.0,0.0,unseen_data,SKAB,mapping_distance_fold_3,999,4,3,3,0.9,0.5,avg_negative_log,0.2231,10,1.0,243,37,440,0.048937826715604496
0.3269927536231884,0.17547169811320754,0.23308270676691728,0.20021528525296017,original,SKAB,mapping_distance_fold_4,42,4,3,3,0.9,0.5,avg_negative_log,0.2231,10,1.0,241,36,449,0.05175195942830797
0.302536231884058,0.15327102803738318,0.20551378446115287,0.17558886509635974,gaussian_noise,SKAB,mapping_distance_fold_4,42,4,3,3,0.9,0.5,avg_negative_log,0.2231,10,1.0,241,36,449,0.05175195942830797
1.0,0.0,0.0,0.0,unseen_data,SKAB,mapping_distance_fold_4,42,4,3,3,0.9,0.5,avg_negative_log,0.2231,10,1.0,241,36,449,0.05175195942830797
0.3269927536231884,0.17547169811320754,0.23308270676691728,0.20021528525296017,original,SKAB,mapping_distance_fold_4,123,4,3,3,0.9,0.5,avg_negative_log,0.2231,10,1.0,241,36,449,0.05175195942830797
0.3061594202898551,0.15311909262759923,0.20300751879699247,0.17456896551724138,gaussian_noise,SKAB,mapping_distance_fold_4,123,4,3,3,0.9,0.5,avg_negative_log,0.2231,10,1.0,241,36,449,0.05175195942830797
1.0,0.0,0.0,0.0,unseen_data,SKAB,mapping_distance_fold_4,123,4,3,3,0.9,0.5,avg_negative_log,0.2231,10,1.0,241,36,449,0.05175195942830797
0.3269927536231884,0.17547169811320754,0.23308270676691728,0.20021528525296017,original,SKAB,mapping_distance_fold_4,2026,4,3,3,0.9,0.5,avg_negative_log,0.2231,10,1.0,241,36,449,0.05175195942830797
0.30344202898550726,0.15355805243445692,0.20551378446115287,0.1757770632368703,gaussian_noise,SKAB,mapping_distance_fold_4,2026,4,3,3,0.9,0.5,avg_negative_log,0.2231,10,1.0,241,36,449,0.05175195942830797
1.0,0.0,0.0,0.0,unseen_data,SKAB,mapping_distance_fold_4,2026,4,3,3,0.9,0.5,avg_negative_log,0.2231,10,1.0,241,36,449,0.05175195942830797
0.3269927536231884,0.17547169811320754,0.23308270676691728,0.20021528525296017,original,SKAB,mapping_distance_fold_4,7,4,3,3,0.9,0.5,avg_negative_log,0.2231,10,1.0,241,36,449,0.05175195942830797
0.3351449275362319,0.17726396917148363,0.23057644110275688,0.20043572984749455,gaussian_noise,SKAB,mapping_distance_fold_4,7,4,3,3,0.9,0.5,avg_negative_log,0.2231,10,1.0,241,36,449,0.05175195942830797
1.0,0.0,0.0,0.0,unseen_data,SKAB,mapping_distance_fold_4,7,4,3,3,0.9,0.5,avg_negative_log,0.2231,10,1.0,241,36,449,0.05175195942830797
0.3269927536231884,0.17547169811320754,0.23308270676691728,0.20021528525296017,original,SKAB,mapping_distance_fold_4,999,4,3,3,0.9,0.5,avg_negative_log,0.2231,10,1.0,241,36,449,0.05175195942830797
0.3061594202898551,0.16817359855334538,0.23308270676691728,0.1953781512605042,gaussian_noise,SKAB,mapping_distance_fold_4,999,4,3,3,0.9,0.5,avg_negative_log,0.2231,10,1.0,241,36,449,0.05175195942830797
1.0,0.0,0.0,0.0,unseen_data,SKAB,mapping_distance_fold_4,999,4,3,3,0.9,0.5,avg_negative_log,0.2231,10,1.0,241,36,449,0.05175195942830797
0.5773651635720601,0.4547537227949599,0.9949874686716792,0.6242138364779874,original,SKAB,mapping_distance_fold_5,42,4,3,3,0.9,0.5,avg_negative_log,0.2231,10,1.0,225,36,389,0.048024691358024695
0.5658709106984969,0.44772727272727275,0.9874686716791979,0.616106333072713,gaussian_noise,SKAB,mapping_distance_fold_5,42,4,3,3,0.9,0.5,avg_negative_log,0.2231,10,1.0,225,36,389,0.048024691358024695
0.7391304347826086,0.7142857142857143,1.0,0.8333333333333334,unseen_data,SKAB,mapping_distance_fold_5,42,4,3,3,0.9,0.5,avg_negative_log,0.2231,10,1.0,225,36,389,0.048024691358024695
0.5773651635720601,0.4547537227949599,0.9949874686716792,0.6242138364779874,original,SKAB,mapping_distance_fold_5,123,4,3,3,0.9,0.5,avg_negative_log,0.2231,10,1.0,225,36,389,0.048024691358024695
0.5685234305923961,0.447831184056272,0.9573934837092731,0.610223642172524,gaussian_noise,SKAB,mapping_distance_fold_5,123,4,3,3,0.9,0.5,avg_negative_log,0.2231,10,1.0,225,36,389,0.048024691358024695
0.7391304347826086,0.7142857142857143,1.0,0.8333333333333334,unseen_data,SKAB,mapping_distance_fold_5,123,4,3,3,0.9,0.5,avg_negative_log,0.2231,10,1.0,225,36,389,0.048024691358024695
0.5773651635720601,0.4547537227949599,0.9949874686716792,0.6242138364779874,original,SKAB,mapping_distance_fold_5,2026,4,3,3,0.9,0.5,avg_negative_log,0.2231,10,1.0,225,36,389,0.048024691358024695
0.583554376657825,0.45842956120092376,0.9949874686716792,0.6276679841897234,gaussian_noise,SKAB,mapping_distance_fold_5,2026,4,3,3,0.9,0.5,avg_negative_log,0.2231,10,1.0,225,36,389,0.048024691358024695
0.7391304347826086,0.7142857142857143,1.0,0.8333333333333334,unseen_data,SKAB,mapping_distance_fold_5,2026,4,3,3,0.9,0.5,avg_negative_log,0.2231,10,1.0,225,36,389,0.048024691358024695
0.5773651635720601,0.4547537227949599,0.9949874686716792,0.6242138364779874,original,SKAB,mapping_distance_fold_5,7,4,3,3,0.9,0.5,avg_negative_log,0.2231,10,1.0,225,36,389,0.048024691358024695
0.5596816976127321,0.443557582668187,0.974937343358396,0.609717868338558,gaussian_noise,SKAB,mapping_distance_fold_5,7,4,3,3,0.9,0.5,avg_negative_log,0.2231,10,1.0,225,36,389,0.048024691358024695
0.7391304347826086,0.7142857142857143,1.0,0.8333333333333334,unseen_data,SKAB,mapping_distance_fold_5,7,4,3,3,0.9,0.5,avg_negative_log,0.2231,10,1.0,225,36,389,0.048024691358024695
0.5773651635720601,0.4547537227949599,0.9949874686716792,0.6242138364779874,original,SKAB,mapping_distance_fold_5,999,4,3,3,0.9,0.5,avg_negative_log,0.2231,10,1.0,225,36,389,0.048024691358024695
0.5614500442086648,0.4441887226697353,0.9674185463659147,0.6088328075709779,gaussian_noise,SKAB,mapping_distance_fold_5,999,4,3,3,0.9,0.5,avg_negative_log,0.2231,10,1.0,225,36,389,0.048024691358024695
0.7391304347826086,0.7142857142857143,1.0,0.8333333333333334,unseen_data,SKAB,mapping_distance_fold_5,999,4,3,3,0.9,0.5,avg_negative_log,0.2231,10,1.0,225,36,389,0.048024691358024695
0.703472840605521,0.765625,0.24438902743142144,0.3705103969754253,original,SKAB,mapping_distance_fold_1,42,4,3,3,0.9,0.5,avg_negative_log,0.2231,10,2.0,225,35,400,0.050793650793650794
0.6963490650044524,0.7,0.26184538653366585,0.3811252268602541,gaussian_noise,SKAB,mapping_distance_fold_1,42,4,3,3,0.9,0.5,avg_negative_log,0.2231,10,2.0,225,35,400,0.050793650793650794
0.0,0.0,0.0,0.0,unseen_data,SKAB,mapping_distance_fold_1,42,4,3,3,0.9,0.5,avg_negative_log,0.2231,10,2.0,225,35,400,0.050793650793650794
0.703472840605521,0.765625,0.24438902743142144,0.3705103969754253,original,SKAB,mapping_distance_fold_1,123,4,3,3,0.9,0.5,avg_negative_log,0.2231,10,2.0,225,35,400,0.050793650793650794
0.699020480854853,0.7560975609756098,0.23192019950124687,0.3549618320610687,gaussian_noise,SKAB,mapping_distance_fold_1,123,4,3,3,0.9,0.5,avg_negative_log,0.2231,10,2.0,225,35,400,0.050793650793650794
0.0,0.0,0.0,0.0,unseen_data,SKAB,mapping_distance_fold_1,123,4,3,3,0.9,0.5,avg_negative_log,0.2231,10,2.0,225,35,400,0.050793650793650794
0.703472840605521,0.765625,0.24438902743142144,0.3705103969754253,original,SKAB,mapping_distance_fold_1,2026,4,3,3,0.9,0.5,avg_negative_log,0.2231,10,2.0,225,35,400,0.050793650793650794
0.678539626001781,0.6282051282051282,0.24438902743142144,0.3518850987432675,gaussian_noise,SKAB,mapping_distance_fold_1,2026,4,3,3,0.9,0.5,avg_negative_log,0.2231,10,2.0,225,35,400,0.050793650793650794
0.0,0.0,0.0,0.0,unseen_data,SKAB,mapping_distance_fold_1,2026,4,3,3,0.9,0.5,avg_negative_log,0.2231,10,2.0,225,35,400,0.050793650793650794
0.703472840605521,0.765625,0.24438902743142144,0.3705103969754253,original,SKAB,mapping_distance_fold_1,7,4,3,3,0.9,0.5,avg_negative_log,0.2231,10,2.0,225,35,400,0.050793650793650794
0.6901157613535174,0.6853146853146853,0.24438902743142144,0.3602941176470588,gaussian_noise,SKAB,mapping_distance_fold_1,7,4,3,3,0.9,0.5,avg_negative_log,0.2231,10,2.0,225,35,400,0.050793650793650794
0.0,0.0,0.0,0.0,unseen_data,SKAB,mapping_distance_fold_1,7,4,3,3,0.9,0.5,avg_negative_log,0.2231,10,2.0,225,35,400,0.050793650793650794
0.703472840605521,0.765625,0.24438902743142144,0.3705103969754253,original,SKAB,mapping_distance_fold_1,999,4,3,3,0.9,0.5,avg_negative_log,0.2231,10,2.0,225,35,400,0.050793650793650794
0.7008014247551202,0.76,0.23690773067331672,0.3612167300380228,gaussian_noise,SKAB,mapping_distance_fold_1,999,4,3,3,0.9,0.5,avg_negative_log,0.2231,10,2.0,225,35,400,0.050793650793650794
0.0,0.0,0.0,0.0,unseen_data,SKAB,mapping_distance_fold_1,999,4,3,3,0.9,0.5,avg_negative_log,0.2231,10,2.0,225,35,400,0.050793650793650794
0.7497765862377123,0.6113138686131386,0.8333333333333334,0.7052631578947368,original,SKAB,mapping_distance_fold_2,42,4,3,3,0.9,0.5,avg_negative_log,0.2231,10,2.0,234,34,438,0.05505279034690799
0.7631814119749777,0.62708719851577,0.8407960199004975,0.718384697130712,gaussian_noise,SKAB,mapping_distance_fold_2,42,4,3,3,0.9,0.5,avg_negative_log,0.2231,10,2.0,234,34,438,0.05505279034690799
0.0,0.0,0.0,0.0,unseen_data,SKAB,mapping_distance_fold_2,42,4,3,3,0.9,0.5,avg_negative_log,0.2231,10,2.0,234,34,438,0.05505279034690799
0.7497765862377123,0.6113138686131386,0.8333333333333334,0.7052631578947368,original,SKAB,mapping_distance_fold_2,123,4,3,3,0.9,0.5,avg_negative_log,0.2231,10,2.0,234,34,438,0.05505279034690799
0.7551385165326184,0.6167883211678832,0.8407960199004975,0.7115789473684211,gaussian_noise,SKAB,mapping_distance_fold_2,123,4,3,3,0.9,0.5,avg_negative_log,0.2231,10,2.0,234,34,438,0.05505279034690799
0.0,0.0,0.0,0.0,unseen_data,SKAB,mapping_distance_fold_2,123,4,3,3,0.9,0.5,avg_negative_log,0.2231,10,2.0,234,34,438,0.05505279034690799
0.7497765862377123,0.6113138686131386,0.8333333333333334,0.7052631578947368,original,SKAB,mapping_distance_fold_2,2026,4,3,3,0.9,0.5,avg_negative_log,0.2231,10,2.0,234,34,438,0.05505279034690799
0.7497765862377123,0.6081560283687943,0.8532338308457711,0.7101449275362319,gaussian_noise,SKAB,mapping_distance_fold_2,2026,4,3,3,0.9,0.5,avg_negative_log,0.2231,10,2.0,234,34,438,0.05505279034690799
0.0,0.0,0.0,0.0,unseen_data,SKAB,mapping_distance_fold_2,2026,4,3,3,0.9,0.5,avg_negative_log,0.2231,10,2.0,234,34,438,0.05505279034690799
0.7497765862377123,0.6113138686131386,0.8333333333333334,0.7052631578947368,original,SKAB,mapping_distance_fold_2,7,4,3,3,0.9,0.5,avg_negative_log,0.2231,10,2.0,234,34,438,0.05505279034690799
0.7524575513851653,0.6118067978533095,0.8507462686567164,0.7117585848074922,gaussian_noise,SKAB,mapping_distance_fold_2,7,4,3,3,0.9,0.5,avg_negative_log,0.2231,10,2.0,234,34,438,0.05505279034690799
0.0,0.0,0.0,0.0,unseen_data,SKAB,mapping_distance_fold_2,7,4,3,3,0.9,0.5,avg_negative_log,0.2231,10,2.0,234,34,438,0.05505279034690799
0.7497765862377123,0.6113138686131386,0.8333333333333334,0.7052631578947368,original,SKAB,mapping_distance_fold_2,999,4,3,3,0.9,0.5,avg_negative_log,0.2231,10,2.0,234,34,438,0.05505279034690799
0.7488829311885612,0.6106032906764168,0.8308457711442786,0.7038988408851422,gaussian_noise,SKAB,mapping_distance_fold_2,999,4,3,3,0.9,0.5,avg_negative_log,0.2231,10,2.0,234,34,438,0.05505279034690799
0.0,0.0,0.0,0.0,unseen_data,SKAB,mapping_distance_fold_2,999,4,3,3,0.9,0.5,avg_negative_log,0.2231,10,2.0,234,34,438,0.05505279034690799
0.610366398570152,0.46815834767641995,0.681704260651629,0.5551020408163265,original,SKAB,mapping_distance_fold_3,42,4,3,3,0.9,0.5,avg_negative_log,0.2231,10,2.0,243,37,440,0.048937826715604496
0.613941018766756,0.4712041884816754,0.6766917293233082,0.5555555555555556,gaussian_noise,SKAB,mapping_distance_fold_3,42,4,3,3,0.9,0.5,avg_negative_log,0.2231,10,2.0,243,37,440,0.048937826715604496
1.0,0.0,0.0,0.0,unseen_data,SKAB,mapping_distance_fold_3,42,4,3,3,0.9,0.5,avg_negative_log,0.2231,10,2.0,243,37,440,0.048937826715604496
0.610366398570152,0.46815834767641995,0.681704260651629,0.5551020408163265,original,SKAB,mapping_distance_fold_3,123,4,3,3,0.9,0.5,avg_negative_log,0.2231,10,2.0,243,37,440,0.048937826715604496
0.5969615728328865,0.45666666666666667,0.6867167919799498,0.5485485485485485,gaussian_noise,SKAB,mapping_distance_fold_3,123,4,3,3,0.9,0.5,avg_negative_log,0.2231,10,2.0,243,37,440,0.048937826715604496
1.0,0.0,0.0,0.0,unseen_data,SKAB,mapping_distance_fold_3,123,4,3,3,0.9,0.5,avg_negative_log,0.2231,10,2.0,243,37,440,0.048937826715604496
0.610366398570152,0.46815834767641995,0.681704260651629,0.5551020408163265,original,SKAB,mapping_distance_fold_3,2026,4,3,3,0.9,0.5,avg_negative_log,0.2231,10,2.0,243,37,440,0.048937826715604496
0.613941018766756,0.4727272727272727,0.7167919799498746,0.5697211155378487,gaussian_noise,SKAB,mapping_distance_fold_3,2026,4,3,3,0.9,0.5,avg_negative_log,0.2231,10,2.0,243,37,440,0.048937826715604496
1.0,0.0,0.0,0.0,unseen_data,SKAB,mapping_distance_fold_3,2026,4,3,3,0.9,0.5,avg_negative_log,0.2231,10,2.0,243,37,440,0.048937826715604496
0.610366398570152,0.46815834767641995,0.681704260651629,0.5551020408163265,original,SKAB,mapping_distance_fold_3,7,4,3,3,0.9,0.5,avg_negative_log,0.2231,10,2.0,243,37,440,0.048937826715604496
0.6264521894548705,0.4842454394693201,0.731829573934837,0.5828343313373253,gaussian_noise,SKAB,mapping_distance_fold_3,7,4,3,3,0.9,0.5,avg_negative_log,0.2231,10,2.0,243,37,440,0.048937826715604496
1.0,0.0,0.0,0.0,unseen_data,SKAB,mapping_distance_fold_3,7,4,3,3,0.9,0.5,avg_negative_log,0.2231,10,2.0,243,37,440,0.048937826715604496
0.610366398570152,0.46815834767641995,0.681704260651629,0.5551020408163265,original,SKAB,mapping_distance_fold_3,999,4,3,3,0.9,0.5,avg_negative_log,0.2231,10,2.0,243,37,440,0.048937826715604496
0.6076854334226989,0.4663299663299663,0.6942355889724311,0.5579053373615307,gaussian_noise,SKAB,mapping_distance_fold_3,999,4,3,3,0.9,0.5,avg_negative_log,0.2231,10,2.0,243,37,440,0.048937826715604496
1.0,0.0,0.0,0.0,unseen_data,SKAB,mapping_distance_fold_3,999,4,3,3,0.9,0.5,avg_negative_log,0.2231,10,2.0,243,37,440,0.048937826715604496
0.3269927536231884,0.17547169811320754,0.23308270676691728,0.20021528525296017,original,SKAB,mapping_distance_fold_4,42,4,3,3,0.9,0.5,avg_negative_log,0.2231,10,2.0,241,36,449,0.05175195942830797
0.302536231884058,0.15327102803738318,0.20551378446115287,0.17558886509635974,gaussian_noise,SKAB,mapping_distance_fold_4,42,4,3,3,0.9,0.5,avg_negative_log,0.2231,10,2.0,241,36,449,0.05175195942830797
1.0,0.0,0.0,0.0,unseen_data,SKAB,mapping_distance_fold_4,42,4,3,3,0.9,0.5,avg_negative_log,0.2231,10,2.0,241,36,449,0.05175195942830797
0.3269927536231884,0.17547169811320754,0.23308270676691728,0.20021528525296017,original,SKAB,mapping_distance_fold_4,123,4,3,3,0.9,0.5,avg_negative_log,0.2231,10,2.0,241,36,449,0.05175195942830797
0.3061594202898551,0.15311909262759923,0.20300751879699247,0.17456896551724138,gaussian_noise,SKAB,mapping_distance_fold_4,123,4,3,3,0.9,0.5,avg_negative_log,0.2231,10,2.0,241,36,449,0.05175195942830797
1.0,0.0,0.0,0.0,unseen_data,SKAB,mapping_distance_fold_4,123,4,3,3,0.9,0.5,avg_negative_log,0.2231,10,2.0,241,36,449,0.05175195942830797
0.3269927536231884,0.17547169811320754,0.23308270676691728,0.20021528525296017,original,SKAB,mapping_distance_fold_4,2026,4,3,3,0.9,0.5,avg_negative_log,0.2231,10,2.0,241,36,449,0.05175195942830797
0.30344202898550726,0.15355805243445692,0.20551378446115287,0.1757770632368703,gaussian_noise,SKAB,mapping_distance_fold_4,2026,4,3,3,0.9,0.5,avg_negative_log,0.2231,10,2.0,241,36,449,0.05175195942830797
1.0,0.0,0.0,0.0,unseen_data,SKAB,mapping_distance_fold_4,2026,4,3,3,0.9,0.5,avg_negative_log,0.2231,10,2.0,241,36,449,0.05175195942830797
0.3269927536231884,0.17547169811320754,0.23308270676691728,0.20021528525296017,original,SKAB,mapping_distance_fold_4,7,4,3,3,0.9,0.5,avg_negative_log,0.2231,10,2.0,241,36,449,0.05175195942830797
0.3351449275362319,0.17726396917148363,0.23057644110275688,0.20043572984749455,gaussian_noise,SKAB,mapping_distance_fold_4,7,4,3,3,0.9,0.5,avg_negative_log,0.2231,10,2.0,241,36,449,0.05175195942830797
1.0,0.0,0.0,0.0,unseen_data,SKAB,mapping_distance_fold_4,7,4,3,3,0.9,0.5,avg_negative_log,0.2231,10,2.0,241,36,449,0.05175195942830797
0.3269927536231884,0.17547169811320754,0.23308270676691728,0.20021528525296017,original,SKAB,mapping_distance_fold_4,999,4,3,3,0.9,0.5,avg_negative_log,0.2231,10,2.0,241,36,449,0.05175195942830797
0.3061594202898551,0.16817359855334538,0.23308270676691728,0.1953781512605042,gaussian_noise,SKAB,mapping_distance_fold_4,999,4,3,3,0.9,0.5,avg_negative_log,0.2231,10,2.0,241,36,449,0.05175195942830797
1.0,0.0,0.0,0.0,unseen_data,SKAB,mapping_distance_fold_4,999,4,3,3,0.9,0.5,avg_negative_log,0.2231,10,2.0,241,36,449,0.05175195942830797
0.5773651635720601,0.4547537227949599,0.9949874686716792,0.6242138364779874,original,SKAB,mapping_distance_fold_5,42,4,3,3,0.9,0.5,avg_negative_log,0.2231,10,2.0,225,36,389,0.048024691358024695
0.5658709106984969,0.44772727272727275,0.9874686716791979,0.616106333072713,gaussian_noise,SKAB,mapping_distance_fold_5,42,4,3,3,0.9,0.5,avg_negative_log,0.2231,10,2.0,225,36,389,0.048024691358024695
0.7391304347826086,0.7142857142857143,1.0,0.8333333333333334,unseen_data,SKAB,mapping_distance_fold_5,42,4,3,3,0.9,0.5,avg_negative_log,0.2231,10,2.0,225,36,389,0.048024691358024695
0.5773651635720601,0.4547537227949599,0.9949874686716792,0.6242138364779874,original,SKAB,mapping_distance_fold_5,123,4,3,3,0.9,0.5,avg_negative_log,0.2231,10,2.0,225,36,389,0.048024691358024695
0.5685234305923961,0.447831184056272,0.9573934837092731,0.610223642172524,gaussian_noise,SKAB,mapping_distance_fold_5,123,4,3,3,0.9,0.5,avg_negative_log,0.2231,10,2.0,225,36,389,0.048024691358024695
0.7391304347826086,0.7142857142857143,1.0,0.8333333333333334,unseen_data,SKAB,mapping_distance_fold_5,123,4,3,3,0.9,0.5,avg_negative_log,0.2231,10,2.0,225,36,389,0.048024691358024695
0.5773651635720601,0.4547537227949599,0.9949874686716792,0.6242138364779874,original,SKAB,mapping_distance_fold_5,2026,4,3,3,0.9,0.5,avg_negative_log,0.2231,10,2.0,225,36,389,0.048024691358024695
0.583554376657825,0.45842956120092376,0.9949874686716792,0.6276679841897234,gaussian_noise,SKAB,mapping_distance_fold_5,2026,4,3,3,0.9,0.5,avg_negative_log,0.2231,10,2.0,225,36,389,0.048024691358024695
0.7391304347826086,0.7142857142857143,1.0,0.8333333333333334,unseen_data,SKAB,mapping_distance_fold_5,2026,4,3,3,0.9,0.5,avg_negative_log,0.2231,10,2.0,225,36,389,0.048024691358024695
0.5773651635720601,0.4547537227949599,0.9949874686716792,0.6242138364779874,original,SKAB,mapping_distance_fold_5,7,4,3,3,0.9,0.5,avg_negative_log,0.2231,10,2.0,225,36,389,0.048024691358024695
0.5596816976127321,0.443557582668187,0.974937343358396,0.609717868338558,gaussian_noise,SKAB,mapping_distance_fold_5,7,4,3,3,0.9,0.5,avg_negative_log,0.2231,10,2.0,225,36,389,0.048024691358024695
0.7391304347826086,0.7142857142857143,1.0,0.8333333333333334,unseen_data,SKAB,mapping_distance_fold_5,7,4,3,3,0.9,0.5,avg_negative_log,0.2231,10,2.0,225,36,389,0.048024691358024695
0.5773651635720601,0.4547537227949599,0.9949874686716792,0.6242138364779874,original,SKAB,mapping_distance_fold_5,999,4,3,3,0.9,0.5,avg_negative_log,0.2231,10,2.0,225,36,389,0.048024691358024695
0.5614500442086648,0.4441887226697353,0.9674185463659147,0.6088328075709779,gaussian_noise,SKAB,mapping_distance_fold_5,999,4,3,3,0.9,0.5,avg_negative_log,0.2231,10,2.0,225,36,389,0.048024691358024695
0.7391304347826086,0.7142857142857143,1.0,0.8333333333333334,unseen_data,SKAB,mapping_distance_fold_5,999,4,3,3,0.9,0.5,avg_negative_log,0.2231,10,2.0,225,36,389,0.048024691358024695
0.703472840605521,0.765625,0.24438902743142144,0.3705103969754253,original,SKAB,mapping_distance_fold_1,42,4,3,3,0.9,0.5,avg_negative_log,0.2231,10,3.0,225,35,400,0.050793650793650794
0.6963490650044524,0.7,0.26184538653366585,0.3811252268602541,gaussian_noise,SKAB,mapping_distance_fold_1,42,4,3,3,0.9,0.5,avg_negative_log,0.2231,10,3.0,225,35,400,0.050793650793650794
0.0,0.0,0.0,0.0,unseen_data,SKAB,mapping_distance_fold_1,42,4,3,3,0.9,0.5,avg_negative_log,0.2231,10,3.0,225,35,400,0.050793650793650794
0.703472840605521,0.765625,0.24438902743142144,0.3705103969754253,original,SKAB,mapping_distance_fold_1,123,4,3,3,0.9,0.5,avg_negative_log,0.2231,10,3.0,225,35,400,0.050793650793650794
0.699020480854853,0.7560975609756098,0.23192019950124687,0.3549618320610687,gaussian_noise,SKAB,mapping_distance_fold_1,123,4,3,3,0.9,0.5,avg_negative_log,0.2231,10,3.0,225,35,400,0.050793650793650794
0.0,0.0,0.0,0.0,unseen_data,SKAB,mapping_distance_fold_1,123,4,3,3,0.9,0.5,avg_negative_log,0.2231,10,3.0,225,35,400,0.050793650793650794
0.703472840605521,0.765625,0.24438902743142144,0.3705103969754253,original,SKAB,mapping_distance_fold_1,2026,4,3,3,0.9,0.5,avg_negative_log,0.2231,10,3.0,225,35,400,0.050793650793650794
0.678539626001781,0.6282051282051282,0.24438902743142144,0.3518850987432675,gaussian_noise,SKAB,mapping_distance_fold_1,2026,4,3,3,0.9,0.5,avg_negative_log,0.2231,10,3.0,225,35,400,0.050793650793650794
0.0,0.0,0.0,0.0,unseen_data,SKAB,mapping_distance_fold_1,2026,4,3,3,0.9,0.5,avg_negative_log,0.2231,10,3.0,225,35,400,0.050793650793650794
0.703472840605521,0.765625,0.24438902743142144,0.3705103969754253,original,SKAB,mapping_distance_fold_1,7,4,3,3,0.9,0.5,avg_negative_log,0.2231,10,3.0,225,35,400,0.050793650793650794
0.6901157613535174,0.6853146853146853,0.24438902743142144,0.3602941176470588,gaussian_noise,SKAB,mapping_distance_fold_1,7,4,3,3,0.9,0.5,avg_negative_log,0.2231,10,3.0,225,35,400,0.050793650793650794
0.0,0.0,0.0,0.0,unseen_data,SKAB,mapping_distance_fold_1,7,4,3,3,0.9,0.5,avg_negative_log,0.2231,10,3.0,225,35,400,0.050793650793650794
0.703472840605521,0.765625,0.24438902743142144,0.3705103969754253,original,SKAB,mapping_distance_fold_1,999,4,3,3,0.9,0.5,avg_negative_log,0.2231,10,3.0,225,35,400,0.050793650793650794
0.7008014247551202,0.76,0.23690773067331672,0.3612167300380228,gaussian_noise,SKAB,mapping_distance_fold_1,999,4,3,3,0.9,0.5,avg_negative_log,0.2231,10,3.0,225,35,400,0.050793650793650794
0.0,0.0,0.0,0.0,unseen_data,SKAB,mapping_distance_fold_1,999,4,3,3,0.9,0.5,avg_negative_log,0.2231,10,3.0,225,35,400,0.050793650793650794
0.7497765862377123,0.6113138686131386,0.8333333333333334,0.7052631578947368,original,SKAB,mapping_distance_fold_2,42,4,3,3,0.9,0.5,avg_negative_log,0.2231,10,3.0,234,34,438,0.05505279034690799
0.7631814119749777,0.62708719851577,0.8407960199004975,0.718384697130712,gaussian_noise,SKAB,mapping_distance_fold_2,42,4,3,3,0.9,0.5,avg_negative_log,0.2231,10,3.0,234,34,438,0.05505279034690799
0.0,0.0,0.0,0.0,unseen_data,SKAB,mapping_distance_fold_2,42,4,3,3,0.9,0.5,avg_negative_log,0.2231,10,3.0,234,34,438,0.05505279034690799
0.7497765862377123,0.6113138686131386,0.8333333333333334,0.7052631578947368,original,SKAB,mapping_distance_fold_2,123,4,3,3,0.9,0.5,avg_negative_log,0.2231,10,3.0,234,34,438,0.05505279034690799
0.7551385165326184,0.6167883211678832,0.8407960199004975,0.7115789473684211,gaussian_noise,SKAB,mapping_distance_fold_2,123,4,3,3,0.9,0.5,avg_negative_log,0.2231,10,3.0,234,34,438,0.05505279034690799
0.0,0.0,0.0,0.0,unseen_data,SKAB,mapping_distance_fold_2,123,4,3,3,0.9,0.5,avg_negative_log,0.2231,10,3.0,234,34,438,0.05505279034690799
0.7497765862377123,0.6113138686131386,0.8333333333333334,0.7052631578947368,original,SKAB,mapping_distance_fold_2,2026,4,3,3,0.9,0.5,avg_negative_log,0.2231,10,3.0,234,34,438,0.05505279034690799
0.7497765862377123,0.6081560283687943,0.8532338308457711,0.7101449275362319,gaussian_noise,SKAB,mapping_distance_fold_2,2026,4,3,3,0.9,0.5,avg_negative_log,0.2231,10,3.0,234,34,438,0.05505279034690799
0.0,0.0,0.0,0.0,unseen_data,SKAB,mapping_distance_fold_2,2026,4,3,3,0.9,0.5,avg_negative_log,0.2231,10,3.0,234,34,438,0.05505279034690799
0.7497765862377123,0.6113138686131386,0.8333333333333334,0.7052631578947368,original,SKAB,mapping_distance_fold_2,7,4,3,3,0.9,0.5,avg_negative_log,0.2231,10,3.0,234,34,438,0.05505279034690799
0.7524575513851653,0.6118067978533095,0.8507462686567164,0.7117585848074922,gaussian_noise,SKAB,mapping_distance_fold_2,7,4,3,3,0.9,0.5,avg_negative_log,0.2231,10,3.0,234,34,438,0.05505279034690799
0.0,0.0,0.0,0.0,unseen_data,SKAB,mapping_distance_fold_2,7,4,3,3,0.9,0.5,avg_negative_log,0.2231,10,3.0,234,34,438,0.05505279034690799
0.7497765862377123,0.6113138686131386,0.8333333333333334,0.7052631578947368,original,SKAB,mapping_distance_fold_2,999,4,3,3,0.9,0.5,avg_negative_log,0.2231,10,3.0,234,34,438,0.05505279034690799
0.7488829311885612,0.6106032906764168,0.8308457711442786,0.7038988408851422,gaussian_noise,SKAB,mapping_distance_fold_2,999,4,3,3,0.9,0.5,avg_negative_log,0.2231,10,3.0,234,34,438,0.05505279034690799
0.0,0.0,0.0,0.0,unseen_data,SKAB,mapping_distance_fold_2,999,4,3,3,0.9,0.5,avg_negative_log,0.2231,10,3.0,234,34,438,0.05505279034690799
0.610366398570152,0.46815834767641995,0.681704260651629,0.5551020408163265,original,SKAB,mapping_distance_fold_3,42,4,3,3,0.9,0.5,avg_negative_log,0.2231,10,3.0,243,37,440,0.048937826715604496
0.613941018766756,0.4712041884816754,0.6766917293233082,0.5555555555555556,gaussian_noise,SKAB,mapping_distance_fold_3,42,4,3,3,0.9,0.5,avg_negative_log,0.2231,10,3.0,243,37,440,0.048937826715604496
1.0,0.0,0.0,0.0,unseen_data,SKAB,mapping_distance_fold_3,42,4,3,3,0.9,0.5,avg_negative_log,0.2231,10,3.0,243,37,440,0.048937826715604496
0.610366398570152,0.46815834767641995,0.681704260651629,0.5551020408163265,original,SKAB,mapping_distance_fold_3,123,4,3,3,0.9,0.5,avg_negative_log,0.2231,10,3.0,243,37,440,0.048937826715604496
0.5969615728328865,0.45666666666666667,0.6867167919799498,0.5485485485485485,gaussian_noise,SKAB,mapping_distance_fold_3,123,4,3,3,0.9,0.5,avg_negative_log,0.2231,10,3.0,243,37,440,0.048937826715604496
1.0,0.0,0.0,0.0,unseen_data,SKAB,mapping_distance_fold_3,123,4,3,3,0.9,0.5,avg_negative_log,0.2231,10,3.0,243,37,440,0.048937826715604496
0.610366398570152,0.46815834767641995,0.681704260651629,0.5551020408163265,original,SKAB,mapping_distance_fold_3,2026,4,3,3,0.9,0.5,avg_negative_log,0.2231,10,3.0,243,37,440,0.048937826715604496
0.613941018766756,0.4727272727272727,0.7167919799498746,0.5697211155378487,gaussian_noise,SKAB,mapping_distance_fold_3,2026,4,3,3,0.9,0.5,avg_negative_log,0.2231,10,3.0,243,37,440,0.048937826715604496
1.0,0.0,0.0,0.0,unseen_data,SKAB,mapping_distance_fold_3,2026,4,3,3,0.9,0.5,avg_negative_log,0.2231,10,3.0,243,37,440,0.048937826715604496
0.610366398570152,0.46815834767641995,0.681704260651629,0.5551020408163265,original,SKAB,mapping_distance_fold_3,7,4,3,3,0.9,0.5,avg_negative_log,0.2231,10,3.0,243,37,440,0.048937826715604496
0.6264521894548705,0.4842454394693201,0.731829573934837,0.5828343313373253,gaussian_noise,SKAB,mapping_distance_fold_3,7,4,3,3,0.9,0.5,avg_negative_log,0.2231,10,3.0,243,37,440,0.048937826715604496
1.0,0.0,0.0,0.0,unseen_data,SKAB,mapping_distance_fold_3,7,4,3,3,0.9,0.5,avg_negative_log,0.2231,10,3.0,243,37,440,0.048937826715604496
0.610366398570152,0.46815834767641995,0.681704260651629,0.5551020408163265,original,SKAB,mapping_distance_fold_3,999,4,3,3,0.9,0.5,avg_negative_log,0.2231,10,3.0,243,37,440,0.048937826715604496
0.6076854334226989,0.4663299663299663,0.6942355889724311,0.5579053373615307,gaussian_noise,SKAB,mapping_distance_fold_3,999,4,3,3,0.9,0.5,avg_negative_log,0.2231,10,3.0,243,37,440,0.048937826715604496
1.0,0.0,0.0,0.0,unseen_data,SKAB,mapping_distance_fold_3,999,4,3,3,0.9,0.5,avg_negative_log,0.2231,10,3.0,243,37,440,0.048937826715604496
0.3269927536231884,0.17547169811320754,0.23308270676691728,0.20021528525296017,original,SKAB,mapping_distance_fold_4,42,4,3,3,0.9,0.5,avg_negative_log,0.2231,10,3.0,241,36,449,0.05175195942830797
0.302536231884058,0.15327102803738318,0.20551378446115287,0.17558886509635974,gaussian_noise,SKAB,mapping_distance_fold_4,42,4,3,3,0.9,0.5,avg_negative_log,0.2231,10,3.0,241,36,449,0.05175195942830797
1.0,0.0,0.0,0.0,unseen_data,SKAB,mapping_distance_fold_4,42,4,3,3,0.9,0.5,avg_negative_log,0.2231,10,3.0,241,36,449,0.05175195942830797
0.3269927536231884,0.17547169811320754,0.23308270676691728,0.20021528525296017,original,SKAB,mapping_distance_fold_4,123,4,3,3,0.9,0.5,avg_negative_log,0.2231,10,3.0,241,36,449,0.05175195942830797
0.3061594202898551,0.15311909262759923,0.20300751879699247,0.17456896551724138,gaussian_noise,SKAB,mapping_distance_fold_4,123,4,3,3,0.9,0.5,avg_negative_log,0.2231,10,3.0,241,36,449,0.05175195942830797
1.0,0.0,0.0,0.0,unseen_data,SKAB,mapping_distance_fold_4,123,4,3,3,0.9,0.5,avg_negative_log,0.2231,10,3.0,241,36,449,0.05175195942830797
0.3269927536231884,0.17547169811320754,0.23308270676691728,0.20021528525296017,original,SKAB,mapping_distance_fold_4,2026,4,3,3,0.9,0.5,avg_negative_log,0.2231,10,3.0,241,36,449,0.05175195942830797
0.30344202898550726,0.15355805243445692,0.20551378446115287,0.1757770632368703,gaussian_noise,SKAB,mapping_distance_fold_4,2026,4,3,3,0.9,0.5,avg_negative_log,0.2231,10,3.0,241,36,449,0.05175195942830797
1.0,0.0,0.0,0.0,unseen_data,SKAB,mapping_distance_fold_4,2026,4,3,3,0.9,0.5,avg_negative_log,0.2231,10,3.0,241,36,449,0.05175195942830797
0.3269927536231884,0.17547169811320754,0.23308270676691728,0.20021528525296017,original,SKAB,mapping_distance_fold_4,7,4,3,3,0.9,0.5,avg_negative_log,0.2231,10,3.0,241,36,449,0.05175195942830797
0.3351449275362319,0.17726396917148363,0.23057644110275688,0.20043572984749455,gaussian_noise,SKAB,mapping_distance_fold_4,7,4,3,3,0.9,0.5,avg_negative_log,0.2231,10,3.0,241,36,449,0.05175195942830797
1.0,0.0,0.0,0.0,unseen_data,SKAB,mapping_distance_fold_4,7,4,3,3,0.9,0.5,avg_negative_log,0.2231,10,3.0,241,36,449,0.05175195942830797
0.3269927536231884,0.17547169811320754,0.23308270676691728,0.20021528525296017,original,SKAB,mapping_distance_fold_4,999,4,3,3,0.9,0.5,avg_negative_log,0.2231,10,3.0,241,36,449,0.05175195942830797
0.3061594202898551,0.16817359855334538,0.23308270676691728,0.1953781512605042,gaussian_noise,SKAB,mapping_distance_fold_4,999,4,3,3,0.9,0.5,avg_negative_log,0.2231,10,3.0,241,36,449,0.05175195942830797
1.0,0.0,0.0,0.0,unseen_data,SKAB,mapping_distance_fold_4,999,4,3,3,0.9,0.5,avg_negative_log,0.2231,10,3.0,241,36,449,0.05175195942830797
0.5773651635720601,0.4547537227949599,0.9949874686716792,0.6242138364779874,original,SKAB,mapping_distance_fold_5,42,4,3,3,0.9,0.5,avg_negative_log,0.2231,10,3.0,225,36,389,0.048024691358024695
0.5658709106984969,0.44772727272727275,0.9874686716791979,0.616106333072713,gaussian_noise,SKAB,mapping_distance_fold_5,42,4,3,3,0.9,0.5,avg_negative_log,0.2231,10,3.0,225,36,389,0.048024691358024695
0.7391304347826086,0.7142857142857143,1.0,0.8333333333333334,unseen_data,SKAB,mapping_distance_fold_5,42,4,3,3,0.9,0.5,avg_negative_log,0.2231,10,3.0,225,36,389,0.048024691358024695
0.5773651635720601,0.4547537227949599,0.9949874686716792,0.6242138364779874,original,SKAB,mapping_distance_fold_5,123,4,3,3,0.9,0.5,avg_negative_log,0.2231,10,3.0,225,36,389,0.048024691358024695
0.5685234305923961,0.447831184056272,0.9573934837092731,0.610223642172524,gaussian_noise,SKAB,mapping_distance_fold_5,123,4,3,3,0.9,0.5,avg_negative_log,0.2231,10,3.0,225,36,389,0.048024691358024695
0.7391304347826086,0.7142857142857143,1.0,0.8333333333333334,unseen_data,SKAB,mapping_distance_fold_5,123,4,3,3,0.9,0.5,avg_negative_log,0.2231,10,3.0,225,36,389,0.048024691358024695
0.5773651635720601,0.4547537227949599,0.9949874686716792,0.6242138364779874,original,SKAB,mapping_distance_fold_5,2026,4,3,3,0.9,0.5,avg_negative_log,0.2231,10,3.0,225,36,389,0.048024691358024695
0.583554376657825,0.45842956120092376,0.9949874686716792,0.6276679841897234,gaussian_noise,SKAB,mapping_distance_fold_5,2026,4,3,3,0.9,0.5,avg_negative_log,0.2231,10,3.0,225,36,389,0.048024691358024695
0.7391304347826086,0.7142857142857143,1.0,0.8333333333333334,unseen_data,SKAB,mapping_distance_fold_5,2026,4,3,3,0.9,0.5,avg_negative_log,0.2231,10,3.0,225,36,389,0.048024691358024695
0.5773651635720601,0.4547537227949599,0.9949874686716792,0.6242138364779874,original,SKAB,mapping_distance_fold_5,7,4,3,3,0.9,0.5,avg_negative_log,0.2231,10,3.0,225,36,389,0.048024691358024695
0.5596816976127321,0.443557582668187,0.974937343358396,0.609717868338558,gaussian_noise,SKAB,mapping_distance_fold_5,7,4,3,3,0.9,0.5,avg_negative_log,0.2231,10,3.0,225,36,389,0.048024691358024695
0.7391304347826086,0.7142857142857143,1.0,0.8333333333333334,unseen_data,SKAB,mapping_distance_fold_5,7,4,3,3,0.9,0.5,avg_negative_log,0.2231,10,3.0,225,36,389,0.048024691358024695
0.5773651635720601,0.4547537227949599,0.9949874686716792,0.6242138364779874,original,SKAB,mapping_distance_fold_5,999,4,3,3,0.9,0.5,avg_negative_log,0.2231,10,3.0,225,36,389,0.048024691358024695
0.5614500442086648,0.4441887226697353,0.9674185463659147,0.6088328075709779,gaussian_noise,SKAB,mapping_distance_fold_5,999,4,3,3,0.9,0.5,avg_negative_log,0.2231,10,3.0,225,36,389,0.048024691358024695
0.7391304347826086,0.7142857142857143,1.0,0.8333333333333334,unseen_data,SKAB,mapping_distance_fold_5,999,4,3,3,0.9,0.5,avg_negative_log,0.2231,10,3.0,225,36,389,0.048024691358024695
0.7008014247551202,0.7642276422764228,0.2344139650872818,0.35877862595419846,original,SKAB,mapping_distance_fold_1,42,4,3,2,0.9,0.5,avg_negative_log,0.2231,10,,103,35,190,0.052704576976421634
0.6945681211041852,0.7013888888888888,0.2518703241895262,0.3706422018348624,gaussian_noise,SKAB,mapping_distance_fold_1,42,4,3,2,0.9,0.5,avg_negative_log,0.2231,10,,103,35,190,0.052704576976421634
0.0,0.0,0.0,0.0,unseen_data,SKAB,mapping_distance_fold_1,42,4,3,2,0.9,0.5,avg_negative_log,0.2231,10,,103,35,190,0.052704576976421634
0.7008014247551202,0.7642276422764228,0.2344139650872818,0.35877862595419846,original,SKAB,mapping_distance_fold_1,123,4,3,2,0.9,0.5,avg_negative_log,0.2231,10,,103,35,190,0.052704576976421634
0.6963490650044524,0.7542372881355932,0.22194513715710723,0.34296724470134876,gaussian_noise,SKAB,mapping_distance_fold_1,123,4,3,2,0.9,0.5,avg_negative_log,0.2231,10,,103,35,190,0.052704576976421634
0.0,0.0,0.0,0.0,unseen_data,SKAB,mapping_distance_fold_1,123,4,3,2,0.9,0.5,avg_negative_log,0.2231,10,,103,35,190,0.052704576976421634
0.7008014247551202,0.7642276422764228,0.2344139650872818,0.35877862595419846,original,SKAB,mapping_distance_fold_1,2026,4,3,2,0.9,0.5,avg_negative_log,0.2231,10,,103,35,190,0.052704576976421634
0.6767586821015138,0.6266666666666667,0.2344139650872818,0.3411978221415608,gaussian_noise,SKAB,mapping_distance_fold_1,2026,4,3,2,0.9,0.5,avg_negative_log,0.2231,10,,103,35,190,0.052704576976421634
0.0,0.0,0.0,0.0,unseen_data,SKAB,mapping_distance_fold_1,2026,4,3,2,0.9,0.5,avg_negative_log,0.2231,10,,103,35,190,0.052704576976421634
0.7008014247551202,0.7642276422764228,0.2344139650872818,0.35877862595419846,original,SKAB,mapping_distance_fold_1,7,4,3,2,0.9,0.5,avg_negative_log,0.2231,10,,103,35,190,0.052704576976421634
0.6883348174532502,0.6861313868613139,0.2344139650872818,0.34944237918215615,gaussian_noise,SKAB,mapping_distance_fold_1,7,4,3,2,0.9,0.5,avg_negative_log,0.2231,10,,103,35,190,0.052704576976421634
0.0,0.0,0.0,0.0,unseen_data,SKAB,mapping_distance_fold_1,7,4,3,2,0.9,0.5,avg_negative_log,0.2231,10,,103,35,190,0.052704576976421634
0.7008014247551202,0.7642276422764228,0.2344139650872818,0.35877862595419846,original,SKAB,mapping_distance_fold_1,999,4,3,2,0.9,0.5,avg_negative_log,0.2231,10,,103,35,190,0.052704576976421634
0.697239536954586,0.7563025210084033,0.22443890274314215,0.34615384615384615,gaussian_noise,SKAB,mapping_distance_fold_1,999,4,3,2,0.9,0.5,avg_negative_log,0.2231,10,,103,35,190,0.052704576976421634
0.0,0.0,0.0,0.0,unseen_data,SKAB,mapping_distance_fold_1,999,4,3,2,0.9,0.5,avg_negative_log,0.2231,10,,103,35,190,0.052704576976421634
0.7515638963360143,0.6161048689138576,0.818407960199005,0.7029914529914529,original,SKAB,mapping_distance_fold_2,42,4,3,2,0.9,0.5,avg_negative_log,0.2231,10,,102,34,200,0.05767012687427912
0.7649687220732797,0.6318785578747628,0.8283582089552238,0.7168998923573735,gaussian_noise,SKAB,mapping_distance_fold_2,42,4,3,2,0.9,0.5,avg_negative_log,0.2231,10,,102,34,200,0.05767012687427912
0.0,0.0,0.0,0.0,unseen_data,SKAB,mapping_distance_fold_2,42,4,3,2,0.9,0.5,avg_negative_log,0.2231,10,,102,34,200,0.05767012687427912
0.7515638963360143,0.6161048689138576,0.818407960199005,0.7029914529914529,original,SKAB,mapping_distance_fold_2,123,4,3,2,0.9,0.5,avg_negative_log,0.2231,10,,102,34,200,0.05767012687427912
0.7587131367292225,0.6231343283582089,0.8308457711442786,0.7121535181236673,gaussian_noise,SKAB,mapping_distance_fold_2,123,4,3,2,0.9,0.5,avg_negative_log,0.2231,10,,102,34,200,0.05767012687427912
0.0,0.0,0.0,0.0,unseen_data,SKAB,mapping_distance_fold_2,123,4,3,2,0.9,0.5,avg_negative_log,0.2231,10,,102,34,200,0.05767012687427912
0.7515638963360143,0.6161048689138576,0.818407960199005,0.7029914529914529,original,SKAB,mapping_distance_fold_2,2026,4,3,2,0.9,0.5,avg_negative_log,0.2231,10,,102,34,200,0.05767012687427912
0.7524575513851653,0.6134301270417423,0.8407960199004975,0.7093389296956978,gaussian_noise,SKAB,mapping_distance_fold_2,2026,4,3,2,0.9,0.5,avg_negative_log,0.2231,10,,102,34,200,0.05767012687427912
0.0,0.0,0.0,0.0,unseen_data,SKAB,mapping_distance_fold_2,2026,4,3,2,0.9,0.5,avg_negative_log,0.2231,10,,102,34,200,0.05767012687427912
0.7515638963360143,0.6161048689138576,0.818407960199005,0.7029914529914529,original,SKAB,mapping_distance_fold_2,7,4,3,2,0.9,0.5,avg_negative_log,0.2231,10,,102,34,200,0.05767012687427912
0.7560321715817694,0.618348623853211,0.8383084577114428,0.7117212249208026,gaussian_noise,SKAB,mapping_distance_fold_2,7,4,3,2,0.9,0.5,avg_negative_log,0.2231,10,,102,34,200,0.05767012687427912
0.0,0.0,0.0,0.0,unseen_data,SKAB,mapping_distance_fold_2,7,4,3,2,0.9,0.5,avg_negative_log,0.2231,10,,102,34,200,0.05767012687427912
0.7515638963360143,0.6161048689138576,0.818407960199005,0.7029914529914529,original,SKAB,mapping_distance_fold_2,999,4,3,2,0.9,0.5,avg_negative_log,0.2231,10,,102,34,200,0.05767012687427912
0.7506702412868632,0.6153846153846154,0.8159203980099502,0.7016042780748664,gaussian_noise,SKAB,mapping_distance_fold_2,999,4,3,2,0.9,0.5,avg_negative_log,0.2231,10,,102,34,200,0.05767012687427912
0.0,0.0,0.0,0.0,unseen_data,SKAB,mapping_distance_fold_2,999,4,3,2,0.9,0.5,avg_negative_log,0.2231,10,,102,34,200,0.05767012687427912
0.6067917783735478,0.46371681415929206,0.656641604010025,0.5435684647302904,original,SKAB,mapping_distance_fold_3,42,4,3,2,0.9,0.5,avg_negative_log,0.2231,10,,108,37,206,0.05155155155155155
0.610366398570152,0.4666666666666667,0.6491228070175439,0.5429769392033543,gaussian_noise,SKAB,mapping_distance_fold_3,42,4,3,2,0.9,0.5,avg_negative_log,0.2231,10,,108,37,206,0.05155155155155155
1.0,0.0,0.0,0.0,unseen_data,SKAB,mapping_distance_fold_3,42,4,3,2,0.9,0.5,avg_negative_log,0.2231,10,,108,37,206,0.05155155155155155
0.6067917783735478,0.46371681415929206,0.656641604010025,0.5435684647302904,original,SKAB,mapping_distance_fold_3,123,4,3,2,0.9,0.5,avg_negative_log,0.2231,10,,108,37,206,0.05155155155155155
0.5951742627345844,0.4536082474226804,0.6616541353383458,0.5382262996941896,gaussian_noise,SKAB,mapping_distance_fold_3,123,4,3,2,0.9,0.5,avg_negative_log,0.2231,10,,108,37,206,0.05155155155155155
1.0,0.0,0.0,0.0,unseen_data,SKAB,mapping_distance_fold_3,123,4,3,2,0.9,0.5,avg_negative_log,0.2231,10,,108,37,206,0.05155155155155155
0.6067917783735478,0.46371681415929206,0.656641604010025,0.5435684647302904,original,SKAB,mapping_distance_fold_3,2026,4,3,2,0.9,0.5,avg_negative_log,0.2231,10,,108,37,206,0.05155155155155155
0.6112600536193029,0.4691780821917808,0.6867167919799498,0.5574771108850458,gaussian_noise,SKAB,mapping_distance_fold_3,2026,4,3,2,0.9,0.5,avg_negative_log,0.2231,10,,108,37,206,0.05155155155155155
1.0,0.0,0.0,0.0,unseen_data,SKAB,mapping_distance_fold_3,2026,4,3,2,0.9,0.5,avg_negative_log,0.2231,10,,108,37,206,0.05155155155155155
0.6067917783735478,0.46371681415929206,0.656641604010025,0.5435684647302904,original,SKAB,mapping_distance_fold_3,7,4,3,2,0.9,0.5,avg_negative_log,0.2231,10,,108,37,206,0.05155155155155155
0.6219839142091153,0.47952218430034127,0.7042606516290727,0.5705583756345177,gaussian_noise,SKAB,mapping_distance_fold_3,7,4,3,2,0.9,0.5,avg_negative_log,0.2231,10,,108,37,206,0.05155155155155155
1.0,0.0,0.0,0.0,unseen_data,SKAB,mapping_distance_fold_3,7,4,3,2,0.9,0.5,avg_negative_log,0.2231,10,,108,37,206,0.05155155155155155
0.6067917783735478,0.46371681415929206,0.656641604010025,0.5435684647302904,original,SKAB,mapping_distance_fold_3,999,4,3,2,0.9,0.5,avg_negative_log,0.2231,10,,108,37,206,0.05155155155155155
0.6023235031277927,0.4602076124567474,0.6666666666666666,0.5445240532241555,gaussian_noise,SKAB,mapping_distance_fold_3,999,4,3,2,0.9,0.5,avg_negative_log,0.2231,10,,108,37,206,0.05155155155155155
1.0,0.0,0.0,0.0,unseen_data,SKAB,mapping_distance_fold_3,999,4,3,2,0.9,0.5,avg_negative_log,0.2231,10,,108,37,206,0.05155155155155155
0.3278985507246377,0.17208413001912046,0.22556390977443608,0.19522776572668113,original,SKAB,mapping_distance_fold_4,42,4,3,2,0.9,0.5,avg_negative_log,0.2231,10,,106,36,205,0.05372117400419287
0.3070652173913043,0.1520912547528517,0.20050125313283207,0.17297297297297298,gaussian_noise,SKAB,mapping_distance_fold_4,42,4,3,2,0.9,0.5,avg_negative_log,0.2231,10,,106,36,205,0.05372117400419287
0.5,0.0,0.0,0.0,unseen_data,SKAB,mapping_distance_fold_4,42,4,3,2,0.9,0.5,avg_negative_log,0.2231,10,,106,36,205,0.05372117400419287
0.3278985507246377,0.17208413001912046,0.22556390977443608,0.19522776572668113,original,SKAB,mapping_distance_fold_4,123,4,3,2,0.9,0.5,avg_negative_log,0.2231,10,,106,36,205,0.05372117400419287
0.3088768115942029,0.15134099616858238,0.19799498746867167,0.17155266015200868,gaussian_noise,SKAB,mapping_distance_fold_4,123,4,3,2,0.9,0.5,avg_negative_log,0.2231,10,,106,36,205,0.05372117400419287
0.5,0.0,0.0,0.0,unseen_data,SKAB,mapping_distance_fold_4,123,4,3,2,0.9,0.5,avg_negative_log,0.2231,10,,106,36,205,0.05372117400419287
0.3278985507246377,0.17208413001912046,0.22556390977443608,0.19522776572668113,original,SKAB,mapping_distance_fold_4,2026,4,3,2,0.9,0.5,avg_negative_log,0.2231,10,,106,36,205,0.05372117400419287
0.3052536231884058,0.15151515151515152,0.20050125313283207,0.1725997842502697,gaussian_noise,SKAB,mapping_distance_fold_4,2026,4,3,2,0.9,0.5,avg_negative_log,0.2231,10,,106,36,205,0.05372117400419287
0.5,0.0,0.0,0.0,unseen_data,SKAB,mapping_distance_fold_4,2026,4,3,2,0.9,0.5,avg_negative_log,0.2231,10,,106,36,205,0.05372117400419287
0.3278985507246377,0.17208413001912046,0.22556390977443608,0.19522776572668113,original,SKAB,mapping_distance_fold_4,7,4,3,2,0.9,0.5,avg_negative_log,0.2231,10,,106,36,205,0.05372117400419287
0.3351449275362319,0.17348927875243664,0.22305764411027568,0.19517543859649122,gaussian_noise,SKAB,mapping_distance_fold_4,7,4,3,2,0.9,0.5,avg_negative_log,0.2231,10,,106,36,205,0.05372117400419287
0.5,0.0,0.0,0.0,unseen_data,SKAB,mapping_distance_fold_4,7,4,3,2,0.9,0.5,avg_negative_log,0.2231,10,,106,36,205,0.05372117400419287
0.3278985507246377,0.17208413001912046,0.22556390977443608,0.19522776572668113,original,SKAB,mapping_distance_fold_4,999,4,3,2,0.9,0.5,avg_negative_log,0.2231,10,,106,36,205,0.05372117400419287
0.30978260869565216,0.16574585635359115,0.22556390977443608,0.1910828025477707,gaussian_noise,SKAB,mapping_distance_fold_4,999,4,3,2,0.9,0.5,avg_negative_log,0.2231,10,,106,36,205,0.05372117400419287
0.5,0.0,0.0,0.0,unseen_data,SKAB,mapping_distance_fold_4,999,4,3,2,0.9,0.5,avg_negative_log,0.2231,10,,106,36,205,0.05372117400419287
0.583554376657825,0.458041958041958,0.9849624060150376,0.6252983293556086,original,SKAB,mapping_distance_fold_5,42,4,3,2,0.9,0.5,avg_negative_log,0.2231,10,,105,36,189,0.05
0.5755968169761273,0.4532871972318339,0.9849624060150376,0.6208530805687204,gaussian_noise,SKAB,mapping_distance_fold_5,42,4,3,2,0.9,0.5,avg_negative_log,0.2231,10,,105,36,189,0.05
0.6956521739130435,0.6818181818181818,1.0,0.8108108108108109,unseen_data,SKAB,mapping_distance_fold_5,42,4,3,2,0.9,0.5,avg_negative_log,0.2231,10,,105,36,189,0.05
0.583554376657825,0.458041958041958,0.9849624060150376,0.6252983293556086,original,SKAB,mapping_distance_fold_5,123,4,3,2,0.9,0.5,avg_negative_log,0.2231,10,,105,36,189,0.05
0.5764809902740937,0.45215311004784686,0.9473684210526315,0.6121457489878542,gaussian_noise,SKAB,mapping_distance_fold_5,123,4,3,2,0.9,0.5,avg_negative_log,0.2231,10,,105,36,189,0.05
0.6956521739130435,0.6818181818181818,1.0,0.8108108108108109,unseen_data,SKAB,mapping_distance_fold_5,123,4,3,2,0.9,0.5,avg_negative_log,0.2231,10,,105,36,189,0.05
0.583554376657825,0.458041958041958,0.9849624060150376,0.6252983293556086,original,SKAB,mapping_distance_fold_5,2026,4,3,2,0.9,0.5,avg_negative_log,0.2231,10,,105,36,189,0.05
0.5906277630415562,0.46252927400468385,0.9899749373433584,0.6304868316041501,gaussian_noise,SKAB,mapping_distance_fold_5,2026,4,3,2,0.9,0.5,avg_negative_log,0.2231,10,,105,36,189,0.05
0.6956521739130435,0.6818181818181818,1.0,0.8108108108108109,unseen_data,SKAB,mapping_distance_fold_5,2026,4,3,2,0.9,0.5,avg_negative_log,0.2231,10,,105,36,189,0.05
0.583554376657825,0.458041958041958,0.9849624060150376,0.6252983293556086,original,SKAB,mapping_distance_fold_5,7,4,3,2,0.9,0.5,avg_negative_log,0.2231,10,,105,36,189,0.05
0.5667550839964633,0.44727694090382386,0.9674185463659147,0.6117274167987322,gaussian_noise,SKAB,mapping_distance_fold_5,7,4,3,2,0.9,0.5,avg_negative_log,0.2231,10,,105,36,189,0.05
0.6956521739130435,0.6818181818181818,1.0,0.8108108108108109,unseen_data,SKAB,mapping_distance_fold_5,7,4,3,2,0.9,0.5,avg_negative_log,0.2231,10,,105,36,189,0.05
0.583554376657825,0.458041958041958,0.9849624060150376,0.6252983293556086,original,SKAB,mapping_distance_fold_5,999,4,3,2,0.9,0.5,avg_negative_log,0.2231,10,,105,36,189,0.05
0.5632183908045977,0.44457409568261375,0.9548872180451128,0.606687898089172,gaussian_noise,SKAB,mapping_distance_fold_5,999,4,3,2,0.9,0.5,avg_negative_log,0.2231,10,,105,36,189,0.05
0.6956521739130435,0.6818181818181818,1.0,0.8108108108108109,unseen_data,SKAB,mapping_distance_fold_5,999,4,3,2,0.9,0.5,avg_negative_log,0.2231,10,,105,36,189,0.05
0.7008014247551202,0.7642276422764228,0.2344139650872818,0.35877862595419846,original,SKAB,mapping_distance_fold_1,42,4,3,2,0.9,0.5,avg_negative_log,0.2231,10,1.0,103,35,190,0.052704576976421634
0.6945681211041852,0.7013888888888888,0.2518703241895262,0.3706422018348624,gaussian_noise,SKAB,mapping_distance_fold_1,42,4,3,2,0.9,0.5,avg_negative_log,0.2231,10,1.0,103,35,190,0.052704576976421634
0.0,0.0,0.0,0.0,unseen_data,SKAB,mapping_distance_fold_1,42,4,3,2,0.9,0.5,avg_negative_log,0.2231,10,1.0,103,35,190,0.052704576976421634
0.7008014247551202,0.7642276422764228,0.2344139650872818,0.35877862595419846,original,SKAB,mapping_distance_fold_1,123,4,3,2,0.9,0.5,avg_negative_log,0.2231,10,1.0,103,35,190,0.052704576976421634
0.6963490650044524,0.7542372881355932,0.22194513715710723,0.34296724470134876,gaussian_noise,SKAB,mapping_distance_fold_1,123,4,3,2,0.9,0.5,avg_negative_log,0.2231,10,1.0,103,35,190,0.052704576976421634
0.0,0.0,0.0,0.0,unseen_data,SKAB,mapping_distance_fold_1,123,4,3,2,0.9,0.5,avg_negative_log,0.2231,10,1.0,103,35,190,0.052704576976421634
0.7008014247551202,0.7642276422764228,0.2344139650872818,0.35877862595419846,original,SKAB,mapping_distance_fold_1,2026,4,3,2,0.9,0.5,avg_negative_log,0.2231,10,1.0,103,35,190,0.052704576976421634
0.6767586821015138,0.6266666666666667,0.2344139650872818,0.3411978221415608,gaussian_noise,SKAB,mapping_distance_fold_1,2026,4,3,2,0.9,0.5,avg_negative_log,0.2231,10,1.0,103,35,190,0.052704576976421634
0.0,0.0,0.0,0.0,unseen_data,SKAB,mapping_distance_fold_1,2026,4,3,2,0.9,0.5,avg_negative_log,0.2231,10,1.0,103,35,190,0.052704576976421634
0.7008014247551202,0.7642276422764228,0.2344139650872818,0.35877862595419846,original,SKAB,mapping_distance_fold_1,7,4,3,2,0.9,0.5,avg_negative_log,0.2231,10,1.0,103,35,190,0.052704576976421634
0.6883348174532502,0.6861313868613139,0.2344139650872818,0.34944237918215615,gaussian_noise,SKAB,mapping_distance_fold_1,7,4,3,2,0.9,0.5,avg_negative_log,0.2231,10,1.0,103,35,190,0.052704576976421634
0.0,0.0,0.0,0.0,unseen_data,SKAB,mapping_distance_fold_1,7,4,3,2,0.9,0.5,avg_negative_log,0.2231,10,1.0,103,35,190,0.052704576976421634
0.7008014247551202,0.7642276422764228,0.2344139650872818,0.35877862595419846,original,SKAB,mapping_distance_fold_1,999,4,3,2,0.9,0.5,avg_negative_log,0.2231,10,1.0,103,35,190,0.052704576976421634
0.697239536954586,0.7563025210084033,0.22443890274314215,0.34615384615384615,gaussian_noise,SKAB,mapping_distance_fold_1,999,4,3,2,0.9,0.5,avg_negative_log,0.2231,10,1.0,103,35,190,0.052704576976421634
0.0,0.0,0.0,0.0,unseen_data,SKAB,mapping_distance_fold_1,999,4,3,2,0.9,0.5,avg_negative_log,0.2231,10,1.0,103,35,190,0.052704576976421634
0.7515638963360143,0.6161048689138576,0.818407960199005,0.7029914529914529,original,SKAB,mapping_distance_fold_2,42,4,3,2,0.9,0.5,avg_negative_log,0.2231,10,1.0,102,34,200,0.05767012687427912
0.7649687220732797,0.6318785578747628,0.8283582089552238,0.7168998923573735,gaussian_noise,SKAB,mapping_distance_fold_2,42,4,3,2,0.9,0.5,avg_negative_log,0.2231,10,1.0,102,34,200,0.05767012687427912
0.0,0.0,0.0,0.0,unseen_data,SKAB,mapping_distance_fold_2,42,4,3,2,0.9,0.5,avg_negative_log,0.2231,10,1.0,102,34,200,0.05767012687427912
0.7515638963360143,0.6161048689138576,0.818407960199005,0.7029914529914529,original,SKAB,mapping_distance_fold_2,123,4,3,2,0.9,0.5,avg_negative_log,0.2231,10,1.0,102,34,200,0.05767012687427912
0.7587131367292225,0.6231343283582089,0.8308457711442786,0.7121535181236673,gaussian_noise,SKAB,mapping_distance_fold_2,123,4,3,2,0.9,0.5,avg_negative_log,0.2231,10,1.0,102,34,200,0.05767012687427912
0.0,0.0,0.0,0.0,unseen_data,SKAB,mapping_distance_fold_2,123,4,3,2,0.9,0.5,avg_negative_log,0.2231,10,1.0,102,34,200,0.05767012687427912
0.7515638963360143,0.6161048689138576,0.818407960199005,0.7029914529914529,original,SKAB,mapping_distance_fold_2,2026,4,3,2,0.9,0.5,avg_negative_log,0.2231,10,1.0,102,34,200,0.05767012687427912
0.7524575513851653,0.6134301270417423,0.8407960199004975,0.7093389296956978,gaussian_noise,SKAB,mapping_distance_fold_2,2026,4,3,2,0.9,0.5,avg_negative_log,0.2231,10,1.0,102,34,200,0.05767012687427912
0.0,0.0,0.0,0.0,unseen_data,SKAB,mapping_distance_fold_2,2026,4,3,2,0.9,0.5,avg_negative_log,0.2231,10,1.0,102,34,200,0.05767012687427912
0.7515638963360143,0.6161048689138576,0.818407960199005,0.7029914529914529,original,SKAB,mapping_distance_fold_2,7,4,3,2,0.9,0.5,avg_negative_log,0.2231,10,1.0,102,34,200,0.05767012687427912
0.7560321715817694,0.618348623853211,0.8383084577114428,0.7117212249208026,gaussian_noise,SKAB,mapping_distance_fold_2,7,4,3,2,0.9,0.5,avg_negative_log,0.2231,10,1.0,102,34,200,0.05767012687427912
0.0,0.0,0.0,0.0,unseen_data,SKAB,mapping_distance_fold_2,7,4,3,2,0.9,0.5,avg_negative_log,0.2231,10,1.0,102,34,200,0.05767012687427912
0.7515638963360143,0.6161048689138576,0.818407960199005,0.7029914529914529,original,SKAB,mapping_distance_fold_2,999,4,3,2,0.9,0.5,avg_negative_log,0.2231,10,1.0,102,34,200,0.05767012687427912
0.7506702412868632,0.6153846153846154,0.8159203980099502,0.7016042780748664,gaussian_noise,SKAB,mapping_distance_fold_2,999,4,3,2,0.9,0.5,avg_negative_log,0.2231,10,1.0,102,34,200,0.05767012687427912
0.0,0.0,0.0,0.0,unseen_data,SKAB,mapping_distance_fold_2,999,4,3,2,0.9,0.5,avg_negative_log,0.2231,10,1.0,102,34,200,0.05767012687427912
0.6067917783735478,0.46371681415929206,0.656641604010025,0.5435684647302904,original,SKAB,mapping_distance_fold_3,42,4,3,2,0.9,0.5,avg_negative_log,0.2231,10,1.0,108,37,206,0.05155155155155155
0.610366398570152,0.4666666666666667,0.6491228070175439,0.5429769392033543,gaussian_noise,SKAB,mapping_distance_fold_3,42,4,3,2,0.9,0.5,avg_negative_log,0.2231,10,1.0,108,37,206,0.05155155155155155
1.0,0.0,0.0,0.0,unseen_data,SKAB,mapping_distance_fold_3,42,4,3,2,0.9,0.5,avg_negative_log,0.2231,10,1.0,108,37,206,0.05155155155155155
0.6067917783735478,0.46371681415929206,0.656641604010025,0.5435684647302904,original,SKAB,mapping_distance_fold_3,123,4,3,2,0.9,0.5,avg_negative_log,0.2231,10,1.0,108,37,206,0.05155155155155155
0.5951742627345844,0.4536082474226804,0.6616541353383458,0.5382262996941896,gaussian_noise,SKAB,mapping_distance_fold_3,123,4,3,2,0.9,0.5,avg_negative_log,0.2231,10,1.0,108,37,206,0.05155155155155155
1.0,0.0,0.0,0.0,unseen_data,SKAB,mapping_distance_fold_3,123,4,3,2,0.9,0.5,avg_negative_log,0.2231,10,1.0,108,37,206,0.05155155155155155
0.6067917783735478,0.46371681415929206,0.656641604010025,0.5435684647302904,original,SKAB,mapping_distance_fold_3,2026,4,3,2,0.9,0.5,avg_negative_log,0.2231,10,1.0,108,37,206,0.05155155155155155
0.6112600536193029,0.4691780821917808,0.6867167919799498,0.5574771108850458,gaussian_noise,SKAB,mapping_distance_fold_3,2026,4,3,2,0.9,0.5,avg_negative_log,0.2231,10,1.0,108,37,206,0.05155155155155155
1.0,0.0,0.0,0.0,unseen_data,SKAB,mapping_distance_fold_3,2026,4,3,2,0.9,0.5,avg_negative_log,0.2231,10,1.0,108,37,206,0.05155155155155155
0.6067917783735478,0.46371681415929206,0.656641604010025,0.5435684647302904,original,SKAB,mapping_distance_fold_3,7,4,3,2,0.9,0.5,avg_negative_log,0.2231,10,1.0,108,37,206,0.05155155155155155
0.6219839142091153,0.47952218430034127,0.7042606516290727,0.5705583756345177,gaussian_noise,SKAB,mapping_distance_fold_3,7,4,3,2,0.9,0.5,avg_negative_log,0.2231,10,1.0,108,37,206,0.05155155155155155
1.0,0.0,0.0,0.0,unseen_data,SKAB,mapping_distance_fold_3,7,4,3,2,0.9,0.5,avg_negative_log,0.2231,10,1.0,108,37,206,0.05155155155155155
0.6067917783735478,0.46371681415929206,0.656641604010025,0.5435684647302904,original,SKAB,mapping_distance_fold_3,999,4,3,2,0.9,0.5,avg_negative_log,0.2231,10,1.0,108,37,206,0.05155155155155155
0.6023235031277927,0.4602076124567474,0.6666666666666666,0.5445240532241555,gaussian_noise,SKAB,mapping_distance_fold_3,999,4,3,2,0.9,0.5,avg_negative_log,0.2231,10,1.0,108,37,206,0.05155155155155155
1.0,0.0,0.0,0.0,unseen_data,SKAB,mapping_distance_fold_3,999,4,3,2,0.9,0.5,avg_negative_log,0.2231,10,1.0,108,37,206,0.05155155155155155
0.3278985507246377,0.17208413001912046,0.22556390977443608,0.19522776572668113,original,SKAB,mapping_distance_fold_4,42,4,3,2,0.9,0.5,avg_negative_log,0.2231,10,1.0,106,36,205,0.05372117400419287
0.3070652173913043,0.1520912547528517,0.20050125313283207,0.17297297297297298,gaussian_noise,SKAB,mapping_distance_fold_4,42,4,3,2,0.9,0.5,avg_negative_log,0.2231,10,1.0,106,36,205,0.05372117400419287
0.5,0.0,0.0,0.0,unseen_data,SKAB,mapping_distance_fold_4,42,4,3,2,0.9,0.5,avg_negative_log,0.2231,10,1.0,106,36,205,0.05372117400419287
0.3278985507246377,0.17208413001912046,0.22556390977443608,0.19522776572668113,original,SKAB,mapping_distance_fold_4,123,4,3,2,0.9,0.5,avg_negative_log,0.2231,10,1.0,106,36,205,0.05372117400419287
0.3088768115942029,0.15134099616858238,0.19799498746867167,0.17155266015200868,gaussian_noise,SKAB,mapping_distance_fold_4,123,4,3,2,0.9,0.5,avg_negative_log,0.2231,10,1.0,106,36,205,0.05372117400419287
0.5,0.0,0.0,0.0,unseen_data,SKAB,mapping_distance_fold_4,123,4,3,2,0.9,0.5,avg_negative_log,0.2231,10,1.0,106,36,205,0.05372117400419287
0.3278985507246377,0.17208413001912046,0.22556390977443608,0.19522776572668113,original,SKAB,mapping_distance_fold_4,2026,4,3,2,0.9,0.5,avg_negative_log,0.2231,10,1.0,106,36,205,0.05372117400419287
0.3052536231884058,0.15151515151515152,0.20050125313283207,0.1725997842502697,gaussian_noise,SKAB,mapping_distance_fold_4,2026,4,3,2,0.9,0.5,avg_negative_log,0.2231,10,1.0,106,36,205,0.05372117400419287
0.5,0.0,0.0,0.0,unseen_data,SKAB,mapping_distance_fold_4,2026,4,3,2,0.9,0.5,avg_negative_log,0.2231,10,1.0,106,36,205,0.05372117400419287
0.3278985507246377,0.17208413001912046,0.22556390977443608,0.19522776572668113,original,SKAB,mapping_distance_fold_4,7,4,3,2,0.9,0.5,avg_negative_log,0.2231,10,1.0,106,36,205,0.05372117400419287
0.3351449275362319,0.17348927875243664,0.22305764411027568,0.19517543859649122,gaussian_noise,SKAB,mapping_distance_fold_4,7,4,3,2,0.9,0.5,avg_negative_log,0.2231,10,1.0,106,36,205,0.05372117400419287
0.5,0.0,0.0,0.0,unseen_data,SKAB,mapping_distance_fold_4,7,4,3,2,0.9,0.5,avg_negative_log,0.2231,10,1.0,106,36,205,0.05372117400419287
0.3278985507246377,0.17208413001912046,0.22556390977443608,0.19522776572668113,original,SKAB,mapping_distance_fold_4,999,4,3,2,0.9,0.5,avg_negative_log,0.2231,10,1.0,106,36,205,0.05372117400419287
0.30978260869565216,0.16574585635359115,0.22556390977443608,0.1910828025477707,gaussian_noise,SKAB,mapping_distance_fold_4,999,4,3,2,0.9,0.5,avg_negative_log,0.2231,10,1.0,106,36,205,0.05372117400419287
0.5,0.0,0.0,0.0,unseen_data,SKAB,mapping_distance_fold_4,999,4,3,2,0.9,0.5,avg_negative_log,0.2231,10,1.0,106,36,205,0.05372117400419287
0.583554376657825,0.458041958041958,0.9849624060150376,0.6252983293556086,original,SKAB,mapping_distance_fold_5,42,4,3,2,0.9,0.5,avg_negative_log,0.2231,10,1.0,105,36,189,0.05
0.5755968169761273,0.4532871972318339,0.9849624060150376,0.6208530805687204,gaussian_noise,SKAB,mapping_distance_fold_5,42,4,3,2,0.9,0.5,avg_negative_log,0.2231,10,1.0,105,36,189,0.05
0.6956521739130435,0.6818181818181818,1.0,0.8108108108108109,unseen_data,SKAB,mapping_distance_fold_5,42,4,3,2,0.9,0.5,avg_negative_log,0.2231,10,1.0,105,36,189,0.05
0.583554376657825,0.458041958041958,0.9849624060150376,0.6252983293556086,original,SKAB,mapping_distance_fold_5,123,4,3,2,0.9,0.5,avg_negative_log,0.2231,10,1.0,105,36,189,0.05
0.5764809902740937,0.45215311004784686,0.9473684210526315,0.6121457489878542,gaussian_noise,SKAB,mapping_distance_fold_5,123,4,3,2,0.9,0.5,avg_negative_log,0.2231,10,1.0,105,36,189,0.05
0.6956521739130435,0.6818181818181818,1.0,0.8108108108108109,unseen_data,SKAB,mapping_distance_fold_5,123,4,3,2,0.9,0.5,avg_negative_log,0.2231,10,1.0,105,36,189,0.05
0.583554376657825,0.458041958041958,0.9849624060150376,0.6252983293556086,original,SKAB,mapping_distance_fold_5,2026,4,3,2,0.9,0.5,avg_negative_log,0.2231,10,1.0,105,36,189,0.05
0.5906277630415562,0.46252927400468385,0.9899749373433584,0.6304868316041501,gaussian_noise,SKAB,mapping_distance_fold_5,2026,4,3,2,0.9,0.5,avg_negative_log,0.2231,10,1.0,105,36,189,0.05
0.6956521739130435,0.6818181818181818,1.0,0.8108108108108109,unseen_data,SKAB,mapping_distance_fold_5,2026,4,3,2,0.9,0.5,avg_negative_log,0.2231,10,1.0,105,36,189,0.05
0.583554376657825,0.458041958041958,0.9849624060150376,0.6252983293556086,original,SKAB,mapping_distance_fold_5,7,4,3,2,0.9,0.5,avg_negative_log,0.2231,10,1.0,105,36,189,0.05
0.5667550839964633,0.44727694090382386,0.9674185463659147,0.6117274167987322,gaussian_noise,SKAB,mapping_distance_fold_5,7,4,3,2,0.9,0.5,avg_negative_log,0.2231,10,1.0,105,36,189,0.05
0.6956521739130435,0.6818181818181818,1.0,0.8108108108108109,unseen_data,SKAB,mapping_distance_fold_5,7,4,3,2,0.9,0.5,avg_negative_log,0.2231,10,1.0,105,36,189,0.05
0.583554376657825,0.458041958041958,0.9849624060150376,0.6252983293556086,original,SKAB,mapping_distance_fold_5,999,4,3,2,0.9,0.5,avg_negative_log,0.2231,10,1.0,105,36,189,0.05
0.5632183908045977,0.44457409568261375,0.9548872180451128,0.606687898089172,gaussian_noise,SKAB,mapping_distance_fold_5,999,4,3,2,0.9,0.5,avg_negative_log,0.2231,10,1.0,105,36,189,0.05
0.6956521739130435,0.6818181818181818,1.0,0.8108108108108109,unseen_data,SKAB,mapping_distance_fold_5,999,4,3,2,0.9,0.5,avg_negative_log,0.2231,10,1.0,105,36,189,0.05
0.7008014247551202,0.7642276422764228,0.2344139650872818,0.35877862595419846,original,SKAB,mapping_distance_fold_1,42,4,3,2,0.9,0.5,avg_negative_log,0.2231,10,2.0,103,35,190,0.052704576976421634
0.6945681211041852,0.7013888888888888,0.2518703241895262,0.3706422018348624,gaussian_noise,SKAB,mapping_distance_fold_1,42,4,3,2,0.9,0.5,avg_negative_log,0.2231,10,2.0,103,35,190,0.052704576976421634
0.0,0.0,0.0,0.0,unseen_data,SKAB,mapping_distance_fold_1,42,4,3,2,0.9,0.5,avg_negative_log,0.2231,10,2.0,103,35,190,0.052704576976421634
0.7008014247551202,0.7642276422764228,0.2344139650872818,0.35877862595419846,original,SKAB,mapping_distance_fold_1,123,4,3,2,0.9,0.5,avg_negative_log,0.2231,10,2.0,103,35,190,0.052704576976421634
0.6963490650044524,0.7542372881355932,0.22194513715710723,0.34296724470134876,gaussian_noise,SKAB,mapping_distance_fold_1,123,4,3,2,0.9,0.5,avg_negative_log,0.2231,10,2.0,103,35,190,0.052704576976421634
0.0,0.0,0.0,0.0,unseen_data,SKAB,mapping_distance_fold_1,123,4,3,2,0.9,0.5,avg_negative_log,0.2231,10,2.0,103,35,190,0.052704576976421634
0.7008014247551202,0.7642276422764228,0.2344139650872818,0.35877862595419846,original,SKAB,mapping_distance_fold_1,2026,4,3,2,0.9,0.5,avg_negative_log,0.2231,10,2.0,103,35,190,0.052704576976421634
0.6767586821015138,0.6266666666666667,0.2344139650872818,0.3411978221415608,gaussian_noise,SKAB,mapping_distance_fold_1,2026,4,3,2,0.9,0.5,avg_negative_log,0.2231,10,2.0,103,35,190,0.052704576976421634
0.0,0.0,0.0,0.0,unseen_data,SKAB,mapping_distance_fold_1,2026,4,3,2,0.9,0.5,avg_negative_log,0.2231,10,2.0,103,35,190,0.052704576976421634
0.7008014247551202,0.7642276422764228,0.2344139650872818,0.35877862595419846,original,SKAB,mapping_distance_fold_1,7,4,3,2,0.9,0.5,avg_negative_log,0.2231,10,2.0,103,35,190,0.052704576976421634
0.6883348174532502,0.6861313868613139,0.2344139650872818,0.34944237918215615,gaussian_noise,SKAB,mapping_distance_fold_1,7,4,3,2,0.9,0.5,avg_negative_log,0.2231,10,2.0,103,35,190,0.052704576976421634
0.0,0.0,0.0,0.0,unseen_data,SKAB,mapping_distance_fold_1,7,4,3,2,0.9,0.5,avg_negative_log,0.2231,10,2.0,103,35,190,0.052704576976421634
0.7008014247551202,0.7642276422764228,0.2344139650872818,0.35877862595419846,original,SKAB,mapping_distance_fold_1,999,4,3,2,0.9,0.5,avg_negative_log,0.2231,10,2.0,103,35,190,0.052704576976421634
0.697239536954586,0.7563025210084033,0.22443890274314215,0.34615384615384615,gaussian_noise,SKAB,mapping_distance_fold_1,999,4,3,2,0.9,0.5,avg_negative_log,0.2231,10,2.0,103,35,190,0.052704576976421634
0.0,0.0,0.0,0.0,unseen_data,SKAB,mapping_distance_fold_1,999,4,3,2,0.9,0.5,avg_negative_log,0.2231,10,2.0,103,35,190,0.052704576976421634
0.7515638963360143,0.6161048689138576,0.818407960199005,0.7029914529914529,original,SKAB,mapping_distance_fold_2,42,4,3,2,0.9,0.5,avg_negative_log,0.2231,10,2.0,102,34,200,0.05767012687427912
0.7649687220732797,0.6318785578747628,0.8283582089552238,0.7168998923573735,gaussian_noise,SKAB,mapping_distance_fold_2,42,4,3,2,0.9,0.5,avg_negative_log,0.2231,10,2.0,102,34,200,0.05767012687427912
0.0,0.0,0.0,0.0,unseen_data,SKAB,mapping_distance_fold_2,42,4,3,2,0.9,0.5,avg_negative_log,0.2231,10,2.0,102,34,200,0.05767012687427912
0.7515638963360143,0.6161048689138576,0.818407960199005,0.7029914529914529,original,SKAB,mapping_distance_fold_2,123,4,3,2,0.9,0.5,avg_negative_log,0.2231,10,2.0,102,34,200,0.05767012687427912
0.7587131367292225,0.6231343283582089,0.8308457711442786,0.7121535181236673,gaussian_noise,SKAB,mapping_distance_fold_2,123,4,3,2,0.9,0.5,avg_negative_log,0.2231,10,2.0,102,34,200,0.05767012687427912
0.0,0.0,0.0,0.0,unseen_data,SKAB,mapping_distance_fold_2,123,4,3,2,0.9,0.5,avg_negative_log,0.2231,10,2.0,102,34,200,0.05767012687427912
0.7515638963360143,0.6161048689138576,0.818407960199005,0.7029914529914529,original,SKAB,mapping_distance_fold_2,2026,4,3,2,0.9,0.5,avg_negative_log,0.2231,10,2.0,102,34,200,0.05767012687427912
0.7524575513851653,0.6134301270417423,0.8407960199004975,0.7093389296956978,gaussian_noise,SKAB,mapping_distance_fold_2,2026,4,3,2,0.9,0.5,avg_negative_log,0.2231,10,2.0,102,34,200,0.05767012687427912
0.0,0.0,0.0,0.0,unseen_data,SKAB,mapping_distance_fold_2,2026,4,3,2,0.9,0.5,avg_negative_log,0.2231,10,2.0,102,34,200,0.05767012687427912
0.7515638963360143,0.6161048689138576,0.818407960199005,0.7029914529914529,original,SKAB,mapping_distance_fold_2,7,4,3,2,0.9,0.5,avg_negative_log,0.2231,10,2.0,102,34,200,0.05767012687427912
0.7560321715817694,0.618348623853211,0.8383084577114428,0.7117212249208026,gaussian_noise,SKAB,mapping_distance_fold_2,7,4,3,2,0.9,0.5,avg_negative_log,0.2231,10,2.0,102,34,200,0.05767012687427912
0.0,0.0,0.0,0.0,unseen_data,SKAB,mapping_distance_fold_2,7,4,3,2,0.9,0.5,avg_negative_log,0.2231,10,2.0,102,34,200,0.05767012687427912
0.7515638963360143,0.6161048689138576,0.818407960199005,0.7029914529914529,original,SKAB,mapping_distance_fold_2,999,4,3,2,0.9,0.5,avg_negative_log,0.2231,10,2.0,102,34,200,0.05767012687427912
0.7506702412868632,0.6153846153846154,0.8159203980099502,0.7016042780748664,gaussian_noise,SKAB,mapping_distance_fold_2,999,4,3,2,0.9,0.5,avg_negative_log,0.2231,10,2.0,102,34,200,0.05767012687427912
0.0,0.0,0.0,0.0,unseen_data,SKAB,mapping_distance_fold_2,999,4,3,2,0.9,0.5,avg_negative_log,0.2231,10,2.0,102,34,200,0.05767012687427912
0.6067917783735478,0.46371681415929206,0.656641604010025,0.5435684647302904,original,SKAB,mapping_distance_fold_3,42,4,3,2,0.9,0.5,avg_negative_log,0.2231,10,2.0,108,37,206,0.05155155155155155
0.610366398570152,0.4666666666666667,0.6491228070175439,0.5429769392033543,gaussian_noise,SKAB,mapping_distance_fold_3,42,4,3,2,0.9,0.5,avg_negative_log,0.2231,10,2.0,108,37,206,0.05155155155155155
1.0,0.0,0.0,0.0,unseen_data,SKAB,mapping_distance_fold_3,42,4,3,2,0.9,0.5,avg_negative_log,0.2231,10,2.0,108,37,206,0.05155155155155155
0.6067917783735478,0.46371681415929206,0.656641604010025,0.5435684647302904,original,SKAB,mapping_distance_fold_3,123,4,3,2,0.9,0.5,avg_negative_log,0.2231,10,2.0,108,37,206,0.05155155155155155
0.5951742627345844,0.4536082474226804,0.6616541353383458,0.5382262996941896,gaussian_noise,SKAB,mapping_distance_fold_3,123,4,3,2,0.9,0.5,avg_negative_log,0.2231,10,2.0,108,37,206,0.05155155155155155
1.0,0.0,0.0,0.0,unseen_data,SKAB,mapping_distance_fold_3,123,4,3,2,0.9,0.5,avg_negative_log,0.2231,10,2.0,108,37,206,0.05155155155155155
0.6067917783735478,0.46371681415929206,0.656641604010025,0.5435684647302904,original,SKAB,mapping_distance_fold_3,2026,4,3,2,0.9,0.5,avg_negative_log,0.2231,10,2.0,108,37,206,0.05155155155155155
0.6112600536193029,0.4691780821917808,0.6867167919799498,0.5574771108850458,gaussian_noise,SKAB,mapping_distance_fold_3,2026,4,3,2,0.9,0.5,avg_negative_log,0.2231,10,2.0,108,37,206,0.05155155155155155
1.0,0.0,0.0,0.0,unseen_data,SKAB,mapping_distance_fold_3,2026,4,3,2,0.9,0.5,avg_negative_log,0.2231,10,2.0,108,37,206,0.05155155155155155
0.6067917783735478,0.46371681415929206,0.656641604010025,0.5435684647302904,original,SKAB,mapping_distance_fold_3,7,4,3,2,0.9,0.5,avg_negative_log,0.2231,10,2.0,108,37,206,0.05155155155155155
0.6219839142091153,0.47952218430034127,0.7042606516290727,0.5705583756345177,gaussian_noise,SKAB,mapping_distance_fold_3,7,4,3,2,0.9,0.5,avg_negative_log,0.2231,10,2.0,108,37,206,0.05155155155155155
1.0,0.0,0.0,0.0,unseen_data,SKAB,mapping_distance_fold_3,7,4,3,2,0.9,0.5,avg_negative_log,0.2231,10,2.0,108,37,206,0.05155155155155155
0.6067917783735478,0.46371681415929206,0.656641604010025,0.5435684647302904,original,SKAB,mapping_distance_fold_3,999,4,3,2,0.9,0.5,avg_negative_log,0.2231,10,2.0,108,37,206,0.05155155155155155
0.6023235031277927,0.4602076124567474,0.6666666666666666,0.5445240532241555,gaussian_noise,SKAB,mapping_distance_fold_3,999,4,3,2,0.9,0.5,avg_negative_log,0.2231,10,2.0,108,37,206,0.05155155155155155
1.0,0.0,0.0,0.0,unseen_data,SKAB,mapping_distance_fold_3,999,4,3,2,0.9,0.5,avg_negative_log,0.2231,10,2.0,108,37,206,0.05155155155155155
0.3278985507246377,0.17208413001912046,0.22556390977443608,0.19522776572668113,original,SKAB,mapping_distance_fold_4,42,4,3,2,0.9,0.5,avg_negative_log,0.2231,10,2.0,106,36,205,0.05372117400419287
0.3070652173913043,0.1520912547528517,0.20050125313283207,0.17297297297297298,gaussian_noise,SKAB,mapping_distance_fold_4,42,4,3,2,0.9,0.5,avg_negative_log,0.2231,10,2.0,106,36,205,0.05372117400419287
0.5,0.0,0.0,0.0,unseen_data,SKAB,mapping_distance_fold_4,42,4,3,2,0.9,0.5,avg_negative_log,0.2231,10,2.0,106,36,205,0.05372117400419287
0.3278985507246377,0.17208413001912046,0.22556390977443608,0.19522776572668113,original,SKAB,mapping_distance_fold_4,123,4,3,2,0.9,0.5,avg_negative_log,0.2231,10,2.0,106,36,205,0.05372117400419287
0.3088768115942029,0.15134099616858238,0.19799498746867167,0.17155266015200868,gaussian_noise,SKAB,mapping_distance_fold_4,123,4,3,2,0.9,0.5,avg_negative_log,0.2231,10,2.0,106,36,205,0.05372117400419287
0.5,0.0,0.0,0.0,unseen_data,SKAB,mapping_distance_fold_4,123,4,3,2,0.9,0.5,avg_negative_log,0.2231,10,2.0,106,36,205,0.05372117400419287
0.3278985507246377,0.17208413001912046,0.22556390977443608,0.19522776572668113,original,SKAB,mapping_distance_fold_4,2026,4,3,2,0.9,0.5,avg_negative_log,0.2231,10,2.0,106,36,205,0.05372117400419287
0.3052536231884058,0.15151515151515152,0.20050125313283207,0.1725997842502697,gaussian_noise,SKAB,mapping_distance_fold_4,2026,4,3,2,0.9,0.5,avg_negative_log,0.2231,10,2.0,106,36,205,0.05372117400419287
0.5,0.0,0.0,0.0,unseen_data,SKAB,mapping_distance_fold_4,2026,4,3,2,0.9,0.5,avg_negative_log,0.2231,10,2.0,106,36,205,0.05372117400419287
0.3278985507246377,0.17208413001912046,0.22556390977443608,0.19522776572668113,original,SKAB,mapping_distance_fold_4,7,4,3,2,0.9,0.5,avg_negative_log,0.2231,10,2.0,106,36,205,0.05372117400419287
0.3351449275362319,0.17348927875243664,0.22305764411027568,0.19517543859649122,gaussian_noise,SKAB,mapping_distance_fold_4,7,4,3,2,0.9,0.5,avg_negative_log,0.2231,10,2.0,106,36,205,0.05372117400419287
0.5,0.0,0.0,0.0,unseen_data,SKAB,mapping_distance_fold_4,7,4,3,2,0.9,0.5,avg_negative_log,0.2231,10,2.0,106,36,205,0.05372117400419287
0.3278985507246377,0.17208413001912046,0.22556390977443608,0.19522776572668113,original,SKAB,mapping_distance_fold_4,999,4,3,2,0.9,0.5,avg_negative_log,0.2231,10,2.0,106,36,205,0.05372117400419287
0.30978260869565216,0.16574585635359115,0.22556390977443608,0.1910828025477707,gaussian_noise,SKAB,mapping_distance_fold_4,999,4,3,2,0.9,0.5,avg_negative_log,0.2231,10,2.0,106,36,205,0.05372117400419287
0.5,0.0,0.0,0.0,unseen_data,SKAB,mapping_distance_fold_4,999,4,3,2,0.9,0.5,avg_negative_log,0.2231,10,2.0,106,36,205,0.05372117400419287
0.583554376657825,0.458041958041958,0.9849624060150376,0.6252983293556086,original,SKAB,mapping_distance_fold_5,42,4,3,2,0.9,0.5,avg_negative_log,0.2231,10,2.0,105,36,189,0.05
0.5755968169761273,0.4532871972318339,0.9849624060150376,0.6208530805687204,gaussian_noise,SKAB,mapping_distance_fold_5,42,4,3,2,0.9,0.5,avg_negative_log,0.2231,10,2.0,105,36,189,0.05
0.6956521739130435,0.6818181818181818,1.0,0.8108108108108109,unseen_data,SKAB,mapping_distance_fold_5,42,4,3,2,0.9,0.5,avg_negative_log,0.2231,10,2.0,105,36,189,0.05
0.583554376657825,0.458041958041958,0.9849624060150376,0.6252983293556086,original,SKAB,mapping_distance_fold_5,123,4,3,2,0.9,0.5,avg_negative_log,0.2231,10,2.0,105,36,189,0.05
0.5764809902740937,0.45215311004784686,0.9473684210526315,0.6121457489878542,gaussian_noise,SKAB,mapping_distance_fold_5,123,4,3,2,0.9,0.5,avg_negative_log,0.2231,10,2.0,105,36,189,0.05
0.6956521739130435,0.6818181818181818,1.0,0.8108108108108109,unseen_data,SKAB,mapping_distance_fold_5,123,4,3,2,0.9,0.5,avg_negative_log,0.2231,10,2.0,105,36,189,0.05
0.583554376657825,0.458041958041958,0.9849624060150376,0.6252983293556086,original,SKAB,mapping_distance_fold_5,2026,4,3,2,0.9,0.5,avg_negative_log,0.2231,10,2.0,105,36,189,0.05
0.5906277630415562,0.46252927400468385,0.9899749373433584,0.6304868316041501,gaussian_noise,SKAB,mapping_distance_fold_5,2026,4,3,2,0.9,0.5,avg_negative_log,0.2231,10,2.0,105,36,189,0.05
0.6956521739130435,0.6818181818181818,1.0,0.8108108108108109,unseen_data,SKAB,mapping_distance_fold_5,2026,4,3,2,0.9,0.5,avg_negative_log,0.2231,10,2.0,105,36,189,0.05
0.583554376657825,0.458041958041958,0.9849624060150376,0.6252983293556086,original,SKAB,mapping_distance_fold_5,7,4,3,2,0.9,0.5,avg_negative_log,0.2231,10,2.0,105,36,189,0.05
0.5667550839964633,0.44727694090382386,0.9674185463659147,0.6117274167987322,gaussian_noise,SKAB,mapping_distance_fold_5,7,4,3,2,0.9,0.5,avg_negative_log,0.2231,10,2.0,105,36,189,0.05
0.6956521739130435,0.6818181818181818,1.0,0.8108108108108109,unseen_data,SKAB,mapping_distance_fold_5,7,4,3,2,0.9,0.5,avg_negative_log,0.2231,10,2.0,105,36,189,0.05
0.583554376657825,0.458041958041958,0.9849624060150376,0.6252983293556086,original,SKAB,mapping_distance_fold_5,999,4,3,2,0.9,0.5,avg_negative_log,0.2231,10,2.0,105,36,189,0.05
0.5632183908045977,0.44457409568261375,0.9548872180451128,0.606687898089172,gaussian_noise,SKAB,mapping_distance_fold_5,999,4,3,2,0.9,0.5,avg_negative_log,0.2231,10,2.0,105,36,189,0.05
0.6956521739130435,0.6818181818181818,1.0,0.8108108108108109,unseen_data,SKAB,mapping_distance_fold_5,999,4,3,2,0.9,0.5,avg_negative_log,0.2231,10,2.0,105,36,189,0.05
0.7008014247551202,0.7642276422764228,0.2344139650872818,0.35877862595419846,original,SKAB,mapping_distance_fold_1,42,4,3,2,0.9,0.5,avg_negative_log,0.2231,10,3.0,103,35,190,0.052704576976421634
0.6945681211041852,0.7013888888888888,0.2518703241895262,0.3706422018348624,gaussian_noise,SKAB,mapping_distance_fold_1,42,4,3,2,0.9,0.5,avg_negative_log,0.2231,10,3.0,103,35,190,0.052704576976421634
0.0,0.0,0.0,0.0,unseen_data,SKAB,mapping_distance_fold_1,42,4,3,2,0.9,0.5,avg_negative_log,0.2231,10,3.0,103,35,190,0.052704576976421634
0.7008014247551202,0.7642276422764228,0.2344139650872818,0.35877862595419846,original,SKAB,mapping_distance_fold_1,123,4,3,2,0.9,0.5,avg_negative_log,0.2231,10,3.0,103,35,190,0.052704576976421634
0.6963490650044524,0.7542372881355932,0.22194513715710723,0.34296724470134876,gaussian_noise,SKAB,mapping_distance_fold_1,123,4,3,2,0.9,0.5,avg_negative_log,0.2231,10,3.0,103,35,190,0.052704576976421634
0.0,0.0,0.0,0.0,unseen_data,SKAB,mapping_distance_fold_1,123,4,3,2,0.9,0.5,avg_negative_log,0.2231,10,3.0,103,35,190,0.052704576976421634
0.7008014247551202,0.7642276422764228,0.2344139650872818,0.35877862595419846,original,SKAB,mapping_distance_fold_1,2026,4,3,2,0.9,0.5,avg_negative_log,0.2231,10,3.0,103,35,190,0.052704576976421634
0.6767586821015138,0.6266666666666667,0.2344139650872818,0.3411978221415608,gaussian_noise,SKAB,mapping_distance_fold_1,2026,4,3,2,0.9,0.5,avg_negative_log,0.2231,10,3.0,103,35,190,0.052704576976421634
0.0,0.0,0.0,0.0,unseen_data,SKAB,mapping_distance_fold_1,2026,4,3,2,0.9,0.5,avg_negative_log,0.2231,10,3.0,103,35,190,0.052704576976421634
0.7008014247551202,0.7642276422764228,0.2344139650872818,0.35877862595419846,original,SKAB,mapping_distance_fold_1,7,4,3,2,0.9,0.5,avg_negative_log,0.2231,10,3.0,103,35,190,0.052704576976421634
0.6883348174532502,0.6861313868613139,0.2344139650872818,0.34944237918215615,gaussian_noise,SKAB,mapping_distance_fold_1,7,4,3,2,0.9,0.5,avg_negative_log,0.2231,10,3.0,103,35,190,0.052704576976421634
0.0,0.0,0.0,0.0,unseen_data,SKAB,mapping_distance_fold_1,7,4,3,2,0.9,0.5,avg_negative_log,0.2231,10,3.0,103,35,190,0.052704576976421634
0.7008014247551202,0.7642276422764228,0.2344139650872818,0.35877862595419846,original,SKAB,mapping_distance_fold_1,999,4,3,2,0.9,0.5,avg_negative_log,0.2231,10,3.0,103,35,190,0.052704576976421634
0.697239536954586,0.7563025210084033,0.22443890274314215,0.34615384615384615,gaussian_noise,SKAB,mapping_distance_fold_1,999,4,3,2,0.9,0.5,avg_negative_log,0.2231,10,3.0,103,35,190,0.052704576976421634
0.0,0.0,0.0,0.0,unseen_data,SKAB,mapping_distance_fold_1,999,4,3,2,0.9,0.5,avg_negative_log,0.2231,10,3.0,103,35,190,0.052704576976421634
0.7515638963360143,0.6161048689138576,0.818407960199005,0.7029914529914529,original,SKAB,mapping_distance_fold_2,42,4,3,2,0.9,0.5,avg_negative_log,0.2231,10,3.0,102,34,200,0.05767012687427912
0.7649687220732797,0.6318785578747628,0.8283582089552238,0.7168998923573735,gaussian_noise,SKAB,mapping_distance_fold_2,42,4,3,2,0.9,0.5,avg_negative_log,0.2231,10,3.0,102,34,200,0.05767012687427912
0.0,0.0,0.0,0.0,unseen_data,SKAB,mapping_distance_fold_2,42,4,3,2,0.9,0.5,avg_negative_log,0.2231,10,3.0,102,34,200,0.05767012687427912
0.7515638963360143,0.6161048689138576,0.818407960199005,0.7029914529914529,original,SKAB,mapping_distance_fold_2,123,4,3,2,0.9,0.5,avg_negative_log,0.2231,10,3.0,102,34,200,0.05767012687427912
0.7587131367292225,0.6231343283582089,0.8308457711442786,0.7121535181236673,gaussian_noise,SKAB,mapping_distance_fold_2,123,4,3,2,0.9,0.5,avg_negative_log,0.2231,10,3.0,102,34,200,0.05767012687427912
0.0,0.0,0.0,0.0,unseen_data,SKAB,mapping_distance_fold_2,123,4,3,2,0.9,0.5,avg_negative_log,0.2231,10,3.0,102,34,200,0.05767012687427912
0.7515638963360143,0.6161048689138576,0.818407960199005,0.7029914529914529,original,SKAB,mapping_distance_fold_2,2026,4,3,2,0.9,0.5,avg_negative_log,0.2231,10,3.0,102,34,200,0.05767012687427912
0.7524575513851653,0.6134301270417423,0.8407960199004975,0.7093389296956978,gaussian_noise,SKAB,mapping_distance_fold_2,2026,4,3,2,0.9,0.5,avg_negative_log,0.2231,10,3.0,102,34,200,0.05767012687427912
0.0,0.0,0.0,0.0,unseen_data,SKAB,mapping_distance_fold_2,2026,4,3,2,0.9,0.5,avg_negative_log,0.2231,10,3.0,102,34,200,0.05767012687427912
0.7515638963360143,0.6161048689138576,0.818407960199005,0.7029914529914529,original,SKAB,mapping_distance_fold_2,7,4,3,2,0.9,0.5,avg_negative_log,0.2231,10,3.0,102,34,200,0.05767012687427912
0.7560321715817694,0.618348623853211,0.8383084577114428,0.7117212249208026,gaussian_noise,SKAB,mapping_distance_fold_2,7,4,3,2,0.9,0.5,avg_negative_log,0.2231,10,3.0,102,34,200,0.05767012687427912
0.0,0.0,0.0,0.0,unseen_data,SKAB,mapping_distance_fold_2,7,4,3,2,0.9,0.5,avg_negative_log,0.2231,10,3.0,102,34,200,0.05767012687427912
0.7515638963360143,0.6161048689138576,0.818407960199005,0.7029914529914529,original,SKAB,mapping_distance_fold_2,999,4,3,2,0.9,0.5,avg_negative_log,0.2231,10,3.0,102,34,200,0.05767012687427912
0.7506702412868632,0.6153846153846154,0.8159203980099502,0.7016042780748664,gaussian_noise,SKAB,mapping_distance_fold_2,999,4,3,2,0.9,0.5,avg_negative_log,0.2231,10,3.0,102,34,200,0.05767012687427912
0.0,0.0,0.0,0.0,unseen_data,SKAB,mapping_distance_fold_2,999,4,3,2,0.9,0.5,avg_negative_log,0.2231,10,3.0,102,34,200,0.05767012687427912
0.6067917783735478,0.46371681415929206,0.656641604010025,0.5435684647302904,original,SKAB,mapping_distance_fold_3,42,4,3,2,0.9,0.5,avg_negative_log,0.2231,10,3.0,108,37,206,0.05155155155155155
0.610366398570152,0.4666666666666667,0.6491228070175439,0.5429769392033543,gaussian_noise,SKAB,mapping_distance_fold_3,42,4,3,2,0.9,0.5,avg_negative_log,0.2231,10,3.0,108,37,206,0.05155155155155155
1.0,0.0,0.0,0.0,unseen_data,SKAB,mapping_distance_fold_3,42,4,3,2,0.9,0.5,avg_negative_log,0.2231,10,3.0,108,37,206,0.05155155155155155
0.6067917783735478,0.46371681415929206,0.656641604010025,0.5435684647302904,original,SKAB,mapping_distance_fold_3,123,4,3,2,0.9,0.5,avg_negative_log,0.2231,10,3.0,108,37,206,0.05155155155155155
0.5951742627345844,0.4536082474226804,0.6616541353383458,0.5382262996941896,gaussian_noise,SKAB,mapping_distance_fold_3,123,4,3,2,0.9,0.5,avg_negative_log,0.2231,10,3.0,108,37,206,0.05155155155155155
1.0,0.0,0.0,0.0,unseen_data,SKAB,mapping_distance_fold_3,123,4,3,2,0.9,0.5,avg_negative_log,0.2231,10,3.0,108,37,206,0.05155155155155155
0.6067917783735478,0.46371681415929206,0.656641604010025,0.5435684647302904,original,SKAB,mapping_distance_fold_3,2026,4,3,2,0.9,0.5,avg_negative_log,0.2231,10,3.0,108,37,206,0.05155155155155155
0.6112600536193029,0.4691780821917808,0.6867167919799498,0.5574771108850458,gaussian_noise,SKAB,mapping_distance_fold_3,2026,4,3,2,0.9,0.5,avg_negative_log,0.2231,10,3.0,108,37,206,0.05155155155155155
1.0,0.0,0.0,0.0,unseen_data,SKAB,mapping_distance_fold_3,2026,4,3,2,0.9,0.5,avg_negative_log,0.2231,10,3.0,108,37,206,0.05155155155155155
0.6067917783735478,0.46371681415929206,0.656641604010025,0.5435684647302904,original,SKAB,mapping_distance_fold_3,7,4,3,2,0.9,0.5,avg_negative_log,0.2231,10,3.0,108,37,206,0.05155155155155155
0.6219839142091153,0.47952218430034127,0.7042606516290727,0.5705583756345177,gaussian_noise,SKAB,mapping_distance_fold_3,7,4,3,2,0.9,0.5,avg_negative_log,0.2231,10,3.0,108,37,206,0.05155155155155155
1.0,0.0,0.0,0.0,unseen_data,SKAB,mapping_distance_fold_3,7,4,3,2,0.9,0.5,avg_negative_log,0.2231,10,3.0,108,37,206,0.05155155155155155
0.6067917783735478,0.46371681415929206,0.656641604010025,0.5435684647302904,original,SKAB,mapping_distance_fold_3,999,4,3,2,0.9,0.5,avg_negative_log,0.2231,10,3.0,108,37,206,0.05155155155155155
0.6023235031277927,0.4602076124567474,0.6666666666666666,0.5445240532241555,gaussian_noise,SKAB,mapping_distance_fold_3,999,4,3,2,0.9,0.5,avg_negative_log,0.2231,10,3.0,108,37,206,0.05155155155155155
1.0,0.0,0.0,0.0,unseen_data,SKAB,mapping_distance_fold_3,999,4,3,2,0.9,0.5,avg_negative_log,0.2231,10,3.0,108,37,206,0.05155155155155155
0.3278985507246377,0.17208413001912046,0.22556390977443608,0.19522776572668113,original,SKAB,mapping_distance_fold_4,42,4,3,2,0.9,0.5,avg_negative_log,0.2231,10,3.0,106,36,205,0.05372117400419287
0.3070652173913043,0.1520912547528517,0.20050125313283207,0.17297297297297298,gaussian_noise,SKAB,mapping_distance_fold_4,42,4,3,2,0.9,0.5,avg_negative_log,0.2231,10,3.0,106,36,205,0.05372117400419287
0.5,0.0,0.0,0.0,unseen_data,SKAB,mapping_distance_fold_4,42,4,3,2,0.9,0.5,avg_negative_log,0.2231,10,3.0,106,36,205,0.05372117400419287
0.3278985507246377,0.17208413001912046,0.22556390977443608,0.19522776572668113,original,SKAB,mapping_distance_fold_4,123,4,3,2,0.9,0.5,avg_negative_log,0.2231,10,3.0,106,36,205,0.05372117400419287
0.3088768115942029,0.15134099616858238,0.19799498746867167,0.17155266015200868,gaussian_noise,SKAB,mapping_distance_fold_4,123,4,3,2,0.9,0.5,avg_negative_log,0.2231,10,3.0,106,36,205,0.05372117400419287
0.5,0.0,0.0,0.0,unseen_data,SKAB,mapping_distance_fold_4,123,4,3,2,0.9,0.5,avg_negative_log,0.2231,10,3.0,106,36,205,0.05372117400419287
0.3278985507246377,0.17208413001912046,0.22556390977443608,0.19522776572668113,original,SKAB,mapping_distance_fold_4,2026,4,3,2,0.9,0.5,avg_negative_log,0.2231,10,3.0,106,36,205,0.05372117400419287
0.3052536231884058,0.15151515151515152,0.20050125313283207,0.1725997842502697,gaussian_noise,SKAB,mapping_distance_fold_4,2026,4,3,2,0.9,0.5,avg_negative_log,0.2231,10,3.0,106,36,205,0.05372117400419287
0.5,0.0,0.0,0.0,unseen_data,SKAB,mapping_distance_fold_4,2026,4,3,2,0.9,0.5,avg_negative_log,0.2231,10,3.0,106,36,205,0.05372117400419287
0.3278985507246377,0.17208413001912046,0.22556390977443608,0.19522776572668113,original,SKAB,mapping_distance_fold_4,7,4,3,2,0.9,0.5,avg_negative_log,0.2231,10,3.0,106,36,205,0.05372117400419287
0.3351449275362319,0.17348927875243664,0.22305764411027568,0.19517543859649122,gaussian_noise,SKAB,mapping_distance_fold_4,7,4,3,2,0.9,0.5,avg_negative_log,0.2231,10,3.0,106,36,205,0.05372117400419287
0.5,0.0,0.0,0.0,unseen_data,SKAB,mapping_distance_fold_4,7,4,3,2,0.9,0.5,avg_negative_log,0.2231,10,3.0,106,36,205,0.05372117400419287
0.3278985507246377,0.17208413001912046,0.22556390977443608,0.19522776572668113,original,SKAB,mapping_distance_fold_4,999,4,3,2,0.9,0.5,avg_negative_log,0.2231,10,3.0,106,36,205,0.05372117400419287
0.30978260869565216,0.16574585635359115,0.22556390977443608,0.1910828025477707,gaussian_noise,SKAB,mapping_distance_fold_4,999,4,3,2,0.9,0.5,avg_negative_log,0.2231,10,3.0,106,36,205,0.05372117400419287
0.5,0.0,0.0,0.0,unseen_data,SKAB,mapping_distance_fold_4,999,4,3,2,0.9,0.5,avg_negative_log,0.2231,10,3.0,106,36,205,0.05372117400419287
0.583554376657825,0.458041958041958,0.9849624060150376,0.6252983293556086,original,SKAB,mapping_distance_fold_5,42,4,3,2,0.9,0.5,avg_negative_log,0.2231,10,3.0,105,36,189,0.05
0.5755968169761273,0.4532871972318339,0.9849624060150376,0.6208530805687204,gaussian_noise,SKAB,mapping_distance_fold_5,42,4,3,2,0.9,0.5,avg_negative_log,0.2231,10,3.0,105,36,189,0.05
0.6956521739130435,0.6818181818181818,1.0,0.8108108108108109,unseen_data,SKAB,mapping_distance_fold_5,42,4,3,2,0.9,0.5,avg_negative_log,0.2231,10,3.0,105,36,189,0.05
0.583554376657825,0.458041958041958,0.9849624060150376,0.6252983293556086,original,SKAB,mapping_distance_fold_5,123,4,3,2,0.9,0.5,avg_negative_log,0.2231,10,3.0,105,36,189,0.05
0.5764809902740937,0.45215311004784686,0.9473684210526315,0.6121457489878542,gaussian_noise,SKAB,mapping_distance_fold_5,123,4,3,2,0.9,0.5,avg_negative_log,0.2231,10,3.0,105,36,189,0.05
0.6956521739130435,0.6818181818181818,1.0,0.8108108108108109,unseen_data,SKAB,mapping_distance_fold_5,123,4,3,2,0.9,0.5,avg_negative_log,0.2231,10,3.0,105,36,189,0.05
0.583554376657825,0.458041958041958,0.9849624060150376,0.6252983293556086,original,SKAB,mapping_distance_fold_5,2026,4,3,2,0.9,0.5,avg_negative_log,0.2231,10,3.0,105,36,189,0.05
0.5906277630415562,0.46252927400468385,0.9899749373433584,0.6304868316041501,gaussian_noise,SKAB,mapping_distance_fold_5,2026,4,3,2,0.9,0.5,avg_negative_log,0.2231,10,3.0,105,36,189,0.05
0.6956521739130435,0.6818181818181818,1.0,0.8108108108108109,unseen_data,SKAB,mapping_distance_fold_5,2026,4,3,2,0.9,0.5,avg_negative_log,0.2231,10,3.0,105,36,189,0.05
0.583554376657825,0.458041958041958,0.9849624060150376,0.6252983293556086,original,SKAB,mapping_distance_fold_5,7,4,3,2,0.9,0.5,avg_negative_log,0.2231,10,3.0,105,36,189,0.05
0.5667550839964633,0.44727694090382386,0.9674185463659147,0.6117274167987322,gaussian_noise,SKAB,mapping_distance_fold_5,7,4,3,2,0.9,0.5,avg_negative_log,0.2231,10,3.0,105,36,189,0.05
0.6956521739130435,0.6818181818181818,1.0,0.8108108108108109,unseen_data,SKAB,mapping_distance_fold_5,7,4,3,2,0.9,0.5,avg_negative_log,0.2231,10,3.0,105,36,189,0.05
0.583554376657825,0.458041958041958,0.9849624060150376,0.6252983293556086,original,SKAB,mapping_distance_fold_5,999,4,3,2,0.9,0.5,avg_negative_log,0.2231,10,3.0,105,36,189,0.05
0.5632183908045977,0.44457409568261375,0.9548872180451128,0.606687898089172,gaussian_noise,SKAB,mapping_distance_fold_5,999,4,3,2,0.9,0.5,avg_negative_log,0.2231,10,3.0,105,36,189,0.05
0.6956521739130435,0.6818181818181818,1.0,0.8108108108108109,unseen_data,SKAB,mapping_distance_fold_5,999,4,3,2,0.9,0.5,avg_negative_log,0.2231,10,3.0,105,36,189,0.05
