scenario,accuracy_mean,accuracy_std,precision_mean,precision_std,recall_mean,recall_std,f1_score_mean,f1_score_std
gaussian_noise,0.3755701497316939,0.12278507022773066,0.27034256450514127,0.07802940294901871,0.7805513784461152,0.21708644726732898,0.4012346769680899,0.1141630246620536
original,0.375067171571535,0.12309643593627724,0.269654277821289,0.07820089539592096,0.7769423558897244,0.2161911405755151,0.4000338366485872,0.11432503091330745
unseen_data,0.08571428571428572,0.17496355305594127,0.08571428571428572,0.17496355305594127,0.2,0.408248290463863,0.12,0.2449489742783178
