scenario,accuracy_mean,accuracy_std,precision_mean,precision_std,recall_mean,recall_std,f1_score_mean,f1_score_std
gaussian_noise,0.5707317073170731,0.004878048780487809,0.06452209722180777,0.000693810056866413,0.8571428571428571,0.0,0.12000960096009601,0.0012001320131413197
original,0.5756097560975609,0.0,0.06521739130434782,0.0,0.8571428571428571,0.0,0.12121212121212122,0.0
unseen_data,0.125,0.0,0.045454545454545456,0.0,1.0,0.0,0.08695652173913043,0.0
