accuracy,precision,recall,f1_score
0.551219512195122,0.5,0.275609756097561,0.3553459119496855
