scenario,accuracy_mean,accuracy_std,precision_mean,precision_std,recall_mean,recall_std,f1_score_mean,f1_score_std
gaussian_noise,0.9482926829268292,0.00267181735368374,0.18,0.018257418583505547,0.14285714285714285,0.0,0.158974358974359,0.007022084070579045
original,0.9512195121951219,0.0,0.2,0.0,0.14285714285714285,0.0,0.16666666666666666,0.0
unseen_data,0.9375,0.0,0.0,0.0,0.0,0.0,0.0,0.0
