scenario,accuracy_mean,accuracy_std,precision_mean,precision_std,recall_mean,recall_std,f1_score_mean,f1_score_std
gaussian_noise,0.5219777904238846,0.17290280838847596,0.40859465604253997,0.14427156001721328,0.806885123255901,0.2948155415021263,0.5400248928722716,0.1904386028826163
original,0.5261426877648615,0.1685082355323648,0.4103894697130394,0.14259368184884422,0.8056035611416601,0.2924672290049034,0.5414225705313253,0.1886003166275584
unseen_data,0.2470111448834853,0.26648072546759366,0.23229235880398671,0.24402839548180116,0.58,0.4847679857416329,0.3142857142857143,0.3087788654605461
