scenario,accuracy_mean,accuracy_std,precision_mean,precision_std,recall_mean,recall_std,f1_score_mean,f1_score_std
gaussian_noise,0.6234146341463415,0.0063601974684904,0.05116221331411205,0.0008485791311903211,0.5714285714285714,0.0,0.09391422326749464,0.0014302852307302334
original,0.624390243902439,0.0,0.05128205128205128,0.0,0.5714285714285714,0.0,0.09411764705882353,0.0
unseen_data,0.3125,0.0,0.08333333333333333,0.0,1.0,0.0,0.15384615384615385,0.0
