scenario,accuracy_mean,accuracy_std,precision_mean,precision_std,recall_mean,recall_std,f1_score_mean,f1_score_std
gaussian_noise,0.5748684087017701,0.09260726319192311,0.4098099925986308,0.1372712015082266,0.43639266775268093,0.15909325465633348,0.4186897590755465,0.13902220755940978
original,0.5758405233548654,0.09291002842519838,0.4082851000038341,0.14094671632637823,0.43237189075715304,0.16103553755645503,0.4166690786813481,0.14386639338700022
unseen_data,0.2512664640324215,0.26957384314250815,0.23357142857142857,0.24505743461177298,0.57,0.4782781617427248,0.3133333333333333,0.30795772918204695
