scenario,order,anomaly_threshold,accuracy_mean,accuracy_std,precision_mean,precision_std,recall_mean,recall_std,f1_score_mean,f1_score_std
gaussian_noise,2,0.9,0.5315615313154243,0.18372510591528168,0.3749684339330491,0.19260574210909295,0.5384142643428835,0.3211345781626811,0.4367751049605286,0.23645805361996716
original,2,0.9,0.5327681535120776,0.1821614903923799,0.37639190055189437,0.19050171952744288,0.5361284440863576,0.31651091334844755,0.43699853761780444,0.23334129491706324
unseen_data,2,0.9,0.43913043478260866,0.40045657622168407,0.13636363636363635,0.27835110713445205,0.2,0.408248290463863,0.16216216216216217,0.3310121274031322
