scenario,accuracy_mean,accuracy_std,precision_mean,precision_std,recall_mean,recall_std,f1_score_mean,f1_score_std
gaussian_noise,0.3375609756097561,0.008015452061051202,0.0373521311804329,0.003104489077022701,0.7428571428571429,0.06388765649999395,0.07112747863979392,0.005919248216902447
original,0.33658536585365856,0.0,0.03597122302158273,0.0,0.7142857142857143,0.0,0.0684931506849315,0.0
unseen_data,0.16129032258064516,0.0,0.037037037037037035,0.0,1.0,0.0,0.07142857142857142,0.0
