accuracy,precision,recall,f1_score,scenario,dataset,fold,seed,window_size,alphabet_size,order,anomaly_threshold,smoothing_alpha,dirichlet_smoothing_enabled,dirichlet_alpha,dirichlet_prior_mode,decision_mode,score_threshold,auto_score_percentile,score_window,max_mapping_distance,num_states,vocab_size,num_transitions,transition_density
0.4292682926829268,0.041666666666666664,0.7142857142857143,0.07874015748031496,original,BATADAL,dirichlet_smoothing_sweep,42,4,3,3,0.05,0.1,True,0.01,uniform,avg_negative_log,3.912,,5,,366,65,553,0.023245060949978982
0.43902439024390244,0.0423728813559322,0.7142857142857143,0.08,gaussian_noise,BATADAL,dirichlet_smoothing_sweep,42,4,3,3,0.05,0.1,True,0.01,uniform,avg_negative_log,3.912,,5,,366,65,553,0.023245060949978982
0.25,0.07692307692307693,1.0,0.14285714285714285,unseen_data,BATADAL,dirichlet_smoothing_sweep,42,4,3,3,0.05,0.1,True,0.01,uniform,avg_negative_log,3.912,,5,,366,65,553,0.023245060949978982
0.4292682926829268,0.041666666666666664,0.7142857142857143,0.07874015748031496,original,BATADAL,dirichlet_smoothing_sweep,123,4,3,3,0.05,0.1,True,0.01,uniform,avg_negative_log,3.912,,5,,366,65,553,0.023245060949978982
0.4195121951219512,0.040983606557377046,0.7142857142857143,0.07751937984496124,gaussian_noise,BATADAL,dirichlet_smoothing_sweep,123,4,3,3,0.05,0.1,True,0.01,uniform,avg_negative_log,3.912,,5,,366,65,553,0.023245060949978982
0.25,0.07692307692307693,1.0,0.14285714285714285,unseen_data,BATADAL,dirichlet_smoothing_sweep,123,4,3,3,0.05,0.1,True,0.01,uniform,avg_negative_log,3.912,,5,,366,65,553,0.023245060949978982
0.4292682926829268,0.041666666666666664,0.7142857142857143,0.07874015748031496,original,BATADAL,dirichlet_smoothing_sweep,2026,4,3,3,0.05,0.1,True,0.01,uniform,avg_negative_log,3.912,,5,,366,65,553,0.023245060949978982
0.4097560975609756,0.04032258064516129,0.7142857142857143,0.07633587786259542,gaussian_noise,BATADAL,dirichlet_smoothing_sweep,2026,4,3,3,0.05,0.1,True,0.01,uniform,avg_negative_log,3.912,,5,,366,65,553,0.023245060949978982
0.25,0.07692307692307693,1.0,0.14285714285714285,unseen_data,BATADAL,dirichlet_smoothing_sweep,2026,4,3,3,0.05,0.1,True,0.01,uniform,avg_negative_log,3.912,,5,,366,65,553,0.023245060949978982
0.4292682926829268,0.041666666666666664,0.7142857142857143,0.07874015748031496,original,BATADAL,dirichlet_smoothing_sweep,7,4,3,3,0.05,0.1,True,0.01,uniform,avg_negative_log,3.912,,5,,366,65,553,0.023245060949978982
0.4195121951219512,0.040983606557377046,0.7142857142857143,0.07751937984496124,gaussian_noise,BATADAL,dirichlet_smoothing_sweep,7,4,3,3,0.05,0.1,True,0.01,uniform,avg_negative_log,3.912,,5,,366,65,553,0.023245060949978982
0.25,0.07692307692307693,1.0,0.14285714285714285,unseen_data,BATADAL,dirichlet_smoothing_sweep,7,4,3,3,0.05,0.1,True,0.01,uniform,avg_negative_log,3.912,,5,,366,65,553,0.023245060949978982
0.4292682926829268,0.041666666666666664,0.7142857142857143,0.07874015748031496,original,BATADAL,dirichlet_smoothing_sweep,999,4,3,3,0.05,0.1,True,0.01,uniform,avg_negative_log,3.912,,5,,366,65,553,0.023245060949978982
0.43902439024390244,0.0423728813559322,0.7142857142857143,0.08,gaussian_noise,BATADAL,dirichlet_smoothing_sweep,999,4,3,3,0.05,0.1,True,0.01,uniform,avg_negative_log,3.912,,5,,366,65,553,0.023245060949978982
0.25,0.07692307692307693,1.0,0.14285714285714285,unseen_data,BATADAL,dirichlet_smoothing_sweep,999,4,3,3,0.05,0.1,True,0.01,uniform,avg_negative_log,3.912,,5,,366,65,553,0.023245060949978982
0.6439024390243903,0.06578947368421052,0.7142857142857143,0.12048192771084337,original,BATADAL,dirichlet_smoothing_sweep,42,4,3,3,0.05,0.1,True,0.05,uniform,avg_negative_log,3.912,,5,,366,65,553,0.023245060949978982
0.6585365853658537,0.0684931506849315,0.7142857142857143,0.125,gaussian_noise,BATADAL,dirichlet_smoothing_sweep,42,4,3,3,0.05,0.1,True,0.05,uniform,avg_negative_log,3.912,,5,,366,65,553,0.023245060949978982
0.25,0.07692307692307693,1.0,0.14285714285714285,unseen_data,BATADAL,dirichlet_smoothing_sweep,42,4,3,3,0.05,0.1,True,0.05,uniform,avg_negative_log,3.912,,5,,366,65,553,0.023245060949978982
0.6439024390243903,0.06578947368421052,0.7142857142857143,0.12048192771084337,original,BATADAL,dirichlet_smoothing_sweep,123,4,3,3,0.05,0.1,True,0.05,uniform,avg_negative_log,3.912,,5,,366,65,553,0.023245060949978982
0.6292682926829268,0.04,0.42857142857142855,0.07317073170731707,gaussian_noise,BATADAL,dirichlet_smoothing_sweep,123,4,3,3,0.05,0.1,True,0.05,uniform,avg_negative_log,3.912,,5,,366,65,553,0.023245060949978982
0.25,0.07692307692307693,1.0,0.14285714285714285,unseen_data,BATADAL,dirichlet_smoothing_sweep,123,4,3,3,0.05,0.1,True,0.05,uniform,avg_negative_log,3.912,,5,,366,65,553,0.023245060949978982
0.6439024390243903,0.06578947368421052,0.7142857142857143,0.12048192771084337,original,BATADAL,dirichlet_smoothing_sweep,2026,4,3,3,0.05,0.1,True,0.05,uniform,avg_negative_log,3.912,,5,,366,65,553,0.023245060949978982
0.6292682926829268,0.06329113924050633,0.7142857142857143,0.11627906976744186,gaussian_noise,BATADAL,dirichlet_smoothing_sweep,2026,4,3,3,0.05,0.1,True,0.05,uniform,avg_negative_log,3.912,,5,,366,65,553,0.023245060949978982
0.25,0.07692307692307693,1.0,0.14285714285714285,unseen_data,BATADAL,dirichlet_smoothing_sweep,2026,4,3,3,0.05,0.1,True,0.05,uniform,avg_negative_log,3.912,,5,,366,65,553,0.023245060949978982
0.6439024390243903,0.06578947368421052,0.7142857142857143,0.12048192771084337,original,BATADAL,dirichlet_smoothing_sweep,7,4,3,3,0.05,0.1,True,0.05,uniform,avg_negative_log,3.912,,5,,366,65,553,0.023245060949978982
0.6487804878048781,0.06666666666666667,0.7142857142857143,0.12195121951219512,gaussian_noise,BATADAL,dirichlet_smoothing_sweep,7,4,3,3,0.05,0.1,True,0.05,uniform,avg_negative_log,3.912,,5,,366,65,553,0.023245060949978982
0.25,0.07692307692307693,1.0,0.14285714285714285,unseen_data,BATADAL,dirichlet_smoothing_sweep,7,4,3,3,0.05,0.1,True,0.05,uniform,avg_negative_log,3.912,,5,,366,65,553,0.023245060949978982
0.6439024390243903,0.06578947368421052,0.7142857142857143,0.12048192771084337,original,BATADAL,dirichlet_smoothing_sweep,999,4,3,3,0.05,0.1,True,0.05,uniform,avg_negative_log,3.912,,5,,366,65,553,0.023245060949978982
0.6439024390243903,0.06578947368421052,0.7142857142857143,0.12048192771084337,gaussian_noise,BATADAL,dirichlet_smoothing_sweep,999,4,3,3,0.05,0.1,True,0.05,uniform,avg_negative_log,3.912,,5,,366,65,553,0.023245060949978982
0.25,0.07692307692307693,1.0,0.14285714285714285,unseen_data,BATADAL,dirichlet_smoothing_sweep,999,4,3,3,0.05,0.1,True,0.05,uniform,avg_negative_log,3.912,,5,,366,65,553,0.023245060949978982
0.6682926829268293,0.07042253521126761,0.7142857142857143,0.1282051282051282,original,BATADAL,dirichlet_smoothing_sweep,42,4,3,3,0.05,0.1,True,0.1,uniform,avg_negative_log,3.912,,5,,366,65,553,0.023245060949978982
0.6829268292682927,0.07352941176470588,0.7142857142857143,0.13333333333333333,gaussian_noise,BATADAL,dirichlet_smoothing_sweep,42,4,3,3,0.05,0.1,True,0.1,uniform,avg_negative_log,3.912,,5,,366,65,553,0.023245060949978982
0.25,0.07692307692307693,1.0,0.14285714285714285,unseen_data,BATADAL,dirichlet_smoothing_sweep,42,4,3,3,0.05,0.1,True,0.1,uniform,avg_negative_log,3.912,,5,,366,65,553,0.023245060949978982
0.6682926829268293,0.07042253521126761,0.7142857142857143,0.1282051282051282,original,BATADAL,dirichlet_smoothing_sweep,123,4,3,3,0.05,0.1,True,0.1,uniform,avg_negative_log,3.912,,5,,366,65,553,0.023245060949978982
0.6536585365853659,0.04285714285714286,0.42857142857142855,0.07792207792207792,gaussian_noise,BATADAL,dirichlet_smoothing_sweep,123,4,3,3,0.05,0.1,True,0.1,uniform,avg_negative_log,3.912,,5,,366,65,553,0.023245060949978982
0.25,0.07692307692307693,1.0,0.14285714285714285,unseen_data,BATADAL,dirichlet_smoothing_sweep,123,4,3,3,0.05,0.1,True,0.1,uniform,avg_negative_log,3.912,,5,,366,65,553,0.023245060949978982
0.6682926829268293,0.07042253521126761,0.7142857142857143,0.1282051282051282,original,BATADAL,dirichlet_smoothing_sweep,2026,4,3,3,0.05,0.1,True,0.1,uniform,avg_negative_log,3.912,,5,,366,65,553,0.023245060949978982
0.6634146341463415,0.06944444444444445,0.7142857142857143,0.12658227848101267,gaussian_noise,BATADAL,dirichlet_smoothing_sweep,2026,4,3,3,0.05,0.1,True,0.1,uniform,avg_negative_log,3.912,,5,,366,65,553,0.023245060949978982
0.25,0.07692307692307693,1.0,0.14285714285714285,unseen_data,BATADAL,dirichlet_smoothing_sweep,2026,4,3,3,0.05,0.1,True,0.1,uniform,avg_negative_log,3.912,,5,,366,65,553,0.023245060949978982
0.6682926829268293,0.07042253521126761,0.7142857142857143,0.1282051282051282,original,BATADAL,dirichlet_smoothing_sweep,7,4,3,3,0.05,0.1,True,0.1,uniform,avg_negative_log,3.912,,5,,366,65,553,0.023245060949978982
0.6731707317073171,0.07142857142857142,0.7142857142857143,0.12987012987012986,gaussian_noise,BATADAL,dirichlet_smoothing_sweep,7,4,3,3,0.05,0.1,True,0.1,uniform,avg_negative_log,3.912,,5,,366,65,553,0.023245060949978982
0.25,0.07692307692307693,1.0,0.14285714285714285,unseen_data,BATADAL,dirichlet_smoothing_sweep,7,4,3,3,0.05,0.1,True,0.1,uniform,avg_negative_log,3.912,,5,,366,65,553,0.023245060949978982
0.6682926829268293,0.07042253521126761,0.7142857142857143,0.1282051282051282,original,BATADAL,dirichlet_smoothing_sweep,999,4,3,3,0.05,0.1,True,0.1,uniform,avg_negative_log,3.912,,5,,366,65,553,0.023245060949978982
0.6731707317073171,0.07142857142857142,0.7142857142857143,0.12987012987012986,gaussian_noise,BATADAL,dirichlet_smoothing_sweep,999,4,3,3,0.05,0.1,True,0.1,uniform,avg_negative_log,3.912,,5,,366,65,553,0.023245060949978982
0.25,0.07692307692307693,1.0,0.14285714285714285,unseen_data,BATADAL,dirichlet_smoothing_sweep,999,4,3,3,0.05,0.1,True,0.1,uniform,avg_negative_log,3.912,,5,,366,65,553,0.023245060949978982
0.8439024390243902,0.12121212121212122,0.5714285714285714,0.2,original,BATADAL,dirichlet_smoothing_sweep,42,4,3,3,0.05,0.1,True,0.5,uniform,avg_negative_log,3.912,,5,,366,65,553,0.023245060949978982
0.8341463414634146,0.11428571428571428,0.5714285714285714,0.19047619047619047,gaussian_noise,BATADAL,dirichlet_smoothing_sweep,42,4,3,3,0.05,0.1,True,0.5,uniform,avg_negative_log,3.912,,5,,366,65,553,0.023245060949978982
0.4375,0.1,1.0,0.18181818181818182,unseen_data,BATADAL,dirichlet_smoothing_sweep,42,4,3,3,0.05,0.1,True,0.5,uniform,avg_negative_log,3.912,,5,,366,65,553,0.023245060949978982
0.8439024390243902,0.12121212121212122,0.5714285714285714,0.2,original,BATADAL,dirichlet_smoothing_sweep,123,4,3,3,0.05,0.1,True,0.5,uniform,avg_negative_log,3.912,,5,,366,65,553,0.023245060949978982
0.8292682926829268,0.0625,0.2857142857142857,0.10256410256410256,gaussian_noise,BATADAL,dirichlet_smoothing_sweep,123,4,3,3,0.05,0.1,True,0.5,uniform,avg_negative_log,3.912,,5,,366,65,553,0.023245060949978982
0.4375,0.1,1.0,0.18181818181818182,unseen_data,BATADAL,dirichlet_smoothing_sweep,123,4,3,3,0.05,0.1,True,0.5,uniform,avg_negative_log,3.912,,5,,366,65,553,0.023245060949978982
0.8439024390243902,0.12121212121212122,0.5714285714285714,0.2,original,BATADAL,dirichlet_smoothing_sweep,2026,4,3,3,0.05,0.1,True,0.5,uniform,avg_negative_log,3.912,,5,,366,65,553,0.023245060949978982
0.8292682926829268,0.1111111111111111,0.5714285714285714,0.18604651162790697,gaussian_noise,BATADAL,dirichlet_smoothing_sweep,2026,4,3,3,0.05,0.1,True,0.5,uniform,avg_negative_log,3.912,,5,,366,65,553,0.023245060949978982
0.4375,0.1,1.0,0.18181818181818182,unseen_data,BATADAL,dirichlet_smoothing_sweep,2026,4,3,3,0.05,0.1,True,0.5,uniform,avg_negative_log,3.912,,5,,366,65,553,0.023245060949978982
0.8439024390243902,0.12121212121212122,0.5714285714285714,0.2,original,BATADAL,dirichlet_smoothing_sweep,7,4,3,3,0.05,0.1,True,0.5,uniform,avg_negative_log,3.912,,5,,366,65,553,0.023245060949978982
0.8439024390243902,0.12121212121212122,0.5714285714285714,0.2,gaussian_noise,BATADAL,dirichlet_smoothing_sweep,7,4,3,3,0.05,0.1,True,0.5,uniform,avg_negative_log,3.912,,5,,366,65,553,0.023245060949978982
0.4375,0.1,1.0,0.18181818181818182,unseen_data,BATADAL,dirichlet_smoothing_sweep,7,4,3,3,0.05,0.1,True,0.5,uniform,avg_negative_log,3.912,,5,,366,65,553,0.023245060949978982
0.8439024390243902,0.12121212121212122,0.5714285714285714,0.2,original,BATADAL,dirichlet_smoothing_sweep,999,4,3,3,0.05,0.1,True,0.5,uniform,avg_negative_log,3.912,,5,,366,65,553,0.023245060949978982
0.8195121951219512,0.10526315789473684,0.5714285714285714,0.17777777777777778,gaussian_noise,BATADAL,dirichlet_smoothing_sweep,999,4,3,3,0.05,0.1,True,0.5,uniform,avg_negative_log,3.912,,5,,366,65,553,0.023245060949978982
0.4375,0.1,1.0,0.18181818181818182,unseen_data,BATADAL,dirichlet_smoothing_sweep,999,4,3,3,0.05,0.1,True,0.5,uniform,avg_negative_log,3.912,,5,,366,65,553,0.023245060949978982
0.9073170731707317,0.2,0.5714285714285714,0.2962962962962963,original,BATADAL,dirichlet_smoothing_sweep,42,4,3,3,0.05,0.1,True,1.0,uniform,avg_negative_log,3.912,,5,,366,65,553,0.023245060949978982
0.8975609756097561,0.18181818181818182,0.5714285714285714,0.27586206896551724,gaussian_noise,BATADAL,dirichlet_smoothing_sweep,42,4,3,3,0.05,0.1,True,1.0,uniform,avg_negative_log,3.912,,5,,366,65,553,0.023245060949978982
0.5,0.1111111111111111,1.0,0.2,unseen_data,BATADAL,dirichlet_smoothing_sweep,42,4,3,3,0.05,0.1,True,1.0,uniform,avg_negative_log,3.912,,5,,366,65,553,0.023245060949978982
0.9073170731707317,0.2,0.5714285714285714,0.2962962962962963,original,BATADAL,dirichlet_smoothing_sweep,123,4,3,3,0.05,0.1,True,1.0,uniform,avg_negative_log,3.912,,5,,366,65,553,0.023245060949978982
0.8878048780487805,0.1,0.2857142857142857,0.14814814814814814,gaussian_noise,BATADAL,dirichlet_smoothing_sweep,123,4,3,3,0.05,0.1,True,1.0,uniform,avg_negative_log,3.912,,5,,366,65,553,0.023245060949978982
0.5,0.1111111111111111,1.0,0.2,unseen_data,BATADAL,dirichlet_smoothing_sweep,123,4,3,3,0.05,0.1,True,1.0,uniform,avg_negative_log,3.912,,5,,366,65,553,0.023245060949978982
0.9073170731707317,0.2,0.5714285714285714,0.2962962962962963,original,BATADAL,dirichlet_smoothing_sweep,2026,4,3,3,0.05,0.1,True,1.0,uniform,avg_negative_log,3.912,,5,,366,65,553,0.023245060949978982
0.8975609756097561,0.18181818181818182,0.5714285714285714,0.27586206896551724,gaussian_noise,BATADAL,dirichlet_smoothing_sweep,2026,4,3,3,0.05,0.1,True,1.0,uniform,avg_negative_log,3.912,,5,,366,65,553,0.023245060949978982
0.5,0.1111111111111111,1.0,0.2,unseen_data,BATADAL,dirichlet_smoothing_sweep,2026,4,3,3,0.05,0.1,True,1.0,uniform,avg_negative_log,3.912,,5,,366,65,553,0.023245060949978982
0.9073170731707317,0.2,0.5714285714285714,0.2962962962962963,original,BATADAL,dirichlet_smoothing_sweep,7,4,3,3,0.05,0.1,True,1.0,uniform,avg_negative_log,3.912,,5,,366,65,553,0.023245060949978982
0.9073170731707317,0.2,0.5714285714285714,0.2962962962962963,gaussian_noise,BATADAL,dirichlet_smoothing_sweep,7,4,3,3,0.05,0.1,True,1.0,uniform,avg_negative_log,3.912,,5,,366,65,553,0.023245060949978982
0.5,0.1111111111111111,1.0,0.2,unseen_data,BATADAL,dirichlet_smoothing_sweep,7,4,3,3,0.05,0.1,True,1.0,uniform,avg_negative_log,3.912,,5,,366,65,553,0.023245060949978982
0.9073170731707317,0.2,0.5714285714285714,0.2962962962962963,original,BATADAL,dirichlet_smoothing_sweep,999,4,3,3,0.05,0.1,True,1.0,uniform,avg_negative_log,3.912,,5,,366,65,553,0.023245060949978982
0.8878048780487805,0.16666666666666666,0.5714285714285714,0.25806451612903225,gaussian_noise,BATADAL,dirichlet_smoothing_sweep,999,4,3,3,0.05,0.1,True,1.0,uniform,avg_negative_log,3.912,,5,,366,65,553,0.023245060949978982
0.5,0.1111111111111111,1.0,0.2,unseen_data,BATADAL,dirichlet_smoothing_sweep,999,4,3,3,0.05,0.1,True,1.0,uniform,avg_negative_log,3.912,,5,,366,65,553,0.023245060949978982
0.9365853658536586,0.2857142857142857,0.5714285714285714,0.38095238095238093,original,BATADAL,dirichlet_smoothing_sweep,42,4,3,3,0.05,0.1,True,2.0,uniform,avg_negative_log,3.912,,5,,366,65,553,0.023245060949978982
0.926829268292683,0.25,0.5714285714285714,0.34782608695652173,gaussian_noise,BATADAL,dirichlet_smoothing_sweep,42,4,3,3,0.05,0.1,True,2.0,uniform,avg_negative_log,3.912,,5,,366,65,553,0.023245060949978982
0.5625,0.125,1.0,0.2222222222222222,unseen_data,BATADAL,dirichlet_smoothing_sweep,42,4,3,3,0.05,0.1,True,2.0,uniform,avg_negative_log,3.912,,5,,366,65,553,0.023245060949978982
0.9365853658536586,0.2857142857142857,0.5714285714285714,0.38095238095238093,original,BATADAL,dirichlet_smoothing_sweep,123,4,3,3,0.05,0.1,True,2.0,uniform,avg_negative_log,3.912,,5,,366,65,553,0.023245060949978982
0.9170731707317074,0.14285714285714285,0.2857142857142857,0.19047619047619047,gaussian_noise,BATADAL,dirichlet_smoothing_sweep,123,4,3,3,0.05,0.1,True,2.0,uniform,avg_negative_log,3.912,,5,,366,65,553,0.023245060949978982
0.5625,0.125,1.0,0.2222222222222222,unseen_data,BATADAL,dirichlet_smoothing_sweep,123,4,3,3,0.05,0.1,True,2.0,uniform,avg_negative_log,3.912,,5,,366,65,553,0.023245060949978982
0.9365853658536586,0.2857142857142857,0.5714285714285714,0.38095238095238093,original,BATADAL,dirichlet_smoothing_sweep,2026,4,3,3,0.05,0.1,True,2.0,uniform,avg_negative_log,3.912,,5,,366,65,553,0.023245060949978982
0.926829268292683,0.25,0.5714285714285714,0.34782608695652173,gaussian_noise,BATADAL,dirichlet_smoothing_sweep,2026,4,3,3,0.05,0.1,True,2.0,uniform,avg_negative_log,3.912,,5,,366,65,553,0.023245060949978982
0.5625,0.125,1.0,0.2222222222222222,unseen_data,BATADAL,dirichlet_smoothing_sweep,2026,4,3,3,0.05,0.1,True,2.0,uniform,avg_negative_log,3.912,,5,,366,65,553,0.023245060949978982
0.9365853658536586,0.2857142857142857,0.5714285714285714,0.38095238095238093,original,BATADAL,dirichlet_smoothing_sweep,7,4,3,3,0.05,0.1,True,2.0,uniform,avg_negative_log,3.912,,5,,366,65,553,0.023245060949978982
0.9365853658536586,0.2857142857142857,0.5714285714285714,0.38095238095238093,gaussian_noise,BATADAL,dirichlet_smoothing_sweep,7,4,3,3,0.05,0.1,True,2.0,uniform,avg_negative_log,3.912,,5,,366,65,553,0.023245060949978982
0.5625,0.125,1.0,0.2222222222222222,unseen_data,BATADAL,dirichlet_smoothing_sweep,7,4,3,3,0.05,0.1,True,2.0,uniform,avg_negative_log,3.912,,5,,366,65,553,0.023245060949978982
0.9365853658536586,0.2857142857142857,0.5714285714285714,0.38095238095238093,original,BATADAL,dirichlet_smoothing_sweep,999,4,3,3,0.05,0.1,True,2.0,uniform,avg_negative_log,3.912,,5,,366,65,553,0.023245060949978982
0.9170731707317074,0.2222222222222222,0.5714285714285714,0.32,gaussian_noise,BATADAL,dirichlet_smoothing_sweep,999,4,3,3,0.05,0.1,True,2.0,uniform,avg_negative_log,3.912,,5,,366,65,553,0.023245060949978982
0.5625,0.125,1.0,0.2222222222222222,unseen_data,BATADAL,dirichlet_smoothing_sweep,999,4,3,3,0.05,0.1,True,2.0,uniform,avg_negative_log,3.912,,5,,366,65,553,0.023245060949978982
0.9414634146341463,0.3076923076923077,0.5714285714285714,0.4,original,BATADAL,dirichlet_smoothing_sweep,42,4,3,3,0.05,0.1,True,5.0,uniform,avg_negative_log,3.912,,5,,366,65,553,0.023245060949978982
0.9365853658536586,0.2857142857142857,0.5714285714285714,0.38095238095238093,gaussian_noise,BATADAL,dirichlet_smoothing_sweep,42,4,3,3,0.05,0.1,True,5.0,uniform,avg_negative_log,3.912,,5,,366,65,553,0.023245060949978982
0.625,0.14285714285714285,1.0,0.25,unseen_data,BATADAL,dirichlet_smoothing_sweep,42,4,3,3,0.05,0.1,True,5.0,uniform,avg_negative_log,3.912,,5,,366,65,553,0.023245060949978982
0.9414634146341463,0.3076923076923077,0.5714285714285714,0.4,original,BATADAL,dirichlet_smoothing_sweep,123,4,3,3,0.05,0.1,True,5.0,uniform,avg_negative_log,3.912,,5,,366,65,553,0.023245060949978982
0.9170731707317074,0.08333333333333333,0.14285714285714285,0.10526315789473684,gaussian_noise,BATADAL,dirichlet_smoothing_sweep,123,4,3,3,0.05,0.1,True,5.0,uniform,avg_negative_log,3.912,,5,,366,65,553,0.023245060949978982
0.625,0.14285714285714285,1.0,0.25,unseen_data,BATADAL,dirichlet_smoothing_sweep,123,4,3,3,0.05,0.1,True,5.0,uniform,avg_negative_log,3.912,,5,,366,65,553,0.023245060949978982
0.9414634146341463,0.3076923076923077,0.5714285714285714,0.4,original,BATADAL,dirichlet_smoothing_sweep,2026,4,3,3,0.05,0.1,True,5.0,uniform,avg_negative_log,3.912,,5,,366,65,553,0.023245060949978982
0.9317073170731708,0.26666666666666666,0.5714285714285714,0.36363636363636365,gaussian_noise,BATADAL,dirichlet_smoothing_sweep,2026,4,3,3,0.05,0.1,True,5.0,uniform,avg_negative_log,3.912,,5,,366,65,553,0.023245060949978982
0.625,0.14285714285714285,1.0,0.25,unseen_data,BATADAL,dirichlet_smoothing_sweep,2026,4,3,3,0.05,0.1,True,5.0,uniform,avg_negative_log,3.912,,5,,366,65,553,0.023245060949978982
0.9414634146341463,0.3076923076923077,0.5714285714285714,0.4,original,BATADAL,dirichlet_smoothing_sweep,7,4,3,3,0.05,0.1,True,5.0,uniform,avg_negative_log,3.912,,5,,366,65,553,0.023245060949978982
0.9414634146341463,0.3076923076923077,0.5714285714285714,0.4,gaussian_noise,BATADAL,dirichlet_smoothing_sweep,7,4,3,3,0.05,0.1,True,5.0,uniform,avg_negative_log,3.912,,5,,366,65,553,0.023245060949978982
0.625,0.14285714285714285,1.0,0.25,unseen_data,BATADAL,dirichlet_smoothing_sweep,7,4,3,3,0.05,0.1,True,5.0,uniform,avg_negative_log,3.912,,5,,366,65,553,0.023245060949978982
0.9414634146341463,0.3076923076923077,0.5714285714285714,0.4,original,BATADAL,dirichlet_smoothing_sweep,999,4,3,3,0.05,0.1,True,5.0,uniform,avg_negative_log,3.912,,5,,366,65,553,0.023245060949978982
0.926829268292683,0.25,0.5714285714285714,0.34782608695652173,gaussian_noise,BATADAL,dirichlet_smoothing_sweep,999,4,3,3,0.05,0.1,True,5.0,uniform,avg_negative_log,3.912,,5,,366,65,553,0.023245060949978982
0.625,0.14285714285714285,1.0,0.25,unseen_data,BATADAL,dirichlet_smoothing_sweep,999,4,3,3,0.05,0.1,True,5.0,uniform,avg_negative_log,3.912,,5,,366,65,553,0.023245060949978982
0.36097560975609755,0.04411764705882353,0.8571428571428571,0.08391608391608392,original,BATADAL,dirichlet_smoothing_sweep,42,4,3,3,0.05,0.1,True,0.01,unigram,avg_negative_log,3.912,,5,,366,65,553,0.023245060949978982
0.3853658536585366,0.04580152671755725,0.8571428571428571,0.08695652173913043,gaussian_noise,BATADAL,dirichlet_smoothing_sweep,42,4,3,3,0.05,0.1,True,0.01,unigram,avg_negative_log,3.912,,5,,366,65,553,0.023245060949978982
0.25,0.07692307692307693,1.0,0.14285714285714285,unseen_data,BATADAL,dirichlet_smoothing_sweep,42,4,3,3,0.05,0.1,True,0.01,unigram,avg_negative_log,3.912,,5,,366,65,553,0.023245060949978982
0.36097560975609755,0.04411764705882353,0.8571428571428571,0.08391608391608392,original,BATADAL,dirichlet_smoothing_sweep,123,4,3,3,0.05,0.1,True,0.01,unigram,avg_negative_log,3.912,,5,,366,65,553,0.023245060949978982
0.37073170731707317,0.03787878787878788,0.7142857142857143,0.07194244604316546,gaussian_noise,BATADAL,dirichlet_smoothing_sweep,123,4,3,3,0.05,0.1,True,0.01,unigram,avg_negative_log,3.912,,5,,366,65,553,0.023245060949978982
0.25,0.07692307692307693,1.0,0.14285714285714285,unseen_data,BATADAL,dirichlet_smoothing_sweep,123,4,3,3,0.05,0.1,True,0.01,unigram,avg_negative_log,3.912,,5,,366,65,553,0.023245060949978982
0.36097560975609755,0.04411764705882353,0.8571428571428571,0.08391608391608392,original,BATADAL,dirichlet_smoothing_sweep,2026,4,3,3,0.05,0.1,True,0.01,unigram,avg_negative_log,3.912,,5,,366,65,553,0.023245060949978982
0.3463414634146341,0.04316546762589928,0.8571428571428571,0.0821917808219178,gaussian_noise,BATADAL,dirichlet_smoothing_sweep,2026,4,3,3,0.05,0.1,True,0.01,unigram,avg_negative_log,3.912,,5,,366,65,553,0.023245060949978982
0.25,0.07692307692307693,1.0,0.14285714285714285,unseen_data,BATADAL,dirichlet_smoothing_sweep,2026,4,3,3,0.05,0.1,True,0.01,unigram,avg_negative_log,3.912,,5,,366,65,553,0.023245060949978982
0.36097560975609755,0.04411764705882353,0.8571428571428571,0.08391608391608392,original,BATADAL,dirichlet_smoothing_sweep,7,4,3,3,0.05,0.1,True,0.01,unigram,avg_negative_log,3.912,,5,,366,65,553,0.023245060949978982
0.36585365853658536,0.044444444444444446,0.8571428571428571,0.08450704225352113,gaussian_noise,BATADAL,dirichlet_smoothing_sweep,7,4,3,3,0.05,0.1,True,0.01,unigram,avg_negative_log,3.912,,5,,366,65,553,0.023245060949978982
0.25,0.07692307692307693,1.0,0.14285714285714285,unseen_data,BATADAL,dirichlet_smoothing_sweep,7,4,3,3,0.05,0.1,True,0.01,unigram,avg_negative_log,3.912,,5,,366,65,553,0.023245060949978982
0.36097560975609755,0.04411764705882353,0.8571428571428571,0.08391608391608392,original,BATADAL,dirichlet_smoothing_sweep,999,4,3,3,0.05,0.1,True,0.01,unigram,avg_negative_log,3.912,,5,,366,65,553,0.023245060949978982
0.3804878048780488,0.045454545454545456,0.8571428571428571,0.08633093525179857,gaussian_noise,BATADAL,dirichlet_smoothing_sweep,999,4,3,3,0.05,0.1,True,0.01,unigram,avg_negative_log,3.912,,5,,366,65,553,0.023245060949978982
0.25,0.07692307692307693,1.0,0.14285714285714285,unseen_data,BATADAL,dirichlet_smoothing_sweep,999,4,3,3,0.05,0.1,True,0.01,unigram,avg_negative_log,3.912,,5,,366,65,553,0.023245060949978982
0.4292682926829268,0.041666666666666664,0.7142857142857143,0.07874015748031496,original,BATADAL,dirichlet_smoothing_sweep,42,4,3,3,0.05,0.1,True,0.05,unigram,avg_negative_log,3.912,,5,,366,65,553,0.023245060949978982
0.44390243902439025,0.042735042735042736,0.7142857142857143,0.08064516129032258,gaussian_noise,BATADAL,dirichlet_smoothing_sweep,42,4,3,3,0.05,0.1,True,0.05,unigram,avg_negative_log,3.912,,5,,366,65,553,0.023245060949978982
0.25,0.07692307692307693,1.0,0.14285714285714285,unseen_data,BATADAL,dirichlet_smoothing_sweep,42,4,3,3,0.05,0.1,True,0.05,unigram,avg_negative_log,3.912,,5,,366,65,553,0.023245060949978982
0.4292682926829268,0.041666666666666664,0.7142857142857143,0.07874015748031496,original,BATADAL,dirichlet_smoothing_sweep,123,4,3,3,0.05,0.1,True,0.05,unigram,avg_negative_log,3.912,,5,,366,65,553,0.023245060949978982
0.424390243902439,0.04132231404958678,0.7142857142857143,0.078125,gaussian_noise,BATADAL,dirichlet_smoothing_sweep,123,4,3,3,0.05,0.1,True,0.05,unigram,avg_negative_log,3.912,,5,,366,65,553,0.023245060949978982
0.25,0.07692307692307693,1.0,0.14285714285714285,unseen_data,BATADAL,dirichlet_smoothing_sweep,123,4,3,3,0.05,0.1,True,0.05,unigram,avg_negative_log,3.912,,5,,366,65,553,0.023245060949978982
0.4292682926829268,0.041666666666666664,0.7142857142857143,0.07874015748031496,original,BATADAL,dirichlet_smoothing_sweep,2026,4,3,3,0.05,0.1,True,0.05,unigram,avg_negative_log,3.912,,5,,366,65,553,0.023245060949978982
0.4097560975609756,0.04032258064516129,0.7142857142857143,0.07633587786259542,gaussian_noise,BATADAL,dirichlet_smoothing_sweep,2026,4,3,3,0.05,0.1,True,0.05,unigram,avg_negative_log,3.912,,5,,366,65,553,0.023245060949978982
0.25,0.07692307692307693,1.0,0.14285714285714285,unseen_data,BATADAL,dirichlet_smoothing_sweep,2026,4,3,3,0.05,0.1,True,0.05,unigram,avg_negative_log,3.912,,5,,366,65,553,0.023245060949978982
0.4292682926829268,0.041666666666666664,0.7142857142857143,0.07874015748031496,original,BATADAL,dirichlet_smoothing_sweep,7,4,3,3,0.05,0.1,True,0.05,unigram,avg_negative_log,3.912,,5,,366,65,553,0.023245060949978982
0.424390243902439,0.04132231404958678,0.7142857142857143,0.078125,gaussian_noise,BATADAL,dirichlet_smoothing_sweep,7,4,3,3,0.05,0.1,True,0.05,unigram,avg_negative_log,3.912,,5,,366,65,553,0.023245060949978982
0.25,0.07692307692307693,1.0,0.14285714285714285,unseen_data,BATADAL,dirichlet_smoothing_sweep,7,4,3,3,0.05,0.1,True,0.05,unigram,avg_negative_log,3.912,,5,,366,65,553,0.023245060949978982
0.4292682926829268,0.041666666666666664,0.7142857142857143,0.07874015748031496,original,BATADAL,dirichlet_smoothing_sweep,999,4,3,3,0.05,0.1,True,0.05,unigram,avg_negative_log,3.912,,5,,366,65,553,0.023245060949978982
0.43902439024390244,0.0423728813559322,0.7142857142857143,0.08,gaussian_noise,BATADAL,dirichlet_smoothing_sweep,999,4,3,3,0.05,0.1,True,0.05,unigram,avg_negative_log,3.912,,5,,366,65,553,0.023245060949978982
0.25,0.07692307692307693,1.0,0.14285714285714285,unseen_data,BATADAL,dirichlet_smoothing_sweep,999,4,3,3,0.05,0.1,True,0.05,unigram,avg_negative_log,3.912,,5,,366,65,553,0.023245060949978982
0.5707317073170731,0.054945054945054944,0.7142857142857143,0.10204081632653061,original,BATADAL,dirichlet_smoothing_sweep,42,4,3,3,0.05,0.1,True,0.1,unigram,avg_negative_log,3.912,,5,,366,65,553,0.023245060949978982
0.5707317073170731,0.054945054945054944,0.7142857142857143,0.10204081632653061,gaussian_noise,BATADAL,dirichlet_smoothing_sweep,42,4,3,3,0.05,0.1,True,0.1,unigram,avg_negative_log,3.912,,5,,366,65,553,0.023245060949978982
0.25,0.07692307692307693,1.0,0.14285714285714285,unseen_data,BATADAL,dirichlet_smoothing_sweep,42,4,3,3,0.05,0.1,True,0.1,unigram,avg_negative_log,3.912,,5,,366,65,553,0.023245060949978982
0.5707317073170731,0.054945054945054944,0.7142857142857143,0.10204081632653061,original,BATADAL,dirichlet_smoothing_sweep,123,4,3,3,0.05,0.1,True,0.1,unigram,avg_negative_log,3.912,,5,,366,65,553,0.023245060949978982
0.5463414634146342,0.0425531914893617,0.5714285714285714,0.07920792079207921,gaussian_noise,BATADAL,dirichlet_smoothing_sweep,123,4,3,3,0.05,0.1,True,0.1,unigram,avg_negative_log,3.912,,5,,366,65,553,0.023245060949978982
0.25,0.07692307692307693,1.0,0.14285714285714285,unseen_data,BATADAL,dirichlet_smoothing_sweep,123,4,3,3,0.05,0.1,True,0.1,unigram,avg_negative_log,3.912,,5,,366,65,553,0.023245060949978982
0.5707317073170731,0.054945054945054944,0.7142857142857143,0.10204081632653061,original,BATADAL,dirichlet_smoothing_sweep,2026,4,3,3,0.05,0.1,True,0.1,unigram,avg_negative_log,3.912,,5,,366,65,553,0.023245060949978982
0.5560975609756098,0.05319148936170213,0.7142857142857143,0.09900990099009901,gaussian_noise,BATADAL,dirichlet_smoothing_sweep,2026,4,3,3,0.05,0.1,True,0.1,unigram,avg_negative_log,3.912,,5,,366,65,553,0.023245060949978982
0.25,0.07692307692307693,1.0,0.14285714285714285,unseen_data,BATADAL,dirichlet_smoothing_sweep,2026,4,3,3,0.05,0.1,True,0.1,unigram,avg_negative_log,3.912,,5,,366,65,553,0.023245060949978982
0.5707317073170731,0.054945054945054944,0.7142857142857143,0.10204081632653061,original,BATADAL,dirichlet_smoothing_sweep,7,4,3,3,0.05,0.1,True,0.1,unigram,avg_negative_log,3.912,,5,,366,65,553,0.023245060949978982
0.5560975609756098,0.05319148936170213,0.7142857142857143,0.09900990099009901,gaussian_noise,BATADAL,dirichlet_smoothing_sweep,7,4,3,3,0.05,0.1,True,0.1,unigram,avg_negative_log,3.912,,5,,366,65,553,0.023245060949978982
0.25,0.07692307692307693,1.0,0.14285714285714285,unseen_data,BATADAL,dirichlet_smoothing_sweep,7,4,3,3,0.05,0.1,True,0.1,unigram,avg_negative_log,3.912,,5,,366,65,553,0.023245060949978982
0.5707317073170731,0.054945054945054944,0.7142857142857143,0.10204081632653061,original,BATADAL,dirichlet_smoothing_sweep,999,4,3,3,0.05,0.1,True,0.1,unigram,avg_negative_log,3.912,,5,,366,65,553,0.023245060949978982
0.5756097560975609,0.05555555555555555,0.7142857142857143,0.10309278350515463,gaussian_noise,BATADAL,dirichlet_smoothing_sweep,999,4,3,3,0.05,0.1,True,0.1,unigram,avg_negative_log,3.912,,5,,366,65,553,0.023245060949978982
0.25,0.07692307692307693,1.0,0.14285714285714285,unseen_data,BATADAL,dirichlet_smoothing_sweep,999,4,3,3,0.05,0.1,True,0.1,unigram,avg_negative_log,3.912,,5,,366,65,553,0.023245060949978982
0.6731707317073171,0.07142857142857142,0.7142857142857143,0.12987012987012986,original,BATADAL,dirichlet_smoothing_sweep,42,4,3,3,0.05,0.1,True,0.5,unigram,avg_negative_log,3.912,,5,,366,65,553,0.023245060949978982
0.6878048780487804,0.07462686567164178,0.7142857142857143,0.13513513513513514,gaussian_noise,BATADAL,dirichlet_smoothing_sweep,42,4,3,3,0.05,0.1,True,0.5,unigram,avg_negative_log,3.912,,5,,366,65,553,0.023245060949978982
0.25,0.07692307692307693,1.0,0.14285714285714285,unseen_data,BATADAL,dirichlet_smoothing_sweep,42,4,3,3,0.05,0.1,True,0.5,unigram,avg_negative_log,3.912,,5,,366,65,553,0.023245060949978982
0.6731707317073171,0.07142857142857142,0.7142857142857143,0.12987012987012986,original,BATADAL,dirichlet_smoothing_sweep,123,4,3,3,0.05,0.1,True,0.5,unigram,avg_negative_log,3.912,,5,,366,65,553,0.023245060949978982
0.6585365853658537,0.043478260869565216,0.42857142857142855,0.07894736842105263,gaussian_noise,BATADAL,dirichlet_smoothing_sweep,123,4,3,3,0.05,0.1,True,0.5,unigram,avg_negative_log,3.912,,5,,366,65,553,0.023245060949978982
0.25,0.07692307692307693,1.0,0.14285714285714285,unseen_data,BATADAL,dirichlet_smoothing_sweep,123,4,3,3,0.05,0.1,True,0.5,unigram,avg_negative_log,3.912,,5,,366,65,553,0.023245060949978982
0.6731707317073171,0.07142857142857142,0.7142857142857143,0.12987012987012986,original,BATADAL,dirichlet_smoothing_sweep,2026,4,3,3,0.05,0.1,True,0.5,unigram,avg_negative_log,3.912,,5,,366,65,553,0.023245060949978982
0.6682926829268293,0.07042253521126761,0.7142857142857143,0.1282051282051282,gaussian_noise,BATADAL,dirichlet_smoothing_sweep,2026,4,3,3,0.05,0.1,True,0.5,unigram,avg_negative_log,3.912,,5,,366,65,553,0.023245060949978982
0.25,0.07692307692307693,1.0,0.14285714285714285,unseen_data,BATADAL,dirichlet_smoothing_sweep,2026,4,3,3,0.05,0.1,True,0.5,unigram,avg_negative_log,3.912,,5,,366,65,553,0.023245060949978982
0.6731707317073171,0.07142857142857142,0.7142857142857143,0.12987012987012986,original,BATADAL,dirichlet_smoothing_sweep,7,4,3,3,0.05,0.1,True,0.5,unigram,avg_negative_log,3.912,,5,,366,65,553,0.023245060949978982
0.6780487804878049,0.07246376811594203,0.7142857142857143,0.13157894736842105,gaussian_noise,BATADAL,dirichlet_smoothing_sweep,7,4,3,3,0.05,0.1,True,0.5,unigram,avg_negative_log,3.912,,5,,366,65,553,0.023245060949978982
0.25,0.07692307692307693,1.0,0.14285714285714285,unseen_data,BATADAL,dirichlet_smoothing_sweep,7,4,3,3,0.05,0.1,True,0.5,unigram,avg_negative_log,3.912,,5,,366,65,553,0.023245060949978982
0.6731707317073171,0.07142857142857142,0.7142857142857143,0.12987012987012986,original,BATADAL,dirichlet_smoothing_sweep,999,4,3,3,0.05,0.1,True,0.5,unigram,avg_negative_log,3.912,,5,,366,65,553,0.023245060949978982
0.6780487804878049,0.07246376811594203,0.7142857142857143,0.13157894736842105,gaussian_noise,BATADAL,dirichlet_smoothing_sweep,999,4,3,3,0.05,0.1,True,0.5,unigram,avg_negative_log,3.912,,5,,366,65,553,0.023245060949978982
0.25,0.07692307692307693,1.0,0.14285714285714285,unseen_data,BATADAL,dirichlet_smoothing_sweep,999,4,3,3,0.05,0.1,True,0.5,unigram,avg_negative_log,3.912,,5,,366,65,553,0.023245060949978982
0.6731707317073171,0.07142857142857142,0.7142857142857143,0.12987012987012986,original,BATADAL,dirichlet_smoothing_sweep,42,4,3,3,0.05,0.1,True,1.0,unigram,avg_negative_log,3.912,,5,,366,65,553,0.023245060949978982
0.6926829268292682,0.07575757575757576,0.7142857142857143,0.136986301369863,gaussian_noise,BATADAL,dirichlet_smoothing_sweep,42,4,3,3,0.05,0.1,True,1.0,unigram,avg_negative_log,3.912,,5,,366,65,553,0.023245060949978982
0.3125,0.08333333333333333,1.0,0.15384615384615385,unseen_data,BATADAL,dirichlet_smoothing_sweep,42,4,3,3,0.05,0.1,True,1.0,unigram,avg_negative_log,3.912,,5,,366,65,553,0.023245060949978982
0.6731707317073171,0.07142857142857142,0.7142857142857143,0.12987012987012986,original,BATADAL,dirichlet_smoothing_sweep,123,4,3,3,0.05,0.1,True,1.0,unigram,avg_negative_log,3.912,,5,,366,65,553,0.023245060949978982
0.6585365853658537,0.043478260869565216,0.42857142857142855,0.07894736842105263,gaussian_noise,BATADAL,dirichlet_smoothing_sweep,123,4,3,3,0.05,0.1,True,1.0,unigram,avg_negative_log,3.912,,5,,366,65,553,0.023245060949978982
0.3125,0.08333333333333333,1.0,0.15384615384615385,unseen_data,BATADAL,dirichlet_smoothing_sweep,123,4,3,3,0.05,0.1,True,1.0,unigram,avg_negative_log,3.912,,5,,366,65,553,0.023245060949978982
0.6731707317073171,0.07142857142857142,0.7142857142857143,0.12987012987012986,original,BATADAL,dirichlet_smoothing_sweep,2026,4,3,3,0.05,0.1,True,1.0,unigram,avg_negative_log,3.912,,5,,366,65,553,0.023245060949978982
0.6682926829268293,0.07042253521126761,0.7142857142857143,0.1282051282051282,gaussian_noise,BATADAL,dirichlet_smoothing_sweep,2026,4,3,3,0.05,0.1,True,1.0,unigram,avg_negative_log,3.912,,5,,366,65,553,0.023245060949978982
0.3125,0.08333333333333333,1.0,0.15384615384615385,unseen_data,BATADAL,dirichlet_smoothing_sweep,2026,4,3,3,0.05,0.1,True,1.0,unigram,avg_negative_log,3.912,,5,,366,65,553,0.023245060949978982
0.6731707317073171,0.07142857142857142,0.7142857142857143,0.12987012987012986,original,BATADAL,dirichlet_smoothing_sweep,7,4,3,3,0.05,0.1,True,1.0,unigram,avg_negative_log,3.912,,5,,366,65,553,0.023245060949978982
0.6780487804878049,0.07246376811594203,0.7142857142857143,0.13157894736842105,gaussian_noise,BATADAL,dirichlet_smoothing_sweep,7,4,3,3,0.05,0.1,True,1.0,unigram,avg_negative_log,3.912,,5,,366,65,553,0.023245060949978982
0.3125,0.08333333333333333,1.0,0.15384615384615385,unseen_data,BATADAL,dirichlet_smoothing_sweep,7,4,3,3,0.05,0.1,True,1.0,unigram,avg_negative_log,3.912,,5,,366,65,553,0.023245060949978982
0.6731707317073171,0.07142857142857142,0.7142857142857143,0.12987012987012986,original,BATADAL,dirichlet_smoothing_sweep,999,4,3,3,0.05,0.1,True,1.0,unigram,avg_negative_log,3.912,,5,,366,65,553,0.023245060949978982
0.6829268292682927,0.07352941176470588,0.7142857142857143,0.13333333333333333,gaussian_noise,BATADAL,dirichlet_smoothing_sweep,999,4,3,3,0.05,0.1,True,1.0,unigram,avg_negative_log,3.912,,5,,366,65,553,0.023245060949978982
0.3125,0.08333333333333333,1.0,0.15384615384615385,unseen_data,BATADAL,dirichlet_smoothing_sweep,999,4,3,3,0.05,0.1,True,1.0,unigram,avg_negative_log,3.912,,5,,366,65,553,0.023245060949978982
0.6829268292682927,0.07352941176470588,0.7142857142857143,0.13333333333333333,original,BATADAL,dirichlet_smoothing_sweep,42,4,3,3,0.05,0.1,True,2.0,unigram,avg_negative_log,3.912,,5,,366,65,553,0.023245060949978982
0.7024390243902439,0.078125,0.7142857142857143,0.14084507042253522,gaussian_noise,BATADAL,dirichlet_smoothing_sweep,42,4,3,3,0.05,0.1,True,2.0,unigram,avg_negative_log,3.912,,5,,366,65,553,0.023245060949978982
0.3125,0.08333333333333333,1.0,0.15384615384615385,unseen_data,BATADAL,dirichlet_smoothing_sweep,42,4,3,3,0.05,0.1,True,2.0,unigram,avg_negative_log,3.912,,5,,366,65,553,0.023245060949978982
0.6829268292682927,0.07352941176470588,0.7142857142857143,0.13333333333333333,original,BATADAL,dirichlet_smoothing_sweep,123,4,3,3,0.05,0.1,True,2.0,unigram,avg_negative_log,3.912,,5,,366,65,553,0.023245060949978982
0.6634146341463415,0.04411764705882353,0.42857142857142855,0.08,gaussian_noise,BATADAL,dirichlet_smoothing_sweep,123,4,3,3,0.05,0.1,True,2.0,unigram,avg_negative_log,3.912,,5,,366,65,553,0.023245060949978982
0.3125,0.08333333333333333,1.0,0.15384615384615385,unseen_data,BATADAL,dirichlet_smoothing_sweep,123,4,3,3,0.05,0.1,True,2.0,unigram,avg_negative_log,3.912,,5,,366,65,553,0.023245060949978982
0.6829268292682927,0.07352941176470588,0.7142857142857143,0.13333333333333333,original,BATADAL,dirichlet_smoothing_sweep,2026,4,3,3,0.05,0.1,True,2.0,unigram,avg_negative_log,3.912,,5,,366,65,553,0.023245060949978982
0.6780487804878049,0.07246376811594203,0.7142857142857143,0.13157894736842105,gaussian_noise,BATADAL,dirichlet_smoothing_sweep,2026,4,3,3,0.05,0.1,True,2.0,unigram,avg_negative_log,3.912,,5,,366,65,553,0.023245060949978982
0.3125,0.08333333333333333,1.0,0.15384615384615385,unseen_data,BATADAL,dirichlet_smoothing_sweep,2026,4,3,3,0.05,0.1,True,2.0,unigram,avg_negative_log,3.912,,5,,366,65,553,0.023245060949978982
0.6829268292682927,0.07352941176470588,0.7142857142857143,0.13333333333333333,original,BATADAL,dirichlet_smoothing_sweep,7,4,3,3,0.05,0.1,True,2.0,unigram,avg_negative_log,3.912,,5,,366,65,553,0.023245060949978982
0.6878048780487804,0.07462686567164178,0.7142857142857143,0.13513513513513514,gaussian_noise,BATADAL,dirichlet_smoothing_sweep,7,4,3,3,0.05,0.1,True,2.0,unigram,avg_negative_log,3.912,,5,,366,65,553,0.023245060949978982
0.3125,0.08333333333333333,1.0,0.15384615384615385,unseen_data,BATADAL,dirichlet_smoothing_sweep,7,4,3,3,0.05,0.1,True,2.0,unigram,avg_negative_log,3.912,,5,,366,65,553,0.023245060949978982
0.6829268292682927,0.07352941176470588,0.7142857142857143,0.13333333333333333,original,BATADAL,dirichlet_smoothing_sweep,999,4,3,3,0.05,0.1,True,2.0,unigram,avg_negative_log,3.912,,5,,366,65,553,0.023245060949978982
0.6926829268292682,0.07575757575757576,0.7142857142857143,0.136986301369863,gaussian_noise,BATADAL,dirichlet_smoothing_sweep,999,4,3,3,0.05,0.1,True,2.0,unigram,avg_negative_log,3.912,,5,,366,65,553,0.023245060949978982
0.3125,0.08333333333333333,1.0,0.15384615384615385,unseen_data,BATADAL,dirichlet_smoothing_sweep,999,4,3,3,0.05,0.1,True,2.0,unigram,avg_negative_log,3.912,,5,,366,65,553,0.023245060949978982
0.6878048780487804,0.07462686567164178,0.7142857142857143,0.13513513513513514,original,BATADAL,dirichlet_smoothing_sweep,42,4,3,3,0.05,0.1,True,5.0,unigram,avg_negative_log,3.912,,5,,366,65,553,0.023245060949978982
0.7024390243902439,0.078125,0.7142857142857143,0.14084507042253522,gaussian_noise,BATADAL,dirichlet_smoothing_sweep,42,4,3,3,0.05,0.1,True,5.0,unigram,avg_negative_log,3.912,,5,,366,65,553,0.023245060949978982
0.3125,0.08333333333333333,1.0,0.15384615384615385,unseen_data,BATADAL,dirichlet_smoothing_sweep,42,4,3,3,0.05,0.1,True,5.0,unigram,avg_negative_log,3.912,,5,,366,65,553,0.023245060949978982
0.6878048780487804,0.07462686567164178,0.7142857142857143,0.13513513513513514,original,BATADAL,dirichlet_smoothing_sweep,123,4,3,3,0.05,0.1,True,5.0,unigram,avg_negative_log,3.912,,5,,366,65,553,0.023245060949978982
0.6682926829268293,0.04477611940298507,0.42857142857142855,0.08108108108108109,gaussian_noise,BATADAL,dirichlet_smoothing_sweep,123,4,3,3,0.05,0.1,True,5.0,unigram,avg_negative_log,3.912,,5,,366,65,553,0.023245060949978982
0.3125,0.08333333333333333,1.0,0.15384615384615385,unseen_data,BATADAL,dirichlet_smoothing_sweep,123,4,3,3,0.05,0.1,True,5.0,unigram,avg_negative_log,3.912,,5,,366,65,553,0.023245060949978982
0.6878048780487804,0.07462686567164178,0.7142857142857143,0.13513513513513514,original,BATADAL,dirichlet_smoothing_sweep,2026,4,3,3,0.05,0.1,True,5.0,unigram,avg_negative_log,3.912,,5,,366,65,553,0.023245060949978982
0.6829268292682927,0.07352941176470588,0.7142857142857143,0.13333333333333333,gaussian_noise,BATADAL,dirichlet_smoothing_sweep,2026,4,3,3,0.05,0.1,True,5.0,unigram,avg_negative_log,3.912,,5,,366,65,553,0.023245060949978982
0.3125,0.08333333333333333,1.0,0.15384615384615385,unseen_data,BATADAL,dirichlet_smoothing_sweep,2026,4,3,3,0.05,0.1,True,5.0,unigram,avg_negative_log,3.912,,5,,366,65,553,0.023245060949978982
0.6878048780487804,0.07462686567164178,0.7142857142857143,0.13513513513513514,original,BATADAL,dirichlet_smoothing_sweep,7,4,3,3,0.05,0.1,True,5.0,unigram,avg_negative_log,3.912,,5,,366,65,553,0.023245060949978982
0.6926829268292682,0.07575757575757576,0.7142857142857143,0.136986301369863,gaussian_noise,BATADAL,dirichlet_smoothing_sweep,7,4,3,3,0.05,0.1,True,5.0,unigram,avg_negative_log,3.912,,5,,366,65,553,0.023245060949978982
0.3125,0.08333333333333333,1.0,0.15384615384615385,unseen_data,BATADAL,dirichlet_smoothing_sweep,7,4,3,3,0.05,0.1,True,5.0,unigram,avg_negative_log,3.912,,5,,366,65,553,0.023245060949978982
0.6878048780487804,0.07462686567164178,0.7142857142857143,0.13513513513513514,original,BATADAL,dirichlet_smoothing_sweep,999,4,3,3,0.05,0.1,True,5.0,unigram,avg_negative_log,3.912,,5,,366,65,553,0.023245060949978982
0.6926829268292682,0.07575757575757576,0.7142857142857143,0.136986301369863,gaussian_noise,BATADAL,dirichlet_smoothing_sweep,999,4,3,3,0.05,0.1,True,5.0,unigram,avg_negative_log,3.912,,5,,366,65,553,0.023245060949978982
0.3125,0.08333333333333333,1.0,0.15384615384615385,unseen_data,BATADAL,dirichlet_smoothing_sweep,999,4,3,3,0.05,0.1,True,5.0,unigram,avg_negative_log,3.912,,5,,366,65,553,0.023245060949978982
0.28780487804878047,0.0457516339869281,1.0,0.0875,original,BATADAL,dirichlet_smoothing_sweep,42,4,3,3,0.05,0.1,True,0.01,backoff,avg_negative_log,3.912,,5,,366,65,553,0.023245060949978982
0.3073170731707317,0.04697986577181208,1.0,0.08974358974358974,gaussian_noise,BATADAL,dirichlet_smoothing_sweep,42,4,3,3,0.05,0.1,True,0.01,backoff,avg_negative_log,3.912,,5,,366,65,553,0.023245060949978982
0.25,0.07692307692307693,1.0,0.14285714285714285,unseen_data,BATADAL,dirichlet_smoothing_sweep,42,4,3,3,0.05,0.1,True,0.01,backoff,avg_negative_log,3.912,,5,,366,65,553,0.023245060949978982
0.28780487804878047,0.0457516339869281,1.0,0.0875,original,BATADAL,dirichlet_smoothing_sweep,123,4,3,3,0.05,0.1,True,0.01,backoff,avg_negative_log,3.912,,5,,366,65,553,0.023245060949978982
0.2975609756097561,0.040268456375838924,0.8571428571428571,0.07692307692307693,gaussian_noise,BATADAL,dirichlet_smoothing_sweep,123,4,3,3,0.05,0.1,True,0.01,backoff,avg_negative_log,3.912,,5,,366,65,553,0.023245060949978982
0.25,0.07692307692307693,1.0,0.14285714285714285,unseen_data,BATADAL,dirichlet_smoothing_sweep,123,4,3,3,0.05,0.1,True,0.01,backoff,avg_negative_log,3.912,,5,,366,65,553,0.023245060949978982
0.28780487804878047,0.0457516339869281,1.0,0.0875,original,BATADAL,dirichlet_smoothing_sweep,2026,4,3,3,0.05,0.1,True,0.01,backoff,avg_negative_log,3.912,,5,,366,65,553,0.023245060949978982
0.2731707317073171,0.04487179487179487,1.0,0.08588957055214724,gaussian_noise,BATADAL,dirichlet_smoothing_sweep,2026,4,3,3,0.05,0.1,True,0.01,backoff,avg_negative_log,3.912,,5,,366,65,553,0.023245060949978982
0.25,0.07692307692307693,1.0,0.14285714285714285,unseen_data,BATADAL,dirichlet_smoothing_sweep,2026,4,3,3,0.05,0.1,True,0.01,backoff,avg_negative_log,3.912,,5,,366,65,553,0.023245060949978982
0.28780487804878047,0.0457516339869281,1.0,0.0875,original,BATADAL,dirichlet_smoothing_sweep,7,4,3,3,0.05,0.1,True,0.01,backoff,avg_negative_log,3.912,,5,,366,65,553,0.023245060949978982
0.2926829268292683,0.046052631578947366,1.0,0.0880503144654088,gaussian_noise,BATADAL,dirichlet_smoothing_sweep,7,4,3,3,0.05,0.1,True,0.01,backoff,avg_negative_log,3.912,,5,,366,65,553,0.023245060949978982
0.25,0.07692307692307693,1.0,0.14285714285714285,unseen_data,BATADAL,dirichlet_smoothing_sweep,7,4,3,3,0.05,0.1,True,0.01,backoff,avg_negative_log,3.912,,5,,366,65,553,0.023245060949978982
0.28780487804878047,0.0457516339869281,1.0,0.0875,original,BATADAL,dirichlet_smoothing_sweep,999,4,3,3,0.05,0.1,True,0.01,backoff,avg_negative_log,3.912,,5,,366,65,553,0.023245060949978982
0.28780487804878047,0.0457516339869281,1.0,0.0875,gaussian_noise,BATADAL,dirichlet_smoothing_sweep,999,4,3,3,0.05,0.1,True,0.01,backoff,avg_negative_log,3.912,,5,,366,65,553,0.023245060949978982
0.25,0.07692307692307693,1.0,0.14285714285714285,unseen_data,BATADAL,dirichlet_smoothing_sweep,999,4,3,3,0.05,0.1,True,0.01,backoff,avg_negative_log,3.912,,5,,366,65,553,0.023245060949978982
0.34146341463414637,0.04285714285714286,0.8571428571428571,0.08163265306122448,original,BATADAL,dirichlet_smoothing_sweep,42,4,3,3,0.05,0.1,True,0.05,backoff,avg_negative_log,3.912,,5,,366,65,553,0.023245060949978982
0.36097560975609755,0.04411764705882353,0.8571428571428571,0.08391608391608392,gaussian_noise,BATADAL,dirichlet_smoothing_sweep,42,4,3,3,0.05,0.1,True,0.05,backoff,avg_negative_log,3.912,,5,,366,65,553,0.023245060949978982
0.25,0.07692307692307693,1.0,0.14285714285714285,unseen_data,BATADAL,dirichlet_smoothing_sweep,42,4,3,3,0.05,0.1,True,0.05,backoff,avg_negative_log,3.912,,5,,366,65,553,0.023245060949978982
0.34146341463414637,0.04285714285714286,0.8571428571428571,0.08163265306122448,original,BATADAL,dirichlet_smoothing_sweep,123,4,3,3,0.05,0.1,True,0.05,backoff,avg_negative_log,3.912,,5,,366,65,553,0.023245060949978982
0.35121951219512193,0.043478260869565216,0.8571428571428571,0.08275862068965517,gaussian_noise,BATADAL,dirichlet_smoothing_sweep,123,4,3,3,0.05,0.1,True,0.05,backoff,avg_negative_log,3.912,,5,,366,65,553,0.023245060949978982
0.25,0.07692307692307693,1.0,0.14285714285714285,unseen_data,BATADAL,dirichlet_smoothing_sweep,123,4,3,3,0.05,0.1,True,0.05,backoff,avg_negative_log,3.912,,5,,366,65,553,0.023245060949978982
0.34146341463414637,0.04285714285714286,0.8571428571428571,0.08163265306122448,original,BATADAL,dirichlet_smoothing_sweep,2026,4,3,3,0.05,0.1,True,0.05,backoff,avg_negative_log,3.912,,5,,366,65,553,0.023245060949978982
0.32195121951219513,0.041666666666666664,0.8571428571428571,0.07947019867549669,gaussian_noise,BATADAL,dirichlet_smoothing_sweep,2026,4,3,3,0.05,0.1,True,0.05,backoff,avg_negative_log,3.912,,5,,366,65,553,0.023245060949978982
0.25,0.07692307692307693,1.0,0.14285714285714285,unseen_data,BATADAL,dirichlet_smoothing_sweep,2026,4,3,3,0.05,0.1,True,0.05,backoff,avg_negative_log,3.912,,5,,366,65,553,0.023245060949978982
0.34146341463414637,0.04285714285714286,0.8571428571428571,0.08163265306122448,original,BATADAL,dirichlet_smoothing_sweep,7,4,3,3,0.05,0.1,True,0.05,backoff,avg_negative_log,3.912,,5,,366,65,553,0.023245060949978982
0.3463414634146341,0.04316546762589928,0.8571428571428571,0.0821917808219178,gaussian_noise,BATADAL,dirichlet_smoothing_sweep,7,4,3,3,0.05,0.1,True,0.05,backoff,avg_negative_log,3.912,,5,,366,65,553,0.023245060949978982
0.25,0.07692307692307693,1.0,0.14285714285714285,unseen_data,BATADAL,dirichlet_smoothing_sweep,7,4,3,3,0.05,0.1,True,0.05,backoff,avg_negative_log,3.912,,5,,366,65,553,0.023245060949978982
0.34146341463414637,0.04285714285714286,0.8571428571428571,0.08163265306122448,original,BATADAL,dirichlet_smoothing_sweep,999,4,3,3,0.05,0.1,True,0.05,backoff,avg_negative_log,3.912,,5,,366,65,553,0.023245060949978982
0.34146341463414637,0.04285714285714286,0.8571428571428571,0.08163265306122448,gaussian_noise,BATADAL,dirichlet_smoothing_sweep,999,4,3,3,0.05,0.1,True,0.05,backoff,avg_negative_log,3.912,,5,,366,65,553,0.023245060949978982
0.25,0.07692307692307693,1.0,0.14285714285714285,unseen_data,BATADAL,dirichlet_smoothing_sweep,999,4,3,3,0.05,0.1,True,0.05,backoff,avg_negative_log,3.912,,5,,366,65,553,0.023245060949978982
0.4146341463414634,0.04065040650406504,0.7142857142857143,0.07692307692307693,original,BATADAL,dirichlet_smoothing_sweep,42,4,3,3,0.05,0.1,True,0.1,backoff,avg_negative_log,3.912,,5,,366,65,553,0.023245060949978982
0.4292682926829268,0.041666666666666664,0.7142857142857143,0.07874015748031496,gaussian_noise,BATADAL,dirichlet_smoothing_sweep,42,4,3,3,0.05,0.1,True,0.1,backoff,avg_negative_log,3.912,,5,,366,65,553,0.023245060949978982
0.25,0.07692307692307693,1.0,0.14285714285714285,unseen_data,BATADAL,dirichlet_smoothing_sweep,42,4,3,3,0.05,0.1,True,0.1,backoff,avg_negative_log,3.912,,5,,366,65,553,0.023245060949978982
0.4146341463414634,0.04065040650406504,0.7142857142857143,0.07692307692307693,original,BATADAL,dirichlet_smoothing_sweep,123,4,3,3,0.05,0.1,True,0.1,backoff,avg_negative_log,3.912,,5,,366,65,553,0.023245060949978982
0.4146341463414634,0.04065040650406504,0.7142857142857143,0.07692307692307693,gaussian_noise,BATADAL,dirichlet_smoothing_sweep,123,4,3,3,0.05,0.1,True,0.1,backoff,avg_negative_log,3.912,,5,,366,65,553,0.023245060949978982
0.25,0.07692307692307693,1.0,0.14285714285714285,unseen_data,BATADAL,dirichlet_smoothing_sweep,123,4,3,3,0.05,0.1,True,0.1,backoff,avg_negative_log,3.912,,5,,366,65,553,0.023245060949978982
0.4146341463414634,0.04065040650406504,0.7142857142857143,0.07692307692307693,original,BATADAL,dirichlet_smoothing_sweep,2026,4,3,3,0.05,0.1,True,0.1,backoff,avg_negative_log,3.912,,5,,366,65,553,0.023245060949978982
0.3902439024390244,0.0390625,0.7142857142857143,0.07407407407407407,gaussian_noise,BATADAL,dirichlet_smoothing_sweep,2026,4,3,3,0.05,0.1,True,0.1,backoff,avg_negative_log,3.912,,5,,366,65,553,0.023245060949978982
0.25,0.07692307692307693,1.0,0.14285714285714285,unseen_data,BATADAL,dirichlet_smoothing_sweep,2026,4,3,3,0.05,0.1,True,0.1,backoff,avg_negative_log,3.912,,5,,366,65,553,0.023245060949978982
0.4146341463414634,0.04065040650406504,0.7142857142857143,0.07692307692307693,original,BATADAL,dirichlet_smoothing_sweep,7,4,3,3,0.05,0.1,True,0.1,backoff,avg_negative_log,3.912,,5,,366,65,553,0.023245060949978982
0.4146341463414634,0.04065040650406504,0.7142857142857143,0.07692307692307693,gaussian_noise,BATADAL,dirichlet_smoothing_sweep,7,4,3,3,0.05,0.1,True,0.1,backoff,avg_negative_log,3.912,,5,,366,65,553,0.023245060949978982
0.25,0.07692307692307693,1.0,0.14285714285714285,unseen_data,BATADAL,dirichlet_smoothing_sweep,7,4,3,3,0.05,0.1,True,0.1,backoff,avg_negative_log,3.912,,5,,366,65,553,0.023245060949978982
0.4146341463414634,0.04065040650406504,0.7142857142857143,0.07692307692307693,original,BATADAL,dirichlet_smoothing_sweep,999,4,3,3,0.05,0.1,True,0.1,backoff,avg_negative_log,3.912,,5,,366,65,553,0.023245060949978982
0.4195121951219512,0.040983606557377046,0.7142857142857143,0.07751937984496124,gaussian_noise,BATADAL,dirichlet_smoothing_sweep,999,4,3,3,0.05,0.1,True,0.1,backoff,avg_negative_log,3.912,,5,,366,65,553,0.023245060949978982
0.25,0.07692307692307693,1.0,0.14285714285714285,unseen_data,BATADAL,dirichlet_smoothing_sweep,999,4,3,3,0.05,0.1,True,0.1,backoff,avg_negative_log,3.912,,5,,366,65,553,0.023245060949978982
0.5560975609756098,0.05319148936170213,0.7142857142857143,0.09900990099009901,original,BATADAL,dirichlet_smoothing_sweep,42,4,3,3,0.05,0.1,True,0.5,backoff,avg_negative_log,3.912,,5,,366,65,553,0.023245060949978982
0.5756097560975609,0.05555555555555555,0.7142857142857143,0.10309278350515463,gaussian_noise,BATADAL,dirichlet_smoothing_sweep,42,4,3,3,0.05,0.1,True,0.5,backoff,avg_negative_log,3.912,,5,,366,65,553,0.023245060949978982
0.25,0.07692307692307693,1.0,0.14285714285714285,unseen_data,BATADAL,dirichlet_smoothing_sweep,42,4,3,3,0.05,0.1,True,0.5,backoff,avg_negative_log,3.912,,5,,366,65,553,0.023245060949978982
0.5560975609756098,0.05319148936170213,0.7142857142857143,0.09900990099009901,original,BATADAL,dirichlet_smoothing_sweep,123,4,3,3,0.05,0.1,True,0.5,backoff,avg_negative_log,3.912,,5,,366,65,553,0.023245060949978982
0.5463414634146342,0.0425531914893617,0.5714285714285714,0.07920792079207921,gaussian_noise,BATADAL,dirichlet_smoothing_sweep,123,4,3,3,0.05,0.1,True,0.5,backoff,avg_negative_log,3.912,,5,,366,65,553,0.023245060949978982
0.25,0.07692307692307693,1.0,0.14285714285714285,unseen_data,BATADAL,dirichlet_smoothing_sweep,123,4,3,3,0.05,0.1,True,0.5,backoff,avg_negative_log,3.912,,5,,366,65,553,0.023245060949978982
0.5560975609756098,0.05319148936170213,0.7142857142857143,0.09900990099009901,original,BATADAL,dirichlet_smoothing_sweep,2026,4,3,3,0.05,0.1,True,0.5,backoff,avg_negative_log,3.912,,5,,366,65,553,0.023245060949978982
0.551219512195122,0.05263157894736842,0.7142857142857143,0.09803921568627451,gaussian_noise,BATADAL,dirichlet_smoothing_sweep,2026,4,3,3,0.05,0.1,True,0.5,backoff,avg_negative_log,3.912,,5,,366,65,553,0.023245060949978982
0.25,0.07692307692307693,1.0,0.14285714285714285,unseen_data,BATADAL,dirichlet_smoothing_sweep,2026,4,3,3,0.05,0.1,True,0.5,backoff,avg_negative_log,3.912,,5,,366,65,553,0.023245060949978982
0.5560975609756098,0.05319148936170213,0.7142857142857143,0.09900990099009901,original,BATADAL,dirichlet_smoothing_sweep,7,4,3,3,0.05,0.1,True,0.5,backoff,avg_negative_log,3.912,,5,,366,65,553,0.023245060949978982
0.5609756097560976,0.053763440860215055,0.7142857142857143,0.1,gaussian_noise,BATADAL,dirichlet_smoothing_sweep,7,4,3,3,0.05,0.1,True,0.5,backoff,avg_negative_log,3.912,,5,,366,65,553,0.023245060949978982
0.25,0.07692307692307693,1.0,0.14285714285714285,unseen_data,BATADAL,dirichlet_smoothing_sweep,7,4,3,3,0.05,0.1,True,0.5,backoff,avg_negative_log,3.912,,5,,366,65,553,0.023245060949978982
0.5560975609756098,0.05319148936170213,0.7142857142857143,0.09900990099009901,original,BATADAL,dirichlet_smoothing_sweep,999,4,3,3,0.05,0.1,True,0.5,backoff,avg_negative_log,3.912,,5,,366,65,553,0.023245060949978982
0.5658536585365853,0.05434782608695652,0.7142857142857143,0.10101010101010101,gaussian_noise,BATADAL,dirichlet_smoothing_sweep,999,4,3,3,0.05,0.1,True,0.5,backoff,avg_negative_log,3.912,,5,,366,65,553,0.023245060949978982
0.25,0.07692307692307693,1.0,0.14285714285714285,unseen_data,BATADAL,dirichlet_smoothing_sweep,999,4,3,3,0.05,0.1,True,0.5,backoff,avg_negative_log,3.912,,5,,366,65,553,0.023245060949978982
0.6390243902439025,0.06493506493506493,0.7142857142857143,0.11904761904761904,original,BATADAL,dirichlet_smoothing_sweep,42,4,3,3,0.05,0.1,True,1.0,backoff,avg_negative_log,3.912,,5,,366,65,553,0.023245060949978982
0.6439024390243903,0.06578947368421052,0.7142857142857143,0.12048192771084337,gaussian_noise,BATADAL,dirichlet_smoothing_sweep,42,4,3,3,0.05,0.1,True,1.0,backoff,avg_negative_log,3.912,,5,,366,65,553,0.023245060949978982
0.25,0.07692307692307693,1.0,0.14285714285714285,unseen_data,BATADAL,dirichlet_smoothing_sweep,42,4,3,3,0.05,0.1,True,1.0,backoff,avg_negative_log,3.912,,5,,366,65,553,0.023245060949978982
0.6390243902439025,0.06493506493506493,0.7142857142857143,0.11904761904761904,original,BATADAL,dirichlet_smoothing_sweep,123,4,3,3,0.05,0.1,True,1.0,backoff,avg_negative_log,3.912,,5,,366,65,553,0.023245060949978982
0.6097560975609756,0.04938271604938271,0.5714285714285714,0.09090909090909091,gaussian_noise,BATADAL,dirichlet_smoothing_sweep,123,4,3,3,0.05,0.1,True,1.0,backoff,avg_negative_log,3.912,,5,,366,65,553,0.023245060949978982
0.25,0.07692307692307693,1.0,0.14285714285714285,unseen_data,BATADAL,dirichlet_smoothing_sweep,123,4,3,3,0.05,0.1,True,1.0,backoff,avg_negative_log,3.912,,5,,366,65,553,0.023245060949978982
0.6390243902439025,0.06493506493506493,0.7142857142857143,0.11904761904761904,original,BATADAL,dirichlet_smoothing_sweep,2026,4,3,3,0.05,0.1,True,1.0,backoff,avg_negative_log,3.912,,5,,366,65,553,0.023245060949978982
0.6341463414634146,0.0641025641025641,0.7142857142857143,0.11764705882352941,gaussian_noise,BATADAL,dirichlet_smoothing_sweep,2026,4,3,3,0.05,0.1,True,1.0,backoff,avg_negative_log,3.912,,5,,366,65,553,0.023245060949978982
0.25,0.07692307692307693,1.0,0.14285714285714285,unseen_data,BATADAL,dirichlet_smoothing_sweep,2026,4,3,3,0.05,0.1,True,1.0,backoff,avg_negative_log,3.912,,5,,366,65,553,0.023245060949978982
0.6390243902439025,0.06493506493506493,0.7142857142857143,0.11904761904761904,original,BATADAL,dirichlet_smoothing_sweep,7,4,3,3,0.05,0.1,True,1.0,backoff,avg_negative_log,3.912,,5,,366,65,553,0.023245060949978982
0.6292682926829268,0.06329113924050633,0.7142857142857143,0.11627906976744186,gaussian_noise,BATADAL,dirichlet_smoothing_sweep,7,4,3,3,0.05,0.1,True,1.0,backoff,avg_negative_log,3.912,,5,,366,65,553,0.023245060949978982
0.25,0.07692307692307693,1.0,0.14285714285714285,unseen_data,BATADAL,dirichlet_smoothing_sweep,7,4,3,3,0.05,0.1,True,1.0,backoff,avg_negative_log,3.912,,5,,366,65,553,0.023245060949978982
0.6390243902439025,0.06493506493506493,0.7142857142857143,0.11904761904761904,original,BATADAL,dirichlet_smoothing_sweep,999,4,3,3,0.05,0.1,True,1.0,backoff,avg_negative_log,3.912,,5,,366,65,553,0.023245060949978982
0.6487804878048781,0.06666666666666667,0.7142857142857143,0.12195121951219512,gaussian_noise,BATADAL,dirichlet_smoothing_sweep,999,4,3,3,0.05,0.1,True,1.0,backoff,avg_negative_log,3.912,,5,,366,65,553,0.023245060949978982
0.25,0.07692307692307693,1.0,0.14285714285714285,unseen_data,BATADAL,dirichlet_smoothing_sweep,999,4,3,3,0.05,0.1,True,1.0,backoff,avg_negative_log,3.912,,5,,366,65,553,0.023245060949978982
0.7024390243902439,0.078125,0.7142857142857143,0.14084507042253522,original,BATADAL,dirichlet_smoothing_sweep,42,4,3,3,0.05,0.1,True,2.0,backoff,avg_negative_log,3.912,,5,,366,65,553,0.023245060949978982
0.7170731707317073,0.08196721311475409,0.7142857142857143,0.14705882352941177,gaussian_noise,BATADAL,dirichlet_smoothing_sweep,42,4,3,3,0.05,0.1,True,2.0,backoff,avg_negative_log,3.912,,5,,366,65,553,0.023245060949978982
0.25,0.07692307692307693,1.0,0.14285714285714285,unseen_data,BATADAL,dirichlet_smoothing_sweep,42,4,3,3,0.05,0.1,True,2.0,backoff,avg_negative_log,3.912,,5,,366,65,553,0.023245060949978982
0.7024390243902439,0.078125,0.7142857142857143,0.14084507042253522,original,BATADAL,dirichlet_smoothing_sweep,123,4,3,3,0.05,0.1,True,2.0,backoff,avg_negative_log,3.912,,5,,366,65,553,0.023245060949978982
0.6878048780487804,0.06153846153846154,0.5714285714285714,0.1111111111111111,gaussian_noise,BATADAL,dirichlet_smoothing_sweep,123,4,3,3,0.05,0.1,True,2.0,backoff,avg_negative_log,3.912,,5,,366,65,553,0.023245060949978982
0.25,0.07692307692307693,1.0,0.14285714285714285,unseen_data,BATADAL,dirichlet_smoothing_sweep,123,4,3,3,0.05,0.1,True,2.0,backoff,avg_negative_log,3.912,,5,,366,65,553,0.023245060949978982
0.7024390243902439,0.078125,0.7142857142857143,0.14084507042253522,original,BATADAL,dirichlet_smoothing_sweep,2026,4,3,3,0.05,0.1,True,2.0,backoff,avg_negative_log,3.912,,5,,366,65,553,0.023245060949978982
0.6878048780487804,0.07462686567164178,0.7142857142857143,0.13513513513513514,gaussian_noise,BATADAL,dirichlet_smoothing_sweep,2026,4,3,3,0.05,0.1,True,2.0,backoff,avg_negative_log,3.912,,5,,366,65,553,0.023245060949978982
0.25,0.07692307692307693,1.0,0.14285714285714285,unseen_data,BATADAL,dirichlet_smoothing_sweep,2026,4,3,3,0.05,0.1,True,2.0,backoff,avg_negative_log,3.912,,5,,366,65,553,0.023245060949978982
0.7024390243902439,0.078125,0.7142857142857143,0.14084507042253522,original,BATADAL,dirichlet_smoothing_sweep,7,4,3,3,0.05,0.1,True,2.0,backoff,avg_negative_log,3.912,,5,,366,65,553,0.023245060949978982
0.7073170731707317,0.07936507936507936,0.7142857142857143,0.14285714285714285,gaussian_noise,BATADAL,dirichlet_smoothing_sweep,7,4,3,3,0.05,0.1,True,2.0,backoff,avg_negative_log,3.912,,5,,366,65,553,0.023245060949978982
0.25,0.07692307692307693,1.0,0.14285714285714285,unseen_data,BATADAL,dirichlet_smoothing_sweep,7,4,3,3,0.05,0.1,True,2.0,backoff,avg_negative_log,3.912,,5,,366,65,553,0.023245060949978982
0.7024390243902439,0.078125,0.7142857142857143,0.14084507042253522,original,BATADAL,dirichlet_smoothing_sweep,999,4,3,3,0.05,0.1,True,2.0,backoff,avg_negative_log,3.912,,5,,366,65,553,0.023245060949978982
0.697560975609756,0.07692307692307693,0.7142857142857143,0.1388888888888889,gaussian_noise,BATADAL,dirichlet_smoothing_sweep,999,4,3,3,0.05,0.1,True,2.0,backoff,avg_negative_log,3.912,,5,,366,65,553,0.023245060949978982
0.25,0.07692307692307693,1.0,0.14285714285714285,unseen_data,BATADAL,dirichlet_smoothing_sweep,999,4,3,3,0.05,0.1,True,2.0,backoff,avg_negative_log,3.912,,5,,366,65,553,0.023245060949978982
0.751219512195122,0.09259259259259259,0.7142857142857143,0.16393442622950818,original,BATADAL,dirichlet_smoothing_sweep,42,4,3,3,0.05,0.1,True,5.0,backoff,avg_negative_log,3.912,,5,,366,65,553,0.023245060949978982
0.7658536585365854,0.09803921568627451,0.7142857142857143,0.1724137931034483,gaussian_noise,BATADAL,dirichlet_smoothing_sweep,42,4,3,3,0.05,0.1,True,5.0,backoff,avg_negative_log,3.912,,5,,366,65,553,0.023245060949978982
0.3125,0.08333333333333333,1.0,0.15384615384615385,unseen_data,BATADAL,dirichlet_smoothing_sweep,42,4,3,3,0.05,0.1,True,5.0,backoff,avg_negative_log,3.912,,5,,366,65,553,0.023245060949978982
0.751219512195122,0.09259259259259259,0.7142857142857143,0.16393442622950818,original,BATADAL,dirichlet_smoothing_sweep,123,4,3,3,0.05,0.1,True,5.0,backoff,avg_negative_log,3.912,,5,,366,65,553,0.023245060949978982
0.7317073170731707,0.05555555555555555,0.42857142857142855,0.09836065573770492,gaussian_noise,BATADAL,dirichlet_smoothing_sweep,123,4,3,3,0.05,0.1,True,5.0,backoff,avg_negative_log,3.912,,5,,366,65,553,0.023245060949978982
0.3125,0.08333333333333333,1.0,0.15384615384615385,unseen_data,BATADAL,dirichlet_smoothing_sweep,123,4,3,3,0.05,0.1,True,5.0,backoff,avg_negative_log,3.912,,5,,366,65,553,0.023245060949978982
0.751219512195122,0.09259259259259259,0.7142857142857143,0.16393442622950818,original,BATADAL,dirichlet_smoothing_sweep,2026,4,3,3,0.05,0.1,True,5.0,backoff,avg_negative_log,3.912,,5,,366,65,553,0.023245060949978982
0.7365853658536585,0.08771929824561403,0.7142857142857143,0.15625,gaussian_noise,BATADAL,dirichlet_smoothing_sweep,2026,4,3,3,0.05,0.1,True,5.0,backoff,avg_negative_log,3.912,,5,,366,65,553,0.023245060949978982
0.3125,0.08333333333333333,1.0,0.15384615384615385,unseen_data,BATADAL,dirichlet_smoothing_sweep,2026,4,3,3,0.05,0.1,True,5.0,backoff,avg_negative_log,3.912,,5,,366,65,553,0.023245060949978982
0.751219512195122,0.09259259259259259,0.7142857142857143,0.16393442622950818,original,BATADAL,dirichlet_smoothing_sweep,7,4,3,3,0.05,0.1,True,5.0,backoff,avg_negative_log,3.912,,5,,366,65,553,0.023245060949978982
0.7560975609756098,0.09433962264150944,0.7142857142857143,0.16666666666666666,gaussian_noise,BATADAL,dirichlet_smoothing_sweep,7,4,3,3,0.05,0.1,True,5.0,backoff,avg_negative_log,3.912,,5,,366,65,553,0.023245060949978982
0.3125,0.08333333333333333,1.0,0.15384615384615385,unseen_data,BATADAL,dirichlet_smoothing_sweep,7,4,3,3,0.05,0.1,True,5.0,backoff,avg_negative_log,3.912,,5,,366,65,553,0.023245060949978982
0.751219512195122,0.09259259259259259,0.7142857142857143,0.16393442622950818,original,BATADAL,dirichlet_smoothing_sweep,999,4,3,3,0.05,0.1,True,5.0,backoff,avg_negative_log,3.912,,5,,366,65,553,0.023245060949978982
0.7463414634146341,0.09090909090909091,0.7142857142857143,0.16129032258064516,gaussian_noise,BATADAL,dirichlet_smoothing_sweep,999,4,3,3,0.05,0.1,True,5.0,backoff,avg_negative_log,3.912,,5,,366,65,553,0.023245060949978982
0.3125,0.08333333333333333,1.0,0.15384615384615385,unseen_data,BATADAL,dirichlet_smoothing_sweep,999,4,3,3,0.05,0.1,True,5.0,backoff,avg_negative_log,3.912,,5,,366,65,553,0.023245060949978982
0.699020480854853,0.7647058823529411,0.22693266832917705,0.35,original,SKAB,dirichlet_smoothing_fold_1,42,4,3,3,0.9,0.5,True,0.01,uniform,avg_negative_log,0.2231,,10,,225,35,400,0.050793650793650794
0.6963490650044524,0.7205882352941176,0.24438902743142144,0.3649906890130354,gaussian_noise,SKAB,dirichlet_smoothing_fold_1,42,4,3,3,0.9,0.5,True,0.01,uniform,avg_negative_log,0.2231,,10,,225,35,400,0.050793650793650794
0.0,0.0,0.0,0.0,unseen_data,SKAB,dirichlet_smoothing_fold_1,42,4,3,3,0.9,0.5,True,0.01,uniform,avg_negative_log,0.2231,,10,,225,35,400,0.050793650793650794
0.699020480854853,0.7647058823529411,0.22693266832917705,0.35,original,SKAB,dirichlet_smoothing_fold_1,123,4,3,3,0.9,0.5,True,0.01,uniform,avg_negative_log,0.2231,,10,,225,35,400,0.050793650793650794
0.6945681211041852,0.7543859649122807,0.2144638403990025,0.3339805825242718,gaussian_noise,SKAB,dirichlet_smoothing_fold_1,123,4,3,3,0.9,0.5,True,0.01,uniform,avg_negative_log,0.2231,,10,,225,35,400,0.050793650793650794
0.0,0.0,0.0,0.0,unseen_data,SKAB,dirichlet_smoothing_fold_1,123,4,3,3,0.9,0.5,True,0.01,uniform,avg_negative_log,0.2231,,10,,225,35,400,0.050793650793650794
0.699020480854853,0.7647058823529411,0.22693266832917705,0.35,original,SKAB,dirichlet_smoothing_fold_1,2026,4,3,3,0.9,0.5,True,0.01,uniform,avg_negative_log,0.2231,,10,,225,35,400,0.050793650793650794
0.680320569902048,0.6521739130434783,0.22443890274314215,0.3339517625231911,gaussian_noise,SKAB,dirichlet_smoothing_fold_1,2026,4,3,3,0.9,0.5,True,0.01,uniform,avg_negative_log,0.2231,,10,,225,35,400,0.050793650793650794
0.0,0.0,0.0,0.0,unseen_data,SKAB,dirichlet_smoothing_fold_1,2026,4,3,3,0.9,0.5,True,0.01,uniform,avg_negative_log,0.2231,,10,,225,35,400,0.050793650793650794
0.699020480854853,0.7647058823529411,0.22693266832917705,0.35,original,SKAB,dirichlet_smoothing_fold_1,7,4,3,3,0.9,0.5,True,0.01,uniform,avg_negative_log,0.2231,,10,,225,35,400,0.050793650793650794
0.6901157613535174,0.7054263565891473,0.22693266832917705,0.3433962264150943,gaussian_noise,SKAB,dirichlet_smoothing_fold_1,7,4,3,3,0.9,0.5,True,0.01,uniform,avg_negative_log,0.2231,,10,,225,35,400,0.050793650793650794
0.0,0.0,0.0,0.0,unseen_data,SKAB,dirichlet_smoothing_fold_1,7,4,3,3,0.9,0.5,True,0.01,uniform,avg_negative_log,0.2231,,10,,225,35,400,0.050793650793650794
0.699020480854853,0.7647058823529411,0.22693266832917705,0.35,original,SKAB,dirichlet_smoothing_fold_1,999,4,3,3,0.9,0.5,True,0.01,uniform,avg_negative_log,0.2231,,10,,225,35,400,0.050793650793650794
0.6936776491540516,0.7522123893805309,0.2119700748129676,0.33073929961089493,gaussian_noise,SKAB,dirichlet_smoothing_fold_1,999,4,3,3,0.9,0.5,True,0.01,uniform,avg_negative_log,0.2231,,10,,225,35,400,0.050793650793650794
0.0,0.0,0.0,0.0,unseen_data,SKAB,dirichlet_smoothing_fold_1,999,4,3,3,0.9,0.5,True,0.01,uniform,avg_negative_log,0.2231,,10,,225,35,400,0.050793650793650794
0.7551385165326184,0.625,0.7960199004975125,0.700218818380744,original,SKAB,dirichlet_smoothing_fold_2,42,4,3,3,0.9,0.5,True,0.01,uniform,avg_negative_log,0.2231,,10,,234,34,438,0.05505279034690799
0.7658623771224308,0.6383399209486166,0.8034825870646766,0.711453744493392,gaussian_noise,SKAB,dirichlet_smoothing_fold_2,42,4,3,3,0.9,0.5,True,0.01,uniform,avg_negative_log,0.2231,,10,,234,34,438,0.05505279034690799
0.0,0.0,0.0,0.0,unseen_data,SKAB,dirichlet_smoothing_fold_2,42,4,3,3,0.9,0.5,True,0.01,uniform,avg_negative_log,0.2231,,10,,234,34,438,0.05505279034690799
0.7551385165326184,0.625,0.7960199004975125,0.700218818380744,original,SKAB,dirichlet_smoothing_fold_2,123,4,3,3,0.9,0.5,True,0.01,uniform,avg_negative_log,0.2231,,10,,234,34,438,0.05505279034690799
0.7649687220732797,0.6349514563106796,0.8134328358208955,0.7131952017448201,gaussian_noise,SKAB,dirichlet_smoothing_fold_2,123,4,3,3,0.9,0.5,True,0.01,uniform,avg_negative_log,0.2231,,10,,234,34,438,0.05505279034690799
0.0,0.0,0.0,0.0,unseen_data,SKAB,dirichlet_smoothing_fold_2,123,4,3,3,0.9,0.5,True,0.01,uniform,avg_negative_log,0.2231,,10,,234,34,438,0.05505279034690799
0.7551385165326184,0.625,0.7960199004975125,0.700218818380744,original,SKAB,dirichlet_smoothing_fold_2,2026,4,3,3,0.9,0.5,True,0.01,uniform,avg_negative_log,0.2231,,10,,234,34,438,0.05505279034690799
0.7596067917783735,0.6266666666666667,0.818407960199005,0.7098166127292341,gaussian_noise,SKAB,dirichlet_smoothing_fold_2,2026,4,3,3,0.9,0.5,True,0.01,uniform,avg_negative_log,0.2231,,10,,234,34,438,0.05505279034690799
0.0,0.0,0.0,0.0,unseen_data,SKAB,dirichlet_smoothing_fold_2,2026,4,3,3,0.9,0.5,True,0.01,uniform,avg_negative_log,0.2231,,10,,234,34,438,0.05505279034690799
0.7551385165326184,0.625,0.7960199004975125,0.700218818380744,original,SKAB,dirichlet_smoothing_fold_2,7,4,3,3,0.9,0.5,True,0.01,uniform,avg_negative_log,0.2231,,10,,234,34,438,0.05505279034690799
0.7631814119749777,0.6309751434034416,0.8208955223880597,0.7135135135135136,gaussian_noise,SKAB,dirichlet_smoothing_fold_2,7,4,3,3,0.9,0.5,True,0.01,uniform,avg_negative_log,0.2231,,10,,234,34,438,0.05505279034690799
0.0,0.0,0.0,0.0,unseen_data,SKAB,dirichlet_smoothing_fold_2,7,4,3,3,0.9,0.5,True,0.01,uniform,avg_negative_log,0.2231,,10,,234,34,438,0.05505279034690799
0.7551385165326184,0.625,0.7960199004975125,0.700218818380744,original,SKAB,dirichlet_smoothing_fold_2,999,4,3,3,0.9,0.5,True,0.01,uniform,avg_negative_log,0.2231,,10,,234,34,438,0.05505279034690799
0.7551385165326184,0.625,0.7960199004975125,0.700218818380744,gaussian_noise,SKAB,dirichlet_smoothing_fold_2,999,4,3,3,0.9,0.5,True,0.01,uniform,avg_negative_log,0.2231,,10,,234,34,438,0.05505279034690799
0.0,0.0,0.0,0.0,unseen_data,SKAB,dirichlet_smoothing_fold_2,999,4,3,3,0.9,0.5,True,0.01,uniform,avg_negative_log,0.2231,,10,,234,34,438,0.05505279034690799
0.610366398570152,0.4651600753295669,0.6190476190476191,0.5311827956989247,original,SKAB,dirichlet_smoothing_fold_3,42,4,3,3,0.9,0.5,True,0.01,uniform,avg_negative_log,0.2231,,10,,243,37,440,0.048937826715604496
0.613047363717605,0.4675572519083969,0.6140350877192983,0.5308775731310943,gaussian_noise,SKAB,dirichlet_smoothing_fold_3,42,4,3,3,0.9,0.5,True,0.01,uniform,avg_negative_log,0.2231,,10,,243,37,440,0.048937826715604496
1.0,0.0,0.0,0.0,unseen_data,SKAB,dirichlet_smoothing_fold_3,42,4,3,3,0.9,0.5,True,0.01,uniform,avg_negative_log,0.2231,,10,,243,37,440,0.048937826715604496
0.610366398570152,0.4651600753295669,0.6190476190476191,0.5311827956989247,original,SKAB,dirichlet_smoothing_fold_3,123,4,3,3,0.9,0.5,True,0.01,uniform,avg_negative_log,0.2231,,10,,243,37,440,0.048937826715604496
0.6023235031277927,0.4583333333333333,0.6340852130325815,0.5320715036803365,gaussian_noise,SKAB,dirichlet_smoothing_fold_3,123,4,3,3,0.9,0.5,True,0.01,uniform,avg_negative_log,0.2231,,10,,243,37,440,0.048937826715604496
1.0,0.0,0.0,0.0,unseen_data,SKAB,dirichlet_smoothing_fold_3,123,4,3,3,0.9,0.5,True,0.01,uniform,avg_negative_log,0.2231,,10,,243,37,440,0.048937826715604496
0.610366398570152,0.4651600753295669,0.6190476190476191,0.5311827956989247,original,SKAB,dirichlet_smoothing_fold_3,2026,4,3,3,0.9,0.5,True,0.01,uniform,avg_negative_log,0.2231,,10,,243,37,440,0.048937826715604496
0.6157283288650581,0.4719710669077758,0.6541353383458647,0.5483193277310925,gaussian_noise,SKAB,dirichlet_smoothing_fold_3,2026,4,3,3,0.9,0.5,True,0.01,uniform,avg_negative_log,0.2231,,10,,243,37,440,0.048937826715604496
1.0,0.0,0.0,0.0,unseen_data,SKAB,dirichlet_smoothing_fold_3,2026,4,3,3,0.9,0.5,True,0.01,uniform,avg_negative_log,0.2231,,10,,243,37,440,0.048937826715604496
0.610366398570152,0.4651600753295669,0.6190476190476191,0.5311827956989247,original,SKAB,dirichlet_smoothing_fold_3,7,4,3,3,0.9,0.5,True,0.01,uniform,avg_negative_log,0.2231,,10,,243,37,440,0.048937826715604496
0.6219839142091153,0.47833935018050544,0.6641604010025063,0.5561385099685204,gaussian_noise,SKAB,dirichlet_smoothing_fold_3,7,4,3,3,0.9,0.5,True,0.01,uniform,avg_negative_log,0.2231,,10,,243,37,440,0.048937826715604496
1.0,0.0,0.0,0.0,unseen_data,SKAB,dirichlet_smoothing_fold_3,7,4,3,3,0.9,0.5,True,0.01,uniform,avg_negative_log,0.2231,,10,,243,37,440,0.048937826715604496
0.610366398570152,0.4651600753295669,0.6190476190476191,0.5311827956989247,original,SKAB,dirichlet_smoothing_fold_3,999,4,3,3,0.9,0.5,True,0.01,uniform,avg_negative_log,0.2231,,10,,243,37,440,0.048937826715604496
0.6032171581769437,0.45871559633027525,0.6265664160401002,0.5296610169491526,gaussian_noise,SKAB,dirichlet_smoothing_fold_3,999,4,3,3,0.9,0.5,True,0.01,uniform,avg_negative_log,0.2231,,10,,243,37,440,0.048937826715604496
1.0,0.0,0.0,0.0,unseen_data,SKAB,dirichlet_smoothing_fold_3,999,4,3,3,0.9,0.5,True,0.01,uniform,avg_negative_log,0.2231,,10,,243,37,440,0.048937826715604496
0.3432971014492754,0.16869918699186992,0.20802005012531327,0.186307519640853,original,SKAB,dirichlet_smoothing_fold_4,42,4,3,3,0.9,0.5,True,0.01,uniform,avg_negative_log,0.2231,,10,,241,36,449,0.05175195942830797
0.32518115942028986,0.14979757085020243,0.18546365914786966,0.16573348264277715,gaussian_noise,SKAB,dirichlet_smoothing_fold_4,42,4,3,3,0.9,0.5,True,0.01,uniform,avg_negative_log,0.2231,,10,,241,36,449,0.05175195942830797
1.0,0.0,0.0,0.0,unseen_data,SKAB,dirichlet_smoothing_fold_4,42,4,3,3,0.9,0.5,True,0.01,uniform,avg_negative_log,0.2231,,10,,241,36,449,0.05175195942830797
0.3432971014492754,0.16869918699186992,0.20802005012531327,0.186307519640853,original,SKAB,dirichlet_smoothing_fold_4,123,4,3,3,0.9,0.5,True,0.01,uniform,avg_negative_log,0.2231,,10,,241,36,449,0.05175195942830797
0.32518115942028986,0.1483739837398374,0.18295739348370926,0.1638608305274972,gaussian_noise,SKAB,dirichlet_smoothing_fold_4,123,4,3,3,0.9,0.5,True,0.01,uniform,avg_negative_log,0.2231,,10,,241,36,449,0.05175195942830797
1.0,0.0,0.0,0.0,unseen_data,SKAB,dirichlet_smoothing_fold_4,123,4,3,3,0.9,0.5,True,0.01,uniform,avg_negative_log,0.2231,,10,,241,36,449,0.05175195942830797
0.3432971014492754,0.16869918699186992,0.20802005012531327,0.186307519640853,original,SKAB,dirichlet_smoothing_fold_4,2026,4,3,3,0.9,0.5,True,0.01,uniform,avg_negative_log,0.2231,,10,,241,36,449,0.05175195942830797
0.32608695652173914,0.15010141987829614,0.18546365914786966,0.16591928251121077,gaussian_noise,SKAB,dirichlet_smoothing_fold_4,2026,4,3,3,0.9,0.5,True,0.01,uniform,avg_negative_log,0.2231,,10,,241,36,449,0.05175195942830797
1.0,0.0,0.0,0.0,unseen_data,SKAB,dirichlet_smoothing_fold_4,2026,4,3,3,0.9,0.5,True,0.01,uniform,avg_negative_log,0.2231,,10,,241,36,449,0.05175195942830797
0.3432971014492754,0.16869918699186992,0.20802005012531327,0.186307519640853,original,SKAB,dirichlet_smoothing_fold_4,7,4,3,3,0.9,0.5,True,0.01,uniform,avg_negative_log,0.2231,,10,,241,36,449,0.05175195942830797
0.34601449275362317,0.16837782340862423,0.20551378446115287,0.18510158013544017,gaussian_noise,SKAB,dirichlet_smoothing_fold_4,7,4,3,3,0.9,0.5,True,0.01,uniform,avg_negative_log,0.2231,,10,,241,36,449,0.05175195942830797
1.0,0.0,0.0,0.0,unseen_data,SKAB,dirichlet_smoothing_fold_4,7,4,3,3,0.9,0.5,True,0.01,uniform,avg_negative_log,0.2231,,10,,241,36,449,0.05175195942830797
0.3432971014492754,0.16869918699186992,0.20802005012531327,0.186307519640853,original,SKAB,dirichlet_smoothing_fold_4,999,4,3,3,0.9,0.5,True,0.01,uniform,avg_negative_log,0.2231,,10,,241,36,449,0.05175195942830797
0.3278985507246377,0.16306483300589392,0.20802005012531327,0.1828193832599119,gaussian_noise,SKAB,dirichlet_smoothing_fold_4,999,4,3,3,0.9,0.5,True,0.01,uniform,avg_negative_log,0.2231,,10,,241,36,449,0.05175195942830797
1.0,0.0,0.0,0.0,unseen_data,SKAB,dirichlet_smoothing_fold_4,999,4,3,3,0.9,0.5,True,0.01,uniform,avg_negative_log,0.2231,,10,,241,36,449,0.05175195942830797
0.5977011494252874,0.4656019656019656,0.949874686716792,0.6248969497114591,original,SKAB,dirichlet_smoothing_fold_5,42,4,3,3,0.9,0.5,True,0.01,uniform,avg_negative_log,0.2231,,10,,225,36,389,0.048024691358024695
0.5932802829354553,0.4625766871165644,0.9448621553884712,0.6210873146622735,gaussian_noise,SKAB,dirichlet_smoothing_fold_5,42,4,3,3,0.9,0.5,True,0.01,uniform,avg_negative_log,0.2231,,10,,225,36,389,0.048024691358024695
0.7391304347826086,0.7142857142857143,1.0,0.8333333333333334,unseen_data,SKAB,dirichlet_smoothing_fold_5,42,4,3,3,0.9,0.5,True,0.01,uniform,avg_negative_log,0.2231,,10,,225,36,389,0.048024691358024695
0.5977011494252874,0.4656019656019656,0.949874686716792,0.6248969497114591,original,SKAB,dirichlet_smoothing_fold_5,123,4,3,3,0.9,0.5,True,0.01,uniform,avg_negative_log,0.2231,,10,,225,36,389,0.048024691358024695
0.5915119363395226,0.45987261146496816,0.9047619047619048,0.6097972972972973,gaussian_noise,SKAB,dirichlet_smoothing_fold_5,123,4,3,3,0.9,0.5,True,0.01,uniform,avg_negative_log,0.2231,,10,,225,36,389,0.048024691358024695
0.7391304347826086,0.7142857142857143,1.0,0.8333333333333334,unseen_data,SKAB,dirichlet_smoothing_fold_5,123,4,3,3,0.9,0.5,True,0.01,uniform,avg_negative_log,0.2231,,10,,225,36,389,0.048024691358024695
0.5977011494252874,0.4656019656019656,0.949874686716792,0.6248969497114591,original,SKAB,dirichlet_smoothing_fold_5,2026,4,3,3,0.9,0.5,True,0.01,uniform,avg_negative_log,0.2231,,10,,225,36,389,0.048024691358024695
0.6074270557029178,0.4722564734895191,0.9598997493734336,0.6330578512396694,gaussian_noise,SKAB,dirichlet_smoothing_fold_5,2026,4,3,3,0.9,0.5,True,0.01,uniform,avg_negative_log,0.2231,,10,,225,36,389,0.048024691358024695
0.7391304347826086,0.7142857142857143,1.0,0.8333333333333334,unseen_data,SKAB,dirichlet_smoothing_fold_5,2026,4,3,3,0.9,0.5,True,0.01,uniform,avg_negative_log,0.2231,,10,,225,36,389,0.048024691358024695
0.5977011494252874,0.4656019656019656,0.949874686716792,0.6248969497114591,original,SKAB,dirichlet_smoothing_fold_5,7,4,3,3,0.9,0.5,True,0.01,uniform,avg_negative_log,0.2231,,10,,225,36,389,0.048024691358024695
0.5826702033598585,0.4554334554334554,0.9348370927318296,0.6124794745484401,gaussian_noise,SKAB,dirichlet_smoothing_fold_5,7,4,3,3,0.9,0.5,True,0.01,uniform,avg_negative_log,0.2231,,10,,225,36,389,0.048024691358024695
0.7391304347826086,0.7142857142857143,1.0,0.8333333333333334,unseen_data,SKAB,dirichlet_smoothing_fold_5,7,4,3,3,0.9,0.5,True,0.01,uniform,avg_negative_log,0.2231,,10,,225,36,389,0.048024691358024695
0.5977011494252874,0.4656019656019656,0.949874686716792,0.6248969497114591,original,SKAB,dirichlet_smoothing_fold_5,999,4,3,3,0.9,0.5,True,0.01,uniform,avg_negative_log,0.2231,,10,,225,36,389,0.048024691358024695
0.5747126436781609,0.44938271604938274,0.9122807017543859,0.6021505376344086,gaussian_noise,SKAB,dirichlet_smoothing_fold_5,999,4,3,3,0.9,0.5,True,0.01,uniform,avg_negative_log,0.2231,,10,,225,36,389,0.048024691358024695
0.7391304347826086,0.7142857142857143,1.0,0.8333333333333334,unseen_data,SKAB,dirichlet_smoothing_fold_5,999,4,3,3,0.9,0.5,True,0.01,uniform,avg_negative_log,0.2231,,10,,225,36,389,0.048024691358024695
0.699020480854853,0.7647058823529411,0.22693266832917705,0.35,original,SKAB,dirichlet_smoothing_fold_1,42,4,3,3,0.9,0.5,True,0.05,uniform,avg_negative_log,0.2231,,10,,225,35,400,0.050793650793650794
0.6963490650044524,0.7205882352941176,0.24438902743142144,0.3649906890130354,gaussian_noise,SKAB,dirichlet_smoothing_fold_1,42,4,3,3,0.9,0.5,True,0.05,uniform,avg_negative_log,0.2231,,10,,225,35,400,0.050793650793650794
0.0,0.0,0.0,0.0,unseen_data,SKAB,dirichlet_smoothing_fold_1,42,4,3,3,0.9,0.5,True,0.05,uniform,avg_negative_log,0.2231,,10,,225,35,400,0.050793650793650794
0.699020480854853,0.7647058823529411,0.22693266832917705,0.35,original,SKAB,dirichlet_smoothing_fold_1,123,4,3,3,0.9,0.5,True,0.05,uniform,avg_negative_log,0.2231,,10,,225,35,400,0.050793650793650794
0.6945681211041852,0.7543859649122807,0.2144638403990025,0.3339805825242718,gaussian_noise,SKAB,dirichlet_smoothing_fold_1,123,4,3,3,0.9,0.5,True,0.05,uniform,avg_negative_log,0.2231,,10,,225,35,400,0.050793650793650794
0.0,0.0,0.0,0.0,unseen_data,SKAB,dirichlet_smoothing_fold_1,123,4,3,3,0.9,0.5,True,0.05,uniform,avg_negative_log,0.2231,,10,,225,35,400,0.050793650793650794
0.699020480854853,0.7647058823529411,0.22693266832917705,0.35,original,SKAB,dirichlet_smoothing_fold_1,2026,4,3,3,0.9,0.5,True,0.05,uniform,avg_negative_log,0.2231,,10,,225,35,400,0.050793650793650794
0.6812110418521816,0.6546762589928058,0.22693266832917705,0.337037037037037,gaussian_noise,SKAB,dirichlet_smoothing_fold_1,2026,4,3,3,0.9,0.5,True,0.05,uniform,avg_negative_log,0.2231,,10,,225,35,400,0.050793650793650794
0.0,0.0,0.0,0.0,unseen_data,SKAB,dirichlet_smoothing_fold_1,2026,4,3,3,0.9,0.5,True,0.05,uniform,avg_negative_log,0.2231,,10,,225,35,400,0.050793650793650794
0.699020480854853,0.7647058823529411,0.22693266832917705,0.35,original,SKAB,dirichlet_smoothing_fold_1,7,4,3,3,0.9,0.5,True,0.05,uniform,avg_negative_log,0.2231,,10,,225,35,400,0.050793650793650794
0.6901157613535174,0.7054263565891473,0.22693266832917705,0.3433962264150943,gaussian_noise,SKAB,dirichlet_smoothing_fold_1,7,4,3,3,0.9,0.5,True,0.05,uniform,avg_negative_log,0.2231,,10,,225,35,400,0.050793650793650794
0.0,0.0,0.0,0.0,unseen_data,SKAB,dirichlet_smoothing_fold_1,7,4,3,3,0.9,0.5,True,0.05,uniform,avg_negative_log,0.2231,,10,,225,35,400,0.050793650793650794
0.699020480854853,0.7647058823529411,0.22693266832917705,0.35,original,SKAB,dirichlet_smoothing_fold_1,999,4,3,3,0.9,0.5,True,0.05,uniform,avg_negative_log,0.2231,,10,,225,35,400,0.050793650793650794
0.6936776491540516,0.7522123893805309,0.2119700748129676,0.33073929961089493,gaussian_noise,SKAB,dirichlet_smoothing_fold_1,999,4,3,3,0.9,0.5,True,0.05,uniform,avg_negative_log,0.2231,,10,,225,35,400,0.050793650793650794
0.0,0.0,0.0,0.0,unseen_data,SKAB,dirichlet_smoothing_fold_1,999,4,3,3,0.9,0.5,True,0.05,uniform,avg_negative_log,0.2231,,10,,225,35,400,0.050793650793650794
0.7551385165326184,0.625,0.7960199004975125,0.700218818380744,original,SKAB,dirichlet_smoothing_fold_2,42,4,3,3,0.9,0.5,True,0.05,uniform,avg_negative_log,0.2231,,10,,234,34,438,0.05505279034690799
0.7658623771224308,0.6383399209486166,0.8034825870646766,0.711453744493392,gaussian_noise,SKAB,dirichlet_smoothing_fold_2,42,4,3,3,0.9,0.5,True,0.05,uniform,avg_negative_log,0.2231,,10,,234,34,438,0.05505279034690799
0.0,0.0,0.0,0.0,unseen_data,SKAB,dirichlet_smoothing_fold_2,42,4,3,3,0.9,0.5,True,0.05,uniform,avg_negative_log,0.2231,,10,,234,34,438,0.05505279034690799
0.7551385165326184,0.625,0.7960199004975125,0.700218818380744,original,SKAB,dirichlet_smoothing_fold_2,123,4,3,3,0.9,0.5,True,0.05,uniform,avg_negative_log,0.2231,,10,,234,34,438,0.05505279034690799
0.7649687220732797,0.6349514563106796,0.8134328358208955,0.7131952017448201,gaussian_noise,SKAB,dirichlet_smoothing_fold_2,123,4,3,3,0.9,0.5,True,0.05,uniform,avg_negative_log,0.2231,,10,,234,34,438,0.05505279034690799
0.0,0.0,0.0,0.0,unseen_data,SKAB,dirichlet_smoothing_fold_2,123,4,3,3,0.9,0.5,True,0.05,uniform,avg_negative_log,0.2231,,10,,234,34,438,0.05505279034690799
0.7551385165326184,0.625,0.7960199004975125,0.700218818380744,original,SKAB,dirichlet_smoothing_fold_2,2026,4,3,3,0.9,0.5,True,0.05,uniform,avg_negative_log,0.2231,,10,,234,34,438,0.05505279034690799
0.7596067917783735,0.6266666666666667,0.818407960199005,0.7098166127292341,gaussian_noise,SKAB,dirichlet_smoothing_fold_2,2026,4,3,3,0.9,0.5,True,0.05,uniform,avg_negative_log,0.2231,,10,,234,34,438,0.05505279034690799
0.0,0.0,0.0,0.0,unseen_data,SKAB,dirichlet_smoothing_fold_2,2026,4,3,3,0.9,0.5,True,0.05,uniform,avg_negative_log,0.2231,,10,,234,34,438,0.05505279034690799
0.7551385165326184,0.625,0.7960199004975125,0.700218818380744,original,SKAB,dirichlet_smoothing_fold_2,7,4,3,3,0.9,0.5,True,0.05,uniform,avg_negative_log,0.2231,,10,,234,34,438,0.05505279034690799
0.7631814119749777,0.6309751434034416,0.8208955223880597,0.7135135135135136,gaussian_noise,SKAB,dirichlet_smoothing_fold_2,7,4,3,3,0.9,0.5,True,0.05,uniform,avg_negative_log,0.2231,,10,,234,34,438,0.05505279034690799
0.0,0.0,0.0,0.0,unseen_data,SKAB,dirichlet_smoothing_fold_2,7,4,3,3,0.9,0.5,True,0.05,uniform,avg_negative_log,0.2231,,10,,234,34,438,0.05505279034690799
0.7551385165326184,0.625,0.7960199004975125,0.700218818380744,original,SKAB,dirichlet_smoothing_fold_2,999,4,3,3,0.9,0.5,True,0.05,uniform,avg_negative_log,0.2231,,10,,234,34,438,0.05505279034690799
0.7551385165326184,0.625,0.7960199004975125,0.700218818380744,gaussian_noise,SKAB,dirichlet_smoothing_fold_2,999,4,3,3,0.9,0.5,True,0.05,uniform,avg_negative_log,0.2231,,10,,234,34,438,0.05505279034690799
0.0,0.0,0.0,0.0,unseen_data,SKAB,dirichlet_smoothing_fold_2,999,4,3,3,0.9,0.5,True,0.05,uniform,avg_negative_log,0.2231,,10,,234,34,438,0.05505279034690799
0.610366398570152,0.4651600753295669,0.6190476190476191,0.5311827956989247,original,SKAB,dirichlet_smoothing_fold_3,42,4,3,3,0.9,0.5,True,0.05,uniform,avg_negative_log,0.2231,,10,,243,37,440,0.048937826715604496
0.613047363717605,0.4675572519083969,0.6140350877192983,0.5308775731310943,gaussian_noise,SKAB,dirichlet_smoothing_fold_3,42,4,3,3,0.9,0.5,True,0.05,uniform,avg_negative_log,0.2231,,10,,243,37,440,0.048937826715604496
1.0,0.0,0.0,0.0,unseen_data,SKAB,dirichlet_smoothing_fold_3,42,4,3,3,0.9,0.5,True,0.05,uniform,avg_negative_log,0.2231,,10,,243,37,440,0.048937826715604496
0.610366398570152,0.4651600753295669,0.6190476190476191,0.5311827956989247,original,SKAB,dirichlet_smoothing_fold_3,123,4,3,3,0.9,0.5,True,0.05,uniform,avg_negative_log,0.2231,,10,,243,37,440,0.048937826715604496
0.6023235031277927,0.4583333333333333,0.6340852130325815,0.5320715036803365,gaussian_noise,SKAB,dirichlet_smoothing_fold_3,123,4,3,3,0.9,0.5,True,0.05,uniform,avg_negative_log,0.2231,,10,,243,37,440,0.048937826715604496
1.0,0.0,0.0,0.0,unseen_data,SKAB,dirichlet_smoothing_fold_3,123,4,3,3,0.9,0.5,True,0.05,uniform,avg_negative_log,0.2231,,10,,243,37,440,0.048937826715604496
0.610366398570152,0.4651600753295669,0.6190476190476191,0.5311827956989247,original,SKAB,dirichlet_smoothing_fold_3,2026,4,3,3,0.9,0.5,True,0.05,uniform,avg_negative_log,0.2231,,10,,243,37,440,0.048937826715604496
0.6157283288650581,0.4719710669077758,0.6541353383458647,0.5483193277310925,gaussian_noise,SKAB,dirichlet_smoothing_fold_3,2026,4,3,3,0.9,0.5,True,0.05,uniform,avg_negative_log,0.2231,,10,,243,37,440,0.048937826715604496
1.0,0.0,0.0,0.0,unseen_data,SKAB,dirichlet_smoothing_fold_3,2026,4,3,3,0.9,0.5,True,0.05,uniform,avg_negative_log,0.2231,,10,,243,37,440,0.048937826715604496
0.610366398570152,0.4651600753295669,0.6190476190476191,0.5311827956989247,original,SKAB,dirichlet_smoothing_fold_3,7,4,3,3,0.9,0.5,True,0.05,uniform,avg_negative_log,0.2231,,10,,243,37,440,0.048937826715604496
0.6210902591599643,0.4774774774774775,0.6641604010025063,0.5555555555555556,gaussian_noise,SKAB,dirichlet_smoothing_fold_3,7,4,3,3,0.9,0.5,True,0.05,uniform,avg_negative_log,0.2231,,10,,243,37,440,0.048937826715604496
1.0,0.0,0.0,0.0,unseen_data,SKAB,dirichlet_smoothing_fold_3,7,4,3,3,0.9,0.5,True,0.05,uniform,avg_negative_log,0.2231,,10,,243,37,440,0.048937826715604496
0.610366398570152,0.4651600753295669,0.6190476190476191,0.5311827956989247,original,SKAB,dirichlet_smoothing_fold_3,999,4,3,3,0.9,0.5,True,0.05,uniform,avg_negative_log,0.2231,,10,,243,37,440,0.048937826715604496
0.6032171581769437,0.45871559633027525,0.6265664160401002,0.5296610169491526,gaussian_noise,SKAB,dirichlet_smoothing_fold_3,999,4,3,3,0.9,0.5,True,0.05,uniform,avg_negative_log,0.2231,,10,,243,37,440,0.048937826715604496
1.0,0.0,0.0,0.0,unseen_data,SKAB,dirichlet_smoothing_fold_3,999,4,3,3,0.9,0.5,True,0.05,uniform,avg_negative_log,0.2231,,10,,243,37,440,0.048937826715604496
0.3432971014492754,0.16869918699186992,0.20802005012531327,0.186307519640853,original,SKAB,dirichlet_smoothing_fold_4,42,4,3,3,0.9,0.5,True,0.05,uniform,avg_negative_log,0.2231,,10,,241,36,449,0.05175195942830797
0.32518115942028986,0.14979757085020243,0.18546365914786966,0.16573348264277715,gaussian_noise,SKAB,dirichlet_smoothing_fold_4,42,4,3,3,0.9,0.5,True,0.05,uniform,avg_negative_log,0.2231,,10,,241,36,449,0.05175195942830797
1.0,0.0,0.0,0.0,unseen_data,SKAB,dirichlet_smoothing_fold_4,42,4,3,3,0.9,0.5,True,0.05,uniform,avg_negative_log,0.2231,,10,,241,36,449,0.05175195942830797
0.3432971014492754,0.16869918699186992,0.20802005012531327,0.186307519640853,original,SKAB,dirichlet_smoothing_fold_4,123,4,3,3,0.9,0.5,True,0.05,uniform,avg_negative_log,0.2231,,10,,241,36,449,0.05175195942830797
0.32518115942028986,0.1483739837398374,0.18295739348370926,0.1638608305274972,gaussian_noise,SKAB,dirichlet_smoothing_fold_4,123,4,3,3,0.9,0.5,True,0.05,uniform,avg_negative_log,0.2231,,10,,241,36,449,0.05175195942830797
1.0,0.0,0.0,0.0,unseen_data,SKAB,dirichlet_smoothing_fold_4,123,4,3,3,0.9,0.5,True,0.05,uniform,avg_negative_log,0.2231,,10,,241,36,449,0.05175195942830797
0.3432971014492754,0.16869918699186992,0.20802005012531327,0.186307519640853,original,SKAB,dirichlet_smoothing_fold_4,2026,4,3,3,0.9,0.5,True,0.05,uniform,avg_negative_log,0.2231,,10,,241,36,449,0.05175195942830797
0.32608695652173914,0.15010141987829614,0.18546365914786966,0.16591928251121077,gaussian_noise,SKAB,dirichlet_smoothing_fold_4,2026,4,3,3,0.9,0.5,True,0.05,uniform,avg_negative_log,0.2231,,10,,241,36,449,0.05175195942830797
1.0,0.0,0.0,0.0,unseen_data,SKAB,dirichlet_smoothing_fold_4,2026,4,3,3,0.9,0.5,True,0.05,uniform,avg_negative_log,0.2231,,10,,241,36,449,0.05175195942830797
0.3432971014492754,0.16869918699186992,0.20802005012531327,0.186307519640853,original,SKAB,dirichlet_smoothing_fold_4,7,4,3,3,0.9,0.5,True,0.05,uniform,avg_negative_log,0.2231,,10,,241,36,449,0.05175195942830797
0.34601449275362317,0.16837782340862423,0.20551378446115287,0.18510158013544017,gaussian_noise,SKAB,dirichlet_smoothing_fold_4,7,4,3,3,0.9,0.5,True,0.05,uniform,avg_negative_log,0.2231,,10,,241,36,449,0.05175195942830797
1.0,0.0,0.0,0.0,unseen_data,SKAB,dirichlet_smoothing_fold_4,7,4,3,3,0.9,0.5,True,0.05,uniform,avg_negative_log,0.2231,,10,,241,36,449,0.05175195942830797
0.3432971014492754,0.16869918699186992,0.20802005012531327,0.186307519640853,original,SKAB,dirichlet_smoothing_fold_4,999,4,3,3,0.9,0.5,True,0.05,uniform,avg_negative_log,0.2231,,10,,241,36,449,0.05175195942830797
0.3278985507246377,0.16306483300589392,0.20802005012531327,0.1828193832599119,gaussian_noise,SKAB,dirichlet_smoothing_fold_4,999,4,3,3,0.9,0.5,True,0.05,uniform,avg_negative_log,0.2231,,10,,241,36,449,0.05175195942830797
1.0,0.0,0.0,0.0,unseen_data,SKAB,dirichlet_smoothing_fold_4,999,4,3,3,0.9,0.5,True,0.05,uniform,avg_negative_log,0.2231,,10,,241,36,449,0.05175195942830797
0.5977011494252874,0.4656019656019656,0.949874686716792,0.6248969497114591,original,SKAB,dirichlet_smoothing_fold_5,42,4,3,3,0.9,0.5,True,0.05,uniform,avg_negative_log,0.2231,,10,,225,36,389,0.048024691358024695
0.5932802829354553,0.4625766871165644,0.9448621553884712,0.6210873146622735,gaussian_noise,SKAB,dirichlet_smoothing_fold_5,42,4,3,3,0.9,0.5,True,0.05,uniform,avg_negative_log,0.2231,,10,,225,36,389,0.048024691358024695
0.7391304347826086,0.7142857142857143,1.0,0.8333333333333334,unseen_data,SKAB,dirichlet_smoothing_fold_5,42,4,3,3,0.9,0.5,True,0.05,uniform,avg_negative_log,0.2231,,10,,225,36,389,0.048024691358024695
0.5977011494252874,0.4656019656019656,0.949874686716792,0.6248969497114591,original,SKAB,dirichlet_smoothing_fold_5,123,4,3,3,0.9,0.5,True,0.05,uniform,avg_negative_log,0.2231,,10,,225,36,389,0.048024691358024695
0.5915119363395226,0.45987261146496816,0.9047619047619048,0.6097972972972973,gaussian_noise,SKAB,dirichlet_smoothing_fold_5,123,4,3,3,0.9,0.5,True,0.05,uniform,avg_negative_log,0.2231,,10,,225,36,389,0.048024691358024695
0.7391304347826086,0.7142857142857143,1.0,0.8333333333333334,unseen_data,SKAB,dirichlet_smoothing_fold_5,123,4,3,3,0.9,0.5,True,0.05,uniform,avg_negative_log,0.2231,,10,,225,36,389,0.048024691358024695
0.5977011494252874,0.4656019656019656,0.949874686716792,0.6248969497114591,original,SKAB,dirichlet_smoothing_fold_5,2026,4,3,3,0.9,0.5,True,0.05,uniform,avg_negative_log,0.2231,,10,,225,36,389,0.048024691358024695
0.6074270557029178,0.4722564734895191,0.9598997493734336,0.6330578512396694,gaussian_noise,SKAB,dirichlet_smoothing_fold_5,2026,4,3,3,0.9,0.5,True,0.05,uniform,avg_negative_log,0.2231,,10,,225,36,389,0.048024691358024695
0.7391304347826086,0.7142857142857143,1.0,0.8333333333333334,unseen_data,SKAB,dirichlet_smoothing_fold_5,2026,4,3,3,0.9,0.5,True,0.05,uniform,avg_negative_log,0.2231,,10,,225,36,389,0.048024691358024695
0.5977011494252874,0.4656019656019656,0.949874686716792,0.6248969497114591,original,SKAB,dirichlet_smoothing_fold_5,7,4,3,3,0.9,0.5,True,0.05,uniform,avg_negative_log,0.2231,,10,,225,36,389,0.048024691358024695
0.5826702033598585,0.4554334554334554,0.9348370927318296,0.6124794745484401,gaussian_noise,SKAB,dirichlet_smoothing_fold_5,7,4,3,3,0.9,0.5,True,0.05,uniform,avg_negative_log,0.2231,,10,,225,36,389,0.048024691358024695
0.7391304347826086,0.7142857142857143,1.0,0.8333333333333334,unseen_data,SKAB,dirichlet_smoothing_fold_5,7,4,3,3,0.9,0.5,True,0.05,uniform,avg_negative_log,0.2231,,10,,225,36,389,0.048024691358024695
0.5977011494252874,0.4656019656019656,0.949874686716792,0.6248969497114591,original,SKAB,dirichlet_smoothing_fold_5,999,4,3,3,0.9,0.5,True,0.05,uniform,avg_negative_log,0.2231,,10,,225,36,389,0.048024691358024695
0.5747126436781609,0.44938271604938274,0.9122807017543859,0.6021505376344086,gaussian_noise,SKAB,dirichlet_smoothing_fold_5,999,4,3,3,0.9,0.5,True,0.05,uniform,avg_negative_log,0.2231,,10,,225,36,389,0.048024691358024695
0.7391304347826086,0.7142857142857143,1.0,0.8333333333333334,unseen_data,SKAB,dirichlet_smoothing_fold_5,999,4,3,3,0.9,0.5,True,0.05,uniform,avg_negative_log,0.2231,,10,,225,36,389,0.048024691358024695
0.699020480854853,0.7647058823529411,0.22693266832917705,0.35,original,SKAB,dirichlet_smoothing_fold_1,42,4,3,3,0.9,0.5,True,0.1,uniform,avg_negative_log,0.2231,,10,,225,35,400,0.050793650793650794
0.6963490650044524,0.7205882352941176,0.24438902743142144,0.3649906890130354,gaussian_noise,SKAB,dirichlet_smoothing_fold_1,42,4,3,3,0.9,0.5,True,0.1,uniform,avg_negative_log,0.2231,,10,,225,35,400,0.050793650793650794
0.0,0.0,0.0,0.0,unseen_data,SKAB,dirichlet_smoothing_fold_1,42,4,3,3,0.9,0.5,True,0.1,uniform,avg_negative_log,0.2231,,10,,225,35,400,0.050793650793650794
0.699020480854853,0.7647058823529411,0.22693266832917705,0.35,original,SKAB,dirichlet_smoothing_fold_1,123,4,3,3,0.9,0.5,True,0.1,uniform,avg_negative_log,0.2231,,10,,225,35,400,0.050793650793650794
0.6945681211041852,0.7543859649122807,0.2144638403990025,0.3339805825242718,gaussian_noise,SKAB,dirichlet_smoothing_fold_1,123,4,3,3,0.9,0.5,True,0.1,uniform,avg_negative_log,0.2231,,10,,225,35,400,0.050793650793650794
0.0,0.0,0.0,0.0,unseen_data,SKAB,dirichlet_smoothing_fold_1,123,4,3,3,0.9,0.5,True,0.1,uniform,avg_negative_log,0.2231,,10,,225,35,400,0.050793650793650794
0.699020480854853,0.7647058823529411,0.22693266832917705,0.35,original,SKAB,dirichlet_smoothing_fold_1,2026,4,3,3,0.9,0.5,True,0.1,uniform,avg_negative_log,0.2231,,10,,225,35,400,0.050793650793650794
0.6812110418521816,0.6546762589928058,0.22693266832917705,0.337037037037037,gaussian_noise,SKAB,dirichlet_smoothing_fold_1,2026,4,3,3,0.9,0.5,True,0.1,uniform,avg_negative_log,0.2231,,10,,225,35,400,0.050793650793650794
0.0,0.0,0.0,0.0,unseen_data,SKAB,dirichlet_smoothing_fold_1,2026,4,3,3,0.9,0.5,True,0.1,uniform,avg_negative_log,0.2231,,10,,225,35,400,0.050793650793650794
0.699020480854853,0.7647058823529411,0.22693266832917705,0.35,original,SKAB,dirichlet_smoothing_fold_1,7,4,3,3,0.9,0.5,True,0.1,uniform,avg_negative_log,0.2231,,10,,225,35,400,0.050793650793650794
0.6901157613535174,0.7054263565891473,0.22693266832917705,0.3433962264150943,gaussian_noise,SKAB,dirichlet_smoothing_fold_1,7,4,3,3,0.9,0.5,True,0.1,uniform,avg_negative_log,0.2231,,10,,225,35,400,0.050793650793650794
0.0,0.0,0.0,0.0,unseen_data,SKAB,dirichlet_smoothing_fold_1,7,4,3,3,0.9,0.5,True,0.1,uniform,avg_negative_log,0.2231,,10,,225,35,400,0.050793650793650794
0.699020480854853,0.7647058823529411,0.22693266832917705,0.35,original,SKAB,dirichlet_smoothing_fold_1,999,4,3,3,0.9,0.5,True,0.1,uniform,avg_negative_log,0.2231,,10,,225,35,400,0.050793650793650794
0.6936776491540516,0.7522123893805309,0.2119700748129676,0.33073929961089493,gaussian_noise,SKAB,dirichlet_smoothing_fold_1,999,4,3,3,0.9,0.5,True,0.1,uniform,avg_negative_log,0.2231,,10,,225,35,400,0.050793650793650794
0.0,0.0,0.0,0.0,unseen_data,SKAB,dirichlet_smoothing_fold_1,999,4,3,3,0.9,0.5,True,0.1,uniform,avg_negative_log,0.2231,,10,,225,35,400,0.050793650793650794
0.7551385165326184,0.625,0.7960199004975125,0.700218818380744,original,SKAB,dirichlet_smoothing_fold_2,42,4,3,3,0.9,0.5,True,0.1,uniform,avg_negative_log,0.2231,,10,,234,34,438,0.05505279034690799
0.7658623771224308,0.6383399209486166,0.8034825870646766,0.711453744493392,gaussian_noise,SKAB,dirichlet_smoothing_fold_2,42,4,3,3,0.9,0.5,True,0.1,uniform,avg_negative_log,0.2231,,10,,234,34,438,0.05505279034690799
0.0,0.0,0.0,0.0,unseen_data,SKAB,dirichlet_smoothing_fold_2,42,4,3,3,0.9,0.5,True,0.1,uniform,avg_negative_log,0.2231,,10,,234,34,438,0.05505279034690799
0.7551385165326184,0.625,0.7960199004975125,0.700218818380744,original,SKAB,dirichlet_smoothing_fold_2,123,4,3,3,0.9,0.5,True,0.1,uniform,avg_negative_log,0.2231,,10,,234,34,438,0.05505279034690799
0.7649687220732797,0.6349514563106796,0.8134328358208955,0.7131952017448201,gaussian_noise,SKAB,dirichlet_smoothing_fold_2,123,4,3,3,0.9,0.5,True,0.1,uniform,avg_negative_log,0.2231,,10,,234,34,438,0.05505279034690799
0.0,0.0,0.0,0.0,unseen_data,SKAB,dirichlet_smoothing_fold_2,123,4,3,3,0.9,0.5,True,0.1,uniform,avg_negative_log,0.2231,,10,,234,34,438,0.05505279034690799
0.7551385165326184,0.625,0.7960199004975125,0.700218818380744,original,SKAB,dirichlet_smoothing_fold_2,2026,4,3,3,0.9,0.5,True,0.1,uniform,avg_negative_log,0.2231,,10,,234,34,438,0.05505279034690799
0.7596067917783735,0.6266666666666667,0.818407960199005,0.7098166127292341,gaussian_noise,SKAB,dirichlet_smoothing_fold_2,2026,4,3,3,0.9,0.5,True,0.1,uniform,avg_negative_log,0.2231,,10,,234,34,438,0.05505279034690799
0.0,0.0,0.0,0.0,unseen_data,SKAB,dirichlet_smoothing_fold_2,2026,4,3,3,0.9,0.5,True,0.1,uniform,avg_negative_log,0.2231,,10,,234,34,438,0.05505279034690799
0.7551385165326184,0.625,0.7960199004975125,0.700218818380744,original,SKAB,dirichlet_smoothing_fold_2,7,4,3,3,0.9,0.5,True,0.1,uniform,avg_negative_log,0.2231,,10,,234,34,438,0.05505279034690799
0.7631814119749777,0.6309751434034416,0.8208955223880597,0.7135135135135136,gaussian_noise,SKAB,dirichlet_smoothing_fold_2,7,4,3,3,0.9,0.5,True,0.1,uniform,avg_negative_log,0.2231,,10,,234,34,438,0.05505279034690799
0.0,0.0,0.0,0.0,unseen_data,SKAB,dirichlet_smoothing_fold_2,7,4,3,3,0.9,0.5,True,0.1,uniform,avg_negative_log,0.2231,,10,,234,34,438,0.05505279034690799
0.7551385165326184,0.625,0.7960199004975125,0.700218818380744,original,SKAB,dirichlet_smoothing_fold_2,999,4,3,3,0.9,0.5,True,0.1,uniform,avg_negative_log,0.2231,,10,,234,34,438,0.05505279034690799
0.7551385165326184,0.625,0.7960199004975125,0.700218818380744,gaussian_noise,SKAB,dirichlet_smoothing_fold_2,999,4,3,3,0.9,0.5,True,0.1,uniform,avg_negative_log,0.2231,,10,,234,34,438,0.05505279034690799
0.0,0.0,0.0,0.0,unseen_data,SKAB,dirichlet_smoothing_fold_2,999,4,3,3,0.9,0.5,True,0.1,uniform,avg_negative_log,0.2231,,10,,234,34,438,0.05505279034690799
0.6094727435210009,0.4642857142857143,0.6190476190476191,0.5306122448979592,original,SKAB,dirichlet_smoothing_fold_3,42,4,3,3,0.9,0.5,True,0.1,uniform,avg_negative_log,0.2231,,10,,243,37,440,0.048937826715604496
0.612153708668454,0.4666666666666667,0.6140350877192983,0.5303030303030303,gaussian_noise,SKAB,dirichlet_smoothing_fold_3,42,4,3,3,0.9,0.5,True,0.1,uniform,avg_negative_log,0.2231,,10,,243,37,440,0.048937826715604496
1.0,0.0,0.0,0.0,unseen_data,SKAB,dirichlet_smoothing_fold_3,42,4,3,3,0.9,0.5,True,0.1,uniform,avg_negative_log,0.2231,,10,,243,37,440,0.048937826715604496
0.6094727435210009,0.4642857142857143,0.6190476190476191,0.5306122448979592,original,SKAB,dirichlet_smoothing_fold_3,123,4,3,3,0.9,0.5,True,0.1,uniform,avg_negative_log,0.2231,,10,,243,37,440,0.048937826715604496
0.6023235031277927,0.4584837545126354,0.6365914786967418,0.5330535152151101,gaussian_noise,SKAB,dirichlet_smoothing_fold_3,123,4,3,3,0.9,0.5,True,0.1,uniform,avg_negative_log,0.2231,,10,,243,37,440,0.048937826715604496
1.0,0.0,0.0,0.0,unseen_data,SKAB,dirichlet_smoothing_fold_3,123,4,3,3,0.9,0.5,True,0.1,uniform,avg_negative_log,0.2231,,10,,243,37,440,0.048937826715604496
0.6094727435210009,0.4642857142857143,0.6190476190476191,0.5306122448979592,original,SKAB,dirichlet_smoothing_fold_3,2026,4,3,3,0.9,0.5,True,0.1,uniform,avg_negative_log,0.2231,,10,,243,37,440,0.048937826715604496
0.6148346738159071,0.4711191335740072,0.6541353383458647,0.5477439664218258,gaussian_noise,SKAB,dirichlet_smoothing_fold_3,2026,4,3,3,0.9,0.5,True,0.1,uniform,avg_negative_log,0.2231,,10,,243,37,440,0.048937826715604496
1.0,0.0,0.0,0.0,unseen_data,SKAB,dirichlet_smoothing_fold_3,2026,4,3,3,0.9,0.5,True,0.1,uniform,avg_negative_log,0.2231,,10,,243,37,440,0.048937826715604496
0.6094727435210009,0.4642857142857143,0.6190476190476191,0.5306122448979592,original,SKAB,dirichlet_smoothing_fold_3,7,4,3,3,0.9,0.5,True,0.1,uniform,avg_negative_log,0.2231,,10,,243,37,440,0.048937826715604496
0.6201966041108132,0.4766187050359712,0.6641604010025063,0.5549738219895288,gaussian_noise,SKAB,dirichlet_smoothing_fold_3,7,4,3,3,0.9,0.5,True,0.1,uniform,avg_negative_log,0.2231,,10,,243,37,440,0.048937826715604496
1.0,0.0,0.0,0.0,unseen_data,SKAB,dirichlet_smoothing_fold_3,7,4,3,3,0.9,0.5,True,0.1,uniform,avg_negative_log,0.2231,,10,,243,37,440,0.048937826715604496
0.6094727435210009,0.4642857142857143,0.6190476190476191,0.5306122448979592,original,SKAB,dirichlet_smoothing_fold_3,999,4,3,3,0.9,0.5,True,0.1,uniform,avg_negative_log,0.2231,,10,,243,37,440,0.048937826715604496
0.6023235031277927,0.45787545787545786,0.6265664160401002,0.5291005291005291,gaussian_noise,SKAB,dirichlet_smoothing_fold_3,999,4,3,3,0.9,0.5,True,0.1,uniform,avg_negative_log,0.2231,,10,,243,37,440,0.048937826715604496
1.0,0.0,0.0,0.0,unseen_data,SKAB,dirichlet_smoothing_fold_3,999,4,3,3,0.9,0.5,True,0.1,uniform,avg_negative_log,0.2231,,10,,243,37,440,0.048937826715604496
0.3432971014492754,0.16869918699186992,0.20802005012531327,0.186307519640853,original,SKAB,dirichlet_smoothing_fold_4,42,4,3,3,0.9,0.5,True,0.1,uniform,avg_negative_log,0.2231,,10,,241,36,449,0.05175195942830797
0.32518115942028986,0.14979757085020243,0.18546365914786966,0.16573348264277715,gaussian_noise,SKAB,dirichlet_smoothing_fold_4,42,4,3,3,0.9,0.5,True,0.1,uniform,avg_negative_log,0.2231,,10,,241,36,449,0.05175195942830797
1.0,0.0,0.0,0.0,unseen_data,SKAB,dirichlet_smoothing_fold_4,42,4,3,3,0.9,0.5,True,0.1,uniform,avg_negative_log,0.2231,,10,,241,36,449,0.05175195942830797
0.3432971014492754,0.16869918699186992,0.20802005012531327,0.186307519640853,original,SKAB,dirichlet_smoothing_fold_4,123,4,3,3,0.9,0.5,True,0.1,uniform,avg_negative_log,0.2231,,10,,241,36,449,0.05175195942830797
0.32518115942028986,0.1483739837398374,0.18295739348370926,0.1638608305274972,gaussian_noise,SKAB,dirichlet_smoothing_fold_4,123,4,3,3,0.9,0.5,True,0.1,uniform,avg_negative_log,0.2231,,10,,241,36,449,0.05175195942830797
1.0,0.0,0.0,0.0,unseen_data,SKAB,dirichlet_smoothing_fold_4,123,4,3,3,0.9,0.5,True,0.1,uniform,avg_negative_log,0.2231,,10,,241,36,449,0.05175195942830797
0.3432971014492754,0.16869918699186992,0.20802005012531327,0.186307519640853,original,SKAB,dirichlet_smoothing_fold_4,2026,4,3,3,0.9,0.5,True,0.1,uniform,avg_negative_log,0.2231,,10,,241,36,449,0.05175195942830797
0.32608695652173914,0.15010141987829614,0.18546365914786966,0.16591928251121077,gaussian_noise,SKAB,dirichlet_smoothing_fold_4,2026,4,3,3,0.9,0.5,True,0.1,uniform,avg_negative_log,0.2231,,10,,241,36,449,0.05175195942830797
1.0,0.0,0.0,0.0,unseen_data,SKAB,dirichlet_smoothing_fold_4,2026,4,3,3,0.9,0.5,True,0.1,uniform,avg_negative_log,0.2231,,10,,241,36,449,0.05175195942830797
0.3432971014492754,0.16869918699186992,0.20802005012531327,0.186307519640853,original,SKAB,dirichlet_smoothing_fold_4,7,4,3,3,0.9,0.5,True,0.1,uniform,avg_negative_log,0.2231,,10,,241,36,449,0.05175195942830797
0.34601449275362317,0.16837782340862423,0.20551378446115287,0.18510158013544017,gaussian_noise,SKAB,dirichlet_smoothing_fold_4,7,4,3,3,0.9,0.5,True,0.1,uniform,avg_negative_log,0.2231,,10,,241,36,449,0.05175195942830797
1.0,0.0,0.0,0.0,unseen_data,SKAB,dirichlet_smoothing_fold_4,7,4,3,3,0.9,0.5,True,0.1,uniform,avg_negative_log,0.2231,,10,,241,36,449,0.05175195942830797
0.3432971014492754,0.16869918699186992,0.20802005012531327,0.186307519640853,original,SKAB,dirichlet_smoothing_fold_4,999,4,3,3,0.9,0.5,True,0.1,uniform,avg_negative_log,0.2231,,10,,241,36,449,0.05175195942830797
0.3278985507246377,0.16306483300589392,0.20802005012531327,0.1828193832599119,gaussian_noise,SKAB,dirichlet_smoothing_fold_4,999,4,3,3,0.9,0.5,True,0.1,uniform,avg_negative_log,0.2231,,10,,241,36,449,0.05175195942830797
1.0,0.0,0.0,0.0,unseen_data,SKAB,dirichlet_smoothing_fold_4,999,4,3,3,0.9,0.5,True,0.1,uniform,avg_negative_log,0.2231,,10,,241,36,449,0.05175195942830797
0.5977011494252874,0.4656019656019656,0.949874686716792,0.6248969497114591,original,SKAB,dirichlet_smoothing_fold_5,42,4,3,3,0.9,0.5,True,0.1,uniform,avg_negative_log,0.2231,,10,,225,36,389,0.048024691358024695
0.5923961096374889,0.46200980392156865,0.9448621553884712,0.6205761316872428,gaussian_noise,SKAB,dirichlet_smoothing_fold_5,42,4,3,3,0.9,0.5,True,0.1,uniform,avg_negative_log,0.2231,,10,,225,36,389,0.048024691358024695
0.7391304347826086,0.7142857142857143,1.0,0.8333333333333334,unseen_data,SKAB,dirichlet_smoothing_fold_5,42,4,3,3,0.9,0.5,True,0.1,uniform,avg_negative_log,0.2231,,10,,225,36,389,0.048024691358024695
0.5977011494252874,0.4656019656019656,0.949874686716792,0.6248969497114591,original,SKAB,dirichlet_smoothing_fold_5,123,4,3,3,0.9,0.5,True,0.1,uniform,avg_negative_log,0.2231,,10,,225,36,389,0.048024691358024695
0.5915119363395226,0.45987261146496816,0.9047619047619048,0.6097972972972973,gaussian_noise,SKAB,dirichlet_smoothing_fold_5,123,4,3,3,0.9,0.5,True,0.1,uniform,avg_negative_log,0.2231,,10,,225,36,389,0.048024691358024695
0.7391304347826086,0.7142857142857143,1.0,0.8333333333333334,unseen_data,SKAB,dirichlet_smoothing_fold_5,123,4,3,3,0.9,0.5,True,0.1,uniform,avg_negative_log,0.2231,,10,,225,36,389,0.048024691358024695
0.5977011494252874,0.4656019656019656,0.949874686716792,0.6248969497114591,original,SKAB,dirichlet_smoothing_fold_5,2026,4,3,3,0.9,0.5,True,0.1,uniform,avg_negative_log,0.2231,,10,,225,36,389,0.048024691358024695
0.6074270557029178,0.4722564734895191,0.9598997493734336,0.6330578512396694,gaussian_noise,SKAB,dirichlet_smoothing_fold_5,2026,4,3,3,0.9,0.5,True,0.1,uniform,avg_negative_log,0.2231,,10,,225,36,389,0.048024691358024695
0.7391304347826086,0.7142857142857143,1.0,0.8333333333333334,unseen_data,SKAB,dirichlet_smoothing_fold_5,2026,4,3,3,0.9,0.5,True,0.1,uniform,avg_negative_log,0.2231,,10,,225,36,389,0.048024691358024695
0.5977011494252874,0.4656019656019656,0.949874686716792,0.6248969497114591,original,SKAB,dirichlet_smoothing_fold_5,7,4,3,3,0.9,0.5,True,0.1,uniform,avg_negative_log,0.2231,,10,,225,36,389,0.048024691358024695
0.5826702033598585,0.4554334554334554,0.9348370927318296,0.6124794745484401,gaussian_noise,SKAB,dirichlet_smoothing_fold_5,7,4,3,3,0.9,0.5,True,0.1,uniform,avg_negative_log,0.2231,,10,,225,36,389,0.048024691358024695
0.7391304347826086,0.7142857142857143,1.0,0.8333333333333334,unseen_data,SKAB,dirichlet_smoothing_fold_5,7,4,3,3,0.9,0.5,True,0.1,uniform,avg_negative_log,0.2231,,10,,225,36,389,0.048024691358024695
0.5977011494252874,0.4656019656019656,0.949874686716792,0.6248969497114591,original,SKAB,dirichlet_smoothing_fold_5,999,4,3,3,0.9,0.5,True,0.1,uniform,avg_negative_log,0.2231,,10,,225,36,389,0.048024691358024695
0.5747126436781609,0.44938271604938274,0.9122807017543859,0.6021505376344086,gaussian_noise,SKAB,dirichlet_smoothing_fold_5,999,4,3,3,0.9,0.5,True,0.1,uniform,avg_negative_log,0.2231,,10,,225,36,389,0.048024691358024695
0.7391304347826086,0.7142857142857143,1.0,0.8333333333333334,unseen_data,SKAB,dirichlet_smoothing_fold_5,999,4,3,3,0.9,0.5,True,0.1,uniform,avg_negative_log,0.2231,,10,,225,36,389,0.048024691358024695
0.6999109528049866,0.7666666666666667,0.22942643391521197,0.3531669865642994,original,SKAB,dirichlet_smoothing_fold_1,42,4,3,3,0.9,0.5,True,0.5,uniform,avg_negative_log,0.2231,,10,,225,35,400,0.050793650793650794
0.6963490650044524,0.7205882352941176,0.24438902743142144,0.3649906890130354,gaussian_noise,SKAB,dirichlet_smoothing_fold_1,42,4,3,3,0.9,0.5,True,0.5,uniform,avg_negative_log,0.2231,,10,,225,35,400,0.050793650793650794
0.0,0.0,0.0,0.0,unseen_data,SKAB,dirichlet_smoothing_fold_1,42,4,3,3,0.9,0.5,True,0.5,uniform,avg_negative_log,0.2231,,10,,225,35,400,0.050793650793650794
0.6999109528049866,0.7666666666666667,0.22942643391521197,0.3531669865642994,original,SKAB,dirichlet_smoothing_fold_1,123,4,3,3,0.9,0.5,True,0.5,uniform,avg_negative_log,0.2231,,10,,225,35,400,0.050793650793650794
0.6954585930543188,0.7565217391304347,0.2169576059850374,0.3372093023255814,gaussian_noise,SKAB,dirichlet_smoothing_fold_1,123,4,3,3,0.9,0.5,True,0.5,uniform,avg_negative_log,0.2231,,10,,225,35,400,0.050793650793650794
0.0,0.0,0.0,0.0,unseen_data,SKAB,dirichlet_smoothing_fold_1,123,4,3,3,0.9,0.5,True,0.5,uniform,avg_negative_log,0.2231,,10,,225,35,400,0.050793650793650794
0.6999109528049866,0.7666666666666667,0.22942643391521197,0.3531669865642994,original,SKAB,dirichlet_smoothing_fold_1,2026,4,3,3,0.9,0.5,True,0.5,uniform,avg_negative_log,0.2231,,10,,225,35,400,0.050793650793650794
0.6812110418521816,0.6546762589928058,0.22693266832917705,0.337037037037037,gaussian_noise,SKAB,dirichlet_smoothing_fold_1,2026,4,3,3,0.9,0.5,True,0.5,uniform,avg_negative_log,0.2231,,10,,225,35,400,0.050793650793650794
0.0,0.0,0.0,0.0,unseen_data,SKAB,dirichlet_smoothing_fold_1,2026,4,3,3,0.9,0.5,True,0.5,uniform,avg_negative_log,0.2231,,10,,225,35,400,0.050793650793650794
0.6999109528049866,0.7666666666666667,0.22942643391521197,0.3531669865642994,original,SKAB,dirichlet_smoothing_fold_1,7,4,3,3,0.9,0.5,True,0.5,uniform,avg_negative_log,0.2231,,10,,225,35,400,0.050793650793650794
0.691006233303651,0.7076923076923077,0.22942643391521197,0.3465160075329567,gaussian_noise,SKAB,dirichlet_smoothing_fold_1,7,4,3,3,0.9,0.5,True,0.5,uniform,avg_negative_log,0.2231,,10,,225,35,400,0.050793650793650794
0.0,0.0,0.0,0.0,unseen_data,SKAB,dirichlet_smoothing_fold_1,7,4,3,3,0.9,0.5,True,0.5,uniform,avg_negative_log,0.2231,,10,,225,35,400,0.050793650793650794
0.6999109528049866,0.7666666666666667,0.22942643391521197,0.3531669865642994,original,SKAB,dirichlet_smoothing_fold_1,999,4,3,3,0.9,0.5,True,0.5,uniform,avg_negative_log,0.2231,,10,,225,35,400,0.050793650793650794
0.6945681211041852,0.7543859649122807,0.2144638403990025,0.3339805825242718,gaussian_noise,SKAB,dirichlet_smoothing_fold_1,999,4,3,3,0.9,0.5,True,0.5,uniform,avg_negative_log,0.2231,,10,,225,35,400,0.050793650793650794
0.0,0.0,0.0,0.0,unseen_data,SKAB,dirichlet_smoothing_fold_1,999,4,3,3,0.9,0.5,True,0.5,uniform,avg_negative_log,0.2231,,10,,225,35,400,0.050793650793650794
0.7542448614834674,0.6237816764132553,0.7960199004975125,0.6994535519125683,original,SKAB,dirichlet_smoothing_fold_2,42,4,3,3,0.9,0.5,True,0.5,uniform,avg_negative_log,0.2231,,10,,234,34,438,0.05505279034690799
0.7640750670241286,0.6358267716535433,0.8034825870646766,0.7098901098901099,gaussian_noise,SKAB,dirichlet_smoothing_fold_2,42,4,3,3,0.9,0.5,True,0.5,uniform,avg_negative_log,0.2231,,10,,234,34,438,0.05505279034690799
0.0,0.0,0.0,0.0,unseen_data,SKAB,dirichlet_smoothing_fold_2,42,4,3,3,0.9,0.5,True,0.5,uniform,avg_negative_log,0.2231,,10,,234,34,438,0.05505279034690799
0.7542448614834674,0.6237816764132553,0.7960199004975125,0.6994535519125683,original,SKAB,dirichlet_smoothing_fold_2,123,4,3,3,0.9,0.5,True,0.5,uniform,avg_negative_log,0.2231,,10,,234,34,438,0.05505279034690799
0.7640750670241286,0.6332046332046332,0.8159203980099502,0.7130434782608696,gaussian_noise,SKAB,dirichlet_smoothing_fold_2,123,4,3,3,0.9,0.5,True,0.5,uniform,avg_negative_log,0.2231,,10,,234,34,438,0.05505279034690799
0.0,0.0,0.0,0.0,unseen_data,SKAB,dirichlet_smoothing_fold_2,123,4,3,3,0.9,0.5,True,0.5,uniform,avg_negative_log,0.2231,,10,,234,34,438,0.05505279034690799
0.7542448614834674,0.6237816764132553,0.7960199004975125,0.6994535519125683,original,SKAB,dirichlet_smoothing_fold_2,2026,4,3,3,0.9,0.5,True,0.5,uniform,avg_negative_log,0.2231,,10,,234,34,438,0.05505279034690799
0.7569258266309205,0.6231060606060606,0.818407960199005,0.7075268817204301,gaussian_noise,SKAB,dirichlet_smoothing_fold_2,2026,4,3,3,0.9,0.5,True,0.5,uniform,avg_negative_log,0.2231,,10,,234,34,438,0.05505279034690799
0.0,0.0,0.0,0.0,unseen_data,SKAB,dirichlet_smoothing_fold_2,2026,4,3,3,0.9,0.5,True,0.5,uniform,avg_negative_log,0.2231,,10,,234,34,438,0.05505279034690799
0.7542448614834674,0.6237816764132553,0.7960199004975125,0.6994535519125683,original,SKAB,dirichlet_smoothing_fold_2,7,4,3,3,0.9,0.5,True,0.5,uniform,avg_negative_log,0.2231,,10,,234,34,438,0.05505279034690799
0.7622877569258266,0.6297709923664122,0.8208955223880597,0.712742980561555,gaussian_noise,SKAB,dirichlet_smoothing_fold_2,7,4,3,3,0.9,0.5,True,0.5,uniform,avg_negative_log,0.2231,,10,,234,34,438,0.05505279034690799
0.0,0.0,0.0,0.0,unseen_data,SKAB,dirichlet_smoothing_fold_2,7,4,3,3,0.9,0.5,True,0.5,uniform,avg_negative_log,0.2231,,10,,234,34,438,0.05505279034690799
0.7542448614834674,0.6237816764132553,0.7960199004975125,0.6994535519125683,original,SKAB,dirichlet_smoothing_fold_2,999,4,3,3,0.9,0.5,True,0.5,uniform,avg_negative_log,0.2231,,10,,234,34,438,0.05505279034690799
0.7551385165326184,0.6245136186770428,0.7985074626865671,0.7008733624454149,gaussian_noise,SKAB,dirichlet_smoothing_fold_2,999,4,3,3,0.9,0.5,True,0.5,uniform,avg_negative_log,0.2231,,10,,234,34,438,0.05505279034690799
0.0,0.0,0.0,0.0,unseen_data,SKAB,dirichlet_smoothing_fold_2,999,4,3,3,0.9,0.5,True,0.5,uniform,avg_negative_log,0.2231,,10,,234,34,438,0.05505279034690799
0.6076854334226989,0.4626865671641791,0.6215538847117794,0.5304812834224599,original,SKAB,dirichlet_smoothing_fold_3,42,4,3,3,0.9,0.5,True,0.5,uniform,avg_negative_log,0.2231,,10,,243,37,440,0.048937826715604496
0.6112600536193029,0.4660377358490566,0.6190476190476191,0.5317545748116254,gaussian_noise,SKAB,dirichlet_smoothing_fold_3,42,4,3,3,0.9,0.5,True,0.5,uniform,avg_negative_log,0.2231,,10,,243,37,440,0.048937826715604496
1.0,0.0,0.0,0.0,unseen_data,SKAB,dirichlet_smoothing_fold_3,42,4,3,3,0.9,0.5,True,0.5,uniform,avg_negative_log,0.2231,,10,,243,37,440,0.048937826715604496
0.6076854334226989,0.4626865671641791,0.6215538847117794,0.5304812834224599,original,SKAB,dirichlet_smoothing_fold_3,123,4,3,3,0.9,0.5,True,0.5,uniform,avg_negative_log,0.2231,,10,,243,37,440,0.048937826715604496
0.6005361930294906,0.45698924731182794,0.6390977443609023,0.5329153605015674,gaussian_noise,SKAB,dirichlet_smoothing_fold_3,123,4,3,3,0.9,0.5,True,0.5,uniform,avg_negative_log,0.2231,,10,,243,37,440,0.048937826715604496
1.0,0.0,0.0,0.0,unseen_data,SKAB,dirichlet_smoothing_fold_3,123,4,3,3,0.9,0.5,True,0.5,uniform,avg_negative_log,0.2231,,10,,243,37,440,0.048937826715604496
0.6076854334226989,0.4626865671641791,0.6215538847117794,0.5304812834224599,original,SKAB,dirichlet_smoothing_fold_3,2026,4,3,3,0.9,0.5,True,0.5,uniform,avg_negative_log,0.2231,,10,,243,37,440,0.048937826715604496
0.612153708668454,0.46869409660107336,0.656641604010025,0.5469728601252609,gaussian_noise,SKAB,dirichlet_smoothing_fold_3,2026,4,3,3,0.9,0.5,True,0.5,uniform,avg_negative_log,0.2231,,10,,243,37,440,0.048937826715604496
1.0,0.0,0.0,0.0,unseen_data,SKAB,dirichlet_smoothing_fold_3,2026,4,3,3,0.9,0.5,True,0.5,uniform,avg_negative_log,0.2231,,10,,243,37,440,0.048937826715604496
0.6076854334226989,0.4626865671641791,0.6215538847117794,0.5304812834224599,original,SKAB,dirichlet_smoothing_fold_3,7,4,3,3,0.9,0.5,True,0.5,uniform,avg_negative_log,0.2231,,10,,243,37,440,0.048937826715604496
0.6193029490616622,0.47584973166368516,0.6666666666666666,0.5553235908141962,gaussian_noise,SKAB,dirichlet_smoothing_fold_3,7,4,3,3,0.9,0.5,True,0.5,uniform,avg_negative_log,0.2231,,10,,243,37,440,0.048937826715604496
1.0,0.0,0.0,0.0,unseen_data,SKAB,dirichlet_smoothing_fold_3,7,4,3,3,0.9,0.5,True,0.5,uniform,avg_negative_log,0.2231,,10,,243,37,440,0.048937826715604496
0.6076854334226989,0.4626865671641791,0.6215538847117794,0.5304812834224599,original,SKAB,dirichlet_smoothing_fold_3,999,4,3,3,0.9,0.5,True,0.5,uniform,avg_negative_log,0.2231,,10,,243,37,440,0.048937826715604496
0.6014298480786416,0.4573502722323049,0.631578947368421,0.5305263157894737,gaussian_noise,SKAB,dirichlet_smoothing_fold_3,999,4,3,3,0.9,0.5,True,0.5,uniform,avg_negative_log,0.2231,,10,,243,37,440,0.048937826715604496
1.0,0.0,0.0,0.0,unseen_data,SKAB,dirichlet_smoothing_fold_3,999,4,3,3,0.9,0.5,True,0.5,uniform,avg_negative_log,0.2231,,10,,243,37,440,0.048937826715604496
0.34148550724637683,0.1680161943319838,0.20802005012531327,0.1858902575587906,original,SKAB,dirichlet_smoothing_fold_4,42,4,3,3,0.9,0.5,True,0.5,uniform,avg_negative_log,0.2231,,10,,241,36,449,0.05175195942830797
0.3242753623188406,0.1494949494949495,0.18546365914786966,0.16554809843400448,gaussian_noise,SKAB,dirichlet_smoothing_fold_4,42,4,3,3,0.9,0.5,True,0.5,uniform,avg_negative_log,0.2231,,10,,241,36,449,0.05175195942830797
1.0,0.0,0.0,0.0,unseen_data,SKAB,dirichlet_smoothing_fold_4,42,4,3,3,0.9,0.5,True,0.5,uniform,avg_negative_log,0.2231,,10,,241,36,449,0.05175195942830797
0.34148550724637683,0.1680161943319838,0.20802005012531327,0.1858902575587906,original,SKAB,dirichlet_smoothing_fold_4,123,4,3,3,0.9,0.5,True,0.5,uniform,avg_negative_log,0.2231,,10,,241,36,449,0.05175195942830797
0.32518115942028986,0.1483739837398374,0.18295739348370926,0.1638608305274972,gaussian_noise,SKAB,dirichlet_smoothing_fold_4,123,4,3,3,0.9,0.5,True,0.5,uniform,avg_negative_log,0.2231,,10,,241,36,449,0.05175195942830797
1.0,0.0,0.0,0.0,unseen_data,SKAB,dirichlet_smoothing_fold_4,123,4,3,3,0.9,0.5,True,0.5,uniform,avg_negative_log,0.2231,,10,,241,36,449,0.05175195942830797
0.34148550724637683,0.1680161943319838,0.20802005012531327,0.1858902575587906,original,SKAB,dirichlet_smoothing_fold_4,2026,4,3,3,0.9,0.5,True,0.5,uniform,avg_negative_log,0.2231,,10,,241,36,449,0.05175195942830797
0.3242753623188406,0.1494949494949495,0.18546365914786966,0.16554809843400448,gaussian_noise,SKAB,dirichlet_smoothing_fold_4,2026,4,3,3,0.9,0.5,True,0.5,uniform,avg_negative_log,0.2231,,10,,241,36,449,0.05175195942830797
1.0,0.0,0.0,0.0,unseen_data,SKAB,dirichlet_smoothing_fold_4,2026,4,3,3,0.9,0.5,True,0.5,uniform,avg_negative_log,0.2231,,10,,241,36,449,0.05175195942830797
0.34148550724637683,0.1680161943319838,0.20802005012531327,0.1858902575587906,original,SKAB,dirichlet_smoothing_fold_4,7,4,3,3,0.9,0.5,True,0.5,uniform,avg_negative_log,0.2231,,10,,241,36,449,0.05175195942830797
0.3442028985507246,0.16768916155419222,0.20551378446115287,0.18468468468468469,gaussian_noise,SKAB,dirichlet_smoothing_fold_4,7,4,3,3,0.9,0.5,True,0.5,uniform,avg_negative_log,0.2231,,10,,241,36,449,0.05175195942830797
1.0,0.0,0.0,0.0,unseen_data,SKAB,dirichlet_smoothing_fold_4,7,4,3,3,0.9,0.5,True,0.5,uniform,avg_negative_log,0.2231,,10,,241,36,449,0.05175195942830797
0.34148550724637683,0.1680161943319838,0.20802005012531327,0.1858902575587906,original,SKAB,dirichlet_smoothing_fold_4,999,4,3,3,0.9,0.5,True,0.5,uniform,avg_negative_log,0.2231,,10,,241,36,449,0.05175195942830797
0.3278985507246377,0.16306483300589392,0.20802005012531327,0.1828193832599119,gaussian_noise,SKAB,dirichlet_smoothing_fold_4,999,4,3,3,0.9,0.5,True,0.5,uniform,avg_negative_log,0.2231,,10,,241,36,449,0.05175195942830797
1.0,0.0,0.0,0.0,unseen_data,SKAB,dirichlet_smoothing_fold_4,999,4,3,3,0.9,0.5,True,0.5,uniform,avg_negative_log,0.2231,,10,,241,36,449,0.05175195942830797
0.5977011494252874,0.46568627450980393,0.9523809523809523,0.6255144032921811,original,SKAB,dirichlet_smoothing_fold_5,42,4,3,3,0.9,0.5,True,0.5,uniform,avg_negative_log,0.2231,,10,,225,36,389,0.048024691358024695
0.5923961096374889,0.4621026894865526,0.9473684210526315,0.6211996713229252,gaussian_noise,SKAB,dirichlet_smoothing_fold_5,42,4,3,3,0.9,0.5,True,0.5,uniform,avg_negative_log,0.2231,,10,,225,36,389,0.048024691358024695
0.7391304347826086,0.7142857142857143,1.0,0.8333333333333334,unseen_data,SKAB,dirichlet_smoothing_fold_5,42,4,3,3,0.9,0.5,True,0.5,uniform,avg_negative_log,0.2231,,10,,225,36,389,0.048024691358024695
0.5977011494252874,0.46568627450980393,0.9523809523809523,0.6255144032921811,original,SKAB,dirichlet_smoothing_fold_5,123,4,3,3,0.9,0.5,True,0.5,uniform,avg_negative_log,0.2231,,10,,225,36,389,0.048024691358024695
0.5906277630415562,0.4593908629441624,0.9072681704260651,0.6099410278011794,gaussian_noise,SKAB,dirichlet_smoothing_fold_5,123,4,3,3,0.9,0.5,True,0.5,uniform,avg_negative_log,0.2231,,10,,225,36,389,0.048024691358024695
0.7391304347826086,0.7142857142857143,1.0,0.8333333333333334,unseen_data,SKAB,dirichlet_smoothing_fold_5,123,4,3,3,0.9,0.5,True,0.5,uniform,avg_negative_log,0.2231,,10,,225,36,389,0.048024691358024695
0.5977011494252874,0.46568627450980393,0.9523809523809523,0.6255144032921811,original,SKAB,dirichlet_smoothing_fold_5,2026,4,3,3,0.9,0.5,True,0.5,uniform,avg_negative_log,0.2231,,10,,225,36,389,0.048024691358024695
0.6065428824049514,0.47174447174447176,0.9624060150375939,0.6331409727947238,gaussian_noise,SKAB,dirichlet_smoothing_fold_5,2026,4,3,3,0.9,0.5,True,0.5,uniform,avg_negative_log,0.2231,,10,,225,36,389,0.048024691358024695
0.7391304347826086,0.7142857142857143,1.0,0.8333333333333334,unseen_data,SKAB,dirichlet_smoothing_fold_5,2026,4,3,3,0.9,0.5,True,0.5,uniform,avg_negative_log,0.2231,,10,,225,36,389,0.048024691358024695
0.5977011494252874,0.46568627450980393,0.9523809523809523,0.6255144032921811,original,SKAB,dirichlet_smoothing_fold_5,7,4,3,3,0.9,0.5,True,0.5,uniform,avg_negative_log,0.2231,,10,,225,36,389,0.048024691358024695
0.5817860300618921,0.4548780487804878,0.9348370927318296,0.6119770303527482,gaussian_noise,SKAB,dirichlet_smoothing_fold_5,7,4,3,3,0.9,0.5,True,0.5,uniform,avg_negative_log,0.2231,,10,,225,36,389,0.048024691358024695
0.7391304347826086,0.7142857142857143,1.0,0.8333333333333334,unseen_data,SKAB,dirichlet_smoothing_fold_5,7,4,3,3,0.9,0.5,True,0.5,uniform,avg_negative_log,0.2231,,10,,225,36,389,0.048024691358024695
0.5977011494252874,0.46568627450980393,0.9523809523809523,0.6255144032921811,original,SKAB,dirichlet_smoothing_fold_5,999,4,3,3,0.9,0.5,True,0.5,uniform,avg_negative_log,0.2231,,10,,225,36,389,0.048024691358024695
0.5738284703801945,0.4489544895448955,0.9147869674185464,0.6023102310231023,gaussian_noise,SKAB,dirichlet_smoothing_fold_5,999,4,3,3,0.9,0.5,True,0.5,uniform,avg_negative_log,0.2231,,10,,225,36,389,0.048024691358024695
0.7391304347826086,0.7142857142857143,1.0,0.8333333333333334,unseen_data,SKAB,dirichlet_smoothing_fold_5,999,4,3,3,0.9,0.5,True,0.5,uniform,avg_negative_log,0.2231,,10,,225,36,389,0.048024691358024695
0.6999109528049866,0.7666666666666667,0.22942643391521197,0.3531669865642994,original,SKAB,dirichlet_smoothing_fold_1,42,4,3,3,0.9,0.5,True,1.0,uniform,avg_negative_log,0.2231,,10,,225,35,400,0.050793650793650794
0.6963490650044524,0.7205882352941176,0.24438902743142144,0.3649906890130354,gaussian_noise,SKAB,dirichlet_smoothing_fold_1,42,4,3,3,0.9,0.5,True,1.0,uniform,avg_negative_log,0.2231,,10,,225,35,400,0.050793650793650794
0.0,0.0,0.0,0.0,unseen_data,SKAB,dirichlet_smoothing_fold_1,42,4,3,3,0.9,0.5,True,1.0,uniform,avg_negative_log,0.2231,,10,,225,35,400,0.050793650793650794
0.6999109528049866,0.7666666666666667,0.22942643391521197,0.3531669865642994,original,SKAB,dirichlet_smoothing_fold_1,123,4,3,3,0.9,0.5,True,1.0,uniform,avg_negative_log,0.2231,,10,,225,35,400,0.050793650793650794
0.6954585930543188,0.7565217391304347,0.2169576059850374,0.3372093023255814,gaussian_noise,SKAB,dirichlet_smoothing_fold_1,123,4,3,3,0.9,0.5,True,1.0,uniform,avg_negative_log,0.2231,,10,,225,35,400,0.050793650793650794
0.0,0.0,0.0,0.0,unseen_data,SKAB,dirichlet_smoothing_fold_1,123,4,3,3,0.9,0.5,True,1.0,uniform,avg_negative_log,0.2231,,10,,225,35,400,0.050793650793650794
0.6999109528049866,0.7666666666666667,0.22942643391521197,0.3531669865642994,original,SKAB,dirichlet_smoothing_fold_1,2026,4,3,3,0.9,0.5,True,1.0,uniform,avg_negative_log,0.2231,,10,,225,35,400,0.050793650793650794
0.6812110418521816,0.6546762589928058,0.22693266832917705,0.337037037037037,gaussian_noise,SKAB,dirichlet_smoothing_fold_1,2026,4,3,3,0.9,0.5,True,1.0,uniform,avg_negative_log,0.2231,,10,,225,35,400,0.050793650793650794
0.0,0.0,0.0,0.0,unseen_data,SKAB,dirichlet_smoothing_fold_1,2026,4,3,3,0.9,0.5,True,1.0,uniform,avg_negative_log,0.2231,,10,,225,35,400,0.050793650793650794
0.6999109528049866,0.7666666666666667,0.22942643391521197,0.3531669865642994,original,SKAB,dirichlet_smoothing_fold_1,7,4,3,3,0.9,0.5,True,1.0,uniform,avg_negative_log,0.2231,,10,,225,35,400,0.050793650793650794
0.691006233303651,0.7076923076923077,0.22942643391521197,0.3465160075329567,gaussian_noise,SKAB,dirichlet_smoothing_fold_1,7,4,3,3,0.9,0.5,True,1.0,uniform,avg_negative_log,0.2231,,10,,225,35,400,0.050793650793650794
0.0,0.0,0.0,0.0,unseen_data,SKAB,dirichlet_smoothing_fold_1,7,4,3,3,0.9,0.5,True,1.0,uniform,avg_negative_log,0.2231,,10,,225,35,400,0.050793650793650794
0.6999109528049866,0.7666666666666667,0.22942643391521197,0.3531669865642994,original,SKAB,dirichlet_smoothing_fold_1,999,4,3,3,0.9,0.5,True,1.0,uniform,avg_negative_log,0.2231,,10,,225,35,400,0.050793650793650794
0.6945681211041852,0.7543859649122807,0.2144638403990025,0.3339805825242718,gaussian_noise,SKAB,dirichlet_smoothing_fold_1,999,4,3,3,0.9,0.5,True,1.0,uniform,avg_negative_log,0.2231,,10,,225,35,400,0.050793650793650794
0.0,0.0,0.0,0.0,unseen_data,SKAB,dirichlet_smoothing_fold_1,999,4,3,3,0.9,0.5,True,1.0,uniform,avg_negative_log,0.2231,,10,,225,35,400,0.050793650793650794
0.7542448614834674,0.6237816764132553,0.7960199004975125,0.6994535519125683,original,SKAB,dirichlet_smoothing_fold_2,42,4,3,3,0.9,0.5,True,1.0,uniform,avg_negative_log,0.2231,,10,,234,34,438,0.05505279034690799
0.7640750670241286,0.6358267716535433,0.8034825870646766,0.7098901098901099,gaussian_noise,SKAB,dirichlet_smoothing_fold_2,42,4,3,3,0.9,0.5,True,1.0,uniform,avg_negative_log,0.2231,,10,,234,34,438,0.05505279034690799
0.0,0.0,0.0,0.0,unseen_data,SKAB,dirichlet_smoothing_fold_2,42,4,3,3,0.9,0.5,True,1.0,uniform,avg_negative_log,0.2231,,10,,234,34,438,0.05505279034690799
0.7542448614834674,0.6237816764132553,0.7960199004975125,0.6994535519125683,original,SKAB,dirichlet_smoothing_fold_2,123,4,3,3,0.9,0.5,True,1.0,uniform,avg_negative_log,0.2231,,10,,234,34,438,0.05505279034690799
0.7640750670241286,0.6332046332046332,0.8159203980099502,0.7130434782608696,gaussian_noise,SKAB,dirichlet_smoothing_fold_2,123,4,3,3,0.9,0.5,True,1.0,uniform,avg_negative_log,0.2231,,10,,234,34,438,0.05505279034690799
0.0,0.0,0.0,0.0,unseen_data,SKAB,dirichlet_smoothing_fold_2,123,4,3,3,0.9,0.5,True,1.0,uniform,avg_negative_log,0.2231,,10,,234,34,438,0.05505279034690799
0.7542448614834674,0.6237816764132553,0.7960199004975125,0.6994535519125683,original,SKAB,dirichlet_smoothing_fold_2,2026,4,3,3,0.9,0.5,True,1.0,uniform,avg_negative_log,0.2231,,10,,234,34,438,0.05505279034690799
0.7569258266309205,0.6231060606060606,0.818407960199005,0.7075268817204301,gaussian_noise,SKAB,dirichlet_smoothing_fold_2,2026,4,3,3,0.9,0.5,True,1.0,uniform,avg_negative_log,0.2231,,10,,234,34,438,0.05505279034690799
0.0,0.0,0.0,0.0,unseen_data,SKAB,dirichlet_smoothing_fold_2,2026,4,3,3,0.9,0.5,True,1.0,uniform,avg_negative_log,0.2231,,10,,234,34,438,0.05505279034690799
0.7542448614834674,0.6237816764132553,0.7960199004975125,0.6994535519125683,original,SKAB,dirichlet_smoothing_fold_2,7,4,3,3,0.9,0.5,True,1.0,uniform,avg_negative_log,0.2231,,10,,234,34,438,0.05505279034690799
0.7622877569258266,0.6297709923664122,0.8208955223880597,0.712742980561555,gaussian_noise,SKAB,dirichlet_smoothing_fold_2,7,4,3,3,0.9,0.5,True,1.0,uniform,avg_negative_log,0.2231,,10,,234,34,438,0.05505279034690799
0.0,0.0,0.0,0.0,unseen_data,SKAB,dirichlet_smoothing_fold_2,7,4,3,3,0.9,0.5,True,1.0,uniform,avg_negative_log,0.2231,,10,,234,34,438,0.05505279034690799
0.7542448614834674,0.6237816764132553,0.7960199004975125,0.6994535519125683,original,SKAB,dirichlet_smoothing_fold_2,999,4,3,3,0.9,0.5,True,1.0,uniform,avg_negative_log,0.2231,,10,,234,34,438,0.05505279034690799
0.7551385165326184,0.6245136186770428,0.7985074626865671,0.7008733624454149,gaussian_noise,SKAB,dirichlet_smoothing_fold_2,999,4,3,3,0.9,0.5,True,1.0,uniform,avg_negative_log,0.2231,,10,,234,34,438,0.05505279034690799
0.0,0.0,0.0,0.0,unseen_data,SKAB,dirichlet_smoothing_fold_2,999,4,3,3,0.9,0.5,True,1.0,uniform,avg_negative_log,0.2231,,10,,234,34,438,0.05505279034690799
0.6076854334226989,0.46309963099630996,0.6290726817042607,0.5334750265674814,original,SKAB,dirichlet_smoothing_fold_3,42,4,3,3,0.9,0.5,True,1.0,uniform,avg_negative_log,0.2231,,10,,243,37,440,0.048937826715604496
0.6112600536193029,0.46629213483146065,0.6240601503759399,0.5337620578778135,gaussian_noise,SKAB,dirichlet_smoothing_fold_3,42,4,3,3,0.9,0.5,True,1.0,uniform,avg_negative_log,0.2231,,10,,243,37,440,0.048937826715604496
1.0,0.0,0.0,0.0,unseen_data,SKAB,dirichlet_smoothing_fold_3,42,4,3,3,0.9,0.5,True,1.0,uniform,avg_negative_log,0.2231,,10,,243,37,440,0.048937826715604496
0.6076854334226989,0.46309963099630996,0.6290726817042607,0.5334750265674814,original,SKAB,dirichlet_smoothing_fold_3,123,4,3,3,0.9,0.5,True,1.0,uniform,avg_negative_log,0.2231,,10,,243,37,440,0.048937826715604496
0.5987488829311886,0.4555160142348754,0.6416040100250626,0.5327783558792925,gaussian_noise,SKAB,dirichlet_smoothing_fold_3,123,4,3,3,0.9,0.5,True,1.0,uniform,avg_negative_log,0.2231,,10,,243,37,440,0.048937826715604496
1.0,0.0,0.0,0.0,unseen_data,SKAB,dirichlet_smoothing_fold_3,123,4,3,3,0.9,0.5,True,1.0,uniform,avg_negative_log,0.2231,,10,,243,37,440,0.048937826715604496
0.6076854334226989,0.46309963099630996,0.6290726817042607,0.5334750265674814,original,SKAB,dirichlet_smoothing_fold_3,2026,4,3,3,0.9,0.5,True,1.0,uniform,avg_negative_log,0.2231,,10,,243,37,440,0.048937826715604496
0.612153708668454,0.4689165186500888,0.6616541353383458,0.5488565488565489,gaussian_noise,SKAB,dirichlet_smoothing_fold_3,2026,4,3,3,0.9,0.5,True,1.0,uniform,avg_negative_log,0.2231,,10,,243,37,440,0.048937826715604496
1.0,0.0,0.0,0.0,unseen_data,SKAB,dirichlet_smoothing_fold_3,2026,4,3,3,0.9,0.5,True,1.0,uniform,avg_negative_log,0.2231,,10,,243,37,440,0.048937826715604496
0.6076854334226989,0.46309963099630996,0.6290726817042607,0.5334750265674814,original,SKAB,dirichlet_smoothing_fold_3,7,4,3,3,0.9,0.5,True,1.0,uniform,avg_negative_log,0.2231,,10,,243,37,440,0.048937826715604496
0.6210902591599643,0.477797513321492,0.6741854636591479,0.5592515592515592,gaussian_noise,SKAB,dirichlet_smoothing_fold_3,7,4,3,3,0.9,0.5,True,1.0,uniform,avg_negative_log,0.2231,,10,,243,37,440,0.048937826715604496
1.0,0.0,0.0,0.0,unseen_data,SKAB,dirichlet_smoothing_fold_3,7,4,3,3,0.9,0.5,True,1.0,uniform,avg_negative_log,0.2231,,10,,243,37,440,0.048937826715604496
0.6076854334226989,0.46309963099630996,0.6290726817042607,0.5334750265674814,original,SKAB,dirichlet_smoothing_fold_3,999,4,3,3,0.9,0.5,True,1.0,uniform,avg_negative_log,0.2231,,10,,243,37,440,0.048937826715604496
0.6023235031277927,0.45863309352517984,0.6390977443609023,0.5340314136125655,gaussian_noise,SKAB,dirichlet_smoothing_fold_3,999,4,3,3,0.9,0.5,True,1.0,uniform,avg_negative_log,0.2231,,10,,243,37,440,0.048937826715604496
1.0,0.0,0.0,0.0,unseen_data,SKAB,dirichlet_smoothing_fold_3,999,4,3,3,0.9,0.5,True,1.0,uniform,avg_negative_log,0.2231,,10,,243,37,440,0.048937826715604496
0.3423913043478261,0.1710261569416499,0.21303258145363407,0.18973214285714285,original,SKAB,dirichlet_smoothing_fold_4,42,4,3,3,0.9,0.5,True,1.0,uniform,avg_negative_log,0.2231,,10,,241,36,449,0.05175195942830797
0.3233695652173913,0.152,0.19047619047619047,0.16907675194660735,gaussian_noise,SKAB,dirichlet_smoothing_fold_4,42,4,3,3,0.9,0.5,True,1.0,uniform,avg_negative_log,0.2231,,10,,241,36,449,0.05175195942830797
1.0,0.0,0.0,0.0,unseen_data,SKAB,dirichlet_smoothing_fold_4,42,4,3,3,0.9,0.5,True,1.0,uniform,avg_negative_log,0.2231,,10,,241,36,449,0.05175195942830797
0.3423913043478261,0.1710261569416499,0.21303258145363407,0.18973214285714285,original,SKAB,dirichlet_smoothing_fold_4,123,4,3,3,0.9,0.5,True,1.0,uniform,avg_negative_log,0.2231,,10,,241,36,449,0.05175195942830797
0.3269927536231884,0.15182186234817813,0.18796992481203006,0.167973124300112,gaussian_noise,SKAB,dirichlet_smoothing_fold_4,123,4,3,3,0.9,0.5,True,1.0,uniform,avg_negative_log,0.2231,,10,,241,36,449,0.05175195942830797
1.0,0.0,0.0,0.0,unseen_data,SKAB,dirichlet_smoothing_fold_4,123,4,3,3,0.9,0.5,True,1.0,uniform,avg_negative_log,0.2231,,10,,241,36,449,0.05175195942830797
0.3423913043478261,0.1710261569416499,0.21303258145363407,0.18973214285714285,original,SKAB,dirichlet_smoothing_fold_4,2026,4,3,3,0.9,0.5,True,1.0,uniform,avg_negative_log,0.2231,,10,,241,36,449,0.05175195942830797
0.3242753623188406,0.1523046092184369,0.19047619047619047,0.16926503340757237,gaussian_noise,SKAB,dirichlet_smoothing_fold_4,2026,4,3,3,0.9,0.5,True,1.0,uniform,avg_negative_log,0.2231,,10,,241,36,449,0.05175195942830797
1.0,0.0,0.0,0.0,unseen_data,SKAB,dirichlet_smoothing_fold_4,2026,4,3,3,0.9,0.5,True,1.0,uniform,avg_negative_log,0.2231,,10,,241,36,449,0.05175195942830797
0.3423913043478261,0.1710261569416499,0.21303258145363407,0.18973214285714285,original,SKAB,dirichlet_smoothing_fold_4,7,4,3,3,0.9,0.5,True,1.0,uniform,avg_negative_log,0.2231,,10,,241,36,449,0.05175195942830797
0.34601449275362317,0.1710794297352342,0.21052631578947367,0.18876404494382024,gaussian_noise,SKAB,dirichlet_smoothing_fold_4,7,4,3,3,0.9,0.5,True,1.0,uniform,avg_negative_log,0.2231,,10,,241,36,449,0.05175195942830797
1.0,0.0,0.0,0.0,unseen_data,SKAB,dirichlet_smoothing_fold_4,7,4,3,3,0.9,0.5,True,1.0,uniform,avg_negative_log,0.2231,,10,,241,36,449,0.05175195942830797
0.3423913043478261,0.1710261569416499,0.21303258145363407,0.18973214285714285,original,SKAB,dirichlet_smoothing_fold_4,999,4,3,3,0.9,0.5,True,1.0,uniform,avg_negative_log,0.2231,,10,,241,36,449,0.05175195942830797
0.3278985507246377,0.16569200779727095,0.21303258145363407,0.18640350877192982,gaussian_noise,SKAB,dirichlet_smoothing_fold_4,999,4,3,3,0.9,0.5,True,1.0,uniform,avg_negative_log,0.2231,,10,,241,36,449,0.05175195942830797
1.0,0.0,0.0,0.0,unseen_data,SKAB,dirichlet_smoothing_fold_4,999,4,3,3,0.9,0.5,True,1.0,uniform,avg_negative_log,0.2231,,10,,241,36,449,0.05175195942830797
0.596816976127321,0.46537059538274606,0.9598997493734336,0.6268412438625205,original,SKAB,dirichlet_smoothing_fold_5,42,4,3,3,0.9,0.5,True,1.0,uniform,avg_negative_log,0.2231,,10,,225,36,389,0.048024691358024695
0.5897435897435898,0.4607013301088271,0.9548872180451128,0.6215334420880914,gaussian_noise,SKAB,dirichlet_smoothing_fold_5,42,4,3,3,0.9,0.5,True,1.0,uniform,avg_negative_log,0.2231,,10,,225,36,389,0.048024691358024695
0.7391304347826086,0.7142857142857143,1.0,0.8333333333333334,unseen_data,SKAB,dirichlet_smoothing_fold_5,42,4,3,3,0.9,0.5,True,1.0,uniform,avg_negative_log,0.2231,,10,,225,36,389,0.048024691358024695
0.596816976127321,0.46537059538274606,0.9598997493734336,0.6268412438625205,original,SKAB,dirichlet_smoothing_fold_5,123,4,3,3,0.9,0.5,True,1.0,uniform,avg_negative_log,0.2231,,10,,225,36,389,0.048024691358024695
0.5870910698496905,0.457286432160804,0.9122807017543859,0.6092050209205021,gaussian_noise,SKAB,dirichlet_smoothing_fold_5,123,4,3,3,0.9,0.5,True,1.0,uniform,avg_negative_log,0.2231,,10,,225,36,389,0.048024691358024695
0.7391304347826086,0.7142857142857143,1.0,0.8333333333333334,unseen_data,SKAB,dirichlet_smoothing_fold_5,123,4,3,3,0.9,0.5,True,1.0,uniform,avg_negative_log,0.2231,,10,,225,36,389,0.048024691358024695
0.596816976127321,0.46537059538274606,0.9598997493734336,0.6268412438625205,original,SKAB,dirichlet_smoothing_fold_5,2026,4,3,3,0.9,0.5,True,1.0,uniform,avg_negative_log,0.2231,,10,,225,36,389,0.048024691358024695
0.6056587091069849,0.4715151515151515,0.974937343358396,0.6356209150326797,gaussian_noise,SKAB,dirichlet_smoothing_fold_5,2026,4,3,3,0.9,0.5,True,1.0,uniform,avg_negative_log,0.2231,,10,,225,36,389,0.048024691358024695
0.7391304347826086,0.7142857142857143,1.0,0.8333333333333334,unseen_data,SKAB,dirichlet_smoothing_fold_5,2026,4,3,3,0.9,0.5,True,1.0,uniform,avg_negative_log,0.2231,,10,,225,36,389,0.048024691358024695
0.596816976127321,0.46537059538274606,0.9598997493734336,0.6268412438625205,original,SKAB,dirichlet_smoothing_fold_5,7,4,3,3,0.9,0.5,True,1.0,uniform,avg_negative_log,0.2231,,10,,225,36,389,0.048024691358024695
0.5782493368700266,0.4526699029126214,0.9348370927318296,0.6099754701553557,gaussian_noise,SKAB,dirichlet_smoothing_fold_5,7,4,3,3,0.9,0.5,True,1.0,uniform,avg_negative_log,0.2231,,10,,225,36,389,0.048024691358024695
0.7391304347826086,0.7142857142857143,1.0,0.8333333333333334,unseen_data,SKAB,dirichlet_smoothing_fold_5,7,4,3,3,0.9,0.5,True,1.0,uniform,avg_negative_log,0.2231,,10,,225,36,389,0.048024691358024695
0.596816976127321,0.46537059538274606,0.9598997493734336,0.6268412438625205,original,SKAB,dirichlet_smoothing_fold_5,999,4,3,3,0.9,0.5,True,1.0,uniform,avg_negative_log,0.2231,,10,,225,36,389,0.048024691358024695
0.5720601237842617,0.4481074481074481,0.9197994987468672,0.6026272577996716,gaussian_noise,SKAB,dirichlet_smoothing_fold_5,999,4,3,3,0.9,0.5,True,1.0,uniform,avg_negative_log,0.2231,,10,,225,36,389,0.048024691358024695
0.7391304347826086,0.7142857142857143,1.0,0.8333333333333334,unseen_data,SKAB,dirichlet_smoothing_fold_5,999,4,3,3,0.9,0.5,True,1.0,uniform,avg_negative_log,0.2231,,10,,225,36,389,0.048024691358024695
0.6999109528049866,0.7666666666666667,0.22942643391521197,0.3531669865642994,original,SKAB,dirichlet_smoothing_fold_1,42,4,3,3,0.9,0.5,True,2.0,uniform,avg_negative_log,0.2231,,10,,225,35,400,0.050793650793650794
0.6963490650044524,0.7205882352941176,0.24438902743142144,0.3649906890130354,gaussian_noise,SKAB,dirichlet_smoothing_fold_1,42,4,3,3,0.9,0.5,True,2.0,uniform,avg_negative_log,0.2231,,10,,225,35,400,0.050793650793650794
0.0,0.0,0.0,0.0,unseen_data,SKAB,dirichlet_smoothing_fold_1,42,4,3,3,0.9,0.5,True,2.0,uniform,avg_negative_log,0.2231,,10,,225,35,400,0.050793650793650794
0.6999109528049866,0.7666666666666667,0.22942643391521197,0.3531669865642994,original,SKAB,dirichlet_smoothing_fold_1,123,4,3,3,0.9,0.5,True,2.0,uniform,avg_negative_log,0.2231,,10,,225,35,400,0.050793650793650794
0.6954585930543188,0.7565217391304347,0.2169576059850374,0.3372093023255814,gaussian_noise,SKAB,dirichlet_smoothing_fold_1,123,4,3,3,0.9,0.5,True,2.0,uniform,avg_negative_log,0.2231,,10,,225,35,400,0.050793650793650794
0.0,0.0,0.0,0.0,unseen_data,SKAB,dirichlet_smoothing_fold_1,123,4,3,3,0.9,0.5,True,2.0,uniform,avg_negative_log,0.2231,,10,,225,35,400,0.050793650793650794
0.6999109528049866,0.7666666666666667,0.22942643391521197,0.3531669865642994,original,SKAB,dirichlet_smoothing_fold_1,2026,4,3,3,0.9,0.5,True,2.0,uniform,avg_negative_log,0.2231,,10,,225,35,400,0.050793650793650794
0.6812110418521816,0.6546762589928058,0.22693266832917705,0.337037037037037,gaussian_noise,SKAB,dirichlet_smoothing_fold_1,2026,4,3,3,0.9,0.5,True,2.0,uniform,avg_negative_log,0.2231,,10,,225,35,400,0.050793650793650794
0.0,0.0,0.0,0.0,unseen_data,SKAB,dirichlet_smoothing_fold_1,2026,4,3,3,0.9,0.5,True,2.0,uniform,avg_negative_log,0.2231,,10,,225,35,400,0.050793650793650794
0.6999109528049866,0.7666666666666667,0.22942643391521197,0.3531669865642994,original,SKAB,dirichlet_smoothing_fold_1,7,4,3,3,0.9,0.5,True,2.0,uniform,avg_negative_log,0.2231,,10,,225,35,400,0.050793650793650794
0.691006233303651,0.7076923076923077,0.22942643391521197,0.3465160075329567,gaussian_noise,SKAB,dirichlet_smoothing_fold_1,7,4,3,3,0.9,0.5,True,2.0,uniform,avg_negative_log,0.2231,,10,,225,35,400,0.050793650793650794
0.0,0.0,0.0,0.0,unseen_data,SKAB,dirichlet_smoothing_fold_1,7,4,3,3,0.9,0.5,True,2.0,uniform,avg_negative_log,0.2231,,10,,225,35,400,0.050793650793650794
0.6999109528049866,0.7666666666666667,0.22942643391521197,0.3531669865642994,original,SKAB,dirichlet_smoothing_fold_1,999,4,3,3,0.9,0.5,True,2.0,uniform,avg_negative_log,0.2231,,10,,225,35,400,0.050793650793650794
0.6945681211041852,0.7543859649122807,0.2144638403990025,0.3339805825242718,gaussian_noise,SKAB,dirichlet_smoothing_fold_1,999,4,3,3,0.9,0.5,True,2.0,uniform,avg_negative_log,0.2231,,10,,225,35,400,0.050793650793650794
0.0,0.0,0.0,0.0,unseen_data,SKAB,dirichlet_smoothing_fold_1,999,4,3,3,0.9,0.5,True,2.0,uniform,avg_negative_log,0.2231,,10,,225,35,400,0.050793650793650794
0.7551385165326184,0.6245136186770428,0.7985074626865671,0.7008733624454149,original,SKAB,dirichlet_smoothing_fold_2,42,4,3,3,0.9,0.5,True,2.0,uniform,avg_negative_log,0.2231,,10,,234,34,438,0.05505279034690799
0.7649687220732797,0.6360078277886497,0.8084577114427861,0.7119386637458927,gaussian_noise,SKAB,dirichlet_smoothing_fold_2,42,4,3,3,0.9,0.5,True,2.0,uniform,avg_negative_log,0.2231,,10,,234,34,438,0.05505279034690799
0.0,0.0,0.0,0.0,unseen_data,SKAB,dirichlet_smoothing_fold_2,42,4,3,3,0.9,0.5,True,2.0,uniform,avg_negative_log,0.2231,,10,,234,34,438,0.05505279034690799
0.7551385165326184,0.6245136186770428,0.7985074626865671,0.7008733624454149,original,SKAB,dirichlet_smoothing_fold_2,123,4,3,3,0.9,0.5,True,2.0,uniform,avg_negative_log,0.2231,,10,,234,34,438,0.05505279034690799
0.7658623771224308,0.6346153846153846,0.8208955223880597,0.7158351409978309,gaussian_noise,SKAB,dirichlet_smoothing_fold_2,123,4,3,3,0.9,0.5,True,2.0,uniform,avg_negative_log,0.2231,,10,,234,34,438,0.05505279034690799
0.0,0.0,0.0,0.0,unseen_data,SKAB,dirichlet_smoothing_fold_2,123,4,3,3,0.9,0.5,True,2.0,uniform,avg_negative_log,0.2231,,10,,234,34,438,0.05505279034690799
0.7551385165326184,0.6245136186770428,0.7985074626865671,0.7008733624454149,original,SKAB,dirichlet_smoothing_fold_2,2026,4,3,3,0.9,0.5,True,2.0,uniform,avg_negative_log,0.2231,,10,,234,34,438,0.05505279034690799
0.7569258266309205,0.6221804511278195,0.8233830845771144,0.708779443254818,gaussian_noise,SKAB,dirichlet_smoothing_fold_2,2026,4,3,3,0.9,0.5,True,2.0,uniform,avg_negative_log,0.2231,,10,,234,34,438,0.05505279034690799
0.0,0.0,0.0,0.0,unseen_data,SKAB,dirichlet_smoothing_fold_2,2026,4,3,3,0.9,0.5,True,2.0,uniform,avg_negative_log,0.2231,,10,,234,34,438,0.05505279034690799
0.7551385165326184,0.6245136186770428,0.7985074626865671,0.7008733624454149,original,SKAB,dirichlet_smoothing_fold_2,7,4,3,3,0.9,0.5,True,2.0,uniform,avg_negative_log,0.2231,,10,,234,34,438,0.05505279034690799
0.7622877569258266,0.629277566539924,0.8233830845771144,0.7133620689655172,gaussian_noise,SKAB,dirichlet_smoothing_fold_2,7,4,3,3,0.9,0.5,True,2.0,uniform,avg_negative_log,0.2231,,10,,234,34,438,0.05505279034690799
0.0,0.0,0.0,0.0,unseen_data,SKAB,dirichlet_smoothing_fold_2,7,4,3,3,0.9,0.5,True,2.0,uniform,avg_negative_log,0.2231,,10,,234,34,438,0.05505279034690799
0.7551385165326184,0.6245136186770428,0.7985074626865671,0.7008733624454149,original,SKAB,dirichlet_smoothing_fold_2,999,4,3,3,0.9,0.5,True,2.0,uniform,avg_negative_log,0.2231,,10,,234,34,438,0.05505279034690799
0.7569258266309205,0.625968992248062,0.8034825870646766,0.7037037037037037,gaussian_noise,SKAB,dirichlet_smoothing_fold_2,999,4,3,3,0.9,0.5,True,2.0,uniform,avg_negative_log,0.2231,,10,,234,34,438,0.05505279034690799
0.0,0.0,0.0,0.0,unseen_data,SKAB,dirichlet_smoothing_fold_2,999,4,3,3,0.9,0.5,True,2.0,uniform,avg_negative_log,0.2231,,10,,234,34,438,0.05505279034690799
0.6041108132260947,0.46,0.6340852130325815,0.5331928345626976,original,SKAB,dirichlet_smoothing_fold_3,42,4,3,3,0.9,0.5,True,2.0,uniform,avg_negative_log,0.2231,,10,,243,37,440,0.048937826715604496
0.6085790884718498,0.46382189239332094,0.6265664160401002,0.5330490405117271,gaussian_noise,SKAB,dirichlet_smoothing_fold_3,42,4,3,3,0.9,0.5,True,2.0,uniform,avg_negative_log,0.2231,,10,,243,37,440,0.048937826715604496
1.0,0.0,0.0,0.0,unseen_data,SKAB,dirichlet_smoothing_fold_3,42,4,3,3,0.9,0.5,True,2.0,uniform,avg_negative_log,0.2231,,10,,243,37,440,0.048937826715604496
0.6041108132260947,0.46,0.6340852130325815,0.5331928345626976,original,SKAB,dirichlet_smoothing_fold_3,123,4,3,3,0.9,0.5,True,2.0,uniform,avg_negative_log,0.2231,,10,,243,37,440,0.048937826715604496
0.5951742627345844,0.4524647887323944,0.6441102756892231,0.531540847983454,gaussian_noise,SKAB,dirichlet_smoothing_fold_3,123,4,3,3,0.9,0.5,True,2.0,uniform,avg_negative_log,0.2231,,10,,243,37,440,0.048937826715604496
1.0,0.0,0.0,0.0,unseen_data,SKAB,dirichlet_smoothing_fold_3,123,4,3,3,0.9,0.5,True,2.0,uniform,avg_negative_log,0.2231,,10,,243,37,440,0.048937826715604496
0.6041108132260947,0.46,0.6340852130325815,0.5331928345626976,original,SKAB,dirichlet_smoothing_fold_3,2026,4,3,3,0.9,0.5,True,2.0,uniform,avg_negative_log,0.2231,,10,,243,37,440,0.048937826715604496
0.6094727435210009,0.4665492957746479,0.6641604010025063,0.5480868665977249,gaussian_noise,SKAB,dirichlet_smoothing_fold_3,2026,4,3,3,0.9,0.5,True,2.0,uniform,avg_negative_log,0.2231,,10,,243,37,440,0.048937826715604496
1.0,0.0,0.0,0.0,unseen_data,SKAB,dirichlet_smoothing_fold_3,2026,4,3,3,0.9,0.5,True,2.0,uniform,avg_negative_log,0.2231,,10,,243,37,440,0.048937826715604496
0.6041108132260947,0.46,0.6340852130325815,0.5331928345626976,original,SKAB,dirichlet_smoothing_fold_3,7,4,3,3,0.9,0.5,True,2.0,uniform,avg_negative_log,0.2231,,10,,243,37,440,0.048937826715604496
0.6193029490616622,0.4763572679509632,0.681704260651629,0.5608247422680412,gaussian_noise,SKAB,dirichlet_smoothing_fold_3,7,4,3,3,0.9,0.5,True,2.0,uniform,avg_negative_log,0.2231,,10,,243,37,440,0.048937826715604496
1.0,0.0,0.0,0.0,unseen_data,SKAB,dirichlet_smoothing_fold_3,7,4,3,3,0.9,0.5,True,2.0,uniform,avg_negative_log,0.2231,,10,,243,37,440,0.048937826715604496
0.6041108132260947,0.46,0.6340852130325815,0.5331928345626976,original,SKAB,dirichlet_smoothing_fold_3,999,4,3,3,0.9,0.5,True,2.0,uniform,avg_negative_log,0.2231,,10,,243,37,440,0.048937826715604496
0.5996425379803396,0.4564831261101243,0.6441102756892231,0.5343035343035343,gaussian_noise,SKAB,dirichlet_smoothing_fold_3,999,4,3,3,0.9,0.5,True,2.0,uniform,avg_negative_log,0.2231,,10,,243,37,440,0.048937826715604496
1.0,0.0,0.0,0.0,unseen_data,SKAB,dirichlet_smoothing_fold_3,999,4,3,3,0.9,0.5,True,2.0,uniform,avg_negative_log,0.2231,,10,,243,37,440,0.048937826715604496
0.34057971014492755,0.17296222664015903,0.21804511278195488,0.19290465631929046,original,SKAB,dirichlet_smoothing_fold_4,42,4,3,3,0.9,0.5,True,2.0,uniform,avg_negative_log,0.2231,,10,,241,36,449,0.05175195942830797
0.32065217391304346,0.15384615384615385,0.19548872180451127,0.17218543046357615,gaussian_noise,SKAB,dirichlet_smoothing_fold_4,42,4,3,3,0.9,0.5,True,2.0,uniform,avg_negative_log,0.2231,,10,,241,36,449,0.05175195942830797
1.0,0.0,0.0,0.0,unseen_data,SKAB,dirichlet_smoothing_fold_4,42,4,3,3,0.9,0.5,True,2.0,uniform,avg_negative_log,0.2231,,10,,241,36,449,0.05175195942830797
0.34057971014492755,0.17296222664015903,0.21804511278195488,0.19290465631929046,original,SKAB,dirichlet_smoothing_fold_4,123,4,3,3,0.9,0.5,True,2.0,uniform,avg_negative_log,0.2231,,10,,241,36,449,0.05175195942830797
0.32065217391304346,0.15247524752475247,0.19298245614035087,0.17035398230088494,gaussian_noise,SKAB,dirichlet_smoothing_fold_4,123,4,3,3,0.9,0.5,True,2.0,uniform,avg_negative_log,0.2231,,10,,241,36,449,0.05175195942830797
1.0,0.0,0.0,0.0,unseen_data,SKAB,dirichlet_smoothing_fold_4,123,4,3,3,0.9,0.5,True,2.0,uniform,avg_negative_log,0.2231,,10,,241,36,449,0.05175195942830797
0.34057971014492755,0.17296222664015903,0.21804511278195488,0.19290465631929046,original,SKAB,dirichlet_smoothing_fold_4,2026,4,3,3,0.9,0.5,True,2.0,uniform,avg_negative_log,0.2231,,10,,241,36,449,0.05175195942830797
0.3188405797101449,0.15324165029469547,0.19548872180451127,0.17180616740088106,gaussian_noise,SKAB,dirichlet_smoothing_fold_4,2026,4,3,3,0.9,0.5,True,2.0,uniform,avg_negative_log,0.2231,,10,,241,36,449,0.05175195942830797
1.0,0.0,0.0,0.0,unseen_data,SKAB,dirichlet_smoothing_fold_4,2026,4,3,3,0.9,0.5,True,2.0,uniform,avg_negative_log,0.2231,,10,,241,36,449,0.05175195942830797
0.34057971014492755,0.17296222664015903,0.21804511278195488,0.19290465631929046,original,SKAB,dirichlet_smoothing_fold_4,7,4,3,3,0.9,0.5,True,2.0,uniform,avg_negative_log,0.2231,,10,,241,36,449,0.05175195942830797
0.3442028985507246,0.17303822937625754,0.21553884711779447,0.19196428571428573,gaussian_noise,SKAB,dirichlet_smoothing_fold_4,7,4,3,3,0.9,0.5,True,2.0,uniform,avg_negative_log,0.2231,,10,,241,36,449,0.05175195942830797
1.0,0.0,0.0,0.0,unseen_data,SKAB,dirichlet_smoothing_fold_4,7,4,3,3,0.9,0.5,True,2.0,uniform,avg_negative_log,0.2231,,10,,241,36,449,0.05175195942830797
0.34057971014492755,0.17296222664015903,0.21804511278195488,0.19290465631929046,original,SKAB,dirichlet_smoothing_fold_4,999,4,3,3,0.9,0.5,True,2.0,uniform,avg_negative_log,0.2231,,10,,241,36,449,0.05175195942830797
0.3233695652173913,0.16666666666666666,0.21804511278195488,0.18892508143322476,gaussian_noise,SKAB,dirichlet_smoothing_fold_4,999,4,3,3,0.9,0.5,True,2.0,uniform,avg_negative_log,0.2231,,10,,241,36,449,0.05175195942830797
1.0,0.0,0.0,0.0,unseen_data,SKAB,dirichlet_smoothing_fold_4,999,4,3,3,0.9,0.5,True,2.0,uniform,avg_negative_log,0.2231,,10,,241,36,449,0.05175195942830797
0.5932802829354553,0.46347305389221555,0.9699248120300752,0.6272285251215559,original,SKAB,dirichlet_smoothing_fold_5,42,4,3,3,0.9,0.5,True,2.0,uniform,avg_negative_log,0.2231,,10,,225,36,389,0.048024691358024695
0.5844385499557914,0.4576877234803337,0.9624060150375939,0.6203554119547657,gaussian_noise,SKAB,dirichlet_smoothing_fold_5,42,4,3,3,0.9,0.5,True,2.0,uniform,avg_negative_log,0.2231,,10,,225,36,389,0.048024691358024695
0.7391304347826086,0.7142857142857143,1.0,0.8333333333333334,unseen_data,SKAB,dirichlet_smoothing_fold_5,42,4,3,3,0.9,0.5,True,2.0,uniform,avg_negative_log,0.2231,,10,,225,36,389,0.048024691358024695
0.5932802829354553,0.46347305389221555,0.9699248120300752,0.6272285251215559,original,SKAB,dirichlet_smoothing_fold_5,123,4,3,3,0.9,0.5,True,2.0,uniform,avg_negative_log,0.2231,,10,,225,36,389,0.048024691358024695
0.5826702033598585,0.45488257107540175,0.9223057644110275,0.609271523178808,gaussian_noise,SKAB,dirichlet_smoothing_fold_5,123,4,3,3,0.9,0.5,True,2.0,uniform,avg_negative_log,0.2231,,10,,225,36,389,0.048024691358024695
0.7391304347826086,0.7142857142857143,1.0,0.8333333333333334,unseen_data,SKAB,dirichlet_smoothing_fold_5,123,4,3,3,0.9,0.5,True,2.0,uniform,avg_negative_log,0.2231,,10,,225,36,389,0.048024691358024695
0.5932802829354553,0.46347305389221555,0.9699248120300752,0.6272285251215559,original,SKAB,dirichlet_smoothing_fold_5,2026,4,3,3,0.9,0.5,True,2.0,uniform,avg_negative_log,0.2231,,10,,225,36,389,0.048024691358024695
0.6030061892130858,0.4700956937799043,0.9849624060150376,0.6364372469635627,gaussian_noise,SKAB,dirichlet_smoothing_fold_5,2026,4,3,3,0.9,0.5,True,2.0,uniform,avg_negative_log,0.2231,,10,,225,36,389,0.048024691358024695
0.7391304347826086,0.7142857142857143,1.0,0.8333333333333334,unseen_data,SKAB,dirichlet_smoothing_fold_5,2026,4,3,3,0.9,0.5,True,2.0,uniform,avg_negative_log,0.2231,,10,,225,36,389,0.048024691358024695
0.5932802829354553,0.46347305389221555,0.9699248120300752,0.6272285251215559,original,SKAB,dirichlet_smoothing_fold_5,7,4,3,3,0.9,0.5,True,2.0,uniform,avg_negative_log,0.2231,,10,,225,36,389,0.048024691358024695
0.5747126436781609,0.45083932853717024,0.9423558897243107,0.6098945660989457,gaussian_noise,SKAB,dirichlet_smoothing_fold_5,7,4,3,3,0.9,0.5,True,2.0,uniform,avg_negative_log,0.2231,,10,,225,36,389,0.048024691358024695
0.7391304347826086,0.7142857142857143,1.0,0.8333333333333334,unseen_data,SKAB,dirichlet_smoothing_fold_5,7,4,3,3,0.9,0.5,True,2.0,uniform,avg_negative_log,0.2231,,10,,225,36,389,0.048024691358024695
0.5932802829354553,0.46347305389221555,0.9699248120300752,0.6272285251215559,original,SKAB,dirichlet_smoothing_fold_5,999,4,3,3,0.9,0.5,True,2.0,uniform,avg_negative_log,0.2231,,10,,225,36,389,0.048024691358024695
0.5711759504862953,0.44819277108433736,0.9323308270676691,0.6053702196908055,gaussian_noise,SKAB,dirichlet_smoothing_fold_5,999,4,3,3,0.9,0.5,True,2.0,uniform,avg_negative_log,0.2231,,10,,225,36,389,0.048024691358024695
0.7391304347826086,0.7142857142857143,1.0,0.8333333333333334,unseen_data,SKAB,dirichlet_smoothing_fold_5,999,4,3,3,0.9,0.5,True,2.0,uniform,avg_negative_log,0.2231,,10,,225,36,389,0.048024691358024695
0.6999109528049866,0.7622950819672131,0.23192019950124687,0.35564053537284895,original,SKAB,dirichlet_smoothing_fold_1,42,4,3,3,0.9,0.5,True,5.0,uniform,avg_negative_log,0.2231,,10,,225,35,400,0.050793650793650794
0.6945681211041852,0.7071428571428572,0.24688279301745636,0.3659889094269871,gaussian_noise,SKAB,dirichlet_smoothing_fold_1,42,4,3,3,0.9,0.5,True,5.0,uniform,avg_negative_log,0.2231,,10,,225,35,400,0.050793650793650794
0.0,0.0,0.0,0.0,unseen_data,SKAB,dirichlet_smoothing_fold_1,42,4,3,3,0.9,0.5,True,5.0,uniform,avg_negative_log,0.2231,,10,,225,35,400,0.050793650793650794
0.6999109528049866,0.7622950819672131,0.23192019950124687,0.35564053537284895,original,SKAB,dirichlet_smoothing_fold_1,123,4,3,3,0.9,0.5,True,5.0,uniform,avg_negative_log,0.2231,,10,,225,35,400,0.050793650793650794
0.6954585930543188,0.7521367521367521,0.2194513715710723,0.33976833976833976,gaussian_noise,SKAB,dirichlet_smoothing_fold_1,123,4,3,3,0.9,0.5,True,5.0,uniform,avg_negative_log,0.2231,,10,,225,35,400,0.050793650793650794
0.0,0.0,0.0,0.0,unseen_data,SKAB,dirichlet_smoothing_fold_1,123,4,3,3,0.9,0.5,True,5.0,uniform,avg_negative_log,0.2231,,10,,225,35,400,0.050793650793650794
0.6999109528049866,0.7622950819672131,0.23192019950124687,0.35564053537284895,original,SKAB,dirichlet_smoothing_fold_1,2026,4,3,3,0.9,0.5,True,5.0,uniform,avg_negative_log,0.2231,,10,,225,35,400,0.050793650793650794
0.678539626001781,0.636986301369863,0.23192019950124687,0.340036563071298,gaussian_noise,SKAB,dirichlet_smoothing_fold_1,2026,4,3,3,0.9,0.5,True,5.0,uniform,avg_negative_log,0.2231,,10,,225,35,400,0.050793650793650794
0.0,0.0,0.0,0.0,unseen_data,SKAB,dirichlet_smoothing_fold_1,2026,4,3,3,0.9,0.5,True,5.0,uniform,avg_negative_log,0.2231,,10,,225,35,400,0.050793650793650794
0.6999109528049866,0.7622950819672131,0.23192019950124687,0.35564053537284895,original,SKAB,dirichlet_smoothing_fold_1,7,4,3,3,0.9,0.5,True,5.0,uniform,avg_negative_log,0.2231,,10,,225,35,400,0.050793650793650794
0.6892252894033838,0.6940298507462687,0.23192019950124687,0.34766355140186916,gaussian_noise,SKAB,dirichlet_smoothing_fold_1,7,4,3,3,0.9,0.5,True,5.0,uniform,avg_negative_log,0.2231,,10,,225,35,400,0.050793650793650794
0.0,0.0,0.0,0.0,unseen_data,SKAB,dirichlet_smoothing_fold_1,7,4,3,3,0.9,0.5,True,5.0,uniform,avg_negative_log,0.2231,,10,,225,35,400,0.050793650793650794
0.6999109528049866,0.7622950819672131,0.23192019950124687,0.35564053537284895,original,SKAB,dirichlet_smoothing_fold_1,999,4,3,3,0.9,0.5,True,5.0,uniform,avg_negative_log,0.2231,,10,,225,35,400,0.050793650793650794
0.6945681211041852,0.75,0.2169576059850374,0.3365570599613153,gaussian_noise,SKAB,dirichlet_smoothing_fold_1,999,4,3,3,0.9,0.5,True,5.0,uniform,avg_negative_log,0.2231,,10,,225,35,400,0.050793650793650794
0.0,0.0,0.0,0.0,unseen_data,SKAB,dirichlet_smoothing_fold_1,999,4,3,3,0.9,0.5,True,5.0,uniform,avg_negative_log,0.2231,,10,,225,35,400,0.050793650793650794
0.7524575513851653,0.618595825426945,0.8109452736318408,0.7018299246501615,original,SKAB,dirichlet_smoothing_fold_2,42,4,3,3,0.9,0.5,True,5.0,uniform,avg_negative_log,0.2231,,10,,234,34,438,0.05505279034690799
0.7649687220732797,0.6333973128598849,0.8208955223880597,0.7150595882990249,gaussian_noise,SKAB,dirichlet_smoothing_fold_2,42,4,3,3,0.9,0.5,True,5.0,uniform,avg_negative_log,0.2231,,10,,234,34,438,0.05505279034690799
0.0,0.0,0.0,0.0,unseen_data,SKAB,dirichlet_smoothing_fold_2,42,4,3,3,0.9,0.5,True,5.0,uniform,avg_negative_log,0.2231,,10,,234,34,438,0.05505279034690799
0.7524575513851653,0.618595825426945,0.8109452736318408,0.7018299246501615,original,SKAB,dirichlet_smoothing_fold_2,123,4,3,3,0.9,0.5,True,5.0,uniform,avg_negative_log,0.2231,,10,,234,34,438,0.05505279034690799
0.7613941018766756,0.6271186440677966,0.8283582089552238,0.7138263665594855,gaussian_noise,SKAB,dirichlet_smoothing_fold_2,123,4,3,3,0.9,0.5,True,5.0,uniform,avg_negative_log,0.2231,,10,,234,34,438,0.05505279034690799
0.0,0.0,0.0,0.0,unseen_data,SKAB,dirichlet_smoothing_fold_2,123,4,3,3,0.9,0.5,True,5.0,uniform,avg_negative_log,0.2231,,10,,234,34,438,0.05505279034690799
0.7524575513851653,0.618595825426945,0.8109452736318408,0.7018299246501615,original,SKAB,dirichlet_smoothing_fold_2,2026,4,3,3,0.9,0.5,True,5.0,uniform,avg_negative_log,0.2231,,10,,234,34,438,0.05505279034690799
0.7533512064343163,0.6158088235294118,0.8333333333333334,0.7082452431289641,gaussian_noise,SKAB,dirichlet_smoothing_fold_2,2026,4,3,3,0.9,0.5,True,5.0,uniform,avg_negative_log,0.2231,,10,,234,34,438,0.05505279034690799
0.0,0.0,0.0,0.0,unseen_data,SKAB,dirichlet_smoothing_fold_2,2026,4,3,3,0.9,0.5,True,5.0,uniform,avg_negative_log,0.2231,,10,,234,34,438,0.05505279034690799
0.7524575513851653,0.618595825426945,0.8109452736318408,0.7018299246501615,original,SKAB,dirichlet_smoothing_fold_2,7,4,3,3,0.9,0.5,True,5.0,uniform,avg_negative_log,0.2231,,10,,234,34,438,0.05505279034690799
0.7587131367292225,0.6231343283582089,0.8308457711442786,0.7121535181236673,gaussian_noise,SKAB,dirichlet_smoothing_fold_2,7,4,3,3,0.9,0.5,True,5.0,uniform,avg_negative_log,0.2231,,10,,234,34,438,0.05505279034690799
0.0,0.0,0.0,0.0,unseen_data,SKAB,dirichlet_smoothing_fold_2,7,4,3,3,0.9,0.5,True,5.0,uniform,avg_negative_log,0.2231,,10,,234,34,438,0.05505279034690799
0.7524575513851653,0.618595825426945,0.8109452736318408,0.7018299246501615,original,SKAB,dirichlet_smoothing_fold_2,999,4,3,3,0.9,0.5,True,5.0,uniform,avg_negative_log,0.2231,,10,,234,34,438,0.05505279034690799
0.7524575513851653,0.618595825426945,0.8109452736318408,0.7018299246501615,gaussian_noise,SKAB,dirichlet_smoothing_fold_2,999,4,3,3,0.9,0.5,True,5.0,uniform,avg_negative_log,0.2231,,10,,234,34,438,0.05505279034690799
0.0,0.0,0.0,0.0,unseen_data,SKAB,dirichlet_smoothing_fold_2,999,4,3,3,0.9,0.5,True,5.0,uniform,avg_negative_log,0.2231,,10,,234,34,438,0.05505279034690799
0.6050044682752458,0.46153846153846156,0.6466165413533834,0.5386221294363257,original,SKAB,dirichlet_smoothing_fold_3,42,4,3,3,0.9,0.5,True,5.0,uniform,avg_negative_log,0.2231,,10,,243,37,440,0.048937826715604496
0.6094727435210009,0.46545454545454545,0.6416040100250626,0.5395152792413066,gaussian_noise,SKAB,dirichlet_smoothing_fold_3,42,4,3,3,0.9,0.5,True,5.0,uniform,avg_negative_log,0.2231,,10,,243,37,440,0.048937826715604496
1.0,0.0,0.0,0.0,unseen_data,SKAB,dirichlet_smoothing_fold_3,42,4,3,3,0.9,0.5,True,5.0,uniform,avg_negative_log,0.2231,,10,,243,37,440,0.048937826715604496
0.6050044682752458,0.46153846153846156,0.6466165413533834,0.5386221294363257,original,SKAB,dirichlet_smoothing_fold_3,123,4,3,3,0.9,0.5,True,5.0,uniform,avg_negative_log,0.2231,,10,,243,37,440,0.048937826715604496
0.5933869526362824,0.4513888888888889,0.6516290726817042,0.5333333333333333,gaussian_noise,SKAB,dirichlet_smoothing_fold_3,123,4,3,3,0.9,0.5,True,5.0,uniform,avg_negative_log,0.2231,,10,,243,37,440,0.048937826715604496
1.0,0.0,0.0,0.0,unseen_data,SKAB,dirichlet_smoothing_fold_3,123,4,3,3,0.9,0.5,True,5.0,uniform,avg_negative_log,0.2231,,10,,243,37,440,0.048937826715604496
0.6050044682752458,0.46153846153846156,0.6466165413533834,0.5386221294363257,original,SKAB,dirichlet_smoothing_fold_3,2026,4,3,3,0.9,0.5,True,5.0,uniform,avg_negative_log,0.2231,,10,,243,37,440,0.048937826715604496
0.610366398570152,0.4680483592400691,0.6791979949874687,0.5541922290388548,gaussian_noise,SKAB,dirichlet_smoothing_fold_3,2026,4,3,3,0.9,0.5,True,5.0,uniform,avg_negative_log,0.2231,,10,,243,37,440,0.048937826715604496
1.0,0.0,0.0,0.0,unseen_data,SKAB,dirichlet_smoothing_fold_3,2026,4,3,3,0.9,0.5,True,5.0,uniform,avg_negative_log,0.2231,,10,,243,37,440,0.048937826715604496
0.6050044682752458,0.46153846153846156,0.6466165413533834,0.5386221294363257,original,SKAB,dirichlet_smoothing_fold_3,7,4,3,3,0.9,0.5,True,5.0,uniform,avg_negative_log,0.2231,,10,,243,37,440,0.048937826715604496
0.6201966041108132,0.47758620689655173,0.6942355889724311,0.5658835546475995,gaussian_noise,SKAB,dirichlet_smoothing_fold_3,7,4,3,3,0.9,0.5,True,5.0,uniform,avg_negative_log,0.2231,,10,,243,37,440,0.048937826715604496
1.0,0.0,0.0,0.0,unseen_data,SKAB,dirichlet_smoothing_fold_3,7,4,3,3,0.9,0.5,True,5.0,uniform,avg_negative_log,0.2231,,10,,243,37,440,0.048937826715604496
0.6050044682752458,0.46153846153846156,0.6466165413533834,0.5386221294363257,original,SKAB,dirichlet_smoothing_fold_3,999,4,3,3,0.9,0.5,True,5.0,uniform,avg_negative_log,0.2231,,10,,243,37,440,0.048937826715604496
0.6005361930294906,0.458041958041958,0.656641604010025,0.5396498455200824,gaussian_noise,SKAB,dirichlet_smoothing_fold_3,999,4,3,3,0.9,0.5,True,5.0,uniform,avg_negative_log,0.2231,,10,,243,37,440,0.048937826715604496
1.0,0.0,0.0,0.0,unseen_data,SKAB,dirichlet_smoothing_fold_3,999,4,3,3,0.9,0.5,True,5.0,uniform,avg_negative_log,0.2231,,10,,243,37,440,0.048937826715604496
0.3351449275362319,0.17221135029354206,0.22055137844611528,0.1934065934065934,original,SKAB,dirichlet_smoothing_fold_4,42,4,3,3,0.9,0.5,True,5.0,uniform,avg_negative_log,0.2231,,10,,241,36,449,0.05175195942830797
0.31431159420289856,0.15310077519379844,0.19799498746867167,0.1726775956284153,gaussian_noise,SKAB,dirichlet_smoothing_fold_4,42,4,3,3,0.9,0.5,True,5.0,uniform,avg_negative_log,0.2231,,10,,241,36,449,0.05175195942830797
1.0,0.0,0.0,0.0,unseen_data,SKAB,dirichlet_smoothing_fold_4,42,4,3,3,0.9,0.5,True,5.0,uniform,avg_negative_log,0.2231,,10,,241,36,449,0.05175195942830797
0.3351449275362319,0.17221135029354206,0.22055137844611528,0.1934065934065934,original,SKAB,dirichlet_smoothing_fold_4,123,4,3,3,0.9,0.5,True,5.0,uniform,avg_negative_log,0.2231,,10,,241,36,449,0.05175195942830797
0.3179347826086957,0.15294117647058825,0.19548872180451127,0.1716171617161716,gaussian_noise,SKAB,dirichlet_smoothing_fold_4,123,4,3,3,0.9,0.5,True,5.0,uniform,avg_negative_log,0.2231,,10,,241,36,449,0.05175195942830797
1.0,0.0,0.0,0.0,unseen_data,SKAB,dirichlet_smoothing_fold_4,123,4,3,3,0.9,0.5,True,5.0,uniform,avg_negative_log,0.2231,,10,,241,36,449,0.05175195942830797
0.3351449275362319,0.17221135029354206,0.22055137844611528,0.1934065934065934,original,SKAB,dirichlet_smoothing_fold_4,2026,4,3,3,0.9,0.5,True,5.0,uniform,avg_negative_log,0.2231,,10,,241,36,449,0.05175195942830797
0.3134057971014493,0.1528046421663443,0.19799498746867167,0.17248908296943233,gaussian_noise,SKAB,dirichlet_smoothing_fold_4,2026,4,3,3,0.9,0.5,True,5.0,uniform,avg_negative_log,0.2231,,10,,241,36,449,0.05175195942830797
1.0,0.0,0.0,0.0,unseen_data,SKAB,dirichlet_smoothing_fold_4,2026,4,3,3,0.9,0.5,True,5.0,uniform,avg_negative_log,0.2231,,10,,241,36,449,0.05175195942830797
0.3351449275362319,0.17221135029354206,0.22055137844611528,0.1934065934065934,original,SKAB,dirichlet_smoothing_fold_4,7,4,3,3,0.9,0.5,True,5.0,uniform,avg_negative_log,0.2231,,10,,241,36,449,0.05175195942830797
0.34148550724637683,0.17330677290836655,0.21804511278195488,0.19311875693673697,gaussian_noise,SKAB,dirichlet_smoothing_fold_4,7,4,3,3,0.9,0.5,True,5.0,uniform,avg_negative_log,0.2231,,10,,241,36,449,0.05175195942830797
1.0,0.0,0.0,0.0,unseen_data,SKAB,dirichlet_smoothing_fold_4,7,4,3,3,0.9,0.5,True,5.0,uniform,avg_negative_log,0.2231,,10,,241,36,449,0.05175195942830797
0.3351449275362319,0.17221135029354206,0.22055137844611528,0.1934065934065934,original,SKAB,dirichlet_smoothing_fold_4,999,4,3,3,0.9,0.5,True,5.0,uniform,avg_negative_log,0.2231,,10,,241,36,449,0.05175195942830797
0.3179347826086957,0.1660377358490566,0.22055137844611528,0.18945102260495156,gaussian_noise,SKAB,dirichlet_smoothing_fold_4,999,4,3,3,0.9,0.5,True,5.0,uniform,avg_negative_log,0.2231,,10,,241,36,449,0.05175195942830797
1.0,0.0,0.0,0.0,unseen_data,SKAB,dirichlet_smoothing_fold_4,999,4,3,3,0.9,0.5,True,5.0,uniform,avg_negative_log,0.2231,,10,,241,36,449,0.05175195942830797
0.5879752431476569,0.4604486422668241,0.9774436090225563,0.6260032102728732,original,SKAB,dirichlet_smoothing_fold_5,42,4,3,3,0.9,0.5,True,5.0,uniform,avg_negative_log,0.2231,,10,,225,36,389,0.048024691358024695
0.579133510167993,0.45507584597432904,0.9774436090225563,0.6210191082802548,gaussian_noise,SKAB,dirichlet_smoothing_fold_5,42,4,3,3,0.9,0.5,True,5.0,uniform,avg_negative_log,0.2231,,10,,225,36,389,0.048024691358024695
0.7391304347826086,0.7142857142857143,1.0,0.8333333333333334,unseen_data,SKAB,dirichlet_smoothing_fold_5,42,4,3,3,0.9,0.5,True,5.0,uniform,avg_negative_log,0.2231,,10,,225,36,389,0.048024691358024695
0.5879752431476569,0.4604486422668241,0.9774436090225563,0.6260032102728732,original,SKAB,dirichlet_smoothing_fold_5,123,4,3,3,0.9,0.5,True,5.0,uniform,avg_negative_log,0.2231,,10,,225,36,389,0.048024691358024695
0.5782493368700266,0.4526699029126214,0.9348370927318296,0.6099754701553557,gaussian_noise,SKAB,dirichlet_smoothing_fold_5,123,4,3,3,0.9,0.5,True,5.0,uniform,avg_negative_log,0.2231,,10,,225,36,389,0.048024691358024695
0.7391304347826086,0.7142857142857143,1.0,0.8333333333333334,unseen_data,SKAB,dirichlet_smoothing_fold_5,123,4,3,3,0.9,0.5,True,5.0,uniform,avg_negative_log,0.2231,,10,,225,36,389,0.048024691358024695
0.5879752431476569,0.4604486422668241,0.9774436090225563,0.6260032102728732,original,SKAB,dirichlet_smoothing_fold_5,2026,4,3,3,0.9,0.5,True,5.0,uniform,avg_negative_log,0.2231,,10,,225,36,389,0.048024691358024695
0.5932802829354553,0.464075382803298,0.9874686716791979,0.6314102564102564,gaussian_noise,SKAB,dirichlet_smoothing_fold_5,2026,4,3,3,0.9,0.5,True,5.0,uniform,avg_negative_log,0.2231,,10,,225,36,389,0.048024691358024695
0.7391304347826086,0.7142857142857143,1.0,0.8333333333333334,unseen_data,SKAB,dirichlet_smoothing_fold_5,2026,4,3,3,0.9,0.5,True,5.0,uniform,avg_negative_log,0.2231,,10,,225,36,389,0.048024691358024695
0.5879752431476569,0.4604486422668241,0.9774436090225563,0.6260032102728732,original,SKAB,dirichlet_smoothing_fold_5,7,4,3,3,0.9,0.5,True,5.0,uniform,avg_negative_log,0.2231,,10,,225,36,389,0.048024691358024695
0.5702917771883289,0.44876325088339225,0.9548872180451128,0.6105769230769231,gaussian_noise,SKAB,dirichlet_smoothing_fold_5,7,4,3,3,0.9,0.5,True,5.0,uniform,avg_negative_log,0.2231,,10,,225,36,389,0.048024691358024695
0.7391304347826086,0.7142857142857143,1.0,0.8333333333333334,unseen_data,SKAB,dirichlet_smoothing_fold_5,7,4,3,3,0.9,0.5,True,5.0,uniform,avg_negative_log,0.2231,,10,,225,36,389,0.048024691358024695
0.5879752431476569,0.4604486422668241,0.9774436090225563,0.6260032102728732,original,SKAB,dirichlet_smoothing_fold_5,999,4,3,3,0.9,0.5,True,5.0,uniform,avg_negative_log,0.2231,,10,,225,36,389,0.048024691358024695
0.5641025641025641,0.4444444444444444,0.9423558897243107,0.6040160642570281,gaussian_noise,SKAB,dirichlet_smoothing_fold_5,999,4,3,3,0.9,0.5,True,5.0,uniform,avg_negative_log,0.2231,,10,,225,36,389,0.048024691358024695
0.7391304347826086,0.7142857142857143,1.0,0.8333333333333334,unseen_data,SKAB,dirichlet_smoothing_fold_5,999,4,3,3,0.9,0.5,True,5.0,uniform,avg_negative_log,0.2231,,10,,225,36,389,0.048024691358024695
0.699020480854853,0.7647058823529411,0.22693266832917705,0.35,original,SKAB,dirichlet_smoothing_fold_1,42,4,3,3,0.9,0.5,True,0.01,unigram,avg_negative_log,0.2231,,10,,225,35,400,0.050793650793650794
0.6963490650044524,0.7205882352941176,0.24438902743142144,0.3649906890130354,gaussian_noise,SKAB,dirichlet_smoothing_fold_1,42,4,3,3,0.9,0.5,True,0.01,unigram,avg_negative_log,0.2231,,10,,225,35,400,0.050793650793650794
0.0,0.0,0.0,0.0,unseen_data,SKAB,dirichlet_smoothing_fold_1,42,4,3,3,0.9,0.5,True,0.01,unigram,avg_negative_log,0.2231,,10,,225,35,400,0.050793650793650794
0.699020480854853,0.7647058823529411,0.22693266832917705,0.35,original,SKAB,dirichlet_smoothing_fold_1,123,4,3,3,0.9,0.5,True,0.01,unigram,avg_negative_log,0.2231,,10,,225,35,400,0.050793650793650794
0.6945681211041852,0.7543859649122807,0.2144638403990025,0.3339805825242718,gaussian_noise,SKAB,dirichlet_smoothing_fold_1,123,4,3,3,0.9,0.5,True,0.01,unigram,avg_negative_log,0.2231,,10,,225,35,400,0.050793650793650794
0.0,0.0,0.0,0.0,unseen_data,SKAB,dirichlet_smoothing_fold_1,123,4,3,3,0.9,0.5,True,0.01,unigram,avg_negative_log,0.2231,,10,,225,35,400,0.050793650793650794
0.699020480854853,0.7647058823529411,0.22693266832917705,0.35,original,SKAB,dirichlet_smoothing_fold_1,2026,4,3,3,0.9,0.5,True,0.01,unigram,avg_negative_log,0.2231,,10,,225,35,400,0.050793650793650794
0.680320569902048,0.6521739130434783,0.22443890274314215,0.3339517625231911,gaussian_noise,SKAB,dirichlet_smoothing_fold_1,2026,4,3,3,0.9,0.5,True,0.01,unigram,avg_negative_log,0.2231,,10,,225,35,400,0.050793650793650794
0.0,0.0,0.0,0.0,unseen_data,SKAB,dirichlet_smoothing_fold_1,2026,4,3,3,0.9,0.5,True,0.01,unigram,avg_negative_log,0.2231,,10,,225,35,400,0.050793650793650794
0.699020480854853,0.7647058823529411,0.22693266832917705,0.35,original,SKAB,dirichlet_smoothing_fold_1,7,4,3,3,0.9,0.5,True,0.01,unigram,avg_negative_log,0.2231,,10,,225,35,400,0.050793650793650794
0.6901157613535174,0.7054263565891473,0.22693266832917705,0.3433962264150943,gaussian_noise,SKAB,dirichlet_smoothing_fold_1,7,4,3,3,0.9,0.5,True,0.01,unigram,avg_negative_log,0.2231,,10,,225,35,400,0.050793650793650794
0.0,0.0,0.0,0.0,unseen_data,SKAB,dirichlet_smoothing_fold_1,7,4,3,3,0.9,0.5,True,0.01,unigram,avg_negative_log,0.2231,,10,,225,35,400,0.050793650793650794
0.699020480854853,0.7647058823529411,0.22693266832917705,0.35,original,SKAB,dirichlet_smoothing_fold_1,999,4,3,3,0.9,0.5,True,0.01,unigram,avg_negative_log,0.2231,,10,,225,35,400,0.050793650793650794
0.6936776491540516,0.7522123893805309,0.2119700748129676,0.33073929961089493,gaussian_noise,SKAB,dirichlet_smoothing_fold_1,999,4,3,3,0.9,0.5,True,0.01,unigram,avg_negative_log,0.2231,,10,,225,35,400,0.050793650793650794
0.0,0.0,0.0,0.0,unseen_data,SKAB,dirichlet_smoothing_fold_1,999,4,3,3,0.9,0.5,True,0.01,unigram,avg_negative_log,0.2231,,10,,225,35,400,0.050793650793650794
0.7551385165326184,0.625,0.7960199004975125,0.700218818380744,original,SKAB,dirichlet_smoothing_fold_2,42,4,3,3,0.9,0.5,True,0.01,unigram,avg_negative_log,0.2231,,10,,234,34,438,0.05505279034690799
0.7658623771224308,0.6383399209486166,0.8034825870646766,0.711453744493392,gaussian_noise,SKAB,dirichlet_smoothing_fold_2,42,4,3,3,0.9,0.5,True,0.01,unigram,avg_negative_log,0.2231,,10,,234,34,438,0.05505279034690799
0.0,0.0,0.0,0.0,unseen_data,SKAB,dirichlet_smoothing_fold_2,42,4,3,3,0.9,0.5,True,0.01,unigram,avg_negative_log,0.2231,,10,,234,34,438,0.05505279034690799
0.7551385165326184,0.625,0.7960199004975125,0.700218818380744,original,SKAB,dirichlet_smoothing_fold_2,123,4,3,3,0.9,0.5,True,0.01,unigram,avg_negative_log,0.2231,,10,,234,34,438,0.05505279034690799
0.7649687220732797,0.6349514563106796,0.8134328358208955,0.7131952017448201,gaussian_noise,SKAB,dirichlet_smoothing_fold_2,123,4,3,3,0.9,0.5,True,0.01,unigram,avg_negative_log,0.2231,,10,,234,34,438,0.05505279034690799
0.0,0.0,0.0,0.0,unseen_data,SKAB,dirichlet_smoothing_fold_2,123,4,3,3,0.9,0.5,True,0.01,unigram,avg_negative_log,0.2231,,10,,234,34,438,0.05505279034690799
0.7551385165326184,0.625,0.7960199004975125,0.700218818380744,original,SKAB,dirichlet_smoothing_fold_2,2026,4,3,3,0.9,0.5,True,0.01,unigram,avg_negative_log,0.2231,,10,,234,34,438,0.05505279034690799
0.7596067917783735,0.6266666666666667,0.818407960199005,0.7098166127292341,gaussian_noise,SKAB,dirichlet_smoothing_fold_2,2026,4,3,3,0.9,0.5,True,0.01,unigram,avg_negative_log,0.2231,,10,,234,34,438,0.05505279034690799
0.0,0.0,0.0,0.0,unseen_data,SKAB,dirichlet_smoothing_fold_2,2026,4,3,3,0.9,0.5,True,0.01,unigram,avg_negative_log,0.2231,,10,,234,34,438,0.05505279034690799
0.7551385165326184,0.625,0.7960199004975125,0.700218818380744,original,SKAB,dirichlet_smoothing_fold_2,7,4,3,3,0.9,0.5,True,0.01,unigram,avg_negative_log,0.2231,,10,,234,34,438,0.05505279034690799
0.7631814119749777,0.6309751434034416,0.8208955223880597,0.7135135135135136,gaussian_noise,SKAB,dirichlet_smoothing_fold_2,7,4,3,3,0.9,0.5,True,0.01,unigram,avg_negative_log,0.2231,,10,,234,34,438,0.05505279034690799
0.0,0.0,0.0,0.0,unseen_data,SKAB,dirichlet_smoothing_fold_2,7,4,3,3,0.9,0.5,True,0.01,unigram,avg_negative_log,0.2231,,10,,234,34,438,0.05505279034690799
0.7551385165326184,0.625,0.7960199004975125,0.700218818380744,original,SKAB,dirichlet_smoothing_fold_2,999,4,3,3,0.9,0.5,True,0.01,unigram,avg_negative_log,0.2231,,10,,234,34,438,0.05505279034690799
0.7551385165326184,0.625,0.7960199004975125,0.700218818380744,gaussian_noise,SKAB,dirichlet_smoothing_fold_2,999,4,3,3,0.9,0.5,True,0.01,unigram,avg_negative_log,0.2231,,10,,234,34,438,0.05505279034690799
0.0,0.0,0.0,0.0,unseen_data,SKAB,dirichlet_smoothing_fold_2,999,4,3,3,0.9,0.5,True,0.01,unigram,avg_negative_log,0.2231,,10,,234,34,438,0.05505279034690799
0.610366398570152,0.4651600753295669,0.6190476190476191,0.5311827956989247,original,SKAB,dirichlet_smoothing_fold_3,42,4,3,3,0.9,0.5,True,0.01,unigram,avg_negative_log,0.2231,,10,,243,37,440,0.048937826715604496
0.613047363717605,0.4675572519083969,0.6140350877192983,0.5308775731310943,gaussian_noise,SKAB,dirichlet_smoothing_fold_3,42,4,3,3,0.9,0.5,True,0.01,unigram,avg_negative_log,0.2231,,10,,243,37,440,0.048937826715604496
1.0,0.0,0.0,0.0,unseen_data,SKAB,dirichlet_smoothing_fold_3,42,4,3,3,0.9,0.5,True,0.01,unigram,avg_negative_log,0.2231,,10,,243,37,440,0.048937826715604496
0.610366398570152,0.4651600753295669,0.6190476190476191,0.5311827956989247,original,SKAB,dirichlet_smoothing_fold_3,123,4,3,3,0.9,0.5,True,0.01,unigram,avg_negative_log,0.2231,,10,,243,37,440,0.048937826715604496
0.6023235031277927,0.4583333333333333,0.6340852130325815,0.5320715036803365,gaussian_noise,SKAB,dirichlet_smoothing_fold_3,123,4,3,3,0.9,0.5,True,0.01,unigram,avg_negative_log,0.2231,,10,,243,37,440,0.048937826715604496
1.0,0.0,0.0,0.0,unseen_data,SKAB,dirichlet_smoothing_fold_3,123,4,3,3,0.9,0.5,True,0.01,unigram,avg_negative_log,0.2231,,10,,243,37,440,0.048937826715604496
0.610366398570152,0.4651600753295669,0.6190476190476191,0.5311827956989247,original,SKAB,dirichlet_smoothing_fold_3,2026,4,3,3,0.9,0.5,True,0.01,unigram,avg_negative_log,0.2231,,10,,243,37,440,0.048937826715604496
0.6157283288650581,0.4719710669077758,0.6541353383458647,0.5483193277310925,gaussian_noise,SKAB,dirichlet_smoothing_fold_3,2026,4,3,3,0.9,0.5,True,0.01,unigram,avg_negative_log,0.2231,,10,,243,37,440,0.048937826715604496
1.0,0.0,0.0,0.0,unseen_data,SKAB,dirichlet_smoothing_fold_3,2026,4,3,3,0.9,0.5,True,0.01,unigram,avg_negative_log,0.2231,,10,,243,37,440,0.048937826715604496
0.610366398570152,0.4651600753295669,0.6190476190476191,0.5311827956989247,original,SKAB,dirichlet_smoothing_fold_3,7,4,3,3,0.9,0.5,True,0.01,unigram,avg_negative_log,0.2231,,10,,243,37,440,0.048937826715604496
0.6219839142091153,0.47833935018050544,0.6641604010025063,0.5561385099685204,gaussian_noise,SKAB,dirichlet_smoothing_fold_3,7,4,3,3,0.9,0.5,True,0.01,unigram,avg_negative_log,0.2231,,10,,243,37,440,0.048937826715604496
1.0,0.0,0.0,0.0,unseen_data,SKAB,dirichlet_smoothing_fold_3,7,4,3,3,0.9,0.5,True,0.01,unigram,avg_negative_log,0.2231,,10,,243,37,440,0.048937826715604496
0.610366398570152,0.4651600753295669,0.6190476190476191,0.5311827956989247,original,SKAB,dirichlet_smoothing_fold_3,999,4,3,3,0.9,0.5,True,0.01,unigram,avg_negative_log,0.2231,,10,,243,37,440,0.048937826715604496
0.6032171581769437,0.45871559633027525,0.6265664160401002,0.5296610169491526,gaussian_noise,SKAB,dirichlet_smoothing_fold_3,999,4,3,3,0.9,0.5,True,0.01,unigram,avg_negative_log,0.2231,,10,,243,37,440,0.048937826715604496
1.0,0.0,0.0,0.0,unseen_data,SKAB,dirichlet_smoothing_fold_3,999,4,3,3,0.9,0.5,True,0.01,unigram,avg_negative_log,0.2231,,10,,243,37,440,0.048937826715604496
0.3432971014492754,0.16869918699186992,0.20802005012531327,0.186307519640853,original,SKAB,dirichlet_smoothing_fold_4,42,4,3,3,0.9,0.5,True,0.01,unigram,avg_negative_log,0.2231,,10,,241,36,449,0.05175195942830797
0.32518115942028986,0.14979757085020243,0.18546365914786966,0.16573348264277715,gaussian_noise,SKAB,dirichlet_smoothing_fold_4,42,4,3,3,0.9,0.5,True,0.01,unigram,avg_negative_log,0.2231,,10,,241,36,449,0.05175195942830797
1.0,0.0,0.0,0.0,unseen_data,SKAB,dirichlet_smoothing_fold_4,42,4,3,3,0.9,0.5,True,0.01,unigram,avg_negative_log,0.2231,,10,,241,36,449,0.05175195942830797
0.3432971014492754,0.16869918699186992,0.20802005012531327,0.186307519640853,original,SKAB,dirichlet_smoothing_fold_4,123,4,3,3,0.9,0.5,True,0.01,unigram,avg_negative_log,0.2231,,10,,241,36,449,0.05175195942830797
0.32518115942028986,0.1483739837398374,0.18295739348370926,0.1638608305274972,gaussian_noise,SKAB,dirichlet_smoothing_fold_4,123,4,3,3,0.9,0.5,True,0.01,unigram,avg_negative_log,0.2231,,10,,241,36,449,0.05175195942830797
1.0,0.0,0.0,0.0,unseen_data,SKAB,dirichlet_smoothing_fold_4,123,4,3,3,0.9,0.5,True,0.01,unigram,avg_negative_log,0.2231,,10,,241,36,449,0.05175195942830797
0.3432971014492754,0.16869918699186992,0.20802005012531327,0.186307519640853,original,SKAB,dirichlet_smoothing_fold_4,2026,4,3,3,0.9,0.5,True,0.01,unigram,avg_negative_log,0.2231,,10,,241,36,449,0.05175195942830797
0.32608695652173914,0.15010141987829614,0.18546365914786966,0.16591928251121077,gaussian_noise,SKAB,dirichlet_smoothing_fold_4,2026,4,3,3,0.9,0.5,True,0.01,unigram,avg_negative_log,0.2231,,10,,241,36,449,0.05175195942830797
1.0,0.0,0.0,0.0,unseen_data,SKAB,dirichlet_smoothing_fold_4,2026,4,3,3,0.9,0.5,True,0.01,unigram,avg_negative_log,0.2231,,10,,241,36,449,0.05175195942830797
0.3432971014492754,0.16869918699186992,0.20802005012531327,0.186307519640853,original,SKAB,dirichlet_smoothing_fold_4,7,4,3,3,0.9,0.5,True,0.01,unigram,avg_negative_log,0.2231,,10,,241,36,449,0.05175195942830797
0.34601449275362317,0.16837782340862423,0.20551378446115287,0.18510158013544017,gaussian_noise,SKAB,dirichlet_smoothing_fold_4,7,4,3,3,0.9,0.5,True,0.01,unigram,avg_negative_log,0.2231,,10,,241,36,449,0.05175195942830797
1.0,0.0,0.0,0.0,unseen_data,SKAB,dirichlet_smoothing_fold_4,7,4,3,3,0.9,0.5,True,0.01,unigram,avg_negative_log,0.2231,,10,,241,36,449,0.05175195942830797
0.3432971014492754,0.16869918699186992,0.20802005012531327,0.186307519640853,original,SKAB,dirichlet_smoothing_fold_4,999,4,3,3,0.9,0.5,True,0.01,unigram,avg_negative_log,0.2231,,10,,241,36,449,0.05175195942830797
0.3278985507246377,0.16306483300589392,0.20802005012531327,0.1828193832599119,gaussian_noise,SKAB,dirichlet_smoothing_fold_4,999,4,3,3,0.9,0.5,True,0.01,unigram,avg_negative_log,0.2231,,10,,241,36,449,0.05175195942830797
1.0,0.0,0.0,0.0,unseen_data,SKAB,dirichlet_smoothing_fold_4,999,4,3,3,0.9,0.5,True,0.01,unigram,avg_negative_log,0.2231,,10,,241,36,449,0.05175195942830797
0.5977011494252874,0.4656019656019656,0.949874686716792,0.6248969497114591,original,SKAB,dirichlet_smoothing_fold_5,42,4,3,3,0.9,0.5,True,0.01,unigram,avg_negative_log,0.2231,,10,,225,36,389,0.048024691358024695
0.5932802829354553,0.4625766871165644,0.9448621553884712,0.6210873146622735,gaussian_noise,SKAB,dirichlet_smoothing_fold_5,42,4,3,3,0.9,0.5,True,0.01,unigram,avg_negative_log,0.2231,,10,,225,36,389,0.048024691358024695
0.7391304347826086,0.7142857142857143,1.0,0.8333333333333334,unseen_data,SKAB,dirichlet_smoothing_fold_5,42,4,3,3,0.9,0.5,True,0.01,unigram,avg_negative_log,0.2231,,10,,225,36,389,0.048024691358024695
0.5977011494252874,0.4656019656019656,0.949874686716792,0.6248969497114591,original,SKAB,dirichlet_smoothing_fold_5,123,4,3,3,0.9,0.5,True,0.01,unigram,avg_negative_log,0.2231,,10,,225,36,389,0.048024691358024695
0.5915119363395226,0.45987261146496816,0.9047619047619048,0.6097972972972973,gaussian_noise,SKAB,dirichlet_smoothing_fold_5,123,4,3,3,0.9,0.5,True,0.01,unigram,avg_negative_log,0.2231,,10,,225,36,389,0.048024691358024695
0.7391304347826086,0.7142857142857143,1.0,0.8333333333333334,unseen_data,SKAB,dirichlet_smoothing_fold_5,123,4,3,3,0.9,0.5,True,0.01,unigram,avg_negative_log,0.2231,,10,,225,36,389,0.048024691358024695
0.5977011494252874,0.4656019656019656,0.949874686716792,0.6248969497114591,original,SKAB,dirichlet_smoothing_fold_5,2026,4,3,3,0.9,0.5,True,0.01,unigram,avg_negative_log,0.2231,,10,,225,36,389,0.048024691358024695
0.6074270557029178,0.4722564734895191,0.9598997493734336,0.6330578512396694,gaussian_noise,SKAB,dirichlet_smoothing_fold_5,2026,4,3,3,0.9,0.5,True,0.01,unigram,avg_negative_log,0.2231,,10,,225,36,389,0.048024691358024695
0.7391304347826086,0.7142857142857143,1.0,0.8333333333333334,unseen_data,SKAB,dirichlet_smoothing_fold_5,2026,4,3,3,0.9,0.5,True,0.01,unigram,avg_negative_log,0.2231,,10,,225,36,389,0.048024691358024695
0.5977011494252874,0.4656019656019656,0.949874686716792,0.6248969497114591,original,SKAB,dirichlet_smoothing_fold_5,7,4,3,3,0.9,0.5,True,0.01,unigram,avg_negative_log,0.2231,,10,,225,36,389,0.048024691358024695
0.5826702033598585,0.4554334554334554,0.9348370927318296,0.6124794745484401,gaussian_noise,SKAB,dirichlet_smoothing_fold_5,7,4,3,3,0.9,0.5,True,0.01,unigram,avg_negative_log,0.2231,,10,,225,36,389,0.048024691358024695
0.7391304347826086,0.7142857142857143,1.0,0.8333333333333334,unseen_data,SKAB,dirichlet_smoothing_fold_5,7,4,3,3,0.9,0.5,True,0.01,unigram,avg_negative_log,0.2231,,10,,225,36,389,0.048024691358024695
0.5977011494252874,0.4656019656019656,0.949874686716792,0.6248969497114591,original,SKAB,dirichlet_smoothing_fold_5,999,4,3,3,0.9,0.5,True,0.01,unigram,avg_negative_log,0.2231,,10,,225,36,389,0.048024691358024695
0.5747126436781609,0.44938271604938274,0.9122807017543859,0.6021505376344086,gaussian_noise,SKAB,dirichlet_smoothing_fold_5,999,4,3,3,0.9,0.5,True,0.01,unigram,avg_negative_log,0.2231,,10,,225,36,389,0.048024691358024695
0.7391304347826086,0.7142857142857143,1.0,0.8333333333333334,unseen_data,SKAB,dirichlet_smoothing_fold_5,999,4,3,3,0.9,0.5,True,0.01,unigram,avg_negative_log,0.2231,,10,,225,36,389,0.048024691358024695
0.699020480854853,0.7647058823529411,0.22693266832917705,0.35,original,SKAB,dirichlet_smoothing_fold_1,42,4,3,3,0.9,0.5,True,0.05,unigram,avg_negative_log,0.2231,,10,,225,35,400,0.050793650793650794
0.6963490650044524,0.7205882352941176,0.24438902743142144,0.3649906890130354,gaussian_noise,SKAB,dirichlet_smoothing_fold_1,42,4,3,3,0.9,0.5,True,0.05,unigram,avg_negative_log,0.2231,,10,,225,35,400,0.050793650793650794
0.0,0.0,0.0,0.0,unseen_data,SKAB,dirichlet_smoothing_fold_1,42,4,3,3,0.9,0.5,True,0.05,unigram,avg_negative_log,0.2231,,10,,225,35,400,0.050793650793650794
0.699020480854853,0.7647058823529411,0.22693266832917705,0.35,original,SKAB,dirichlet_smoothing_fold_1,123,4,3,3,0.9,0.5,True,0.05,unigram,avg_negative_log,0.2231,,10,,225,35,400,0.050793650793650794
0.6945681211041852,0.7543859649122807,0.2144638403990025,0.3339805825242718,gaussian_noise,SKAB,dirichlet_smoothing_fold_1,123,4,3,3,0.9,0.5,True,0.05,unigram,avg_negative_log,0.2231,,10,,225,35,400,0.050793650793650794
0.0,0.0,0.0,0.0,unseen_data,SKAB,dirichlet_smoothing_fold_1,123,4,3,3,0.9,0.5,True,0.05,unigram,avg_negative_log,0.2231,,10,,225,35,400,0.050793650793650794
0.699020480854853,0.7647058823529411,0.22693266832917705,0.35,original,SKAB,dirichlet_smoothing_fold_1,2026,4,3,3,0.9,0.5,True,0.05,unigram,avg_negative_log,0.2231,,10,,225,35,400,0.050793650793650794
0.6812110418521816,0.6546762589928058,0.22693266832917705,0.337037037037037,gaussian_noise,SKAB,dirichlet_smoothing_fold_1,2026,4,3,3,0.9,0.5,True,0.05,unigram,avg_negative_log,0.2231,,10,,225,35,400,0.050793650793650794
0.0,0.0,0.0,0.0,unseen_data,SKAB,dirichlet_smoothing_fold_1,2026,4,3,3,0.9,0.5,True,0.05,unigram,avg_negative_log,0.2231,,10,,225,35,400,0.050793650793650794
0.699020480854853,0.7647058823529411,0.22693266832917705,0.35,original,SKAB,dirichlet_smoothing_fold_1,7,4,3,3,0.9,0.5,True,0.05,unigram,avg_negative_log,0.2231,,10,,225,35,400,0.050793650793650794
0.6901157613535174,0.7054263565891473,0.22693266832917705,0.3433962264150943,gaussian_noise,SKAB,dirichlet_smoothing_fold_1,7,4,3,3,0.9,0.5,True,0.05,unigram,avg_negative_log,0.2231,,10,,225,35,400,0.050793650793650794
0.0,0.0,0.0,0.0,unseen_data,SKAB,dirichlet_smoothing_fold_1,7,4,3,3,0.9,0.5,True,0.05,unigram,avg_negative_log,0.2231,,10,,225,35,400,0.050793650793650794
0.699020480854853,0.7647058823529411,0.22693266832917705,0.35,original,SKAB,dirichlet_smoothing_fold_1,999,4,3,3,0.9,0.5,True,0.05,unigram,avg_negative_log,0.2231,,10,,225,35,400,0.050793650793650794
0.6936776491540516,0.7522123893805309,0.2119700748129676,0.33073929961089493,gaussian_noise,SKAB,dirichlet_smoothing_fold_1,999,4,3,3,0.9,0.5,True,0.05,unigram,avg_negative_log,0.2231,,10,,225,35,400,0.050793650793650794
0.0,0.0,0.0,0.0,unseen_data,SKAB,dirichlet_smoothing_fold_1,999,4,3,3,0.9,0.5,True,0.05,unigram,avg_negative_log,0.2231,,10,,225,35,400,0.050793650793650794
0.7551385165326184,0.625,0.7960199004975125,0.700218818380744,original,SKAB,dirichlet_smoothing_fold_2,42,4,3,3,0.9,0.5,True,0.05,unigram,avg_negative_log,0.2231,,10,,234,34,438,0.05505279034690799
0.7658623771224308,0.6383399209486166,0.8034825870646766,0.711453744493392,gaussian_noise,SKAB,dirichlet_smoothing_fold_2,42,4,3,3,0.9,0.5,True,0.05,unigram,avg_negative_log,0.2231,,10,,234,34,438,0.05505279034690799
0.0,0.0,0.0,0.0,unseen_data,SKAB,dirichlet_smoothing_fold_2,42,4,3,3,0.9,0.5,True,0.05,unigram,avg_negative_log,0.2231,,10,,234,34,438,0.05505279034690799
0.7551385165326184,0.625,0.7960199004975125,0.700218818380744,original,SKAB,dirichlet_smoothing_fold_2,123,4,3,3,0.9,0.5,True,0.05,unigram,avg_negative_log,0.2231,,10,,234,34,438,0.05505279034690799
0.7649687220732797,0.6349514563106796,0.8134328358208955,0.7131952017448201,gaussian_noise,SKAB,dirichlet_smoothing_fold_2,123,4,3,3,0.9,0.5,True,0.05,unigram,avg_negative_log,0.2231,,10,,234,34,438,0.05505279034690799
0.0,0.0,0.0,0.0,unseen_data,SKAB,dirichlet_smoothing_fold_2,123,4,3,3,0.9,0.5,True,0.05,unigram,avg_negative_log,0.2231,,10,,234,34,438,0.05505279034690799
0.7551385165326184,0.625,0.7960199004975125,0.700218818380744,original,SKAB,dirichlet_smoothing_fold_2,2026,4,3,3,0.9,0.5,True,0.05,unigram,avg_negative_log,0.2231,,10,,234,34,438,0.05505279034690799
0.7596067917783735,0.6266666666666667,0.818407960199005,0.7098166127292341,gaussian_noise,SKAB,dirichlet_smoothing_fold_2,2026,4,3,3,0.9,0.5,True,0.05,unigram,avg_negative_log,0.2231,,10,,234,34,438,0.05505279034690799
0.0,0.0,0.0,0.0,unseen_data,SKAB,dirichlet_smoothing_fold_2,2026,4,3,3,0.9,0.5,True,0.05,unigram,avg_negative_log,0.2231,,10,,234,34,438,0.05505279034690799
0.7551385165326184,0.625,0.7960199004975125,0.700218818380744,original,SKAB,dirichlet_smoothing_fold_2,7,4,3,3,0.9,0.5,True,0.05,unigram,avg_negative_log,0.2231,,10,,234,34,438,0.05505279034690799
0.7631814119749777,0.6309751434034416,0.8208955223880597,0.7135135135135136,gaussian_noise,SKAB,dirichlet_smoothing_fold_2,7,4,3,3,0.9,0.5,True,0.05,unigram,avg_negative_log,0.2231,,10,,234,34,438,0.05505279034690799
0.0,0.0,0.0,0.0,unseen_data,SKAB,dirichlet_smoothing_fold_2,7,4,3,3,0.9,0.5,True,0.05,unigram,avg_negative_log,0.2231,,10,,234,34,438,0.05505279034690799
0.7551385165326184,0.625,0.7960199004975125,0.700218818380744,original,SKAB,dirichlet_smoothing_fold_2,999,4,3,3,0.9,0.5,True,0.05,unigram,avg_negative_log,0.2231,,10,,234,34,438,0.05505279034690799
0.7551385165326184,0.625,0.7960199004975125,0.700218818380744,gaussian_noise,SKAB,dirichlet_smoothing_fold_2,999,4,3,3,0.9,0.5,True,0.05,unigram,avg_negative_log,0.2231,,10,,234,34,438,0.05505279034690799
0.0,0.0,0.0,0.0,unseen_data,SKAB,dirichlet_smoothing_fold_2,999,4,3,3,0.9,0.5,True,0.05,unigram,avg_negative_log,0.2231,,10,,234,34,438,0.05505279034690799
0.610366398570152,0.4651600753295669,0.6190476190476191,0.5311827956989247,original,SKAB,dirichlet_smoothing_fold_3,42,4,3,3,0.9,0.5,True,0.05,unigram,avg_negative_log,0.2231,,10,,243,37,440,0.048937826715604496
0.613047363717605,0.4675572519083969,0.6140350877192983,0.5308775731310943,gaussian_noise,SKAB,dirichlet_smoothing_fold_3,42,4,3,3,0.9,0.5,True,0.05,unigram,avg_negative_log,0.2231,,10,,243,37,440,0.048937826715604496
1.0,0.0,0.0,0.0,unseen_data,SKAB,dirichlet_smoothing_fold_3,42,4,3,3,0.9,0.5,True,0.05,unigram,avg_negative_log,0.2231,,10,,243,37,440,0.048937826715604496
0.610366398570152,0.4651600753295669,0.6190476190476191,0.5311827956989247,original,SKAB,dirichlet_smoothing_fold_3,123,4,3,3,0.9,0.5,True,0.05,unigram,avg_negative_log,0.2231,,10,,243,37,440,0.048937826715604496
0.6023235031277927,0.4583333333333333,0.6340852130325815,0.5320715036803365,gaussian_noise,SKAB,dirichlet_smoothing_fold_3,123,4,3,3,0.9,0.5,True,0.05,unigram,avg_negative_log,0.2231,,10,,243,37,440,0.048937826715604496
1.0,0.0,0.0,0.0,unseen_data,SKAB,dirichlet_smoothing_fold_3,123,4,3,3,0.9,0.5,True,0.05,unigram,avg_negative_log,0.2231,,10,,243,37,440,0.048937826715604496
0.610366398570152,0.4651600753295669,0.6190476190476191,0.5311827956989247,original,SKAB,dirichlet_smoothing_fold_3,2026,4,3,3,0.9,0.5,True,0.05,unigram,avg_negative_log,0.2231,,10,,243,37,440,0.048937826715604496
0.6157283288650581,0.4719710669077758,0.6541353383458647,0.5483193277310925,gaussian_noise,SKAB,dirichlet_smoothing_fold_3,2026,4,3,3,0.9,0.5,True,0.05,unigram,avg_negative_log,0.2231,,10,,243,37,440,0.048937826715604496
1.0,0.0,0.0,0.0,unseen_data,SKAB,dirichlet_smoothing_fold_3,2026,4,3,3,0.9,0.5,True,0.05,unigram,avg_negative_log,0.2231,,10,,243,37,440,0.048937826715604496
0.610366398570152,0.4651600753295669,0.6190476190476191,0.5311827956989247,original,SKAB,dirichlet_smoothing_fold_3,7,4,3,3,0.9,0.5,True,0.05,unigram,avg_negative_log,0.2231,,10,,243,37,440,0.048937826715604496
0.6219839142091153,0.47833935018050544,0.6641604010025063,0.5561385099685204,gaussian_noise,SKAB,dirichlet_smoothing_fold_3,7,4,3,3,0.9,0.5,True,0.05,unigram,avg_negative_log,0.2231,,10,,243,37,440,0.048937826715604496
1.0,0.0,0.0,0.0,unseen_data,SKAB,dirichlet_smoothing_fold_3,7,4,3,3,0.9,0.5,True,0.05,unigram,avg_negative_log,0.2231,,10,,243,37,440,0.048937826715604496
0.610366398570152,0.4651600753295669,0.6190476190476191,0.5311827956989247,original,SKAB,dirichlet_smoothing_fold_3,999,4,3,3,0.9,0.5,True,0.05,unigram,avg_negative_log,0.2231,,10,,243,37,440,0.048937826715604496
0.6032171581769437,0.45871559633027525,0.6265664160401002,0.5296610169491526,gaussian_noise,SKAB,dirichlet_smoothing_fold_3,999,4,3,3,0.9,0.5,True,0.05,unigram,avg_negative_log,0.2231,,10,,243,37,440,0.048937826715604496
1.0,0.0,0.0,0.0,unseen_data,SKAB,dirichlet_smoothing_fold_3,999,4,3,3,0.9,0.5,True,0.05,unigram,avg_negative_log,0.2231,,10,,243,37,440,0.048937826715604496
0.3432971014492754,0.16869918699186992,0.20802005012531327,0.186307519640853,original,SKAB,dirichlet_smoothing_fold_4,42,4,3,3,0.9,0.5,True,0.05,unigram,avg_negative_log,0.2231,,10,,241,36,449,0.05175195942830797
0.32518115942028986,0.14979757085020243,0.18546365914786966,0.16573348264277715,gaussian_noise,SKAB,dirichlet_smoothing_fold_4,42,4,3,3,0.9,0.5,True,0.05,unigram,avg_negative_log,0.2231,,10,,241,36,449,0.05175195942830797
1.0,0.0,0.0,0.0,unseen_data,SKAB,dirichlet_smoothing_fold_4,42,4,3,3,0.9,0.5,True,0.05,unigram,avg_negative_log,0.2231,,10,,241,36,449,0.05175195942830797
0.3432971014492754,0.16869918699186992,0.20802005012531327,0.186307519640853,original,SKAB,dirichlet_smoothing_fold_4,123,4,3,3,0.9,0.5,True,0.05,unigram,avg_negative_log,0.2231,,10,,241,36,449,0.05175195942830797
0.32518115942028986,0.1483739837398374,0.18295739348370926,0.1638608305274972,gaussian_noise,SKAB,dirichlet_smoothing_fold_4,123,4,3,3,0.9,0.5,True,0.05,unigram,avg_negative_log,0.2231,,10,,241,36,449,0.05175195942830797
1.0,0.0,0.0,0.0,unseen_data,SKAB,dirichlet_smoothing_fold_4,123,4,3,3,0.9,0.5,True,0.05,unigram,avg_negative_log,0.2231,,10,,241,36,449,0.05175195942830797
0.3432971014492754,0.16869918699186992,0.20802005012531327,0.186307519640853,original,SKAB,dirichlet_smoothing_fold_4,2026,4,3,3,0.9,0.5,True,0.05,unigram,avg_negative_log,0.2231,,10,,241,36,449,0.05175195942830797
0.32608695652173914,0.15010141987829614,0.18546365914786966,0.16591928251121077,gaussian_noise,SKAB,dirichlet_smoothing_fold_4,2026,4,3,3,0.9,0.5,True,0.05,unigram,avg_negative_log,0.2231,,10,,241,36,449,0.05175195942830797
1.0,0.0,0.0,0.0,unseen_data,SKAB,dirichlet_smoothing_fold_4,2026,4,3,3,0.9,0.5,True,0.05,unigram,avg_negative_log,0.2231,,10,,241,36,449,0.05175195942830797
0.3432971014492754,0.16869918699186992,0.20802005012531327,0.186307519640853,original,SKAB,dirichlet_smoothing_fold_4,7,4,3,3,0.9,0.5,True,0.05,unigram,avg_negative_log,0.2231,,10,,241,36,449,0.05175195942830797
0.34601449275362317,0.16837782340862423,0.20551378446115287,0.18510158013544017,gaussian_noise,SKAB,dirichlet_smoothing_fold_4,7,4,3,3,0.9,0.5,True,0.05,unigram,avg_negative_log,0.2231,,10,,241,36,449,0.05175195942830797
1.0,0.0,0.0,0.0,unseen_data,SKAB,dirichlet_smoothing_fold_4,7,4,3,3,0.9,0.5,True,0.05,unigram,avg_negative_log,0.2231,,10,,241,36,449,0.05175195942830797
0.3432971014492754,0.16869918699186992,0.20802005012531327,0.186307519640853,original,SKAB,dirichlet_smoothing_fold_4,999,4,3,3,0.9,0.5,True,0.05,unigram,avg_negative_log,0.2231,,10,,241,36,449,0.05175195942830797
0.3278985507246377,0.16306483300589392,0.20802005012531327,0.1828193832599119,gaussian_noise,SKAB,dirichlet_smoothing_fold_4,999,4,3,3,0.9,0.5,True,0.05,unigram,avg_negative_log,0.2231,,10,,241,36,449,0.05175195942830797
1.0,0.0,0.0,0.0,unseen_data,SKAB,dirichlet_smoothing_fold_4,999,4,3,3,0.9,0.5,True,0.05,unigram,avg_negative_log,0.2231,,10,,241,36,449,0.05175195942830797
0.5977011494252874,0.4656019656019656,0.949874686716792,0.6248969497114591,original,SKAB,dirichlet_smoothing_fold_5,42,4,3,3,0.9,0.5,True,0.05,unigram,avg_negative_log,0.2231,,10,,225,36,389,0.048024691358024695
0.5932802829354553,0.4625766871165644,0.9448621553884712,0.6210873146622735,gaussian_noise,SKAB,dirichlet_smoothing_fold_5,42,4,3,3,0.9,0.5,True,0.05,unigram,avg_negative_log,0.2231,,10,,225,36,389,0.048024691358024695
0.7391304347826086,0.7142857142857143,1.0,0.8333333333333334,unseen_data,SKAB,dirichlet_smoothing_fold_5,42,4,3,3,0.9,0.5,True,0.05,unigram,avg_negative_log,0.2231,,10,,225,36,389,0.048024691358024695
0.5977011494252874,0.4656019656019656,0.949874686716792,0.6248969497114591,original,SKAB,dirichlet_smoothing_fold_5,123,4,3,3,0.9,0.5,True,0.05,unigram,avg_negative_log,0.2231,,10,,225,36,389,0.048024691358024695
0.5915119363395226,0.45987261146496816,0.9047619047619048,0.6097972972972973,gaussian_noise,SKAB,dirichlet_smoothing_fold_5,123,4,3,3,0.9,0.5,True,0.05,unigram,avg_negative_log,0.2231,,10,,225,36,389,0.048024691358024695
0.7391304347826086,0.7142857142857143,1.0,0.8333333333333334,unseen_data,SKAB,dirichlet_smoothing_fold_5,123,4,3,3,0.9,0.5,True,0.05,unigram,avg_negative_log,0.2231,,10,,225,36,389,0.048024691358024695
0.5977011494252874,0.4656019656019656,0.949874686716792,0.6248969497114591,original,SKAB,dirichlet_smoothing_fold_5,2026,4,3,3,0.9,0.5,True,0.05,unigram,avg_negative_log,0.2231,,10,,225,36,389,0.048024691358024695
0.6074270557029178,0.4722564734895191,0.9598997493734336,0.6330578512396694,gaussian_noise,SKAB,dirichlet_smoothing_fold_5,2026,4,3,3,0.9,0.5,True,0.05,unigram,avg_negative_log,0.2231,,10,,225,36,389,0.048024691358024695
0.7391304347826086,0.7142857142857143,1.0,0.8333333333333334,unseen_data,SKAB,dirichlet_smoothing_fold_5,2026,4,3,3,0.9,0.5,True,0.05,unigram,avg_negative_log,0.2231,,10,,225,36,389,0.048024691358024695
0.5977011494252874,0.4656019656019656,0.949874686716792,0.6248969497114591,original,SKAB,dirichlet_smoothing_fold_5,7,4,3,3,0.9,0.5,True,0.05,unigram,avg_negative_log,0.2231,,10,,225,36,389,0.048024691358024695
0.5826702033598585,0.4554334554334554,0.9348370927318296,0.6124794745484401,gaussian_noise,SKAB,dirichlet_smoothing_fold_5,7,4,3,3,0.9,0.5,True,0.05,unigram,avg_negative_log,0.2231,,10,,225,36,389,0.048024691358024695
0.7391304347826086,0.7142857142857143,1.0,0.8333333333333334,unseen_data,SKAB,dirichlet_smoothing_fold_5,7,4,3,3,0.9,0.5,True,0.05,unigram,avg_negative_log,0.2231,,10,,225,36,389,0.048024691358024695
0.5977011494252874,0.4656019656019656,0.949874686716792,0.6248969497114591,original,SKAB,dirichlet_smoothing_fold_5,999,4,3,3,0.9,0.5,True,0.05,unigram,avg_negative_log,0.2231,,10,,225,36,389,0.048024691358024695
0.5747126436781609,0.44938271604938274,0.9122807017543859,0.6021505376344086,gaussian_noise,SKAB,dirichlet_smoothing_fold_5,999,4,3,3,0.9,0.5,True,0.05,unigram,avg_negative_log,0.2231,,10,,225,36,389,0.048024691358024695
0.7391304347826086,0.7142857142857143,1.0,0.8333333333333334,unseen_data,SKAB,dirichlet_smoothing_fold_5,999,4,3,3,0.9,0.5,True,0.05,unigram,avg_negative_log,0.2231,,10,,225,36,389,0.048024691358024695
0.699020480854853,0.7647058823529411,0.22693266832917705,0.35,original,SKAB,dirichlet_smoothing_fold_1,42,4,3,3,0.9,0.5,True,0.1,unigram,avg_negative_log,0.2231,,10,,225,35,400,0.050793650793650794
0.6963490650044524,0.7205882352941176,0.24438902743142144,0.3649906890130354,gaussian_noise,SKAB,dirichlet_smoothing_fold_1,42,4,3,3,0.9,0.5,True,0.1,unigram,avg_negative_log,0.2231,,10,,225,35,400,0.050793650793650794
0.0,0.0,0.0,0.0,unseen_data,SKAB,dirichlet_smoothing_fold_1,42,4,3,3,0.9,0.5,True,0.1,unigram,avg_negative_log,0.2231,,10,,225,35,400,0.050793650793650794
0.699020480854853,0.7647058823529411,0.22693266832917705,0.35,original,SKAB,dirichlet_smoothing_fold_1,123,4,3,3,0.9,0.5,True,0.1,unigram,avg_negative_log,0.2231,,10,,225,35,400,0.050793650793650794
0.6945681211041852,0.7543859649122807,0.2144638403990025,0.3339805825242718,gaussian_noise,SKAB,dirichlet_smoothing_fold_1,123,4,3,3,0.9,0.5,True,0.1,unigram,avg_negative_log,0.2231,,10,,225,35,400,0.050793650793650794
0.0,0.0,0.0,0.0,unseen_data,SKAB,dirichlet_smoothing_fold_1,123,4,3,3,0.9,0.5,True,0.1,unigram,avg_negative_log,0.2231,,10,,225,35,400,0.050793650793650794
0.699020480854853,0.7647058823529411,0.22693266832917705,0.35,original,SKAB,dirichlet_smoothing_fold_1,2026,4,3,3,0.9,0.5,True,0.1,unigram,avg_negative_log,0.2231,,10,,225,35,400,0.050793650793650794
0.6812110418521816,0.6546762589928058,0.22693266832917705,0.337037037037037,gaussian_noise,SKAB,dirichlet_smoothing_fold_1,2026,4,3,3,0.9,0.5,True,0.1,unigram,avg_negative_log,0.2231,,10,,225,35,400,0.050793650793650794
0.0,0.0,0.0,0.0,unseen_data,SKAB,dirichlet_smoothing_fold_1,2026,4,3,3,0.9,0.5,True,0.1,unigram,avg_negative_log,0.2231,,10,,225,35,400,0.050793650793650794
0.699020480854853,0.7647058823529411,0.22693266832917705,0.35,original,SKAB,dirichlet_smoothing_fold_1,7,4,3,3,0.9,0.5,True,0.1,unigram,avg_negative_log,0.2231,,10,,225,35,400,0.050793650793650794
0.6901157613535174,0.7054263565891473,0.22693266832917705,0.3433962264150943,gaussian_noise,SKAB,dirichlet_smoothing_fold_1,7,4,3,3,0.9,0.5,True,0.1,unigram,avg_negative_log,0.2231,,10,,225,35,400,0.050793650793650794
0.0,0.0,0.0,0.0,unseen_data,SKAB,dirichlet_smoothing_fold_1,7,4,3,3,0.9,0.5,True,0.1,unigram,avg_negative_log,0.2231,,10,,225,35,400,0.050793650793650794
0.699020480854853,0.7647058823529411,0.22693266832917705,0.35,original,SKAB,dirichlet_smoothing_fold_1,999,4,3,3,0.9,0.5,True,0.1,unigram,avg_negative_log,0.2231,,10,,225,35,400,0.050793650793650794
0.6936776491540516,0.7522123893805309,0.2119700748129676,0.33073929961089493,gaussian_noise,SKAB,dirichlet_smoothing_fold_1,999,4,3,3,0.9,0.5,True,0.1,unigram,avg_negative_log,0.2231,,10,,225,35,400,0.050793650793650794
0.0,0.0,0.0,0.0,unseen_data,SKAB,dirichlet_smoothing_fold_1,999,4,3,3,0.9,0.5,True,0.1,unigram,avg_negative_log,0.2231,,10,,225,35,400,0.050793650793650794
0.7551385165326184,0.625,0.7960199004975125,0.700218818380744,original,SKAB,dirichlet_smoothing_fold_2,42,4,3,3,0.9,0.5,True,0.1,unigram,avg_negative_log,0.2231,,10,,234,34,438,0.05505279034690799
0.7658623771224308,0.6383399209486166,0.8034825870646766,0.711453744493392,gaussian_noise,SKAB,dirichlet_smoothing_fold_2,42,4,3,3,0.9,0.5,True,0.1,unigram,avg_negative_log,0.2231,,10,,234,34,438,0.05505279034690799
0.0,0.0,0.0,0.0,unseen_data,SKAB,dirichlet_smoothing_fold_2,42,4,3,3,0.9,0.5,True,0.1,unigram,avg_negative_log,0.2231,,10,,234,34,438,0.05505279034690799
0.7551385165326184,0.625,0.7960199004975125,0.700218818380744,original,SKAB,dirichlet_smoothing_fold_2,123,4,3,3,0.9,0.5,True,0.1,unigram,avg_negative_log,0.2231,,10,,234,34,438,0.05505279034690799
0.7649687220732797,0.6349514563106796,0.8134328358208955,0.7131952017448201,gaussian_noise,SKAB,dirichlet_smoothing_fold_2,123,4,3,3,0.9,0.5,True,0.1,unigram,avg_negative_log,0.2231,,10,,234,34,438,0.05505279034690799
0.0,0.0,0.0,0.0,unseen_data,SKAB,dirichlet_smoothing_fold_2,123,4,3,3,0.9,0.5,True,0.1,unigram,avg_negative_log,0.2231,,10,,234,34,438,0.05505279034690799
0.7551385165326184,0.625,0.7960199004975125,0.700218818380744,original,SKAB,dirichlet_smoothing_fold_2,2026,4,3,3,0.9,0.5,True,0.1,unigram,avg_negative_log,0.2231,,10,,234,34,438,0.05505279034690799
0.7596067917783735,0.6266666666666667,0.818407960199005,0.7098166127292341,gaussian_noise,SKAB,dirichlet_smoothing_fold_2,2026,4,3,3,0.9,0.5,True,0.1,unigram,avg_negative_log,0.2231,,10,,234,34,438,0.05505279034690799
0.0,0.0,0.0,0.0,unseen_data,SKAB,dirichlet_smoothing_fold_2,2026,4,3,3,0.9,0.5,True,0.1,unigram,avg_negative_log,0.2231,,10,,234,34,438,0.05505279034690799
0.7551385165326184,0.625,0.7960199004975125,0.700218818380744,original,SKAB,dirichlet_smoothing_fold_2,7,4,3,3,0.9,0.5,True,0.1,unigram,avg_negative_log,0.2231,,10,,234,34,438,0.05505279034690799
0.7631814119749777,0.6309751434034416,0.8208955223880597,0.7135135135135136,gaussian_noise,SKAB,dirichlet_smoothing_fold_2,7,4,3,3,0.9,0.5,True,0.1,unigram,avg_negative_log,0.2231,,10,,234,34,438,0.05505279034690799
0.0,0.0,0.0,0.0,unseen_data,SKAB,dirichlet_smoothing_fold_2,7,4,3,3,0.9,0.5,True,0.1,unigram,avg_negative_log,0.2231,,10,,234,34,438,0.05505279034690799
0.7551385165326184,0.625,0.7960199004975125,0.700218818380744,original,SKAB,dirichlet_smoothing_fold_2,999,4,3,3,0.9,0.5,True,0.1,unigram,avg_negative_log,0.2231,,10,,234,34,438,0.05505279034690799
0.7551385165326184,0.625,0.7960199004975125,0.700218818380744,gaussian_noise,SKAB,dirichlet_smoothing_fold_2,999,4,3,3,0.9,0.5,True,0.1,unigram,avg_negative_log,0.2231,,10,,234,34,438,0.05505279034690799
0.0,0.0,0.0,0.0,unseen_data,SKAB,dirichlet_smoothing_fold_2,999,4,3,3,0.9,0.5,True,0.1,unigram,avg_negative_log,0.2231,,10,,234,34,438,0.05505279034690799
0.6094727435210009,0.4642857142857143,0.6190476190476191,0.5306122448979592,original,SKAB,dirichlet_smoothing_fold_3,42,4,3,3,0.9,0.5,True,0.1,unigram,avg_negative_log,0.2231,,10,,243,37,440,0.048937826715604496
0.612153708668454,0.4666666666666667,0.6140350877192983,0.5303030303030303,gaussian_noise,SKAB,dirichlet_smoothing_fold_3,42,4,3,3,0.9,0.5,True,0.1,unigram,avg_negative_log,0.2231,,10,,243,37,440,0.048937826715604496
1.0,0.0,0.0,0.0,unseen_data,SKAB,dirichlet_smoothing_fold_3,42,4,3,3,0.9,0.5,True,0.1,unigram,avg_negative_log,0.2231,,10,,243,37,440,0.048937826715604496
0.6094727435210009,0.4642857142857143,0.6190476190476191,0.5306122448979592,original,SKAB,dirichlet_smoothing_fold_3,123,4,3,3,0.9,0.5,True,0.1,unigram,avg_negative_log,0.2231,,10,,243,37,440,0.048937826715604496
0.6023235031277927,0.4584837545126354,0.6365914786967418,0.5330535152151101,gaussian_noise,SKAB,dirichlet_smoothing_fold_3,123,4,3,3,0.9,0.5,True,0.1,unigram,avg_negative_log,0.2231,,10,,243,37,440,0.048937826715604496
1.0,0.0,0.0,0.0,unseen_data,SKAB,dirichlet_smoothing_fold_3,123,4,3,3,0.9,0.5,True,0.1,unigram,avg_negative_log,0.2231,,10,,243,37,440,0.048937826715604496
0.6094727435210009,0.4642857142857143,0.6190476190476191,0.5306122448979592,original,SKAB,dirichlet_smoothing_fold_3,2026,4,3,3,0.9,0.5,True,0.1,unigram,avg_negative_log,0.2231,,10,,243,37,440,0.048937826715604496
0.6148346738159071,0.4711191335740072,0.6541353383458647,0.5477439664218258,gaussian_noise,SKAB,dirichlet_smoothing_fold_3,2026,4,3,3,0.9,0.5,True,0.1,unigram,avg_negative_log,0.2231,,10,,243,37,440,0.048937826715604496
1.0,0.0,0.0,0.0,unseen_data,SKAB,dirichlet_smoothing_fold_3,2026,4,3,3,0.9,0.5,True,0.1,unigram,avg_negative_log,0.2231,,10,,243,37,440,0.048937826715604496
0.6094727435210009,0.4642857142857143,0.6190476190476191,0.5306122448979592,original,SKAB,dirichlet_smoothing_fold_3,7,4,3,3,0.9,0.5,True,0.1,unigram,avg_negative_log,0.2231,,10,,243,37,440,0.048937826715604496
0.6201966041108132,0.4766187050359712,0.6641604010025063,0.5549738219895288,gaussian_noise,SKAB,dirichlet_smoothing_fold_3,7,4,3,3,0.9,0.5,True,0.1,unigram,avg_negative_log,0.2231,,10,,243,37,440,0.048937826715604496
1.0,0.0,0.0,0.0,unseen_data,SKAB,dirichlet_smoothing_fold_3,7,4,3,3,0.9,0.5,True,0.1,unigram,avg_negative_log,0.2231,,10,,243,37,440,0.048937826715604496
0.6094727435210009,0.4642857142857143,0.6190476190476191,0.5306122448979592,original,SKAB,dirichlet_smoothing_fold_3,999,4,3,3,0.9,0.5,True,0.1,unigram,avg_negative_log,0.2231,,10,,243,37,440,0.048937826715604496
0.6023235031277927,0.45787545787545786,0.6265664160401002,0.5291005291005291,gaussian_noise,SKAB,dirichlet_smoothing_fold_3,999,4,3,3,0.9,0.5,True,0.1,unigram,avg_negative_log,0.2231,,10,,243,37,440,0.048937826715604496
1.0,0.0,0.0,0.0,unseen_data,SKAB,dirichlet_smoothing_fold_3,999,4,3,3,0.9,0.5,True,0.1,unigram,avg_negative_log,0.2231,,10,,243,37,440,0.048937826715604496
0.3432971014492754,0.16869918699186992,0.20802005012531327,0.186307519640853,original,SKAB,dirichlet_smoothing_fold_4,42,4,3,3,0.9,0.5,True,0.1,unigram,avg_negative_log,0.2231,,10,,241,36,449,0.05175195942830797
0.32518115942028986,0.14979757085020243,0.18546365914786966,0.16573348264277715,gaussian_noise,SKAB,dirichlet_smoothing_fold_4,42,4,3,3,0.9,0.5,True,0.1,unigram,avg_negative_log,0.2231,,10,,241,36,449,0.05175195942830797
1.0,0.0,0.0,0.0,unseen_data,SKAB,dirichlet_smoothing_fold_4,42,4,3,3,0.9,0.5,True,0.1,unigram,avg_negative_log,0.2231,,10,,241,36,449,0.05175195942830797
0.3432971014492754,0.16869918699186992,0.20802005012531327,0.186307519640853,original,SKAB,dirichlet_smoothing_fold_4,123,4,3,3,0.9,0.5,True,0.1,unigram,avg_negative_log,0.2231,,10,,241,36,449,0.05175195942830797
0.32518115942028986,0.1483739837398374,0.18295739348370926,0.1638608305274972,gaussian_noise,SKAB,dirichlet_smoothing_fold_4,123,4,3,3,0.9,0.5,True,0.1,unigram,avg_negative_log,0.2231,,10,,241,36,449,0.05175195942830797
1.0,0.0,0.0,0.0,unseen_data,SKAB,dirichlet_smoothing_fold_4,123,4,3,3,0.9,0.5,True,0.1,unigram,avg_negative_log,0.2231,,10,,241,36,449,0.05175195942830797
0.3432971014492754,0.16869918699186992,0.20802005012531327,0.186307519640853,original,SKAB,dirichlet_smoothing_fold_4,2026,4,3,3,0.9,0.5,True,0.1,unigram,avg_negative_log,0.2231,,10,,241,36,449,0.05175195942830797
0.32608695652173914,0.15010141987829614,0.18546365914786966,0.16591928251121077,gaussian_noise,SKAB,dirichlet_smoothing_fold_4,2026,4,3,3,0.9,0.5,True,0.1,unigram,avg_negative_log,0.2231,,10,,241,36,449,0.05175195942830797
1.0,0.0,0.0,0.0,unseen_data,SKAB,dirichlet_smoothing_fold_4,2026,4,3,3,0.9,0.5,True,0.1,unigram,avg_negative_log,0.2231,,10,,241,36,449,0.05175195942830797
0.3432971014492754,0.16869918699186992,0.20802005012531327,0.186307519640853,original,SKAB,dirichlet_smoothing_fold_4,7,4,3,3,0.9,0.5,True,0.1,unigram,avg_negative_log,0.2231,,10,,241,36,449,0.05175195942830797
0.34601449275362317,0.16837782340862423,0.20551378446115287,0.18510158013544017,gaussian_noise,SKAB,dirichlet_smoothing_fold_4,7,4,3,3,0.9,0.5,True,0.1,unigram,avg_negative_log,0.2231,,10,,241,36,449,0.05175195942830797
1.0,0.0,0.0,0.0,unseen_data,SKAB,dirichlet_smoothing_fold_4,7,4,3,3,0.9,0.5,True,0.1,unigram,avg_negative_log,0.2231,,10,,241,36,449,0.05175195942830797
0.3432971014492754,0.16869918699186992,0.20802005012531327,0.186307519640853,original,SKAB,dirichlet_smoothing_fold_4,999,4,3,3,0.9,0.5,True,0.1,unigram,avg_negative_log,0.2231,,10,,241,36,449,0.05175195942830797
0.3278985507246377,0.16306483300589392,0.20802005012531327,0.1828193832599119,gaussian_noise,SKAB,dirichlet_smoothing_fold_4,999,4,3,3,0.9,0.5,True,0.1,unigram,avg_negative_log,0.2231,,10,,241,36,449,0.05175195942830797
1.0,0.0,0.0,0.0,unseen_data,SKAB,dirichlet_smoothing_fold_4,999,4,3,3,0.9,0.5,True,0.1,unigram,avg_negative_log,0.2231,,10,,241,36,449,0.05175195942830797
0.5977011494252874,0.4656019656019656,0.949874686716792,0.6248969497114591,original,SKAB,dirichlet_smoothing_fold_5,42,4,3,3,0.9,0.5,True,0.1,unigram,avg_negative_log,0.2231,,10,,225,36,389,0.048024691358024695
0.5923961096374889,0.46200980392156865,0.9448621553884712,0.6205761316872428,gaussian_noise,SKAB,dirichlet_smoothing_fold_5,42,4,3,3,0.9,0.5,True,0.1,unigram,avg_negative_log,0.2231,,10,,225,36,389,0.048024691358024695
0.7391304347826086,0.7142857142857143,1.0,0.8333333333333334,unseen_data,SKAB,dirichlet_smoothing_fold_5,42,4,3,3,0.9,0.5,True,0.1,unigram,avg_negative_log,0.2231,,10,,225,36,389,0.048024691358024695
0.5977011494252874,0.4656019656019656,0.949874686716792,0.6248969497114591,original,SKAB,dirichlet_smoothing_fold_5,123,4,3,3,0.9,0.5,True,0.1,unigram,avg_negative_log,0.2231,,10,,225,36,389,0.048024691358024695
0.5915119363395226,0.45987261146496816,0.9047619047619048,0.6097972972972973,gaussian_noise,SKAB,dirichlet_smoothing_fold_5,123,4,3,3,0.9,0.5,True,0.1,unigram,avg_negative_log,0.2231,,10,,225,36,389,0.048024691358024695
0.7391304347826086,0.7142857142857143,1.0,0.8333333333333334,unseen_data,SKAB,dirichlet_smoothing_fold_5,123,4,3,3,0.9,0.5,True,0.1,unigram,avg_negative_log,0.2231,,10,,225,36,389,0.048024691358024695
0.5977011494252874,0.4656019656019656,0.949874686716792,0.6248969497114591,original,SKAB,dirichlet_smoothing_fold_5,2026,4,3,3,0.9,0.5,True,0.1,unigram,avg_negative_log,0.2231,,10,,225,36,389,0.048024691358024695
0.6074270557029178,0.4722564734895191,0.9598997493734336,0.6330578512396694,gaussian_noise,SKAB,dirichlet_smoothing_fold_5,2026,4,3,3,0.9,0.5,True,0.1,unigram,avg_negative_log,0.2231,,10,,225,36,389,0.048024691358024695
0.7391304347826086,0.7142857142857143,1.0,0.8333333333333334,unseen_data,SKAB,dirichlet_smoothing_fold_5,2026,4,3,3,0.9,0.5,True,0.1,unigram,avg_negative_log,0.2231,,10,,225,36,389,0.048024691358024695
0.5977011494252874,0.4656019656019656,0.949874686716792,0.6248969497114591,original,SKAB,dirichlet_smoothing_fold_5,7,4,3,3,0.9,0.5,True,0.1,unigram,avg_negative_log,0.2231,,10,,225,36,389,0.048024691358024695
0.5826702033598585,0.4554334554334554,0.9348370927318296,0.6124794745484401,gaussian_noise,SKAB,dirichlet_smoothing_fold_5,7,4,3,3,0.9,0.5,True,0.1,unigram,avg_negative_log,0.2231,,10,,225,36,389,0.048024691358024695
0.7391304347826086,0.7142857142857143,1.0,0.8333333333333334,unseen_data,SKAB,dirichlet_smoothing_fold_5,7,4,3,3,0.9,0.5,True,0.1,unigram,avg_negative_log,0.2231,,10,,225,36,389,0.048024691358024695
0.5977011494252874,0.4656019656019656,0.949874686716792,0.6248969497114591,original,SKAB,dirichlet_smoothing_fold_5,999,4,3,3,0.9,0.5,True,0.1,unigram,avg_negative_log,0.2231,,10,,225,36,389,0.048024691358024695
0.5747126436781609,0.44938271604938274,0.9122807017543859,0.6021505376344086,gaussian_noise,SKAB,dirichlet_smoothing_fold_5,999,4,3,3,0.9,0.5,True,0.1,unigram,avg_negative_log,0.2231,,10,,225,36,389,0.048024691358024695
0.7391304347826086,0.7142857142857143,1.0,0.8333333333333334,unseen_data,SKAB,dirichlet_smoothing_fold_5,999,4,3,3,0.9,0.5,True,0.1,unigram,avg_negative_log,0.2231,,10,,225,36,389,0.048024691358024695
0.6999109528049866,0.7666666666666667,0.22942643391521197,0.3531669865642994,original,SKAB,dirichlet_smoothing_fold_1,42,4,3,3,0.9,0.5,True,0.5,unigram,avg_negative_log,0.2231,,10,,225,35,400,0.050793650793650794
0.6963490650044524,0.7205882352941176,0.24438902743142144,0.3649906890130354,gaussian_noise,SKAB,dirichlet_smoothing_fold_1,42,4,3,3,0.9,0.5,True,0.5,unigram,avg_negative_log,0.2231,,10,,225,35,400,0.050793650793650794
0.0,0.0,0.0,0.0,unseen_data,SKAB,dirichlet_smoothing_fold_1,42,4,3,3,0.9,0.5,True,0.5,unigram,avg_negative_log,0.2231,,10,,225,35,400,0.050793650793650794
0.6999109528049866,0.7666666666666667,0.22942643391521197,0.3531669865642994,original,SKAB,dirichlet_smoothing_fold_1,123,4,3,3,0.9,0.5,True,0.5,unigram,avg_negative_log,0.2231,,10,,225,35,400,0.050793650793650794
0.6954585930543188,0.7565217391304347,0.2169576059850374,0.3372093023255814,gaussian_noise,SKAB,dirichlet_smoothing_fold_1,123,4,3,3,0.9,0.5,True,0.5,unigram,avg_negative_log,0.2231,,10,,225,35,400,0.050793650793650794
0.0,0.0,0.0,0.0,unseen_data,SKAB,dirichlet_smoothing_fold_1,123,4,3,3,0.9,0.5,True,0.5,unigram,avg_negative_log,0.2231,,10,,225,35,400,0.050793650793650794
0.6999109528049866,0.7666666666666667,0.22942643391521197,0.3531669865642994,original,SKAB,dirichlet_smoothing_fold_1,2026,4,3,3,0.9,0.5,True,0.5,unigram,avg_negative_log,0.2231,,10,,225,35,400,0.050793650793650794
0.6812110418521816,0.6546762589928058,0.22693266832917705,0.337037037037037,gaussian_noise,SKAB,dirichlet_smoothing_fold_1,2026,4,3,3,0.9,0.5,True,0.5,unigram,avg_negative_log,0.2231,,10,,225,35,400,0.050793650793650794
0.0,0.0,0.0,0.0,unseen_data,SKAB,dirichlet_smoothing_fold_1,2026,4,3,3,0.9,0.5,True,0.5,unigram,avg_negative_log,0.2231,,10,,225,35,400,0.050793650793650794
0.6999109528049866,0.7666666666666667,0.22942643391521197,0.3531669865642994,original,SKAB,dirichlet_smoothing_fold_1,7,4,3,3,0.9,0.5,True,0.5,unigram,avg_negative_log,0.2231,,10,,225,35,400,0.050793650793650794
0.691006233303651,0.7076923076923077,0.22942643391521197,0.3465160075329567,gaussian_noise,SKAB,dirichlet_smoothing_fold_1,7,4,3,3,0.9,0.5,True,0.5,unigram,avg_negative_log,0.2231,,10,,225,35,400,0.050793650793650794
0.0,0.0,0.0,0.0,unseen_data,SKAB,dirichlet_smoothing_fold_1,7,4,3,3,0.9,0.5,True,0.5,unigram,avg_negative_log,0.2231,,10,,225,35,400,0.050793650793650794
0.6999109528049866,0.7666666666666667,0.22942643391521197,0.3531669865642994,original,SKAB,dirichlet_smoothing_fold_1,999,4,3,3,0.9,0.5,True,0.5,unigram,avg_negative_log,0.2231,,10,,225,35,400,0.050793650793650794
0.6945681211041852,0.7543859649122807,0.2144638403990025,0.3339805825242718,gaussian_noise,SKAB,dirichlet_smoothing_fold_1,999,4,3,3,0.9,0.5,True,0.5,unigram,avg_negative_log,0.2231,,10,,225,35,400,0.050793650793650794
0.0,0.0,0.0,0.0,unseen_data,SKAB,dirichlet_smoothing_fold_1,999,4,3,3,0.9,0.5,True,0.5,unigram,avg_negative_log,0.2231,,10,,225,35,400,0.050793650793650794
0.7542448614834674,0.6237816764132553,0.7960199004975125,0.6994535519125683,original,SKAB,dirichlet_smoothing_fold_2,42,4,3,3,0.9,0.5,True,0.5,unigram,avg_negative_log,0.2231,,10,,234,34,438,0.05505279034690799
0.7640750670241286,0.6358267716535433,0.8034825870646766,0.7098901098901099,gaussian_noise,SKAB,dirichlet_smoothing_fold_2,42,4,3,3,0.9,0.5,True,0.5,unigram,avg_negative_log,0.2231,,10,,234,34,438,0.05505279034690799
0.0,0.0,0.0,0.0,unseen_data,SKAB,dirichlet_smoothing_fold_2,42,4,3,3,0.9,0.5,True,0.5,unigram,avg_negative_log,0.2231,,10,,234,34,438,0.05505279034690799
0.7542448614834674,0.6237816764132553,0.7960199004975125,0.6994535519125683,original,SKAB,dirichlet_smoothing_fold_2,123,4,3,3,0.9,0.5,True,0.5,unigram,avg_negative_log,0.2231,,10,,234,34,438,0.05505279034690799
0.7640750670241286,0.6332046332046332,0.8159203980099502,0.7130434782608696,gaussian_noise,SKAB,dirichlet_smoothing_fold_2,123,4,3,3,0.9,0.5,True,0.5,unigram,avg_negative_log,0.2231,,10,,234,34,438,0.05505279034690799
0.0,0.0,0.0,0.0,unseen_data,SKAB,dirichlet_smoothing_fold_2,123,4,3,3,0.9,0.5,True,0.5,unigram,avg_negative_log,0.2231,,10,,234,34,438,0.05505279034690799
0.7542448614834674,0.6237816764132553,0.7960199004975125,0.6994535519125683,original,SKAB,dirichlet_smoothing_fold_2,2026,4,3,3,0.9,0.5,True,0.5,unigram,avg_negative_log,0.2231,,10,,234,34,438,0.05505279034690799
0.7569258266309205,0.6231060606060606,0.818407960199005,0.7075268817204301,gaussian_noise,SKAB,dirichlet_smoothing_fold_2,2026,4,3,3,0.9,0.5,True,0.5,unigram,avg_negative_log,0.2231,,10,,234,34,438,0.05505279034690799
0.0,0.0,0.0,0.0,unseen_data,SKAB,dirichlet_smoothing_fold_2,2026,4,3,3,0.9,0.5,True,0.5,unigram,avg_negative_log,0.2231,,10,,234,34,438,0.05505279034690799
0.7542448614834674,0.6237816764132553,0.7960199004975125,0.6994535519125683,original,SKAB,dirichlet_smoothing_fold_2,7,4,3,3,0.9,0.5,True,0.5,unigram,avg_negative_log,0.2231,,10,,234,34,438,0.05505279034690799
0.7622877569258266,0.6297709923664122,0.8208955223880597,0.712742980561555,gaussian_noise,SKAB,dirichlet_smoothing_fold_2,7,4,3,3,0.9,0.5,True,0.5,unigram,avg_negative_log,0.2231,,10,,234,34,438,0.05505279034690799
0.0,0.0,0.0,0.0,unseen_data,SKAB,dirichlet_smoothing_fold_2,7,4,3,3,0.9,0.5,True,0.5,unigram,avg_negative_log,0.2231,,10,,234,34,438,0.05505279034690799
0.7542448614834674,0.6237816764132553,0.7960199004975125,0.6994535519125683,original,SKAB,dirichlet_smoothing_fold_2,999,4,3,3,0.9,0.5,True,0.5,unigram,avg_negative_log,0.2231,,10,,234,34,438,0.05505279034690799
0.7542448614834674,0.6237816764132553,0.7960199004975125,0.6994535519125683,gaussian_noise,SKAB,dirichlet_smoothing_fold_2,999,4,3,3,0.9,0.5,True,0.5,unigram,avg_negative_log,0.2231,,10,,234,34,438,0.05505279034690799
0.0,0.0,0.0,0.0,unseen_data,SKAB,dirichlet_smoothing_fold_2,999,4,3,3,0.9,0.5,True,0.5,unigram,avg_negative_log,0.2231,,10,,234,34,438,0.05505279034690799
0.6076854334226989,0.4626865671641791,0.6215538847117794,0.5304812834224599,original,SKAB,dirichlet_smoothing_fold_3,42,4,3,3,0.9,0.5,True,0.5,unigram,avg_negative_log,0.2231,,10,,243,37,440,0.048937826715604496
0.6112600536193029,0.4660377358490566,0.6190476190476191,0.5317545748116254,gaussian_noise,SKAB,dirichlet_smoothing_fold_3,42,4,3,3,0.9,0.5,True,0.5,unigram,avg_negative_log,0.2231,,10,,243,37,440,0.048937826715604496
1.0,0.0,0.0,0.0,unseen_data,SKAB,dirichlet_smoothing_fold_3,42,4,3,3,0.9,0.5,True,0.5,unigram,avg_negative_log,0.2231,,10,,243,37,440,0.048937826715604496
0.6076854334226989,0.4626865671641791,0.6215538847117794,0.5304812834224599,original,SKAB,dirichlet_smoothing_fold_3,123,4,3,3,0.9,0.5,True,0.5,unigram,avg_negative_log,0.2231,,10,,243,37,440,0.048937826715604496
0.6005361930294906,0.45698924731182794,0.6390977443609023,0.5329153605015674,gaussian_noise,SKAB,dirichlet_smoothing_fold_3,123,4,3,3,0.9,0.5,True,0.5,unigram,avg_negative_log,0.2231,,10,,243,37,440,0.048937826715604496
1.0,0.0,0.0,0.0,unseen_data,SKAB,dirichlet_smoothing_fold_3,123,4,3,3,0.9,0.5,True,0.5,unigram,avg_negative_log,0.2231,,10,,243,37,440,0.048937826715604496
0.6076854334226989,0.4626865671641791,0.6215538847117794,0.5304812834224599,original,SKAB,dirichlet_smoothing_fold_3,2026,4,3,3,0.9,0.5,True,0.5,unigram,avg_negative_log,0.2231,,10,,243,37,440,0.048937826715604496
0.612153708668454,0.46869409660107336,0.656641604010025,0.5469728601252609,gaussian_noise,SKAB,dirichlet_smoothing_fold_3,2026,4,3,3,0.9,0.5,True,0.5,unigram,avg_negative_log,0.2231,,10,,243,37,440,0.048937826715604496
1.0,0.0,0.0,0.0,unseen_data,SKAB,dirichlet_smoothing_fold_3,2026,4,3,3,0.9,0.5,True,0.5,unigram,avg_negative_log,0.2231,,10,,243,37,440,0.048937826715604496
0.6076854334226989,0.4626865671641791,0.6215538847117794,0.5304812834224599,original,SKAB,dirichlet_smoothing_fold_3,7,4,3,3,0.9,0.5,True,0.5,unigram,avg_negative_log,0.2231,,10,,243,37,440,0.048937826715604496
0.6193029490616622,0.47584973166368516,0.6666666666666666,0.5553235908141962,gaussian_noise,SKAB,dirichlet_smoothing_fold_3,7,4,3,3,0.9,0.5,True,0.5,unigram,avg_negative_log,0.2231,,10,,243,37,440,0.048937826715604496
1.0,0.0,0.0,0.0,unseen_data,SKAB,dirichlet_smoothing_fold_3,7,4,3,3,0.9,0.5,True,0.5,unigram,avg_negative_log,0.2231,,10,,243,37,440,0.048937826715604496
0.6076854334226989,0.4626865671641791,0.6215538847117794,0.5304812834224599,original,SKAB,dirichlet_smoothing_fold_3,999,4,3,3,0.9,0.5,True,0.5,unigram,avg_negative_log,0.2231,,10,,243,37,440,0.048937826715604496
0.6014298480786416,0.4573502722323049,0.631578947368421,0.5305263157894737,gaussian_noise,SKAB,dirichlet_smoothing_fold_3,999,4,3,3,0.9,0.5,True,0.5,unigram,avg_negative_log,0.2231,,10,,243,37,440,0.048937826715604496
1.0,0.0,0.0,0.0,unseen_data,SKAB,dirichlet_smoothing_fold_3,999,4,3,3,0.9,0.5,True,0.5,unigram,avg_negative_log,0.2231,,10,,243,37,440,0.048937826715604496
0.34148550724637683,0.1680161943319838,0.20802005012531327,0.1858902575587906,original,SKAB,dirichlet_smoothing_fold_4,42,4,3,3,0.9,0.5,True,0.5,unigram,avg_negative_log,0.2231,,10,,241,36,449,0.05175195942830797
0.3242753623188406,0.1494949494949495,0.18546365914786966,0.16554809843400448,gaussian_noise,SKAB,dirichlet_smoothing_fold_4,42,4,3,3,0.9,0.5,True,0.5,unigram,avg_negative_log,0.2231,,10,,241,36,449,0.05175195942830797
1.0,0.0,0.0,0.0,unseen_data,SKAB,dirichlet_smoothing_fold_4,42,4,3,3,0.9,0.5,True,0.5,unigram,avg_negative_log,0.2231,,10,,241,36,449,0.05175195942830797
0.34148550724637683,0.1680161943319838,0.20802005012531327,0.1858902575587906,original,SKAB,dirichlet_smoothing_fold_4,123,4,3,3,0.9,0.5,True,0.5,unigram,avg_negative_log,0.2231,,10,,241,36,449,0.05175195942830797
0.32518115942028986,0.1483739837398374,0.18295739348370926,0.1638608305274972,gaussian_noise,SKAB,dirichlet_smoothing_fold_4,123,4,3,3,0.9,0.5,True,0.5,unigram,avg_negative_log,0.2231,,10,,241,36,449,0.05175195942830797
1.0,0.0,0.0,0.0,unseen_data,SKAB,dirichlet_smoothing_fold_4,123,4,3,3,0.9,0.5,True,0.5,unigram,avg_negative_log,0.2231,,10,,241,36,449,0.05175195942830797
0.34148550724637683,0.1680161943319838,0.20802005012531327,0.1858902575587906,original,SKAB,dirichlet_smoothing_fold_4,2026,4,3,3,0.9,0.5,True,0.5,unigram,avg_negative_log,0.2231,,10,,241,36,449,0.05175195942830797
0.3242753623188406,0.1494949494949495,0.18546365914786966,0.16554809843400448,gaussian_noise,SKAB,dirichlet_smoothing_fold_4,2026,4,3,3,0.9,0.5,True,0.5,unigram,avg_negative_log,0.2231,,10,,241,36,449,0.05175195942830797
1.0,0.0,0.0,0.0,unseen_data,SKAB,dirichlet_smoothing_fold_4,2026,4,3,3,0.9,0.5,True,0.5,unigram,avg_negative_log,0.2231,,10,,241,36,449,0.05175195942830797
0.34148550724637683,0.1680161943319838,0.20802005012531327,0.1858902575587906,original,SKAB,dirichlet_smoothing_fold_4,7,4,3,3,0.9,0.5,True,0.5,unigram,avg_negative_log,0.2231,,10,,241,36,449,0.05175195942830797
0.3442028985507246,0.16768916155419222,0.20551378446115287,0.18468468468468469,gaussian_noise,SKAB,dirichlet_smoothing_fold_4,7,4,3,3,0.9,0.5,True,0.5,unigram,avg_negative_log,0.2231,,10,,241,36,449,0.05175195942830797
1.0,0.0,0.0,0.0,unseen_data,SKAB,dirichlet_smoothing_fold_4,7,4,3,3,0.9,0.5,True,0.5,unigram,avg_negative_log,0.2231,,10,,241,36,449,0.05175195942830797
0.34148550724637683,0.1680161943319838,0.20802005012531327,0.1858902575587906,original,SKAB,dirichlet_smoothing_fold_4,999,4,3,3,0.9,0.5,True,0.5,unigram,avg_negative_log,0.2231,,10,,241,36,449,0.05175195942830797
0.3278985507246377,0.16306483300589392,0.20802005012531327,0.1828193832599119,gaussian_noise,SKAB,dirichlet_smoothing_fold_4,999,4,3,3,0.9,0.5,True,0.5,unigram,avg_negative_log,0.2231,,10,,241,36,449,0.05175195942830797
1.0,0.0,0.0,0.0,unseen_data,SKAB,dirichlet_smoothing_fold_4,999,4,3,3,0.9,0.5,True,0.5,unigram,avg_negative_log,0.2231,,10,,241,36,449,0.05175195942830797
0.5977011494252874,0.46568627450980393,0.9523809523809523,0.6255144032921811,original,SKAB,dirichlet_smoothing_fold_5,42,4,3,3,0.9,0.5,True,0.5,unigram,avg_negative_log,0.2231,,10,,225,36,389,0.048024691358024695
0.5923961096374889,0.4621026894865526,0.9473684210526315,0.6211996713229252,gaussian_noise,SKAB,dirichlet_smoothing_fold_5,42,4,3,3,0.9,0.5,True,0.5,unigram,avg_negative_log,0.2231,,10,,225,36,389,0.048024691358024695
0.7391304347826086,0.7142857142857143,1.0,0.8333333333333334,unseen_data,SKAB,dirichlet_smoothing_fold_5,42,4,3,3,0.9,0.5,True,0.5,unigram,avg_negative_log,0.2231,,10,,225,36,389,0.048024691358024695
0.5977011494252874,0.46568627450980393,0.9523809523809523,0.6255144032921811,original,SKAB,dirichlet_smoothing_fold_5,123,4,3,3,0.9,0.5,True,0.5,unigram,avg_negative_log,0.2231,,10,,225,36,389,0.048024691358024695
0.5906277630415562,0.4593908629441624,0.9072681704260651,0.6099410278011794,gaussian_noise,SKAB,dirichlet_smoothing_fold_5,123,4,3,3,0.9,0.5,True,0.5,unigram,avg_negative_log,0.2231,,10,,225,36,389,0.048024691358024695
0.7391304347826086,0.7142857142857143,1.0,0.8333333333333334,unseen_data,SKAB,dirichlet_smoothing_fold_5,123,4,3,3,0.9,0.5,True,0.5,unigram,avg_negative_log,0.2231,,10,,225,36,389,0.048024691358024695
0.5977011494252874,0.46568627450980393,0.9523809523809523,0.6255144032921811,original,SKAB,dirichlet_smoothing_fold_5,2026,4,3,3,0.9,0.5,True,0.5,unigram,avg_negative_log,0.2231,,10,,225,36,389,0.048024691358024695
0.6065428824049514,0.47174447174447176,0.9624060150375939,0.6331409727947238,gaussian_noise,SKAB,dirichlet_smoothing_fold_5,2026,4,3,3,0.9,0.5,True,0.5,unigram,avg_negative_log,0.2231,,10,,225,36,389,0.048024691358024695
0.7391304347826086,0.7142857142857143,1.0,0.8333333333333334,unseen_data,SKAB,dirichlet_smoothing_fold_5,2026,4,3,3,0.9,0.5,True,0.5,unigram,avg_negative_log,0.2231,,10,,225,36,389,0.048024691358024695
0.5977011494252874,0.46568627450980393,0.9523809523809523,0.6255144032921811,original,SKAB,dirichlet_smoothing_fold_5,7,4,3,3,0.9,0.5,True,0.5,unigram,avg_negative_log,0.2231,,10,,225,36,389,0.048024691358024695
0.5817860300618921,0.4548780487804878,0.9348370927318296,0.6119770303527482,gaussian_noise,SKAB,dirichlet_smoothing_fold_5,7,4,3,3,0.9,0.5,True,0.5,unigram,avg_negative_log,0.2231,,10,,225,36,389,0.048024691358024695
0.7391304347826086,0.7142857142857143,1.0,0.8333333333333334,unseen_data,SKAB,dirichlet_smoothing_fold_5,7,4,3,3,0.9,0.5,True,0.5,unigram,avg_negative_log,0.2231,,10,,225,36,389,0.048024691358024695
0.5977011494252874,0.46568627450980393,0.9523809523809523,0.6255144032921811,original,SKAB,dirichlet_smoothing_fold_5,999,4,3,3,0.9,0.5,True,0.5,unigram,avg_negative_log,0.2231,,10,,225,36,389,0.048024691358024695
0.5738284703801945,0.4489544895448955,0.9147869674185464,0.6023102310231023,gaussian_noise,SKAB,dirichlet_smoothing_fold_5,999,4,3,3,0.9,0.5,True,0.5,unigram,avg_negative_log,0.2231,,10,,225,36,389,0.048024691358024695
0.7391304347826086,0.7142857142857143,1.0,0.8333333333333334,unseen_data,SKAB,dirichlet_smoothing_fold_5,999,4,3,3,0.9,0.5,True,0.5,unigram,avg_negative_log,0.2231,,10,,225,36,389,0.048024691358024695
0.6999109528049866,0.7666666666666667,0.22942643391521197,0.3531669865642994,original,SKAB,dirichlet_smoothing_fold_1,42,4,3,3,0.9,0.5,True,1.0,unigram,avg_negative_log,0.2231,,10,,225,35,400,0.050793650793650794
0.6963490650044524,0.7205882352941176,0.24438902743142144,0.3649906890130354,gaussian_noise,SKAB,dirichlet_smoothing_fold_1,42,4,3,3,0.9,0.5,True,1.0,unigram,avg_negative_log,0.2231,,10,,225,35,400,0.050793650793650794
0.0,0.0,0.0,0.0,unseen_data,SKAB,dirichlet_smoothing_fold_1,42,4,3,3,0.9,0.5,True,1.0,unigram,avg_negative_log,0.2231,,10,,225,35,400,0.050793650793650794
0.6999109528049866,0.7666666666666667,0.22942643391521197,0.3531669865642994,original,SKAB,dirichlet_smoothing_fold_1,123,4,3,3,0.9,0.5,True,1.0,unigram,avg_negative_log,0.2231,,10,,225,35,400,0.050793650793650794
0.6954585930543188,0.7565217391304347,0.2169576059850374,0.3372093023255814,gaussian_noise,SKAB,dirichlet_smoothing_fold_1,123,4,3,3,0.9,0.5,True,1.0,unigram,avg_negative_log,0.2231,,10,,225,35,400,0.050793650793650794
0.0,0.0,0.0,0.0,unseen_data,SKAB,dirichlet_smoothing_fold_1,123,4,3,3,0.9,0.5,True,1.0,unigram,avg_negative_log,0.2231,,10,,225,35,400,0.050793650793650794
0.6999109528049866,0.7666666666666667,0.22942643391521197,0.3531669865642994,original,SKAB,dirichlet_smoothing_fold_1,2026,4,3,3,0.9,0.5,True,1.0,unigram,avg_negative_log,0.2231,,10,,225,35,400,0.050793650793650794
0.6812110418521816,0.6546762589928058,0.22693266832917705,0.337037037037037,gaussian_noise,SKAB,dirichlet_smoothing_fold_1,2026,4,3,3,0.9,0.5,True,1.0,unigram,avg_negative_log,0.2231,,10,,225,35,400,0.050793650793650794
0.0,0.0,0.0,0.0,unseen_data,SKAB,dirichlet_smoothing_fold_1,2026,4,3,3,0.9,0.5,True,1.0,unigram,avg_negative_log,0.2231,,10,,225,35,400,0.050793650793650794
0.6999109528049866,0.7666666666666667,0.22942643391521197,0.3531669865642994,original,SKAB,dirichlet_smoothing_fold_1,7,4,3,3,0.9,0.5,True,1.0,unigram,avg_negative_log,0.2231,,10,,225,35,400,0.050793650793650794
0.691006233303651,0.7076923076923077,0.22942643391521197,0.3465160075329567,gaussian_noise,SKAB,dirichlet_smoothing_fold_1,7,4,3,3,0.9,0.5,True,1.0,unigram,avg_negative_log,0.2231,,10,,225,35,400,0.050793650793650794
0.0,0.0,0.0,0.0,unseen_data,SKAB,dirichlet_smoothing_fold_1,7,4,3,3,0.9,0.5,True,1.0,unigram,avg_negative_log,0.2231,,10,,225,35,400,0.050793650793650794
0.6999109528049866,0.7666666666666667,0.22942643391521197,0.3531669865642994,original,SKAB,dirichlet_smoothing_fold_1,999,4,3,3,0.9,0.5,True,1.0,unigram,avg_negative_log,0.2231,,10,,225,35,400,0.050793650793650794
0.6945681211041852,0.7543859649122807,0.2144638403990025,0.3339805825242718,gaussian_noise,SKAB,dirichlet_smoothing_fold_1,999,4,3,3,0.9,0.5,True,1.0,unigram,avg_negative_log,0.2231,,10,,225,35,400,0.050793650793650794
0.0,0.0,0.0,0.0,unseen_data,SKAB,dirichlet_smoothing_fold_1,999,4,3,3,0.9,0.5,True,1.0,unigram,avg_negative_log,0.2231,,10,,225,35,400,0.050793650793650794
0.7542448614834674,0.6237816764132553,0.7960199004975125,0.6994535519125683,original,SKAB,dirichlet_smoothing_fold_2,42,4,3,3,0.9,0.5,True,1.0,unigram,avg_negative_log,0.2231,,10,,234,34,438,0.05505279034690799
0.7640750670241286,0.6358267716535433,0.8034825870646766,0.7098901098901099,gaussian_noise,SKAB,dirichlet_smoothing_fold_2,42,4,3,3,0.9,0.5,True,1.0,unigram,avg_negative_log,0.2231,,10,,234,34,438,0.05505279034690799
0.0,0.0,0.0,0.0,unseen_data,SKAB,dirichlet_smoothing_fold_2,42,4,3,3,0.9,0.5,True,1.0,unigram,avg_negative_log,0.2231,,10,,234,34,438,0.05505279034690799
0.7542448614834674,0.6237816764132553,0.7960199004975125,0.6994535519125683,original,SKAB,dirichlet_smoothing_fold_2,123,4,3,3,0.9,0.5,True,1.0,unigram,avg_negative_log,0.2231,,10,,234,34,438,0.05505279034690799
0.7640750670241286,0.6332046332046332,0.8159203980099502,0.7130434782608696,gaussian_noise,SKAB,dirichlet_smoothing_fold_2,123,4,3,3,0.9,0.5,True,1.0,unigram,avg_negative_log,0.2231,,10,,234,34,438,0.05505279034690799
0.0,0.0,0.0,0.0,unseen_data,SKAB,dirichlet_smoothing_fold_2,123,4,3,3,0.9,0.5,True,1.0,unigram,avg_negative_log,0.2231,,10,,234,34,438,0.05505279034690799
0.7542448614834674,0.6237816764132553,0.7960199004975125,0.6994535519125683,original,SKAB,dirichlet_smoothing_fold_2,2026,4,3,3,0.9,0.5,True,1.0,unigram,avg_negative_log,0.2231,,10,,234,34,438,0.05505279034690799
0.7569258266309205,0.6231060606060606,0.818407960199005,0.7075268817204301,gaussian_noise,SKAB,dirichlet_smoothing_fold_2,2026,4,3,3,0.9,0.5,True,1.0,unigram,avg_negative_log,0.2231,,10,,234,34,438,0.05505279034690799
0.0,0.0,0.0,0.0,unseen_data,SKAB,dirichlet_smoothing_fold_2,2026,4,3,3,0.9,0.5,True,1.0,unigram,avg_negative_log,0.2231,,10,,234,34,438,0.05505279034690799
0.7542448614834674,0.6237816764132553,0.7960199004975125,0.6994535519125683,original,SKAB,dirichlet_smoothing_fold_2,7,4,3,3,0.9,0.5,True,1.0,unigram,avg_negative_log,0.2231,,10,,234,34,438,0.05505279034690799
0.7622877569258266,0.6297709923664122,0.8208955223880597,0.712742980561555,gaussian_noise,SKAB,dirichlet_smoothing_fold_2,7,4,3,3,0.9,0.5,True,1.0,unigram,avg_negative_log,0.2231,,10,,234,34,438,0.05505279034690799
0.0,0.0,0.0,0.0,unseen_data,SKAB,dirichlet_smoothing_fold_2,7,4,3,3,0.9,0.5,True,1.0,unigram,avg_negative_log,0.2231,,10,,234,34,438,0.05505279034690799
0.7542448614834674,0.6237816764132553,0.7960199004975125,0.6994535519125683,original,SKAB,dirichlet_smoothing_fold_2,999,4,3,3,0.9,0.5,True,1.0,unigram,avg_negative_log,0.2231,,10,,234,34,438,0.05505279034690799
0.7551385165326184,0.6245136186770428,0.7985074626865671,0.7008733624454149,gaussian_noise,SKAB,dirichlet_smoothing_fold_2,999,4,3,3,0.9,0.5,True,1.0,unigram,avg_negative_log,0.2231,,10,,234,34,438,0.05505279034690799
0.0,0.0,0.0,0.0,unseen_data,SKAB,dirichlet_smoothing_fold_2,999,4,3,3,0.9,0.5,True,1.0,unigram,avg_negative_log,0.2231,,10,,234,34,438,0.05505279034690799
0.6085790884718498,0.46395563770794823,0.6290726817042607,0.5340425531914894,original,SKAB,dirichlet_smoothing_fold_3,42,4,3,3,0.9,0.5,True,1.0,unigram,avg_negative_log,0.2231,,10,,243,37,440,0.048937826715604496
0.612153708668454,0.46716697936210133,0.6240601503759399,0.5343347639484979,gaussian_noise,SKAB,dirichlet_smoothing_fold_3,42,4,3,3,0.9,0.5,True,1.0,unigram,avg_negative_log,0.2231,,10,,243,37,440,0.048937826715604496
1.0,0.0,0.0,0.0,unseen_data,SKAB,dirichlet_smoothing_fold_3,42,4,3,3,0.9,0.5,True,1.0,unigram,avg_negative_log,0.2231,,10,,243,37,440,0.048937826715604496
0.6085790884718498,0.46395563770794823,0.6290726817042607,0.5340425531914894,original,SKAB,dirichlet_smoothing_fold_3,123,4,3,3,0.9,0.5,True,1.0,unigram,avg_negative_log,0.2231,,10,,243,37,440,0.048937826715604496
0.5996425379803396,0.4563279857397504,0.6416040100250626,0.5333333333333333,gaussian_noise,SKAB,dirichlet_smoothing_fold_3,123,4,3,3,0.9,0.5,True,1.0,unigram,avg_negative_log,0.2231,,10,,243,37,440,0.048937826715604496
1.0,0.0,0.0,0.0,unseen_data,SKAB,dirichlet_smoothing_fold_3,123,4,3,3,0.9,0.5,True,1.0,unigram,avg_negative_log,0.2231,,10,,243,37,440,0.048937826715604496
0.6085790884718498,0.46395563770794823,0.6290726817042607,0.5340425531914894,original,SKAB,dirichlet_smoothing_fold_3,2026,4,3,3,0.9,0.5,True,1.0,unigram,avg_negative_log,0.2231,,10,,243,37,440,0.048937826715604496
0.613047363717605,0.4697508896797153,0.6616541353383458,0.5494276795005203,gaussian_noise,SKAB,dirichlet_smoothing_fold_3,2026,4,3,3,0.9,0.5,True,1.0,unigram,avg_negative_log,0.2231,,10,,243,37,440,0.048937826715604496
1.0,0.0,0.0,0.0,unseen_data,SKAB,dirichlet_smoothing_fold_3,2026,4,3,3,0.9,0.5,True,1.0,unigram,avg_negative_log,0.2231,,10,,243,37,440,0.048937826715604496
0.6085790884718498,0.46395563770794823,0.6290726817042607,0.5340425531914894,original,SKAB,dirichlet_smoothing_fold_3,7,4,3,3,0.9,0.5,True,1.0,unigram,avg_negative_log,0.2231,,10,,243,37,440,0.048937826715604496
0.6210902591599643,0.477797513321492,0.6741854636591479,0.5592515592515592,gaussian_noise,SKAB,dirichlet_smoothing_fold_3,7,4,3,3,0.9,0.5,True,1.0,unigram,avg_negative_log,0.2231,,10,,243,37,440,0.048937826715604496
1.0,0.0,0.0,0.0,unseen_data,SKAB,dirichlet_smoothing_fold_3,7,4,3,3,0.9,0.5,True,1.0,unigram,avg_negative_log,0.2231,,10,,243,37,440,0.048937826715604496
0.6085790884718498,0.46395563770794823,0.6290726817042607,0.5340425531914894,original,SKAB,dirichlet_smoothing_fold_3,999,4,3,3,0.9,0.5,True,1.0,unigram,avg_negative_log,0.2231,,10,,243,37,440,0.048937826715604496
0.6032171581769437,0.4594594594594595,0.6390977443609023,0.5345911949685535,gaussian_noise,SKAB,dirichlet_smoothing_fold_3,999,4,3,3,0.9,0.5,True,1.0,unigram,avg_negative_log,0.2231,,10,,243,37,440,0.048937826715604496
1.0,0.0,0.0,0.0,unseen_data,SKAB,dirichlet_smoothing_fold_3,999,4,3,3,0.9,0.5,True,1.0,unigram,avg_negative_log,0.2231,,10,,243,37,440,0.048937826715604496
0.34148550724637683,0.1693548387096774,0.21052631578947367,0.1877094972067039,original,SKAB,dirichlet_smoothing_fold_4,42,4,3,3,0.9,0.5,True,1.0,unigram,avg_negative_log,0.2231,,10,,241,36,449,0.05175195942830797
0.322463768115942,0.15030060120240482,0.18796992481203006,0.16703786191536749,gaussian_noise,SKAB,dirichlet_smoothing_fold_4,42,4,3,3,0.9,0.5,True,1.0,unigram,avg_negative_log,0.2231,,10,,241,36,449,0.05175195942830797
1.0,0.0,0.0,0.0,unseen_data,SKAB,dirichlet_smoothing_fold_4,42,4,3,3,0.9,0.5,True,1.0,unigram,avg_negative_log,0.2231,,10,,241,36,449,0.05175195942830797
0.34148550724637683,0.1693548387096774,0.21052631578947367,0.1877094972067039,original,SKAB,dirichlet_smoothing_fold_4,123,4,3,3,0.9,0.5,True,1.0,unigram,avg_negative_log,0.2231,,10,,241,36,449,0.05175195942830797
0.32608695652173914,0.15010141987829614,0.18546365914786966,0.16591928251121077,gaussian_noise,SKAB,dirichlet_smoothing_fold_4,123,4,3,3,0.9,0.5,True,1.0,unigram,avg_negative_log,0.2231,,10,,241,36,449,0.05175195942830797
1.0,0.0,0.0,0.0,unseen_data,SKAB,dirichlet_smoothing_fold_4,123,4,3,3,0.9,0.5,True,1.0,unigram,avg_negative_log,0.2231,,10,,241,36,449,0.05175195942830797
0.34148550724637683,0.1693548387096774,0.21052631578947367,0.1877094972067039,original,SKAB,dirichlet_smoothing_fold_4,2026,4,3,3,0.9,0.5,True,1.0,unigram,avg_negative_log,0.2231,,10,,241,36,449,0.05175195942830797
0.3233695652173913,0.15060240963855423,0.18796992481203006,0.16722408026755853,gaussian_noise,SKAB,dirichlet_smoothing_fold_4,2026,4,3,3,0.9,0.5,True,1.0,unigram,avg_negative_log,0.2231,,10,,241,36,449,0.05175195942830797
1.0,0.0,0.0,0.0,unseen_data,SKAB,dirichlet_smoothing_fold_4,2026,4,3,3,0.9,0.5,True,1.0,unigram,avg_negative_log,0.2231,,10,,241,36,449,0.05175195942830797
0.34148550724637683,0.1693548387096774,0.21052631578947367,0.1877094972067039,original,SKAB,dirichlet_smoothing_fold_4,7,4,3,3,0.9,0.5,True,1.0,unigram,avg_negative_log,0.2231,,10,,241,36,449,0.05175195942830797
0.3451086956521739,0.16938775510204082,0.20802005012531327,0.18672665916760406,gaussian_noise,SKAB,dirichlet_smoothing_fold_4,7,4,3,3,0.9,0.5,True,1.0,unigram,avg_negative_log,0.2231,,10,,241,36,449,0.05175195942830797
1.0,0.0,0.0,0.0,unseen_data,SKAB,dirichlet_smoothing_fold_4,7,4,3,3,0.9,0.5,True,1.0,unigram,avg_negative_log,0.2231,,10,,241,36,449,0.05175195942830797
0.34148550724637683,0.1693548387096774,0.21052631578947367,0.1877094972067039,original,SKAB,dirichlet_smoothing_fold_4,999,4,3,3,0.9,0.5,True,1.0,unigram,avg_negative_log,0.2231,,10,,241,36,449,0.05175195942830797
0.3269927536231884,0.1640625,0.21052631578947367,0.18441273326015367,gaussian_noise,SKAB,dirichlet_smoothing_fold_4,999,4,3,3,0.9,0.5,True,1.0,unigram,avg_negative_log,0.2231,,10,,241,36,449,0.05175195942830797
1.0,0.0,0.0,0.0,unseen_data,SKAB,dirichlet_smoothing_fold_4,999,4,3,3,0.9,0.5,True,1.0,unigram,avg_negative_log,0.2231,,10,,241,36,449,0.05175195942830797
0.5950486295313882,0.463980463980464,0.9523809523809523,0.6239737274220033,original,SKAB,dirichlet_smoothing_fold_5,42,4,3,3,0.9,0.5,True,1.0,unigram,avg_negative_log,0.2231,,10,,225,36,389,0.048024691358024695
0.5879752431476569,0.4593939393939394,0.949874686716792,0.619281045751634,gaussian_noise,SKAB,dirichlet_smoothing_fold_5,42,4,3,3,0.9,0.5,True,1.0,unigram,avg_negative_log,0.2231,,10,,225,36,389,0.048024691358024695
0.7391304347826086,0.7142857142857143,1.0,0.8333333333333334,unseen_data,SKAB,dirichlet_smoothing_fold_5,42,4,3,3,0.9,0.5,True,1.0,unigram,avg_negative_log,0.2231,,10,,225,36,389,0.048024691358024695
0.5950486295313882,0.463980463980464,0.9523809523809523,0.6239737274220033,original,SKAB,dirichlet_smoothing_fold_5,123,4,3,3,0.9,0.5,True,1.0,unigram,avg_negative_log,0.2231,,10,,225,36,389,0.048024691358024695
0.5870910698496905,0.45707070707070707,0.9072681704260651,0.6078925272879933,gaussian_noise,SKAB,dirichlet_smoothing_fold_5,123,4,3,3,0.9,0.5,True,1.0,unigram,avg_negative_log,0.2231,,10,,225,36,389,0.048024691358024695
0.7391304347826086,0.7142857142857143,1.0,0.8333333333333334,unseen_data,SKAB,dirichlet_smoothing_fold_5,123,4,3,3,0.9,0.5,True,1.0,unigram,avg_negative_log,0.2231,,10,,225,36,389,0.048024691358024695
0.5950486295313882,0.463980463980464,0.9523809523809523,0.6239737274220033,original,SKAB,dirichlet_smoothing_fold_5,2026,4,3,3,0.9,0.5,True,1.0,unigram,avg_negative_log,0.2231,,10,,225,36,389,0.048024691358024695
0.6021220159151194,0.4689403166869671,0.9649122807017544,0.6311475409836066,gaussian_noise,SKAB,dirichlet_smoothing_fold_5,2026,4,3,3,0.9,0.5,True,1.0,unigram,avg_negative_log,0.2231,,10,,225,36,389,0.048024691358024695
0.7391304347826086,0.7142857142857143,1.0,0.8333333333333334,unseen_data,SKAB,dirichlet_smoothing_fold_5,2026,4,3,3,0.9,0.5,True,1.0,unigram,avg_negative_log,0.2231,,10,,225,36,389,0.048024691358024695
0.5950486295313882,0.463980463980464,0.9523809523809523,0.6239737274220033,original,SKAB,dirichlet_smoothing_fold_5,7,4,3,3,0.9,0.5,True,1.0,unigram,avg_negative_log,0.2231,,10,,225,36,389,0.048024691358024695
0.579133510167993,0.4532199270959903,0.9348370927318296,0.6104746317512275,gaussian_noise,SKAB,dirichlet_smoothing_fold_5,7,4,3,3,0.9,0.5,True,1.0,unigram,avg_negative_log,0.2231,,10,,225,36,389,0.048024691358024695
0.7391304347826086,0.7142857142857143,1.0,0.8333333333333334,unseen_data,SKAB,dirichlet_smoothing_fold_5,7,4,3,3,0.9,0.5,True,1.0,unigram,avg_negative_log,0.2231,,10,,225,36,389,0.048024691358024695
0.5950486295313882,0.463980463980464,0.9523809523809523,0.6239737274220033,original,SKAB,dirichlet_smoothing_fold_5,999,4,3,3,0.9,0.5,True,1.0,unigram,avg_negative_log,0.2231,,10,,225,36,389,0.048024691358024695
0.5702917771883289,0.4467564259485924,0.9147869674185464,0.600328947368421,gaussian_noise,SKAB,dirichlet_smoothing_fold_5,999,4,3,3,0.9,0.5,True,1.0,unigram,avg_negative_log,0.2231,,10,,225,36,389,0.048024691358024695
0.7391304347826086,0.7142857142857143,1.0,0.8333333333333334,unseen_data,SKAB,dirichlet_smoothing_fold_5,999,4,3,3,0.9,0.5,True,1.0,unigram,avg_negative_log,0.2231,,10,,225,36,389,0.048024691358024695
0.6999109528049866,0.7666666666666667,0.22942643391521197,0.3531669865642994,original,SKAB,dirichlet_smoothing_fold_1,42,4,3,3,0.9,0.5,True,2.0,unigram,avg_negative_log,0.2231,,10,,225,35,400,0.050793650793650794
0.6963490650044524,0.7205882352941176,0.24438902743142144,0.3649906890130354,gaussian_noise,SKAB,dirichlet_smoothing_fold_1,42,4,3,3,0.9,0.5,True,2.0,unigram,avg_negative_log,0.2231,,10,,225,35,400,0.050793650793650794
0.0,0.0,0.0,0.0,unseen_data,SKAB,dirichlet_smoothing_fold_1,42,4,3,3,0.9,0.5,True,2.0,unigram,avg_negative_log,0.2231,,10,,225,35,400,0.050793650793650794
0.6999109528049866,0.7666666666666667,0.22942643391521197,0.3531669865642994,original,SKAB,dirichlet_smoothing_fold_1,123,4,3,3,0.9,0.5,True,2.0,unigram,avg_negative_log,0.2231,,10,,225,35,400,0.050793650793650794
0.6954585930543188,0.7565217391304347,0.2169576059850374,0.3372093023255814,gaussian_noise,SKAB,dirichlet_smoothing_fold_1,123,4,3,3,0.9,0.5,True,2.0,unigram,avg_negative_log,0.2231,,10,,225,35,400,0.050793650793650794
0.0,0.0,0.0,0.0,unseen_data,SKAB,dirichlet_smoothing_fold_1,123,4,3,3,0.9,0.5,True,2.0,unigram,avg_negative_log,0.2231,,10,,225,35,400,0.050793650793650794
0.6999109528049866,0.7666666666666667,0.22942643391521197,0.3531669865642994,original,SKAB,dirichlet_smoothing_fold_1,2026,4,3,3,0.9,0.5,True,2.0,unigram,avg_negative_log,0.2231,,10,,225,35,400,0.050793650793650794
0.6812110418521816,0.6546762589928058,0.22693266832917705,0.337037037037037,gaussian_noise,SKAB,dirichlet_smoothing_fold_1,2026,4,3,3,0.9,0.5,True,2.0,unigram,avg_negative_log,0.2231,,10,,225,35,400,0.050793650793650794
0.0,0.0,0.0,0.0,unseen_data,SKAB,dirichlet_smoothing_fold_1,2026,4,3,3,0.9,0.5,True,2.0,unigram,avg_negative_log,0.2231,,10,,225,35,400,0.050793650793650794
0.6999109528049866,0.7666666666666667,0.22942643391521197,0.3531669865642994,original,SKAB,dirichlet_smoothing_fold_1,7,4,3,3,0.9,0.5,True,2.0,unigram,avg_negative_log,0.2231,,10,,225,35,400,0.050793650793650794
0.691006233303651,0.7076923076923077,0.22942643391521197,0.3465160075329567,gaussian_noise,SKAB,dirichlet_smoothing_fold_1,7,4,3,3,0.9,0.5,True,2.0,unigram,avg_negative_log,0.2231,,10,,225,35,400,0.050793650793650794
0.0,0.0,0.0,0.0,unseen_data,SKAB,dirichlet_smoothing_fold_1,7,4,3,3,0.9,0.5,True,2.0,unigram,avg_negative_log,0.2231,,10,,225,35,400,0.050793650793650794
0.6999109528049866,0.7666666666666667,0.22942643391521197,0.3531669865642994,original,SKAB,dirichlet_smoothing_fold_1,999,4,3,3,0.9,0.5,True,2.0,unigram,avg_negative_log,0.2231,,10,,225,35,400,0.050793650793650794
0.6945681211041852,0.7543859649122807,0.2144638403990025,0.3339805825242718,gaussian_noise,SKAB,dirichlet_smoothing_fold_1,999,4,3,3,0.9,0.5,True,2.0,unigram,avg_negative_log,0.2231,,10,,225,35,400,0.050793650793650794
0.0,0.0,0.0,0.0,unseen_data,SKAB,dirichlet_smoothing_fold_1,999,4,3,3,0.9,0.5,True,2.0,unigram,avg_negative_log,0.2231,,10,,225,35,400,0.050793650793650794
0.7542448614834674,0.6237816764132553,0.7960199004975125,0.6994535519125683,original,SKAB,dirichlet_smoothing_fold_2,42,4,3,3,0.9,0.5,True,2.0,unigram,avg_negative_log,0.2231,,10,,234,34,438,0.05505279034690799
0.7649687220732797,0.6365422396856582,0.8059701492537313,0.7113062568605928,gaussian_noise,SKAB,dirichlet_smoothing_fold_2,42,4,3,3,0.9,0.5,True,2.0,unigram,avg_negative_log,0.2231,,10,,234,34,438,0.05505279034690799
0.0,0.0,0.0,0.0,unseen_data,SKAB,dirichlet_smoothing_fold_2,42,4,3,3,0.9,0.5,True,2.0,unigram,avg_negative_log,0.2231,,10,,234,34,438,0.05505279034690799
0.7542448614834674,0.6237816764132553,0.7960199004975125,0.6994535519125683,original,SKAB,dirichlet_smoothing_fold_2,123,4,3,3,0.9,0.5,True,2.0,unigram,avg_negative_log,0.2231,,10,,234,34,438,0.05505279034690799
0.7649687220732797,0.6339113680154143,0.818407960199005,0.7144408251900108,gaussian_noise,SKAB,dirichlet_smoothing_fold_2,123,4,3,3,0.9,0.5,True,2.0,unigram,avg_negative_log,0.2231,,10,,234,34,438,0.05505279034690799
0.0,0.0,0.0,0.0,unseen_data,SKAB,dirichlet_smoothing_fold_2,123,4,3,3,0.9,0.5,True,2.0,unigram,avg_negative_log,0.2231,,10,,234,34,438,0.05505279034690799
0.7542448614834674,0.6237816764132553,0.7960199004975125,0.6994535519125683,original,SKAB,dirichlet_smoothing_fold_2,2026,4,3,3,0.9,0.5,True,2.0,unigram,avg_negative_log,0.2231,,10,,234,34,438,0.05505279034690799
0.7569258266309205,0.6226415094339622,0.8208955223880597,0.7081545064377682,gaussian_noise,SKAB,dirichlet_smoothing_fold_2,2026,4,3,3,0.9,0.5,True,2.0,unigram,avg_negative_log,0.2231,,10,,234,34,438,0.05505279034690799
0.0,0.0,0.0,0.0,unseen_data,SKAB,dirichlet_smoothing_fold_2,2026,4,3,3,0.9,0.5,True,2.0,unigram,avg_negative_log,0.2231,,10,,234,34,438,0.05505279034690799
0.7542448614834674,0.6237816764132553,0.7960199004975125,0.6994535519125683,original,SKAB,dirichlet_smoothing_fold_2,7,4,3,3,0.9,0.5,True,2.0,unigram,avg_negative_log,0.2231,,10,,234,34,438,0.05505279034690799
0.7622877569258266,0.6297709923664122,0.8208955223880597,0.712742980561555,gaussian_noise,SKAB,dirichlet_smoothing_fold_2,7,4,3,3,0.9,0.5,True,2.0,unigram,avg_negative_log,0.2231,,10,,234,34,438,0.05505279034690799
0.0,0.0,0.0,0.0,unseen_data,SKAB,dirichlet_smoothing_fold_2,7,4,3,3,0.9,0.5,True,2.0,unigram,avg_negative_log,0.2231,,10,,234,34,438,0.05505279034690799
0.7542448614834674,0.6237816764132553,0.7960199004975125,0.6994535519125683,original,SKAB,dirichlet_smoothing_fold_2,999,4,3,3,0.9,0.5,True,2.0,unigram,avg_negative_log,0.2231,,10,,234,34,438,0.05505279034690799
0.7551385165326184,0.6245136186770428,0.7985074626865671,0.7008733624454149,gaussian_noise,SKAB,dirichlet_smoothing_fold_2,999,4,3,3,0.9,0.5,True,2.0,unigram,avg_negative_log,0.2231,,10,,234,34,438,0.05505279034690799
0.0,0.0,0.0,0.0,unseen_data,SKAB,dirichlet_smoothing_fold_2,999,4,3,3,0.9,0.5,True,2.0,unigram,avg_negative_log,0.2231,,10,,234,34,438,0.05505279034690799
0.6058981233243967,0.46167883211678834,0.6340852130325815,0.5343189017951425,original,SKAB,dirichlet_smoothing_fold_3,42,4,3,3,0.9,0.5,True,2.0,unigram,avg_negative_log,0.2231,,10,,243,37,440,0.048937826715604496
0.6094727435210009,0.4646840148698885,0.6265664160401002,0.5336179295624333,gaussian_noise,SKAB,dirichlet_smoothing_fold_3,42,4,3,3,0.9,0.5,True,2.0,unigram,avg_negative_log,0.2231,,10,,243,37,440,0.048937826715604496
1.0,0.0,0.0,0.0,unseen_data,SKAB,dirichlet_smoothing_fold_3,42,4,3,3,0.9,0.5,True,2.0,unigram,avg_negative_log,0.2231,,10,,243,37,440,0.048937826715604496
0.6058981233243967,0.46167883211678834,0.6340852130325815,0.5343189017951425,original,SKAB,dirichlet_smoothing_fold_3,123,4,3,3,0.9,0.5,True,2.0,unigram,avg_negative_log,0.2231,,10,,243,37,440,0.048937826715604496
0.5969615728328865,0.4540636042402827,0.6441102756892231,0.5326424870466321,gaussian_noise,SKAB,dirichlet_smoothing_fold_3,123,4,3,3,0.9,0.5,True,2.0,unigram,avg_negative_log,0.2231,,10,,243,37,440,0.048937826715604496
1.0,0.0,0.0,0.0,unseen_data,SKAB,dirichlet_smoothing_fold_3,123,4,3,3,0.9,0.5,True,2.0,unigram,avg_negative_log,0.2231,,10,,243,37,440,0.048937826715604496
0.6058981233243967,0.46167883211678834,0.6340852130325815,0.5343189017951425,original,SKAB,dirichlet_smoothing_fold_3,2026,4,3,3,0.9,0.5,True,2.0,unigram,avg_negative_log,0.2231,,10,,243,37,440,0.048937826715604496
0.610366398570152,0.4673721340388007,0.6641604010025063,0.5486542443064182,gaussian_noise,SKAB,dirichlet_smoothing_fold_3,2026,4,3,3,0.9,0.5,True,2.0,unigram,avg_negative_log,0.2231,,10,,243,37,440,0.048937826715604496
1.0,0.0,0.0,0.0,unseen_data,SKAB,dirichlet_smoothing_fold_3,2026,4,3,3,0.9,0.5,True,2.0,unigram,avg_negative_log,0.2231,,10,,243,37,440,0.048937826715604496
0.6058981233243967,0.46167883211678834,0.6340852130325815,0.5343189017951425,original,SKAB,dirichlet_smoothing_fold_3,7,4,3,3,0.9,0.5,True,2.0,unigram,avg_negative_log,0.2231,,10,,243,37,440,0.048937826715604496
0.6201966041108132,0.477112676056338,0.6791979949874687,0.5604963805584281,gaussian_noise,SKAB,dirichlet_smoothing_fold_3,7,4,3,3,0.9,0.5,True,2.0,unigram,avg_negative_log,0.2231,,10,,243,37,440,0.048937826715604496
1.0,0.0,0.0,0.0,unseen_data,SKAB,dirichlet_smoothing_fold_3,7,4,3,3,0.9,0.5,True,2.0,unigram,avg_negative_log,0.2231,,10,,243,37,440,0.048937826715604496
0.6058981233243967,0.46167883211678834,0.6340852130325815,0.5343189017951425,original,SKAB,dirichlet_smoothing_fold_3,999,4,3,3,0.9,0.5,True,2.0,unigram,avg_negative_log,0.2231,,10,,243,37,440,0.048937826715604496
0.6014298480786416,0.45811051693404636,0.6441102756892231,0.5354166666666667,gaussian_noise,SKAB,dirichlet_smoothing_fold_3,999,4,3,3,0.9,0.5,True,2.0,unigram,avg_negative_log,0.2231,,10,,243,37,440,0.048937826715604496
1.0,0.0,0.0,0.0,unseen_data,SKAB,dirichlet_smoothing_fold_3,999,4,3,3,0.9,0.5,True,2.0,unigram,avg_negative_log,0.2231,,10,,243,37,440,0.048937826715604496
0.34057971014492755,0.17165668662674652,0.21553884711779447,0.19111111111111112,original,SKAB,dirichlet_smoothing_fold_4,42,4,3,3,0.9,0.5,True,2.0,unigram,avg_negative_log,0.2231,,10,,241,36,449,0.05175195942830797
0.32155797101449274,0.1527777777777778,0.19298245614035087,0.17054263565891473,gaussian_noise,SKAB,dirichlet_smoothing_fold_4,42,4,3,3,0.9,0.5,True,2.0,unigram,avg_negative_log,0.2231,,10,,241,36,449,0.05175195942830797
1.0,0.0,0.0,0.0,unseen_data,SKAB,dirichlet_smoothing_fold_4,42,4,3,3,0.9,0.5,True,2.0,unigram,avg_negative_log,0.2231,,10,,241,36,449,0.05175195942830797
0.34057971014492755,0.17165668662674652,0.21553884711779447,0.19111111111111112,original,SKAB,dirichlet_smoothing_fold_4,123,4,3,3,0.9,0.5,True,2.0,unigram,avg_negative_log,0.2231,,10,,241,36,449,0.05175195942830797
0.3197463768115942,0.15079365079365079,0.19047619047619047,0.16832779623477298,gaussian_noise,SKAB,dirichlet_smoothing_fold_4,123,4,3,3,0.9,0.5,True,2.0,unigram,avg_negative_log,0.2231,,10,,241,36,449,0.05175195942830797
1.0,0.0,0.0,0.0,unseen_data,SKAB,dirichlet_smoothing_fold_4,123,4,3,3,0.9,0.5,True,2.0,unigram,avg_negative_log,0.2231,,10,,241,36,449,0.05175195942830797
0.34057971014492755,0.17165668662674652,0.21553884711779447,0.19111111111111112,original,SKAB,dirichlet_smoothing_fold_4,2026,4,3,3,0.9,0.5,True,2.0,unigram,avg_negative_log,0.2231,,10,,241,36,449,0.05175195942830797
0.3197463768115942,0.15217391304347827,0.19298245614035087,0.17016574585635358,gaussian_noise,SKAB,dirichlet_smoothing_fold_4,2026,4,3,3,0.9,0.5,True,2.0,unigram,avg_negative_log,0.2231,,10,,241,36,449,0.05175195942830797
1.0,0.0,0.0,0.0,unseen_data,SKAB,dirichlet_smoothing_fold_4,2026,4,3,3,0.9,0.5,True,2.0,unigram,avg_negative_log,0.2231,,10,,241,36,449,0.05175195942830797
0.34057971014492755,0.17165668662674652,0.21553884711779447,0.19111111111111112,original,SKAB,dirichlet_smoothing_fold_4,7,4,3,3,0.9,0.5,True,2.0,unigram,avg_negative_log,0.2231,,10,,241,36,449,0.05175195942830797
0.3432971014492754,0.17137096774193547,0.21303258145363407,0.18994413407821228,gaussian_noise,SKAB,dirichlet_smoothing_fold_4,7,4,3,3,0.9,0.5,True,2.0,unigram,avg_negative_log,0.2231,,10,,241,36,449,0.05175195942830797
1.0,0.0,0.0,0.0,unseen_data,SKAB,dirichlet_smoothing_fold_4,7,4,3,3,0.9,0.5,True,2.0,unigram,avg_negative_log,0.2231,,10,,241,36,449,0.05175195942830797
0.34057971014492755,0.17165668662674652,0.21553884711779447,0.19111111111111112,original,SKAB,dirichlet_smoothing_fold_4,999,4,3,3,0.9,0.5,True,2.0,unigram,avg_negative_log,0.2231,,10,,241,36,449,0.05175195942830797
0.3242753623188406,0.16570327552986513,0.21553884711779447,0.18736383442265794,gaussian_noise,SKAB,dirichlet_smoothing_fold_4,999,4,3,3,0.9,0.5,True,2.0,unigram,avg_negative_log,0.2231,,10,,241,36,449,0.05175195942830797
1.0,0.0,0.0,0.0,unseen_data,SKAB,dirichlet_smoothing_fold_4,999,4,3,3,0.9,0.5,True,2.0,unigram,avg_negative_log,0.2231,,10,,241,36,449,0.05175195942830797
0.5950486295313882,0.4645858343337335,0.9699248120300752,0.6282467532467533,original,SKAB,dirichlet_smoothing_fold_5,42,4,3,3,0.9,0.5,True,2.0,unigram,avg_negative_log,0.2231,,10,,225,36,389,0.048024691358024695
0.5853227232537578,0.45823389021479716,0.9624060150375939,0.6208569118835894,gaussian_noise,SKAB,dirichlet_smoothing_fold_5,42,4,3,3,0.9,0.5,True,2.0,unigram,avg_negative_log,0.2231,,10,,225,36,389,0.048024691358024695
0.7391304347826086,0.7142857142857143,1.0,0.8333333333333334,unseen_data,SKAB,dirichlet_smoothing_fold_5,42,4,3,3,0.9,0.5,True,2.0,unigram,avg_negative_log,0.2231,,10,,225,36,389,0.048024691358024695
0.5950486295313882,0.4645858343337335,0.9699248120300752,0.6282467532467533,original,SKAB,dirichlet_smoothing_fold_5,123,4,3,3,0.9,0.5,True,2.0,unigram,avg_negative_log,0.2231,,10,,225,36,389,0.048024691358024695
0.5844385499557914,0.4560099132589839,0.9223057644110275,0.6102819237147595,gaussian_noise,SKAB,dirichlet_smoothing_fold_5,123,4,3,3,0.9,0.5,True,2.0,unigram,avg_negative_log,0.2231,,10,,225,36,389,0.048024691358024695
0.7391304347826086,0.7142857142857143,1.0,0.8333333333333334,unseen_data,SKAB,dirichlet_smoothing_fold_5,123,4,3,3,0.9,0.5,True,2.0,unigram,avg_negative_log,0.2231,,10,,225,36,389,0.048024691358024695
0.5950486295313882,0.4645858343337335,0.9699248120300752,0.6282467532467533,original,SKAB,dirichlet_smoothing_fold_5,2026,4,3,3,0.9,0.5,True,2.0,unigram,avg_negative_log,0.2231,,10,,225,36,389,0.048024691358024695
0.6047745358090185,0.4712230215827338,0.9849624060150376,0.6374695863746959,gaussian_noise,SKAB,dirichlet_smoothing_fold_5,2026,4,3,3,0.9,0.5,True,2.0,unigram,avg_negative_log,0.2231,,10,,225,36,389,0.048024691358024695
0.7391304347826086,0.7142857142857143,1.0,0.8333333333333334,unseen_data,SKAB,dirichlet_smoothing_fold_5,2026,4,3,3,0.9,0.5,True,2.0,unigram,avg_negative_log,0.2231,,10,,225,36,389,0.048024691358024695
0.5950486295313882,0.4645858343337335,0.9699248120300752,0.6282467532467533,original,SKAB,dirichlet_smoothing_fold_5,7,4,3,3,0.9,0.5,True,2.0,unigram,avg_negative_log,0.2231,,10,,225,36,389,0.048024691358024695
0.5755968169761273,0.45138055222088835,0.9423558897243107,0.6103896103896104,gaussian_noise,SKAB,dirichlet_smoothing_fold_5,7,4,3,3,0.9,0.5,True,2.0,unigram,avg_negative_log,0.2231,,10,,225,36,389,0.048024691358024695
0.7391304347826086,0.7142857142857143,1.0,0.8333333333333334,unseen_data,SKAB,dirichlet_smoothing_fold_5,7,4,3,3,0.9,0.5,True,2.0,unigram,avg_negative_log,0.2231,,10,,225,36,389,0.048024691358024695
0.5950486295313882,0.4645858343337335,0.9699248120300752,0.6282467532467533,original,SKAB,dirichlet_smoothing_fold_5,999,4,3,3,0.9,0.5,True,2.0,unigram,avg_negative_log,0.2231,,10,,225,36,389,0.048024691358024695
0.5720601237842617,0.4487334137515078,0.9323308270676691,0.6058631921824105,gaussian_noise,SKAB,dirichlet_smoothing_fold_5,999,4,3,3,0.9,0.5,True,2.0,unigram,avg_negative_log,0.2231,,10,,225,36,389,0.048024691358024695
0.7391304347826086,0.7142857142857143,1.0,0.8333333333333334,unseen_data,SKAB,dirichlet_smoothing_fold_5,999,4,3,3,0.9,0.5,True,2.0,unigram,avg_negative_log,0.2231,,10,,225,36,389,0.048024691358024695
0.6999109528049866,0.7622950819672131,0.23192019950124687,0.35564053537284895,original,SKAB,dirichlet_smoothing_fold_1,42,4,3,3,0.9,0.5,True,5.0,unigram,avg_negative_log,0.2231,,10,,225,35,400,0.050793650793650794
0.6945681211041852,0.7071428571428572,0.24688279301745636,0.3659889094269871,gaussian_noise,SKAB,dirichlet_smoothing_fold_1,42,4,3,3,0.9,0.5,True,5.0,unigram,avg_negative_log,0.2231,,10,,225,35,400,0.050793650793650794
0.0,0.0,0.0,0.0,unseen_data,SKAB,dirichlet_smoothing_fold_1,42,4,3,3,0.9,0.5,True,5.0,unigram,avg_negative_log,0.2231,,10,,225,35,400,0.050793650793650794
0.6999109528049866,0.7622950819672131,0.23192019950124687,0.35564053537284895,original,SKAB,dirichlet_smoothing_fold_1,123,4,3,3,0.9,0.5,True,5.0,unigram,avg_negative_log,0.2231,,10,,225,35,400,0.050793650793650794
0.6954585930543188,0.7521367521367521,0.2194513715710723,0.33976833976833976,gaussian_noise,SKAB,dirichlet_smoothing_fold_1,123,4,3,3,0.9,0.5,True,5.0,unigram,avg_negative_log,0.2231,,10,,225,35,400,0.050793650793650794
0.0,0.0,0.0,0.0,unseen_data,SKAB,dirichlet_smoothing_fold_1,123,4,3,3,0.9,0.5,True,5.0,unigram,avg_negative_log,0.2231,,10,,225,35,400,0.050793650793650794
0.6999109528049866,0.7622950819672131,0.23192019950124687,0.35564053537284895,original,SKAB,dirichlet_smoothing_fold_1,2026,4,3,3,0.9,0.5,True,5.0,unigram,avg_negative_log,0.2231,,10,,225,35,400,0.050793650793650794
0.678539626001781,0.636986301369863,0.23192019950124687,0.340036563071298,gaussian_noise,SKAB,dirichlet_smoothing_fold_1,2026,4,3,3,0.9,0.5,True,5.0,unigram,avg_negative_log,0.2231,,10,,225,35,400,0.050793650793650794
0.0,0.0,0.0,0.0,unseen_data,SKAB,dirichlet_smoothing_fold_1,2026,4,3,3,0.9,0.5,True,5.0,unigram,avg_negative_log,0.2231,,10,,225,35,400,0.050793650793650794
0.6999109528049866,0.7622950819672131,0.23192019950124687,0.35564053537284895,original,SKAB,dirichlet_smoothing_fold_1,7,4,3,3,0.9,0.5,True,5.0,unigram,avg_negative_log,0.2231,,10,,225,35,400,0.050793650793650794
0.6892252894033838,0.6940298507462687,0.23192019950124687,0.34766355140186916,gaussian_noise,SKAB,dirichlet_smoothing_fold_1,7,4,3,3,0.9,0.5,True,5.0,unigram,avg_negative_log,0.2231,,10,,225,35,400,0.050793650793650794
0.0,0.0,0.0,0.0,unseen_data,SKAB,dirichlet_smoothing_fold_1,7,4,3,3,0.9,0.5,True,5.0,unigram,avg_negative_log,0.2231,,10,,225,35,400,0.050793650793650794
0.6999109528049866,0.7622950819672131,0.23192019950124687,0.35564053537284895,original,SKAB,dirichlet_smoothing_fold_1,999,4,3,3,0.9,0.5,True,5.0,unigram,avg_negative_log,0.2231,,10,,225,35,400,0.050793650793650794
0.6945681211041852,0.75,0.2169576059850374,0.3365570599613153,gaussian_noise,SKAB,dirichlet_smoothing_fold_1,999,4,3,3,0.9,0.5,True,5.0,unigram,avg_negative_log,0.2231,,10,,225,35,400,0.050793650793650794
0.0,0.0,0.0,0.0,unseen_data,SKAB,dirichlet_smoothing_fold_1,999,4,3,3,0.9,0.5,True,5.0,unigram,avg_negative_log,0.2231,,10,,225,35,400,0.050793650793650794
0.7515638963360143,0.6183206106870229,0.8059701492537313,0.6997840172786177,original,SKAB,dirichlet_smoothing_fold_2,42,4,3,3,0.9,0.5,True,5.0,unigram,avg_negative_log,0.2231,,10,,234,34,438,0.05505279034690799
0.7631814119749777,0.6319845857418112,0.8159203980099502,0.7122692725298588,gaussian_noise,SKAB,dirichlet_smoothing_fold_2,42,4,3,3,0.9,0.5,True,5.0,unigram,avg_negative_log,0.2231,,10,,234,34,438,0.05505279034690799
0.0,0.0,0.0,0.0,unseen_data,SKAB,dirichlet_smoothing_fold_2,42,4,3,3,0.9,0.5,True,5.0,unigram,avg_negative_log,0.2231,,10,,234,34,438,0.05505279034690799
0.7515638963360143,0.6183206106870229,0.8059701492537313,0.6997840172786177,original,SKAB,dirichlet_smoothing_fold_2,123,4,3,3,0.9,0.5,True,5.0,unigram,avg_negative_log,0.2231,,10,,234,34,438,0.05505279034690799
0.7605004468275246,0.6264150943396226,0.8258706467661692,0.7124463519313304,gaussian_noise,SKAB,dirichlet_smoothing_fold_2,123,4,3,3,0.9,0.5,True,5.0,unigram,avg_negative_log,0.2231,,10,,234,34,438,0.05505279034690799
0.0,0.0,0.0,0.0,unseen_data,SKAB,dirichlet_smoothing_fold_2,123,4,3,3,0.9,0.5,True,5.0,unigram,avg_negative_log,0.2231,,10,,234,34,438,0.05505279034690799
0.7515638963360143,0.6183206106870229,0.8059701492537313,0.6997840172786177,original,SKAB,dirichlet_smoothing_fold_2,2026,4,3,3,0.9,0.5,True,5.0,unigram,avg_negative_log,0.2231,,10,,234,34,438,0.05505279034690799
0.7506702412868632,0.6136783733826248,0.8258706467661692,0.704135737009544,gaussian_noise,SKAB,dirichlet_smoothing_fold_2,2026,4,3,3,0.9,0.5,True,5.0,unigram,avg_negative_log,0.2231,,10,,234,34,438,0.05505279034690799
0.0,0.0,0.0,0.0,unseen_data,SKAB,dirichlet_smoothing_fold_2,2026,4,3,3,0.9,0.5,True,5.0,unigram,avg_negative_log,0.2231,,10,,234,34,438,0.05505279034690799
0.7515638963360143,0.6183206106870229,0.8059701492537313,0.6997840172786177,original,SKAB,dirichlet_smoothing_fold_2,7,4,3,3,0.9,0.5,True,5.0,unigram,avg_negative_log,0.2231,,10,,234,34,438,0.05505279034690799
0.7578194816800715,0.6224299065420561,0.8283582089552238,0.7107790821771611,gaussian_noise,SKAB,dirichlet_smoothing_fold_2,7,4,3,3,0.9,0.5,True,5.0,unigram,avg_negative_log,0.2231,,10,,234,34,438,0.05505279034690799
0.0,0.0,0.0,0.0,unseen_data,SKAB,dirichlet_smoothing_fold_2,7,4,3,3,0.9,0.5,True,5.0,unigram,avg_negative_log,0.2231,,10,,234,34,438,0.05505279034690799
0.7515638963360143,0.6183206106870229,0.8059701492537313,0.6997840172786177,original,SKAB,dirichlet_smoothing_fold_2,999,4,3,3,0.9,0.5,True,5.0,unigram,avg_negative_log,0.2231,,10,,234,34,438,0.05505279034690799
0.7506702412868632,0.6171428571428571,0.8059701492537313,0.6990291262135923,gaussian_noise,SKAB,dirichlet_smoothing_fold_2,999,4,3,3,0.9,0.5,True,5.0,unigram,avg_negative_log,0.2231,,10,,234,34,438,0.05505279034690799
0.0,0.0,0.0,0.0,unseen_data,SKAB,dirichlet_smoothing_fold_2,999,4,3,3,0.9,0.5,True,5.0,unigram,avg_negative_log,0.2231,,10,,234,34,438,0.05505279034690799
0.6050044682752458,0.4614003590664273,0.6441102756892231,0.5376569037656904,original,SKAB,dirichlet_smoothing_fold_3,42,4,3,3,0.9,0.5,True,5.0,unigram,avg_negative_log,0.2231,,10,,243,37,440,0.048937826715604496
0.6094727435210009,0.4653284671532847,0.6390977443609023,0.5385427666314678,gaussian_noise,SKAB,dirichlet_smoothing_fold_3,42,4,3,3,0.9,0.5,True,5.0,unigram,avg_negative_log,0.2231,,10,,243,37,440,0.048937826715604496
1.0,0.0,0.0,0.0,unseen_data,SKAB,dirichlet_smoothing_fold_3,42,4,3,3,0.9,0.5,True,5.0,unigram,avg_negative_log,0.2231,,10,,243,37,440,0.048937826715604496
0.6050044682752458,0.4614003590664273,0.6441102756892231,0.5376569037656904,original,SKAB,dirichlet_smoothing_fold_3,123,4,3,3,0.9,0.5,True,5.0,unigram,avg_negative_log,0.2231,,10,,243,37,440,0.048937826715604496
0.5942806076854334,0.45217391304347826,0.6516290726817042,0.5338809034907598,gaussian_noise,SKAB,dirichlet_smoothing_fold_3,123,4,3,3,0.9,0.5,True,5.0,unigram,avg_negative_log,0.2231,,10,,243,37,440,0.048937826715604496
1.0,0.0,0.0,0.0,unseen_data,SKAB,dirichlet_smoothing_fold_3,123,4,3,3,0.9,0.5,True,5.0,unigram,avg_negative_log,0.2231,,10,,243,37,440,0.048937826715604496
0.6050044682752458,0.4614003590664273,0.6441102756892231,0.5376569037656904,original,SKAB,dirichlet_smoothing_fold_3,2026,4,3,3,0.9,0.5,True,5.0,unigram,avg_negative_log,0.2231,,10,,243,37,440,0.048937826715604496
0.612153708668454,0.4696707105719237,0.6791979949874687,0.555327868852459,gaussian_noise,SKAB,dirichlet_smoothing_fold_3,2026,4,3,3,0.9,0.5,True,5.0,unigram,avg_negative_log,0.2231,,10,,243,37,440,0.048937826715604496
1.0,0.0,0.0,0.0,unseen_data,SKAB,dirichlet_smoothing_fold_3,2026,4,3,3,0.9,0.5,True,5.0,unigram,avg_negative_log,0.2231,,10,,243,37,440,0.048937826715604496
0.6050044682752458,0.4614003590664273,0.6441102756892231,0.5376569037656904,original,SKAB,dirichlet_smoothing_fold_3,7,4,3,3,0.9,0.5,True,5.0,unigram,avg_negative_log,0.2231,,10,,243,37,440,0.048937826715604496
0.6210902591599643,0.4783362218370884,0.6917293233082706,0.5655737704918032,gaussian_noise,SKAB,dirichlet_smoothing_fold_3,7,4,3,3,0.9,0.5,True,5.0,unigram,avg_negative_log,0.2231,,10,,243,37,440,0.048937826715604496
1.0,0.0,0.0,0.0,unseen_data,SKAB,dirichlet_smoothing_fold_3,7,4,3,3,0.9,0.5,True,5.0,unigram,avg_negative_log,0.2231,,10,,243,37,440,0.048937826715604496
0.6050044682752458,0.4614003590664273,0.6441102756892231,0.5376569037656904,original,SKAB,dirichlet_smoothing_fold_3,999,4,3,3,0.9,0.5,True,5.0,unigram,avg_negative_log,0.2231,,10,,243,37,440,0.048937826715604496
0.6005361930294906,0.45789473684210524,0.6541353383458647,0.5386996904024768,gaussian_noise,SKAB,dirichlet_smoothing_fold_3,999,4,3,3,0.9,0.5,True,5.0,unigram,avg_negative_log,0.2231,,10,,243,37,440,0.048937826715604496
1.0,0.0,0.0,0.0,unseen_data,SKAB,dirichlet_smoothing_fold_3,999,4,3,3,0.9,0.5,True,5.0,unigram,avg_negative_log,0.2231,,10,,243,37,440,0.048937826715604496
0.33605072463768115,0.17125984251968504,0.21804511278195488,0.1918412348401323,original,SKAB,dirichlet_smoothing_fold_4,42,4,3,3,0.9,0.5,True,5.0,unigram,avg_negative_log,0.2231,,10,,241,36,449,0.05175195942830797
0.31521739130434784,0.15204678362573099,0.19548872180451127,0.17105263157894737,gaussian_noise,SKAB,dirichlet_smoothing_fold_4,42,4,3,3,0.9,0.5,True,5.0,unigram,avg_negative_log,0.2231,,10,,241,36,449,0.05175195942830797
1.0,0.0,0.0,0.0,unseen_data,SKAB,dirichlet_smoothing_fold_4,42,4,3,3,0.9,0.5,True,5.0,unigram,avg_negative_log,0.2231,,10,,241,36,449,0.05175195942830797
0.33605072463768115,0.17125984251968504,0.21804511278195488,0.1918412348401323,original,SKAB,dirichlet_smoothing_fold_4,123,4,3,3,0.9,0.5,True,5.0,unigram,avg_negative_log,0.2231,,10,,241,36,449,0.05175195942830797
0.3188405797101449,0.15187376725838264,0.19298245614035087,0.16997792494481237,gaussian_noise,SKAB,dirichlet_smoothing_fold_4,123,4,3,3,0.9,0.5,True,5.0,unigram,avg_negative_log,0.2231,,10,,241,36,449,0.05175195942830797
1.0,0.0,0.0,0.0,unseen_data,SKAB,dirichlet_smoothing_fold_4,123,4,3,3,0.9,0.5,True,5.0,unigram,avg_negative_log,0.2231,,10,,241,36,449,0.05175195942830797
0.33605072463768115,0.17125984251968504,0.21804511278195488,0.1918412348401323,original,SKAB,dirichlet_smoothing_fold_4,2026,4,3,3,0.9,0.5,True,5.0,unigram,avg_negative_log,0.2231,,10,,241,36,449,0.05175195942830797
0.31521739130434784,0.15204678362573099,0.19548872180451127,0.17105263157894737,gaussian_noise,SKAB,dirichlet_smoothing_fold_4,2026,4,3,3,0.9,0.5,True,5.0,unigram,avg_negative_log,0.2231,,10,,241,36,449,0.05175195942830797
1.0,0.0,0.0,0.0,unseen_data,SKAB,dirichlet_smoothing_fold_4,2026,4,3,3,0.9,0.5,True,5.0,unigram,avg_negative_log,0.2231,,10,,241,36,449,0.05175195942830797
0.33605072463768115,0.17125984251968504,0.21804511278195488,0.1918412348401323,original,SKAB,dirichlet_smoothing_fold_4,7,4,3,3,0.9,0.5,True,5.0,unigram,avg_negative_log,0.2231,,10,,241,36,449,0.05175195942830797
0.34148550724637683,0.172,0.21553884711779447,0.19132369299221358,gaussian_noise,SKAB,dirichlet_smoothing_fold_4,7,4,3,3,0.9,0.5,True,5.0,unigram,avg_negative_log,0.2231,,10,,241,36,449,0.05175195942830797
1.0,0.0,0.0,0.0,unseen_data,SKAB,dirichlet_smoothing_fold_4,7,4,3,3,0.9,0.5,True,5.0,unigram,avg_negative_log,0.2231,,10,,241,36,449,0.05175195942830797
0.33605072463768115,0.17125984251968504,0.21804511278195488,0.1918412348401323,original,SKAB,dirichlet_smoothing_fold_4,999,4,3,3,0.9,0.5,True,5.0,unigram,avg_negative_log,0.2231,,10,,241,36,449,0.05175195942830797
0.3197463768115942,0.16539923954372623,0.21804511278195488,0.1881081081081081,gaussian_noise,SKAB,dirichlet_smoothing_fold_4,999,4,3,3,0.9,0.5,True,5.0,unigram,avg_negative_log,0.2231,,10,,241,36,449,0.05175195942830797
1.0,0.0,0.0,0.0,unseen_data,SKAB,dirichlet_smoothing_fold_4,999,4,3,3,0.9,0.5,True,5.0,unigram,avg_negative_log,0.2231,,10,,241,36,449,0.05175195942830797
0.5897435897435898,0.46153846153846156,0.9774436090225563,0.6270096463022508,original,SKAB,dirichlet_smoothing_fold_5,42,4,3,3,0.9,0.5,True,5.0,unigram,avg_negative_log,0.2231,,10,,225,36,389,0.048024691358024695
0.5809018567639257,0.45603751465416176,0.974937343358396,0.6214057507987221,gaussian_noise,SKAB,dirichlet_smoothing_fold_5,42,4,3,3,0.9,0.5,True,5.0,unigram,avg_negative_log,0.2231,,10,,225,36,389,0.048024691358024695
0.7391304347826086,0.7142857142857143,1.0,0.8333333333333334,unseen_data,SKAB,dirichlet_smoothing_fold_5,42,4,3,3,0.9,0.5,True,5.0,unigram,avg_negative_log,0.2231,,10,,225,36,389,0.048024691358024695
0.5897435897435898,0.46153846153846156,0.9774436090225563,0.6270096463022508,original,SKAB,dirichlet_smoothing_fold_5,123,4,3,3,0.9,0.5,True,5.0,unigram,avg_negative_log,0.2231,,10,,225,36,389,0.048024691358024695
0.5800176834659593,0.4537712895377129,0.9348370927318296,0.6109746109746109,gaussian_noise,SKAB,dirichlet_smoothing_fold_5,123,4,3,3,0.9,0.5,True,5.0,unigram,avg_negative_log,0.2231,,10,,225,36,389,0.048024691358024695
0.7391304347826086,0.7142857142857143,1.0,0.8333333333333334,unseen_data,SKAB,dirichlet_smoothing_fold_5,123,4,3,3,0.9,0.5,True,5.0,unigram,avg_negative_log,0.2231,,10,,225,36,389,0.048024691358024695
0.5897435897435898,0.46153846153846156,0.9774436090225563,0.6270096463022508,original,SKAB,dirichlet_smoothing_fold_5,2026,4,3,3,0.9,0.5,True,5.0,unigram,avg_negative_log,0.2231,,10,,225,36,389,0.048024691358024695
0.5959328028293546,0.4657210401891253,0.9874686716791979,0.6329317269076306,gaussian_noise,SKAB,dirichlet_smoothing_fold_5,2026,4,3,3,0.9,0.5,True,5.0,unigram,avg_negative_log,0.2231,,10,,225,36,389,0.048024691358024695
0.7391304347826086,0.7142857142857143,1.0,0.8333333333333334,unseen_data,SKAB,dirichlet_smoothing_fold_5,2026,4,3,3,0.9,0.5,True,5.0,unigram,avg_negative_log,0.2231,,10,,225,36,389,0.048024691358024695
0.5897435897435898,0.46153846153846156,0.9774436090225563,0.6270096463022508,original,SKAB,dirichlet_smoothing_fold_5,7,4,3,3,0.9,0.5,True,5.0,unigram,avg_negative_log,0.2231,,10,,225,36,389,0.048024691358024695
0.5711759504862953,0.4492924528301887,0.9548872180451128,0.6110665597433841,gaussian_noise,SKAB,dirichlet_smoothing_fold_5,7,4,3,3,0.9,0.5,True,5.0,unigram,avg_negative_log,0.2231,,10,,225,36,389,0.048024691358024695
0.7391304347826086,0.7142857142857143,1.0,0.8333333333333334,unseen_data,SKAB,dirichlet_smoothing_fold_5,7,4,3,3,0.9,0.5,True,5.0,unigram,avg_negative_log,0.2231,,10,,225,36,389,0.048024691358024695
0.5897435897435898,0.46153846153846156,0.9774436090225563,0.6270096463022508,original,SKAB,dirichlet_smoothing_fold_5,999,4,3,3,0.9,0.5,True,5.0,unigram,avg_negative_log,0.2231,,10,,225,36,389,0.048024691358024695
0.5667550839964633,0.4460260972716489,0.9423558897243107,0.605475040257649,gaussian_noise,SKAB,dirichlet_smoothing_fold_5,999,4,3,3,0.9,0.5,True,5.0,unigram,avg_negative_log,0.2231,,10,,225,36,389,0.048024691358024695
0.7391304347826086,0.7142857142857143,1.0,0.8333333333333334,unseen_data,SKAB,dirichlet_smoothing_fold_5,999,4,3,3,0.9,0.5,True,5.0,unigram,avg_negative_log,0.2231,,10,,225,36,389,0.048024691358024695
0.699020480854853,0.7647058823529411,0.22693266832917705,0.35,original,SKAB,dirichlet_smoothing_fold_1,42,4,3,3,0.9,0.5,True,0.01,backoff,avg_negative_log,0.2231,,10,,225,35,400,0.050793650793650794
0.6963490650044524,0.7205882352941176,0.24438902743142144,0.3649906890130354,gaussian_noise,SKAB,dirichlet_smoothing_fold_1,42,4,3,3,0.9,0.5,True,0.01,backoff,avg_negative_log,0.2231,,10,,225,35,400,0.050793650793650794
0.0,0.0,0.0,0.0,unseen_data,SKAB,dirichlet_smoothing_fold_1,42,4,3,3,0.9,0.5,True,0.01,backoff,avg_negative_log,0.2231,,10,,225,35,400,0.050793650793650794
0.699020480854853,0.7647058823529411,0.22693266832917705,0.35,original,SKAB,dirichlet_smoothing_fold_1,123,4,3,3,0.9,0.5,True,0.01,backoff,avg_negative_log,0.2231,,10,,225,35,400,0.050793650793650794
0.6945681211041852,0.7543859649122807,0.2144638403990025,0.3339805825242718,gaussian_noise,SKAB,dirichlet_smoothing_fold_1,123,4,3,3,0.9,0.5,True,0.01,backoff,avg_negative_log,0.2231,,10,,225,35,400,0.050793650793650794
0.0,0.0,0.0,0.0,unseen_data,SKAB,dirichlet_smoothing_fold_1,123,4,3,3,0.9,0.5,True,0.01,backoff,avg_negative_log,0.2231,,10,,225,35,400,0.050793650793650794
0.699020480854853,0.7647058823529411,0.22693266832917705,0.35,original,SKAB,dirichlet_smoothing_fold_1,2026,4,3,3,0.9,0.5,True,0.01,backoff,avg_negative_log,0.2231,,10,,225,35,400,0.050793650793650794
0.680320569902048,0.6521739130434783,0.22443890274314215,0.3339517625231911,gaussian_noise,SKAB,dirichlet_smoothing_fold_1,2026,4,3,3,0.9,0.5,True,0.01,backoff,avg_negative_log,0.2231,,10,,225,35,400,0.050793650793650794
0.0,0.0,0.0,0.0,unseen_data,SKAB,dirichlet_smoothing_fold_1,2026,4,3,3,0.9,0.5,True,0.01,backoff,avg_negative_log,0.2231,,10,,225,35,400,0.050793650793650794
0.699020480854853,0.7647058823529411,0.22693266832917705,0.35,original,SKAB,dirichlet_smoothing_fold_1,7,4,3,3,0.9,0.5,True,0.01,backoff,avg_negative_log,0.2231,,10,,225,35,400,0.050793650793650794
0.6901157613535174,0.7054263565891473,0.22693266832917705,0.3433962264150943,gaussian_noise,SKAB,dirichlet_smoothing_fold_1,7,4,3,3,0.9,0.5,True,0.01,backoff,avg_negative_log,0.2231,,10,,225,35,400,0.050793650793650794
0.0,0.0,0.0,0.0,unseen_data,SKAB,dirichlet_smoothing_fold_1,7,4,3,3,0.9,0.5,True,0.01,backoff,avg_negative_log,0.2231,,10,,225,35,400,0.050793650793650794
0.699020480854853,0.7647058823529411,0.22693266832917705,0.35,original,SKAB,dirichlet_smoothing_fold_1,999,4,3,3,0.9,0.5,True,0.01,backoff,avg_negative_log,0.2231,,10,,225,35,400,0.050793650793650794
0.6936776491540516,0.7522123893805309,0.2119700748129676,0.33073929961089493,gaussian_noise,SKAB,dirichlet_smoothing_fold_1,999,4,3,3,0.9,0.5,True,0.01,backoff,avg_negative_log,0.2231,,10,,225,35,400,0.050793650793650794
0.0,0.0,0.0,0.0,unseen_data,SKAB,dirichlet_smoothing_fold_1,999,4,3,3,0.9,0.5,True,0.01,backoff,avg_negative_log,0.2231,,10,,225,35,400,0.050793650793650794
0.7551385165326184,0.6254901960784314,0.7935323383084577,0.6995614035087719,original,SKAB,dirichlet_smoothing_fold_2,42,4,3,3,0.9,0.5,True,0.01,backoff,avg_negative_log,0.2231,,10,,234,34,438,0.05505279034690799
0.7667560321715817,0.6396039603960396,0.8034825870646766,0.7122381477398015,gaussian_noise,SKAB,dirichlet_smoothing_fold_2,42,4,3,3,0.9,0.5,True,0.01,backoff,avg_negative_log,0.2231,,10,,234,34,438,0.05505279034690799
0.0,0.0,0.0,0.0,unseen_data,SKAB,dirichlet_smoothing_fold_2,42,4,3,3,0.9,0.5,True,0.01,backoff,avg_negative_log,0.2231,,10,,234,34,438,0.05505279034690799
0.7551385165326184,0.6254901960784314,0.7935323383084577,0.6995614035087719,original,SKAB,dirichlet_smoothing_fold_2,123,4,3,3,0.9,0.5,True,0.01,backoff,avg_negative_log,0.2231,,10,,234,34,438,0.05505279034690799
0.7649687220732797,0.6349514563106796,0.8134328358208955,0.7131952017448201,gaussian_noise,SKAB,dirichlet_smoothing_fold_2,123,4,3,3,0.9,0.5,True,0.01,backoff,avg_negative_log,0.2231,,10,,234,34,438,0.05505279034690799
0.0,0.0,0.0,0.0,unseen_data,SKAB,dirichlet_smoothing_fold_2,123,4,3,3,0.9,0.5,True,0.01,backoff,avg_negative_log,0.2231,,10,,234,34,438,0.05505279034690799
0.7551385165326184,0.6254901960784314,0.7935323383084577,0.6995614035087719,original,SKAB,dirichlet_smoothing_fold_2,2026,4,3,3,0.9,0.5,True,0.01,backoff,avg_negative_log,0.2231,,10,,234,34,438,0.05505279034690799
0.7596067917783735,0.6266666666666667,0.818407960199005,0.7098166127292341,gaussian_noise,SKAB,dirichlet_smoothing_fold_2,2026,4,3,3,0.9,0.5,True,0.01,backoff,avg_negative_log,0.2231,,10,,234,34,438,0.05505279034690799
0.0,0.0,0.0,0.0,unseen_data,SKAB,dirichlet_smoothing_fold_2,2026,4,3,3,0.9,0.5,True,0.01,backoff,avg_negative_log,0.2231,,10,,234,34,438,0.05505279034690799
0.7551385165326184,0.6254901960784314,0.7935323383084577,0.6995614035087719,original,SKAB,dirichlet_smoothing_fold_2,7,4,3,3,0.9,0.5,True,0.01,backoff,avg_negative_log,0.2231,,10,,234,34,438,0.05505279034690799
0.7640750670241286,0.632183908045977,0.8208955223880597,0.7142857142857143,gaussian_noise,SKAB,dirichlet_smoothing_fold_2,7,4,3,3,0.9,0.5,True,0.01,backoff,avg_negative_log,0.2231,,10,,234,34,438,0.05505279034690799
0.0,0.0,0.0,0.0,unseen_data,SKAB,dirichlet_smoothing_fold_2,7,4,3,3,0.9,0.5,True,0.01,backoff,avg_negative_log,0.2231,,10,,234,34,438,0.05505279034690799
0.7551385165326184,0.6254901960784314,0.7935323383084577,0.6995614035087719,original,SKAB,dirichlet_smoothing_fold_2,999,4,3,3,0.9,0.5,True,0.01,backoff,avg_negative_log,0.2231,,10,,234,34,438,0.05505279034690799
0.7542448614834674,0.62426614481409,0.7935323383084577,0.6987951807228916,gaussian_noise,SKAB,dirichlet_smoothing_fold_2,999,4,3,3,0.9,0.5,True,0.01,backoff,avg_negative_log,0.2231,,10,,234,34,438,0.05505279034690799
0.0,0.0,0.0,0.0,unseen_data,SKAB,dirichlet_smoothing_fold_2,999,4,3,3,0.9,0.5,True,0.01,backoff,avg_negative_log,0.2231,,10,,234,34,438,0.05505279034690799
0.610366398570152,0.4651600753295669,0.6190476190476191,0.5311827956989247,original,SKAB,dirichlet_smoothing_fold_3,42,4,3,3,0.9,0.5,True,0.01,backoff,avg_negative_log,0.2231,,10,,243,37,440,0.048937826715604496
0.613047363717605,0.4675572519083969,0.6140350877192983,0.5308775731310943,gaussian_noise,SKAB,dirichlet_smoothing_fold_3,42,4,3,3,0.9,0.5,True,0.01,backoff,avg_negative_log,0.2231,,10,,243,37,440,0.048937826715604496
1.0,0.0,0.0,0.0,unseen_data,SKAB,dirichlet_smoothing_fold_3,42,4,3,3,0.9,0.5,True,0.01,backoff,avg_negative_log,0.2231,,10,,243,37,440,0.048937826715604496
0.610366398570152,0.4651600753295669,0.6190476190476191,0.5311827956989247,original,SKAB,dirichlet_smoothing_fold_3,123,4,3,3,0.9,0.5,True,0.01,backoff,avg_negative_log,0.2231,,10,,243,37,440,0.048937826715604496
0.6023235031277927,0.4583333333333333,0.6340852130325815,0.5320715036803365,gaussian_noise,SKAB,dirichlet_smoothing_fold_3,123,4,3,3,0.9,0.5,True,0.01,backoff,avg_negative_log,0.2231,,10,,243,37,440,0.048937826715604496
1.0,0.0,0.0,0.0,unseen_data,SKAB,dirichlet_smoothing_fold_3,123,4,3,3,0.9,0.5,True,0.01,backoff,avg_negative_log,0.2231,,10,,243,37,440,0.048937826715604496
0.610366398570152,0.4651600753295669,0.6190476190476191,0.5311827956989247,original,SKAB,dirichlet_smoothing_fold_3,2026,4,3,3,0.9,0.5,True,0.01,backoff,avg_negative_log,0.2231,,10,,243,37,440,0.048937826715604496
0.6157283288650581,0.4719710669077758,0.6541353383458647,0.5483193277310925,gaussian_noise,SKAB,dirichlet_smoothing_fold_3,2026,4,3,3,0.9,0.5,True,0.01,backoff,avg_negative_log,0.2231,,10,,243,37,440,0.048937826715604496
1.0,0.0,0.0,0.0,unseen_data,SKAB,dirichlet_smoothing_fold_3,2026,4,3,3,0.9,0.5,True,0.01,backoff,avg_negative_log,0.2231,,10,,243,37,440,0.048937826715604496
0.610366398570152,0.4651600753295669,0.6190476190476191,0.5311827956989247,original,SKAB,dirichlet_smoothing_fold_3,7,4,3,3,0.9,0.5,True,0.01,backoff,avg_negative_log,0.2231,,10,,243,37,440,0.048937826715604496
0.6219839142091153,0.47833935018050544,0.6641604010025063,0.5561385099685204,gaussian_noise,SKAB,dirichlet_smoothing_fold_3,7,4,3,3,0.9,0.5,True,0.01,backoff,avg_negative_log,0.2231,,10,,243,37,440,0.048937826715604496
1.0,0.0,0.0,0.0,unseen_data,SKAB,dirichlet_smoothing_fold_3,7,4,3,3,0.9,0.5,True,0.01,backoff,avg_negative_log,0.2231,,10,,243,37,440,0.048937826715604496
0.610366398570152,0.4651600753295669,0.6190476190476191,0.5311827956989247,original,SKAB,dirichlet_smoothing_fold_3,999,4,3,3,0.9,0.5,True,0.01,backoff,avg_negative_log,0.2231,,10,,243,37,440,0.048937826715604496
0.6032171581769437,0.45871559633027525,0.6265664160401002,0.5296610169491526,gaussian_noise,SKAB,dirichlet_smoothing_fold_3,999,4,3,3,0.9,0.5,True,0.01,backoff,avg_negative_log,0.2231,,10,,243,37,440,0.048937826715604496
1.0,0.0,0.0,0.0,unseen_data,SKAB,dirichlet_smoothing_fold_3,999,4,3,3,0.9,0.5,True,0.01,backoff,avg_negative_log,0.2231,,10,,243,37,440,0.048937826715604496
0.3432971014492754,0.16869918699186992,0.20802005012531327,0.186307519640853,original,SKAB,dirichlet_smoothing_fold_4,42,4,3,3,0.9,0.5,True,0.01,backoff,avg_negative_log,0.2231,,10,,241,36,449,0.05175195942830797
0.32518115942028986,0.14979757085020243,0.18546365914786966,0.16573348264277715,gaussian_noise,SKAB,dirichlet_smoothing_fold_4,42,4,3,3,0.9,0.5,True,0.01,backoff,avg_negative_log,0.2231,,10,,241,36,449,0.05175195942830797
1.0,0.0,0.0,0.0,unseen_data,SKAB,dirichlet_smoothing_fold_4,42,4,3,3,0.9,0.5,True,0.01,backoff,avg_negative_log,0.2231,,10,,241,36,449,0.05175195942830797
0.3432971014492754,0.16869918699186992,0.20802005012531327,0.186307519640853,original,SKAB,dirichlet_smoothing_fold_4,123,4,3,3,0.9,0.5,True,0.01,backoff,avg_negative_log,0.2231,,10,,241,36,449,0.05175195942830797
0.32518115942028986,0.1483739837398374,0.18295739348370926,0.1638608305274972,gaussian_noise,SKAB,dirichlet_smoothing_fold_4,123,4,3,3,0.9,0.5,True,0.01,backoff,avg_negative_log,0.2231,,10,,241,36,449,0.05175195942830797
1.0,0.0,0.0,0.0,unseen_data,SKAB,dirichlet_smoothing_fold_4,123,4,3,3,0.9,0.5,True,0.01,backoff,avg_negative_log,0.2231,,10,,241,36,449,0.05175195942830797
0.3432971014492754,0.16869918699186992,0.20802005012531327,0.186307519640853,original,SKAB,dirichlet_smoothing_fold_4,2026,4,3,3,0.9,0.5,True,0.01,backoff,avg_negative_log,0.2231,,10,,241,36,449,0.05175195942830797
0.32608695652173914,0.15010141987829614,0.18546365914786966,0.16591928251121077,gaussian_noise,SKAB,dirichlet_smoothing_fold_4,2026,4,3,3,0.9,0.5,True,0.01,backoff,avg_negative_log,0.2231,,10,,241,36,449,0.05175195942830797
1.0,0.0,0.0,0.0,unseen_data,SKAB,dirichlet_smoothing_fold_4,2026,4,3,3,0.9,0.5,True,0.01,backoff,avg_negative_log,0.2231,,10,,241,36,449,0.05175195942830797
0.3432971014492754,0.16869918699186992,0.20802005012531327,0.186307519640853,original,SKAB,dirichlet_smoothing_fold_4,7,4,3,3,0.9,0.5,True,0.01,backoff,avg_negative_log,0.2231,,10,,241,36,449,0.05175195942830797
0.34601449275362317,0.16837782340862423,0.20551378446115287,0.18510158013544017,gaussian_noise,SKAB,dirichlet_smoothing_fold_4,7,4,3,3,0.9,0.5,True,0.01,backoff,avg_negative_log,0.2231,,10,,241,36,449,0.05175195942830797
1.0,0.0,0.0,0.0,unseen_data,SKAB,dirichlet_smoothing_fold_4,7,4,3,3,0.9,0.5,True,0.01,backoff,avg_negative_log,0.2231,,10,,241,36,449,0.05175195942830797
0.3432971014492754,0.16869918699186992,0.20802005012531327,0.186307519640853,original,SKAB,dirichlet_smoothing_fold_4,999,4,3,3,0.9,0.5,True,0.01,backoff,avg_negative_log,0.2231,,10,,241,36,449,0.05175195942830797
0.3278985507246377,0.16306483300589392,0.20802005012531327,0.1828193832599119,gaussian_noise,SKAB,dirichlet_smoothing_fold_4,999,4,3,3,0.9,0.5,True,0.01,backoff,avg_negative_log,0.2231,,10,,241,36,449,0.05175195942830797
1.0,0.0,0.0,0.0,unseen_data,SKAB,dirichlet_smoothing_fold_4,999,4,3,3,0.9,0.5,True,0.01,backoff,avg_negative_log,0.2231,,10,,241,36,449,0.05175195942830797
0.5977011494252874,0.4656019656019656,0.949874686716792,0.6248969497114591,original,SKAB,dirichlet_smoothing_fold_5,42,4,3,3,0.9,0.5,True,0.01,backoff,avg_negative_log,0.2231,,10,,225,36,389,0.048024691358024695
0.5932802829354553,0.4625766871165644,0.9448621553884712,0.6210873146622735,gaussian_noise,SKAB,dirichlet_smoothing_fold_5,42,4,3,3,0.9,0.5,True,0.01,backoff,avg_negative_log,0.2231,,10,,225,36,389,0.048024691358024695
0.7391304347826086,0.7142857142857143,1.0,0.8333333333333334,unseen_data,SKAB,dirichlet_smoothing_fold_5,42,4,3,3,0.9,0.5,True,0.01,backoff,avg_negative_log,0.2231,,10,,225,36,389,0.048024691358024695
0.5977011494252874,0.4656019656019656,0.949874686716792,0.6248969497114591,original,SKAB,dirichlet_smoothing_fold_5,123,4,3,3,0.9,0.5,True,0.01,backoff,avg_negative_log,0.2231,,10,,225,36,389,0.048024691358024695
0.5915119363395226,0.45987261146496816,0.9047619047619048,0.6097972972972973,gaussian_noise,SKAB,dirichlet_smoothing_fold_5,123,4,3,3,0.9,0.5,True,0.01,backoff,avg_negative_log,0.2231,,10,,225,36,389,0.048024691358024695
0.7391304347826086,0.7142857142857143,1.0,0.8333333333333334,unseen_data,SKAB,dirichlet_smoothing_fold_5,123,4,3,3,0.9,0.5,True,0.01,backoff,avg_negative_log,0.2231,,10,,225,36,389,0.048024691358024695
0.5977011494252874,0.4656019656019656,0.949874686716792,0.6248969497114591,original,SKAB,dirichlet_smoothing_fold_5,2026,4,3,3,0.9,0.5,True,0.01,backoff,avg_negative_log,0.2231,,10,,225,36,389,0.048024691358024695
0.6074270557029178,0.4722564734895191,0.9598997493734336,0.6330578512396694,gaussian_noise,SKAB,dirichlet_smoothing_fold_5,2026,4,3,3,0.9,0.5,True,0.01,backoff,avg_negative_log,0.2231,,10,,225,36,389,0.048024691358024695
0.7391304347826086,0.7142857142857143,1.0,0.8333333333333334,unseen_data,SKAB,dirichlet_smoothing_fold_5,2026,4,3,3,0.9,0.5,True,0.01,backoff,avg_negative_log,0.2231,,10,,225,36,389,0.048024691358024695
0.5977011494252874,0.4656019656019656,0.949874686716792,0.6248969497114591,original,SKAB,dirichlet_smoothing_fold_5,7,4,3,3,0.9,0.5,True,0.01,backoff,avg_negative_log,0.2231,,10,,225,36,389,0.048024691358024695
0.5826702033598585,0.4554334554334554,0.9348370927318296,0.6124794745484401,gaussian_noise,SKAB,dirichlet_smoothing_fold_5,7,4,3,3,0.9,0.5,True,0.01,backoff,avg_negative_log,0.2231,,10,,225,36,389,0.048024691358024695
0.7391304347826086,0.7142857142857143,1.0,0.8333333333333334,unseen_data,SKAB,dirichlet_smoothing_fold_5,7,4,3,3,0.9,0.5,True,0.01,backoff,avg_negative_log,0.2231,,10,,225,36,389,0.048024691358024695
0.5977011494252874,0.4656019656019656,0.949874686716792,0.6248969497114591,original,SKAB,dirichlet_smoothing_fold_5,999,4,3,3,0.9,0.5,True,0.01,backoff,avg_negative_log,0.2231,,10,,225,36,389,0.048024691358024695
0.5747126436781609,0.44938271604938274,0.9122807017543859,0.6021505376344086,gaussian_noise,SKAB,dirichlet_smoothing_fold_5,999,4,3,3,0.9,0.5,True,0.01,backoff,avg_negative_log,0.2231,,10,,225,36,389,0.048024691358024695
0.7391304347826086,0.7142857142857143,1.0,0.8333333333333334,unseen_data,SKAB,dirichlet_smoothing_fold_5,999,4,3,3,0.9,0.5,True,0.01,backoff,avg_negative_log,0.2231,,10,,225,36,389,0.048024691358024695
0.699020480854853,0.7647058823529411,0.22693266832917705,0.35,original,SKAB,dirichlet_smoothing_fold_1,42,4,3,3,0.9,0.5,True,0.05,backoff,avg_negative_log,0.2231,,10,,225,35,400,0.050793650793650794
0.6963490650044524,0.7205882352941176,0.24438902743142144,0.3649906890130354,gaussian_noise,SKAB,dirichlet_smoothing_fold_1,42,4,3,3,0.9,0.5,True,0.05,backoff,avg_negative_log,0.2231,,10,,225,35,400,0.050793650793650794
0.0,0.0,0.0,0.0,unseen_data,SKAB,dirichlet_smoothing_fold_1,42,4,3,3,0.9,0.5,True,0.05,backoff,avg_negative_log,0.2231,,10,,225,35,400,0.050793650793650794
0.699020480854853,0.7647058823529411,0.22693266832917705,0.35,original,SKAB,dirichlet_smoothing_fold_1,123,4,3,3,0.9,0.5,True,0.05,backoff,avg_negative_log,0.2231,,10,,225,35,400,0.050793650793650794
0.6945681211041852,0.7543859649122807,0.2144638403990025,0.3339805825242718,gaussian_noise,SKAB,dirichlet_smoothing_fold_1,123,4,3,3,0.9,0.5,True,0.05,backoff,avg_negative_log,0.2231,,10,,225,35,400,0.050793650793650794
0.0,0.0,0.0,0.0,unseen_data,SKAB,dirichlet_smoothing_fold_1,123,4,3,3,0.9,0.5,True,0.05,backoff,avg_negative_log,0.2231,,10,,225,35,400,0.050793650793650794
0.699020480854853,0.7647058823529411,0.22693266832917705,0.35,original,SKAB,dirichlet_smoothing_fold_1,2026,4,3,3,0.9,0.5,True,0.05,backoff,avg_negative_log,0.2231,,10,,225,35,400,0.050793650793650794
0.680320569902048,0.6521739130434783,0.22443890274314215,0.3339517625231911,gaussian_noise,SKAB,dirichlet_smoothing_fold_1,2026,4,3,3,0.9,0.5,True,0.05,backoff,avg_negative_log,0.2231,,10,,225,35,400,0.050793650793650794
0.0,0.0,0.0,0.0,unseen_data,SKAB,dirichlet_smoothing_fold_1,2026,4,3,3,0.9,0.5,True,0.05,backoff,avg_negative_log,0.2231,,10,,225,35,400,0.050793650793650794
0.699020480854853,0.7647058823529411,0.22693266832917705,0.35,original,SKAB,dirichlet_smoothing_fold_1,7,4,3,3,0.9,0.5,True,0.05,backoff,avg_negative_log,0.2231,,10,,225,35,400,0.050793650793650794
0.6901157613535174,0.7054263565891473,0.22693266832917705,0.3433962264150943,gaussian_noise,SKAB,dirichlet_smoothing_fold_1,7,4,3,3,0.9,0.5,True,0.05,backoff,avg_negative_log,0.2231,,10,,225,35,400,0.050793650793650794
0.0,0.0,0.0,0.0,unseen_data,SKAB,dirichlet_smoothing_fold_1,7,4,3,3,0.9,0.5,True,0.05,backoff,avg_negative_log,0.2231,,10,,225,35,400,0.050793650793650794
0.699020480854853,0.7647058823529411,0.22693266832917705,0.35,original,SKAB,dirichlet_smoothing_fold_1,999,4,3,3,0.9,0.5,True,0.05,backoff,avg_negative_log,0.2231,,10,,225,35,400,0.050793650793650794
0.6936776491540516,0.7522123893805309,0.2119700748129676,0.33073929961089493,gaussian_noise,SKAB,dirichlet_smoothing_fold_1,999,4,3,3,0.9,0.5,True,0.05,backoff,avg_negative_log,0.2231,,10,,225,35,400,0.050793650793650794
0.0,0.0,0.0,0.0,unseen_data,SKAB,dirichlet_smoothing_fold_1,999,4,3,3,0.9,0.5,True,0.05,backoff,avg_negative_log,0.2231,,10,,225,35,400,0.050793650793650794
0.7551385165326184,0.6254901960784314,0.7935323383084577,0.6995614035087719,original,SKAB,dirichlet_smoothing_fold_2,42,4,3,3,0.9,0.5,True,0.05,backoff,avg_negative_log,0.2231,,10,,234,34,438,0.05505279034690799
0.7667560321715817,0.6396039603960396,0.8034825870646766,0.7122381477398015,gaussian_noise,SKAB,dirichlet_smoothing_fold_2,42,4,3,3,0.9,0.5,True,0.05,backoff,avg_negative_log,0.2231,,10,,234,34,438,0.05505279034690799
0.0,0.0,0.0,0.0,unseen_data,SKAB,dirichlet_smoothing_fold_2,42,4,3,3,0.9,0.5,True,0.05,backoff,avg_negative_log,0.2231,,10,,234,34,438,0.05505279034690799
0.7551385165326184,0.6254901960784314,0.7935323383084577,0.6995614035087719,original,SKAB,dirichlet_smoothing_fold_2,123,4,3,3,0.9,0.5,True,0.05,backoff,avg_negative_log,0.2231,,10,,234,34,438,0.05505279034690799
0.7649687220732797,0.6349514563106796,0.8134328358208955,0.7131952017448201,gaussian_noise,SKAB,dirichlet_smoothing_fold_2,123,4,3,3,0.9,0.5,True,0.05,backoff,avg_negative_log,0.2231,,10,,234,34,438,0.05505279034690799
0.0,0.0,0.0,0.0,unseen_data,SKAB,dirichlet_smoothing_fold_2,123,4,3,3,0.9,0.5,True,0.05,backoff,avg_negative_log,0.2231,,10,,234,34,438,0.05505279034690799
0.7551385165326184,0.6254901960784314,0.7935323383084577,0.6995614035087719,original,SKAB,dirichlet_smoothing_fold_2,2026,4,3,3,0.9,0.5,True,0.05,backoff,avg_negative_log,0.2231,,10,,234,34,438,0.05505279034690799
0.7596067917783735,0.6266666666666667,0.818407960199005,0.7098166127292341,gaussian_noise,SKAB,dirichlet_smoothing_fold_2,2026,4,3,3,0.9,0.5,True,0.05,backoff,avg_negative_log,0.2231,,10,,234,34,438,0.05505279034690799
0.0,0.0,0.0,0.0,unseen_data,SKAB,dirichlet_smoothing_fold_2,2026,4,3,3,0.9,0.5,True,0.05,backoff,avg_negative_log,0.2231,,10,,234,34,438,0.05505279034690799
0.7551385165326184,0.6254901960784314,0.7935323383084577,0.6995614035087719,original,SKAB,dirichlet_smoothing_fold_2,7,4,3,3,0.9,0.5,True,0.05,backoff,avg_negative_log,0.2231,,10,,234,34,438,0.05505279034690799
0.7640750670241286,0.632183908045977,0.8208955223880597,0.7142857142857143,gaussian_noise,SKAB,dirichlet_smoothing_fold_2,7,4,3,3,0.9,0.5,True,0.05,backoff,avg_negative_log,0.2231,,10,,234,34,438,0.05505279034690799
0.0,0.0,0.0,0.0,unseen_data,SKAB,dirichlet_smoothing_fold_2,7,4,3,3,0.9,0.5,True,0.05,backoff,avg_negative_log,0.2231,,10,,234,34,438,0.05505279034690799
0.7551385165326184,0.6254901960784314,0.7935323383084577,0.6995614035087719,original,SKAB,dirichlet_smoothing_fold_2,999,4,3,3,0.9,0.5,True,0.05,backoff,avg_negative_log,0.2231,,10,,234,34,438,0.05505279034690799
0.7542448614834674,0.62426614481409,0.7935323383084577,0.6987951807228916,gaussian_noise,SKAB,dirichlet_smoothing_fold_2,999,4,3,3,0.9,0.5,True,0.05,backoff,avg_negative_log,0.2231,,10,,234,34,438,0.05505279034690799
0.0,0.0,0.0,0.0,unseen_data,SKAB,dirichlet_smoothing_fold_2,999,4,3,3,0.9,0.5,True,0.05,backoff,avg_negative_log,0.2231,,10,,234,34,438,0.05505279034690799
0.610366398570152,0.4651600753295669,0.6190476190476191,0.5311827956989247,original,SKAB,dirichlet_smoothing_fold_3,42,4,3,3,0.9,0.5,True,0.05,backoff,avg_negative_log,0.2231,,10,,243,37,440,0.048937826715604496
0.613047363717605,0.4675572519083969,0.6140350877192983,0.5308775731310943,gaussian_noise,SKAB,dirichlet_smoothing_fold_3,42,4,3,3,0.9,0.5,True,0.05,backoff,avg_negative_log,0.2231,,10,,243,37,440,0.048937826715604496
1.0,0.0,0.0,0.0,unseen_data,SKAB,dirichlet_smoothing_fold_3,42,4,3,3,0.9,0.5,True,0.05,backoff,avg_negative_log,0.2231,,10,,243,37,440,0.048937826715604496
0.610366398570152,0.4651600753295669,0.6190476190476191,0.5311827956989247,original,SKAB,dirichlet_smoothing_fold_3,123,4,3,3,0.9,0.5,True,0.05,backoff,avg_negative_log,0.2231,,10,,243,37,440,0.048937826715604496
0.6023235031277927,0.4583333333333333,0.6340852130325815,0.5320715036803365,gaussian_noise,SKAB,dirichlet_smoothing_fold_3,123,4,3,3,0.9,0.5,True,0.05,backoff,avg_negative_log,0.2231,,10,,243,37,440,0.048937826715604496
1.0,0.0,0.0,0.0,unseen_data,SKAB,dirichlet_smoothing_fold_3,123,4,3,3,0.9,0.5,True,0.05,backoff,avg_negative_log,0.2231,,10,,243,37,440,0.048937826715604496
0.610366398570152,0.4651600753295669,0.6190476190476191,0.5311827956989247,original,SKAB,dirichlet_smoothing_fold_3,2026,4,3,3,0.9,0.5,True,0.05,backoff,avg_negative_log,0.2231,,10,,243,37,440,0.048937826715604496
0.6157283288650581,0.4719710669077758,0.6541353383458647,0.5483193277310925,gaussian_noise,SKAB,dirichlet_smoothing_fold_3,2026,4,3,3,0.9,0.5,True,0.05,backoff,avg_negative_log,0.2231,,10,,243,37,440,0.048937826715604496
1.0,0.0,0.0,0.0,unseen_data,SKAB,dirichlet_smoothing_fold_3,2026,4,3,3,0.9,0.5,True,0.05,backoff,avg_negative_log,0.2231,,10,,243,37,440,0.048937826715604496
0.610366398570152,0.4651600753295669,0.6190476190476191,0.5311827956989247,original,SKAB,dirichlet_smoothing_fold_3,7,4,3,3,0.9,0.5,True,0.05,backoff,avg_negative_log,0.2231,,10,,243,37,440,0.048937826715604496
0.6219839142091153,0.47833935018050544,0.6641604010025063,0.5561385099685204,gaussian_noise,SKAB,dirichlet_smoothing_fold_3,7,4,3,3,0.9,0.5,True,0.05,backoff,avg_negative_log,0.2231,,10,,243,37,440,0.048937826715604496
1.0,0.0,0.0,0.0,unseen_data,SKAB,dirichlet_smoothing_fold_3,7,4,3,3,0.9,0.5,True,0.05,backoff,avg_negative_log,0.2231,,10,,243,37,440,0.048937826715604496
0.610366398570152,0.4651600753295669,0.6190476190476191,0.5311827956989247,original,SKAB,dirichlet_smoothing_fold_3,999,4,3,3,0.9,0.5,True,0.05,backoff,avg_negative_log,0.2231,,10,,243,37,440,0.048937826715604496
0.6032171581769437,0.45871559633027525,0.6265664160401002,0.5296610169491526,gaussian_noise,SKAB,dirichlet_smoothing_fold_3,999,4,3,3,0.9,0.5,True,0.05,backoff,avg_negative_log,0.2231,,10,,243,37,440,0.048937826715604496
1.0,0.0,0.0,0.0,unseen_data,SKAB,dirichlet_smoothing_fold_3,999,4,3,3,0.9,0.5,True,0.05,backoff,avg_negative_log,0.2231,,10,,243,37,440,0.048937826715604496
0.3432971014492754,0.16869918699186992,0.20802005012531327,0.186307519640853,original,SKAB,dirichlet_smoothing_fold_4,42,4,3,3,0.9,0.5,True,0.05,backoff,avg_negative_log,0.2231,,10,,241,36,449,0.05175195942830797
0.32518115942028986,0.14979757085020243,0.18546365914786966,0.16573348264277715,gaussian_noise,SKAB,dirichlet_smoothing_fold_4,42,4,3,3,0.9,0.5,True,0.05,backoff,avg_negative_log,0.2231,,10,,241,36,449,0.05175195942830797
1.0,0.0,0.0,0.0,unseen_data,SKAB,dirichlet_smoothing_fold_4,42,4,3,3,0.9,0.5,True,0.05,backoff,avg_negative_log,0.2231,,10,,241,36,449,0.05175195942830797
0.3432971014492754,0.16869918699186992,0.20802005012531327,0.186307519640853,original,SKAB,dirichlet_smoothing_fold_4,123,4,3,3,0.9,0.5,True,0.05,backoff,avg_negative_log,0.2231,,10,,241,36,449,0.05175195942830797
0.32518115942028986,0.1483739837398374,0.18295739348370926,0.1638608305274972,gaussian_noise,SKAB,dirichlet_smoothing_fold_4,123,4,3,3,0.9,0.5,True,0.05,backoff,avg_negative_log,0.2231,,10,,241,36,449,0.05175195942830797
1.0,0.0,0.0,0.0,unseen_data,SKAB,dirichlet_smoothing_fold_4,123,4,3,3,0.9,0.5,True,0.05,backoff,avg_negative_log,0.2231,,10,,241,36,449,0.05175195942830797
0.3432971014492754,0.16869918699186992,0.20802005012531327,0.186307519640853,original,SKAB,dirichlet_smoothing_fold_4,2026,4,3,3,0.9,0.5,True,0.05,backoff,avg_negative_log,0.2231,,10,,241,36,449,0.05175195942830797
0.32608695652173914,0.15010141987829614,0.18546365914786966,0.16591928251121077,gaussian_noise,SKAB,dirichlet_smoothing_fold_4,2026,4,3,3,0.9,0.5,True,0.05,backoff,avg_negative_log,0.2231,,10,,241,36,449,0.05175195942830797
1.0,0.0,0.0,0.0,unseen_data,SKAB,dirichlet_smoothing_fold_4,2026,4,3,3,0.9,0.5,True,0.05,backoff,avg_negative_log,0.2231,,10,,241,36,449,0.05175195942830797
0.3432971014492754,0.16869918699186992,0.20802005012531327,0.186307519640853,original,SKAB,dirichlet_smoothing_fold_4,7,4,3,3,0.9,0.5,True,0.05,backoff,avg_negative_log,0.2231,,10,,241,36,449,0.05175195942830797
0.34601449275362317,0.16837782340862423,0.20551378446115287,0.18510158013544017,gaussian_noise,SKAB,dirichlet_smoothing_fold_4,7,4,3,3,0.9,0.5,True,0.05,backoff,avg_negative_log,0.2231,,10,,241,36,449,0.05175195942830797
1.0,0.0,0.0,0.0,unseen_data,SKAB,dirichlet_smoothing_fold_4,7,4,3,3,0.9,0.5,True,0.05,backoff,avg_negative_log,0.2231,,10,,241,36,449,0.05175195942830797
0.3432971014492754,0.16869918699186992,0.20802005012531327,0.186307519640853,original,SKAB,dirichlet_smoothing_fold_4,999,4,3,3,0.9,0.5,True,0.05,backoff,avg_negative_log,0.2231,,10,,241,36,449,0.05175195942830797
0.3278985507246377,0.16306483300589392,0.20802005012531327,0.1828193832599119,gaussian_noise,SKAB,dirichlet_smoothing_fold_4,999,4,3,3,0.9,0.5,True,0.05,backoff,avg_negative_log,0.2231,,10,,241,36,449,0.05175195942830797
1.0,0.0,0.0,0.0,unseen_data,SKAB,dirichlet_smoothing_fold_4,999,4,3,3,0.9,0.5,True,0.05,backoff,avg_negative_log,0.2231,,10,,241,36,449,0.05175195942830797
0.5977011494252874,0.4656019656019656,0.949874686716792,0.6248969497114591,original,SKAB,dirichlet_smoothing_fold_5,42,4,3,3,0.9,0.5,True,0.05,backoff,avg_negative_log,0.2231,,10,,225,36,389,0.048024691358024695
0.5932802829354553,0.4625766871165644,0.9448621553884712,0.6210873146622735,gaussian_noise,SKAB,dirichlet_smoothing_fold_5,42,4,3,3,0.9,0.5,True,0.05,backoff,avg_negative_log,0.2231,,10,,225,36,389,0.048024691358024695
0.7391304347826086,0.7142857142857143,1.0,0.8333333333333334,unseen_data,SKAB,dirichlet_smoothing_fold_5,42,4,3,3,0.9,0.5,True,0.05,backoff,avg_negative_log,0.2231,,10,,225,36,389,0.048024691358024695
0.5977011494252874,0.4656019656019656,0.949874686716792,0.6248969497114591,original,SKAB,dirichlet_smoothing_fold_5,123,4,3,3,0.9,0.5,True,0.05,backoff,avg_negative_log,0.2231,,10,,225,36,389,0.048024691358024695
0.5915119363395226,0.45987261146496816,0.9047619047619048,0.6097972972972973,gaussian_noise,SKAB,dirichlet_smoothing_fold_5,123,4,3,3,0.9,0.5,True,0.05,backoff,avg_negative_log,0.2231,,10,,225,36,389,0.048024691358024695
0.7391304347826086,0.7142857142857143,1.0,0.8333333333333334,unseen_data,SKAB,dirichlet_smoothing_fold_5,123,4,3,3,0.9,0.5,True,0.05,backoff,avg_negative_log,0.2231,,10,,225,36,389,0.048024691358024695
0.5977011494252874,0.4656019656019656,0.949874686716792,0.6248969497114591,original,SKAB,dirichlet_smoothing_fold_5,2026,4,3,3,0.9,0.5,True,0.05,backoff,avg_negative_log,0.2231,,10,,225,36,389,0.048024691358024695
0.6074270557029178,0.4722564734895191,0.9598997493734336,0.6330578512396694,gaussian_noise,SKAB,dirichlet_smoothing_fold_5,2026,4,3,3,0.9,0.5,True,0.05,backoff,avg_negative_log,0.2231,,10,,225,36,389,0.048024691358024695
0.7391304347826086,0.7142857142857143,1.0,0.8333333333333334,unseen_data,SKAB,dirichlet_smoothing_fold_5,2026,4,3,3,0.9,0.5,True,0.05,backoff,avg_negative_log,0.2231,,10,,225,36,389,0.048024691358024695
0.5977011494252874,0.4656019656019656,0.949874686716792,0.6248969497114591,original,SKAB,dirichlet_smoothing_fold_5,7,4,3,3,0.9,0.5,True,0.05,backoff,avg_negative_log,0.2231,,10,,225,36,389,0.048024691358024695
0.5826702033598585,0.4554334554334554,0.9348370927318296,0.6124794745484401,gaussian_noise,SKAB,dirichlet_smoothing_fold_5,7,4,3,3,0.9,0.5,True,0.05,backoff,avg_negative_log,0.2231,,10,,225,36,389,0.048024691358024695
0.7391304347826086,0.7142857142857143,1.0,0.8333333333333334,unseen_data,SKAB,dirichlet_smoothing_fold_5,7,4,3,3,0.9,0.5,True,0.05,backoff,avg_negative_log,0.2231,,10,,225,36,389,0.048024691358024695
0.5977011494252874,0.4656019656019656,0.949874686716792,0.6248969497114591,original,SKAB,dirichlet_smoothing_fold_5,999,4,3,3,0.9,0.5,True,0.05,backoff,avg_negative_log,0.2231,,10,,225,36,389,0.048024691358024695
0.5747126436781609,0.44938271604938274,0.9122807017543859,0.6021505376344086,gaussian_noise,SKAB,dirichlet_smoothing_fold_5,999,4,3,3,0.9,0.5,True,0.05,backoff,avg_negative_log,0.2231,,10,,225,36,389,0.048024691358024695
0.7391304347826086,0.7142857142857143,1.0,0.8333333333333334,unseen_data,SKAB,dirichlet_smoothing_fold_5,999,4,3,3,0.9,0.5,True,0.05,backoff,avg_negative_log,0.2231,,10,,225,36,389,0.048024691358024695
0.699020480854853,0.7647058823529411,0.22693266832917705,0.35,original,SKAB,dirichlet_smoothing_fold_1,42,4,3,3,0.9,0.5,True,0.1,backoff,avg_negative_log,0.2231,,10,,225,35,400,0.050793650793650794
0.6963490650044524,0.7205882352941176,0.24438902743142144,0.3649906890130354,gaussian_noise,SKAB,dirichlet_smoothing_fold_1,42,4,3,3,0.9,0.5,True,0.1,backoff,avg_negative_log,0.2231,,10,,225,35,400,0.050793650793650794
0.0,0.0,0.0,0.0,unseen_data,SKAB,dirichlet_smoothing_fold_1,42,4,3,3,0.9,0.5,True,0.1,backoff,avg_negative_log,0.2231,,10,,225,35,400,0.050793650793650794
0.699020480854853,0.7647058823529411,0.22693266832917705,0.35,original,SKAB,dirichlet_smoothing_fold_1,123,4,3,3,0.9,0.5,True,0.1,backoff,avg_negative_log,0.2231,,10,,225,35,400,0.050793650793650794
0.6945681211041852,0.7543859649122807,0.2144638403990025,0.3339805825242718,gaussian_noise,SKAB,dirichlet_smoothing_fold_1,123,4,3,3,0.9,0.5,True,0.1,backoff,avg_negative_log,0.2231,,10,,225,35,400,0.050793650793650794
0.0,0.0,0.0,0.0,unseen_data,SKAB,dirichlet_smoothing_fold_1,123,4,3,3,0.9,0.5,True,0.1,backoff,avg_negative_log,0.2231,,10,,225,35,400,0.050793650793650794
0.699020480854853,0.7647058823529411,0.22693266832917705,0.35,original,SKAB,dirichlet_smoothing_fold_1,2026,4,3,3,0.9,0.5,True,0.1,backoff,avg_negative_log,0.2231,,10,,225,35,400,0.050793650793650794
0.680320569902048,0.6521739130434783,0.22443890274314215,0.3339517625231911,gaussian_noise,SKAB,dirichlet_smoothing_fold_1,2026,4,3,3,0.9,0.5,True,0.1,backoff,avg_negative_log,0.2231,,10,,225,35,400,0.050793650793650794
0.0,0.0,0.0,0.0,unseen_data,SKAB,dirichlet_smoothing_fold_1,2026,4,3,3,0.9,0.5,True,0.1,backoff,avg_negative_log,0.2231,,10,,225,35,400,0.050793650793650794
0.699020480854853,0.7647058823529411,0.22693266832917705,0.35,original,SKAB,dirichlet_smoothing_fold_1,7,4,3,3,0.9,0.5,True,0.1,backoff,avg_negative_log,0.2231,,10,,225,35,400,0.050793650793650794
0.6901157613535174,0.7054263565891473,0.22693266832917705,0.3433962264150943,gaussian_noise,SKAB,dirichlet_smoothing_fold_1,7,4,3,3,0.9,0.5,True,0.1,backoff,avg_negative_log,0.2231,,10,,225,35,400,0.050793650793650794
0.0,0.0,0.0,0.0,unseen_data,SKAB,dirichlet_smoothing_fold_1,7,4,3,3,0.9,0.5,True,0.1,backoff,avg_negative_log,0.2231,,10,,225,35,400,0.050793650793650794
0.699020480854853,0.7647058823529411,0.22693266832917705,0.35,original,SKAB,dirichlet_smoothing_fold_1,999,4,3,3,0.9,0.5,True,0.1,backoff,avg_negative_log,0.2231,,10,,225,35,400,0.050793650793650794
0.6936776491540516,0.7522123893805309,0.2119700748129676,0.33073929961089493,gaussian_noise,SKAB,dirichlet_smoothing_fold_1,999,4,3,3,0.9,0.5,True,0.1,backoff,avg_negative_log,0.2231,,10,,225,35,400,0.050793650793650794
0.0,0.0,0.0,0.0,unseen_data,SKAB,dirichlet_smoothing_fold_1,999,4,3,3,0.9,0.5,True,0.1,backoff,avg_negative_log,0.2231,,10,,225,35,400,0.050793650793650794
0.7551385165326184,0.6254901960784314,0.7935323383084577,0.6995614035087719,original,SKAB,dirichlet_smoothing_fold_2,42,4,3,3,0.9,0.5,True,0.1,backoff,avg_negative_log,0.2231,,10,,234,34,438,0.05505279034690799
0.7667560321715817,0.6396039603960396,0.8034825870646766,0.7122381477398015,gaussian_noise,SKAB,dirichlet_smoothing_fold_2,42,4,3,3,0.9,0.5,True,0.1,backoff,avg_negative_log,0.2231,,10,,234,34,438,0.05505279034690799
0.0,0.0,0.0,0.0,unseen_data,SKAB,dirichlet_smoothing_fold_2,42,4,3,3,0.9,0.5,True,0.1,backoff,avg_negative_log,0.2231,,10,,234,34,438,0.05505279034690799
0.7551385165326184,0.6254901960784314,0.7935323383084577,0.6995614035087719,original,SKAB,dirichlet_smoothing_fold_2,123,4,3,3,0.9,0.5,True,0.1,backoff,avg_negative_log,0.2231,,10,,234,34,438,0.05505279034690799
0.7649687220732797,0.6349514563106796,0.8134328358208955,0.7131952017448201,gaussian_noise,SKAB,dirichlet_smoothing_fold_2,123,4,3,3,0.9,0.5,True,0.1,backoff,avg_negative_log,0.2231,,10,,234,34,438,0.05505279034690799
0.0,0.0,0.0,0.0,unseen_data,SKAB,dirichlet_smoothing_fold_2,123,4,3,3,0.9,0.5,True,0.1,backoff,avg_negative_log,0.2231,,10,,234,34,438,0.05505279034690799
0.7551385165326184,0.6254901960784314,0.7935323383084577,0.6995614035087719,original,SKAB,dirichlet_smoothing_fold_2,2026,4,3,3,0.9,0.5,True,0.1,backoff,avg_negative_log,0.2231,,10,,234,34,438,0.05505279034690799
0.7587131367292225,0.6259541984732825,0.8159203980099502,0.7084233261339092,gaussian_noise,SKAB,dirichlet_smoothing_fold_2,2026,4,3,3,0.9,0.5,True,0.1,backoff,avg_negative_log,0.2231,,10,,234,34,438,0.05505279034690799
0.0,0.0,0.0,0.0,unseen_data,SKAB,dirichlet_smoothing_fold_2,2026,4,3,3,0.9,0.5,True,0.1,backoff,avg_negative_log,0.2231,,10,,234,34,438,0.05505279034690799
0.7551385165326184,0.6254901960784314,0.7935323383084577,0.6995614035087719,original,SKAB,dirichlet_smoothing_fold_2,7,4,3,3,0.9,0.5,True,0.1,backoff,avg_negative_log,0.2231,,10,,234,34,438,0.05505279034690799
0.7631814119749777,0.6314779270633397,0.818407960199005,0.7128927410617552,gaussian_noise,SKAB,dirichlet_smoothing_fold_2,7,4,3,3,0.9,0.5,True,0.1,backoff,avg_negative_log,0.2231,,10,,234,34,438,0.05505279034690799
0.0,0.0,0.0,0.0,unseen_data,SKAB,dirichlet_smoothing_fold_2,7,4,3,3,0.9,0.5,True,0.1,backoff,avg_negative_log,0.2231,,10,,234,34,438,0.05505279034690799
0.7551385165326184,0.6254901960784314,0.7935323383084577,0.6995614035087719,original,SKAB,dirichlet_smoothing_fold_2,999,4,3,3,0.9,0.5,True,0.1,backoff,avg_negative_log,0.2231,,10,,234,34,438,0.05505279034690799
0.7533512064343163,0.6235294117647059,0.7910447761194029,0.6973684210526315,gaussian_noise,SKAB,dirichlet_smoothing_fold_2,999,4,3,3,0.9,0.5,True,0.1,backoff,avg_negative_log,0.2231,,10,,234,34,438,0.05505279034690799
0.0,0.0,0.0,0.0,unseen_data,SKAB,dirichlet_smoothing_fold_2,999,4,3,3,0.9,0.5,True,0.1,backoff,avg_negative_log,0.2231,,10,,234,34,438,0.05505279034690799
0.610366398570152,0.4651600753295669,0.6190476190476191,0.5311827956989247,original,SKAB,dirichlet_smoothing_fold_3,42,4,3,3,0.9,0.5,True,0.1,backoff,avg_negative_log,0.2231,,10,,243,37,440,0.048937826715604496
0.613047363717605,0.4675572519083969,0.6140350877192983,0.5308775731310943,gaussian_noise,SKAB,dirichlet_smoothing_fold_3,42,4,3,3,0.9,0.5,True,0.1,backoff,avg_negative_log,0.2231,,10,,243,37,440,0.048937826715604496
1.0,0.0,0.0,0.0,unseen_data,SKAB,dirichlet_smoothing_fold_3,42,4,3,3,0.9,0.5,True,0.1,backoff,avg_negative_log,0.2231,,10,,243,37,440,0.048937826715604496
0.610366398570152,0.4651600753295669,0.6190476190476191,0.5311827956989247,original,SKAB,dirichlet_smoothing_fold_3,123,4,3,3,0.9,0.5,True,0.1,backoff,avg_negative_log,0.2231,,10,,243,37,440,0.048937826715604496
0.6023235031277927,0.4583333333333333,0.6340852130325815,0.5320715036803365,gaussian_noise,SKAB,dirichlet_smoothing_fold_3,123,4,3,3,0.9,0.5,True,0.1,backoff,avg_negative_log,0.2231,,10,,243,37,440,0.048937826715604496
1.0,0.0,0.0,0.0,unseen_data,SKAB,dirichlet_smoothing_fold_3,123,4,3,3,0.9,0.5,True,0.1,backoff,avg_negative_log,0.2231,,10,,243,37,440,0.048937826715604496
0.610366398570152,0.4651600753295669,0.6190476190476191,0.5311827956989247,original,SKAB,dirichlet_smoothing_fold_3,2026,4,3,3,0.9,0.5,True,0.1,backoff,avg_negative_log,0.2231,,10,,243,37,440,0.048937826715604496
0.6157283288650581,0.4719710669077758,0.6541353383458647,0.5483193277310925,gaussian_noise,SKAB,dirichlet_smoothing_fold_3,2026,4,3,3,0.9,0.5,True,0.1,backoff,avg_negative_log,0.2231,,10,,243,37,440,0.048937826715604496
1.0,0.0,0.0,0.0,unseen_data,SKAB,dirichlet_smoothing_fold_3,2026,4,3,3,0.9,0.5,True,0.1,backoff,avg_negative_log,0.2231,,10,,243,37,440,0.048937826715604496
0.610366398570152,0.4651600753295669,0.6190476190476191,0.5311827956989247,original,SKAB,dirichlet_smoothing_fold_3,7,4,3,3,0.9,0.5,True,0.1,backoff,avg_negative_log,0.2231,,10,,243,37,440,0.048937826715604496
0.6219839142091153,0.47833935018050544,0.6641604010025063,0.5561385099685204,gaussian_noise,SKAB,dirichlet_smoothing_fold_3,7,4,3,3,0.9,0.5,True,0.1,backoff,avg_negative_log,0.2231,,10,,243,37,440,0.048937826715604496
1.0,0.0,0.0,0.0,unseen_data,SKAB,dirichlet_smoothing_fold_3,7,4,3,3,0.9,0.5,True,0.1,backoff,avg_negative_log,0.2231,,10,,243,37,440,0.048937826715604496
0.610366398570152,0.4651600753295669,0.6190476190476191,0.5311827956989247,original,SKAB,dirichlet_smoothing_fold_3,999,4,3,3,0.9,0.5,True,0.1,backoff,avg_negative_log,0.2231,,10,,243,37,440,0.048937826715604496
0.6032171581769437,0.45871559633027525,0.6265664160401002,0.5296610169491526,gaussian_noise,SKAB,dirichlet_smoothing_fold_3,999,4,3,3,0.9,0.5,True,0.1,backoff,avg_negative_log,0.2231,,10,,243,37,440,0.048937826715604496
1.0,0.0,0.0,0.0,unseen_data,SKAB,dirichlet_smoothing_fold_3,999,4,3,3,0.9,0.5,True,0.1,backoff,avg_negative_log,0.2231,,10,,243,37,440,0.048937826715604496
0.3432971014492754,0.16869918699186992,0.20802005012531327,0.186307519640853,original,SKAB,dirichlet_smoothing_fold_4,42,4,3,3,0.9,0.5,True,0.1,backoff,avg_negative_log,0.2231,,10,,241,36,449,0.05175195942830797
0.32518115942028986,0.14979757085020243,0.18546365914786966,0.16573348264277715,gaussian_noise,SKAB,dirichlet_smoothing_fold_4,42,4,3,3,0.9,0.5,True,0.1,backoff,avg_negative_log,0.2231,,10,,241,36,449,0.05175195942830797
1.0,0.0,0.0,0.0,unseen_data,SKAB,dirichlet_smoothing_fold_4,42,4,3,3,0.9,0.5,True,0.1,backoff,avg_negative_log,0.2231,,10,,241,36,449,0.05175195942830797
0.3432971014492754,0.16869918699186992,0.20802005012531327,0.186307519640853,original,SKAB,dirichlet_smoothing_fold_4,123,4,3,3,0.9,0.5,True,0.1,backoff,avg_negative_log,0.2231,,10,,241,36,449,0.05175195942830797
0.32518115942028986,0.1483739837398374,0.18295739348370926,0.1638608305274972,gaussian_noise,SKAB,dirichlet_smoothing_fold_4,123,4,3,3,0.9,0.5,True,0.1,backoff,avg_negative_log,0.2231,,10,,241,36,449,0.05175195942830797
1.0,0.0,0.0,0.0,unseen_data,SKAB,dirichlet_smoothing_fold_4,123,4,3,3,0.9,0.5,True,0.1,backoff,avg_negative_log,0.2231,,10,,241,36,449,0.05175195942830797
0.3432971014492754,0.16869918699186992,0.20802005012531327,0.186307519640853,original,SKAB,dirichlet_smoothing_fold_4,2026,4,3,3,0.9,0.5,True,0.1,backoff,avg_negative_log,0.2231,,10,,241,36,449,0.05175195942830797
0.32608695652173914,0.15010141987829614,0.18546365914786966,0.16591928251121077,gaussian_noise,SKAB,dirichlet_smoothing_fold_4,2026,4,3,3,0.9,0.5,True,0.1,backoff,avg_negative_log,0.2231,,10,,241,36,449,0.05175195942830797
1.0,0.0,0.0,0.0,unseen_data,SKAB,dirichlet_smoothing_fold_4,2026,4,3,3,0.9,0.5,True,0.1,backoff,avg_negative_log,0.2231,,10,,241,36,449,0.05175195942830797
0.3432971014492754,0.16869918699186992,0.20802005012531327,0.186307519640853,original,SKAB,dirichlet_smoothing_fold_4,7,4,3,3,0.9,0.5,True,0.1,backoff,avg_negative_log,0.2231,,10,,241,36,449,0.05175195942830797
0.34601449275362317,0.16837782340862423,0.20551378446115287,0.18510158013544017,gaussian_noise,SKAB,dirichlet_smoothing_fold_4,7,4,3,3,0.9,0.5,True,0.1,backoff,avg_negative_log,0.2231,,10,,241,36,449,0.05175195942830797
1.0,0.0,0.0,0.0,unseen_data,SKAB,dirichlet_smoothing_fold_4,7,4,3,3,0.9,0.5,True,0.1,backoff,avg_negative_log,0.2231,,10,,241,36,449,0.05175195942830797
0.3432971014492754,0.16869918699186992,0.20802005012531327,0.186307519640853,original,SKAB,dirichlet_smoothing_fold_4,999,4,3,3,0.9,0.5,True,0.1,backoff,avg_negative_log,0.2231,,10,,241,36,449,0.05175195942830797
0.3278985507246377,0.16306483300589392,0.20802005012531327,0.1828193832599119,gaussian_noise,SKAB,dirichlet_smoothing_fold_4,999,4,3,3,0.9,0.5,True,0.1,backoff,avg_negative_log,0.2231,,10,,241,36,449,0.05175195942830797
1.0,0.0,0.0,0.0,unseen_data,SKAB,dirichlet_smoothing_fold_4,999,4,3,3,0.9,0.5,True,0.1,backoff,avg_negative_log,0.2231,,10,,241,36,449,0.05175195942830797
0.5977011494252874,0.4656019656019656,0.949874686716792,0.6248969497114591,original,SKAB,dirichlet_smoothing_fold_5,42,4,3,3,0.9,0.5,True,0.1,backoff,avg_negative_log,0.2231,,10,,225,36,389,0.048024691358024695
0.5932802829354553,0.4625766871165644,0.9448621553884712,0.6210873146622735,gaussian_noise,SKAB,dirichlet_smoothing_fold_5,42,4,3,3,0.9,0.5,True,0.1,backoff,avg_negative_log,0.2231,,10,,225,36,389,0.048024691358024695
0.7391304347826086,0.7142857142857143,1.0,0.8333333333333334,unseen_data,SKAB,dirichlet_smoothing_fold_5,42,4,3,3,0.9,0.5,True,0.1,backoff,avg_negative_log,0.2231,,10,,225,36,389,0.048024691358024695
0.5977011494252874,0.4656019656019656,0.949874686716792,0.6248969497114591,original,SKAB,dirichlet_smoothing_fold_5,123,4,3,3,0.9,0.5,True,0.1,backoff,avg_negative_log,0.2231,,10,,225,36,389,0.048024691358024695
0.5915119363395226,0.45987261146496816,0.9047619047619048,0.6097972972972973,gaussian_noise,SKAB,dirichlet_smoothing_fold_5,123,4,3,3,0.9,0.5,True,0.1,backoff,avg_negative_log,0.2231,,10,,225,36,389,0.048024691358024695
0.7391304347826086,0.7142857142857143,1.0,0.8333333333333334,unseen_data,SKAB,dirichlet_smoothing_fold_5,123,4,3,3,0.9,0.5,True,0.1,backoff,avg_negative_log,0.2231,,10,,225,36,389,0.048024691358024695
0.5977011494252874,0.4656019656019656,0.949874686716792,0.6248969497114591,original,SKAB,dirichlet_smoothing_fold_5,2026,4,3,3,0.9,0.5,True,0.1,backoff,avg_negative_log,0.2231,,10,,225,36,389,0.048024691358024695
0.6074270557029178,0.4722564734895191,0.9598997493734336,0.6330578512396694,gaussian_noise,SKAB,dirichlet_smoothing_fold_5,2026,4,3,3,0.9,0.5,True,0.1,backoff,avg_negative_log,0.2231,,10,,225,36,389,0.048024691358024695
0.7391304347826086,0.7142857142857143,1.0,0.8333333333333334,unseen_data,SKAB,dirichlet_smoothing_fold_5,2026,4,3,3,0.9,0.5,True,0.1,backoff,avg_negative_log,0.2231,,10,,225,36,389,0.048024691358024695
0.5977011494252874,0.4656019656019656,0.949874686716792,0.6248969497114591,original,SKAB,dirichlet_smoothing_fold_5,7,4,3,3,0.9,0.5,True,0.1,backoff,avg_negative_log,0.2231,,10,,225,36,389,0.048024691358024695
0.5826702033598585,0.4554334554334554,0.9348370927318296,0.6124794745484401,gaussian_noise,SKAB,dirichlet_smoothing_fold_5,7,4,3,3,0.9,0.5,True,0.1,backoff,avg_negative_log,0.2231,,10,,225,36,389,0.048024691358024695
0.7391304347826086,0.7142857142857143,1.0,0.8333333333333334,unseen_data,SKAB,dirichlet_smoothing_fold_5,7,4,3,3,0.9,0.5,True,0.1,backoff,avg_negative_log,0.2231,,10,,225,36,389,0.048024691358024695
0.5977011494252874,0.4656019656019656,0.949874686716792,0.6248969497114591,original,SKAB,dirichlet_smoothing_fold_5,999,4,3,3,0.9,0.5,True,0.1,backoff,avg_negative_log,0.2231,,10,,225,36,389,0.048024691358024695
0.5747126436781609,0.44938271604938274,0.9122807017543859,0.6021505376344086,gaussian_noise,SKAB,dirichlet_smoothing_fold_5,999,4,3,3,0.9,0.5,True,0.1,backoff,avg_negative_log,0.2231,,10,,225,36,389,0.048024691358024695
0.7391304347826086,0.7142857142857143,1.0,0.8333333333333334,unseen_data,SKAB,dirichlet_smoothing_fold_5,999,4,3,3,0.9,0.5,True,0.1,backoff,avg_negative_log,0.2231,,10,,225,36,389,0.048024691358024695
0.6999109528049866,0.7711864406779662,0.22693266832917705,0.35067437379576105,original,SKAB,dirichlet_smoothing_fold_1,42,4,3,3,0.9,0.5,True,0.5,backoff,avg_negative_log,0.2231,,10,,225,35,400,0.050793650793650794
0.697239536954586,0.725925925925926,0.24438902743142144,0.3656716417910448,gaussian_noise,SKAB,dirichlet_smoothing_fold_1,42,4,3,3,0.9,0.5,True,0.5,backoff,avg_negative_log,0.2231,,10,,225,35,400,0.050793650793650794
0.0,0.0,0.0,0.0,unseen_data,SKAB,dirichlet_smoothing_fold_1,42,4,3,3,0.9,0.5,True,0.5,backoff,avg_negative_log,0.2231,,10,,225,35,400,0.050793650793650794
0.6999109528049866,0.7711864406779662,0.22693266832917705,0.35067437379576105,original,SKAB,dirichlet_smoothing_fold_1,123,4,3,3,0.9,0.5,True,0.5,backoff,avg_negative_log,0.2231,,10,,225,35,400,0.050793650793650794
0.6954585930543188,0.7610619469026548,0.2144638403990025,0.3346303501945525,gaussian_noise,SKAB,dirichlet_smoothing_fold_1,123,4,3,3,0.9,0.5,True,0.5,backoff,avg_negative_log,0.2231,,10,,225,35,400,0.050793650793650794
0.0,0.0,0.0,0.0,unseen_data,SKAB,dirichlet_smoothing_fold_1,123,4,3,3,0.9,0.5,True,0.5,backoff,avg_negative_log,0.2231,,10,,225,35,400,0.050793650793650794
0.6999109528049866,0.7711864406779662,0.22693266832917705,0.35067437379576105,original,SKAB,dirichlet_smoothing_fold_1,2026,4,3,3,0.9,0.5,True,0.5,backoff,avg_negative_log,0.2231,,10,,225,35,400,0.050793650793650794
0.6812110418521816,0.656934306569343,0.22443890274314215,0.3345724907063197,gaussian_noise,SKAB,dirichlet_smoothing_fold_1,2026,4,3,3,0.9,0.5,True,0.5,backoff,avg_negative_log,0.2231,,10,,225,35,400,0.050793650793650794
0.0,0.0,0.0,0.0,unseen_data,SKAB,dirichlet_smoothing_fold_1,2026,4,3,3,0.9,0.5,True,0.5,backoff,avg_negative_log,0.2231,,10,,225,35,400,0.050793650793650794
0.6999109528049866,0.7711864406779662,0.22693266832917705,0.35067437379576105,original,SKAB,dirichlet_smoothing_fold_1,7,4,3,3,0.9,0.5,True,0.5,backoff,avg_negative_log,0.2231,,10,,225,35,400,0.050793650793650794
0.691006233303651,0.7109375,0.22693266832917705,0.3440453686200378,gaussian_noise,SKAB,dirichlet_smoothing_fold_1,7,4,3,3,0.9,0.5,True,0.5,backoff,avg_negative_log,0.2231,,10,,225,35,400,0.050793650793650794
0.0,0.0,0.0,0.0,unseen_data,SKAB,dirichlet_smoothing_fold_1,7,4,3,3,0.9,0.5,True,0.5,backoff,avg_negative_log,0.2231,,10,,225,35,400,0.050793650793650794
0.6999109528049866,0.7711864406779662,0.22693266832917705,0.35067437379576105,original,SKAB,dirichlet_smoothing_fold_1,999,4,3,3,0.9,0.5,True,0.5,backoff,avg_negative_log,0.2231,,10,,225,35,400,0.050793650793650794
0.6945681211041852,0.7589285714285714,0.2119700748129676,0.3313840155945419,gaussian_noise,SKAB,dirichlet_smoothing_fold_1,999,4,3,3,0.9,0.5,True,0.5,backoff,avg_negative_log,0.2231,,10,,225,35,400,0.050793650793650794
0.0,0.0,0.0,0.0,unseen_data,SKAB,dirichlet_smoothing_fold_1,999,4,3,3,0.9,0.5,True,0.5,backoff,avg_negative_log,0.2231,,10,,225,35,400,0.050793650793650794
0.7551385165326184,0.6254901960784314,0.7935323383084577,0.6995614035087719,original,SKAB,dirichlet_smoothing_fold_2,42,4,3,3,0.9,0.5,True,0.5,backoff,avg_negative_log,0.2231,,10,,234,34,438,0.05505279034690799
0.7667560321715817,0.6396039603960396,0.8034825870646766,0.7122381477398015,gaussian_noise,SKAB,dirichlet_smoothing_fold_2,42,4,3,3,0.9,0.5,True,0.5,backoff,avg_negative_log,0.2231,,10,,234,34,438,0.05505279034690799
0.0,0.0,0.0,0.0,unseen_data,SKAB,dirichlet_smoothing_fold_2,42,4,3,3,0.9,0.5,True,0.5,backoff,avg_negative_log,0.2231,,10,,234,34,438,0.05505279034690799
0.7551385165326184,0.6254901960784314,0.7935323383084577,0.6995614035087719,original,SKAB,dirichlet_smoothing_fold_2,123,4,3,3,0.9,0.5,True,0.5,backoff,avg_negative_log,0.2231,,10,,234,34,438,0.05505279034690799
0.7649687220732797,0.6349514563106796,0.8134328358208955,0.7131952017448201,gaussian_noise,SKAB,dirichlet_smoothing_fold_2,123,4,3,3,0.9,0.5,True,0.5,backoff,avg_negative_log,0.2231,,10,,234,34,438,0.05505279034690799
0.0,0.0,0.0,0.0,unseen_data,SKAB,dirichlet_smoothing_fold_2,123,4,3,3,0.9,0.5,True,0.5,backoff,avg_negative_log,0.2231,,10,,234,34,438,0.05505279034690799
0.7551385165326184,0.6254901960784314,0.7935323383084577,0.6995614035087719,original,SKAB,dirichlet_smoothing_fold_2,2026,4,3,3,0.9,0.5,True,0.5,backoff,avg_negative_log,0.2231,,10,,234,34,438,0.05505279034690799
0.7587131367292225,0.6259541984732825,0.8159203980099502,0.7084233261339092,gaussian_noise,SKAB,dirichlet_smoothing_fold_2,2026,4,3,3,0.9,0.5,True,0.5,backoff,avg_negative_log,0.2231,,10,,234,34,438,0.05505279034690799
0.0,0.0,0.0,0.0,unseen_data,SKAB,dirichlet_smoothing_fold_2,2026,4,3,3,0.9,0.5,True,0.5,backoff,avg_negative_log,0.2231,,10,,234,34,438,0.05505279034690799
0.7551385165326184,0.6254901960784314,0.7935323383084577,0.6995614035087719,original,SKAB,dirichlet_smoothing_fold_2,7,4,3,3,0.9,0.5,True,0.5,backoff,avg_negative_log,0.2231,,10,,234,34,438,0.05505279034690799
0.7631814119749777,0.6314779270633397,0.818407960199005,0.7128927410617552,gaussian_noise,SKAB,dirichlet_smoothing_fold_2,7,4,3,3,0.9,0.5,True,0.5,backoff,avg_negative_log,0.2231,,10,,234,34,438,0.05505279034690799
0.0,0.0,0.0,0.0,unseen_data,SKAB,dirichlet_smoothing_fold_2,7,4,3,3,0.9,0.5,True,0.5,backoff,avg_negative_log,0.2231,,10,,234,34,438,0.05505279034690799
0.7551385165326184,0.6254901960784314,0.7935323383084577,0.6995614035087719,original,SKAB,dirichlet_smoothing_fold_2,999,4,3,3,0.9,0.5,True,0.5,backoff,avg_negative_log,0.2231,,10,,234,34,438,0.05505279034690799
0.7533512064343163,0.6235294117647059,0.7910447761194029,0.6973684210526315,gaussian_noise,SKAB,dirichlet_smoothing_fold_2,999,4,3,3,0.9,0.5,True,0.5,backoff,avg_negative_log,0.2231,,10,,234,34,438,0.05505279034690799
0.0,0.0,0.0,0.0,unseen_data,SKAB,dirichlet_smoothing_fold_2,999,4,3,3,0.9,0.5,True,0.5,backoff,avg_negative_log,0.2231,,10,,234,34,438,0.05505279034690799
0.6094727435210009,0.4642857142857143,0.6190476190476191,0.5306122448979592,original,SKAB,dirichlet_smoothing_fold_3,42,4,3,3,0.9,0.5,True,0.5,backoff,avg_negative_log,0.2231,,10,,243,37,440,0.048937826715604496
0.612153708668454,0.4666666666666667,0.6140350877192983,0.5303030303030303,gaussian_noise,SKAB,dirichlet_smoothing_fold_3,42,4,3,3,0.9,0.5,True,0.5,backoff,avg_negative_log,0.2231,,10,,243,37,440,0.048937826715604496
1.0,0.0,0.0,0.0,unseen_data,SKAB,dirichlet_smoothing_fold_3,42,4,3,3,0.9,0.5,True,0.5,backoff,avg_negative_log,0.2231,,10,,243,37,440,0.048937826715604496
0.6094727435210009,0.4642857142857143,0.6190476190476191,0.5306122448979592,original,SKAB,dirichlet_smoothing_fold_3,123,4,3,3,0.9,0.5,True,0.5,backoff,avg_negative_log,0.2231,,10,,243,37,440,0.048937826715604496
0.6014298480786416,0.45750452079566006,0.6340852130325815,0.5315126050420168,gaussian_noise,SKAB,dirichlet_smoothing_fold_3,123,4,3,3,0.9,0.5,True,0.5,backoff,avg_negative_log,0.2231,,10,,243,37,440,0.048937826715604496
1.0,0.0,0.0,0.0,unseen_data,SKAB,dirichlet_smoothing_fold_3,123,4,3,3,0.9,0.5,True,0.5,backoff,avg_negative_log,0.2231,,10,,243,37,440,0.048937826715604496
0.6094727435210009,0.4642857142857143,0.6190476190476191,0.5306122448979592,original,SKAB,dirichlet_smoothing_fold_3,2026,4,3,3,0.9,0.5,True,0.5,backoff,avg_negative_log,0.2231,,10,,243,37,440,0.048937826715604496
0.6148346738159071,0.4711191335740072,0.6541353383458647,0.5477439664218258,gaussian_noise,SKAB,dirichlet_smoothing_fold_3,2026,4,3,3,0.9,0.5,True,0.5,backoff,avg_negative_log,0.2231,,10,,243,37,440,0.048937826715604496
1.0,0.0,0.0,0.0,unseen_data,SKAB,dirichlet_smoothing_fold_3,2026,4,3,3,0.9,0.5,True,0.5,backoff,avg_negative_log,0.2231,,10,,243,37,440,0.048937826715604496
0.6094727435210009,0.4642857142857143,0.6190476190476191,0.5306122448979592,original,SKAB,dirichlet_smoothing_fold_3,7,4,3,3,0.9,0.5,True,0.5,backoff,avg_negative_log,0.2231,,10,,243,37,440,0.048937826715604496
0.6210902591599643,0.4774774774774775,0.6641604010025063,0.5555555555555556,gaussian_noise,SKAB,dirichlet_smoothing_fold_3,7,4,3,3,0.9,0.5,True,0.5,backoff,avg_negative_log,0.2231,,10,,243,37,440,0.048937826715604496
1.0,0.0,0.0,0.0,unseen_data,SKAB,dirichlet_smoothing_fold_3,7,4,3,3,0.9,0.5,True,0.5,backoff,avg_negative_log,0.2231,,10,,243,37,440,0.048937826715604496
0.6094727435210009,0.4642857142857143,0.6190476190476191,0.5306122448979592,original,SKAB,dirichlet_smoothing_fold_3,999,4,3,3,0.9,0.5,True,0.5,backoff,avg_negative_log,0.2231,,10,,243,37,440,0.048937826715604496
0.6023235031277927,0.45787545787545786,0.6265664160401002,0.5291005291005291,gaussian_noise,SKAB,dirichlet_smoothing_fold_3,999,4,3,3,0.9,0.5,True,0.5,backoff,avg_negative_log,0.2231,,10,,243,37,440,0.048937826715604496
1.0,0.0,0.0,0.0,unseen_data,SKAB,dirichlet_smoothing_fold_3,999,4,3,3,0.9,0.5,True,0.5,backoff,avg_negative_log,0.2231,,10,,243,37,440,0.048937826715604496
0.3432971014492754,0.16869918699186992,0.20802005012531327,0.186307519640853,original,SKAB,dirichlet_smoothing_fold_4,42,4,3,3,0.9,0.5,True,0.5,backoff,avg_negative_log,0.2231,,10,,241,36,449,0.05175195942830797
0.32518115942028986,0.14979757085020243,0.18546365914786966,0.16573348264277715,gaussian_noise,SKAB,dirichlet_smoothing_fold_4,42,4,3,3,0.9,0.5,True,0.5,backoff,avg_negative_log,0.2231,,10,,241,36,449,0.05175195942830797
1.0,0.0,0.0,0.0,unseen_data,SKAB,dirichlet_smoothing_fold_4,42,4,3,3,0.9,0.5,True,0.5,backoff,avg_negative_log,0.2231,,10,,241,36,449,0.05175195942830797
0.3432971014492754,0.16869918699186992,0.20802005012531327,0.186307519640853,original,SKAB,dirichlet_smoothing_fold_4,123,4,3,3,0.9,0.5,True,0.5,backoff,avg_negative_log,0.2231,,10,,241,36,449,0.05175195942830797
0.32518115942028986,0.1483739837398374,0.18295739348370926,0.1638608305274972,gaussian_noise,SKAB,dirichlet_smoothing_fold_4,123,4,3,3,0.9,0.5,True,0.5,backoff,avg_negative_log,0.2231,,10,,241,36,449,0.05175195942830797
1.0,0.0,0.0,0.0,unseen_data,SKAB,dirichlet_smoothing_fold_4,123,4,3,3,0.9,0.5,True,0.5,backoff,avg_negative_log,0.2231,,10,,241,36,449,0.05175195942830797
0.3432971014492754,0.16869918699186992,0.20802005012531327,0.186307519640853,original,SKAB,dirichlet_smoothing_fold_4,2026,4,3,3,0.9,0.5,True,0.5,backoff,avg_negative_log,0.2231,,10,,241,36,449,0.05175195942830797
0.32608695652173914,0.15010141987829614,0.18546365914786966,0.16591928251121077,gaussian_noise,SKAB,dirichlet_smoothing_fold_4,2026,4,3,3,0.9,0.5,True,0.5,backoff,avg_negative_log,0.2231,,10,,241,36,449,0.05175195942830797
1.0,0.0,0.0,0.0,unseen_data,SKAB,dirichlet_smoothing_fold_4,2026,4,3,3,0.9,0.5,True,0.5,backoff,avg_negative_log,0.2231,,10,,241,36,449,0.05175195942830797
0.3432971014492754,0.16869918699186992,0.20802005012531327,0.186307519640853,original,SKAB,dirichlet_smoothing_fold_4,7,4,3,3,0.9,0.5,True,0.5,backoff,avg_negative_log,0.2231,,10,,241,36,449,0.05175195942830797
0.34601449275362317,0.16837782340862423,0.20551378446115287,0.18510158013544017,gaussian_noise,SKAB,dirichlet_smoothing_fold_4,7,4,3,3,0.9,0.5,True,0.5,backoff,avg_negative_log,0.2231,,10,,241,36,449,0.05175195942830797
1.0,0.0,0.0,0.0,unseen_data,SKAB,dirichlet_smoothing_fold_4,7,4,3,3,0.9,0.5,True,0.5,backoff,avg_negative_log,0.2231,,10,,241,36,449,0.05175195942830797
0.3432971014492754,0.16869918699186992,0.20802005012531327,0.186307519640853,original,SKAB,dirichlet_smoothing_fold_4,999,4,3,3,0.9,0.5,True,0.5,backoff,avg_negative_log,0.2231,,10,,241,36,449,0.05175195942830797
0.3278985507246377,0.16306483300589392,0.20802005012531327,0.1828193832599119,gaussian_noise,SKAB,dirichlet_smoothing_fold_4,999,4,3,3,0.9,0.5,True,0.5,backoff,avg_negative_log,0.2231,,10,,241,36,449,0.05175195942830797
1.0,0.0,0.0,0.0,unseen_data,SKAB,dirichlet_smoothing_fold_4,999,4,3,3,0.9,0.5,True,0.5,backoff,avg_negative_log,0.2231,,10,,241,36,449,0.05175195942830797
0.5985853227232537,0.4661746617466175,0.949874686716792,0.6254125412541254,original,SKAB,dirichlet_smoothing_fold_5,42,4,3,3,0.9,0.5,True,0.5,backoff,avg_negative_log,0.2231,,10,,225,36,389,0.048024691358024695
0.5941644562334217,0.4631449631449631,0.9448621553884712,0.6215993404781534,gaussian_noise,SKAB,dirichlet_smoothing_fold_5,42,4,3,3,0.9,0.5,True,0.5,backoff,avg_negative_log,0.2231,,10,,225,36,389,0.048024691358024695
0.7391304347826086,0.7142857142857143,1.0,0.8333333333333334,unseen_data,SKAB,dirichlet_smoothing_fold_5,42,4,3,3,0.9,0.5,True,0.5,backoff,avg_negative_log,0.2231,,10,,225,36,389,0.048024691358024695
0.5985853227232537,0.4661746617466175,0.949874686716792,0.6254125412541254,original,SKAB,dirichlet_smoothing_fold_5,123,4,3,3,0.9,0.5,True,0.5,backoff,avg_negative_log,0.2231,,10,,225,36,389,0.048024691358024695
0.5915119363395226,0.45987261146496816,0.9047619047619048,0.6097972972972973,gaussian_noise,SKAB,dirichlet_smoothing_fold_5,123,4,3,3,0.9,0.5,True,0.5,backoff,avg_negative_log,0.2231,,10,,225,36,389,0.048024691358024695
0.7391304347826086,0.7142857142857143,1.0,0.8333333333333334,unseen_data,SKAB,dirichlet_smoothing_fold_5,123,4,3,3,0.9,0.5,True,0.5,backoff,avg_negative_log,0.2231,,10,,225,36,389,0.048024691358024695
0.5985853227232537,0.4661746617466175,0.949874686716792,0.6254125412541254,original,SKAB,dirichlet_smoothing_fold_5,2026,4,3,3,0.9,0.5,True,0.5,backoff,avg_negative_log,0.2231,,10,,225,36,389,0.048024691358024695
0.6074270557029178,0.4722564734895191,0.9598997493734336,0.6330578512396694,gaussian_noise,SKAB,dirichlet_smoothing_fold_5,2026,4,3,3,0.9,0.5,True,0.5,backoff,avg_negative_log,0.2231,,10,,225,36,389,0.048024691358024695
0.7391304347826086,0.7142857142857143,1.0,0.8333333333333334,unseen_data,SKAB,dirichlet_smoothing_fold_5,2026,4,3,3,0.9,0.5,True,0.5,backoff,avg_negative_log,0.2231,,10,,225,36,389,0.048024691358024695
0.5985853227232537,0.4661746617466175,0.949874686716792,0.6254125412541254,original,SKAB,dirichlet_smoothing_fold_5,7,4,3,3,0.9,0.5,True,0.5,backoff,avg_negative_log,0.2231,,10,,225,36,389,0.048024691358024695
0.5826702033598585,0.4554334554334554,0.9348370927318296,0.6124794745484401,gaussian_noise,SKAB,dirichlet_smoothing_fold_5,7,4,3,3,0.9,0.5,True,0.5,backoff,avg_negative_log,0.2231,,10,,225,36,389,0.048024691358024695
0.7391304347826086,0.7142857142857143,1.0,0.8333333333333334,unseen_data,SKAB,dirichlet_smoothing_fold_5,7,4,3,3,0.9,0.5,True,0.5,backoff,avg_negative_log,0.2231,,10,,225,36,389,0.048024691358024695
0.5985853227232537,0.4661746617466175,0.949874686716792,0.6254125412541254,original,SKAB,dirichlet_smoothing_fold_5,999,4,3,3,0.9,0.5,True,0.5,backoff,avg_negative_log,0.2231,,10,,225,36,389,0.048024691358024695
0.5755968169761273,0.449938195302843,0.9122807017543859,0.6026490066225165,gaussian_noise,SKAB,dirichlet_smoothing_fold_5,999,4,3,3,0.9,0.5,True,0.5,backoff,avg_negative_log,0.2231,,10,,225,36,389,0.048024691358024695
0.7391304347826086,0.7142857142857143,1.0,0.8333333333333334,unseen_data,SKAB,dirichlet_smoothing_fold_5,999,4,3,3,0.9,0.5,True,0.5,backoff,avg_negative_log,0.2231,,10,,225,36,389,0.048024691358024695
0.6999109528049866,0.7711864406779662,0.22693266832917705,0.35067437379576105,original,SKAB,dirichlet_smoothing_fold_1,42,4,3,3,0.9,0.5,True,1.0,backoff,avg_negative_log,0.2231,,10,,225,35,400,0.050793650793650794
0.697239536954586,0.725925925925926,0.24438902743142144,0.3656716417910448,gaussian_noise,SKAB,dirichlet_smoothing_fold_1,42,4,3,3,0.9,0.5,True,1.0,backoff,avg_negative_log,0.2231,,10,,225,35,400,0.050793650793650794
0.0,0.0,0.0,0.0,unseen_data,SKAB,dirichlet_smoothing_fold_1,42,4,3,3,0.9,0.5,True,1.0,backoff,avg_negative_log,0.2231,,10,,225,35,400,0.050793650793650794
0.6999109528049866,0.7711864406779662,0.22693266832917705,0.35067437379576105,original,SKAB,dirichlet_smoothing_fold_1,123,4,3,3,0.9,0.5,True,1.0,backoff,avg_negative_log,0.2231,,10,,225,35,400,0.050793650793650794
0.6954585930543188,0.7610619469026548,0.2144638403990025,0.3346303501945525,gaussian_noise,SKAB,dirichlet_smoothing_fold_1,123,4,3,3,0.9,0.5,True,1.0,backoff,avg_negative_log,0.2231,,10,,225,35,400,0.050793650793650794
0.0,0.0,0.0,0.0,unseen_data,SKAB,dirichlet_smoothing_fold_1,123,4,3,3,0.9,0.5,True,1.0,backoff,avg_negative_log,0.2231,,10,,225,35,400,0.050793650793650794
0.6999109528049866,0.7711864406779662,0.22693266832917705,0.35067437379576105,original,SKAB,dirichlet_smoothing_fold_1,2026,4,3,3,0.9,0.5,True,1.0,backoff,avg_negative_log,0.2231,,10,,225,35,400,0.050793650793650794
0.6812110418521816,0.656934306569343,0.22443890274314215,0.3345724907063197,gaussian_noise,SKAB,dirichlet_smoothing_fold_1,2026,4,3,3,0.9,0.5,True,1.0,backoff,avg_negative_log,0.2231,,10,,225,35,400,0.050793650793650794
0.0,0.0,0.0,0.0,unseen_data,SKAB,dirichlet_smoothing_fold_1,2026,4,3,3,0.9,0.5,True,1.0,backoff,avg_negative_log,0.2231,,10,,225,35,400,0.050793650793650794
0.6999109528049866,0.7711864406779662,0.22693266832917705,0.35067437379576105,original,SKAB,dirichlet_smoothing_fold_1,7,4,3,3,0.9,0.5,True,1.0,backoff,avg_negative_log,0.2231,,10,,225,35,400,0.050793650793650794
0.691006233303651,0.7109375,0.22693266832917705,0.3440453686200378,gaussian_noise,SKAB,dirichlet_smoothing_fold_1,7,4,3,3,0.9,0.5,True,1.0,backoff,avg_negative_log,0.2231,,10,,225,35,400,0.050793650793650794
0.0,0.0,0.0,0.0,unseen_data,SKAB,dirichlet_smoothing_fold_1,7,4,3,3,0.9,0.5,True,1.0,backoff,avg_negative_log,0.2231,,10,,225,35,400,0.050793650793650794
0.6999109528049866,0.7711864406779662,0.22693266832917705,0.35067437379576105,original,SKAB,dirichlet_smoothing_fold_1,999,4,3,3,0.9,0.5,True,1.0,backoff,avg_negative_log,0.2231,,10,,225,35,400,0.050793650793650794
0.6945681211041852,0.7589285714285714,0.2119700748129676,0.3313840155945419,gaussian_noise,SKAB,dirichlet_smoothing_fold_1,999,4,3,3,0.9,0.5,True,1.0,backoff,avg_negative_log,0.2231,,10,,225,35,400,0.050793650793650794
0.0,0.0,0.0,0.0,unseen_data,SKAB,dirichlet_smoothing_fold_1,999,4,3,3,0.9,0.5,True,1.0,backoff,avg_negative_log,0.2231,,10,,225,35,400,0.050793650793650794
0.7560321715817694,0.6267190569744597,0.7935323383084577,0.7003293084522503,original,SKAB,dirichlet_smoothing_fold_2,42,4,3,3,0.9,0.5,True,1.0,backoff,avg_negative_log,0.2231,,10,,234,34,438,0.05505279034690799
0.7676496872207328,0.6408730158730159,0.8034825870646766,0.7130242825607064,gaussian_noise,SKAB,dirichlet_smoothing_fold_2,42,4,3,3,0.9,0.5,True,1.0,backoff,avg_negative_log,0.2231,,10,,234,34,438,0.05505279034690799
0.0,0.0,0.0,0.0,unseen_data,SKAB,dirichlet_smoothing_fold_2,42,4,3,3,0.9,0.5,True,1.0,backoff,avg_negative_log,0.2231,,10,,234,34,438,0.05505279034690799
0.7560321715817694,0.6267190569744597,0.7935323383084577,0.7003293084522503,original,SKAB,dirichlet_smoothing_fold_2,123,4,3,3,0.9,0.5,True,1.0,backoff,avg_negative_log,0.2231,,10,,234,34,438,0.05505279034690799
0.7658623771224308,0.6361867704280155,0.8134328358208955,0.7139737991266376,gaussian_noise,SKAB,dirichlet_smoothing_fold_2,123,4,3,3,0.9,0.5,True,1.0,backoff,avg_negative_log,0.2231,,10,,234,34,438,0.05505279034690799
0.0,0.0,0.0,0.0,unseen_data,SKAB,dirichlet_smoothing_fold_2,123,4,3,3,0.9,0.5,True,1.0,backoff,avg_negative_log,0.2231,,10,,234,34,438,0.05505279034690799
0.7560321715817694,0.6267190569744597,0.7935323383084577,0.7003293084522503,original,SKAB,dirichlet_smoothing_fold_2,2026,4,3,3,0.9,0.5,True,1.0,backoff,avg_negative_log,0.2231,,10,,234,34,438,0.05505279034690799
0.7587131367292225,0.6259541984732825,0.8159203980099502,0.7084233261339092,gaussian_noise,SKAB,dirichlet_smoothing_fold_2,2026,4,3,3,0.9,0.5,True,1.0,backoff,avg_negative_log,0.2231,,10,,234,34,438,0.05505279034690799
0.0,0.0,0.0,0.0,unseen_data,SKAB,dirichlet_smoothing_fold_2,2026,4,3,3,0.9,0.5,True,1.0,backoff,avg_negative_log,0.2231,,10,,234,34,438,0.05505279034690799
0.7560321715817694,0.6267190569744597,0.7935323383084577,0.7003293084522503,original,SKAB,dirichlet_smoothing_fold_2,7,4,3,3,0.9,0.5,True,1.0,backoff,avg_negative_log,0.2231,,10,,234,34,438,0.05505279034690799
0.7631814119749777,0.6314779270633397,0.818407960199005,0.7128927410617552,gaussian_noise,SKAB,dirichlet_smoothing_fold_2,7,4,3,3,0.9,0.5,True,1.0,backoff,avg_negative_log,0.2231,,10,,234,34,438,0.05505279034690799
0.0,0.0,0.0,0.0,unseen_data,SKAB,dirichlet_smoothing_fold_2,7,4,3,3,0.9,0.5,True,1.0,backoff,avg_negative_log,0.2231,,10,,234,34,438,0.05505279034690799
0.7560321715817694,0.6267190569744597,0.7935323383084577,0.7003293084522503,original,SKAB,dirichlet_smoothing_fold_2,999,4,3,3,0.9,0.5,True,1.0,backoff,avg_negative_log,0.2231,,10,,234,34,438,0.05505279034690799
0.7542448614834674,0.6247544204322201,0.7910447761194029,0.6981339187705817,gaussian_noise,SKAB,dirichlet_smoothing_fold_2,999,4,3,3,0.9,0.5,True,1.0,backoff,avg_negative_log,0.2231,,10,,234,34,438,0.05505279034690799
0.0,0.0,0.0,0.0,unseen_data,SKAB,dirichlet_smoothing_fold_2,999,4,3,3,0.9,0.5,True,1.0,backoff,avg_negative_log,0.2231,,10,,234,34,438,0.05505279034690799
0.6094727435210009,0.4642857142857143,0.6190476190476191,0.5306122448979592,original,SKAB,dirichlet_smoothing_fold_3,42,4,3,3,0.9,0.5,True,1.0,backoff,avg_negative_log,0.2231,,10,,243,37,440,0.048937826715604496
0.612153708668454,0.4666666666666667,0.6140350877192983,0.5303030303030303,gaussian_noise,SKAB,dirichlet_smoothing_fold_3,42,4,3,3,0.9,0.5,True,1.0,backoff,avg_negative_log,0.2231,,10,,243,37,440,0.048937826715604496
1.0,0.0,0.0,0.0,unseen_data,SKAB,dirichlet_smoothing_fold_3,42,4,3,3,0.9,0.5,True,1.0,backoff,avg_negative_log,0.2231,,10,,243,37,440,0.048937826715604496
0.6094727435210009,0.4642857142857143,0.6190476190476191,0.5306122448979592,original,SKAB,dirichlet_smoothing_fold_3,123,4,3,3,0.9,0.5,True,1.0,backoff,avg_negative_log,0.2231,,10,,243,37,440,0.048937826715604496
0.6014298480786416,0.45750452079566006,0.6340852130325815,0.5315126050420168,gaussian_noise,SKAB,dirichlet_smoothing_fold_3,123,4,3,3,0.9,0.5,True,1.0,backoff,avg_negative_log,0.2231,,10,,243,37,440,0.048937826715604496
1.0,0.0,0.0,0.0,unseen_data,SKAB,dirichlet_smoothing_fold_3,123,4,3,3,0.9,0.5,True,1.0,backoff,avg_negative_log,0.2231,,10,,243,37,440,0.048937826715604496
0.6094727435210009,0.4642857142857143,0.6190476190476191,0.5306122448979592,original,SKAB,dirichlet_smoothing_fold_3,2026,4,3,3,0.9,0.5,True,1.0,backoff,avg_negative_log,0.2231,,10,,243,37,440,0.048937826715604496
0.6148346738159071,0.4711191335740072,0.6541353383458647,0.5477439664218258,gaussian_noise,SKAB,dirichlet_smoothing_fold_3,2026,4,3,3,0.9,0.5,True,1.0,backoff,avg_negative_log,0.2231,,10,,243,37,440,0.048937826715604496
1.0,0.0,0.0,0.0,unseen_data,SKAB,dirichlet_smoothing_fold_3,2026,4,3,3,0.9,0.5,True,1.0,backoff,avg_negative_log,0.2231,,10,,243,37,440,0.048937826715604496
0.6094727435210009,0.4642857142857143,0.6190476190476191,0.5306122448979592,original,SKAB,dirichlet_smoothing_fold_3,7,4,3,3,0.9,0.5,True,1.0,backoff,avg_negative_log,0.2231,,10,,243,37,440,0.048937826715604496
0.6210902591599643,0.4774774774774775,0.6641604010025063,0.5555555555555556,gaussian_noise,SKAB,dirichlet_smoothing_fold_3,7,4,3,3,0.9,0.5,True,1.0,backoff,avg_negative_log,0.2231,,10,,243,37,440,0.048937826715604496
1.0,0.0,0.0,0.0,unseen_data,SKAB,dirichlet_smoothing_fold_3,7,4,3,3,0.9,0.5,True,1.0,backoff,avg_negative_log,0.2231,,10,,243,37,440,0.048937826715604496
0.6094727435210009,0.4642857142857143,0.6190476190476191,0.5306122448979592,original,SKAB,dirichlet_smoothing_fold_3,999,4,3,3,0.9,0.5,True,1.0,backoff,avg_negative_log,0.2231,,10,,243,37,440,0.048937826715604496
0.6023235031277927,0.45787545787545786,0.6265664160401002,0.5291005291005291,gaussian_noise,SKAB,dirichlet_smoothing_fold_3,999,4,3,3,0.9,0.5,True,1.0,backoff,avg_negative_log,0.2231,,10,,243,37,440,0.048937826715604496
1.0,0.0,0.0,0.0,unseen_data,SKAB,dirichlet_smoothing_fold_3,999,4,3,3,0.9,0.5,True,1.0,backoff,avg_negative_log,0.2231,,10,,243,37,440,0.048937826715604496
0.3432971014492754,0.16869918699186992,0.20802005012531327,0.186307519640853,original,SKAB,dirichlet_smoothing_fold_4,42,4,3,3,0.9,0.5,True,1.0,backoff,avg_negative_log,0.2231,,10,,241,36,449,0.05175195942830797
0.32518115942028986,0.14979757085020243,0.18546365914786966,0.16573348264277715,gaussian_noise,SKAB,dirichlet_smoothing_fold_4,42,4,3,3,0.9,0.5,True,1.0,backoff,avg_negative_log,0.2231,,10,,241,36,449,0.05175195942830797
1.0,0.0,0.0,0.0,unseen_data,SKAB,dirichlet_smoothing_fold_4,42,4,3,3,0.9,0.5,True,1.0,backoff,avg_negative_log,0.2231,,10,,241,36,449,0.05175195942830797
0.3432971014492754,0.16869918699186992,0.20802005012531327,0.186307519640853,original,SKAB,dirichlet_smoothing_fold_4,123,4,3,3,0.9,0.5,True,1.0,backoff,avg_negative_log,0.2231,,10,,241,36,449,0.05175195942830797
0.32518115942028986,0.1483739837398374,0.18295739348370926,0.1638608305274972,gaussian_noise,SKAB,dirichlet_smoothing_fold_4,123,4,3,3,0.9,0.5,True,1.0,backoff,avg_negative_log,0.2231,,10,,241,36,449,0.05175195942830797
1.0,0.0,0.0,0.0,unseen_data,SKAB,dirichlet_smoothing_fold_4,123,4,3,3,0.9,0.5,True,1.0,backoff,avg_negative_log,0.2231,,10,,241,36,449,0.05175195942830797
0.3432971014492754,0.16869918699186992,0.20802005012531327,0.186307519640853,original,SKAB,dirichlet_smoothing_fold_4,2026,4,3,3,0.9,0.5,True,1.0,backoff,avg_negative_log,0.2231,,10,,241,36,449,0.05175195942830797
0.32608695652173914,0.15010141987829614,0.18546365914786966,0.16591928251121077,gaussian_noise,SKAB,dirichlet_smoothing_fold_4,2026,4,3,3,0.9,0.5,True,1.0,backoff,avg_negative_log,0.2231,,10,,241,36,449,0.05175195942830797
1.0,0.0,0.0,0.0,unseen_data,SKAB,dirichlet_smoothing_fold_4,2026,4,3,3,0.9,0.5,True,1.0,backoff,avg_negative_log,0.2231,,10,,241,36,449,0.05175195942830797
0.3432971014492754,0.16869918699186992,0.20802005012531327,0.186307519640853,original,SKAB,dirichlet_smoothing_fold_4,7,4,3,3,0.9,0.5,True,1.0,backoff,avg_negative_log,0.2231,,10,,241,36,449,0.05175195942830797
0.34601449275362317,0.16837782340862423,0.20551378446115287,0.18510158013544017,gaussian_noise,SKAB,dirichlet_smoothing_fold_4,7,4,3,3,0.9,0.5,True,1.0,backoff,avg_negative_log,0.2231,,10,,241,36,449,0.05175195942830797
1.0,0.0,0.0,0.0,unseen_data,SKAB,dirichlet_smoothing_fold_4,7,4,3,3,0.9,0.5,True,1.0,backoff,avg_negative_log,0.2231,,10,,241,36,449,0.05175195942830797
0.3432971014492754,0.16869918699186992,0.20802005012531327,0.186307519640853,original,SKAB,dirichlet_smoothing_fold_4,999,4,3,3,0.9,0.5,True,1.0,backoff,avg_negative_log,0.2231,,10,,241,36,449,0.05175195942830797
0.3278985507246377,0.16306483300589392,0.20802005012531327,0.1828193832599119,gaussian_noise,SKAB,dirichlet_smoothing_fold_4,999,4,3,3,0.9,0.5,True,1.0,backoff,avg_negative_log,0.2231,,10,,241,36,449,0.05175195942830797
1.0,0.0,0.0,0.0,unseen_data,SKAB,dirichlet_smoothing_fold_4,999,4,3,3,0.9,0.5,True,1.0,backoff,avg_negative_log,0.2231,,10,,241,36,449,0.05175195942830797
0.5985853227232537,0.4661746617466175,0.949874686716792,0.6254125412541254,original,SKAB,dirichlet_smoothing_fold_5,42,4,3,3,0.9,0.5,True,1.0,backoff,avg_negative_log,0.2231,,10,,225,36,389,0.048024691358024695
0.5932802829354553,0.4625766871165644,0.9448621553884712,0.6210873146622735,gaussian_noise,SKAB,dirichlet_smoothing_fold_5,42,4,3,3,0.9,0.5,True,1.0,backoff,avg_negative_log,0.2231,,10,,225,36,389,0.048024691358024695
0.7391304347826086,0.7142857142857143,1.0,0.8333333333333334,unseen_data,SKAB,dirichlet_smoothing_fold_5,42,4,3,3,0.9,0.5,True,1.0,backoff,avg_negative_log,0.2231,,10,,225,36,389,0.048024691358024695
0.5985853227232537,0.4661746617466175,0.949874686716792,0.6254125412541254,original,SKAB,dirichlet_smoothing_fold_5,123,4,3,3,0.9,0.5,True,1.0,backoff,avg_negative_log,0.2231,,10,,225,36,389,0.048024691358024695
0.5915119363395226,0.45987261146496816,0.9047619047619048,0.6097972972972973,gaussian_noise,SKAB,dirichlet_smoothing_fold_5,123,4,3,3,0.9,0.5,True,1.0,backoff,avg_negative_log,0.2231,,10,,225,36,389,0.048024691358024695
0.7391304347826086,0.7142857142857143,1.0,0.8333333333333334,unseen_data,SKAB,dirichlet_smoothing_fold_5,123,4,3,3,0.9,0.5,True,1.0,backoff,avg_negative_log,0.2231,,10,,225,36,389,0.048024691358024695
0.5985853227232537,0.4661746617466175,0.949874686716792,0.6254125412541254,original,SKAB,dirichlet_smoothing_fold_5,2026,4,3,3,0.9,0.5,True,1.0,backoff,avg_negative_log,0.2231,,10,,225,36,389,0.048024691358024695
0.6074270557029178,0.4722564734895191,0.9598997493734336,0.6330578512396694,gaussian_noise,SKAB,dirichlet_smoothing_fold_5,2026,4,3,3,0.9,0.5,True,1.0,backoff,avg_negative_log,0.2231,,10,,225,36,389,0.048024691358024695
0.7391304347826086,0.7142857142857143,1.0,0.8333333333333334,unseen_data,SKAB,dirichlet_smoothing_fold_5,2026,4,3,3,0.9,0.5,True,1.0,backoff,avg_negative_log,0.2231,,10,,225,36,389,0.048024691358024695
0.5985853227232537,0.4661746617466175,0.949874686716792,0.6254125412541254,original,SKAB,dirichlet_smoothing_fold_5,7,4,3,3,0.9,0.5,True,1.0,backoff,avg_negative_log,0.2231,,10,,225,36,389,0.048024691358024695
0.5826702033598585,0.4554334554334554,0.9348370927318296,0.6124794745484401,gaussian_noise,SKAB,dirichlet_smoothing_fold_5,7,4,3,3,0.9,0.5,True,1.0,backoff,avg_negative_log,0.2231,,10,,225,36,389,0.048024691358024695
0.7391304347826086,0.7142857142857143,1.0,0.8333333333333334,unseen_data,SKAB,dirichlet_smoothing_fold_5,7,4,3,3,0.9,0.5,True,1.0,backoff,avg_negative_log,0.2231,,10,,225,36,389,0.048024691358024695
0.5985853227232537,0.4661746617466175,0.949874686716792,0.6254125412541254,original,SKAB,dirichlet_smoothing_fold_5,999,4,3,3,0.9,0.5,True,1.0,backoff,avg_negative_log,0.2231,,10,,225,36,389,0.048024691358024695
0.5755968169761273,0.449938195302843,0.9122807017543859,0.6026490066225165,gaussian_noise,SKAB,dirichlet_smoothing_fold_5,999,4,3,3,0.9,0.5,True,1.0,backoff,avg_negative_log,0.2231,,10,,225,36,389,0.048024691358024695
0.7391304347826086,0.7142857142857143,1.0,0.8333333333333334,unseen_data,SKAB,dirichlet_smoothing_fold_5,999,4,3,3,0.9,0.5,True,1.0,backoff,avg_negative_log,0.2231,,10,,225,36,389,0.048024691358024695
0.6999109528049866,0.7711864406779662,0.22693266832917705,0.35067437379576105,original,SKAB,dirichlet_smoothing_fold_1,42,4,3,3,0.9,0.5,True,2.0,backoff,avg_negative_log,0.2231,,10,,225,35,400,0.050793650793650794
0.697239536954586,0.725925925925926,0.24438902743142144,0.3656716417910448,gaussian_noise,SKAB,dirichlet_smoothing_fold_1,42,4,3,3,0.9,0.5,True,2.0,backoff,avg_negative_log,0.2231,,10,,225,35,400,0.050793650793650794
0.0,0.0,0.0,0.0,unseen_data,SKAB,dirichlet_smoothing_fold_1,42,4,3,3,0.9,0.5,True,2.0,backoff,avg_negative_log,0.2231,,10,,225,35,400,0.050793650793650794
0.6999109528049866,0.7711864406779662,0.22693266832917705,0.35067437379576105,original,SKAB,dirichlet_smoothing_fold_1,123,4,3,3,0.9,0.5,True,2.0,backoff,avg_negative_log,0.2231,,10,,225,35,400,0.050793650793650794
0.6954585930543188,0.7610619469026548,0.2144638403990025,0.3346303501945525,gaussian_noise,SKAB,dirichlet_smoothing_fold_1,123,4,3,3,0.9,0.5,True,2.0,backoff,avg_negative_log,0.2231,,10,,225,35,400,0.050793650793650794
0.0,0.0,0.0,0.0,unseen_data,SKAB,dirichlet_smoothing_fold_1,123,4,3,3,0.9,0.5,True,2.0,backoff,avg_negative_log,0.2231,,10,,225,35,400,0.050793650793650794
0.6999109528049866,0.7711864406779662,0.22693266832917705,0.35067437379576105,original,SKAB,dirichlet_smoothing_fold_1,2026,4,3,3,0.9,0.5,True,2.0,backoff,avg_negative_log,0.2231,,10,,225,35,400,0.050793650793650794
0.6812110418521816,0.656934306569343,0.22443890274314215,0.3345724907063197,gaussian_noise,SKAB,dirichlet_smoothing_fold_1,2026,4,3,3,0.9,0.5,True,2.0,backoff,avg_negative_log,0.2231,,10,,225,35,400,0.050793650793650794
0.0,0.0,0.0,0.0,unseen_data,SKAB,dirichlet_smoothing_fold_1,2026,4,3,3,0.9,0.5,True,2.0,backoff,avg_negative_log,0.2231,,10,,225,35,400,0.050793650793650794
0.6999109528049866,0.7711864406779662,0.22693266832917705,0.35067437379576105,original,SKAB,dirichlet_smoothing_fold_1,7,4,3,3,0.9,0.5,True,2.0,backoff,avg_negative_log,0.2231,,10,,225,35,400,0.050793650793650794
0.691006233303651,0.7109375,0.22693266832917705,0.3440453686200378,gaussian_noise,SKAB,dirichlet_smoothing_fold_1,7,4,3,3,0.9,0.5,True,2.0,backoff,avg_negative_log,0.2231,,10,,225,35,400,0.050793650793650794
0.0,0.0,0.0,0.0,unseen_data,SKAB,dirichlet_smoothing_fold_1,7,4,3,3,0.9,0.5,True,2.0,backoff,avg_negative_log,0.2231,,10,,225,35,400,0.050793650793650794
0.6999109528049866,0.7711864406779662,0.22693266832917705,0.35067437379576105,original,SKAB,dirichlet_smoothing_fold_1,999,4,3,3,0.9,0.5,True,2.0,backoff,avg_negative_log,0.2231,,10,,225,35,400,0.050793650793650794
0.6945681211041852,0.7589285714285714,0.2119700748129676,0.3313840155945419,gaussian_noise,SKAB,dirichlet_smoothing_fold_1,999,4,3,3,0.9,0.5,True,2.0,backoff,avg_negative_log,0.2231,,10,,225,35,400,0.050793650793650794
0.0,0.0,0.0,0.0,unseen_data,SKAB,dirichlet_smoothing_fold_1,999,4,3,3,0.9,0.5,True,2.0,backoff,avg_negative_log,0.2231,,10,,225,35,400,0.050793650793650794
0.7560321715817694,0.6267190569744597,0.7935323383084577,0.7003293084522503,original,SKAB,dirichlet_smoothing_fold_2,42,4,3,3,0.9,0.5,True,2.0,backoff,avg_negative_log,0.2231,,10,,234,34,438,0.05505279034690799
0.7676496872207328,0.6408730158730159,0.8034825870646766,0.7130242825607064,gaussian_noise,SKAB,dirichlet_smoothing_fold_2,42,4,3,3,0.9,0.5,True,2.0,backoff,avg_negative_log,0.2231,,10,,234,34,438,0.05505279034690799
0.0,0.0,0.0,0.0,unseen_data,SKAB,dirichlet_smoothing_fold_2,42,4,3,3,0.9,0.5,True,2.0,backoff,avg_negative_log,0.2231,,10,,234,34,438,0.05505279034690799
0.7560321715817694,0.6267190569744597,0.7935323383084577,0.7003293084522503,original,SKAB,dirichlet_smoothing_fold_2,123,4,3,3,0.9,0.5,True,2.0,backoff,avg_negative_log,0.2231,,10,,234,34,438,0.05505279034690799
0.7658623771224308,0.6361867704280155,0.8134328358208955,0.7139737991266376,gaussian_noise,SKAB,dirichlet_smoothing_fold_2,123,4,3,3,0.9,0.5,True,2.0,backoff,avg_negative_log,0.2231,,10,,234,34,438,0.05505279034690799
0.0,0.0,0.0,0.0,unseen_data,SKAB,dirichlet_smoothing_fold_2,123,4,3,3,0.9,0.5,True,2.0,backoff,avg_negative_log,0.2231,,10,,234,34,438,0.05505279034690799
0.7560321715817694,0.6267190569744597,0.7935323383084577,0.7003293084522503,original,SKAB,dirichlet_smoothing_fold_2,2026,4,3,3,0.9,0.5,True,2.0,backoff,avg_negative_log,0.2231,,10,,234,34,438,0.05505279034690799
0.7587131367292225,0.6259541984732825,0.8159203980099502,0.7084233261339092,gaussian_noise,SKAB,dirichlet_smoothing_fold_2,2026,4,3,3,0.9,0.5,True,2.0,backoff,avg_negative_log,0.2231,,10,,234,34,438,0.05505279034690799
0.0,0.0,0.0,0.0,unseen_data,SKAB,dirichlet_smoothing_fold_2,2026,4,3,3,0.9,0.5,True,2.0,backoff,avg_negative_log,0.2231,,10,,234,34,438,0.05505279034690799
0.7560321715817694,0.6267190569744597,0.7935323383084577,0.7003293084522503,original,SKAB,dirichlet_smoothing_fold_2,7,4,3,3,0.9,0.5,True,2.0,backoff,avg_negative_log,0.2231,,10,,234,34,438,0.05505279034690799
0.7631814119749777,0.6314779270633397,0.818407960199005,0.7128927410617552,gaussian_noise,SKAB,dirichlet_smoothing_fold_2,7,4,3,3,0.9,0.5,True,2.0,backoff,avg_negative_log,0.2231,,10,,234,34,438,0.05505279034690799
0.0,0.0,0.0,0.0,unseen_data,SKAB,dirichlet_smoothing_fold_2,7,4,3,3,0.9,0.5,True,2.0,backoff,avg_negative_log,0.2231,,10,,234,34,438,0.05505279034690799
0.7560321715817694,0.6267190569744597,0.7935323383084577,0.7003293084522503,original,SKAB,dirichlet_smoothing_fold_2,999,4,3,3,0.9,0.5,True,2.0,backoff,avg_negative_log,0.2231,,10,,234,34,438,0.05505279034690799
0.7542448614834674,0.6247544204322201,0.7910447761194029,0.6981339187705817,gaussian_noise,SKAB,dirichlet_smoothing_fold_2,999,4,3,3,0.9,0.5,True,2.0,backoff,avg_negative_log,0.2231,,10,,234,34,438,0.05505279034690799
0.0,0.0,0.0,0.0,unseen_data,SKAB,dirichlet_smoothing_fold_2,999,4,3,3,0.9,0.5,True,2.0,backoff,avg_negative_log,0.2231,,10,,234,34,438,0.05505279034690799
0.6094727435210009,0.4642857142857143,0.6190476190476191,0.5306122448979592,original,SKAB,dirichlet_smoothing_fold_3,42,4,3,3,0.9,0.5,True,2.0,backoff,avg_negative_log,0.2231,,10,,243,37,440,0.048937826715604496
0.613047363717605,0.467680608365019,0.6165413533834586,0.5318918918918919,gaussian_noise,SKAB,dirichlet_smoothing_fold_3,42,4,3,3,0.9,0.5,True,2.0,backoff,avg_negative_log,0.2231,,10,,243,37,440,0.048937826715604496
1.0,0.0,0.0,0.0,unseen_data,SKAB,dirichlet_smoothing_fold_3,42,4,3,3,0.9,0.5,True,2.0,backoff,avg_negative_log,0.2231,,10,,243,37,440,0.048937826715604496
0.6094727435210009,0.4642857142857143,0.6190476190476191,0.5306122448979592,original,SKAB,dirichlet_smoothing_fold_3,123,4,3,3,0.9,0.5,True,2.0,backoff,avg_negative_log,0.2231,,10,,243,37,440,0.048937826715604496
0.6005361930294906,0.45652173913043476,0.631578947368421,0.5299684542586751,gaussian_noise,SKAB,dirichlet_smoothing_fold_3,123,4,3,3,0.9,0.5,True,2.0,backoff,avg_negative_log,0.2231,,10,,243,37,440,0.048937826715604496
1.0,0.0,0.0,0.0,unseen_data,SKAB,dirichlet_smoothing_fold_3,123,4,3,3,0.9,0.5,True,2.0,backoff,avg_negative_log,0.2231,,10,,243,37,440,0.048937826715604496
0.6094727435210009,0.4642857142857143,0.6190476190476191,0.5306122448979592,original,SKAB,dirichlet_smoothing_fold_3,2026,4,3,3,0.9,0.5,True,2.0,backoff,avg_negative_log,0.2231,,10,,243,37,440,0.048937826715604496
0.613941018766756,0.4701627486437613,0.6516290726817042,0.5462184873949579,gaussian_noise,SKAB,dirichlet_smoothing_fold_3,2026,4,3,3,0.9,0.5,True,2.0,backoff,avg_negative_log,0.2231,,10,,243,37,440,0.048937826715604496
1.0,0.0,0.0,0.0,unseen_data,SKAB,dirichlet_smoothing_fold_3,2026,4,3,3,0.9,0.5,True,2.0,backoff,avg_negative_log,0.2231,,10,,243,37,440,0.048937826715604496
0.6094727435210009,0.4642857142857143,0.6190476190476191,0.5306122448979592,original,SKAB,dirichlet_smoothing_fold_3,7,4,3,3,0.9,0.5,True,2.0,backoff,avg_negative_log,0.2231,,10,,243,37,440,0.048937826715604496
0.6193029490616622,0.4755877034358047,0.6591478696741855,0.5525210084033614,gaussian_noise,SKAB,dirichlet_smoothing_fold_3,7,4,3,3,0.9,0.5,True,2.0,backoff,avg_negative_log,0.2231,,10,,243,37,440,0.048937826715604496
1.0,0.0,0.0,0.0,unseen_data,SKAB,dirichlet_smoothing_fold_3,7,4,3,3,0.9,0.5,True,2.0,backoff,avg_negative_log,0.2231,,10,,243,37,440,0.048937826715604496
0.6094727435210009,0.4642857142857143,0.6190476190476191,0.5306122448979592,original,SKAB,dirichlet_smoothing_fold_3,999,4,3,3,0.9,0.5,True,2.0,backoff,avg_negative_log,0.2231,,10,,243,37,440,0.048937826715604496
0.6023235031277927,0.45787545787545786,0.6265664160401002,0.5291005291005291,gaussian_noise,SKAB,dirichlet_smoothing_fold_3,999,4,3,3,0.9,0.5,True,2.0,backoff,avg_negative_log,0.2231,,10,,243,37,440,0.048937826715604496
1.0,0.0,0.0,0.0,unseen_data,SKAB,dirichlet_smoothing_fold_3,999,4,3,3,0.9,0.5,True,2.0,backoff,avg_negative_log,0.2231,,10,,243,37,440,0.048937826715604496
0.3432971014492754,0.16869918699186992,0.20802005012531327,0.186307519640853,original,SKAB,dirichlet_smoothing_fold_4,42,4,3,3,0.9,0.5,True,2.0,backoff,avg_negative_log,0.2231,,10,,241,36,449,0.05175195942830797
0.32518115942028986,0.14979757085020243,0.18546365914786966,0.16573348264277715,gaussian_noise,SKAB,dirichlet_smoothing_fold_4,42,4,3,3,0.9,0.5,True,2.0,backoff,avg_negative_log,0.2231,,10,,241,36,449,0.05175195942830797
1.0,0.0,0.0,0.0,unseen_data,SKAB,dirichlet_smoothing_fold_4,42,4,3,3,0.9,0.5,True,2.0,backoff,avg_negative_log,0.2231,,10,,241,36,449,0.05175195942830797
0.3432971014492754,0.16869918699186992,0.20802005012531327,0.186307519640853,original,SKAB,dirichlet_smoothing_fold_4,123,4,3,3,0.9,0.5,True,2.0,backoff,avg_negative_log,0.2231,,10,,241,36,449,0.05175195942830797
0.32518115942028986,0.1483739837398374,0.18295739348370926,0.1638608305274972,gaussian_noise,SKAB,dirichlet_smoothing_fold_4,123,4,3,3,0.9,0.5,True,2.0,backoff,avg_negative_log,0.2231,,10,,241,36,449,0.05175195942830797
1.0,0.0,0.0,0.0,unseen_data,SKAB,dirichlet_smoothing_fold_4,123,4,3,3,0.9,0.5,True,2.0,backoff,avg_negative_log,0.2231,,10,,241,36,449,0.05175195942830797
0.3432971014492754,0.16869918699186992,0.20802005012531327,0.186307519640853,original,SKAB,dirichlet_smoothing_fold_4,2026,4,3,3,0.9,0.5,True,2.0,backoff,avg_negative_log,0.2231,,10,,241,36,449,0.05175195942830797
0.32608695652173914,0.15010141987829614,0.18546365914786966,0.16591928251121077,gaussian_noise,SKAB,dirichlet_smoothing_fold_4,2026,4,3,3,0.9,0.5,True,2.0,backoff,avg_negative_log,0.2231,,10,,241,36,449,0.05175195942830797
1.0,0.0,0.0,0.0,unseen_data,SKAB,dirichlet_smoothing_fold_4,2026,4,3,3,0.9,0.5,True,2.0,backoff,avg_negative_log,0.2231,,10,,241,36,449,0.05175195942830797
0.3432971014492754,0.16869918699186992,0.20802005012531327,0.186307519640853,original,SKAB,dirichlet_smoothing_fold_4,7,4,3,3,0.9,0.5,True,2.0,backoff,avg_negative_log,0.2231,,10,,241,36,449,0.05175195942830797
0.34601449275362317,0.16837782340862423,0.20551378446115287,0.18510158013544017,gaussian_noise,SKAB,dirichlet_smoothing_fold_4,7,4,3,3,0.9,0.5,True,2.0,backoff,avg_negative_log,0.2231,,10,,241,36,449,0.05175195942830797
1.0,0.0,0.0,0.0,unseen_data,SKAB,dirichlet_smoothing_fold_4,7,4,3,3,0.9,0.5,True,2.0,backoff,avg_negative_log,0.2231,,10,,241,36,449,0.05175195942830797
0.3432971014492754,0.16869918699186992,0.20802005012531327,0.186307519640853,original,SKAB,dirichlet_smoothing_fold_4,999,4,3,3,0.9,0.5,True,2.0,backoff,avg_negative_log,0.2231,,10,,241,36,449,0.05175195942830797
0.3278985507246377,0.16306483300589392,0.20802005012531327,0.1828193832599119,gaussian_noise,SKAB,dirichlet_smoothing_fold_4,999,4,3,3,0.9,0.5,True,2.0,backoff,avg_negative_log,0.2231,,10,,241,36,449,0.05175195942830797
1.0,0.0,0.0,0.0,unseen_data,SKAB,dirichlet_smoothing_fold_4,999,4,3,3,0.9,0.5,True,2.0,backoff,avg_negative_log,0.2231,,10,,241,36,449,0.05175195942830797
0.5977011494252874,0.46551724137931033,0.9473684210526315,0.6242774566473989,original,SKAB,dirichlet_smoothing_fold_5,42,4,3,3,0.9,0.5,True,2.0,backoff,avg_negative_log,0.2231,,10,,225,36,389,0.048024691358024695
0.5923961096374889,0.46200980392156865,0.9448621553884712,0.6205761316872428,gaussian_noise,SKAB,dirichlet_smoothing_fold_5,42,4,3,3,0.9,0.5,True,2.0,backoff,avg_negative_log,0.2231,,10,,225,36,389,0.048024691358024695
0.7391304347826086,0.7142857142857143,1.0,0.8333333333333334,unseen_data,SKAB,dirichlet_smoothing_fold_5,42,4,3,3,0.9,0.5,True,2.0,backoff,avg_negative_log,0.2231,,10,,225,36,389,0.048024691358024695
0.5977011494252874,0.46551724137931033,0.9473684210526315,0.6242774566473989,original,SKAB,dirichlet_smoothing_fold_5,123,4,3,3,0.9,0.5,True,2.0,backoff,avg_negative_log,0.2231,,10,,225,36,389,0.048024691358024695
0.5897435897435898,0.4585987261146497,0.9022556390977443,0.6081081081081081,gaussian_noise,SKAB,dirichlet_smoothing_fold_5,123,4,3,3,0.9,0.5,True,2.0,backoff,avg_negative_log,0.2231,,10,,225,36,389,0.048024691358024695
0.7391304347826086,0.7142857142857143,1.0,0.8333333333333334,unseen_data,SKAB,dirichlet_smoothing_fold_5,123,4,3,3,0.9,0.5,True,2.0,backoff,avg_negative_log,0.2231,,10,,225,36,389,0.048024691358024695
0.5977011494252874,0.46551724137931033,0.9473684210526315,0.6242774566473989,original,SKAB,dirichlet_smoothing_fold_5,2026,4,3,3,0.9,0.5,True,2.0,backoff,avg_negative_log,0.2231,,10,,225,36,389,0.048024691358024695
0.6083112290008842,0.4729064039408867,0.9624060150375939,0.634186622625929,gaussian_noise,SKAB,dirichlet_smoothing_fold_5,2026,4,3,3,0.9,0.5,True,2.0,backoff,avg_negative_log,0.2231,,10,,225,36,389,0.048024691358024695
0.7391304347826086,0.7142857142857143,1.0,0.8333333333333334,unseen_data,SKAB,dirichlet_smoothing_fold_5,2026,4,3,3,0.9,0.5,True,2.0,backoff,avg_negative_log,0.2231,,10,,225,36,389,0.048024691358024695
0.5977011494252874,0.46551724137931033,0.9473684210526315,0.6242774566473989,original,SKAB,dirichlet_smoothing_fold_5,7,4,3,3,0.9,0.5,True,2.0,backoff,avg_negative_log,0.2231,,10,,225,36,389,0.048024691358024695
0.5826702033598585,0.4554334554334554,0.9348370927318296,0.6124794745484401,gaussian_noise,SKAB,dirichlet_smoothing_fold_5,7,4,3,3,0.9,0.5,True,2.0,backoff,avg_negative_log,0.2231,,10,,225,36,389,0.048024691358024695
0.7391304347826086,0.7142857142857143,1.0,0.8333333333333334,unseen_data,SKAB,dirichlet_smoothing_fold_5,7,4,3,3,0.9,0.5,True,2.0,backoff,avg_negative_log,0.2231,,10,,225,36,389,0.048024691358024695
0.5977011494252874,0.46551724137931033,0.9473684210526315,0.6242774566473989,original,SKAB,dirichlet_smoothing_fold_5,999,4,3,3,0.9,0.5,True,2.0,backoff,avg_negative_log,0.2231,,10,,225,36,389,0.048024691358024695
0.5755968169761273,0.449938195302843,0.9122807017543859,0.6026490066225165,gaussian_noise,SKAB,dirichlet_smoothing_fold_5,999,4,3,3,0.9,0.5,True,2.0,backoff,avg_negative_log,0.2231,,10,,225,36,389,0.048024691358024695
0.7391304347826086,0.7142857142857143,1.0,0.8333333333333334,unseen_data,SKAB,dirichlet_smoothing_fold_5,999,4,3,3,0.9,0.5,True,2.0,backoff,avg_negative_log,0.2231,,10,,225,36,389,0.048024691358024695
0.6999109528049866,0.7711864406779662,0.22693266832917705,0.35067437379576105,original,SKAB,dirichlet_smoothing_fold_1,42,4,3,3,0.9,0.5,True,5.0,backoff,avg_negative_log,0.2231,,10,,225,35,400,0.050793650793650794
0.697239536954586,0.725925925925926,0.24438902743142144,0.3656716417910448,gaussian_noise,SKAB,dirichlet_smoothing_fold_1,42,4,3,3,0.9,0.5,True,5.0,backoff,avg_negative_log,0.2231,,10,,225,35,400,0.050793650793650794
0.0,0.0,0.0,0.0,unseen_data,SKAB,dirichlet_smoothing_fold_1,42,4,3,3,0.9,0.5,True,5.0,backoff,avg_negative_log,0.2231,,10,,225,35,400,0.050793650793650794
0.6999109528049866,0.7711864406779662,0.22693266832917705,0.35067437379576105,original,SKAB,dirichlet_smoothing_fold_1,123,4,3,3,0.9,0.5,True,5.0,backoff,avg_negative_log,0.2231,,10,,225,35,400,0.050793650793650794
0.6954585930543188,0.7610619469026548,0.2144638403990025,0.3346303501945525,gaussian_noise,SKAB,dirichlet_smoothing_fold_1,123,4,3,3,0.9,0.5,True,5.0,backoff,avg_negative_log,0.2231,,10,,225,35,400,0.050793650793650794
0.0,0.0,0.0,0.0,unseen_data,SKAB,dirichlet_smoothing_fold_1,123,4,3,3,0.9,0.5,True,5.0,backoff,avg_negative_log,0.2231,,10,,225,35,400,0.050793650793650794
0.6999109528049866,0.7711864406779662,0.22693266832917705,0.35067437379576105,original,SKAB,dirichlet_smoothing_fold_1,2026,4,3,3,0.9,0.5,True,5.0,backoff,avg_negative_log,0.2231,,10,,225,35,400,0.050793650793650794
0.6812110418521816,0.656934306569343,0.22443890274314215,0.3345724907063197,gaussian_noise,SKAB,dirichlet_smoothing_fold_1,2026,4,3,3,0.9,0.5,True,5.0,backoff,avg_negative_log,0.2231,,10,,225,35,400,0.050793650793650794
0.0,0.0,0.0,0.0,unseen_data,SKAB,dirichlet_smoothing_fold_1,2026,4,3,3,0.9,0.5,True,5.0,backoff,avg_negative_log,0.2231,,10,,225,35,400,0.050793650793650794
0.6999109528049866,0.7711864406779662,0.22693266832917705,0.35067437379576105,original,SKAB,dirichlet_smoothing_fold_1,7,4,3,3,0.9,0.5,True,5.0,backoff,avg_negative_log,0.2231,,10,,225,35,400,0.050793650793650794
0.691006233303651,0.7109375,0.22693266832917705,0.3440453686200378,gaussian_noise,SKAB,dirichlet_smoothing_fold_1,7,4,3,3,0.9,0.5,True,5.0,backoff,avg_negative_log,0.2231,,10,,225,35,400,0.050793650793650794
0.0,0.0,0.0,0.0,unseen_data,SKAB,dirichlet_smoothing_fold_1,7,4,3,3,0.9,0.5,True,5.0,backoff,avg_negative_log,0.2231,,10,,225,35,400,0.050793650793650794
0.6999109528049866,0.7711864406779662,0.22693266832917705,0.35067437379576105,original,SKAB,dirichlet_smoothing_fold_1,999,4,3,3,0.9,0.5,True,5.0,backoff,avg_negative_log,0.2231,,10,,225,35,400,0.050793650793650794
0.6945681211041852,0.7589285714285714,0.2119700748129676,0.3313840155945419,gaussian_noise,SKAB,dirichlet_smoothing_fold_1,999,4,3,3,0.9,0.5,True,5.0,backoff,avg_negative_log,0.2231,,10,,225,35,400,0.050793650793650794
0.0,0.0,0.0,0.0,unseen_data,SKAB,dirichlet_smoothing_fold_1,999,4,3,3,0.9,0.5,True,5.0,backoff,avg_negative_log,0.2231,,10,,225,35,400,0.050793650793650794
0.7569258266309205,0.6279527559055118,0.7935323383084577,0.701098901098901,original,SKAB,dirichlet_smoothing_fold_2,42,4,3,3,0.9,0.5,True,5.0,backoff,avg_negative_log,0.2231,,10,,234,34,438,0.05505279034690799
0.7676496872207328,0.6408730158730159,0.8034825870646766,0.7130242825607064,gaussian_noise,SKAB,dirichlet_smoothing_fold_2,42,4,3,3,0.9,0.5,True,5.0,backoff,avg_negative_log,0.2231,,10,,234,34,438,0.05505279034690799
0.0,0.0,0.0,0.0,unseen_data,SKAB,dirichlet_smoothing_fold_2,42,4,3,3,0.9,0.5,True,5.0,backoff,avg_negative_log,0.2231,,10,,234,34,438,0.05505279034690799
0.7569258266309205,0.6279527559055118,0.7935323383084577,0.701098901098901,original,SKAB,dirichlet_smoothing_fold_2,123,4,3,3,0.9,0.5,True,5.0,backoff,avg_negative_log,0.2231,,10,,234,34,438,0.05505279034690799
0.7658623771224308,0.6361867704280155,0.8134328358208955,0.7139737991266376,gaussian_noise,SKAB,dirichlet_smoothing_fold_2,123,4,3,3,0.9,0.5,True,5.0,backoff,avg_negative_log,0.2231,,10,,234,34,438,0.05505279034690799
0.0,0.0,0.0,0.0,unseen_data,SKAB,dirichlet_smoothing_fold_2,123,4,3,3,0.9,0.5,True,5.0,backoff,avg_negative_log,0.2231,,10,,234,34,438,0.05505279034690799
0.7569258266309205,0.6279527559055118,0.7935323383084577,0.701098901098901,original,SKAB,dirichlet_smoothing_fold_2,2026,4,3,3,0.9,0.5,True,5.0,backoff,avg_negative_log,0.2231,,10,,234,34,438,0.05505279034690799
0.7587131367292225,0.6259541984732825,0.8159203980099502,0.7084233261339092,gaussian_noise,SKAB,dirichlet_smoothing_fold_2,2026,4,3,3,0.9,0.5,True,5.0,backoff,avg_negative_log,0.2231,,10,,234,34,438,0.05505279034690799
0.0,0.0,0.0,0.0,unseen_data,SKAB,dirichlet_smoothing_fold_2,2026,4,3,3,0.9,0.5,True,5.0,backoff,avg_negative_log,0.2231,,10,,234,34,438,0.05505279034690799
0.7569258266309205,0.6279527559055118,0.7935323383084577,0.701098901098901,original,SKAB,dirichlet_smoothing_fold_2,7,4,3,3,0.9,0.5,True,5.0,backoff,avg_negative_log,0.2231,,10,,234,34,438,0.05505279034690799
0.7640750670241286,0.6326923076923077,0.818407960199005,0.7136659436008677,gaussian_noise,SKAB,dirichlet_smoothing_fold_2,7,4,3,3,0.9,0.5,True,5.0,backoff,avg_negative_log,0.2231,,10,,234,34,438,0.05505279034690799
0.0,0.0,0.0,0.0,unseen_data,SKAB,dirichlet_smoothing_fold_2,7,4,3,3,0.9,0.5,True,5.0,backoff,avg_negative_log,0.2231,,10,,234,34,438,0.05505279034690799
0.7569258266309205,0.6279527559055118,0.7935323383084577,0.701098901098901,original,SKAB,dirichlet_smoothing_fold_2,999,4,3,3,0.9,0.5,True,5.0,backoff,avg_negative_log,0.2231,,10,,234,34,438,0.05505279034690799
0.7551385165326184,0.6259842519685039,0.7910447761194029,0.6989010989010989,gaussian_noise,SKAB,dirichlet_smoothing_fold_2,999,4,3,3,0.9,0.5,True,5.0,backoff,avg_negative_log,0.2231,,10,,234,34,438,0.05505279034690799
0.0,0.0,0.0,0.0,unseen_data,SKAB,dirichlet_smoothing_fold_2,999,4,3,3,0.9,0.5,True,5.0,backoff,avg_negative_log,0.2231,,10,,234,34,438,0.05505279034690799
0.6076854334226989,0.4626865671641791,0.6215538847117794,0.5304812834224599,original,SKAB,dirichlet_smoothing_fold_3,42,4,3,3,0.9,0.5,True,5.0,backoff,avg_negative_log,0.2231,,10,,243,37,440,0.048937826715604496
0.610366398570152,0.46502835538752363,0.6165413533834586,0.5301724137931034,gaussian_noise,SKAB,dirichlet_smoothing_fold_3,42,4,3,3,0.9,0.5,True,5.0,backoff,avg_negative_log,0.2231,,10,,243,37,440,0.048937826715604496
1.0,0.0,0.0,0.0,unseen_data,SKAB,dirichlet_smoothing_fold_3,42,4,3,3,0.9,0.5,True,5.0,backoff,avg_negative_log,0.2231,,10,,243,37,440,0.048937826715604496
0.6076854334226989,0.4626865671641791,0.6215538847117794,0.5304812834224599,original,SKAB,dirichlet_smoothing_fold_3,123,4,3,3,0.9,0.5,True,5.0,backoff,avg_negative_log,0.2231,,10,,243,37,440,0.048937826715604496
0.5987488829311886,0.4550359712230216,0.6340852130325815,0.5298429319371728,gaussian_noise,SKAB,dirichlet_smoothing_fold_3,123,4,3,3,0.9,0.5,True,5.0,backoff,avg_negative_log,0.2231,,10,,243,37,440,0.048937826715604496
1.0,0.0,0.0,0.0,unseen_data,SKAB,dirichlet_smoothing_fold_3,123,4,3,3,0.9,0.5,True,5.0,backoff,avg_negative_log,0.2231,,10,,243,37,440,0.048937826715604496
0.6076854334226989,0.4626865671641791,0.6215538847117794,0.5304812834224599,original,SKAB,dirichlet_smoothing_fold_3,2026,4,3,3,0.9,0.5,True,5.0,backoff,avg_negative_log,0.2231,,10,,243,37,440,0.048937826715604496
0.612153708668454,0.46858168761220825,0.6541353383458647,0.5460251046025104,gaussian_noise,SKAB,dirichlet_smoothing_fold_3,2026,4,3,3,0.9,0.5,True,5.0,backoff,avg_negative_log,0.2231,,10,,243,37,440,0.048937826715604496
1.0,0.0,0.0,0.0,unseen_data,SKAB,dirichlet_smoothing_fold_3,2026,4,3,3,0.9,0.5,True,5.0,backoff,avg_negative_log,0.2231,,10,,243,37,440,0.048937826715604496
0.6076854334226989,0.4626865671641791,0.6215538847117794,0.5304812834224599,original,SKAB,dirichlet_smoothing_fold_3,7,4,3,3,0.9,0.5,True,5.0,backoff,avg_negative_log,0.2231,,10,,243,37,440,0.048937826715604496
0.6184092940125112,0.4748201438848921,0.6616541353383458,0.5528795811518324,gaussian_noise,SKAB,dirichlet_smoothing_fold_3,7,4,3,3,0.9,0.5,True,5.0,backoff,avg_negative_log,0.2231,,10,,243,37,440,0.048937826715604496
1.0,0.0,0.0,0.0,unseen_data,SKAB,dirichlet_smoothing_fold_3,7,4,3,3,0.9,0.5,True,5.0,backoff,avg_negative_log,0.2231,,10,,243,37,440,0.048937826715604496
0.6076854334226989,0.4626865671641791,0.6215538847117794,0.5304812834224599,original,SKAB,dirichlet_smoothing_fold_3,999,4,3,3,0.9,0.5,True,5.0,backoff,avg_negative_log,0.2231,,10,,243,37,440,0.048937826715604496
0.6005361930294906,0.45636363636363636,0.6290726817042607,0.5289778714436248,gaussian_noise,SKAB,dirichlet_smoothing_fold_3,999,4,3,3,0.9,0.5,True,5.0,backoff,avg_negative_log,0.2231,,10,,243,37,440,0.048937826715604496
1.0,0.0,0.0,0.0,unseen_data,SKAB,dirichlet_smoothing_fold_3,999,4,3,3,0.9,0.5,True,5.0,backoff,avg_negative_log,0.2231,,10,,243,37,440,0.048937826715604496
0.3442028985507246,0.17038539553752535,0.21052631578947367,0.18834080717488788,original,SKAB,dirichlet_smoothing_fold_4,42,4,3,3,0.9,0.5,True,5.0,backoff,avg_negative_log,0.2231,,10,,241,36,449,0.05175195942830797
0.32608695652173914,0.15151515151515152,0.18796992481203006,0.16778523489932887,gaussian_noise,SKAB,dirichlet_smoothing_fold_4,42,4,3,3,0.9,0.5,True,5.0,backoff,avg_negative_log,0.2231,,10,,241,36,449,0.05175195942830797
1.0,0.0,0.0,0.0,unseen_data,SKAB,dirichlet_smoothing_fold_4,42,4,3,3,0.9,0.5,True,5.0,backoff,avg_negative_log,0.2231,,10,,241,36,449,0.05175195942830797
0.3442028985507246,0.17038539553752535,0.21052631578947367,0.18834080717488788,original,SKAB,dirichlet_smoothing_fold_4,123,4,3,3,0.9,0.5,True,5.0,backoff,avg_negative_log,0.2231,,10,,241,36,449,0.05175195942830797
0.32608695652173914,0.15010141987829614,0.18546365914786966,0.16591928251121077,gaussian_noise,SKAB,dirichlet_smoothing_fold_4,123,4,3,3,0.9,0.5,True,5.0,backoff,avg_negative_log,0.2231,,10,,241,36,449,0.05175195942830797
1.0,0.0,0.0,0.0,unseen_data,SKAB,dirichlet_smoothing_fold_4,123,4,3,3,0.9,0.5,True,5.0,backoff,avg_negative_log,0.2231,,10,,241,36,449,0.05175195942830797
0.3442028985507246,0.17038539553752535,0.21052631578947367,0.18834080717488788,original,SKAB,dirichlet_smoothing_fold_4,2026,4,3,3,0.9,0.5,True,5.0,backoff,avg_negative_log,0.2231,,10,,241,36,449,0.05175195942830797
0.3269927536231884,0.15182186234817813,0.18796992481203006,0.167973124300112,gaussian_noise,SKAB,dirichlet_smoothing_fold_4,2026,4,3,3,0.9,0.5,True,5.0,backoff,avg_negative_log,0.2231,,10,,241,36,449,0.05175195942830797
1.0,0.0,0.0,0.0,unseen_data,SKAB,dirichlet_smoothing_fold_4,2026,4,3,3,0.9,0.5,True,5.0,backoff,avg_negative_log,0.2231,,10,,241,36,449,0.05175195942830797
0.3442028985507246,0.17038539553752535,0.21052631578947367,0.18834080717488788,original,SKAB,dirichlet_smoothing_fold_4,7,4,3,3,0.9,0.5,True,5.0,backoff,avg_negative_log,0.2231,,10,,241,36,449,0.05175195942830797
0.34692028985507245,0.17008196721311475,0.20802005012531327,0.1871476888387824,gaussian_noise,SKAB,dirichlet_smoothing_fold_4,7,4,3,3,0.9,0.5,True,5.0,backoff,avg_negative_log,0.2231,,10,,241,36,449,0.05175195942830797
1.0,0.0,0.0,0.0,unseen_data,SKAB,dirichlet_smoothing_fold_4,7,4,3,3,0.9,0.5,True,5.0,backoff,avg_negative_log,0.2231,,10,,241,36,449,0.05175195942830797
0.3442028985507246,0.17038539553752535,0.21052631578947367,0.18834080717488788,original,SKAB,dirichlet_smoothing_fold_4,999,4,3,3,0.9,0.5,True,5.0,backoff,avg_negative_log,0.2231,,10,,241,36,449,0.05175195942830797
0.328804347826087,0.16470588235294117,0.21052631578947367,0.1848184818481848,gaussian_noise,SKAB,dirichlet_smoothing_fold_4,999,4,3,3,0.9,0.5,True,5.0,backoff,avg_negative_log,0.2231,,10,,241,36,449,0.05175195942830797
1.0,0.0,0.0,0.0,unseen_data,SKAB,dirichlet_smoothing_fold_4,999,4,3,3,0.9,0.5,True,5.0,backoff,avg_negative_log,0.2231,,10,,241,36,449,0.05175195942830797
0.5977011494252874,0.46551724137931033,0.9473684210526315,0.6242774566473989,original,SKAB,dirichlet_smoothing_fold_5,42,4,3,3,0.9,0.5,True,5.0,backoff,avg_negative_log,0.2231,,10,,225,36,389,0.048024691358024695
0.5923961096374889,0.46200980392156865,0.9448621553884712,0.6205761316872428,gaussian_noise,SKAB,dirichlet_smoothing_fold_5,42,4,3,3,0.9,0.5,True,5.0,backoff,avg_negative_log,0.2231,,10,,225,36,389,0.048024691358024695
0.7391304347826086,0.7142857142857143,1.0,0.8333333333333334,unseen_data,SKAB,dirichlet_smoothing_fold_5,42,4,3,3,0.9,0.5,True,5.0,backoff,avg_negative_log,0.2231,,10,,225,36,389,0.048024691358024695
0.5977011494252874,0.46551724137931033,0.9473684210526315,0.6242774566473989,original,SKAB,dirichlet_smoothing_fold_5,123,4,3,3,0.9,0.5,True,5.0,backoff,avg_negative_log,0.2231,,10,,225,36,389,0.048024691358024695
0.5888594164456233,0.4580152671755725,0.9022556390977443,0.6075949367088608,gaussian_noise,SKAB,dirichlet_smoothing_fold_5,123,4,3,3,0.9,0.5,True,5.0,backoff,avg_negative_log,0.2231,,10,,225,36,389,0.048024691358024695
0.7391304347826086,0.7142857142857143,1.0,0.8333333333333334,unseen_data,SKAB,dirichlet_smoothing_fold_5,123,4,3,3,0.9,0.5,True,5.0,backoff,avg_negative_log,0.2231,,10,,225,36,389,0.048024691358024695
0.5977011494252874,0.46551724137931033,0.9473684210526315,0.6242774566473989,original,SKAB,dirichlet_smoothing_fold_5,2026,4,3,3,0.9,0.5,True,5.0,backoff,avg_negative_log,0.2231,,10,,225,36,389,0.048024691358024695
0.6083112290008842,0.4729064039408867,0.9624060150375939,0.634186622625929,gaussian_noise,SKAB,dirichlet_smoothing_fold_5,2026,4,3,3,0.9,0.5,True,5.0,backoff,avg_negative_log,0.2231,,10,,225,36,389,0.048024691358024695
0.7391304347826086,0.7142857142857143,1.0,0.8333333333333334,unseen_data,SKAB,dirichlet_smoothing_fold_5,2026,4,3,3,0.9,0.5,True,5.0,backoff,avg_negative_log,0.2231,,10,,225,36,389,0.048024691358024695
0.5977011494252874,0.46551724137931033,0.9473684210526315,0.6242774566473989,original,SKAB,dirichlet_smoothing_fold_5,7,4,3,3,0.9,0.5,True,5.0,backoff,avg_negative_log,0.2231,,10,,225,36,389,0.048024691358024695
0.5826702033598585,0.4554334554334554,0.9348370927318296,0.6124794745484401,gaussian_noise,SKAB,dirichlet_smoothing_fold_5,7,4,3,3,0.9,0.5,True,5.0,backoff,avg_negative_log,0.2231,,10,,225,36,389,0.048024691358024695
0.7391304347826086,0.7142857142857143,1.0,0.8333333333333334,unseen_data,SKAB,dirichlet_smoothing_fold_5,7,4,3,3,0.9,0.5,True,5.0,backoff,avg_negative_log,0.2231,,10,,225,36,389,0.048024691358024695
0.5977011494252874,0.46551724137931033,0.9473684210526315,0.6242774566473989,original,SKAB,dirichlet_smoothing_fold_5,999,4,3,3,0.9,0.5,True,5.0,backoff,avg_negative_log,0.2231,,10,,225,36,389,0.048024691358024695
0.5755968169761273,0.449938195302843,0.9122807017543859,0.6026490066225165,gaussian_noise,SKAB,dirichlet_smoothing_fold_5,999,4,3,3,0.9,0.5,True,5.0,backoff,avg_negative_log,0.2231,,10,,225,36,389,0.048024691358024695
0.7391304347826086,0.7142857142857143,1.0,0.8333333333333334,unseen_data,SKAB,dirichlet_smoothing_fold_5,999,4,3,3,0.9,0.5,True,5.0,backoff,avg_negative_log,0.2231,,10,,225,36,389,0.048024691358024695
