dataset,model,balancing_method,accuracy_mean,accuracy_std,precision_mean,precision_std,recall_mean,recall_std,f1_mean,f1_std
BATADAL,GRU,adasyn,0.9436517533252721,0.027581723686409293,0.8254625645438898,0.10604792220892097,0.585,0.4025698697120787,0.5857573136969865,0.3528703900921375
BATADAL,LSTM,adasyn,0.9240628778718258,0.03208798905321821,0.436230349892097,0.31052155047733165,0.38,0.486665953195824,0.35058944981033935,0.42274054574299014
