dataset,model,accuracy_mean,accuracy_std,precision_mean,precision_std,recall_mean,recall_std,f1_mean,f1_std
BATADAL,GRU,0.9006119951040391,0.03438519422162718,0.48154580129518354,0.15225093014066995,0.6825,0.2950900286353302,0.5585187185825509,0.19746320390665184
BATADAL,LSTM,0.933170134638923,0.03390474969991069,0.5922474874810223,0.1740343694839073,0.6100000000000001,0.4496005171260371,0.5608504205523348,0.3452706650108167
