dataset,model,balancing_method,accuracy_mean,accuracy_std,precision_mean,precision_std,recall_mean,recall_std,f1_mean,f1_std
BATADAL,GRU,adasyn,0.9405140758873929,0.031044503548279027,0.6436915030050041,0.2524181783823556,0.6625,0.37007178357718656,0.6323702741846596,0.3150643089256603
BATADAL,LSTM,adasyn,0.9498164014687882,0.030440220600846772,0.6374906811738124,0.3676830098803053,0.6849999999999999,0.3867331121070447,0.6560113093949422,0.3686258347592299
