dataset,model,fold,threshold,accuracy,precision,recall,f1
SKAB,GRU,1,0.4,0.8931297709923665,0.9643478260869566,0.7182642487046632,0.8233110616184113
SKAB,GRU,2,0.5,0.8773669972948602,0.7882489819662595,0.8827361563517915,0.832821143208359
SKAB,GRU,3,0.5,0.8845546786922209,0.7775965198477434,0.9328114807566862,0.8481613285883749
SKAB,GRU,4,0.5,0.9419561243144424,0.9977843426883308,0.8433208489388264,0.9140730717185386
SKAB,GRU,5,0.5,0.9200805910006716,0.9921568627450981,0.7847394540942928,0.8763422237616904
