dataset,model,fold,threshold,accuracy,precision,recall,f1
SKAB,LSTM,1,0.4,0.8926807364167041,0.9594827586206897,0.7208549222797928,0.8232248520710059
SKAB,LSTM,2,0.5,0.8595581605049594,0.7513781697905182,0.8879478827361563,0.8139743206927441
SKAB,LSTM,3,0.5,0.8200676437429538,0.6744186046511628,0.9269406392694064,0.7807692307692308
SKAB,LSTM,4,0.5,0.9403564899451554,0.9948339483394834,0.8414481897627965,0.9117348664186675
SKAB,LSTM,5,0.5,0.9178419520931274,0.9913180741910024,0.7791563275434243,0.8725251823549843
