dataset,model,accuracy_mean,accuracy_std,precision_mean,precision_std,recall_mean,recall_std,f1_mean,f1_std
SKAB,GRU,0.9089375236989905,0.02258255782121357,0.9160998323129665,0.084332849382855,0.8297364833800945,0.07351540163675678,0.8649397645481881,0.03423397228703125
SKAB,LSTM,0.9046863641164624,0.025033680618103744,0.9105740398949059,0.08265164979696217,0.8214694056880971,0.07571884031528708,0.858118284029236,0.039317445893971806
