dataset,model_a,model_b,mean_a,mean_b,statistic,p_value,significant (p<0.05)
SKAB,LSTM,GRU,0.8404456904613266,0.8589417657790748,0.0,0.0625,Hayir
SKAB,LSTM,Automata,0.8404456904613266,0.41666907868134817,0.0,0.0625,Hayir
SKAB,GRU,Automata,0.8589417657790748,0.41666907868134817,0.0,0.0625,Hayir
BATADAL,LSTM,GRU,0.5608504205523348,0.5585187185825508,7.0,1.0,Hayir
