accuracy,precision,recall,f1_score,scenario,dataset,fold,seed,window_size,alphabet_size,order,smoothing_alpha,decision_mode,score_window,score_threshold,anomaly_threshold,max_mapping_distance,num_states,vocab_size,num_transitions,transition_density,smoothing,learning_rate,dirichlet_smoothing_enabled,dirichlet_alpha,dirichlet_prior_mode
0.26866666666666666,0.2676902536715621,1.0,0.42232754081095314,original,SKAB,fold_1,42,3,3,3,0.5,avg_negative_log,10,0.0,0.9,,147,22,270,0.08348794063079777,True,0.0,False,5.0,uniform
0.26866666666666666,0.2676902536715621,1.0,0.42232754081095314,gaussian_noise,SKAB,fold_1,42,3,3,3,0.5,avg_negative_log,10,0.0,0.9,,147,22,270,0.08348794063079777,True,0.0,False,5.0,uniform
0.26866666666666666,0.2676902536715621,1.0,0.42232754081095314,original,SKAB,fold_1,123,3,3,3,0.5,avg_negative_log,10,0.0,0.9,,147,22,270,0.08348794063079777,True,0.0,False,5.0,uniform
0.26866666666666666,0.2676902536715621,1.0,0.42232754081095314,gaussian_noise,SKAB,fold_1,123,3,3,3,0.5,avg_negative_log,10,0.0,0.9,,147,22,270,0.08348794063079777,True,0.0,False,5.0,uniform
0.26866666666666666,0.2676902536715621,1.0,0.42232754081095314,original,SKAB,fold_1,2026,3,3,3,0.5,avg_negative_log,10,0.0,0.9,,147,22,270,0.08348794063079777,True,0.0,False,5.0,uniform
0.26866666666666666,0.2676902536715621,1.0,0.42232754081095314,gaussian_noise,SKAB,fold_1,2026,3,3,3,0.5,avg_negative_log,10,0.0,0.9,,147,22,270,0.08348794063079777,True,0.0,False,5.0,uniform
0.26866666666666666,0.2676902536715621,1.0,0.42232754081095314,original,SKAB,fold_1,7,3,3,3,0.5,avg_negative_log,10,0.0,0.9,,147,22,270,0.08348794063079777,True,0.0,False,5.0,uniform
0.26866666666666666,0.2676902536715621,1.0,0.42232754081095314,gaussian_noise,SKAB,fold_1,7,3,3,3,0.5,avg_negative_log,10,0.0,0.9,,147,22,270,0.08348794063079777,True,0.0,False,5.0,uniform
0.26866666666666666,0.2676902536715621,1.0,0.42232754081095314,original,SKAB,fold_1,999,3,3,3,0.5,avg_negative_log,10,0.0,0.9,,147,22,270,0.08348794063079777,True,0.0,False,5.0,uniform
0.26866666666666666,0.2676902536715621,1.0,0.42232754081095314,gaussian_noise,SKAB,fold_1,999,3,3,3,0.5,avg_negative_log,10,0.0,0.9,,147,22,270,0.08348794063079777,True,0.0,False,5.0,uniform
0.27041499330655955,0.26943699731903487,1.0,0.4244984160506864,original,SKAB,fold_2,42,3,3,3,0.5,avg_negative_log,10,0.0,0.9,,125,18,240,0.10666666666666667,True,0.0,False,5.0,uniform
0.27041499330655955,0.26943699731903487,1.0,0.4244984160506864,gaussian_noise,SKAB,fold_2,42,3,3,3,0.5,avg_negative_log,10,0.0,0.9,,125,18,240,0.10666666666666667,True,0.0,False,5.0,uniform
0.27041499330655955,0.26943699731903487,1.0,0.4244984160506864,original,SKAB,fold_2,123,3,3,3,0.5,avg_negative_log,10,0.0,0.9,,125,18,240,0.10666666666666667,True,0.0,False,5.0,uniform
0.27041499330655955,0.26943699731903487,1.0,0.4244984160506864,gaussian_noise,SKAB,fold_2,123,3,3,3,0.5,avg_negative_log,10,0.0,0.9,,125,18,240,0.10666666666666667,True,0.0,False,5.0,uniform
0.27041499330655955,0.26943699731903487,1.0,0.4244984160506864,original,SKAB,fold_2,2026,3,3,3,0.5,avg_negative_log,10,0.0,0.9,,125,18,240,0.10666666666666667,True,0.0,False,5.0,uniform
0.27041499330655955,0.26943699731903487,1.0,0.4244984160506864,gaussian_noise,SKAB,fold_2,2026,3,3,3,0.5,avg_negative_log,10,0.0,0.9,,125,18,240,0.10666666666666667,True,0.0,False,5.0,uniform
0.27041499330655955,0.26943699731903487,1.0,0.4244984160506864,original,SKAB,fold_2,7,3,3,3,0.5,avg_negative_log,10,0.0,0.9,,125,18,240,0.10666666666666667,True,0.0,False,5.0,uniform
0.27041499330655955,0.26943699731903487,1.0,0.4244984160506864,gaussian_noise,SKAB,fold_2,7,3,3,3,0.5,avg_negative_log,10,0.0,0.9,,125,18,240,0.10666666666666667,True,0.0,False,5.0,uniform
0.27041499330655955,0.26943699731903487,1.0,0.4244984160506864,original,SKAB,fold_2,999,3,3,3,0.5,avg_negative_log,10,0.0,0.9,,125,18,240,0.10666666666666667,True,0.0,False,5.0,uniform
0.27041499330655955,0.26943699731903487,1.0,0.4244984160506864,gaussian_noise,SKAB,fold_2,999,3,3,3,0.5,avg_negative_log,10,0.0,0.9,,125,18,240,0.10666666666666667,True,0.0,False,5.0,uniform
0.2684069611780455,0.26742627345844505,1.0,0.42199894235854046,original,SKAB,fold_3,42,3,3,3,0.5,avg_negative_log,10,0.0,0.9,,127,19,241,0.0998756734355574,True,0.0,False,5.0,uniform
0.2684069611780455,0.26742627345844505,1.0,0.42199894235854046,gaussian_noise,SKAB,fold_3,42,3,3,3,0.5,avg_negative_log,10,0.0,0.9,,127,19,241,0.0998756734355574,True,0.0,False,5.0,uniform
0.2684069611780455,0.26742627345844505,1.0,0.42199894235854046,original,SKAB,fold_3,123,3,3,3,0.5,avg_negative_log,10,0.0,0.9,,127,19,241,0.0998756734355574,True,0.0,False,5.0,uniform
0.2684069611780455,0.26742627345844505,1.0,0.42199894235854046,gaussian_noise,SKAB,fold_3,123,3,3,3,0.5,avg_negative_log,10,0.0,0.9,,127,19,241,0.0998756734355574,True,0.0,False,5.0,uniform
0.2684069611780455,0.26742627345844505,1.0,0.42199894235854046,original,SKAB,fold_3,2026,3,3,3,0.5,avg_negative_log,10,0.0,0.9,,127,19,241,0.0998756734355574,True,0.0,False,5.0,uniform
0.2684069611780455,0.26742627345844505,1.0,0.42199894235854046,gaussian_noise,SKAB,fold_3,2026,3,3,3,0.5,avg_negative_log,10,0.0,0.9,,127,19,241,0.0998756734355574,True,0.0,False,5.0,uniform
0.2684069611780455,0.26742627345844505,1.0,0.42199894235854046,original,SKAB,fold_3,7,3,3,3,0.5,avg_negative_log,10,0.0,0.9,,127,19,241,0.0998756734355574,True,0.0,False,5.0,uniform
0.2684069611780455,0.26742627345844505,1.0,0.42199894235854046,gaussian_noise,SKAB,fold_3,7,3,3,3,0.5,avg_negative_log,10,0.0,0.9,,127,19,241,0.0998756734355574,True,0.0,False,5.0,uniform
0.2684069611780455,0.26742627345844505,1.0,0.42199894235854046,original,SKAB,fold_3,999,3,3,3,0.5,avg_negative_log,10,0.0,0.9,,127,19,241,0.0998756734355574,True,0.0,False,5.0,uniform
0.2684069611780455,0.26742627345844505,1.0,0.42199894235854046,gaussian_noise,SKAB,fold_3,999,3,3,3,0.5,avg_negative_log,10,0.0,0.9,,127,19,241,0.0998756734355574,True,0.0,False,5.0,uniform
0.27204884667571233,0.2710597826086957,1.0,0.4265098877605559,original,SKAB,fold_4,42,3,3,3,0.5,avg_negative_log,10,0.0,0.9,,127,19,243,0.10070451719850808,True,0.0,False,5.0,uniform
0.27204884667571233,0.2710597826086957,1.0,0.4265098877605559,gaussian_noise,SKAB,fold_4,42,3,3,3,0.5,avg_negative_log,10,0.0,0.9,,127,19,243,0.10070451719850808,True,0.0,False,5.0,uniform
0.27204884667571233,0.2710597826086957,1.0,0.4265098877605559,original,SKAB,fold_4,123,3,3,3,0.5,avg_negative_log,10,0.0,0.9,,127,19,243,0.10070451719850808,True,0.0,False,5.0,uniform
0.27204884667571233,0.2710597826086957,1.0,0.4265098877605559,gaussian_noise,SKAB,fold_4,123,3,3,3,0.5,avg_negative_log,10,0.0,0.9,,127,19,243,0.10070451719850808,True,0.0,False,5.0,uniform
0.27204884667571233,0.2710597826086957,1.0,0.4265098877605559,original,SKAB,fold_4,2026,3,3,3,0.5,avg_negative_log,10,0.0,0.9,,127,19,243,0.10070451719850808,True,0.0,False,5.0,uniform
0.27204884667571233,0.2710597826086957,1.0,0.4265098877605559,gaussian_noise,SKAB,fold_4,2026,3,3,3,0.5,avg_negative_log,10,0.0,0.9,,127,19,243,0.10070451719850808,True,0.0,False,5.0,uniform
0.27204884667571233,0.2710597826086957,1.0,0.4265098877605559,original,SKAB,fold_4,7,3,3,3,0.5,avg_negative_log,10,0.0,0.9,,127,19,243,0.10070451719850808,True,0.0,False,5.0,uniform
0.27204884667571233,0.2710597826086957,1.0,0.4265098877605559,gaussian_noise,SKAB,fold_4,7,3,3,3,0.5,avg_negative_log,10,0.0,0.9,,127,19,243,0.10070451719850808,True,0.0,False,5.0,uniform
0.27204884667571233,0.2710597826086957,1.0,0.4265098877605559,original,SKAB,fold_4,999,3,3,3,0.5,avg_negative_log,10,0.0,0.9,,127,19,243,0.10070451719850808,True,0.0,False,5.0,uniform
0.27204884667571233,0.2710597826086957,1.0,0.4265098877605559,gaussian_noise,SKAB,fold_4,999,3,3,3,0.5,avg_negative_log,10,0.0,0.9,,127,19,243,0.10070451719850808,True,0.0,False,5.0,uniform
0.26538716082064856,0.2644135188866799,1.0,0.41823899371069184,original,SKAB,fold_5,42,3,3,3,0.5,avg_negative_log,10,0.0,0.9,,133,20,247,0.09285714285714286,True,0.0,False,5.0,uniform
0.26538716082064856,0.2644135188866799,1.0,0.41823899371069184,gaussian_noise,SKAB,fold_5,42,3,3,3,0.5,avg_negative_log,10,0.0,0.9,,133,20,247,0.09285714285714286,True,0.0,False,5.0,uniform
0.26538716082064856,0.2644135188866799,1.0,0.41823899371069184,original,SKAB,fold_5,123,3,3,3,0.5,avg_negative_log,10,0.0,0.9,,133,20,247,0.09285714285714286,True,0.0,False,5.0,uniform
0.26538716082064856,0.2644135188866799,1.0,0.41823899371069184,gaussian_noise,SKAB,fold_5,123,3,3,3,0.5,avg_negative_log,10,0.0,0.9,,133,20,247,0.09285714285714286,True,0.0,False,5.0,uniform
0.26538716082064856,0.2644135188866799,1.0,0.41823899371069184,original,SKAB,fold_5,2026,3,3,3,0.5,avg_negative_log,10,0.0,0.9,,133,20,247,0.09285714285714286,True,0.0,False,5.0,uniform
0.26538716082064856,0.2644135188866799,1.0,0.41823899371069184,gaussian_noise,SKAB,fold_5,2026,3,3,3,0.5,avg_negative_log,10,0.0,0.9,,133,20,247,0.09285714285714286,True,0.0,False,5.0,uniform
0.26538716082064856,0.2644135188866799,1.0,0.41823899371069184,original,SKAB,fold_5,7,3,3,3,0.5,avg_negative_log,10,0.0,0.9,,133,20,247,0.09285714285714286,True,0.0,False,5.0,uniform
0.26538716082064856,0.2644135188866799,1.0,0.41823899371069184,gaussian_noise,SKAB,fold_5,7,3,3,3,0.5,avg_negative_log,10,0.0,0.9,,133,20,247,0.09285714285714286,True,0.0,False,5.0,uniform
0.26538716082064856,0.2644135188866799,1.0,0.41823899371069184,original,SKAB,fold_5,999,3,3,3,0.5,avg_negative_log,10,0.0,0.9,,133,20,247,0.09285714285714286,True,0.0,False,5.0,uniform
0.26538716082064856,0.2644135188866799,1.0,0.41823899371069184,gaussian_noise,SKAB,fold_5,999,3,3,3,0.5,avg_negative_log,10,0.0,0.9,,133,20,247,0.09285714285714286,True,0.0,False,5.0,uniform
0.26866666666666666,0.2676902536715621,1.0,0.42232754081095314,original,SKAB,fold_1,42,3,3,3,0.5,avg_negative_log,10,0.001,0.9,,147,22,270,0.08348794063079777,True,0.0,False,5.0,uniform
0.26866666666666666,0.2676902536715621,1.0,0.42232754081095314,gaussian_noise,SKAB,fold_1,42,3,3,3,0.5,avg_negative_log,10,0.001,0.9,,147,22,270,0.08348794063079777,True,0.0,False,5.0,uniform
0.26866666666666666,0.2676902536715621,1.0,0.42232754081095314,original,SKAB,fold_1,123,3,3,3,0.5,avg_negative_log,10,0.001,0.9,,147,22,270,0.08348794063079777,True,0.0,False,5.0,uniform
0.26866666666666666,0.2676902536715621,1.0,0.42232754081095314,gaussian_noise,SKAB,fold_1,123,3,3,3,0.5,avg_negative_log,10,0.001,0.9,,147,22,270,0.08348794063079777,True,0.0,False,5.0,uniform
0.26866666666666666,0.2676902536715621,1.0,0.42232754081095314,original,SKAB,fold_1,2026,3,3,3,0.5,avg_negative_log,10,0.001,0.9,,147,22,270,0.08348794063079777,True,0.0,False,5.0,uniform
0.26866666666666666,0.2676902536715621,1.0,0.42232754081095314,gaussian_noise,SKAB,fold_1,2026,3,3,3,0.5,avg_negative_log,10,0.001,0.9,,147,22,270,0.08348794063079777,True,0.0,False,5.0,uniform
0.26866666666666666,0.2676902536715621,1.0,0.42232754081095314,original,SKAB,fold_1,7,3,3,3,0.5,avg_negative_log,10,0.001,0.9,,147,22,270,0.08348794063079777,True,0.0,False,5.0,uniform
0.26866666666666666,0.2676902536715621,1.0,0.42232754081095314,gaussian_noise,SKAB,fold_1,7,3,3,3,0.5,avg_negative_log,10,0.001,0.9,,147,22,270,0.08348794063079777,True,0.0,False,5.0,uniform
0.26866666666666666,0.2676902536715621,1.0,0.42232754081095314,original,SKAB,fold_1,999,3,3,3,0.5,avg_negative_log,10,0.001,0.9,,147,22,270,0.08348794063079777,True,0.0,False,5.0,uniform
0.26866666666666666,0.2676902536715621,1.0,0.42232754081095314,gaussian_noise,SKAB,fold_1,999,3,3,3,0.5,avg_negative_log,10,0.001,0.9,,147,22,270,0.08348794063079777,True,0.0,False,5.0,uniform
0.27041499330655955,0.26943699731903487,1.0,0.4244984160506864,original,SKAB,fold_2,42,3,3,3,0.5,avg_negative_log,10,0.001,0.9,,125,18,240,0.10666666666666667,True,0.0,False,5.0,uniform
0.27041499330655955,0.26943699731903487,1.0,0.4244984160506864,gaussian_noise,SKAB,fold_2,42,3,3,3,0.5,avg_negative_log,10,0.001,0.9,,125,18,240,0.10666666666666667,True,0.0,False,5.0,uniform
0.27041499330655955,0.26943699731903487,1.0,0.4244984160506864,original,SKAB,fold_2,123,3,3,3,0.5,avg_negative_log,10,0.001,0.9,,125,18,240,0.10666666666666667,True,0.0,False,5.0,uniform
0.27041499330655955,0.26943699731903487,1.0,0.4244984160506864,gaussian_noise,SKAB,fold_2,123,3,3,3,0.5,avg_negative_log,10,0.001,0.9,,125,18,240,0.10666666666666667,True,0.0,False,5.0,uniform
0.27041499330655955,0.26943699731903487,1.0,0.4244984160506864,original,SKAB,fold_2,2026,3,3,3,0.5,avg_negative_log,10,0.001,0.9,,125,18,240,0.10666666666666667,True,0.0,False,5.0,uniform
0.27041499330655955,0.26943699731903487,1.0,0.4244984160506864,gaussian_noise,SKAB,fold_2,2026,3,3,3,0.5,avg_negative_log,10,0.001,0.9,,125,18,240,0.10666666666666667,True,0.0,False,5.0,uniform
0.27041499330655955,0.26943699731903487,1.0,0.4244984160506864,original,SKAB,fold_2,7,3,3,3,0.5,avg_negative_log,10,0.001,0.9,,125,18,240,0.10666666666666667,True,0.0,False,5.0,uniform
0.27041499330655955,0.26943699731903487,1.0,0.4244984160506864,gaussian_noise,SKAB,fold_2,7,3,3,3,0.5,avg_negative_log,10,0.001,0.9,,125,18,240,0.10666666666666667,True,0.0,False,5.0,uniform
0.27041499330655955,0.26943699731903487,1.0,0.4244984160506864,original,SKAB,fold_2,999,3,3,3,0.5,avg_negative_log,10,0.001,0.9,,125,18,240,0.10666666666666667,True,0.0,False,5.0,uniform
0.27041499330655955,0.26943699731903487,1.0,0.4244984160506864,gaussian_noise,SKAB,fold_2,999,3,3,3,0.5,avg_negative_log,10,0.001,0.9,,125,18,240,0.10666666666666667,True,0.0,False,5.0,uniform
0.2684069611780455,0.26742627345844505,1.0,0.42199894235854046,original,SKAB,fold_3,42,3,3,3,0.5,avg_negative_log,10,0.001,0.9,,127,19,241,0.0998756734355574,True,0.0,False,5.0,uniform
0.2684069611780455,0.26742627345844505,1.0,0.42199894235854046,gaussian_noise,SKAB,fold_3,42,3,3,3,0.5,avg_negative_log,10,0.001,0.9,,127,19,241,0.0998756734355574,True,0.0,False,5.0,uniform
0.2684069611780455,0.26742627345844505,1.0,0.42199894235854046,original,SKAB,fold_3,123,3,3,3,0.5,avg_negative_log,10,0.001,0.9,,127,19,241,0.0998756734355574,True,0.0,False,5.0,uniform
0.2684069611780455,0.26742627345844505,1.0,0.42199894235854046,gaussian_noise,SKAB,fold_3,123,3,3,3,0.5,avg_negative_log,10,0.001,0.9,,127,19,241,0.0998756734355574,True,0.0,False,5.0,uniform
0.2684069611780455,0.26742627345844505,1.0,0.42199894235854046,original,SKAB,fold_3,2026,3,3,3,0.5,avg_negative_log,10,0.001,0.9,,127,19,241,0.0998756734355574,True,0.0,False,5.0,uniform
0.2684069611780455,0.26742627345844505,1.0,0.42199894235854046,gaussian_noise,SKAB,fold_3,2026,3,3,3,0.5,avg_negative_log,10,0.001,0.9,,127,19,241,0.0998756734355574,True,0.0,False,5.0,uniform
0.2684069611780455,0.26742627345844505,1.0,0.42199894235854046,original,SKAB,fold_3,7,3,3,3,0.5,avg_negative_log,10,0.001,0.9,,127,19,241,0.0998756734355574,True,0.0,False,5.0,uniform
0.2684069611780455,0.26742627345844505,1.0,0.42199894235854046,gaussian_noise,SKAB,fold_3,7,3,3,3,0.5,avg_negative_log,10,0.001,0.9,,127,19,241,0.0998756734355574,True,0.0,False,5.0,uniform
0.2684069611780455,0.26742627345844505,1.0,0.42199894235854046,original,SKAB,fold_3,999,3,3,3,0.5,avg_negative_log,10,0.001,0.9,,127,19,241,0.0998756734355574,True,0.0,False,5.0,uniform
0.2684069611780455,0.26742627345844505,1.0,0.42199894235854046,gaussian_noise,SKAB,fold_3,999,3,3,3,0.5,avg_negative_log,10,0.001,0.9,,127,19,241,0.0998756734355574,True,0.0,False,5.0,uniform
0.27204884667571233,0.2710597826086957,1.0,0.4265098877605559,original,SKAB,fold_4,42,3,3,3,0.5,avg_negative_log,10,0.001,0.9,,127,19,243,0.10070451719850808,True,0.0,False,5.0,uniform
0.27204884667571233,0.2710597826086957,1.0,0.4265098877605559,gaussian_noise,SKAB,fold_4,42,3,3,3,0.5,avg_negative_log,10,0.001,0.9,,127,19,243,0.10070451719850808,True,0.0,False,5.0,uniform
0.27204884667571233,0.2710597826086957,1.0,0.4265098877605559,original,SKAB,fold_4,123,3,3,3,0.5,avg_negative_log,10,0.001,0.9,,127,19,243,0.10070451719850808,True,0.0,False,5.0,uniform
0.27204884667571233,0.2710597826086957,1.0,0.4265098877605559,gaussian_noise,SKAB,fold_4,123,3,3,3,0.5,avg_negative_log,10,0.001,0.9,,127,19,243,0.10070451719850808,True,0.0,False,5.0,uniform
0.27204884667571233,0.2710597826086957,1.0,0.4265098877605559,original,SKAB,fold_4,2026,3,3,3,0.5,avg_negative_log,10,0.001,0.9,,127,19,243,0.10070451719850808,True,0.0,False,5.0,uniform
0.27204884667571233,0.2710597826086957,1.0,0.4265098877605559,gaussian_noise,SKAB,fold_4,2026,3,3,3,0.5,avg_negative_log,10,0.001,0.9,,127,19,243,0.10070451719850808,True,0.0,False,5.0,uniform
0.27204884667571233,0.2710597826086957,1.0,0.4265098877605559,original,SKAB,fold_4,7,3,3,3,0.5,avg_negative_log,10,0.001,0.9,,127,19,243,0.10070451719850808,True,0.0,False,5.0,uniform
0.27204884667571233,0.2710597826086957,1.0,0.4265098877605559,gaussian_noise,SKAB,fold_4,7,3,3,3,0.5,avg_negative_log,10,0.001,0.9,,127,19,243,0.10070451719850808,True,0.0,False,5.0,uniform
0.27204884667571233,0.2710597826086957,1.0,0.4265098877605559,original,SKAB,fold_4,999,3,3,3,0.5,avg_negative_log,10,0.001,0.9,,127,19,243,0.10070451719850808,True,0.0,False,5.0,uniform
0.27204884667571233,0.2710597826086957,1.0,0.4265098877605559,gaussian_noise,SKAB,fold_4,999,3,3,3,0.5,avg_negative_log,10,0.001,0.9,,127,19,243,0.10070451719850808,True,0.0,False,5.0,uniform
0.26538716082064856,0.2644135188866799,1.0,0.41823899371069184,original,SKAB,fold_5,42,3,3,3,0.5,avg_negative_log,10,0.001,0.9,,133,20,247,0.09285714285714286,True,0.0,False,5.0,uniform
0.26538716082064856,0.2644135188866799,1.0,0.41823899371069184,gaussian_noise,SKAB,fold_5,42,3,3,3,0.5,avg_negative_log,10,0.001,0.9,,133,20,247,0.09285714285714286,True,0.0,False,5.0,uniform
0.26538716082064856,0.2644135188866799,1.0,0.41823899371069184,original,SKAB,fold_5,123,3,3,3,0.5,avg_negative_log,10,0.001,0.9,,133,20,247,0.09285714285714286,True,0.0,False,5.0,uniform
0.26538716082064856,0.2644135188866799,1.0,0.41823899371069184,gaussian_noise,SKAB,fold_5,123,3,3,3,0.5,avg_negative_log,10,0.001,0.9,,133,20,247,0.09285714285714286,True,0.0,False,5.0,uniform
0.26538716082064856,0.2644135188866799,1.0,0.41823899371069184,original,SKAB,fold_5,2026,3,3,3,0.5,avg_negative_log,10,0.001,0.9,,133,20,247,0.09285714285714286,True,0.0,False,5.0,uniform
0.26538716082064856,0.2644135188866799,1.0,0.41823899371069184,gaussian_noise,SKAB,fold_5,2026,3,3,3,0.5,avg_negative_log,10,0.001,0.9,,133,20,247,0.09285714285714286,True,0.0,False,5.0,uniform
0.26538716082064856,0.2644135188866799,1.0,0.41823899371069184,original,SKAB,fold_5,7,3,3,3,0.5,avg_negative_log,10,0.001,0.9,,133,20,247,0.09285714285714286,True,0.0,False,5.0,uniform
0.26538716082064856,0.2644135188866799,1.0,0.41823899371069184,gaussian_noise,SKAB,fold_5,7,3,3,3,0.5,avg_negative_log,10,0.001,0.9,,133,20,247,0.09285714285714286,True,0.0,False,5.0,uniform
0.26538716082064856,0.2644135188866799,1.0,0.41823899371069184,original,SKAB,fold_5,999,3,3,3,0.5,avg_negative_log,10,0.001,0.9,,133,20,247,0.09285714285714286,True,0.0,False,5.0,uniform
0.26538716082064856,0.2644135188866799,1.0,0.41823899371069184,gaussian_noise,SKAB,fold_5,999,3,3,3,0.5,avg_negative_log,10,0.001,0.9,,133,20,247,0.09285714285714286,True,0.0,False,5.0,uniform
0.26866666666666666,0.2676902536715621,1.0,0.42232754081095314,original,SKAB,fold_1,42,3,3,3,0.5,avg_negative_log,10,0.005,0.9,,147,22,270,0.08348794063079777,True,0.0,False,5.0,uniform
0.26866666666666666,0.2676902536715621,1.0,0.42232754081095314,gaussian_noise,SKAB,fold_1,42,3,3,3,0.5,avg_negative_log,10,0.005,0.9,,147,22,270,0.08348794063079777,True,0.0,False,5.0,uniform
0.26866666666666666,0.2676902536715621,1.0,0.42232754081095314,original,SKAB,fold_1,123,3,3,3,0.5,avg_negative_log,10,0.005,0.9,,147,22,270,0.08348794063079777,True,0.0,False,5.0,uniform
0.26866666666666666,0.2676902536715621,1.0,0.42232754081095314,gaussian_noise,SKAB,fold_1,123,3,3,3,0.5,avg_negative_log,10,0.005,0.9,,147,22,270,0.08348794063079777,True,0.0,False,5.0,uniform
0.26866666666666666,0.2676902536715621,1.0,0.42232754081095314,original,SKAB,fold_1,2026,3,3,3,0.5,avg_negative_log,10,0.005,0.9,,147,22,270,0.08348794063079777,True,0.0,False,5.0,uniform
0.26866666666666666,0.2676902536715621,1.0,0.42232754081095314,gaussian_noise,SKAB,fold_1,2026,3,3,3,0.5,avg_negative_log,10,0.005,0.9,,147,22,270,0.08348794063079777,True,0.0,False,5.0,uniform
0.26866666666666666,0.2676902536715621,1.0,0.42232754081095314,original,SKAB,fold_1,7,3,3,3,0.5,avg_negative_log,10,0.005,0.9,,147,22,270,0.08348794063079777,True,0.0,False,5.0,uniform
0.26866666666666666,0.2676902536715621,1.0,0.42232754081095314,gaussian_noise,SKAB,fold_1,7,3,3,3,0.5,avg_negative_log,10,0.005,0.9,,147,22,270,0.08348794063079777,True,0.0,False,5.0,uniform
0.26866666666666666,0.2676902536715621,1.0,0.42232754081095314,original,SKAB,fold_1,999,3,3,3,0.5,avg_negative_log,10,0.005,0.9,,147,22,270,0.08348794063079777,True,0.0,False,5.0,uniform
0.26866666666666666,0.2676902536715621,1.0,0.42232754081095314,gaussian_noise,SKAB,fold_1,999,3,3,3,0.5,avg_negative_log,10,0.005,0.9,,147,22,270,0.08348794063079777,True,0.0,False,5.0,uniform
0.27041499330655955,0.26943699731903487,1.0,0.4244984160506864,original,SKAB,fold_2,42,3,3,3,0.5,avg_negative_log,10,0.005,0.9,,125,18,240,0.10666666666666667,True,0.0,False,5.0,uniform
0.27041499330655955,0.26943699731903487,1.0,0.4244984160506864,gaussian_noise,SKAB,fold_2,42,3,3,3,0.5,avg_negative_log,10,0.005,0.9,,125,18,240,0.10666666666666667,True,0.0,False,5.0,uniform
0.27041499330655955,0.26943699731903487,1.0,0.4244984160506864,original,SKAB,fold_2,123,3,3,3,0.5,avg_negative_log,10,0.005,0.9,,125,18,240,0.10666666666666667,True,0.0,False,5.0,uniform
0.27041499330655955,0.26943699731903487,1.0,0.4244984160506864,gaussian_noise,SKAB,fold_2,123,3,3,3,0.5,avg_negative_log,10,0.005,0.9,,125,18,240,0.10666666666666667,True,0.0,False,5.0,uniform
0.27041499330655955,0.26943699731903487,1.0,0.4244984160506864,original,SKAB,fold_2,2026,3,3,3,0.5,avg_negative_log,10,0.005,0.9,,125,18,240,0.10666666666666667,True,0.0,False,5.0,uniform
0.27041499330655955,0.26943699731903487,1.0,0.4244984160506864,gaussian_noise,SKAB,fold_2,2026,3,3,3,0.5,avg_negative_log,10,0.005,0.9,,125,18,240,0.10666666666666667,True,0.0,False,5.0,uniform
0.27041499330655955,0.26943699731903487,1.0,0.4244984160506864,original,SKAB,fold_2,7,3,3,3,0.5,avg_negative_log,10,0.005,0.9,,125,18,240,0.10666666666666667,True,0.0,False,5.0,uniform
0.27041499330655955,0.26943699731903487,1.0,0.4244984160506864,gaussian_noise,SKAB,fold_2,7,3,3,3,0.5,avg_negative_log,10,0.005,0.9,,125,18,240,0.10666666666666667,True,0.0,False,5.0,uniform
0.27041499330655955,0.26943699731903487,1.0,0.4244984160506864,original,SKAB,fold_2,999,3,3,3,0.5,avg_negative_log,10,0.005,0.9,,125,18,240,0.10666666666666667,True,0.0,False,5.0,uniform
0.27041499330655955,0.26943699731903487,1.0,0.4244984160506864,gaussian_noise,SKAB,fold_2,999,3,3,3,0.5,avg_negative_log,10,0.005,0.9,,125,18,240,0.10666666666666667,True,0.0,False,5.0,uniform
0.2684069611780455,0.26742627345844505,1.0,0.42199894235854046,original,SKAB,fold_3,42,3,3,3,0.5,avg_negative_log,10,0.005,0.9,,127,19,241,0.0998756734355574,True,0.0,False,5.0,uniform
0.2684069611780455,0.26742627345844505,1.0,0.42199894235854046,gaussian_noise,SKAB,fold_3,42,3,3,3,0.5,avg_negative_log,10,0.005,0.9,,127,19,241,0.0998756734355574,True,0.0,False,5.0,uniform
0.2684069611780455,0.26742627345844505,1.0,0.42199894235854046,original,SKAB,fold_3,123,3,3,3,0.5,avg_negative_log,10,0.005,0.9,,127,19,241,0.0998756734355574,True,0.0,False,5.0,uniform
0.2684069611780455,0.26742627345844505,1.0,0.42199894235854046,gaussian_noise,SKAB,fold_3,123,3,3,3,0.5,avg_negative_log,10,0.005,0.9,,127,19,241,0.0998756734355574,True,0.0,False,5.0,uniform
0.2684069611780455,0.26742627345844505,1.0,0.42199894235854046,original,SKAB,fold_3,2026,3,3,3,0.5,avg_negative_log,10,0.005,0.9,,127,19,241,0.0998756734355574,True,0.0,False,5.0,uniform
0.2684069611780455,0.26742627345844505,1.0,0.42199894235854046,gaussian_noise,SKAB,fold_3,2026,3,3,3,0.5,avg_negative_log,10,0.005,0.9,,127,19,241,0.0998756734355574,True,0.0,False,5.0,uniform
0.2684069611780455,0.26742627345844505,1.0,0.42199894235854046,original,SKAB,fold_3,7,3,3,3,0.5,avg_negative_log,10,0.005,0.9,,127,19,241,0.0998756734355574,True,0.0,False,5.0,uniform
0.2684069611780455,0.26742627345844505,1.0,0.42199894235854046,gaussian_noise,SKAB,fold_3,7,3,3,3,0.5,avg_negative_log,10,0.005,0.9,,127,19,241,0.0998756734355574,True,0.0,False,5.0,uniform
0.2684069611780455,0.26742627345844505,1.0,0.42199894235854046,original,SKAB,fold_3,999,3,3,3,0.5,avg_negative_log,10,0.005,0.9,,127,19,241,0.0998756734355574,True,0.0,False,5.0,uniform
0.2684069611780455,0.26742627345844505,1.0,0.42199894235854046,gaussian_noise,SKAB,fold_3,999,3,3,3,0.5,avg_negative_log,10,0.005,0.9,,127,19,241,0.0998756734355574,True,0.0,False,5.0,uniform
0.27204884667571233,0.2710597826086957,1.0,0.4265098877605559,original,SKAB,fold_4,42,3,3,3,0.5,avg_negative_log,10,0.005,0.9,,127,19,243,0.10070451719850808,True,0.0,False,5.0,uniform
0.27204884667571233,0.2710597826086957,1.0,0.4265098877605559,gaussian_noise,SKAB,fold_4,42,3,3,3,0.5,avg_negative_log,10,0.005,0.9,,127,19,243,0.10070451719850808,True,0.0,False,5.0,uniform
0.27204884667571233,0.2710597826086957,1.0,0.4265098877605559,original,SKAB,fold_4,123,3,3,3,0.5,avg_negative_log,10,0.005,0.9,,127,19,243,0.10070451719850808,True,0.0,False,5.0,uniform
0.27204884667571233,0.2710597826086957,1.0,0.4265098877605559,gaussian_noise,SKAB,fold_4,123,3,3,3,0.5,avg_negative_log,10,0.005,0.9,,127,19,243,0.10070451719850808,True,0.0,False,5.0,uniform
0.27204884667571233,0.2710597826086957,1.0,0.4265098877605559,original,SKAB,fold_4,2026,3,3,3,0.5,avg_negative_log,10,0.005,0.9,,127,19,243,0.10070451719850808,True,0.0,False,5.0,uniform
0.27204884667571233,0.2710597826086957,1.0,0.4265098877605559,gaussian_noise,SKAB,fold_4,2026,3,3,3,0.5,avg_negative_log,10,0.005,0.9,,127,19,243,0.10070451719850808,True,0.0,False,5.0,uniform
0.27204884667571233,0.2710597826086957,1.0,0.4265098877605559,original,SKAB,fold_4,7,3,3,3,0.5,avg_negative_log,10,0.005,0.9,,127,19,243,0.10070451719850808,True,0.0,False,5.0,uniform
0.27204884667571233,0.2710597826086957,1.0,0.4265098877605559,gaussian_noise,SKAB,fold_4,7,3,3,3,0.5,avg_negative_log,10,0.005,0.9,,127,19,243,0.10070451719850808,True,0.0,False,5.0,uniform
0.27204884667571233,0.2710597826086957,1.0,0.4265098877605559,original,SKAB,fold_4,999,3,3,3,0.5,avg_negative_log,10,0.005,0.9,,127,19,243,0.10070451719850808,True,0.0,False,5.0,uniform
0.27204884667571233,0.2710597826086957,1.0,0.4265098877605559,gaussian_noise,SKAB,fold_4,999,3,3,3,0.5,avg_negative_log,10,0.005,0.9,,127,19,243,0.10070451719850808,True,0.0,False,5.0,uniform
0.26538716082064856,0.2644135188866799,1.0,0.41823899371069184,original,SKAB,fold_5,42,3,3,3,0.5,avg_negative_log,10,0.005,0.9,,133,20,247,0.09285714285714286,True,0.0,False,5.0,uniform
0.26538716082064856,0.2644135188866799,1.0,0.41823899371069184,gaussian_noise,SKAB,fold_5,42,3,3,3,0.5,avg_negative_log,10,0.005,0.9,,133,20,247,0.09285714285714286,True,0.0,False,5.0,uniform
0.26538716082064856,0.2644135188866799,1.0,0.41823899371069184,original,SKAB,fold_5,123,3,3,3,0.5,avg_negative_log,10,0.005,0.9,,133,20,247,0.09285714285714286,True,0.0,False,5.0,uniform
0.26538716082064856,0.2644135188866799,1.0,0.41823899371069184,gaussian_noise,SKAB,fold_5,123,3,3,3,0.5,avg_negative_log,10,0.005,0.9,,133,20,247,0.09285714285714286,True,0.0,False,5.0,uniform
0.26538716082064856,0.2644135188866799,1.0,0.41823899371069184,original,SKAB,fold_5,2026,3,3,3,0.5,avg_negative_log,10,0.005,0.9,,133,20,247,0.09285714285714286,True,0.0,False,5.0,uniform
0.26538716082064856,0.2644135188866799,1.0,0.41823899371069184,gaussian_noise,SKAB,fold_5,2026,3,3,3,0.5,avg_negative_log,10,0.005,0.9,,133,20,247,0.09285714285714286,True,0.0,False,5.0,uniform
0.26538716082064856,0.2644135188866799,1.0,0.41823899371069184,original,SKAB,fold_5,7,3,3,3,0.5,avg_negative_log,10,0.005,0.9,,133,20,247,0.09285714285714286,True,0.0,False,5.0,uniform
0.26538716082064856,0.2644135188866799,1.0,0.41823899371069184,gaussian_noise,SKAB,fold_5,7,3,3,3,0.5,avg_negative_log,10,0.005,0.9,,133,20,247,0.09285714285714286,True,0.0,False,5.0,uniform
0.26538716082064856,0.2644135188866799,1.0,0.41823899371069184,original,SKAB,fold_5,999,3,3,3,0.5,avg_negative_log,10,0.005,0.9,,133,20,247,0.09285714285714286,True,0.0,False,5.0,uniform
0.26538716082064856,0.2644135188866799,1.0,0.41823899371069184,gaussian_noise,SKAB,fold_5,999,3,3,3,0.5,avg_negative_log,10,0.005,0.9,,133,20,247,0.09285714285714286,True,0.0,False,5.0,uniform
0.26866666666666666,0.2676902536715621,1.0,0.42232754081095314,original,SKAB,fold_1,42,3,3,3,0.5,avg_negative_log,10,0.01,0.9,,147,22,270,0.08348794063079777,True,0.0,False,5.0,uniform
0.26866666666666666,0.2676902536715621,1.0,0.42232754081095314,gaussian_noise,SKAB,fold_1,42,3,3,3,0.5,avg_negative_log,10,0.01,0.9,,147,22,270,0.08348794063079777,True,0.0,False,5.0,uniform
0.26866666666666666,0.2676902536715621,1.0,0.42232754081095314,original,SKAB,fold_1,123,3,3,3,0.5,avg_negative_log,10,0.01,0.9,,147,22,270,0.08348794063079777,True,0.0,False,5.0,uniform
0.26866666666666666,0.2676902536715621,1.0,0.42232754081095314,gaussian_noise,SKAB,fold_1,123,3,3,3,0.5,avg_negative_log,10,0.01,0.9,,147,22,270,0.08348794063079777,True,0.0,False,5.0,uniform
0.26866666666666666,0.2676902536715621,1.0,0.42232754081095314,original,SKAB,fold_1,2026,3,3,3,0.5,avg_negative_log,10,0.01,0.9,,147,22,270,0.08348794063079777,True,0.0,False,5.0,uniform
0.26866666666666666,0.2676902536715621,1.0,0.42232754081095314,gaussian_noise,SKAB,fold_1,2026,3,3,3,0.5,avg_negative_log,10,0.01,0.9,,147,22,270,0.08348794063079777,True,0.0,False,5.0,uniform
0.26866666666666666,0.2676902536715621,1.0,0.42232754081095314,original,SKAB,fold_1,7,3,3,3,0.5,avg_negative_log,10,0.01,0.9,,147,22,270,0.08348794063079777,True,0.0,False,5.0,uniform
0.26866666666666666,0.2676902536715621,1.0,0.42232754081095314,gaussian_noise,SKAB,fold_1,7,3,3,3,0.5,avg_negative_log,10,0.01,0.9,,147,22,270,0.08348794063079777,True,0.0,False,5.0,uniform
0.26866666666666666,0.2676902536715621,1.0,0.42232754081095314,original,SKAB,fold_1,999,3,3,3,0.5,avg_negative_log,10,0.01,0.9,,147,22,270,0.08348794063079777,True,0.0,False,5.0,uniform
0.26866666666666666,0.2676902536715621,1.0,0.42232754081095314,gaussian_noise,SKAB,fold_1,999,3,3,3,0.5,avg_negative_log,10,0.01,0.9,,147,22,270,0.08348794063079777,True,0.0,False,5.0,uniform
0.27041499330655955,0.26943699731903487,1.0,0.4244984160506864,original,SKAB,fold_2,42,3,3,3,0.5,avg_negative_log,10,0.01,0.9,,125,18,240,0.10666666666666667,True,0.0,False,5.0,uniform
0.27041499330655955,0.26943699731903487,1.0,0.4244984160506864,gaussian_noise,SKAB,fold_2,42,3,3,3,0.5,avg_negative_log,10,0.01,0.9,,125,18,240,0.10666666666666667,True,0.0,False,5.0,uniform
0.27041499330655955,0.26943699731903487,1.0,0.4244984160506864,original,SKAB,fold_2,123,3,3,3,0.5,avg_negative_log,10,0.01,0.9,,125,18,240,0.10666666666666667,True,0.0,False,5.0,uniform
0.27041499330655955,0.26943699731903487,1.0,0.4244984160506864,gaussian_noise,SKAB,fold_2,123,3,3,3,0.5,avg_negative_log,10,0.01,0.9,,125,18,240,0.10666666666666667,True,0.0,False,5.0,uniform
0.27041499330655955,0.26943699731903487,1.0,0.4244984160506864,original,SKAB,fold_2,2026,3,3,3,0.5,avg_negative_log,10,0.01,0.9,,125,18,240,0.10666666666666667,True,0.0,False,5.0,uniform
0.27041499330655955,0.26943699731903487,1.0,0.4244984160506864,gaussian_noise,SKAB,fold_2,2026,3,3,3,0.5,avg_negative_log,10,0.01,0.9,,125,18,240,0.10666666666666667,True,0.0,False,5.0,uniform
0.27041499330655955,0.26943699731903487,1.0,0.4244984160506864,original,SKAB,fold_2,7,3,3,3,0.5,avg_negative_log,10,0.01,0.9,,125,18,240,0.10666666666666667,True,0.0,False,5.0,uniform
0.27041499330655955,0.26943699731903487,1.0,0.4244984160506864,gaussian_noise,SKAB,fold_2,7,3,3,3,0.5,avg_negative_log,10,0.01,0.9,,125,18,240,0.10666666666666667,True,0.0,False,5.0,uniform
0.27041499330655955,0.26943699731903487,1.0,0.4244984160506864,original,SKAB,fold_2,999,3,3,3,0.5,avg_negative_log,10,0.01,0.9,,125,18,240,0.10666666666666667,True,0.0,False,5.0,uniform
0.27041499330655955,0.26943699731903487,1.0,0.4244984160506864,gaussian_noise,SKAB,fold_2,999,3,3,3,0.5,avg_negative_log,10,0.01,0.9,,125,18,240,0.10666666666666667,True,0.0,False,5.0,uniform
0.2684069611780455,0.26742627345844505,1.0,0.42199894235854046,original,SKAB,fold_3,42,3,3,3,0.5,avg_negative_log,10,0.01,0.9,,127,19,241,0.0998756734355574,True,0.0,False,5.0,uniform
0.2684069611780455,0.26742627345844505,1.0,0.42199894235854046,gaussian_noise,SKAB,fold_3,42,3,3,3,0.5,avg_negative_log,10,0.01,0.9,,127,19,241,0.0998756734355574,True,0.0,False,5.0,uniform
0.2684069611780455,0.26742627345844505,1.0,0.42199894235854046,original,SKAB,fold_3,123,3,3,3,0.5,avg_negative_log,10,0.01,0.9,,127,19,241,0.0998756734355574,True,0.0,False,5.0,uniform
0.2684069611780455,0.26742627345844505,1.0,0.42199894235854046,gaussian_noise,SKAB,fold_3,123,3,3,3,0.5,avg_negative_log,10,0.01,0.9,,127,19,241,0.0998756734355574,True,0.0,False,5.0,uniform
0.2684069611780455,0.26742627345844505,1.0,0.42199894235854046,original,SKAB,fold_3,2026,3,3,3,0.5,avg_negative_log,10,0.01,0.9,,127,19,241,0.0998756734355574,True,0.0,False,5.0,uniform
0.2684069611780455,0.26742627345844505,1.0,0.42199894235854046,gaussian_noise,SKAB,fold_3,2026,3,3,3,0.5,avg_negative_log,10,0.01,0.9,,127,19,241,0.0998756734355574,True,0.0,False,5.0,uniform
0.2684069611780455,0.26742627345844505,1.0,0.42199894235854046,original,SKAB,fold_3,7,3,3,3,0.5,avg_negative_log,10,0.01,0.9,,127,19,241,0.0998756734355574,True,0.0,False,5.0,uniform
0.2684069611780455,0.26742627345844505,1.0,0.42199894235854046,gaussian_noise,SKAB,fold_3,7,3,3,3,0.5,avg_negative_log,10,0.01,0.9,,127,19,241,0.0998756734355574,True,0.0,False,5.0,uniform
0.2684069611780455,0.26742627345844505,1.0,0.42199894235854046,original,SKAB,fold_3,999,3,3,3,0.5,avg_negative_log,10,0.01,0.9,,127,19,241,0.0998756734355574,True,0.0,False,5.0,uniform
0.2684069611780455,0.26742627345844505,1.0,0.42199894235854046,gaussian_noise,SKAB,fold_3,999,3,3,3,0.5,avg_negative_log,10,0.01,0.9,,127,19,241,0.0998756734355574,True,0.0,False,5.0,uniform
0.27204884667571233,0.2710597826086957,1.0,0.4265098877605559,original,SKAB,fold_4,42,3,3,3,0.5,avg_negative_log,10,0.01,0.9,,127,19,243,0.10070451719850808,True,0.0,False,5.0,uniform
0.27204884667571233,0.2710597826086957,1.0,0.4265098877605559,gaussian_noise,SKAB,fold_4,42,3,3,3,0.5,avg_negative_log,10,0.01,0.9,,127,19,243,0.10070451719850808,True,0.0,False,5.0,uniform
0.27204884667571233,0.2710597826086957,1.0,0.4265098877605559,original,SKAB,fold_4,123,3,3,3,0.5,avg_negative_log,10,0.01,0.9,,127,19,243,0.10070451719850808,True,0.0,False,5.0,uniform
0.27204884667571233,0.2710597826086957,1.0,0.4265098877605559,gaussian_noise,SKAB,fold_4,123,3,3,3,0.5,avg_negative_log,10,0.01,0.9,,127,19,243,0.10070451719850808,True,0.0,False,5.0,uniform
0.27204884667571233,0.2710597826086957,1.0,0.4265098877605559,original,SKAB,fold_4,2026,3,3,3,0.5,avg_negative_log,10,0.01,0.9,,127,19,243,0.10070451719850808,True,0.0,False,5.0,uniform
0.27204884667571233,0.2710597826086957,1.0,0.4265098877605559,gaussian_noise,SKAB,fold_4,2026,3,3,3,0.5,avg_negative_log,10,0.01,0.9,,127,19,243,0.10070451719850808,True,0.0,False,5.0,uniform
0.27204884667571233,0.2710597826086957,1.0,0.4265098877605559,original,SKAB,fold_4,7,3,3,3,0.5,avg_negative_log,10,0.01,0.9,,127,19,243,0.10070451719850808,True,0.0,False,5.0,uniform
0.27204884667571233,0.2710597826086957,1.0,0.4265098877605559,gaussian_noise,SKAB,fold_4,7,3,3,3,0.5,avg_negative_log,10,0.01,0.9,,127,19,243,0.10070451719850808,True,0.0,False,5.0,uniform
0.27204884667571233,0.2710597826086957,1.0,0.4265098877605559,original,SKAB,fold_4,999,3,3,3,0.5,avg_negative_log,10,0.01,0.9,,127,19,243,0.10070451719850808,True,0.0,False,5.0,uniform
0.27204884667571233,0.2710597826086957,1.0,0.4265098877605559,gaussian_noise,SKAB,fold_4,999,3,3,3,0.5,avg_negative_log,10,0.01,0.9,,127,19,243,0.10070451719850808,True,0.0,False,5.0,uniform
0.26538716082064856,0.2644135188866799,1.0,0.41823899371069184,original,SKAB,fold_5,42,3,3,3,0.5,avg_negative_log,10,0.01,0.9,,133,20,247,0.09285714285714286,True,0.0,False,5.0,uniform
0.26538716082064856,0.2644135188866799,1.0,0.41823899371069184,gaussian_noise,SKAB,fold_5,42,3,3,3,0.5,avg_negative_log,10,0.01,0.9,,133,20,247,0.09285714285714286,True,0.0,False,5.0,uniform
0.26538716082064856,0.2644135188866799,1.0,0.41823899371069184,original,SKAB,fold_5,123,3,3,3,0.5,avg_negative_log,10,0.01,0.9,,133,20,247,0.09285714285714286,True,0.0,False,5.0,uniform
0.26538716082064856,0.2644135188866799,1.0,0.41823899371069184,gaussian_noise,SKAB,fold_5,123,3,3,3,0.5,avg_negative_log,10,0.01,0.9,,133,20,247,0.09285714285714286,True,0.0,False,5.0,uniform
0.26538716082064856,0.2644135188866799,1.0,0.41823899371069184,original,SKAB,fold_5,2026,3,3,3,0.5,avg_negative_log,10,0.01,0.9,,133,20,247,0.09285714285714286,True,0.0,False,5.0,uniform
0.26538716082064856,0.2644135188866799,1.0,0.41823899371069184,gaussian_noise,SKAB,fold_5,2026,3,3,3,0.5,avg_negative_log,10,0.01,0.9,,133,20,247,0.09285714285714286,True,0.0,False,5.0,uniform
0.26538716082064856,0.2644135188866799,1.0,0.41823899371069184,original,SKAB,fold_5,7,3,3,3,0.5,avg_negative_log,10,0.01,0.9,,133,20,247,0.09285714285714286,True,0.0,False,5.0,uniform
0.26538716082064856,0.2644135188866799,1.0,0.41823899371069184,gaussian_noise,SKAB,fold_5,7,3,3,3,0.5,avg_negative_log,10,0.01,0.9,,133,20,247,0.09285714285714286,True,0.0,False,5.0,uniform
0.26538716082064856,0.2644135188866799,1.0,0.41823899371069184,original,SKAB,fold_5,999,3,3,3,0.5,avg_negative_log,10,0.01,0.9,,133,20,247,0.09285714285714286,True,0.0,False,5.0,uniform
0.26538716082064856,0.2644135188866799,1.0,0.41823899371069184,gaussian_noise,SKAB,fold_5,999,3,3,3,0.5,avg_negative_log,10,0.01,0.9,,133,20,247,0.09285714285714286,True,0.0,False,5.0,uniform
0.52,0.3577163247100803,1.0,0.5269382391590013,original,SKAB,fold_1,42,3,3,3,0.5,avg_negative_log,10,0.05,0.9,,147,22,270,0.08348794063079777,True,0.0,False,5.0,uniform
0.52,0.3577163247100803,1.0,0.5269382391590013,gaussian_noise,SKAB,fold_1,42,3,3,3,0.5,avg_negative_log,10,0.05,0.9,,147,22,270,0.08348794063079777,True,0.0,False,5.0,uniform
0.52,0.3577163247100803,1.0,0.5269382391590013,original,SKAB,fold_1,123,3,3,3,0.5,avg_negative_log,10,0.05,0.9,,147,22,270,0.08348794063079777,True,0.0,False,5.0,uniform
0.52,0.3577163247100803,1.0,0.5269382391590013,gaussian_noise,SKAB,fold_1,123,3,3,3,0.5,avg_negative_log,10,0.05,0.9,,147,22,270,0.08348794063079777,True,0.0,False,5.0,uniform
0.52,0.3577163247100803,1.0,0.5269382391590013,original,SKAB,fold_1,2026,3,3,3,0.5,avg_negative_log,10,0.05,0.9,,147,22,270,0.08348794063079777,True,0.0,False,5.0,uniform
0.52,0.3577163247100803,1.0,0.5269382391590013,gaussian_noise,SKAB,fold_1,2026,3,3,3,0.5,avg_negative_log,10,0.05,0.9,,147,22,270,0.08348794063079777,True,0.0,False,5.0,uniform
0.52,0.3577163247100803,1.0,0.5269382391590013,original,SKAB,fold_1,7,3,3,3,0.5,avg_negative_log,10,0.05,0.9,,147,22,270,0.08348794063079777,True,0.0,False,5.0,uniform
0.52,0.3577163247100803,1.0,0.5269382391590013,gaussian_noise,SKAB,fold_1,7,3,3,3,0.5,avg_negative_log,10,0.05,0.9,,147,22,270,0.08348794063079777,True,0.0,False,5.0,uniform
0.52,0.3577163247100803,1.0,0.5269382391590013,original,SKAB,fold_1,999,3,3,3,0.5,avg_negative_log,10,0.05,0.9,,147,22,270,0.08348794063079777,True,0.0,False,5.0,uniform
0.52,0.3577163247100803,1.0,0.5269382391590013,gaussian_noise,SKAB,fold_1,999,3,3,3,0.5,avg_negative_log,10,0.05,0.9,,147,22,270,0.08348794063079777,True,0.0,False,5.0,uniform
0.5227576974564926,0.36053811659192825,1.0,0.5299934080421885,original,SKAB,fold_2,42,3,3,3,0.5,avg_negative_log,10,0.05,0.9,,125,18,240,0.10666666666666667,True,0.0,False,5.0,uniform
0.5227576974564926,0.36053811659192825,1.0,0.5299934080421885,gaussian_noise,SKAB,fold_2,42,3,3,3,0.5,avg_negative_log,10,0.05,0.9,,125,18,240,0.10666666666666667,True,0.0,False,5.0,uniform
0.5227576974564926,0.36053811659192825,1.0,0.5299934080421885,original,SKAB,fold_2,123,3,3,3,0.5,avg_negative_log,10,0.05,0.9,,125,18,240,0.10666666666666667,True,0.0,False,5.0,uniform
0.5227576974564926,0.36053811659192825,1.0,0.5299934080421885,gaussian_noise,SKAB,fold_2,123,3,3,3,0.5,avg_negative_log,10,0.05,0.9,,125,18,240,0.10666666666666667,True,0.0,False,5.0,uniform
0.5227576974564926,0.36053811659192825,1.0,0.5299934080421885,original,SKAB,fold_2,2026,3,3,3,0.5,avg_negative_log,10,0.05,0.9,,125,18,240,0.10666666666666667,True,0.0,False,5.0,uniform
0.5227576974564926,0.36053811659192825,1.0,0.5299934080421885,gaussian_noise,SKAB,fold_2,2026,3,3,3,0.5,avg_negative_log,10,0.05,0.9,,125,18,240,0.10666666666666667,True,0.0,False,5.0,uniform
0.5227576974564926,0.36053811659192825,1.0,0.5299934080421885,original,SKAB,fold_2,7,3,3,3,0.5,avg_negative_log,10,0.05,0.9,,125,18,240,0.10666666666666667,True,0.0,False,5.0,uniform
0.5227576974564926,0.36053811659192825,1.0,0.5299934080421885,gaussian_noise,SKAB,fold_2,7,3,3,3,0.5,avg_negative_log,10,0.05,0.9,,125,18,240,0.10666666666666667,True,0.0,False,5.0,uniform
0.5227576974564926,0.36053811659192825,1.0,0.5299934080421885,original,SKAB,fold_2,999,3,3,3,0.5,avg_negative_log,10,0.05,0.9,,125,18,240,0.10666666666666667,True,0.0,False,5.0,uniform
0.5227576974564926,0.36053811659192825,1.0,0.5299934080421885,gaussian_noise,SKAB,fold_2,999,3,3,3,0.5,avg_negative_log,10,0.05,0.9,,125,18,240,0.10666666666666667,True,0.0,False,5.0,uniform
0.27710843373493976,0.2031386224934612,0.5839598997493735,0.3014230271668823,original,SKAB,fold_3,42,3,3,3,0.5,avg_negative_log,10,0.05,0.9,,127,19,241,0.0998756734355574,True,0.0,False,5.0,uniform
0.27710843373493976,0.2031386224934612,0.5839598997493735,0.3014230271668823,gaussian_noise,SKAB,fold_3,42,3,3,3,0.5,avg_negative_log,10,0.05,0.9,,127,19,241,0.0998756734355574,True,0.0,False,5.0,uniform
0.27710843373493976,0.2031386224934612,0.5839598997493735,0.3014230271668823,original,SKAB,fold_3,123,3,3,3,0.5,avg_negative_log,10,0.05,0.9,,127,19,241,0.0998756734355574,True,0.0,False,5.0,uniform
0.27710843373493976,0.2031386224934612,0.5839598997493735,0.3014230271668823,gaussian_noise,SKAB,fold_3,123,3,3,3,0.5,avg_negative_log,10,0.05,0.9,,127,19,241,0.0998756734355574,True,0.0,False,5.0,uniform
0.27710843373493976,0.2031386224934612,0.5839598997493735,0.3014230271668823,original,SKAB,fold_3,2026,3,3,3,0.5,avg_negative_log,10,0.05,0.9,,127,19,241,0.0998756734355574,True,0.0,False,5.0,uniform
0.27710843373493976,0.2031386224934612,0.5839598997493735,0.3014230271668823,gaussian_noise,SKAB,fold_3,2026,3,3,3,0.5,avg_negative_log,10,0.05,0.9,,127,19,241,0.0998756734355574,True,0.0,False,5.0,uniform
0.27710843373493976,0.2031386224934612,0.5839598997493735,0.3014230271668823,original,SKAB,fold_3,7,3,3,3,0.5,avg_negative_log,10,0.05,0.9,,127,19,241,0.0998756734355574,True,0.0,False,5.0,uniform
0.27710843373493976,0.2031386224934612,0.5839598997493735,0.3014230271668823,gaussian_noise,SKAB,fold_3,7,3,3,3,0.5,avg_negative_log,10,0.05,0.9,,127,19,241,0.0998756734355574,True,0.0,False,5.0,uniform
0.27710843373493976,0.2031386224934612,0.5839598997493735,0.3014230271668823,original,SKAB,fold_3,999,3,3,3,0.5,avg_negative_log,10,0.05,0.9,,127,19,241,0.0998756734355574,True,0.0,False,5.0,uniform
0.27710843373493976,0.2031386224934612,0.5839598997493735,0.3014230271668823,gaussian_noise,SKAB,fold_3,999,3,3,3,0.5,avg_negative_log,10,0.05,0.9,,127,19,241,0.0998756734355574,True,0.0,False,5.0,uniform
0.25780189959294436,0.18495013599274707,0.5112781954887218,0.27163781624500666,original,SKAB,fold_4,42,3,3,3,0.5,avg_negative_log,10,0.05,0.9,,127,19,243,0.10070451719850808,True,0.0,False,5.0,uniform
0.25780189959294436,0.18495013599274707,0.5112781954887218,0.27163781624500666,gaussian_noise,SKAB,fold_4,42,3,3,3,0.5,avg_negative_log,10,0.05,0.9,,127,19,243,0.10070451719850808,True,0.0,False,5.0,uniform
0.25780189959294436,0.18495013599274707,0.5112781954887218,0.27163781624500666,original,SKAB,fold_4,123,3,3,3,0.5,avg_negative_log,10,0.05,0.9,,127,19,243,0.10070451719850808,True,0.0,False,5.0,uniform
0.25780189959294436,0.18495013599274707,0.5112781954887218,0.27163781624500666,gaussian_noise,SKAB,fold_4,123,3,3,3,0.5,avg_negative_log,10,0.05,0.9,,127,19,243,0.10070451719850808,True,0.0,False,5.0,uniform
0.25780189959294436,0.18495013599274707,0.5112781954887218,0.27163781624500666,original,SKAB,fold_4,2026,3,3,3,0.5,avg_negative_log,10,0.05,0.9,,127,19,243,0.10070451719850808,True,0.0,False,5.0,uniform
0.25780189959294436,0.18495013599274707,0.5112781954887218,0.27163781624500666,gaussian_noise,SKAB,fold_4,2026,3,3,3,0.5,avg_negative_log,10,0.05,0.9,,127,19,243,0.10070451719850808,True,0.0,False,5.0,uniform
0.25780189959294436,0.18495013599274707,0.5112781954887218,0.27163781624500666,original,SKAB,fold_4,7,3,3,3,0.5,avg_negative_log,10,0.05,0.9,,127,19,243,0.10070451719850808,True,0.0,False,5.0,uniform
0.25780189959294436,0.18495013599274707,0.5112781954887218,0.27163781624500666,gaussian_noise,SKAB,fold_4,7,3,3,3,0.5,avg_negative_log,10,0.05,0.9,,127,19,243,0.10070451719850808,True,0.0,False,5.0,uniform
0.25780189959294436,0.18495013599274707,0.5112781954887218,0.27163781624500666,original,SKAB,fold_4,999,3,3,3,0.5,avg_negative_log,10,0.05,0.9,,127,19,243,0.10070451719850808,True,0.0,False,5.0,uniform
0.25780189959294436,0.18495013599274707,0.5112781954887218,0.27163781624500666,gaussian_noise,SKAB,fold_4,999,3,3,3,0.5,avg_negative_log,10,0.05,0.9,,127,19,243,0.10070451719850808,True,0.0,False,5.0,uniform
0.314361350099272,0.2645971914264597,0.8972431077694235,0.408675799086758,original,SKAB,fold_5,42,3,3,3,0.5,avg_negative_log,10,0.05,0.9,,133,20,247,0.09285714285714286,True,0.0,False,5.0,uniform
0.29781601588352086,0.25445103857566764,0.8596491228070176,0.3926731539782484,gaussian_noise,SKAB,fold_5,42,3,3,3,0.5,avg_negative_log,10,0.05,0.9,,133,20,247,0.09285714285714286,True,0.0,False,5.0,uniform
0.314361350099272,0.2645971914264597,0.8972431077694235,0.408675799086758,original,SKAB,fold_5,123,3,3,3,0.5,avg_negative_log,10,0.05,0.9,,133,20,247,0.09285714285714286,True,0.0,False,5.0,uniform
0.3123759099933819,0.2657393850658858,0.9097744360902256,0.4113314447592068,gaussian_noise,SKAB,fold_5,123,3,3,3,0.5,avg_negative_log,10,0.05,0.9,,133,20,247,0.09285714285714286,True,0.0,False,5.0,uniform
0.314361350099272,0.2645971914264597,0.8972431077694235,0.408675799086758,original,SKAB,fold_5,2026,3,3,3,0.5,avg_negative_log,10,0.05,0.9,,133,20,247,0.09285714285714286,True,0.0,False,5.0,uniform
0.3117140966247518,0.26346863468634685,0.8947368421052632,0.4070695553021665,gaussian_noise,SKAB,fold_5,2026,3,3,3,0.5,avg_negative_log,10,0.05,0.9,,133,20,247,0.09285714285714286,True,0.0,False,5.0,uniform
0.314361350099272,0.2645971914264597,0.8972431077694235,0.408675799086758,original,SKAB,fold_5,7,3,3,3,0.5,avg_negative_log,10,0.05,0.9,,133,20,247,0.09285714285714286,True,0.0,False,5.0,uniform
0.3117140966247518,0.2599250936329588,0.8696741854636592,0.4002306805074971,gaussian_noise,SKAB,fold_5,7,3,3,3,0.5,avg_negative_log,10,0.05,0.9,,133,20,247,0.09285714285714286,True,0.0,False,5.0,uniform
0.314361350099272,0.2645971914264597,0.8972431077694235,0.408675799086758,original,SKAB,fold_5,999,3,3,3,0.5,avg_negative_log,10,0.05,0.9,,133,20,247,0.09285714285714286,True,0.0,False,5.0,uniform
0.3189940436796823,0.2690615835777126,0.9197994987468672,0.4163357912648894,gaussian_noise,SKAB,fold_5,999,3,3,3,0.5,avg_negative_log,10,0.05,0.9,,133,20,247,0.09285714285714286,True,0.0,False,5.0,uniform
0.8113333333333334,0.6104868913857678,0.8129675810473815,0.6973262032085561,original,SKAB,fold_1,42,3,3,3,0.5,avg_negative_log,10,0.1054,0.9,,147,22,270,0.08348794063079777,True,0.0,False,5.0,uniform
0.8153333333333334,0.6148148148148148,0.827930174563591,0.7056323060573858,gaussian_noise,SKAB,fold_1,42,3,3,3,0.5,avg_negative_log,10,0.1054,0.9,,147,22,270,0.08348794063079777,True,0.0,False,5.0,uniform
0.8113333333333334,0.6104868913857678,0.8129675810473815,0.6973262032085561,original,SKAB,fold_1,123,3,3,3,0.5,avg_negative_log,10,0.1054,0.9,,147,22,270,0.08348794063079777,True,0.0,False,5.0,uniform
0.812,0.611214953271028,0.8154613466334164,0.6987179487179487,gaussian_noise,SKAB,fold_1,123,3,3,3,0.5,avg_negative_log,10,0.1054,0.9,,147,22,270,0.08348794063079777,True,0.0,False,5.0,uniform
0.8113333333333334,0.6104868913857678,0.8129675810473815,0.6973262032085561,original,SKAB,fold_1,2026,3,3,3,0.5,avg_negative_log,10,0.1054,0.9,,147,22,270,0.08348794063079777,True,0.0,False,5.0,uniform
0.812,0.611214953271028,0.8154613466334164,0.6987179487179487,gaussian_noise,SKAB,fold_1,2026,3,3,3,0.5,avg_negative_log,10,0.1054,0.9,,147,22,270,0.08348794063079777,True,0.0,False,5.0,uniform
0.8113333333333334,0.6104868913857678,0.8129675810473815,0.6973262032085561,original,SKAB,fold_1,7,3,3,3,0.5,avg_negative_log,10,0.1054,0.9,,147,22,270,0.08348794063079777,True,0.0,False,5.0,uniform
0.8093333333333333,0.608286252354049,0.8054862842892768,0.6931330472103004,gaussian_noise,SKAB,fold_1,7,3,3,3,0.5,avg_negative_log,10,0.1054,0.9,,147,22,270,0.08348794063079777,True,0.0,False,5.0,uniform
0.8113333333333334,0.6104868913857678,0.8129675810473815,0.6973262032085561,original,SKAB,fold_1,999,3,3,3,0.5,avg_negative_log,10,0.1054,0.9,,147,22,270,0.08348794063079777,True,0.0,False,5.0,uniform
0.8206666666666667,0.6269230769230769,0.8129675810473815,0.7079261672095548,gaussian_noise,SKAB,fold_1,999,3,3,3,0.5,avg_negative_log,10,0.1054,0.9,,147,22,270,0.08348794063079777,True,0.0,False,5.0,uniform
0.6746987951807228,0.4436997319034853,0.8233830845771144,0.5766550522648084,original,SKAB,fold_2,42,3,3,3,0.5,avg_negative_log,10,0.1054,0.9,,125,18,240,0.10666666666666667,True,0.0,False,5.0,uniform
0.6586345381526104,0.43041237113402064,0.8308457711442786,0.567062818336163,gaussian_noise,SKAB,fold_2,42,3,3,3,0.5,avg_negative_log,10,0.1054,0.9,,125,18,240,0.10666666666666667,True,0.0,False,5.0,uniform
0.6746987951807228,0.4436997319034853,0.8233830845771144,0.5766550522648084,original,SKAB,fold_2,123,3,3,3,0.5,avg_negative_log,10,0.1054,0.9,,125,18,240,0.10666666666666667,True,0.0,False,5.0,uniform
0.643908969210174,0.41792929292929293,0.8233830845771144,0.5544388609715243,gaussian_noise,SKAB,fold_2,123,3,3,3,0.5,avg_negative_log,10,0.1054,0.9,,125,18,240,0.10666666666666667,True,0.0,False,5.0,uniform
0.6746987951807228,0.4436997319034853,0.8233830845771144,0.5766550522648084,original,SKAB,fold_2,2026,3,3,3,0.5,avg_negative_log,10,0.1054,0.9,,125,18,240,0.10666666666666667,True,0.0,False,5.0,uniform
0.6492637215528781,0.4201570680628272,0.7985074626865671,0.5506003430531733,gaussian_noise,SKAB,fold_2,2026,3,3,3,0.5,avg_negative_log,10,0.1054,0.9,,125,18,240,0.10666666666666667,True,0.0,False,5.0,uniform
0.6746987951807228,0.4436997319034853,0.8233830845771144,0.5766550522648084,original,SKAB,fold_2,7,3,3,3,0.5,avg_negative_log,10,0.1054,0.9,,125,18,240,0.10666666666666667,True,0.0,False,5.0,uniform
0.6519410977242303,0.4247448979591837,0.8283582089552238,0.5615514333895447,gaussian_noise,SKAB,fold_2,7,3,3,3,0.5,avg_negative_log,10,0.1054,0.9,,125,18,240,0.10666666666666667,True,0.0,False,5.0,uniform
0.6746987951807228,0.4436997319034853,0.8233830845771144,0.5766550522648084,original,SKAB,fold_2,999,3,3,3,0.5,avg_negative_log,10,0.1054,0.9,,125,18,240,0.10666666666666667,True,0.0,False,5.0,uniform
0.6526104417670683,0.4249037227214377,0.8233830845771144,0.5605419136325148,gaussian_noise,SKAB,fold_2,999,3,3,3,0.5,avg_negative_log,10,0.1054,0.9,,125,18,240,0.10666666666666667,True,0.0,False,5.0,uniform
0.4571619812583668,0.25934579439252337,0.556390977443609,0.3537848605577689,original,SKAB,fold_3,42,3,3,3,0.5,avg_negative_log,10,0.1054,0.9,,127,19,241,0.0998756734355574,True,0.0,False,5.0,uniform
0.463855421686747,0.26573426573426573,0.5714285714285714,0.3627684964200477,gaussian_noise,SKAB,fold_3,42,3,3,3,0.5,avg_negative_log,10,0.1054,0.9,,127,19,241,0.0998756734355574,True,0.0,False,5.0,uniform
0.4571619812583668,0.25934579439252337,0.556390977443609,0.3537848605577689,original,SKAB,fold_3,123,3,3,3,0.5,avg_negative_log,10,0.1054,0.9,,127,19,241,0.0998756734355574,True,0.0,False,5.0,uniform
0.45113788487282463,0.25832376578645233,0.5639097744360902,0.3543307086614173,gaussian_noise,SKAB,fold_3,123,3,3,3,0.5,avg_negative_log,10,0.1054,0.9,,127,19,241,0.0998756734355574,True,0.0,False,5.0,uniform
0.4571619812583668,0.25934579439252337,0.556390977443609,0.3537848605577689,original,SKAB,fold_3,2026,3,3,3,0.5,avg_negative_log,10,0.1054,0.9,,127,19,241,0.0998756734355574,True,0.0,False,5.0,uniform
0.463855421686747,0.26297169811320753,0.5588972431077694,0.35765838011226947,gaussian_noise,SKAB,fold_3,2026,3,3,3,0.5,avg_negative_log,10,0.1054,0.9,,127,19,241,0.0998756734355574,True,0.0,False,5.0,uniform
0.4571619812583668,0.25934579439252337,0.556390977443609,0.3537848605577689,original,SKAB,fold_3,7,3,3,3,0.5,avg_negative_log,10,0.1054,0.9,,127,19,241,0.0998756734355574,True,0.0,False,5.0,uniform
0.45515394912985274,0.26011560693641617,0.5639097744360902,0.3560126582278481,gaussian_noise,SKAB,fold_3,7,3,3,3,0.5,avg_negative_log,10,0.1054,0.9,,127,19,241,0.0998756734355574,True,0.0,False,5.0,uniform
0.4571619812583668,0.25934579439252337,0.556390977443609,0.3537848605577689,original,SKAB,fold_3,999,3,3,3,0.5,avg_negative_log,10,0.1054,0.9,,127,19,241,0.0998756734355574,True,0.0,False,5.0,uniform
0.45582329317269077,0.26152073732718895,0.568922305764411,0.35832675611681136,gaussian_noise,SKAB,fold_3,999,3,3,3,0.5,avg_negative_log,10,0.1054,0.9,,127,19,241,0.0998756734355574,True,0.0,False,5.0,uniform
0.37924016282225237,0.13966480446927373,0.2506265664160401,0.17937219730941703,original,SKAB,fold_4,42,3,3,3,0.5,avg_negative_log,10,0.1054,0.9,,127,19,243,0.10070451719850808,True,0.0,False,5.0,uniform
0.3582089552238806,0.13090418353576247,0.24310776942355888,0.17017543859649123,gaussian_noise,SKAB,fold_4,42,3,3,3,0.5,avg_negative_log,10,0.1054,0.9,,127,19,243,0.10070451719850808,True,0.0,False,5.0,uniform
0.37924016282225237,0.13966480446927373,0.2506265664160401,0.17937219730941703,original,SKAB,fold_4,123,3,3,3,0.5,avg_negative_log,10,0.1054,0.9,,127,19,243,0.10070451719850808,True,0.0,False,5.0,uniform
0.3677069199457259,0.13443072702331962,0.24561403508771928,0.17375886524822695,gaussian_noise,SKAB,fold_4,123,3,3,3,0.5,avg_negative_log,10,0.1054,0.9,,127,19,243,0.10070451719850808,True,0.0,False,5.0,uniform
0.37924016282225237,0.13966480446927373,0.2506265664160401,0.17937219730941703,original,SKAB,fold_4,2026,3,3,3,0.5,avg_negative_log,10,0.1054,0.9,,127,19,243,0.10070451719850808,True,0.0,False,5.0,uniform
0.3575305291723202,0.13172043010752688,0.24561403508771928,0.1714785651793526,gaussian_noise,SKAB,fold_4,2026,3,3,3,0.5,avg_negative_log,10,0.1054,0.9,,127,19,243,0.10070451719850808,True,0.0,False,5.0,uniform
0.37924016282225237,0.13966480446927373,0.2506265664160401,0.17937219730941703,original,SKAB,fold_4,7,3,3,3,0.5,avg_negative_log,10,0.1054,0.9,,127,19,243,0.10070451719850808,True,0.0,False,5.0,uniform
0.37924016282225237,0.13764044943820225,0.24561403508771928,0.17641764176417643,gaussian_noise,SKAB,fold_4,7,3,3,3,0.5,avg_negative_log,10,0.1054,0.9,,127,19,243,0.10070451719850808,True,0.0,False,5.0,uniform
0.37924016282225237,0.13966480446927373,0.2506265664160401,0.17937219730941703,original,SKAB,fold_4,999,3,3,3,0.5,avg_negative_log,10,0.1054,0.9,,127,19,243,0.10070451719850808,True,0.0,False,5.0,uniform
0.3487109905020353,0.1314060446780552,0.2506265664160401,0.1724137931034483,gaussian_noise,SKAB,fold_4,999,3,3,3,0.5,avg_negative_log,10,0.1054,0.9,,127,19,243,0.10070451719850808,True,0.0,False,5.0,uniform
0.42819324950363996,0.3000859845227859,0.87468671679198,0.4468629961587708,original,SKAB,fold_5,42,3,3,3,0.5,avg_negative_log,10,0.1054,0.9,,133,20,247,0.09285714285714286,True,0.0,False,5.0,uniform
0.399735274652548,0.28510998307952623,0.8446115288220551,0.4263124604680582,gaussian_noise,SKAB,fold_5,42,3,3,3,0.5,avg_negative_log,10,0.1054,0.9,,133,20,247,0.09285714285714286,True,0.0,False,5.0,uniform
0.42819324950363996,0.3000859845227859,0.87468671679198,0.4468629961587708,original,SKAB,fold_5,123,3,3,3,0.5,avg_negative_log,10,0.1054,0.9,,133,20,247,0.09285714285714286,True,0.0,False,5.0,uniform
0.4328259430840503,0.3046075085324232,0.8947368421052632,0.45448758752387014,gaussian_noise,SKAB,fold_5,123,3,3,3,0.5,avg_negative_log,10,0.1054,0.9,,133,20,247,0.09285714285714286,True,0.0,False,5.0,uniform
0.42819324950363996,0.3000859845227859,0.87468671679198,0.4468629961587708,original,SKAB,fold_5,2026,3,3,3,0.5,avg_negative_log,10,0.1054,0.9,,133,20,247,0.09285714285714286,True,0.0,False,5.0,uniform
0.4070152217074785,0.29308909242298087,0.8822055137844611,0.44,gaussian_noise,SKAB,fold_5,2026,3,3,3,0.5,avg_negative_log,10,0.1054,0.9,,133,20,247,0.09285714285714286,True,0.0,False,5.0,uniform
0.42819324950363996,0.3000859845227859,0.87468671679198,0.4468629961587708,original,SKAB,fold_5,7,3,3,3,0.5,avg_negative_log,10,0.1054,0.9,,133,20,247,0.09285714285714286,True,0.0,False,5.0,uniform
0.4070152217074785,0.2888700084961767,0.8521303258145363,0.43147208121827413,gaussian_noise,SKAB,fold_5,7,3,3,3,0.5,avg_negative_log,10,0.1054,0.9,,133,20,247,0.09285714285714286,True,0.0,False,5.0,uniform
0.42819324950363996,0.3000859845227859,0.87468671679198,0.4468629961587708,original,SKAB,fold_5,999,3,3,3,0.5,avg_negative_log,10,0.1054,0.9,,133,20,247,0.09285714285714286,True,0.0,False,5.0,uniform
0.4195896757114494,0.3011647254575707,0.9072681704260651,0.4522173641474079,gaussian_noise,SKAB,fold_5,999,3,3,3,0.5,avg_negative_log,10,0.1054,0.9,,133,20,247,0.09285714285714286,True,0.0,False,5.0,uniform
0.7993333333333333,0.7551020408163265,0.3690773067331671,0.49581239530988275,original,SKAB,fold_1,42,3,3,3,0.5,avg_negative_log,10,0.2231,0.9,,147,22,270,0.08348794063079777,True,0.0,False,5.0,uniform
0.8026666666666666,0.7611940298507462,0.38154613466334164,0.5083056478405316,gaussian_noise,SKAB,fold_1,42,3,3,3,0.5,avg_negative_log,10,0.2231,0.9,,147,22,270,0.08348794063079777,True,0.0,False,5.0,uniform
0.7993333333333333,0.7551020408163265,0.3690773067331671,0.49581239530988275,original,SKAB,fold_1,123,3,3,3,0.5,avg_negative_log,10,0.2231,0.9,,147,22,270,0.08348794063079777,True,0.0,False,5.0,uniform
0.792,0.7129186602870813,0.371571072319202,0.4885245901639344,gaussian_noise,SKAB,fold_1,123,3,3,3,0.5,avg_negative_log,10,0.2231,0.9,,147,22,270,0.08348794063079777,True,0.0,False,5.0,uniform
0.7993333333333333,0.7551020408163265,0.3690773067331671,0.49581239530988275,original,SKAB,fold_1,2026,3,3,3,0.5,avg_negative_log,10,0.2231,0.9,,147,22,270,0.08348794063079777,True,0.0,False,5.0,uniform
0.784,0.6742081447963801,0.371571072319202,0.4790996784565916,gaussian_noise,SKAB,fold_1,2026,3,3,3,0.5,avg_negative_log,10,0.2231,0.9,,147,22,270,0.08348794063079777,True,0.0,False,5.0,uniform
0.7993333333333333,0.7551020408163265,0.3690773067331671,0.49581239530988275,original,SKAB,fold_1,7,3,3,3,0.5,avg_negative_log,10,0.2231,0.9,,147,22,270,0.08348794063079777,True,0.0,False,5.0,uniform
0.7973333333333333,0.7512953367875648,0.36159600997506236,0.4882154882154882,gaussian_noise,SKAB,fold_1,7,3,3,3,0.5,avg_negative_log,10,0.2231,0.9,,147,22,270,0.08348794063079777,True,0.0,False,5.0,uniform
0.7993333333333333,0.7551020408163265,0.3690773067331671,0.49581239530988275,original,SKAB,fold_1,999,3,3,3,0.5,avg_negative_log,10,0.2231,0.9,,147,22,270,0.08348794063079777,True,0.0,False,5.0,uniform
0.7986666666666666,0.751269035532995,0.3690773067331671,0.49498327759197325,gaussian_noise,SKAB,fold_1,999,3,3,3,0.5,avg_negative_log,10,0.2231,0.9,,147,22,270,0.08348794063079777,True,0.0,False,5.0,uniform
0.6847389558232931,0.4520166898470097,0.8084577114427861,0.5798394290811775,original,SKAB,fold_2,42,3,3,3,0.5,avg_negative_log,10,0.2231,0.9,,125,18,240,0.10666666666666667,True,0.0,False,5.0,uniform
0.6666666666666666,0.4363395225464191,0.818407960199005,0.5692041522491349,gaussian_noise,SKAB,fold_2,42,3,3,3,0.5,avg_negative_log,10,0.2231,0.9,,125,18,240,0.10666666666666667,True,0.0,False,5.0,uniform
0.6847389558232931,0.4520166898470097,0.8084577114427861,0.5798394290811775,original,SKAB,fold_2,123,3,3,3,0.5,avg_negative_log,10,0.2231,0.9,,125,18,240,0.10666666666666667,True,0.0,False,5.0,uniform
0.6539491298527443,0.4244415243101183,0.8034825870646766,0.5554600171969045,gaussian_noise,SKAB,fold_2,123,3,3,3,0.5,avg_negative_log,10,0.2231,0.9,,125,18,240,0.10666666666666667,True,0.0,False,5.0,uniform
0.6847389558232931,0.4520166898470097,0.8084577114427861,0.5798394290811775,original,SKAB,fold_2,2026,3,3,3,0.5,avg_negative_log,10,0.2231,0.9,,125,18,240,0.10666666666666667,True,0.0,False,5.0,uniform
0.6599732262382865,0.4283783783783784,0.7885572139303483,0.5551663747810858,gaussian_noise,SKAB,fold_2,2026,3,3,3,0.5,avg_negative_log,10,0.2231,0.9,,125,18,240,0.10666666666666667,True,0.0,False,5.0,uniform
0.6847389558232931,0.4520166898470097,0.8084577114427861,0.5798394290811775,original,SKAB,fold_2,7,3,3,3,0.5,avg_negative_log,10,0.2231,0.9,,125,18,240,0.10666666666666667,True,0.0,False,5.0,uniform
0.6633199464524766,0.433112582781457,0.8134328358208955,0.5652549697493517,gaussian_noise,SKAB,fold_2,7,3,3,3,0.5,avg_negative_log,10,0.2231,0.9,,125,18,240,0.10666666666666667,True,0.0,False,5.0,uniform
0.6847389558232931,0.4520166898470097,0.8084577114427861,0.5798394290811775,original,SKAB,fold_2,999,3,3,3,0.5,avg_negative_log,10,0.2231,0.9,,125,18,240,0.10666666666666667,True,0.0,False,5.0,uniform
0.6606425702811245,0.42990654205607476,0.8009950248756219,0.5595134665508253,gaussian_noise,SKAB,fold_2,999,3,3,3,0.5,avg_negative_log,10,0.2231,0.9,,125,18,240,0.10666666666666667,True,0.0,False,5.0,uniform
0.4759036144578313,0.26354679802955666,0.5363408521303258,0.35342691990090835,original,SKAB,fold_3,42,3,3,3,0.5,avg_negative_log,10,0.2231,0.9,,127,19,241,0.0998756734355574,True,0.0,False,5.0,uniform
0.48058902275769744,0.2692778457772338,0.5513784461152882,0.3618421052631579,gaussian_noise,SKAB,fold_3,42,3,3,3,0.5,avg_negative_log,10,0.2231,0.9,,127,19,241,0.0998756734355574,True,0.0,False,5.0,uniform
0.4759036144578313,0.26354679802955666,0.5363408521303258,0.35342691990090835,original,SKAB,fold_3,123,3,3,3,0.5,avg_negative_log,10,0.2231,0.9,,127,19,241,0.0998756734355574,True,0.0,False,5.0,uniform
0.464524765729585,0.25988023952095807,0.543859649122807,0.35170178282009723,gaussian_noise,SKAB,fold_3,123,3,3,3,0.5,avg_negative_log,10,0.2231,0.9,,127,19,241,0.0998756734355574,True,0.0,False,5.0,uniform
0.4759036144578313,0.26354679802955666,0.5363408521303258,0.35342691990090835,original,SKAB,fold_3,2026,3,3,3,0.5,avg_negative_log,10,0.2231,0.9,,127,19,241,0.0998756734355574,True,0.0,False,5.0,uniform
0.4785809906291834,0.2654320987654321,0.5388471177944862,0.3556658395368073,gaussian_noise,SKAB,fold_3,2026,3,3,3,0.5,avg_negative_log,10,0.2231,0.9,,127,19,241,0.0998756734355574,True,0.0,False,5.0,uniform
0.4759036144578313,0.26354679802955666,0.5363408521303258,0.35342691990090835,original,SKAB,fold_3,7,3,3,3,0.5,avg_negative_log,10,0.2231,0.9,,127,19,241,0.0998756734355574,True,0.0,False,5.0,uniform
0.46921017402945114,0.26207729468599034,0.543859649122807,0.3537082314588427,gaussian_noise,SKAB,fold_3,7,3,3,3,0.5,avg_negative_log,10,0.2231,0.9,,127,19,241,0.0998756734355574,True,0.0,False,5.0,uniform
0.4759036144578313,0.26354679802955666,0.5363408521303258,0.35342691990090835,original,SKAB,fold_3,999,3,3,3,0.5,avg_negative_log,10,0.2231,0.9,,127,19,241,0.0998756734355574,True,0.0,False,5.0,uniform
0.46987951807228917,0.26410564225690275,0.5513784461152882,0.35714285714285715,gaussian_noise,SKAB,fold_3,999,3,3,3,0.5,avg_negative_log,10,0.2231,0.9,,127,19,241,0.0998756734355574,True,0.0,False,5.0,uniform
0.3941655359565807,0.1388888888888889,0.23809523809523808,0.17543859649122806,original,SKAB,fold_4,42,3,3,3,0.5,avg_negative_log,10,0.2231,0.9,,127,19,243,0.10070451719850808,True,0.0,False,5.0,uniform
0.3751696065128901,0.13031161473087818,0.23057644110275688,0.1665158371040724,gaussian_noise,SKAB,fold_4,42,3,3,3,0.5,avg_negative_log,10,0.2231,0.9,,127,19,243,0.10070451719850808,True,0.0,False,5.0,uniform
0.3941655359565807,0.1388888888888889,0.23809523809523808,0.17543859649122806,original,SKAB,fold_4,123,3,3,3,0.5,avg_negative_log,10,0.2231,0.9,,127,19,243,0.10070451719850808,True,0.0,False,5.0,uniform
0.3805970149253731,0.1307471264367816,0.22807017543859648,0.16621004566210046,gaussian_noise,SKAB,fold_4,123,3,3,3,0.5,avg_negative_log,10,0.2231,0.9,,127,19,243,0.10070451719850808,True,0.0,False,5.0,uniform
0.3941655359565807,0.1388888888888889,0.23809523809523808,0.17543859649122806,original,SKAB,fold_4,2026,3,3,3,0.5,avg_negative_log,10,0.2231,0.9,,127,19,243,0.10070451719850808,True,0.0,False,5.0,uniform
0.3778833107191316,0.13210227272727273,0.23308270676691728,0.1686310063463282,gaussian_noise,SKAB,fold_4,2026,3,3,3,0.5,avg_negative_log,10,0.2231,0.9,,127,19,243,0.10070451719850808,True,0.0,False,5.0,uniform
0.3941655359565807,0.1388888888888889,0.23809523809523808,0.17543859649122806,original,SKAB,fold_4,7,3,3,3,0.5,avg_negative_log,10,0.2231,0.9,,127,19,243,0.10070451719850808,True,0.0,False,5.0,uniform
0.3914518317503392,0.1338235294117647,0.22807017543859648,0.1686746987951807,gaussian_noise,SKAB,fold_4,7,3,3,3,0.5,avg_negative_log,10,0.2231,0.9,,127,19,243,0.10070451719850808,True,0.0,False,5.0,uniform
0.3941655359565807,0.1388888888888889,0.23809523809523808,0.17543859649122806,original,SKAB,fold_4,999,3,3,3,0.5,avg_negative_log,10,0.2231,0.9,,127,19,243,0.10070451719850808,True,0.0,False,5.0,uniform
0.3683853459972863,0.13157894736842105,0.23809523809523808,0.1694915254237288,gaussian_noise,SKAB,fold_4,999,3,3,3,0.5,avg_negative_log,10,0.2231,0.9,,127,19,243,0.10070451719850808,True,0.0,False,5.0,uniform
0.46525479814692255,0.3125572868927589,0.8546365914786967,0.4577181208053691,original,SKAB,fold_5,42,3,3,3,0.5,avg_negative_log,10,0.2231,0.9,,133,20,247,0.09285714285714286,True,0.0,False,5.0,uniform
0.4129715420251489,0.28782608695652173,0.8295739348370927,0.4273724983860555,gaussian_noise,SKAB,fold_5,42,3,3,3,0.5,avg_negative_log,10,0.2231,0.9,,133,20,247,0.09285714285714286,True,0.0,False,5.0,uniform
0.46525479814692255,0.3125572868927589,0.8546365914786967,0.4577181208053691,original,SKAB,fold_5,123,3,3,3,0.5,avg_negative_log,10,0.2231,0.9,,133,20,247,0.09285714285714286,True,0.0,False,5.0,uniform
0.45334215751158174,0.31089459698848537,0.8796992481203008,0.4594240837696335,gaussian_noise,SKAB,fold_5,123,3,3,3,0.5,avg_negative_log,10,0.2231,0.9,,133,20,247,0.09285714285714286,True,0.0,False,5.0,uniform
0.46525479814692255,0.3125572868927589,0.8546365914786967,0.4577181208053691,original,SKAB,fold_5,2026,3,3,3,0.5,avg_negative_log,10,0.2231,0.9,,133,20,247,0.09285714285714286,True,0.0,False,5.0,uniform
0.43348775645268034,0.3007846556233653,0.8646616541353384,0.4463130659767141,gaussian_noise,SKAB,fold_5,2026,3,3,3,0.5,avg_negative_log,10,0.2231,0.9,,133,20,247,0.09285714285714286,True,0.0,False,5.0,uniform
0.46525479814692255,0.3125572868927589,0.8546365914786967,0.4577181208053691,original,SKAB,fold_5,7,3,3,3,0.5,avg_negative_log,10,0.2231,0.9,,133,20,247,0.09285714285714286,True,0.0,False,5.0,uniform
0.4255459960291198,0.2933920704845815,0.8345864661654135,0.43415906127770537,gaussian_noise,SKAB,fold_5,7,3,3,3,0.5,avg_negative_log,10,0.2231,0.9,,133,20,247,0.09285714285714286,True,0.0,False,5.0,uniform
0.46525479814692255,0.3125572868927589,0.8546365914786967,0.4577181208053691,original,SKAB,fold_5,999,3,3,3,0.5,avg_negative_log,10,0.2231,0.9,,133,20,247,0.09285714285714286,True,0.0,False,5.0,uniform
0.4639311714096625,0.3170080142475512,0.8922305764411027,0.46780551905387646,gaussian_noise,SKAB,fold_5,999,3,3,3,0.5,avg_negative_log,10,0.2231,0.9,,133,20,247,0.09285714285714286,True,0.0,False,5.0,uniform
0.802,0.782608695652174,0.35910224438902744,0.49230769230769234,original,SKAB,fold_1,42,3,3,3,0.5,avg_negative_log,10,0.3567,0.9,,147,22,270,0.08348794063079777,True,0.0,False,5.0,uniform
0.8046666666666666,0.7872340425531915,0.3690773067331671,0.5025466893039049,gaussian_noise,SKAB,fold_1,42,3,3,3,0.5,avg_negative_log,10,0.3567,0.9,,147,22,270,0.08348794063079777,True,0.0,False,5.0,uniform
0.802,0.782608695652174,0.35910224438902744,0.49230769230769234,original,SKAB,fold_1,123,3,3,3,0.5,avg_negative_log,10,0.3567,0.9,,147,22,270,0.08348794063079777,True,0.0,False,5.0,uniform
0.796,0.7435897435897436,0.36159600997506236,0.4865771812080537,gaussian_noise,SKAB,fold_1,123,3,3,3,0.5,avg_negative_log,10,0.3567,0.9,,147,22,270,0.08348794063079777,True,0.0,False,5.0,uniform
0.802,0.782608695652174,0.35910224438902744,0.49230769230769234,original,SKAB,fold_1,2026,3,3,3,0.5,avg_negative_log,10,0.3567,0.9,,147,22,270,0.08348794063079777,True,0.0,False,5.0,uniform
0.7893333333333333,0.7073170731707317,0.36159600997506236,0.47854785478547857,gaussian_noise,SKAB,fold_1,2026,3,3,3,0.5,avg_negative_log,10,0.3567,0.9,,147,22,270,0.08348794063079777,True,0.0,False,5.0,uniform
0.802,0.782608695652174,0.35910224438902744,0.49230769230769234,original,SKAB,fold_1,7,3,3,3,0.5,avg_negative_log,10,0.3567,0.9,,147,22,270,0.08348794063079777,True,0.0,False,5.0,uniform
0.8,0.7790055248618785,0.3516209476309227,0.4845360824742268,gaussian_noise,SKAB,fold_1,7,3,3,3,0.5,avg_negative_log,10,0.3567,0.9,,147,22,270,0.08348794063079777,True,0.0,False,5.0,uniform
0.802,0.782608695652174,0.35910224438902744,0.49230769230769234,original,SKAB,fold_1,999,3,3,3,0.5,avg_negative_log,10,0.3567,0.9,,147,22,270,0.08348794063079777,True,0.0,False,5.0,uniform
0.8013333333333333,0.7783783783783784,0.35910224438902744,0.49146757679180886,gaussian_noise,SKAB,fold_1,999,3,3,3,0.5,avg_negative_log,10,0.3567,0.9,,147,22,270,0.08348794063079777,True,0.0,False,5.0,uniform
0.6900937081659974,0.45573294629898403,0.7810945273631841,0.5756186984417965,original,SKAB,fold_2,42,3,3,3,0.5,avg_negative_log,10,0.3567,0.9,,125,18,240,0.10666666666666667,True,0.0,False,5.0,uniform
0.6753681392235609,0.44291609353507566,0.8009950248756219,0.5704162976085031,gaussian_noise,SKAB,fold_2,42,3,3,3,0.5,avg_negative_log,10,0.3567,0.9,,125,18,240,0.10666666666666667,True,0.0,False,5.0,uniform
0.6900937081659974,0.45573294629898403,0.7810945273631841,0.5756186984417965,original,SKAB,fold_2,123,3,3,3,0.5,avg_negative_log,10,0.3567,0.9,,125,18,240,0.10666666666666667,True,0.0,False,5.0,uniform
0.6619812583668006,0.42954856361149113,0.7810945273631841,0.5542806707855251,gaussian_noise,SKAB,fold_2,123,3,3,3,0.5,avg_negative_log,10,0.3567,0.9,,125,18,240,0.10666666666666667,True,0.0,False,5.0,uniform
0.6900937081659974,0.45573294629898403,0.7810945273631841,0.5756186984417965,original,SKAB,fold_2,2026,3,3,3,0.5,avg_negative_log,10,0.3567,0.9,,125,18,240,0.10666666666666667,True,0.0,False,5.0,uniform
0.6686746987951807,0.43478260869565216,0.7711442786069652,0.5560538116591929,gaussian_noise,SKAB,fold_2,2026,3,3,3,0.5,avg_negative_log,10,0.3567,0.9,,125,18,240,0.10666666666666667,True,0.0,False,5.0,uniform
0.6900937081659974,0.45573294629898403,0.7810945273631841,0.5756186984417965,original,SKAB,fold_2,7,3,3,3,0.5,avg_negative_log,10,0.3567,0.9,,125,18,240,0.10666666666666667,True,0.0,False,5.0,uniform
0.6720214190093708,0.43922651933701656,0.7910447761194029,0.5648312611012434,gaussian_noise,SKAB,fold_2,7,3,3,3,0.5,avg_negative_log,10,0.3567,0.9,,125,18,240,0.10666666666666667,True,0.0,False,5.0,uniform
0.6900937081659974,0.45573294629898403,0.7810945273631841,0.5756186984417965,original,SKAB,fold_2,999,3,3,3,0.5,avg_negative_log,10,0.3567,0.9,,125,18,240,0.10666666666666667,True,0.0,False,5.0,uniform
0.6686746987951807,0.43496503496503497,0.7736318407960199,0.5568487018800358,gaussian_noise,SKAB,fold_2,999,3,3,3,0.5,avg_negative_log,10,0.3567,0.9,,125,18,240,0.10666666666666667,True,0.0,False,5.0,uniform
0.49129852744310576,0.2670967741935484,0.518796992481203,0.3526405451448041,original,SKAB,fold_3,42,3,3,3,0.5,avg_negative_log,10,0.3567,0.9,,127,19,241,0.0998756734355574,True,0.0,False,5.0,uniform
0.4966532797858099,0.2734274711168164,0.5338345864661654,0.3616298811544992,gaussian_noise,SKAB,fold_3,42,3,3,3,0.5,avg_negative_log,10,0.3567,0.9,,127,19,241,0.0998756734355574,True,0.0,False,5.0,uniform
0.49129852744310576,0.2670967741935484,0.518796992481203,0.3526405451448041,original,SKAB,fold_3,123,3,3,3,0.5,avg_negative_log,10,0.3567,0.9,,127,19,241,0.0998756734355574,True,0.0,False,5.0,uniform
0.4779116465863454,0.2627646326276463,0.5288220551378446,0.35108153078202997,gaussian_noise,SKAB,fold_3,123,3,3,3,0.5,avg_negative_log,10,0.3567,0.9,,127,19,241,0.0998756734355574,True,0.0,False,5.0,uniform
0.49129852744310576,0.2670967741935484,0.518796992481203,0.3526405451448041,original,SKAB,fold_3,2026,3,3,3,0.5,avg_negative_log,10,0.3567,0.9,,127,19,241,0.0998756734355574,True,0.0,False,5.0,uniform
0.4919678714859438,0.2686375321336761,0.5238095238095238,0.35514018691588783,gaussian_noise,SKAB,fold_3,2026,3,3,3,0.5,avg_negative_log,10,0.3567,0.9,,127,19,241,0.0998756734355574,True,0.0,False,5.0,uniform
0.49129852744310576,0.2670967741935484,0.518796992481203,0.3526405451448041,original,SKAB,fold_3,7,3,3,3,0.5,avg_negative_log,10,0.3567,0.9,,127,19,241,0.0998756734355574,True,0.0,False,5.0,uniform
0.48460508701472554,0.26548672566371684,0.5263157894736842,0.35294117647058826,gaussian_noise,SKAB,fold_3,7,3,3,3,0.5,avg_negative_log,10,0.3567,0.9,,127,19,241,0.0998756734355574,True,0.0,False,5.0,uniform
0.49129852744310576,0.2670967741935484,0.518796992481203,0.3526405451448041,original,SKAB,fold_3,999,3,3,3,0.5,avg_negative_log,10,0.3567,0.9,,127,19,241,0.0998756734355574,True,0.0,False,5.0,uniform
0.4839357429718876,0.26807980049875313,0.5388471177944862,0.35803497085761865,gaussian_noise,SKAB,fold_3,999,3,3,3,0.5,avg_negative_log,10,0.3567,0.9,,127,19,241,0.0998756734355574,True,0.0,False,5.0,uniform
0.4090909090909091,0.1402439024390244,0.23057644110275688,0.17440758293838862,original,SKAB,fold_4,42,3,3,3,0.5,avg_negative_log,10,0.3567,0.9,,127,19,243,0.10070451719850808,True,0.0,False,5.0,uniform
0.39077340569877883,0.13146233382570163,0.22305764411027568,0.1654275092936803,gaussian_noise,SKAB,fold_4,42,3,3,3,0.5,avg_negative_log,10,0.3567,0.9,,127,19,243,0.10070451719850808,True,0.0,False,5.0,uniform
0.4090909090909091,0.1402439024390244,0.23057644110275688,0.17440758293838862,original,SKAB,fold_4,123,3,3,3,0.5,avg_negative_log,10,0.3567,0.9,,127,19,243,0.10070451719850808,True,0.0,False,5.0,uniform
0.39620081411126185,0.13082706766917293,0.21804511278195488,0.16353383458646617,gaussian_noise,SKAB,fold_4,123,3,3,3,0.5,avg_negative_log,10,0.3567,0.9,,127,19,243,0.10070451719850808,True,0.0,False,5.0,uniform
0.4090909090909091,0.1402439024390244,0.23057644110275688,0.17440758293838862,original,SKAB,fold_4,2026,3,3,3,0.5,avg_negative_log,10,0.3567,0.9,,127,19,243,0.10070451719850808,True,0.0,False,5.0,uniform
0.39755766621438265,0.13452914798206278,0.22556390977443608,0.16853932584269662,gaussian_noise,SKAB,fold_4,2026,3,3,3,0.5,avg_negative_log,10,0.3567,0.9,,127,19,243,0.10070451719850808,True,0.0,False,5.0,uniform
0.4090909090909091,0.1402439024390244,0.23057644110275688,0.17440758293838862,original,SKAB,fold_4,7,3,3,3,0.5,avg_negative_log,10,0.3567,0.9,,127,19,243,0.10070451719850808,True,0.0,False,5.0,uniform
0.4043419267299864,0.1332312404287902,0.21804511278195488,0.16539923954372623,gaussian_noise,SKAB,fold_4,7,3,3,3,0.5,avg_negative_log,10,0.3567,0.9,,127,19,243,0.10070451719850808,True,0.0,False,5.0,uniform
0.4090909090909091,0.1402439024390244,0.23057644110275688,0.17440758293838862,original,SKAB,fold_4,999,3,3,3,0.5,avg_negative_log,10,0.3567,0.9,,127,19,243,0.10070451719850808,True,0.0,False,5.0,uniform
0.3860244233378562,0.13333333333333333,0.23057644110275688,0.1689623507805326,gaussian_noise,SKAB,fold_4,999,3,3,3,0.5,avg_negative_log,10,0.3567,0.9,,127,19,243,0.10070451719850808,True,0.0,False,5.0,uniform
0.4798146922567836,0.31376323387872956,0.8170426065162907,0.4534075104311544,original,SKAB,fold_5,42,3,3,3,0.5,avg_negative_log,10,0.3567,0.9,,133,20,247,0.09285714285714286,True,0.0,False,5.0,uniform
0.4268696227663799,0.2894499549143372,0.8045112781954887,0.42572944297082227,gaussian_noise,SKAB,fold_5,42,3,3,3,0.5,avg_negative_log,10,0.3567,0.9,,133,20,247,0.09285714285714286,True,0.0,False,5.0,uniform
0.4798146922567836,0.31376323387872956,0.8170426065162907,0.4534075104311544,original,SKAB,fold_5,123,3,3,3,0.5,avg_negative_log,10,0.3567,0.9,,133,20,247,0.09285714285714286,True,0.0,False,5.0,uniform
0.47121111846459296,0.31583793738489874,0.8596491228070176,0.46195286195286195,gaussian_noise,SKAB,fold_5,123,3,3,3,0.5,avg_negative_log,10,0.3567,0.9,,133,20,247,0.09285714285714286,True,0.0,False,5.0,uniform
0.4798146922567836,0.31376323387872956,0.8170426065162907,0.4534075104311544,original,SKAB,fold_5,2026,3,3,3,0.5,avg_negative_log,10,0.3567,0.9,,133,20,247,0.09285714285714286,True,0.0,False,5.0,uniform
0.4500330906684315,0.3021978021978022,0.8270676691729323,0.4426559356136821,gaussian_noise,SKAB,fold_5,2026,3,3,3,0.5,avg_negative_log,10,0.3567,0.9,,133,20,247,0.09285714285714286,True,0.0,False,5.0,uniform
0.4798146922567836,0.31376323387872956,0.8170426065162907,0.4534075104311544,original,SKAB,fold_5,7,3,3,3,0.5,avg_negative_log,10,0.3567,0.9,,133,20,247,0.09285714285714286,True,0.0,False,5.0,uniform
0.4454003970880212,0.2976958525345622,0.8095238095238095,0.4353099730458221,gaussian_noise,SKAB,fold_5,7,3,3,3,0.5,avg_negative_log,10,0.3567,0.9,,133,20,247,0.09285714285714286,True,0.0,False,5.0,uniform
0.4798146922567836,0.31376323387872956,0.8170426065162907,0.4534075104311544,original,SKAB,fold_5,999,3,3,3,0.5,avg_negative_log,10,0.3567,0.9,,133,20,247,0.09285714285714286,True,0.0,False,5.0,uniform
0.4798146922567836,0.3209990749306198,0.8696741854636592,0.4689189189189189,gaussian_noise,SKAB,fold_5,999,3,3,3,0.5,avg_negative_log,10,0.3567,0.9,,133,20,247,0.09285714285714286,True,0.0,False,5.0,uniform
0.8,0.8300653594771242,0.3167082294264339,0.4584837545126354,original,SKAB,fold_1,42,3,3,3,0.5,avg_negative_log,10,0.5108,0.9,,147,22,270,0.08348794063079777,True,0.0,False,5.0,uniform
0.8006666666666666,0.8269230769230769,0.32169576059850374,0.4631956912028725,gaussian_noise,SKAB,fold_1,42,3,3,3,0.5,avg_negative_log,10,0.5108,0.9,,147,22,270,0.08348794063079777,True,0.0,False,5.0,uniform
0.8,0.8300653594771242,0.3167082294264339,0.4584837545126354,original,SKAB,fold_1,123,3,3,3,0.5,avg_negative_log,10,0.5108,0.9,,147,22,270,0.08348794063079777,True,0.0,False,5.0,uniform
0.794,0.7875,0.314214463840399,0.44919786096256686,gaussian_noise,SKAB,fold_1,123,3,3,3,0.5,avg_negative_log,10,0.5108,0.9,,147,22,270,0.08348794063079777,True,0.0,False,5.0,uniform
0.8,0.8300653594771242,0.3167082294264339,0.4584837545126354,original,SKAB,fold_1,2026,3,3,3,0.5,avg_negative_log,10,0.5108,0.9,,147,22,270,0.08348794063079777,True,0.0,False,5.0,uniform
0.79,0.7590361445783133,0.314214463840399,0.4444444444444444,gaussian_noise,SKAB,fold_1,2026,3,3,3,0.5,avg_negative_log,10,0.5108,0.9,,147,22,270,0.08348794063079777,True,0.0,False,5.0,uniform
0.8,0.8300653594771242,0.3167082294264339,0.4584837545126354,original,SKAB,fold_1,7,3,3,3,0.5,avg_negative_log,10,0.5108,0.9,,147,22,270,0.08348794063079777,True,0.0,False,5.0,uniform
0.796,0.8187919463087249,0.30423940149625933,0.44363636363636366,gaussian_noise,SKAB,fold_1,7,3,3,3,0.5,avg_negative_log,10,0.5108,0.9,,147,22,270,0.08348794063079777,True,0.0,False,5.0,uniform
0.8,0.8300653594771242,0.3167082294264339,0.4584837545126354,original,SKAB,fold_1,999,3,3,3,0.5,avg_negative_log,10,0.5108,0.9,,147,22,270,0.08348794063079777,True,0.0,False,5.0,uniform
0.7966666666666666,0.8116883116883117,0.3117206982543641,0.45045045045045046,gaussian_noise,SKAB,fold_1,999,3,3,3,0.5,avg_negative_log,10,0.5108,0.9,,147,22,270,0.08348794063079777,True,0.0,False,5.0,uniform
0.7061579651941098,0.47030497592295345,0.7288557213930348,0.5717073170731707,original,SKAB,fold_2,42,3,3,3,0.5,avg_negative_log,10,0.5108,0.9,,125,18,240,0.10666666666666667,True,0.0,False,5.0,uniform
0.6860776439089692,0.4493192133131619,0.7388059701492538,0.5587958607714016,gaussian_noise,SKAB,fold_2,42,3,3,3,0.5,avg_negative_log,10,0.5108,0.9,,125,18,240,0.10666666666666667,True,0.0,False,5.0,uniform
0.7061579651941098,0.47030497592295345,0.7288557213930348,0.5717073170731707,original,SKAB,fold_2,123,3,3,3,0.5,avg_negative_log,10,0.5108,0.9,,125,18,240,0.10666666666666667,True,0.0,False,5.0,uniform
0.677376171352075,0.43883792048929665,0.7139303482587065,0.5435606060606061,gaussian_noise,SKAB,fold_2,123,3,3,3,0.5,avg_negative_log,10,0.5108,0.9,,125,18,240,0.10666666666666667,True,0.0,False,5.0,uniform
0.7061579651941098,0.47030497592295345,0.7288557213930348,0.5717073170731707,original,SKAB,fold_2,2026,3,3,3,0.5,avg_negative_log,10,0.5108,0.9,,125,18,240,0.10666666666666667,True,0.0,False,5.0,uniform
0.6854082998661312,0.4472049689440994,0.7164179104477612,0.5506692160611855,gaussian_noise,SKAB,fold_2,2026,3,3,3,0.5,avg_negative_log,10,0.5108,0.9,,125,18,240,0.10666666666666667,True,0.0,False,5.0,uniform
0.7061579651941098,0.47030497592295345,0.7288557213930348,0.5717073170731707,original,SKAB,fold_2,7,3,3,3,0.5,avg_negative_log,10,0.5108,0.9,,125,18,240,0.10666666666666667,True,0.0,False,5.0,uniform
0.6887550200803213,0.45176110260336905,0.7338308457711443,0.5592417061611374,gaussian_noise,SKAB,fold_2,7,3,3,3,0.5,avg_negative_log,10,0.5108,0.9,,125,18,240,0.10666666666666667,True,0.0,False,5.0,uniform
0.7061579651941098,0.47030497592295345,0.7288557213930348,0.5717073170731707,original,SKAB,fold_2,999,3,3,3,0.5,avg_negative_log,10,0.5108,0.9,,125,18,240,0.10666666666666667,True,0.0,False,5.0,uniform
0.6867469879518072,0.44875776397515527,0.7189054726368159,0.5525812619502868,gaussian_noise,SKAB,fold_2,999,3,3,3,0.5,avg_negative_log,10,0.5108,0.9,,125,18,240,0.10666666666666667,True,0.0,False,5.0,uniform
0.5194109772423026,0.2762973352033661,0.49373433583959897,0.35431654676258995,original,SKAB,fold_3,42,3,3,3,0.5,avg_negative_log,10,0.5108,0.9,,127,19,241,0.0998756734355574,True,0.0,False,5.0,uniform
0.5234270414993306,0.282336578581363,0.5087719298245614,0.3631484794275492,gaussian_noise,SKAB,fold_3,42,3,3,3,0.5,avg_negative_log,10,0.5108,0.9,,127,19,241,0.0998756734355574,True,0.0,False,5.0,uniform
0.5194109772423026,0.2762973352033661,0.49373433583959897,0.35431654676258995,original,SKAB,fold_3,123,3,3,3,0.5,avg_negative_log,10,0.5108,0.9,,127,19,241,0.0998756734355574,True,0.0,False,5.0,uniform
0.5020080321285141,0.2696929238985314,0.506265664160401,0.3519163763066202,gaussian_noise,SKAB,fold_3,123,3,3,3,0.5,avg_negative_log,10,0.5108,0.9,,127,19,241,0.0998756734355574,True,0.0,False,5.0,uniform
0.5194109772423026,0.2762973352033661,0.49373433583959897,0.35431654676258995,original,SKAB,fold_3,2026,3,3,3,0.5,avg_negative_log,10,0.5108,0.9,,127,19,241,0.0998756734355574,True,0.0,False,5.0,uniform
0.5167336010709505,0.27600554785020803,0.49874686716791977,0.35535714285714287,gaussian_noise,SKAB,fold_3,2026,3,3,3,0.5,avg_negative_log,10,0.5108,0.9,,127,19,241,0.0998756734355574,True,0.0,False,5.0,uniform
0.5194109772423026,0.2762973352033661,0.49373433583959897,0.35431654676258995,original,SKAB,fold_3,7,3,3,3,0.5,avg_negative_log,10,0.5108,0.9,,127,19,241,0.0998756734355574,True,0.0,False,5.0,uniform
0.5087014725568942,0.27148703956343795,0.49874686716791977,0.35159010600706714,gaussian_noise,SKAB,fold_3,7,3,3,3,0.5,avg_negative_log,10,0.5108,0.9,,127,19,241,0.0998756734355574,True,0.0,False,5.0,uniform
0.5194109772423026,0.2762973352033661,0.49373433583959897,0.35431654676258995,original,SKAB,fold_3,999,3,3,3,0.5,avg_negative_log,10,0.5108,0.9,,127,19,241,0.0998756734355574,True,0.0,False,5.0,uniform
0.5100401606425703,0.27770360480640854,0.5213032581453634,0.3623693379790941,gaussian_noise,SKAB,fold_3,999,3,3,3,0.5,avg_negative_log,10,0.5108,0.9,,127,19,241,0.0998756734355574,True,0.0,False,5.0,uniform
0.45047489823609227,0.1426086956521739,0.20551378446115287,0.16837782340862423,original,SKAB,fold_4,42,3,3,3,0.5,avg_negative_log,10,0.5108,0.9,,127,19,243,0.10070451719850808,True,0.0,False,5.0,uniform
0.42469470827679784,0.12892561983471074,0.19548872180451127,0.1553784860557769,gaussian_noise,SKAB,fold_4,42,3,3,3,0.5,avg_negative_log,10,0.5108,0.9,,127,19,243,0.10070451719850808,True,0.0,False,5.0,uniform
0.45047489823609227,0.1426086956521739,0.20551378446115287,0.16837782340862423,original,SKAB,fold_4,123,3,3,3,0.5,avg_negative_log,10,0.5108,0.9,,127,19,243,0.10070451719850808,True,0.0,False,5.0,uniform
0.43826322930800543,0.12824956672443674,0.18546365914786966,0.15163934426229508,gaussian_noise,SKAB,fold_4,123,3,3,3,0.5,avg_negative_log,10,0.5108,0.9,,127,19,243,0.10070451719850808,True,0.0,False,5.0,uniform
0.45047489823609227,0.1426086956521739,0.20551378446115287,0.16837782340862423,original,SKAB,fold_4,2026,3,3,3,0.5,avg_negative_log,10,0.5108,0.9,,127,19,243,0.10070451719850808,True,0.0,False,5.0,uniform
0.4443690637720488,0.13793103448275862,0.20050125313283207,0.1634320735444331,gaussian_noise,SKAB,fold_4,2026,3,3,3,0.5,avg_negative_log,10,0.5108,0.9,,127,19,243,0.10070451719850808,True,0.0,False,5.0,uniform
0.45047489823609227,0.1426086956521739,0.20551378446115287,0.16837782340862423,original,SKAB,fold_4,7,3,3,3,0.5,avg_negative_log,10,0.5108,0.9,,127,19,243,0.10070451719850808,True,0.0,False,5.0,uniform
0.4423337856173677,0.13344887348353554,0.19298245614035087,0.15778688524590165,gaussian_noise,SKAB,fold_4,7,3,3,3,0.5,avg_negative_log,10,0.5108,0.9,,127,19,243,0.10070451719850808,True,0.0,False,5.0,uniform
0.45047489823609227,0.1426086956521739,0.20551378446115287,0.16837782340862423,original,SKAB,fold_4,999,3,3,3,0.5,avg_negative_log,10,0.5108,0.9,,127,19,243,0.10070451719850808,True,0.0,False,5.0,uniform
0.4362279511533243,0.13879598662207357,0.20802005012531327,0.16649949849548645,gaussian_noise,SKAB,fold_4,999,3,3,3,0.5,avg_negative_log,10,0.5108,0.9,,127,19,243,0.10070451719850808,True,0.0,False,5.0,uniform
0.500992720052945,0.3164426059979317,0.7669172932330827,0.4480234260614934,original,SKAB,fold_5,42,3,3,3,0.5,avg_negative_log,10,0.5108,0.9,,133,20,247,0.09285714285714286,True,0.0,False,5.0,uniform
0.4612839179351423,0.2987390882638215,0.7719298245614035,0.4307692307692308,gaussian_noise,SKAB,fold_5,42,3,3,3,0.5,avg_negative_log,10,0.5108,0.9,,133,20,247,0.09285714285714286,True,0.0,False,5.0,uniform
0.500992720052945,0.3164426059979317,0.7669172932330827,0.4480234260614934,original,SKAB,fold_5,123,3,3,3,0.5,avg_negative_log,10,0.5108,0.9,,133,20,247,0.09285714285714286,True,0.0,False,5.0,uniform
0.4937127729980146,0.32093933463796476,0.8220551378446115,0.4616467276565799,gaussian_noise,SKAB,fold_5,123,3,3,3,0.5,avg_negative_log,10,0.5108,0.9,,133,20,247,0.09285714285714286,True,0.0,False,5.0,uniform
0.500992720052945,0.3164426059979317,0.7669172932330827,0.4480234260614934,original,SKAB,fold_5,2026,3,3,3,0.5,avg_negative_log,10,0.5108,0.9,,133,20,247,0.09285714285714286,True,0.0,False,5.0,uniform
0.4771674387822634,0.30738916256157633,0.7819548872180451,0.44130127298444133,gaussian_noise,SKAB,fold_5,2026,3,3,3,0.5,avg_negative_log,10,0.5108,0.9,,133,20,247,0.09285714285714286,True,0.0,False,5.0,uniform
0.500992720052945,0.3164426059979317,0.7669172932330827,0.4480234260614934,original,SKAB,fold_5,7,3,3,3,0.5,avg_negative_log,10,0.5108,0.9,,133,20,247,0.09285714285714286,True,0.0,False,5.0,uniform
0.4745201853077432,0.30426164519326065,0.7694235588972431,0.43607954545454547,gaussian_noise,SKAB,fold_5,7,3,3,3,0.5,avg_negative_log,10,0.5108,0.9,,133,20,247,0.09285714285714286,True,0.0,False,5.0,uniform
0.500992720052945,0.3164426059979317,0.7669172932330827,0.4480234260614934,original,SKAB,fold_5,999,3,3,3,0.5,avg_negative_log,10,0.5108,0.9,,133,20,247,0.09285714285714286,True,0.0,False,5.0,uniform
0.5062872270019855,0.3283877349159248,0.8320802005012531,0.47092198581560285,gaussian_noise,SKAB,fold_5,999,3,3,3,0.5,avg_negative_log,10,0.5108,0.9,,133,20,247,0.09285714285714286,True,0.0,False,5.0,uniform
0.7846666666666666,0.9239130434782609,0.2119700748129676,0.3448275862068966,original,SKAB,fold_1,42,3,3,3,0.5,avg_negative_log,10,0.6931,0.9,,147,22,270,0.08348794063079777,True,0.0,False,5.0,uniform
0.79,0.93,0.23192019950124687,0.3712574850299401,gaussian_noise,SKAB,fold_1,42,3,3,3,0.5,avg_negative_log,10,0.6931,0.9,,147,22,270,0.08348794063079777,True,0.0,False,5.0,uniform
0.7846666666666666,0.9239130434782609,0.2119700748129676,0.3448275862068966,original,SKAB,fold_1,123,3,3,3,0.5,avg_negative_log,10,0.6931,0.9,,147,22,270,0.08348794063079777,True,0.0,False,5.0,uniform
0.7846666666666666,0.9239130434782609,0.2119700748129676,0.3448275862068966,gaussian_noise,SKAB,fold_1,123,3,3,3,0.5,avg_negative_log,10,0.6931,0.9,,147,22,270,0.08348794063079777,True,0.0,False,5.0,uniform
0.7846666666666666,0.9239130434782609,0.2119700748129676,0.3448275862068966,original,SKAB,fold_1,2026,3,3,3,0.5,avg_negative_log,10,0.6931,0.9,,147,22,270,0.08348794063079777,True,0.0,False,5.0,uniform
0.7966666666666666,0.9363636363636364,0.256857855361596,0.40313111545988256,gaussian_noise,SKAB,fold_1,2026,3,3,3,0.5,avg_negative_log,10,0.6931,0.9,,147,22,270,0.08348794063079777,True,0.0,False,5.0,uniform
0.7846666666666666,0.9239130434782609,0.2119700748129676,0.3448275862068966,original,SKAB,fold_1,7,3,3,3,0.5,avg_negative_log,10,0.6931,0.9,,147,22,270,0.08348794063079777,True,0.0,False,5.0,uniform
0.7893333333333333,0.9292929292929293,0.22942643391521197,0.368,gaussian_noise,SKAB,fold_1,7,3,3,3,0.5,avg_negative_log,10,0.6931,0.9,,147,22,270,0.08348794063079777,True,0.0,False,5.0,uniform
0.7846666666666666,0.9239130434782609,0.2119700748129676,0.3448275862068966,original,SKAB,fold_1,999,3,3,3,0.5,avg_negative_log,10,0.6931,0.9,,147,22,270,0.08348794063079777,True,0.0,False,5.0,uniform
0.79,0.93,0.23192019950124687,0.3712574850299401,gaussian_noise,SKAB,fold_1,999,3,3,3,0.5,avg_negative_log,10,0.6931,0.9,,147,22,270,0.08348794063079777,True,0.0,False,5.0,uniform
0.7329317269076305,0.5029469548133595,0.6368159203980099,0.562019758507135,original,SKAB,fold_2,42,3,3,3,0.5,avg_negative_log,10,0.6931,0.9,,125,18,240,0.10666666666666667,True,0.0,False,5.0,uniform
0.7088353413654619,0.46771037181996084,0.5945273631840796,0.5235487404162102,gaussian_noise,SKAB,fold_2,42,3,3,3,0.5,avg_negative_log,10,0.6931,0.9,,125,18,240,0.10666666666666667,True,0.0,False,5.0,uniform
0.7329317269076305,0.5029469548133595,0.6368159203980099,0.562019758507135,original,SKAB,fold_2,123,3,3,3,0.5,avg_negative_log,10,0.6931,0.9,,125,18,240,0.10666666666666667,True,0.0,False,5.0,uniform
0.7195448460508701,0.4835589941972921,0.6218905472636815,0.544069640914037,gaussian_noise,SKAB,fold_2,123,3,3,3,0.5,avg_negative_log,10,0.6931,0.9,,125,18,240,0.10666666666666667,True,0.0,False,5.0,uniform
0.7329317269076305,0.5029469548133595,0.6368159203980099,0.562019758507135,original,SKAB,fold_2,2026,3,3,3,0.5,avg_negative_log,10,0.6931,0.9,,125,18,240,0.10666666666666667,True,0.0,False,5.0,uniform
0.7074966532797858,0.46641074856046066,0.6044776119402985,0.5265438786565547,gaussian_noise,SKAB,fold_2,2026,3,3,3,0.5,avg_negative_log,10,0.6931,0.9,,125,18,240,0.10666666666666667,True,0.0,False,5.0,uniform
0.7329317269076305,0.5029469548133595,0.6368159203980099,0.562019758507135,original,SKAB,fold_2,7,3,3,3,0.5,avg_negative_log,10,0.6931,0.9,,125,18,240,0.10666666666666667,True,0.0,False,5.0,uniform
0.7215528781793842,0.4866920152091255,0.6368159203980099,0.5517241379310345,gaussian_noise,SKAB,fold_2,7,3,3,3,0.5,avg_negative_log,10,0.6931,0.9,,125,18,240,0.10666666666666667,True,0.0,False,5.0,uniform
0.7329317269076305,0.5029469548133595,0.6368159203980099,0.562019758507135,original,SKAB,fold_2,999,3,3,3,0.5,avg_negative_log,10,0.6931,0.9,,125,18,240,0.10666666666666667,True,0.0,False,5.0,uniform
0.7215528781793842,0.4859437751004016,0.6019900497512438,0.5377777777777778,gaussian_noise,SKAB,fold_2,999,3,3,3,0.5,avg_negative_log,10,0.6931,0.9,,125,18,240,0.10666666666666667,True,0.0,False,5.0,uniform
0.5441767068273092,0.2634228187919463,0.39348370927318294,0.3155778894472362,original,SKAB,fold_3,42,3,3,3,0.5,avg_negative_log,10,0.6931,0.9,,127,19,241,0.0998756734355574,True,0.0,False,5.0,uniform
0.536144578313253,0.25252525252525254,0.37593984962406013,0.3021148036253776,gaussian_noise,SKAB,fold_3,42,3,3,3,0.5,avg_negative_log,10,0.6931,0.9,,127,19,241,0.0998756734355574,True,0.0,False,5.0,uniform
0.5441767068273092,0.2634228187919463,0.39348370927318294,0.3155778894472362,original,SKAB,fold_3,123,3,3,3,0.5,avg_negative_log,10,0.6931,0.9,,127,19,241,0.0998756734355574,True,0.0,False,5.0,uniform
0.535475234270415,0.2601626016260163,0.40100250626566414,0.3155818540433925,gaussian_noise,SKAB,fold_3,123,3,3,3,0.5,avg_negative_log,10,0.6931,0.9,,127,19,241,0.0998756734355574,True,0.0,False,5.0,uniform
0.5441767068273092,0.2634228187919463,0.39348370927318294,0.3155778894472362,original,SKAB,fold_3,2026,3,3,3,0.5,avg_negative_log,10,0.6931,0.9,,127,19,241,0.0998756734355574,True,0.0,False,5.0,uniform
0.5334672021419009,0.25811688311688313,0.39849624060150374,0.3133004926108374,gaussian_noise,SKAB,fold_3,2026,3,3,3,0.5,avg_negative_log,10,0.6931,0.9,,127,19,241,0.0998756734355574,True,0.0,False,5.0,uniform
0.5441767068273092,0.2634228187919463,0.39348370927318294,0.3155778894472362,original,SKAB,fold_3,7,3,3,3,0.5,avg_negative_log,10,0.6931,0.9,,127,19,241,0.0998756734355574,True,0.0,False,5.0,uniform
0.535475234270415,0.257001647446458,0.39097744360902253,0.3101391650099404,gaussian_noise,SKAB,fold_3,7,3,3,3,0.5,avg_negative_log,10,0.6931,0.9,,127,19,241,0.0998756734355574,True,0.0,False,5.0,uniform
0.5441767068273092,0.2634228187919463,0.39348370927318294,0.3155778894472362,original,SKAB,fold_3,999,3,3,3,0.5,avg_negative_log,10,0.6931,0.9,,127,19,241,0.0998756734355574,True,0.0,False,5.0,uniform
0.5441767068273092,0.2711038961038961,0.41854636591478694,0.32906403940886697,gaussian_noise,SKAB,fold_3,999,3,3,3,0.5,avg_negative_log,10,0.6931,0.9,,127,19,241,0.0998756734355574,True,0.0,False,5.0,uniform
0.5203527815468114,0.1515837104072398,0.16791979949874686,0.15933412604042807,original,SKAB,fold_4,42,3,3,3,0.5,avg_negative_log,10,0.6931,0.9,,127,19,243,0.10070451719850808,True,0.0,False,5.0,uniform
0.5020352781546812,0.13665943600867678,0.15789473684210525,0.14651162790697675,gaussian_noise,SKAB,fold_4,42,3,3,3,0.5,avg_negative_log,10,0.6931,0.9,,127,19,243,0.10070451719850808,True,0.0,False,5.0,uniform
0.5203527815468114,0.1515837104072398,0.16791979949874686,0.15933412604042807,original,SKAB,fold_4,123,3,3,3,0.5,avg_negative_log,10,0.6931,0.9,,127,19,243,0.10070451719850808,True,0.0,False,5.0,uniform
0.5176390773405699,0.12857142857142856,0.13533834586466165,0.13186813186813187,gaussian_noise,SKAB,fold_4,123,3,3,3,0.5,avg_negative_log,10,0.6931,0.9,,127,19,243,0.10070451719850808,True,0.0,False,5.0,uniform
0.5203527815468114,0.1515837104072398,0.16791979949874686,0.15933412604042807,original,SKAB,fold_4,2026,3,3,3,0.5,avg_negative_log,10,0.6931,0.9,,127,19,243,0.10070451719850808,True,0.0,False,5.0,uniform
0.5162822252374492,0.14798206278026907,0.16541353383458646,0.15621301775147928,gaussian_noise,SKAB,fold_4,2026,3,3,3,0.5,avg_negative_log,10,0.6931,0.9,,127,19,243,0.10070451719850808,True,0.0,False,5.0,uniform
0.5203527815468114,0.1515837104072398,0.16791979949874686,0.15933412604042807,original,SKAB,fold_4,7,3,3,3,0.5,avg_negative_log,10,0.6931,0.9,,127,19,243,0.10070451719850808,True,0.0,False,5.0,uniform
0.5203527815468114,0.13507109004739337,0.14285714285714285,0.13885505481120586,gaussian_noise,SKAB,fold_4,7,3,3,3,0.5,avg_negative_log,10,0.6931,0.9,,127,19,243,0.10070451719850808,True,0.0,False,5.0,uniform
0.5203527815468114,0.1515837104072398,0.16791979949874686,0.15933412604042807,original,SKAB,fold_4,999,3,3,3,0.5,avg_negative_log,10,0.6931,0.9,,127,19,243,0.10070451719850808,True,0.0,False,5.0,uniform
0.5128900949796472,0.14945054945054945,0.17042606516290726,0.1592505854800937,gaussian_noise,SKAB,fold_4,999,3,3,3,0.5,avg_negative_log,10,0.6931,0.9,,127,19,243,0.10070451719850808,True,0.0,False,5.0,uniform
0.5486432825943084,0.33174791914387636,0.6992481203007519,0.45,original,SKAB,fold_5,42,3,3,3,0.5,avg_negative_log,10,0.6931,0.9,,133,20,247,0.09285714285714286,True,0.0,False,5.0,uniform
0.5393778954334878,0.3291139240506329,0.7167919799498746,0.45110410094637227,gaussian_noise,SKAB,fold_5,42,3,3,3,0.5,avg_negative_log,10,0.6931,0.9,,133,20,247,0.09285714285714286,True,0.0,False,5.0,uniform
0.5486432825943084,0.33174791914387636,0.6992481203007519,0.45,original,SKAB,fold_5,123,3,3,3,0.5,avg_negative_log,10,0.6931,0.9,,133,20,247,0.09285714285714286,True,0.0,False,5.0,uniform
0.5400397088021178,0.33807439824945296,0.7744360902255639,0.4706778370144707,gaussian_noise,SKAB,fold_5,123,3,3,3,0.5,avg_negative_log,10,0.6931,0.9,,133,20,247,0.09285714285714286,True,0.0,False,5.0,uniform
0.5486432825943084,0.33174791914387636,0.6992481203007519,0.45,original,SKAB,fold_5,2026,3,3,3,0.5,avg_negative_log,10,0.6931,0.9,,133,20,247,0.09285714285714286,True,0.0,False,5.0,uniform
0.5241561879549967,0.3230088495575221,0.731829573934837,0.4481964696853415,gaussian_noise,SKAB,fold_5,2026,3,3,3,0.5,avg_negative_log,10,0.6931,0.9,,133,20,247,0.09285714285714286,True,0.0,False,5.0,uniform
0.5486432825943084,0.33174791914387636,0.6992481203007519,0.45,original,SKAB,fold_5,7,3,3,3,0.5,avg_negative_log,10,0.6931,0.9,,133,20,247,0.09285714285714286,True,0.0,False,5.0,uniform
0.5221707478491066,0.31542857142857145,0.6917293233082706,0.43328100470957615,gaussian_noise,SKAB,fold_5,7,3,3,3,0.5,avg_negative_log,10,0.6931,0.9,,133,20,247,0.09285714285714286,True,0.0,False,5.0,uniform
0.5486432825943084,0.33174791914387636,0.6992481203007519,0.45,original,SKAB,fold_5,999,3,3,3,0.5,avg_negative_log,10,0.6931,0.9,,133,20,247,0.09285714285714286,True,0.0,False,5.0,uniform
0.5453342157511581,0.3389261744966443,0.7593984962406015,0.46867749419953597,gaussian_noise,SKAB,fold_5,999,3,3,3,0.5,avg_negative_log,10,0.6931,0.9,,133,20,247,0.09285714285714286,True,0.0,False,5.0,uniform
0.756,1.0,0.08728179551122195,0.16055045871559634,original,SKAB,fold_1,42,3,3,3,0.5,avg_negative_log,10,0.9163,0.9,,147,22,270,0.08348794063079777,True,0.0,False,5.0,uniform
0.7586666666666667,1.0,0.09725685785536159,0.17727272727272728,gaussian_noise,SKAB,fold_1,42,3,3,3,0.5,avg_negative_log,10,0.9163,0.9,,147,22,270,0.08348794063079777,True,0.0,False,5.0,uniform
0.756,1.0,0.08728179551122195,0.16055045871559634,original,SKAB,fold_1,123,3,3,3,0.5,avg_negative_log,10,0.9163,0.9,,147,22,270,0.08348794063079777,True,0.0,False,5.0,uniform
0.7633333333333333,1.0,0.11471321695760599,0.2058165548098434,gaussian_noise,SKAB,fold_1,123,3,3,3,0.5,avg_negative_log,10,0.9163,0.9,,147,22,270,0.08348794063079777,True,0.0,False,5.0,uniform
0.756,1.0,0.08728179551122195,0.16055045871559634,original,SKAB,fold_1,2026,3,3,3,0.5,avg_negative_log,10,0.9163,0.9,,147,22,270,0.08348794063079777,True,0.0,False,5.0,uniform
0.7753333333333333,1.0,0.1596009975062344,0.2752688172043011,gaussian_noise,SKAB,fold_1,2026,3,3,3,0.5,avg_negative_log,10,0.9163,0.9,,147,22,270,0.08348794063079777,True,0.0,False,5.0,uniform
0.756,1.0,0.08728179551122195,0.16055045871559634,original,SKAB,fold_1,7,3,3,3,0.5,avg_negative_log,10,0.9163,0.9,,147,22,270,0.08348794063079777,True,0.0,False,5.0,uniform
0.7573333333333333,1.0,0.09226932668329177,0.1689497716894977,gaussian_noise,SKAB,fold_1,7,3,3,3,0.5,avg_negative_log,10,0.9163,0.9,,147,22,270,0.08348794063079777,True,0.0,False,5.0,uniform
0.756,1.0,0.08728179551122195,0.16055045871559634,original,SKAB,fold_1,999,3,3,3,0.5,avg_negative_log,10,0.9163,0.9,,147,22,270,0.08348794063079777,True,0.0,False,5.0,uniform
0.764,1.0,0.1172069825436409,0.20982142857142858,gaussian_noise,SKAB,fold_1,999,3,3,3,0.5,avg_negative_log,10,0.9163,0.9,,147,22,270,0.08348794063079777,True,0.0,False,5.0,uniform
0.7597054886211513,0.5714285714285714,0.42786069651741293,0.48933143669985774,original,SKAB,fold_2,42,3,3,3,0.5,avg_negative_log,10,0.9163,0.9,,125,18,240,0.10666666666666667,True,0.0,False,5.0,uniform
0.7463186077643909,0.5351681957186545,0.43532338308457713,0.48010973936899864,gaussian_noise,SKAB,fold_2,42,3,3,3,0.5,avg_negative_log,10,0.9163,0.9,,125,18,240,0.10666666666666667,True,0.0,False,5.0,uniform
0.7597054886211513,0.5714285714285714,0.42786069651741293,0.48933143669985774,original,SKAB,fold_2,123,3,3,3,0.5,avg_negative_log,10,0.9163,0.9,,125,18,240,0.10666666666666667,True,0.0,False,5.0,uniform
0.7516733601070951,0.5551601423487544,0.3880597014925373,0.4568081991215227,gaussian_noise,SKAB,fold_2,123,3,3,3,0.5,avg_negative_log,10,0.9163,0.9,,125,18,240,0.10666666666666667,True,0.0,False,5.0,uniform
0.7597054886211513,0.5714285714285714,0.42786069651741293,0.48933143669985774,original,SKAB,fold_2,2026,3,3,3,0.5,avg_negative_log,10,0.9163,0.9,,125,18,240,0.10666666666666667,True,0.0,False,5.0,uniform
0.7289156626506024,0.49473684210526314,0.35074626865671643,0.4104803493449782,gaussian_noise,SKAB,fold_2,2026,3,3,3,0.5,avg_negative_log,10,0.9163,0.9,,125,18,240,0.10666666666666667,True,0.0,False,5.0,uniform
0.7597054886211513,0.5714285714285714,0.42786069651741293,0.48933143669985774,original,SKAB,fold_2,7,3,3,3,0.5,avg_negative_log,10,0.9163,0.9,,125,18,240,0.10666666666666667,True,0.0,False,5.0,uniform
0.7483266398929049,0.5419354838709678,0.417910447761194,0.47191011235955055,gaussian_noise,SKAB,fold_2,7,3,3,3,0.5,avg_negative_log,10,0.9163,0.9,,125,18,240,0.10666666666666667,True,0.0,False,5.0,uniform
0.7597054886211513,0.5714285714285714,0.42786069651741293,0.48933143669985774,original,SKAB,fold_2,999,3,3,3,0.5,avg_negative_log,10,0.9163,0.9,,125,18,240,0.10666666666666667,True,0.0,False,5.0,uniform
0.7416331994645248,0.5291970802919708,0.36069651741293535,0.4289940828402367,gaussian_noise,SKAB,fold_2,999,3,3,3,0.5,avg_negative_log,10,0.9163,0.9,,125,18,240,0.10666666666666667,True,0.0,False,5.0,uniform
0.6091030789825971,0.26098191214470284,0.2531328320802005,0.25699745547073793,original,SKAB,fold_3,42,3,3,3,0.5,avg_negative_log,10,0.9163,0.9,,127,19,241,0.0998756734355574,True,0.0,False,5.0,uniform
0.5983935742971888,0.22615803814713897,0.20802005012531327,0.21671018276762402,gaussian_noise,SKAB,fold_3,42,3,3,3,0.5,avg_negative_log,10,0.9163,0.9,,127,19,241,0.0998756734355574,True,0.0,False,5.0,uniform
0.6091030789825971,0.26098191214470284,0.2531328320802005,0.25699745547073793,original,SKAB,fold_3,123,3,3,3,0.5,avg_negative_log,10,0.9163,0.9,,127,19,241,0.0998756734355574,True,0.0,False,5.0,uniform
0.5997322623828648,0.2567237163814181,0.2631578947368421,0.2599009900990099,gaussian_noise,SKAB,fold_3,123,3,3,3,0.5,avg_negative_log,10,0.9163,0.9,,127,19,241,0.0998756734355574,True,0.0,False,5.0,uniform
0.6091030789825971,0.26098191214470284,0.2531328320802005,0.25699745547073793,original,SKAB,fold_3,2026,3,3,3,0.5,avg_negative_log,10,0.9163,0.9,,127,19,241,0.0998756734355574,True,0.0,False,5.0,uniform
0.6010709504685409,0.24010554089709762,0.22807017543859648,0.23393316195372751,gaussian_noise,SKAB,fold_3,2026,3,3,3,0.5,avg_negative_log,10,0.9163,0.9,,127,19,241,0.0998756734355574,True,0.0,False,5.0,uniform
0.6091030789825971,0.26098191214470284,0.2531328320802005,0.25699745547073793,original,SKAB,fold_3,7,3,3,3,0.5,avg_negative_log,10,0.9163,0.9,,127,19,241,0.0998756734355574,True,0.0,False,5.0,uniform
0.6037483266398929,0.2519280205655527,0.24561403508771928,0.24873096446700507,gaussian_noise,SKAB,fold_3,7,3,3,3,0.5,avg_negative_log,10,0.9163,0.9,,127,19,241,0.0998756734355574,True,0.0,False,5.0,uniform
0.6091030789825971,0.26098191214470284,0.2531328320802005,0.25699745547073793,original,SKAB,fold_3,999,3,3,3,0.5,avg_negative_log,10,0.9163,0.9,,127,19,241,0.0998756734355574,True,0.0,False,5.0,uniform
0.5997322623828648,0.271264367816092,0.2957393483709273,0.2829736211031175,gaussian_noise,SKAB,fold_3,999,3,3,3,0.5,avg_negative_log,10,0.9163,0.9,,127,19,241,0.0998756734355574,True,0.0,False,5.0,uniform
0.6370420624151968,0.15306122448979592,0.07518796992481203,0.10084033613445378,original,SKAB,fold_4,42,3,3,3,0.5,avg_negative_log,10,0.9163,0.9,,127,19,243,0.10070451719850808,True,0.0,False,5.0,uniform
0.5943012211668928,0.12167300380228137,0.08020050125313283,0.09667673716012085,gaussian_noise,SKAB,fold_4,42,3,3,3,0.5,avg_negative_log,10,0.9163,0.9,,127,19,243,0.10070451719850808,True,0.0,False,5.0,uniform
0.6370420624151968,0.15306122448979592,0.07518796992481203,0.10084033613445378,original,SKAB,fold_4,123,3,3,3,0.5,avg_negative_log,10,0.9163,0.9,,127,19,243,0.10070451719850808,True,0.0,False,5.0,uniform
0.6370420624151968,0.14948453608247422,0.07268170426065163,0.09780775716694773,gaussian_noise,SKAB,fold_4,123,3,3,3,0.5,avg_negative_log,10,0.9163,0.9,,127,19,243,0.10070451719850808,True,0.0,False,5.0,uniform
0.6370420624151968,0.15306122448979592,0.07518796992481203,0.10084033613445378,original,SKAB,fold_4,2026,3,3,3,0.5,avg_negative_log,10,0.9163,0.9,,127,19,243,0.10070451719850808,True,0.0,False,5.0,uniform
0.6268656716417911,0.0962566844919786,0.045112781954887216,0.06143344709897611,gaussian_noise,SKAB,fold_4,2026,3,3,3,0.5,avg_negative_log,10,0.9163,0.9,,127,19,243,0.10070451719850808,True,0.0,False,5.0,uniform
0.6370420624151968,0.15306122448979592,0.07518796992481203,0.10084033613445378,original,SKAB,fold_4,7,3,3,3,0.5,avg_negative_log,10,0.9163,0.9,,127,19,243,0.10070451719850808,True,0.0,False,5.0,uniform
0.6187245590230664,0.10628019323671498,0.05513784461152882,0.07260726072607261,gaussian_noise,SKAB,fold_4,7,3,3,3,0.5,avg_negative_log,10,0.9163,0.9,,127,19,243,0.10070451719850808,True,0.0,False,5.0,uniform
0.6370420624151968,0.15306122448979592,0.07518796992481203,0.10084033613445378,original,SKAB,fold_4,999,3,3,3,0.5,avg_negative_log,10,0.9163,0.9,,127,19,243,0.10070451719850808,True,0.0,False,5.0,uniform
0.6377204884667571,0.18604651162790697,0.10025062656641603,0.13029315960912052,gaussian_noise,SKAB,fold_4,999,3,3,3,0.5,avg_negative_log,10,0.9163,0.9,,127,19,243,0.10070451719850808,True,0.0,False,5.0,uniform
0.6207809397749835,0.35784313725490197,0.5488721804511278,0.4332344213649852,original,SKAB,fold_5,42,3,3,3,0.5,avg_negative_log,10,0.9163,0.9,,133,20,247,0.09285714285714286,True,0.0,False,5.0,uniform
0.628722700198544,0.3730407523510972,0.5964912280701754,0.45901639344262296,gaussian_noise,SKAB,fold_5,42,3,3,3,0.5,avg_negative_log,10,0.9163,0.9,,133,20,247,0.09285714285714286,True,0.0,False,5.0,uniform
0.6207809397749835,0.35784313725490197,0.5488721804511278,0.4332344213649852,original,SKAB,fold_5,123,3,3,3,0.5,avg_negative_log,10,0.9163,0.9,,133,20,247,0.09285714285714286,True,0.0,False,5.0,uniform
0.6168100595632032,0.37252124645892354,0.6591478696741855,0.4760180995475113,gaussian_noise,SKAB,fold_5,123,3,3,3,0.5,avg_negative_log,10,0.9163,0.9,,133,20,247,0.09285714285714286,True,0.0,False,5.0,uniform
0.6207809397749835,0.35784313725490197,0.5488721804511278,0.4332344213649852,original,SKAB,fold_5,2026,3,3,3,0.5,avg_negative_log,10,0.9163,0.9,,133,20,247,0.09285714285714286,True,0.0,False,5.0,uniform
0.6048974189278623,0.35398230088495575,0.6015037593984962,0.4456824512534819,gaussian_noise,SKAB,fold_5,2026,3,3,3,0.5,avg_negative_log,10,0.9163,0.9,,133,20,247,0.09285714285714286,True,0.0,False,5.0,uniform
0.6207809397749835,0.35784313725490197,0.5488721804511278,0.4332344213649852,original,SKAB,fold_5,7,3,3,3,0.5,avg_negative_log,10,0.9163,0.9,,133,20,247,0.09285714285714286,True,0.0,False,5.0,uniform
0.6108537392455328,0.362043795620438,0.6215538847117794,0.4575645756457565,gaussian_noise,SKAB,fold_5,7,3,3,3,0.5,avg_negative_log,10,0.9163,0.9,,133,20,247,0.09285714285714286,True,0.0,False,5.0,uniform
0.6207809397749835,0.35784313725490197,0.5488721804511278,0.4332344213649852,original,SKAB,fold_5,999,3,3,3,0.5,avg_negative_log,10,0.9163,0.9,,133,20,247,0.09285714285714286,True,0.0,False,5.0,uniform
0.6260754467240238,0.3786549707602339,0.6491228070175439,0.47830101569713757,gaussian_noise,SKAB,fold_5,999,3,3,3,0.5,avg_negative_log,10,0.9163,0.9,,133,20,247,0.09285714285714286,True,0.0,False,5.0,uniform
0.358860195903829,0.3577163247100803,1.0,0.5269382391590013,original,SKAB,fold_1,42,4,3,3,0.5,avg_negative_log,10,0.0,0.9,,225,35,400,0.050793650793650794,True,0.0,False,5.0,uniform
0.358860195903829,0.3577163247100803,1.0,0.5269382391590013,gaussian_noise,SKAB,fold_1,42,4,3,3,0.5,avg_negative_log,10,0.0,0.9,,225,35,400,0.050793650793650794,True,0.0,False,5.0,uniform
0.358860195903829,0.3577163247100803,1.0,0.5269382391590013,original,SKAB,fold_1,123,4,3,3,0.5,avg_negative_log,10,0.0,0.9,,225,35,400,0.050793650793650794,True,0.0,False,5.0,uniform
0.358860195903829,0.3577163247100803,1.0,0.5269382391590013,gaussian_noise,SKAB,fold_1,123,4,3,3,0.5,avg_negative_log,10,0.0,0.9,,225,35,400,0.050793650793650794,True,0.0,False,5.0,uniform
0.358860195903829,0.3577163247100803,1.0,0.5269382391590013,original,SKAB,fold_1,2026,4,3,3,0.5,avg_negative_log,10,0.0,0.9,,225,35,400,0.050793650793650794,True,0.0,False,5.0,uniform
0.358860195903829,0.3577163247100803,1.0,0.5269382391590013,gaussian_noise,SKAB,fold_1,2026,4,3,3,0.5,avg_negative_log,10,0.0,0.9,,225,35,400,0.050793650793650794,True,0.0,False,5.0,uniform
0.358860195903829,0.3577163247100803,1.0,0.5269382391590013,original,SKAB,fold_1,7,4,3,3,0.5,avg_negative_log,10,0.0,0.9,,225,35,400,0.050793650793650794,True,0.0,False,5.0,uniform
0.358860195903829,0.3577163247100803,1.0,0.5269382391590013,gaussian_noise,SKAB,fold_1,7,4,3,3,0.5,avg_negative_log,10,0.0,0.9,,225,35,400,0.050793650793650794,True,0.0,False,5.0,uniform
0.358860195903829,0.3577163247100803,1.0,0.5269382391590013,original,SKAB,fold_1,999,4,3,3,0.5,avg_negative_log,10,0.0,0.9,,225,35,400,0.050793650793650794,True,0.0,False,5.0,uniform
0.358860195903829,0.3577163247100803,1.0,0.5269382391590013,gaussian_noise,SKAB,fold_1,999,4,3,3,0.5,avg_negative_log,10,0.0,0.9,,225,35,400,0.050793650793650794,True,0.0,False,5.0,uniform
0.3610366398570152,0.35989256938227393,1.0,0.5292955892034233,original,SKAB,fold_2,42,4,3,3,0.5,avg_negative_log,10,0.0,0.9,,234,34,438,0.05505279034690799,True,0.0,False,5.0,uniform
0.3610366398570152,0.35989256938227393,1.0,0.5292955892034233,gaussian_noise,SKAB,fold_2,42,4,3,3,0.5,avg_negative_log,10,0.0,0.9,,234,34,438,0.05505279034690799,True,0.0,False,5.0,uniform
0.3610366398570152,0.35989256938227393,1.0,0.5292955892034233,original,SKAB,fold_2,123,4,3,3,0.5,avg_negative_log,10,0.0,0.9,,234,34,438,0.05505279034690799,True,0.0,False,5.0,uniform
0.3610366398570152,0.35989256938227393,1.0,0.5292955892034233,gaussian_noise,SKAB,fold_2,123,4,3,3,0.5,avg_negative_log,10,0.0,0.9,,234,34,438,0.05505279034690799,True,0.0,False,5.0,uniform
0.3610366398570152,0.35989256938227393,1.0,0.5292955892034233,original,SKAB,fold_2,2026,4,3,3,0.5,avg_negative_log,10,0.0,0.9,,234,34,438,0.05505279034690799,True,0.0,False,5.0,uniform
0.3610366398570152,0.35989256938227393,1.0,0.5292955892034233,gaussian_noise,SKAB,fold_2,2026,4,3,3,0.5,avg_negative_log,10,0.0,0.9,,234,34,438,0.05505279034690799,True,0.0,False,5.0,uniform
0.3610366398570152,0.35989256938227393,1.0,0.5292955892034233,original,SKAB,fold_2,7,4,3,3,0.5,avg_negative_log,10,0.0,0.9,,234,34,438,0.05505279034690799,True,0.0,False,5.0,uniform
0.3610366398570152,0.35989256938227393,1.0,0.5292955892034233,gaussian_noise,SKAB,fold_2,7,4,3,3,0.5,avg_negative_log,10,0.0,0.9,,234,34,438,0.05505279034690799,True,0.0,False,5.0,uniform
0.3610366398570152,0.35989256938227393,1.0,0.5292955892034233,original,SKAB,fold_2,999,4,3,3,0.5,avg_negative_log,10,0.0,0.9,,234,34,438,0.05505279034690799,True,0.0,False,5.0,uniform
0.3610366398570152,0.35989256938227393,1.0,0.5292955892034233,gaussian_noise,SKAB,fold_2,999,4,3,3,0.5,avg_negative_log,10,0.0,0.9,,234,34,438,0.05505279034690799,True,0.0,False,5.0,uniform
0.3583556747095621,0.35720680393912263,1.0,0.5263852242744064,original,SKAB,fold_3,42,4,3,3,0.5,avg_negative_log,10,0.0,0.9,,243,37,440,0.048937826715604496,True,0.0,False,5.0,uniform
0.3583556747095621,0.35720680393912263,1.0,0.5263852242744064,gaussian_noise,SKAB,fold_3,42,4,3,3,0.5,avg_negative_log,10,0.0,0.9,,243,37,440,0.048937826715604496,True,0.0,False,5.0,uniform
0.3583556747095621,0.35720680393912263,1.0,0.5263852242744064,original,SKAB,fold_3,123,4,3,3,0.5,avg_negative_log,10,0.0,0.9,,243,37,440,0.048937826715604496,True,0.0,False,5.0,uniform
0.3583556747095621,0.35720680393912263,1.0,0.5263852242744064,gaussian_noise,SKAB,fold_3,123,4,3,3,0.5,avg_negative_log,10,0.0,0.9,,243,37,440,0.048937826715604496,True,0.0,False,5.0,uniform
0.3583556747095621,0.35720680393912263,1.0,0.5263852242744064,original,SKAB,fold_3,2026,4,3,3,0.5,avg_negative_log,10,0.0,0.9,,243,37,440,0.048937826715604496,True,0.0,False,5.0,uniform
0.3583556747095621,0.35720680393912263,1.0,0.5263852242744064,gaussian_noise,SKAB,fold_3,2026,4,3,3,0.5,avg_negative_log,10,0.0,0.9,,243,37,440,0.048937826715604496,True,0.0,False,5.0,uniform
0.3583556747095621,0.35720680393912263,1.0,0.5263852242744064,original,SKAB,fold_3,7,4,3,3,0.5,avg_negative_log,10,0.0,0.9,,243,37,440,0.048937826715604496,True,0.0,False,5.0,uniform
0.3583556747095621,0.35720680393912263,1.0,0.5263852242744064,gaussian_noise,SKAB,fold_3,7,4,3,3,0.5,avg_negative_log,10,0.0,0.9,,243,37,440,0.048937826715604496,True,0.0,False,5.0,uniform
0.3583556747095621,0.35720680393912263,1.0,0.5263852242744064,original,SKAB,fold_3,999,4,3,3,0.5,avg_negative_log,10,0.0,0.9,,243,37,440,0.048937826715604496,True,0.0,False,5.0,uniform
0.3583556747095621,0.35720680393912263,1.0,0.5263852242744064,gaussian_noise,SKAB,fold_3,999,4,3,3,0.5,avg_negative_log,10,0.0,0.9,,243,37,440,0.048937826715604496,True,0.0,False,5.0,uniform
0.3632246376811594,0.3620689655172414,1.0,0.5316455696202531,original,SKAB,fold_4,42,4,3,3,0.5,avg_negative_log,10,0.0,0.9,,241,36,449,0.05175195942830797,True,0.0,False,5.0,uniform
0.3632246376811594,0.3620689655172414,1.0,0.5316455696202531,gaussian_noise,SKAB,fold_4,42,4,3,3,0.5,avg_negative_log,10,0.0,0.9,,241,36,449,0.05175195942830797,True,0.0,False,5.0,uniform
0.3632246376811594,0.3620689655172414,1.0,0.5316455696202531,original,SKAB,fold_4,123,4,3,3,0.5,avg_negative_log,10,0.0,0.9,,241,36,449,0.05175195942830797,True,0.0,False,5.0,uniform
0.3632246376811594,0.3620689655172414,1.0,0.5316455696202531,gaussian_noise,SKAB,fold_4,123,4,3,3,0.5,avg_negative_log,10,0.0,0.9,,241,36,449,0.05175195942830797,True,0.0,False,5.0,uniform
0.3632246376811594,0.3620689655172414,1.0,0.5316455696202531,original,SKAB,fold_4,2026,4,3,3,0.5,avg_negative_log,10,0.0,0.9,,241,36,449,0.05175195942830797,True,0.0,False,5.0,uniform
0.3632246376811594,0.3620689655172414,1.0,0.5316455696202531,gaussian_noise,SKAB,fold_4,2026,4,3,3,0.5,avg_negative_log,10,0.0,0.9,,241,36,449,0.05175195942830797,True,0.0,False,5.0,uniform
0.3632246376811594,0.3620689655172414,1.0,0.5316455696202531,original,SKAB,fold_4,7,4,3,3,0.5,avg_negative_log,10,0.0,0.9,,241,36,449,0.05175195942830797,True,0.0,False,5.0,uniform
0.3632246376811594,0.3620689655172414,1.0,0.5316455696202531,gaussian_noise,SKAB,fold_4,7,4,3,3,0.5,avg_negative_log,10,0.0,0.9,,241,36,449,0.05175195942830797,True,0.0,False,5.0,uniform
0.3632246376811594,0.3620689655172414,1.0,0.5316455696202531,original,SKAB,fold_4,999,4,3,3,0.5,avg_negative_log,10,0.0,0.9,,241,36,449,0.05175195942830797,True,0.0,False,5.0,uniform
0.3632246376811594,0.3620689655172414,1.0,0.5316455696202531,gaussian_noise,SKAB,fold_4,999,4,3,3,0.5,avg_negative_log,10,0.0,0.9,,241,36,449,0.05175195942830797,True,0.0,False,5.0,uniform
0.35455349248452694,0.3534100974313552,1.0,0.5222513089005235,original,SKAB,fold_5,42,4,3,3,0.5,avg_negative_log,10,0.0,0.9,,225,36,389,0.048024691358024695,True,0.0,False,5.0,uniform
0.35455349248452694,0.3534100974313552,1.0,0.5222513089005235,gaussian_noise,SKAB,fold_5,42,4,3,3,0.5,avg_negative_log,10,0.0,0.9,,225,36,389,0.048024691358024695,True,0.0,False,5.0,uniform
0.35455349248452694,0.3534100974313552,1.0,0.5222513089005235,original,SKAB,fold_5,123,4,3,3,0.5,avg_negative_log,10,0.0,0.9,,225,36,389,0.048024691358024695,True,0.0,False,5.0,uniform
0.35455349248452694,0.3534100974313552,1.0,0.5222513089005235,gaussian_noise,SKAB,fold_5,123,4,3,3,0.5,avg_negative_log,10,0.0,0.9,,225,36,389,0.048024691358024695,True,0.0,False,5.0,uniform
0.35455349248452694,0.3534100974313552,1.0,0.5222513089005235,original,SKAB,fold_5,2026,4,3,3,0.5,avg_negative_log,10,0.0,0.9,,225,36,389,0.048024691358024695,True,0.0,False,5.0,uniform
0.35455349248452694,0.3534100974313552,1.0,0.5222513089005235,gaussian_noise,SKAB,fold_5,2026,4,3,3,0.5,avg_negative_log,10,0.0,0.9,,225,36,389,0.048024691358024695,True,0.0,False,5.0,uniform
0.35455349248452694,0.3534100974313552,1.0,0.5222513089005235,original,SKAB,fold_5,7,4,3,3,0.5,avg_negative_log,10,0.0,0.9,,225,36,389,0.048024691358024695,True,0.0,False,5.0,uniform
0.35455349248452694,0.3534100974313552,1.0,0.5222513089005235,gaussian_noise,SKAB,fold_5,7,4,3,3,0.5,avg_negative_log,10,0.0,0.9,,225,36,389,0.048024691358024695,True,0.0,False,5.0,uniform
0.35455349248452694,0.3534100974313552,1.0,0.5222513089005235,original,SKAB,fold_5,999,4,3,3,0.5,avg_negative_log,10,0.0,0.9,,225,36,389,0.048024691358024695,True,0.0,False,5.0,uniform
0.35455349248452694,0.3534100974313552,1.0,0.5222513089005235,gaussian_noise,SKAB,fold_5,999,4,3,3,0.5,avg_negative_log,10,0.0,0.9,,225,36,389,0.048024691358024695,True,0.0,False,5.0,uniform
0.358860195903829,0.3577163247100803,1.0,0.5269382391590013,original,SKAB,fold_1,42,4,3,3,0.5,avg_negative_log,10,0.001,0.9,,225,35,400,0.050793650793650794,True,0.0,False,5.0,uniform
0.358860195903829,0.3577163247100803,1.0,0.5269382391590013,gaussian_noise,SKAB,fold_1,42,4,3,3,0.5,avg_negative_log,10,0.001,0.9,,225,35,400,0.050793650793650794,True,0.0,False,5.0,uniform
0.358860195903829,0.3577163247100803,1.0,0.5269382391590013,original,SKAB,fold_1,123,4,3,3,0.5,avg_negative_log,10,0.001,0.9,,225,35,400,0.050793650793650794,True,0.0,False,5.0,uniform
0.358860195903829,0.3577163247100803,1.0,0.5269382391590013,gaussian_noise,SKAB,fold_1,123,4,3,3,0.5,avg_negative_log,10,0.001,0.9,,225,35,400,0.050793650793650794,True,0.0,False,5.0,uniform
0.358860195903829,0.3577163247100803,1.0,0.5269382391590013,original,SKAB,fold_1,2026,4,3,3,0.5,avg_negative_log,10,0.001,0.9,,225,35,400,0.050793650793650794,True,0.0,False,5.0,uniform
0.358860195903829,0.3577163247100803,1.0,0.5269382391590013,gaussian_noise,SKAB,fold_1,2026,4,3,3,0.5,avg_negative_log,10,0.001,0.9,,225,35,400,0.050793650793650794,True,0.0,False,5.0,uniform
0.358860195903829,0.3577163247100803,1.0,0.5269382391590013,original,SKAB,fold_1,7,4,3,3,0.5,avg_negative_log,10,0.001,0.9,,225,35,400,0.050793650793650794,True,0.0,False,5.0,uniform
0.358860195903829,0.3577163247100803,1.0,0.5269382391590013,gaussian_noise,SKAB,fold_1,7,4,3,3,0.5,avg_negative_log,10,0.001,0.9,,225,35,400,0.050793650793650794,True,0.0,False,5.0,uniform
0.358860195903829,0.3577163247100803,1.0,0.5269382391590013,original,SKAB,fold_1,999,4,3,3,0.5,avg_negative_log,10,0.001,0.9,,225,35,400,0.050793650793650794,True,0.0,False,5.0,uniform
0.358860195903829,0.3577163247100803,1.0,0.5269382391590013,gaussian_noise,SKAB,fold_1,999,4,3,3,0.5,avg_negative_log,10,0.001,0.9,,225,35,400,0.050793650793650794,True,0.0,False,5.0,uniform
0.3610366398570152,0.35989256938227393,1.0,0.5292955892034233,original,SKAB,fold_2,42,4,3,3,0.5,avg_negative_log,10,0.001,0.9,,234,34,438,0.05505279034690799,True,0.0,False,5.0,uniform
0.3610366398570152,0.35989256938227393,1.0,0.5292955892034233,gaussian_noise,SKAB,fold_2,42,4,3,3,0.5,avg_negative_log,10,0.001,0.9,,234,34,438,0.05505279034690799,True,0.0,False,5.0,uniform
0.3610366398570152,0.35989256938227393,1.0,0.5292955892034233,original,SKAB,fold_2,123,4,3,3,0.5,avg_negative_log,10,0.001,0.9,,234,34,438,0.05505279034690799,True,0.0,False,5.0,uniform
0.3610366398570152,0.35989256938227393,1.0,0.5292955892034233,gaussian_noise,SKAB,fold_2,123,4,3,3,0.5,avg_negative_log,10,0.001,0.9,,234,34,438,0.05505279034690799,True,0.0,False,5.0,uniform
0.3610366398570152,0.35989256938227393,1.0,0.5292955892034233,original,SKAB,fold_2,2026,4,3,3,0.5,avg_negative_log,10,0.001,0.9,,234,34,438,0.05505279034690799,True,0.0,False,5.0,uniform
0.3610366398570152,0.35989256938227393,1.0,0.5292955892034233,gaussian_noise,SKAB,fold_2,2026,4,3,3,0.5,avg_negative_log,10,0.001,0.9,,234,34,438,0.05505279034690799,True,0.0,False,5.0,uniform
0.3610366398570152,0.35989256938227393,1.0,0.5292955892034233,original,SKAB,fold_2,7,4,3,3,0.5,avg_negative_log,10,0.001,0.9,,234,34,438,0.05505279034690799,True,0.0,False,5.0,uniform
0.3610366398570152,0.35989256938227393,1.0,0.5292955892034233,gaussian_noise,SKAB,fold_2,7,4,3,3,0.5,avg_negative_log,10,0.001,0.9,,234,34,438,0.05505279034690799,True,0.0,False,5.0,uniform
0.3610366398570152,0.35989256938227393,1.0,0.5292955892034233,original,SKAB,fold_2,999,4,3,3,0.5,avg_negative_log,10,0.001,0.9,,234,34,438,0.05505279034690799,True,0.0,False,5.0,uniform
0.3610366398570152,0.35989256938227393,1.0,0.5292955892034233,gaussian_noise,SKAB,fold_2,999,4,3,3,0.5,avg_negative_log,10,0.001,0.9,,234,34,438,0.05505279034690799,True,0.0,False,5.0,uniform
0.3583556747095621,0.35720680393912263,1.0,0.5263852242744064,original,SKAB,fold_3,42,4,3,3,0.5,avg_negative_log,10,0.001,0.9,,243,37,440,0.048937826715604496,True,0.0,False,5.0,uniform
0.3583556747095621,0.35720680393912263,1.0,0.5263852242744064,gaussian_noise,SKAB,fold_3,42,4,3,3,0.5,avg_negative_log,10,0.001,0.9,,243,37,440,0.048937826715604496,True,0.0,False,5.0,uniform
0.3583556747095621,0.35720680393912263,1.0,0.5263852242744064,original,SKAB,fold_3,123,4,3,3,0.5,avg_negative_log,10,0.001,0.9,,243,37,440,0.048937826715604496,True,0.0,False,5.0,uniform
0.3583556747095621,0.35720680393912263,1.0,0.5263852242744064,gaussian_noise,SKAB,fold_3,123,4,3,3,0.5,avg_negative_log,10,0.001,0.9,,243,37,440,0.048937826715604496,True,0.0,False,5.0,uniform
0.3583556747095621,0.35720680393912263,1.0,0.5263852242744064,original,SKAB,fold_3,2026,4,3,3,0.5,avg_negative_log,10,0.001,0.9,,243,37,440,0.048937826715604496,True,0.0,False,5.0,uniform
0.3583556747095621,0.35720680393912263,1.0,0.5263852242744064,gaussian_noise,SKAB,fold_3,2026,4,3,3,0.5,avg_negative_log,10,0.001,0.9,,243,37,440,0.048937826715604496,True,0.0,False,5.0,uniform
0.3583556747095621,0.35720680393912263,1.0,0.5263852242744064,original,SKAB,fold_3,7,4,3,3,0.5,avg_negative_log,10,0.001,0.9,,243,37,440,0.048937826715604496,True,0.0,False,5.0,uniform
0.3583556747095621,0.35720680393912263,1.0,0.5263852242744064,gaussian_noise,SKAB,fold_3,7,4,3,3,0.5,avg_negative_log,10,0.001,0.9,,243,37,440,0.048937826715604496,True,0.0,False,5.0,uniform
0.3583556747095621,0.35720680393912263,1.0,0.5263852242744064,original,SKAB,fold_3,999,4,3,3,0.5,avg_negative_log,10,0.001,0.9,,243,37,440,0.048937826715604496,True,0.0,False,5.0,uniform
0.3583556747095621,0.35720680393912263,1.0,0.5263852242744064,gaussian_noise,SKAB,fold_3,999,4,3,3,0.5,avg_negative_log,10,0.001,0.9,,243,37,440,0.048937826715604496,True,0.0,False,5.0,uniform
0.3632246376811594,0.3620689655172414,1.0,0.5316455696202531,original,SKAB,fold_4,42,4,3,3,0.5,avg_negative_log,10,0.001,0.9,,241,36,449,0.05175195942830797,True,0.0,False,5.0,uniform
0.3632246376811594,0.3620689655172414,1.0,0.5316455696202531,gaussian_noise,SKAB,fold_4,42,4,3,3,0.5,avg_negative_log,10,0.001,0.9,,241,36,449,0.05175195942830797,True,0.0,False,5.0,uniform
0.3632246376811594,0.3620689655172414,1.0,0.5316455696202531,original,SKAB,fold_4,123,4,3,3,0.5,avg_negative_log,10,0.001,0.9,,241,36,449,0.05175195942830797,True,0.0,False,5.0,uniform
0.3632246376811594,0.3620689655172414,1.0,0.5316455696202531,gaussian_noise,SKAB,fold_4,123,4,3,3,0.5,avg_negative_log,10,0.001,0.9,,241,36,449,0.05175195942830797,True,0.0,False,5.0,uniform
0.3632246376811594,0.3620689655172414,1.0,0.5316455696202531,original,SKAB,fold_4,2026,4,3,3,0.5,avg_negative_log,10,0.001,0.9,,241,36,449,0.05175195942830797,True,0.0,False,5.0,uniform
0.3632246376811594,0.3620689655172414,1.0,0.5316455696202531,gaussian_noise,SKAB,fold_4,2026,4,3,3,0.5,avg_negative_log,10,0.001,0.9,,241,36,449,0.05175195942830797,True,0.0,False,5.0,uniform
0.3632246376811594,0.3620689655172414,1.0,0.5316455696202531,original,SKAB,fold_4,7,4,3,3,0.5,avg_negative_log,10,0.001,0.9,,241,36,449,0.05175195942830797,True,0.0,False,5.0,uniform
0.3632246376811594,0.3620689655172414,1.0,0.5316455696202531,gaussian_noise,SKAB,fold_4,7,4,3,3,0.5,avg_negative_log,10,0.001,0.9,,241,36,449,0.05175195942830797,True,0.0,False,5.0,uniform
0.3632246376811594,0.3620689655172414,1.0,0.5316455696202531,original,SKAB,fold_4,999,4,3,3,0.5,avg_negative_log,10,0.001,0.9,,241,36,449,0.05175195942830797,True,0.0,False,5.0,uniform
0.3632246376811594,0.3620689655172414,1.0,0.5316455696202531,gaussian_noise,SKAB,fold_4,999,4,3,3,0.5,avg_negative_log,10,0.001,0.9,,241,36,449,0.05175195942830797,True,0.0,False,5.0,uniform
0.35455349248452694,0.3534100974313552,1.0,0.5222513089005235,original,SKAB,fold_5,42,4,3,3,0.5,avg_negative_log,10,0.001,0.9,,225,36,389,0.048024691358024695,True,0.0,False,5.0,uniform
0.35455349248452694,0.3534100974313552,1.0,0.5222513089005235,gaussian_noise,SKAB,fold_5,42,4,3,3,0.5,avg_negative_log,10,0.001,0.9,,225,36,389,0.048024691358024695,True,0.0,False,5.0,uniform
0.35455349248452694,0.3534100974313552,1.0,0.5222513089005235,original,SKAB,fold_5,123,4,3,3,0.5,avg_negative_log,10,0.001,0.9,,225,36,389,0.048024691358024695,True,0.0,False,5.0,uniform
0.35455349248452694,0.3534100974313552,1.0,0.5222513089005235,gaussian_noise,SKAB,fold_5,123,4,3,3,0.5,avg_negative_log,10,0.001,0.9,,225,36,389,0.048024691358024695,True,0.0,False,5.0,uniform
0.35455349248452694,0.3534100974313552,1.0,0.5222513089005235,original,SKAB,fold_5,2026,4,3,3,0.5,avg_negative_log,10,0.001,0.9,,225,36,389,0.048024691358024695,True,0.0,False,5.0,uniform
0.35455349248452694,0.3534100974313552,1.0,0.5222513089005235,gaussian_noise,SKAB,fold_5,2026,4,3,3,0.5,avg_negative_log,10,0.001,0.9,,225,36,389,0.048024691358024695,True,0.0,False,5.0,uniform
0.35455349248452694,0.3534100974313552,1.0,0.5222513089005235,original,SKAB,fold_5,7,4,3,3,0.5,avg_negative_log,10,0.001,0.9,,225,36,389,0.048024691358024695,True,0.0,False,5.0,uniform
0.35455349248452694,0.3534100974313552,1.0,0.5222513089005235,gaussian_noise,SKAB,fold_5,7,4,3,3,0.5,avg_negative_log,10,0.001,0.9,,225,36,389,0.048024691358024695,True,0.0,False,5.0,uniform
0.35455349248452694,0.3534100974313552,1.0,0.5222513089005235,original,SKAB,fold_5,999,4,3,3,0.5,avg_negative_log,10,0.001,0.9,,225,36,389,0.048024691358024695,True,0.0,False,5.0,uniform
0.35455349248452694,0.3534100974313552,1.0,0.5222513089005235,gaussian_noise,SKAB,fold_5,999,4,3,3,0.5,avg_negative_log,10,0.001,0.9,,225,36,389,0.048024691358024695,True,0.0,False,5.0,uniform
0.358860195903829,0.3577163247100803,1.0,0.5269382391590013,original,SKAB,fold_1,42,4,3,3,0.5,avg_negative_log,10,0.005,0.9,,225,35,400,0.050793650793650794,True,0.0,False,5.0,uniform
0.358860195903829,0.3577163247100803,1.0,0.5269382391590013,gaussian_noise,SKAB,fold_1,42,4,3,3,0.5,avg_negative_log,10,0.005,0.9,,225,35,400,0.050793650793650794,True,0.0,False,5.0,uniform
0.358860195903829,0.3577163247100803,1.0,0.5269382391590013,original,SKAB,fold_1,123,4,3,3,0.5,avg_negative_log,10,0.005,0.9,,225,35,400,0.050793650793650794,True,0.0,False,5.0,uniform
0.358860195903829,0.3577163247100803,1.0,0.5269382391590013,gaussian_noise,SKAB,fold_1,123,4,3,3,0.5,avg_negative_log,10,0.005,0.9,,225,35,400,0.050793650793650794,True,0.0,False,5.0,uniform
0.358860195903829,0.3577163247100803,1.0,0.5269382391590013,original,SKAB,fold_1,2026,4,3,3,0.5,avg_negative_log,10,0.005,0.9,,225,35,400,0.050793650793650794,True,0.0,False,5.0,uniform
0.358860195903829,0.3577163247100803,1.0,0.5269382391590013,gaussian_noise,SKAB,fold_1,2026,4,3,3,0.5,avg_negative_log,10,0.005,0.9,,225,35,400,0.050793650793650794,True,0.0,False,5.0,uniform
0.358860195903829,0.3577163247100803,1.0,0.5269382391590013,original,SKAB,fold_1,7,4,3,3,0.5,avg_negative_log,10,0.005,0.9,,225,35,400,0.050793650793650794,True,0.0,False,5.0,uniform
0.358860195903829,0.3577163247100803,1.0,0.5269382391590013,gaussian_noise,SKAB,fold_1,7,4,3,3,0.5,avg_negative_log,10,0.005,0.9,,225,35,400,0.050793650793650794,True,0.0,False,5.0,uniform
0.358860195903829,0.3577163247100803,1.0,0.5269382391590013,original,SKAB,fold_1,999,4,3,3,0.5,avg_negative_log,10,0.005,0.9,,225,35,400,0.050793650793650794,True,0.0,False,5.0,uniform
0.358860195903829,0.3577163247100803,1.0,0.5269382391590013,gaussian_noise,SKAB,fold_1,999,4,3,3,0.5,avg_negative_log,10,0.005,0.9,,225,35,400,0.050793650793650794,True,0.0,False,5.0,uniform
0.3610366398570152,0.35989256938227393,1.0,0.5292955892034233,original,SKAB,fold_2,42,4,3,3,0.5,avg_negative_log,10,0.005,0.9,,234,34,438,0.05505279034690799,True,0.0,False,5.0,uniform
0.3610366398570152,0.35989256938227393,1.0,0.5292955892034233,gaussian_noise,SKAB,fold_2,42,4,3,3,0.5,avg_negative_log,10,0.005,0.9,,234,34,438,0.05505279034690799,True,0.0,False,5.0,uniform
0.3610366398570152,0.35989256938227393,1.0,0.5292955892034233,original,SKAB,fold_2,123,4,3,3,0.5,avg_negative_log,10,0.005,0.9,,234,34,438,0.05505279034690799,True,0.0,False,5.0,uniform
0.3610366398570152,0.35989256938227393,1.0,0.5292955892034233,gaussian_noise,SKAB,fold_2,123,4,3,3,0.5,avg_negative_log,10,0.005,0.9,,234,34,438,0.05505279034690799,True,0.0,False,5.0,uniform
0.3610366398570152,0.35989256938227393,1.0,0.5292955892034233,original,SKAB,fold_2,2026,4,3,3,0.5,avg_negative_log,10,0.005,0.9,,234,34,438,0.05505279034690799,True,0.0,False,5.0,uniform
0.3610366398570152,0.35989256938227393,1.0,0.5292955892034233,gaussian_noise,SKAB,fold_2,2026,4,3,3,0.5,avg_negative_log,10,0.005,0.9,,234,34,438,0.05505279034690799,True,0.0,False,5.0,uniform
0.3610366398570152,0.35989256938227393,1.0,0.5292955892034233,original,SKAB,fold_2,7,4,3,3,0.5,avg_negative_log,10,0.005,0.9,,234,34,438,0.05505279034690799,True,0.0,False,5.0,uniform
0.3610366398570152,0.35989256938227393,1.0,0.5292955892034233,gaussian_noise,SKAB,fold_2,7,4,3,3,0.5,avg_negative_log,10,0.005,0.9,,234,34,438,0.05505279034690799,True,0.0,False,5.0,uniform
0.3610366398570152,0.35989256938227393,1.0,0.5292955892034233,original,SKAB,fold_2,999,4,3,3,0.5,avg_negative_log,10,0.005,0.9,,234,34,438,0.05505279034690799,True,0.0,False,5.0,uniform
0.3610366398570152,0.35989256938227393,1.0,0.5292955892034233,gaussian_noise,SKAB,fold_2,999,4,3,3,0.5,avg_negative_log,10,0.005,0.9,,234,34,438,0.05505279034690799,True,0.0,False,5.0,uniform
0.3583556747095621,0.35720680393912263,1.0,0.5263852242744064,original,SKAB,fold_3,42,4,3,3,0.5,avg_negative_log,10,0.005,0.9,,243,37,440,0.048937826715604496,True,0.0,False,5.0,uniform
0.3583556747095621,0.35720680393912263,1.0,0.5263852242744064,gaussian_noise,SKAB,fold_3,42,4,3,3,0.5,avg_negative_log,10,0.005,0.9,,243,37,440,0.048937826715604496,True,0.0,False,5.0,uniform
0.3583556747095621,0.35720680393912263,1.0,0.5263852242744064,original,SKAB,fold_3,123,4,3,3,0.5,avg_negative_log,10,0.005,0.9,,243,37,440,0.048937826715604496,True,0.0,False,5.0,uniform
0.3583556747095621,0.35720680393912263,1.0,0.5263852242744064,gaussian_noise,SKAB,fold_3,123,4,3,3,0.5,avg_negative_log,10,0.005,0.9,,243,37,440,0.048937826715604496,True,0.0,False,5.0,uniform
0.3583556747095621,0.35720680393912263,1.0,0.5263852242744064,original,SKAB,fold_3,2026,4,3,3,0.5,avg_negative_log,10,0.005,0.9,,243,37,440,0.048937826715604496,True,0.0,False,5.0,uniform
0.3583556747095621,0.35720680393912263,1.0,0.5263852242744064,gaussian_noise,SKAB,fold_3,2026,4,3,3,0.5,avg_negative_log,10,0.005,0.9,,243,37,440,0.048937826715604496,True,0.0,False,5.0,uniform
0.3583556747095621,0.35720680393912263,1.0,0.5263852242744064,original,SKAB,fold_3,7,4,3,3,0.5,avg_negative_log,10,0.005,0.9,,243,37,440,0.048937826715604496,True,0.0,False,5.0,uniform
0.3583556747095621,0.35720680393912263,1.0,0.5263852242744064,gaussian_noise,SKAB,fold_3,7,4,3,3,0.5,avg_negative_log,10,0.005,0.9,,243,37,440,0.048937826715604496,True,0.0,False,5.0,uniform
0.3583556747095621,0.35720680393912263,1.0,0.5263852242744064,original,SKAB,fold_3,999,4,3,3,0.5,avg_negative_log,10,0.005,0.9,,243,37,440,0.048937826715604496,True,0.0,False,5.0,uniform
0.3583556747095621,0.35720680393912263,1.0,0.5263852242744064,gaussian_noise,SKAB,fold_3,999,4,3,3,0.5,avg_negative_log,10,0.005,0.9,,243,37,440,0.048937826715604496,True,0.0,False,5.0,uniform
0.3632246376811594,0.3620689655172414,1.0,0.5316455696202531,original,SKAB,fold_4,42,4,3,3,0.5,avg_negative_log,10,0.005,0.9,,241,36,449,0.05175195942830797,True,0.0,False,5.0,uniform
0.3632246376811594,0.3620689655172414,1.0,0.5316455696202531,gaussian_noise,SKAB,fold_4,42,4,3,3,0.5,avg_negative_log,10,0.005,0.9,,241,36,449,0.05175195942830797,True,0.0,False,5.0,uniform
0.3632246376811594,0.3620689655172414,1.0,0.5316455696202531,original,SKAB,fold_4,123,4,3,3,0.5,avg_negative_log,10,0.005,0.9,,241,36,449,0.05175195942830797,True,0.0,False,5.0,uniform
0.3632246376811594,0.3620689655172414,1.0,0.5316455696202531,gaussian_noise,SKAB,fold_4,123,4,3,3,0.5,avg_negative_log,10,0.005,0.9,,241,36,449,0.05175195942830797,True,0.0,False,5.0,uniform
0.3632246376811594,0.3620689655172414,1.0,0.5316455696202531,original,SKAB,fold_4,2026,4,3,3,0.5,avg_negative_log,10,0.005,0.9,,241,36,449,0.05175195942830797,True,0.0,False,5.0,uniform
0.3632246376811594,0.3620689655172414,1.0,0.5316455696202531,gaussian_noise,SKAB,fold_4,2026,4,3,3,0.5,avg_negative_log,10,0.005,0.9,,241,36,449,0.05175195942830797,True,0.0,False,5.0,uniform
0.3632246376811594,0.3620689655172414,1.0,0.5316455696202531,original,SKAB,fold_4,7,4,3,3,0.5,avg_negative_log,10,0.005,0.9,,241,36,449,0.05175195942830797,True,0.0,False,5.0,uniform
0.3632246376811594,0.3620689655172414,1.0,0.5316455696202531,gaussian_noise,SKAB,fold_4,7,4,3,3,0.5,avg_negative_log,10,0.005,0.9,,241,36,449,0.05175195942830797,True,0.0,False,5.0,uniform
0.3632246376811594,0.3620689655172414,1.0,0.5316455696202531,original,SKAB,fold_4,999,4,3,3,0.5,avg_negative_log,10,0.005,0.9,,241,36,449,0.05175195942830797,True,0.0,False,5.0,uniform
0.3632246376811594,0.3620689655172414,1.0,0.5316455696202531,gaussian_noise,SKAB,fold_4,999,4,3,3,0.5,avg_negative_log,10,0.005,0.9,,241,36,449,0.05175195942830797,True,0.0,False,5.0,uniform
0.35455349248452694,0.3534100974313552,1.0,0.5222513089005235,original,SKAB,fold_5,42,4,3,3,0.5,avg_negative_log,10,0.005,0.9,,225,36,389,0.048024691358024695,True,0.0,False,5.0,uniform
0.35455349248452694,0.3534100974313552,1.0,0.5222513089005235,gaussian_noise,SKAB,fold_5,42,4,3,3,0.5,avg_negative_log,10,0.005,0.9,,225,36,389,0.048024691358024695,True,0.0,False,5.0,uniform
0.35455349248452694,0.3534100974313552,1.0,0.5222513089005235,original,SKAB,fold_5,123,4,3,3,0.5,avg_negative_log,10,0.005,0.9,,225,36,389,0.048024691358024695,True,0.0,False,5.0,uniform
0.35455349248452694,0.3534100974313552,1.0,0.5222513089005235,gaussian_noise,SKAB,fold_5,123,4,3,3,0.5,avg_negative_log,10,0.005,0.9,,225,36,389,0.048024691358024695,True,0.0,False,5.0,uniform
0.35455349248452694,0.3534100974313552,1.0,0.5222513089005235,original,SKAB,fold_5,2026,4,3,3,0.5,avg_negative_log,10,0.005,0.9,,225,36,389,0.048024691358024695,True,0.0,False,5.0,uniform
0.35455349248452694,0.3534100974313552,1.0,0.5222513089005235,gaussian_noise,SKAB,fold_5,2026,4,3,3,0.5,avg_negative_log,10,0.005,0.9,,225,36,389,0.048024691358024695,True,0.0,False,5.0,uniform
0.35455349248452694,0.3534100974313552,1.0,0.5222513089005235,original,SKAB,fold_5,7,4,3,3,0.5,avg_negative_log,10,0.005,0.9,,225,36,389,0.048024691358024695,True,0.0,False,5.0,uniform
0.35455349248452694,0.3534100974313552,1.0,0.5222513089005235,gaussian_noise,SKAB,fold_5,7,4,3,3,0.5,avg_negative_log,10,0.005,0.9,,225,36,389,0.048024691358024695,True,0.0,False,5.0,uniform
0.35455349248452694,0.3534100974313552,1.0,0.5222513089005235,original,SKAB,fold_5,999,4,3,3,0.5,avg_negative_log,10,0.005,0.9,,225,36,389,0.048024691358024695,True,0.0,False,5.0,uniform
0.35455349248452694,0.3534100974313552,1.0,0.5222513089005235,gaussian_noise,SKAB,fold_5,999,4,3,3,0.5,avg_negative_log,10,0.005,0.9,,225,36,389,0.048024691358024695,True,0.0,False,5.0,uniform
0.358860195903829,0.3577163247100803,1.0,0.5269382391590013,original,SKAB,fold_1,42,4,3,3,0.5,avg_negative_log,10,0.01,0.9,,225,35,400,0.050793650793650794,True,0.0,False,5.0,uniform
0.358860195903829,0.3577163247100803,1.0,0.5269382391590013,gaussian_noise,SKAB,fold_1,42,4,3,3,0.5,avg_negative_log,10,0.01,0.9,,225,35,400,0.050793650793650794,True,0.0,False,5.0,uniform
0.358860195903829,0.3577163247100803,1.0,0.5269382391590013,original,SKAB,fold_1,123,4,3,3,0.5,avg_negative_log,10,0.01,0.9,,225,35,400,0.050793650793650794,True,0.0,False,5.0,uniform
0.358860195903829,0.3577163247100803,1.0,0.5269382391590013,gaussian_noise,SKAB,fold_1,123,4,3,3,0.5,avg_negative_log,10,0.01,0.9,,225,35,400,0.050793650793650794,True,0.0,False,5.0,uniform
0.358860195903829,0.3577163247100803,1.0,0.5269382391590013,original,SKAB,fold_1,2026,4,3,3,0.5,avg_negative_log,10,0.01,0.9,,225,35,400,0.050793650793650794,True,0.0,False,5.0,uniform
0.358860195903829,0.3577163247100803,1.0,0.5269382391590013,gaussian_noise,SKAB,fold_1,2026,4,3,3,0.5,avg_negative_log,10,0.01,0.9,,225,35,400,0.050793650793650794,True,0.0,False,5.0,uniform
0.358860195903829,0.3577163247100803,1.0,0.5269382391590013,original,SKAB,fold_1,7,4,3,3,0.5,avg_negative_log,10,0.01,0.9,,225,35,400,0.050793650793650794,True,0.0,False,5.0,uniform
0.358860195903829,0.3577163247100803,1.0,0.5269382391590013,gaussian_noise,SKAB,fold_1,7,4,3,3,0.5,avg_negative_log,10,0.01,0.9,,225,35,400,0.050793650793650794,True,0.0,False,5.0,uniform
0.358860195903829,0.3577163247100803,1.0,0.5269382391590013,original,SKAB,fold_1,999,4,3,3,0.5,avg_negative_log,10,0.01,0.9,,225,35,400,0.050793650793650794,True,0.0,False,5.0,uniform
0.358860195903829,0.3577163247100803,1.0,0.5269382391590013,gaussian_noise,SKAB,fold_1,999,4,3,3,0.5,avg_negative_log,10,0.01,0.9,,225,35,400,0.050793650793650794,True,0.0,False,5.0,uniform
0.3610366398570152,0.35989256938227393,1.0,0.5292955892034233,original,SKAB,fold_2,42,4,3,3,0.5,avg_negative_log,10,0.01,0.9,,234,34,438,0.05505279034690799,True,0.0,False,5.0,uniform
0.3610366398570152,0.35989256938227393,1.0,0.5292955892034233,gaussian_noise,SKAB,fold_2,42,4,3,3,0.5,avg_negative_log,10,0.01,0.9,,234,34,438,0.05505279034690799,True,0.0,False,5.0,uniform
0.3610366398570152,0.35989256938227393,1.0,0.5292955892034233,original,SKAB,fold_2,123,4,3,3,0.5,avg_negative_log,10,0.01,0.9,,234,34,438,0.05505279034690799,True,0.0,False,5.0,uniform
0.3610366398570152,0.35989256938227393,1.0,0.5292955892034233,gaussian_noise,SKAB,fold_2,123,4,3,3,0.5,avg_negative_log,10,0.01,0.9,,234,34,438,0.05505279034690799,True,0.0,False,5.0,uniform
0.3610366398570152,0.35989256938227393,1.0,0.5292955892034233,original,SKAB,fold_2,2026,4,3,3,0.5,avg_negative_log,10,0.01,0.9,,234,34,438,0.05505279034690799,True,0.0,False,5.0,uniform
0.3610366398570152,0.35989256938227393,1.0,0.5292955892034233,gaussian_noise,SKAB,fold_2,2026,4,3,3,0.5,avg_negative_log,10,0.01,0.9,,234,34,438,0.05505279034690799,True,0.0,False,5.0,uniform
0.3610366398570152,0.35989256938227393,1.0,0.5292955892034233,original,SKAB,fold_2,7,4,3,3,0.5,avg_negative_log,10,0.01,0.9,,234,34,438,0.05505279034690799,True,0.0,False,5.0,uniform
0.3610366398570152,0.35989256938227393,1.0,0.5292955892034233,gaussian_noise,SKAB,fold_2,7,4,3,3,0.5,avg_negative_log,10,0.01,0.9,,234,34,438,0.05505279034690799,True,0.0,False,5.0,uniform
0.3610366398570152,0.35989256938227393,1.0,0.5292955892034233,original,SKAB,fold_2,999,4,3,3,0.5,avg_negative_log,10,0.01,0.9,,234,34,438,0.05505279034690799,True,0.0,False,5.0,uniform
0.3610366398570152,0.35989256938227393,1.0,0.5292955892034233,gaussian_noise,SKAB,fold_2,999,4,3,3,0.5,avg_negative_log,10,0.01,0.9,,234,34,438,0.05505279034690799,True,0.0,False,5.0,uniform
0.3583556747095621,0.35720680393912263,1.0,0.5263852242744064,original,SKAB,fold_3,42,4,3,3,0.5,avg_negative_log,10,0.01,0.9,,243,37,440,0.048937826715604496,True,0.0,False,5.0,uniform
0.3583556747095621,0.35720680393912263,1.0,0.5263852242744064,gaussian_noise,SKAB,fold_3,42,4,3,3,0.5,avg_negative_log,10,0.01,0.9,,243,37,440,0.048937826715604496,True,0.0,False,5.0,uniform
0.3583556747095621,0.35720680393912263,1.0,0.5263852242744064,original,SKAB,fold_3,123,4,3,3,0.5,avg_negative_log,10,0.01,0.9,,243,37,440,0.048937826715604496,True,0.0,False,5.0,uniform
0.3583556747095621,0.35720680393912263,1.0,0.5263852242744064,gaussian_noise,SKAB,fold_3,123,4,3,3,0.5,avg_negative_log,10,0.01,0.9,,243,37,440,0.048937826715604496,True,0.0,False,5.0,uniform
0.3583556747095621,0.35720680393912263,1.0,0.5263852242744064,original,SKAB,fold_3,2026,4,3,3,0.5,avg_negative_log,10,0.01,0.9,,243,37,440,0.048937826715604496,True,0.0,False,5.0,uniform
0.3583556747095621,0.35720680393912263,1.0,0.5263852242744064,gaussian_noise,SKAB,fold_3,2026,4,3,3,0.5,avg_negative_log,10,0.01,0.9,,243,37,440,0.048937826715604496,True,0.0,False,5.0,uniform
0.3583556747095621,0.35720680393912263,1.0,0.5263852242744064,original,SKAB,fold_3,7,4,3,3,0.5,avg_negative_log,10,0.01,0.9,,243,37,440,0.048937826715604496,True,0.0,False,5.0,uniform
0.3583556747095621,0.35720680393912263,1.0,0.5263852242744064,gaussian_noise,SKAB,fold_3,7,4,3,3,0.5,avg_negative_log,10,0.01,0.9,,243,37,440,0.048937826715604496,True,0.0,False,5.0,uniform
0.3583556747095621,0.35720680393912263,1.0,0.5263852242744064,original,SKAB,fold_3,999,4,3,3,0.5,avg_negative_log,10,0.01,0.9,,243,37,440,0.048937826715604496,True,0.0,False,5.0,uniform
0.3583556747095621,0.35720680393912263,1.0,0.5263852242744064,gaussian_noise,SKAB,fold_3,999,4,3,3,0.5,avg_negative_log,10,0.01,0.9,,243,37,440,0.048937826715604496,True,0.0,False,5.0,uniform
0.3632246376811594,0.3620689655172414,1.0,0.5316455696202531,original,SKAB,fold_4,42,4,3,3,0.5,avg_negative_log,10,0.01,0.9,,241,36,449,0.05175195942830797,True,0.0,False,5.0,uniform
0.3632246376811594,0.3620689655172414,1.0,0.5316455696202531,gaussian_noise,SKAB,fold_4,42,4,3,3,0.5,avg_negative_log,10,0.01,0.9,,241,36,449,0.05175195942830797,True,0.0,False,5.0,uniform
0.3632246376811594,0.3620689655172414,1.0,0.5316455696202531,original,SKAB,fold_4,123,4,3,3,0.5,avg_negative_log,10,0.01,0.9,,241,36,449,0.05175195942830797,True,0.0,False,5.0,uniform
0.3632246376811594,0.3620689655172414,1.0,0.5316455696202531,gaussian_noise,SKAB,fold_4,123,4,3,3,0.5,avg_negative_log,10,0.01,0.9,,241,36,449,0.05175195942830797,True,0.0,False,5.0,uniform
0.3632246376811594,0.3620689655172414,1.0,0.5316455696202531,original,SKAB,fold_4,2026,4,3,3,0.5,avg_negative_log,10,0.01,0.9,,241,36,449,0.05175195942830797,True,0.0,False,5.0,uniform
0.3632246376811594,0.3620689655172414,1.0,0.5316455696202531,gaussian_noise,SKAB,fold_4,2026,4,3,3,0.5,avg_negative_log,10,0.01,0.9,,241,36,449,0.05175195942830797,True,0.0,False,5.0,uniform
0.3632246376811594,0.3620689655172414,1.0,0.5316455696202531,original,SKAB,fold_4,7,4,3,3,0.5,avg_negative_log,10,0.01,0.9,,241,36,449,0.05175195942830797,True,0.0,False,5.0,uniform
0.3632246376811594,0.3620689655172414,1.0,0.5316455696202531,gaussian_noise,SKAB,fold_4,7,4,3,3,0.5,avg_negative_log,10,0.01,0.9,,241,36,449,0.05175195942830797,True,0.0,False,5.0,uniform
0.3632246376811594,0.3620689655172414,1.0,0.5316455696202531,original,SKAB,fold_4,999,4,3,3,0.5,avg_negative_log,10,0.01,0.9,,241,36,449,0.05175195942830797,True,0.0,False,5.0,uniform
0.3632246376811594,0.3620689655172414,1.0,0.5316455696202531,gaussian_noise,SKAB,fold_4,999,4,3,3,0.5,avg_negative_log,10,0.01,0.9,,241,36,449,0.05175195942830797,True,0.0,False,5.0,uniform
0.35455349248452694,0.3534100974313552,1.0,0.5222513089005235,original,SKAB,fold_5,42,4,3,3,0.5,avg_negative_log,10,0.01,0.9,,225,36,389,0.048024691358024695,True,0.0,False,5.0,uniform
0.35455349248452694,0.3534100974313552,1.0,0.5222513089005235,gaussian_noise,SKAB,fold_5,42,4,3,3,0.5,avg_negative_log,10,0.01,0.9,,225,36,389,0.048024691358024695,True,0.0,False,5.0,uniform
0.35455349248452694,0.3534100974313552,1.0,0.5222513089005235,original,SKAB,fold_5,123,4,3,3,0.5,avg_negative_log,10,0.01,0.9,,225,36,389,0.048024691358024695,True,0.0,False,5.0,uniform
0.35455349248452694,0.3534100974313552,1.0,0.5222513089005235,gaussian_noise,SKAB,fold_5,123,4,3,3,0.5,avg_negative_log,10,0.01,0.9,,225,36,389,0.048024691358024695,True,0.0,False,5.0,uniform
0.35455349248452694,0.3534100974313552,1.0,0.5222513089005235,original,SKAB,fold_5,2026,4,3,3,0.5,avg_negative_log,10,0.01,0.9,,225,36,389,0.048024691358024695,True,0.0,False,5.0,uniform
0.35455349248452694,0.3534100974313552,1.0,0.5222513089005235,gaussian_noise,SKAB,fold_5,2026,4,3,3,0.5,avg_negative_log,10,0.01,0.9,,225,36,389,0.048024691358024695,True,0.0,False,5.0,uniform
0.35455349248452694,0.3534100974313552,1.0,0.5222513089005235,original,SKAB,fold_5,7,4,3,3,0.5,avg_negative_log,10,0.01,0.9,,225,36,389,0.048024691358024695,True,0.0,False,5.0,uniform
0.35455349248452694,0.3534100974313552,1.0,0.5222513089005235,gaussian_noise,SKAB,fold_5,7,4,3,3,0.5,avg_negative_log,10,0.01,0.9,,225,36,389,0.048024691358024695,True,0.0,False,5.0,uniform
0.35455349248452694,0.3534100974313552,1.0,0.5222513089005235,original,SKAB,fold_5,999,4,3,3,0.5,avg_negative_log,10,0.01,0.9,,225,36,389,0.048024691358024695,True,0.0,False,5.0,uniform
0.35455349248452694,0.3534100974313552,1.0,0.5222513089005235,gaussian_noise,SKAB,fold_5,999,4,3,3,0.5,avg_negative_log,10,0.01,0.9,,225,36,389,0.048024691358024695,True,0.0,False,5.0,uniform
0.6090828138913624,0.4773809523809524,1.0,0.6462530217566479,original,SKAB,fold_1,42,4,3,3,0.5,avg_negative_log,10,0.05,0.9,,225,35,400,0.050793650793650794,True,0.0,False,5.0,uniform
0.6090828138913624,0.4773809523809524,1.0,0.6462530217566479,gaussian_noise,SKAB,fold_1,42,4,3,3,0.5,avg_negative_log,10,0.05,0.9,,225,35,400,0.050793650793650794,True,0.0,False,5.0,uniform
0.6090828138913624,0.4773809523809524,1.0,0.6462530217566479,original,SKAB,fold_1,123,4,3,3,0.5,avg_negative_log,10,0.05,0.9,,225,35,400,0.050793650793650794,True,0.0,False,5.0,uniform
0.6090828138913624,0.4773809523809524,1.0,0.6462530217566479,gaussian_noise,SKAB,fold_1,123,4,3,3,0.5,avg_negative_log,10,0.05,0.9,,225,35,400,0.050793650793650794,True,0.0,False,5.0,uniform
0.6090828138913624,0.4773809523809524,1.0,0.6462530217566479,original,SKAB,fold_1,2026,4,3,3,0.5,avg_negative_log,10,0.05,0.9,,225,35,400,0.050793650793650794,True,0.0,False,5.0,uniform
0.6090828138913624,0.4773809523809524,1.0,0.6462530217566479,gaussian_noise,SKAB,fold_1,2026,4,3,3,0.5,avg_negative_log,10,0.05,0.9,,225,35,400,0.050793650793650794,True,0.0,False,5.0,uniform
0.6090828138913624,0.4773809523809524,1.0,0.6462530217566479,original,SKAB,fold_1,7,4,3,3,0.5,avg_negative_log,10,0.05,0.9,,225,35,400,0.050793650793650794,True,0.0,False,5.0,uniform
0.6090828138913624,0.4773809523809524,1.0,0.6462530217566479,gaussian_noise,SKAB,fold_1,7,4,3,3,0.5,avg_negative_log,10,0.05,0.9,,225,35,400,0.050793650793650794,True,0.0,False,5.0,uniform
0.6090828138913624,0.4773809523809524,1.0,0.6462530217566479,original,SKAB,fold_1,999,4,3,3,0.5,avg_negative_log,10,0.05,0.9,,225,35,400,0.050793650793650794,True,0.0,False,5.0,uniform
0.6090828138913624,0.4773809523809524,1.0,0.6462530217566479,gaussian_noise,SKAB,fold_1,999,4,3,3,0.5,avg_negative_log,10,0.05,0.9,,225,35,400,0.050793650793650794,True,0.0,False,5.0,uniform
0.6112600536193029,0.48028673835125446,1.0,0.648910411622276,original,SKAB,fold_2,42,4,3,3,0.5,avg_negative_log,10,0.05,0.9,,234,34,438,0.05505279034690799,True,0.0,False,5.0,uniform
0.6112600536193029,0.48028673835125446,1.0,0.648910411622276,gaussian_noise,SKAB,fold_2,42,4,3,3,0.5,avg_negative_log,10,0.05,0.9,,234,34,438,0.05505279034690799,True,0.0,False,5.0,uniform
0.6112600536193029,0.48028673835125446,1.0,0.648910411622276,original,SKAB,fold_2,123,4,3,3,0.5,avg_negative_log,10,0.05,0.9,,234,34,438,0.05505279034690799,True,0.0,False,5.0,uniform
0.6112600536193029,0.48028673835125446,1.0,0.648910411622276,gaussian_noise,SKAB,fold_2,123,4,3,3,0.5,avg_negative_log,10,0.05,0.9,,234,34,438,0.05505279034690799,True,0.0,False,5.0,uniform
0.6112600536193029,0.48028673835125446,1.0,0.648910411622276,original,SKAB,fold_2,2026,4,3,3,0.5,avg_negative_log,10,0.05,0.9,,234,34,438,0.05505279034690799,True,0.0,False,5.0,uniform
0.6112600536193029,0.48028673835125446,1.0,0.648910411622276,gaussian_noise,SKAB,fold_2,2026,4,3,3,0.5,avg_negative_log,10,0.05,0.9,,234,34,438,0.05505279034690799,True,0.0,False,5.0,uniform
0.6112600536193029,0.48028673835125446,1.0,0.648910411622276,original,SKAB,fold_2,7,4,3,3,0.5,avg_negative_log,10,0.05,0.9,,234,34,438,0.05505279034690799,True,0.0,False,5.0,uniform
0.6112600536193029,0.48028673835125446,1.0,0.648910411622276,gaussian_noise,SKAB,fold_2,7,4,3,3,0.5,avg_negative_log,10,0.05,0.9,,234,34,438,0.05505279034690799,True,0.0,False,5.0,uniform
0.6112600536193029,0.48028673835125446,1.0,0.648910411622276,original,SKAB,fold_2,999,4,3,3,0.5,avg_negative_log,10,0.05,0.9,,234,34,438,0.05505279034690799,True,0.0,False,5.0,uniform
0.6112600536193029,0.48028673835125446,1.0,0.648910411622276,gaussian_noise,SKAB,fold_2,999,4,3,3,0.5,avg_negative_log,10,0.05,0.9,,234,34,438,0.05505279034690799,True,0.0,False,5.0,uniform
0.5853440571939231,0.4623406720741599,1.0,0.6323296354992076,original,SKAB,fold_3,42,4,3,3,0.5,avg_negative_log,10,0.05,0.9,,243,37,440,0.048937826715604496,True,0.0,False,5.0,uniform
0.5853440571939231,0.4623406720741599,1.0,0.6323296354992076,gaussian_noise,SKAB,fold_3,42,4,3,3,0.5,avg_negative_log,10,0.05,0.9,,243,37,440,0.048937826715604496,True,0.0,False,5.0,uniform
0.5853440571939231,0.4623406720741599,1.0,0.6323296354992076,original,SKAB,fold_3,123,4,3,3,0.5,avg_negative_log,10,0.05,0.9,,243,37,440,0.048937826715604496,True,0.0,False,5.0,uniform
0.5853440571939231,0.4623406720741599,1.0,0.6323296354992076,gaussian_noise,SKAB,fold_3,123,4,3,3,0.5,avg_negative_log,10,0.05,0.9,,243,37,440,0.048937826715604496,True,0.0,False,5.0,uniform
0.5853440571939231,0.4623406720741599,1.0,0.6323296354992076,original,SKAB,fold_3,2026,4,3,3,0.5,avg_negative_log,10,0.05,0.9,,243,37,440,0.048937826715604496,True,0.0,False,5.0,uniform
0.5853440571939231,0.4623406720741599,1.0,0.6323296354992076,gaussian_noise,SKAB,fold_3,2026,4,3,3,0.5,avg_negative_log,10,0.05,0.9,,243,37,440,0.048937826715604496,True,0.0,False,5.0,uniform
0.5853440571939231,0.4623406720741599,1.0,0.6323296354992076,original,SKAB,fold_3,7,4,3,3,0.5,avg_negative_log,10,0.05,0.9,,243,37,440,0.048937826715604496,True,0.0,False,5.0,uniform
0.5853440571939231,0.4623406720741599,1.0,0.6323296354992076,gaussian_noise,SKAB,fold_3,7,4,3,3,0.5,avg_negative_log,10,0.05,0.9,,243,37,440,0.048937826715604496,True,0.0,False,5.0,uniform
0.5853440571939231,0.4623406720741599,1.0,0.6323296354992076,original,SKAB,fold_3,999,4,3,3,0.5,avg_negative_log,10,0.05,0.9,,243,37,440,0.048937826715604496,True,0.0,False,5.0,uniform
0.5853440571939231,0.4623406720741599,1.0,0.6323296354992076,gaussian_noise,SKAB,fold_3,999,4,3,3,0.5,avg_negative_log,10,0.05,0.9,,243,37,440,0.048937826715604496,True,0.0,False,5.0,uniform
0.11594202898550725,0.1519903498190591,0.3157894736842105,0.20521172638436483,original,SKAB,fold_4,42,4,3,3,0.5,avg_negative_log,10,0.05,0.9,,241,36,449,0.05175195942830797,True,0.0,False,5.0,uniform
0.11594202898550725,0.1519903498190591,0.3157894736842105,0.20521172638436483,gaussian_noise,SKAB,fold_4,42,4,3,3,0.5,avg_negative_log,10,0.05,0.9,,241,36,449,0.05175195942830797,True,0.0,False,5.0,uniform
0.11594202898550725,0.1519903498190591,0.3157894736842105,0.20521172638436483,original,SKAB,fold_4,123,4,3,3,0.5,avg_negative_log,10,0.05,0.9,,241,36,449,0.05175195942830797,True,0.0,False,5.0,uniform
0.11594202898550725,0.1519903498190591,0.3157894736842105,0.20521172638436483,gaussian_noise,SKAB,fold_4,123,4,3,3,0.5,avg_negative_log,10,0.05,0.9,,241,36,449,0.05175195942830797,True,0.0,False,5.0,uniform
0.11594202898550725,0.1519903498190591,0.3157894736842105,0.20521172638436483,original,SKAB,fold_4,2026,4,3,3,0.5,avg_negative_log,10,0.05,0.9,,241,36,449,0.05175195942830797,True,0.0,False,5.0,uniform
0.11594202898550725,0.1519903498190591,0.3157894736842105,0.20521172638436483,gaussian_noise,SKAB,fold_4,2026,4,3,3,0.5,avg_negative_log,10,0.05,0.9,,241,36,449,0.05175195942830797,True,0.0,False,5.0,uniform
0.11594202898550725,0.1519903498190591,0.3157894736842105,0.20521172638436483,original,SKAB,fold_4,7,4,3,3,0.5,avg_negative_log,10,0.05,0.9,,241,36,449,0.05175195942830797,True,0.0,False,5.0,uniform
0.11594202898550725,0.1519903498190591,0.3157894736842105,0.20521172638436483,gaussian_noise,SKAB,fold_4,7,4,3,3,0.5,avg_negative_log,10,0.05,0.9,,241,36,449,0.05175195942830797,True,0.0,False,5.0,uniform
0.11594202898550725,0.1519903498190591,0.3157894736842105,0.20521172638436483,original,SKAB,fold_4,999,4,3,3,0.5,avg_negative_log,10,0.05,0.9,,241,36,449,0.05175195942830797,True,0.0,False,5.0,uniform
0.11594202898550725,0.1519903498190591,0.3157894736842105,0.20521172638436483,gaussian_noise,SKAB,fold_4,999,4,3,3,0.5,avg_negative_log,10,0.05,0.9,,241,36,449,0.05175195942830797,True,0.0,False,5.0,uniform
0.4367816091954023,0.38513513513513514,1.0,0.5560975609756098,original,SKAB,fold_5,42,4,3,3,0.5,avg_negative_log,10,0.05,0.9,,225,36,389,0.048024691358024695,True,0.0,False,5.0,uniform
0.4350132625994695,0.38372093023255816,0.9924812030075187,0.5534591194968553,gaussian_noise,SKAB,fold_5,42,4,3,3,0.5,avg_negative_log,10,0.05,0.9,,225,36,389,0.048024691358024695,True,0.0,False,5.0,uniform
0.4367816091954023,0.38513513513513514,1.0,0.5560975609756098,original,SKAB,fold_5,123,4,3,3,0.5,avg_negative_log,10,0.05,0.9,,225,36,389,0.048024691358024695,True,0.0,False,5.0,uniform
0.4385499557913351,0.3858800773694391,1.0,0.5568736915561758,gaussian_noise,SKAB,fold_5,123,4,3,3,0.5,avg_negative_log,10,0.05,0.9,,225,36,389,0.048024691358024695,True,0.0,False,5.0,uniform
0.4367816091954023,0.38513513513513514,1.0,0.5560975609756098,original,SKAB,fold_5,2026,4,3,3,0.5,avg_negative_log,10,0.05,0.9,,225,36,389,0.048024691358024695,True,0.0,False,5.0,uniform
0.4367816091954023,0.38513513513513514,1.0,0.5560975609756098,gaussian_noise,SKAB,fold_5,2026,4,3,3,0.5,avg_negative_log,10,0.05,0.9,,225,36,389,0.048024691358024695,True,0.0,False,5.0,uniform
0.4367816091954023,0.38513513513513514,1.0,0.5560975609756098,original,SKAB,fold_5,7,4,3,3,0.5,avg_negative_log,10,0.05,0.9,,225,36,389,0.048024691358024695,True,0.0,False,5.0,uniform
0.42793987621573826,0.381453154875717,1.0,0.5522491349480969,gaussian_noise,SKAB,fold_5,7,4,3,3,0.5,avg_negative_log,10,0.05,0.9,,225,36,389,0.048024691358024695,True,0.0,False,5.0,uniform
0.4367816091954023,0.38513513513513514,1.0,0.5560975609756098,original,SKAB,fold_5,999,4,3,3,0.5,avg_negative_log,10,0.05,0.9,,225,36,389,0.048024691358024695,True,0.0,False,5.0,uniform
0.43412908930150307,0.3831231813773036,0.9899749373433584,0.5524475524475524,gaussian_noise,SKAB,fold_5,999,4,3,3,0.5,avg_negative_log,10,0.05,0.9,,225,36,389,0.048024691358024695,True,0.0,False,5.0,uniform
0.4764024933214604,0.26208651399491095,0.256857855361596,0.2594458438287154,original,SKAB,fold_1,42,4,3,3,0.5,avg_negative_log,10,0.1054,0.9,,225,35,400,0.050793650793650794,True,0.0,False,5.0,uniform
0.4826357969723954,0.275,0.2743142144638404,0.2746566791510612,gaussian_noise,SKAB,fold_1,42,4,3,3,0.5,avg_negative_log,10,0.1054,0.9,,225,35,400,0.050793650793650794,True,0.0,False,5.0,uniform
0.4764024933214604,0.26208651399491095,0.256857855361596,0.2594458438287154,original,SKAB,fold_1,123,4,3,3,0.5,avg_negative_log,10,0.1054,0.9,,225,35,400,0.050793650793650794,True,0.0,False,5.0,uniform
0.4719501335707925,0.25257731958762886,0.24438902743142144,0.24841571609632446,gaussian_noise,SKAB,fold_1,123,4,3,3,0.5,avg_negative_log,10,0.1054,0.9,,225,35,400,0.050793650793650794,True,0.0,False,5.0,uniform
0.4764024933214604,0.26208651399491095,0.256857855361596,0.2594458438287154,original,SKAB,fold_1,2026,4,3,3,0.5,avg_negative_log,10,0.1054,0.9,,225,35,400,0.050793650793650794,True,0.0,False,5.0,uniform
0.4755120213713268,0.2602040816326531,0.2543640897755611,0.2572509457755359,gaussian_noise,SKAB,fold_1,2026,4,3,3,0.5,avg_negative_log,10,0.1054,0.9,,225,35,400,0.050793650793650794,True,0.0,False,5.0,uniform
0.4764024933214604,0.26208651399491095,0.256857855361596,0.2594458438287154,original,SKAB,fold_1,7,4,3,3,0.5,avg_negative_log,10,0.1054,0.9,,225,35,400,0.050793650793650794,True,0.0,False,5.0,uniform
0.4764024933214604,0.26208651399491095,0.256857855361596,0.2594458438287154,gaussian_noise,SKAB,fold_1,7,4,3,3,0.5,avg_negative_log,10,0.1054,0.9,,225,35,400,0.050793650793650794,True,0.0,False,5.0,uniform
0.4764024933214604,0.26208651399491095,0.256857855361596,0.2594458438287154,original,SKAB,fold_1,999,4,3,3,0.5,avg_negative_log,10,0.1054,0.9,,225,35,400,0.050793650793650794,True,0.0,False,5.0,uniform
0.4755120213713268,0.2602040816326531,0.2543640897755611,0.2572509457755359,gaussian_noise,SKAB,fold_1,999,4,3,3,0.5,avg_negative_log,10,0.1054,0.9,,225,35,400,0.050793650793650794,True,0.0,False,5.0,uniform
0.7462019660411081,0.6038732394366197,0.8532338308457711,0.7072164948453609,original,SKAB,fold_2,42,4,3,3,0.5,avg_negative_log,10,0.1054,0.9,,234,34,438,0.05505279034690799,True,0.0,False,5.0,uniform
0.7605004468275246,0.6209386281588448,0.8557213930348259,0.7196652719665272,gaussian_noise,SKAB,fold_2,42,4,3,3,0.5,avg_negative_log,10,0.1054,0.9,,234,34,438,0.05505279034690799,True,0.0,False,5.0,uniform
0.7462019660411081,0.6038732394366197,0.8532338308457711,0.7072164948453609,original,SKAB,fold_2,123,4,3,3,0.5,avg_negative_log,10,0.1054,0.9,,234,34,438,0.05505279034690799,True,0.0,False,5.0,uniform
0.7479892761394102,0.6063829787234043,0.8507462686567164,0.7080745341614907,gaussian_noise,SKAB,fold_2,123,4,3,3,0.5,avg_negative_log,10,0.1054,0.9,,234,34,438,0.05505279034690799,True,0.0,False,5.0,uniform
0.7462019660411081,0.6038732394366197,0.8532338308457711,0.7072164948453609,original,SKAB,fold_2,2026,4,3,3,0.5,avg_negative_log,10,0.1054,0.9,,234,34,438,0.05505279034690799,True,0.0,False,5.0,uniform
0.7453083109919572,0.6006884681583476,0.8681592039800995,0.7100712105798576,gaussian_noise,SKAB,fold_2,2026,4,3,3,0.5,avg_negative_log,10,0.1054,0.9,,234,34,438,0.05505279034690799,True,0.0,False,5.0,uniform
0.7462019660411081,0.6038732394366197,0.8532338308457711,0.7072164948453609,original,SKAB,fold_2,7,4,3,3,0.5,avg_negative_log,10,0.1054,0.9,,234,34,438,0.05505279034690799,True,0.0,False,5.0,uniform
0.7470956210902592,0.6027633851468048,0.8681592039800995,0.7115188583078491,gaussian_noise,SKAB,fold_2,7,4,3,3,0.5,avg_negative_log,10,0.1054,0.9,,234,34,438,0.05505279034690799,True,0.0,False,5.0,uniform
0.7462019660411081,0.6038732394366197,0.8532338308457711,0.7072164948453609,original,SKAB,fold_2,999,4,3,3,0.5,avg_negative_log,10,0.1054,0.9,,234,34,438,0.05505279034690799,True,0.0,False,5.0,uniform
0.7444146559428061,0.6024734982332155,0.8482587064676617,0.7045454545454546,gaussian_noise,SKAB,fold_2,999,4,3,3,0.5,avg_negative_log,10,0.1054,0.9,,234,34,438,0.05505279034690799,True,0.0,False,5.0,uniform
0.6148346738159071,0.47315436241610737,0.706766917293233,0.5668341708542713,original,SKAB,fold_3,42,4,3,3,0.5,avg_negative_log,10,0.1054,0.9,,243,37,440,0.048937826715604496,True,0.0,False,5.0,uniform
0.6175156389633601,0.47554806070826305,0.706766917293233,0.5685483870967742,gaussian_noise,SKAB,fold_3,42,4,3,3,0.5,avg_negative_log,10,0.1054,0.9,,243,37,440,0.048937826715604496,True,0.0,False,5.0,uniform
0.6148346738159071,0.47315436241610737,0.706766917293233,0.5668341708542713,original,SKAB,fold_3,123,4,3,3,0.5,avg_negative_log,10,0.1054,0.9,,243,37,440,0.048937826715604496,True,0.0,False,5.0,uniform
0.6014298480786416,0.4619124797406807,0.7142857142857143,0.5610236220472441,gaussian_noise,SKAB,fold_3,123,4,3,3,0.5,avg_negative_log,10,0.1054,0.9,,243,37,440,0.048937826715604496,True,0.0,False,5.0,uniform
0.6148346738159071,0.47315436241610737,0.706766917293233,0.5668341708542713,original,SKAB,fold_3,2026,4,3,3,0.5,avg_negative_log,10,0.1054,0.9,,243,37,440,0.048937826715604496,True,0.0,False,5.0,uniform
0.6210902591599643,0.4799357945425361,0.7493734335839599,0.5851272015655578,gaussian_noise,SKAB,fold_3,2026,4,3,3,0.5,avg_negative_log,10,0.1054,0.9,,243,37,440,0.048937826715604496,True,0.0,False,5.0,uniform
0.6148346738159071,0.47315436241610737,0.706766917293233,0.5668341708542713,original,SKAB,fold_3,7,4,3,3,0.5,avg_negative_log,10,0.1054,0.9,,243,37,440,0.048937826715604496,True,0.0,False,5.0,uniform
0.6291331546023236,0.4871382636655949,0.7593984962406015,0.5935357492654261,gaussian_noise,SKAB,fold_3,7,4,3,3,0.5,avg_negative_log,10,0.1054,0.9,,243,37,440,0.048937826715604496,True,0.0,False,5.0,uniform
0.6148346738159071,0.47315436241610737,0.706766917293233,0.5668341708542713,original,SKAB,fold_3,999,4,3,3,0.5,avg_negative_log,10,0.1054,0.9,,243,37,440,0.048937826715604496,True,0.0,False,5.0,uniform
0.613941018766756,0.4730831973898858,0.7268170426065163,0.5731225296442688,gaussian_noise,SKAB,fold_3,999,4,3,3,0.5,avg_negative_log,10,0.1054,0.9,,243,37,440,0.048937826715604496,True,0.0,False,5.0,uniform
0.322463768115942,0.18330308529945555,0.2531328320802005,0.21263157894736842,original,SKAB,fold_4,42,4,3,3,0.5,avg_negative_log,10,0.1054,0.9,,241,36,449,0.05175195942830797,True,0.0,False,5.0,uniform
0.29438405797101447,0.15703971119133575,0.21804511278195488,0.1825813221406086,gaussian_noise,SKAB,fold_4,42,4,3,3,0.5,avg_negative_log,10,0.1054,0.9,,241,36,449,0.05175195942830797,True,0.0,False,5.0,uniform
0.322463768115942,0.18330308529945555,0.2531328320802005,0.21263157894736842,original,SKAB,fold_4,123,4,3,3,0.5,avg_negative_log,10,0.1054,0.9,,241,36,449,0.05175195942830797,True,0.0,False,5.0,uniform
0.29891304347826086,0.15722120658135283,0.21553884711779447,0.18181818181818182,gaussian_noise,SKAB,fold_4,123,4,3,3,0.5,avg_negative_log,10,0.1054,0.9,,241,36,449,0.05175195942830797,True,0.0,False,5.0,uniform
0.322463768115942,0.18330308529945555,0.2531328320802005,0.21263157894736842,original,SKAB,fold_4,2026,4,3,3,0.5,avg_negative_log,10,0.1054,0.9,,241,36,449,0.05175195942830797,True,0.0,False,5.0,uniform
0.296195652173913,0.15760869565217392,0.21804511278195488,0.1829652996845426,gaussian_noise,SKAB,fold_4,2026,4,3,3,0.5,avg_negative_log,10,0.1054,0.9,,241,36,449,0.05175195942830797,True,0.0,False,5.0,uniform
0.322463768115942,0.18330308529945555,0.2531328320802005,0.21263157894736842,original,SKAB,fold_4,7,4,3,3,0.5,avg_negative_log,10,0.1054,0.9,,241,36,449,0.05175195942830797,True,0.0,False,5.0,uniform
0.33242753623188404,0.18703703703703703,0.2531328320802005,0.21512247071352503,gaussian_noise,SKAB,fold_4,7,4,3,3,0.5,avg_negative_log,10,0.1054,0.9,,241,36,449,0.05175195942830797,True,0.0,False,5.0,uniform
0.322463768115942,0.18330308529945555,0.2531328320802005,0.21263157894736842,original,SKAB,fold_4,999,4,3,3,0.5,avg_negative_log,10,0.1054,0.9,,241,36,449,0.05175195942830797,True,0.0,False,5.0,uniform
0.3016304347826087,0.17708333333333334,0.2556390977443609,0.20923076923076922,gaussian_noise,SKAB,fold_4,999,4,3,3,0.5,avg_negative_log,10,0.1054,0.9,,241,36,449,0.05175195942830797,True,0.0,False,5.0,uniform
0.5658709106984969,0.44831460674157303,1.0,0.6190845616757176,original,SKAB,fold_5,42,4,3,3,0.5,avg_negative_log,10,0.1054,0.9,,225,36,389,0.048024691358024695,True,0.0,False,5.0,uniform
0.5517241379310345,0.44,0.9924812030075187,0.6096997690531177,gaussian_noise,SKAB,fold_5,42,4,3,3,0.5,avg_negative_log,10,0.1054,0.9,,225,36,389,0.048024691358024695,True,0.0,False,5.0,uniform
0.5658709106984969,0.44831460674157303,1.0,0.6190845616757176,original,SKAB,fold_5,123,4,3,3,0.5,avg_negative_log,10,0.1054,0.9,,225,36,389,0.048024691358024695,True,0.0,False,5.0,uniform
0.5694076038903625,0.4503386004514673,1.0,0.621011673151751,gaussian_noise,SKAB,fold_5,123,4,3,3,0.5,avg_negative_log,10,0.1054,0.9,,225,36,389,0.048024691358024695,True,0.0,False,5.0,uniform
0.5658709106984969,0.44831460674157303,1.0,0.6190845616757176,original,SKAB,fold_5,2026,4,3,3,0.5,avg_negative_log,10,0.1054,0.9,,225,36,389,0.048024691358024695,True,0.0,False,5.0,uniform
0.5738284703801945,0.452894438138479,1.0,0.6234375,gaussian_noise,SKAB,fold_5,2026,4,3,3,0.5,avg_negative_log,10,0.1054,0.9,,225,36,389,0.048024691358024695,True,0.0,False,5.0,uniform
0.5658709106984969,0.44831460674157303,1.0,0.6190845616757176,original,SKAB,fold_5,7,4,3,3,0.5,avg_negative_log,10,0.1054,0.9,,225,36,389,0.048024691358024695,True,0.0,False,5.0,uniform
0.5534924845269673,0.4413716814159292,1.0,0.612432847275518,gaussian_noise,SKAB,fold_5,7,4,3,3,0.5,avg_negative_log,10,0.1054,0.9,,225,36,389,0.048024691358024695,True,0.0,False,5.0,uniform
0.5658709106984969,0.44831460674157303,1.0,0.6190845616757176,original,SKAB,fold_5,999,4,3,3,0.5,avg_negative_log,10,0.1054,0.9,,225,36,389,0.048024691358024695,True,0.0,False,5.0,uniform
0.5596816976127321,0.44431946006749157,0.9899749373433584,0.6133540372670807,gaussian_noise,SKAB,fold_5,999,4,3,3,0.5,avg_negative_log,10,0.1054,0.9,,225,36,389,0.048024691358024695,True,0.0,False,5.0,uniform
0.703472840605521,0.765625,0.24438902743142144,0.3705103969754253,original,SKAB,fold_1,42,4,3,3,0.5,avg_negative_log,10,0.2231,0.9,,225,35,400,0.050793650793650794,True,0.0,False,5.0,uniform
0.6963490650044524,0.7,0.26184538653366585,0.3811252268602541,gaussian_noise,SKAB,fold_1,42,4,3,3,0.5,avg_negative_log,10,0.2231,0.9,,225,35,400,0.050793650793650794,True,0.0,False,5.0,uniform
0.703472840605521,0.765625,0.24438902743142144,0.3705103969754253,original,SKAB,fold_1,123,4,3,3,0.5,avg_negative_log,10,0.2231,0.9,,225,35,400,0.050793650793650794,True,0.0,False,5.0,uniform
0.699020480854853,0.7560975609756098,0.23192019950124687,0.3549618320610687,gaussian_noise,SKAB,fold_1,123,4,3,3,0.5,avg_negative_log,10,0.2231,0.9,,225,35,400,0.050793650793650794,True,0.0,False,5.0,uniform
0.703472840605521,0.765625,0.24438902743142144,0.3705103969754253,original,SKAB,fold_1,2026,4,3,3,0.5,avg_negative_log,10,0.2231,0.9,,225,35,400,0.050793650793650794,True,0.0,False,5.0,uniform
0.678539626001781,0.6282051282051282,0.24438902743142144,0.3518850987432675,gaussian_noise,SKAB,fold_1,2026,4,3,3,0.5,avg_negative_log,10,0.2231,0.9,,225,35,400,0.050793650793650794,True,0.0,False,5.0,uniform
0.703472840605521,0.765625,0.24438902743142144,0.3705103969754253,original,SKAB,fold_1,7,4,3,3,0.5,avg_negative_log,10,0.2231,0.9,,225,35,400,0.050793650793650794,True,0.0,False,5.0,uniform
0.6901157613535174,0.6853146853146853,0.24438902743142144,0.3602941176470588,gaussian_noise,SKAB,fold_1,7,4,3,3,0.5,avg_negative_log,10,0.2231,0.9,,225,35,400,0.050793650793650794,True,0.0,False,5.0,uniform
0.703472840605521,0.765625,0.24438902743142144,0.3705103969754253,original,SKAB,fold_1,999,4,3,3,0.5,avg_negative_log,10,0.2231,0.9,,225,35,400,0.050793650793650794,True,0.0,False,5.0,uniform
0.7008014247551202,0.76,0.23690773067331672,0.3612167300380228,gaussian_noise,SKAB,fold_1,999,4,3,3,0.5,avg_negative_log,10,0.2231,0.9,,225,35,400,0.050793650793650794,True,0.0,False,5.0,uniform
0.7497765862377123,0.6113138686131386,0.8333333333333334,0.7052631578947368,original,SKAB,fold_2,42,4,3,3,0.5,avg_negative_log,10,0.2231,0.9,,234,34,438,0.05505279034690799,True,0.0,False,5.0,uniform
0.7631814119749777,0.62708719851577,0.8407960199004975,0.718384697130712,gaussian_noise,SKAB,fold_2,42,4,3,3,0.5,avg_negative_log,10,0.2231,0.9,,234,34,438,0.05505279034690799,True,0.0,False,5.0,uniform
0.7497765862377123,0.6113138686131386,0.8333333333333334,0.7052631578947368,original,SKAB,fold_2,123,4,3,3,0.5,avg_negative_log,10,0.2231,0.9,,234,34,438,0.05505279034690799,True,0.0,False,5.0,uniform
0.7551385165326184,0.6167883211678832,0.8407960199004975,0.7115789473684211,gaussian_noise,SKAB,fold_2,123,4,3,3,0.5,avg_negative_log,10,0.2231,0.9,,234,34,438,0.05505279034690799,True,0.0,False,5.0,uniform
0.7497765862377123,0.6113138686131386,0.8333333333333334,0.7052631578947368,original,SKAB,fold_2,2026,4,3,3,0.5,avg_negative_log,10,0.2231,0.9,,234,34,438,0.05505279034690799,True,0.0,False,5.0,uniform
0.7497765862377123,0.6081560283687943,0.8532338308457711,0.7101449275362319,gaussian_noise,SKAB,fold_2,2026,4,3,3,0.5,avg_negative_log,10,0.2231,0.9,,234,34,438,0.05505279034690799,True,0.0,False,5.0,uniform
0.7497765862377123,0.6113138686131386,0.8333333333333334,0.7052631578947368,original,SKAB,fold_2,7,4,3,3,0.5,avg_negative_log,10,0.2231,0.9,,234,34,438,0.05505279034690799,True,0.0,False,5.0,uniform
0.7524575513851653,0.6118067978533095,0.8507462686567164,0.7117585848074922,gaussian_noise,SKAB,fold_2,7,4,3,3,0.5,avg_negative_log,10,0.2231,0.9,,234,34,438,0.05505279034690799,True,0.0,False,5.0,uniform
0.7497765862377123,0.6113138686131386,0.8333333333333334,0.7052631578947368,original,SKAB,fold_2,999,4,3,3,0.5,avg_negative_log,10,0.2231,0.9,,234,34,438,0.05505279034690799,True,0.0,False,5.0,uniform
0.7488829311885612,0.6106032906764168,0.8308457711442786,0.7038988408851422,gaussian_noise,SKAB,fold_2,999,4,3,3,0.5,avg_negative_log,10,0.2231,0.9,,234,34,438,0.05505279034690799,True,0.0,False,5.0,uniform
0.610366398570152,0.46815834767641995,0.681704260651629,0.5551020408163265,original,SKAB,fold_3,42,4,3,3,0.5,avg_negative_log,10,0.2231,0.9,,243,37,440,0.048937826715604496,True,0.0,False,5.0,uniform
0.613941018766756,0.4712041884816754,0.6766917293233082,0.5555555555555556,gaussian_noise,SKAB,fold_3,42,4,3,3,0.5,avg_negative_log,10,0.2231,0.9,,243,37,440,0.048937826715604496,True,0.0,False,5.0,uniform
0.610366398570152,0.46815834767641995,0.681704260651629,0.5551020408163265,original,SKAB,fold_3,123,4,3,3,0.5,avg_negative_log,10,0.2231,0.9,,243,37,440,0.048937826715604496,True,0.0,False,5.0,uniform
0.5969615728328865,0.45666666666666667,0.6867167919799498,0.5485485485485485,gaussian_noise,SKAB,fold_3,123,4,3,3,0.5,avg_negative_log,10,0.2231,0.9,,243,37,440,0.048937826715604496,True,0.0,False,5.0,uniform
0.610366398570152,0.46815834767641995,0.681704260651629,0.5551020408163265,original,SKAB,fold_3,2026,4,3,3,0.5,avg_negative_log,10,0.2231,0.9,,243,37,440,0.048937826715604496,True,0.0,False,5.0,uniform
0.613941018766756,0.4727272727272727,0.7167919799498746,0.5697211155378487,gaussian_noise,SKAB,fold_3,2026,4,3,3,0.5,avg_negative_log,10,0.2231,0.9,,243,37,440,0.048937826715604496,True,0.0,False,5.0,uniform
0.610366398570152,0.46815834767641995,0.681704260651629,0.5551020408163265,original,SKAB,fold_3,7,4,3,3,0.5,avg_negative_log,10,0.2231,0.9,,243,37,440,0.048937826715604496,True,0.0,False,5.0,uniform
0.6264521894548705,0.4842454394693201,0.731829573934837,0.5828343313373253,gaussian_noise,SKAB,fold_3,7,4,3,3,0.5,avg_negative_log,10,0.2231,0.9,,243,37,440,0.048937826715604496,True,0.0,False,5.0,uniform
0.610366398570152,0.46815834767641995,0.681704260651629,0.5551020408163265,original,SKAB,fold_3,999,4,3,3,0.5,avg_negative_log,10,0.2231,0.9,,243,37,440,0.048937826715604496,True,0.0,False,5.0,uniform
0.6076854334226989,0.4663299663299663,0.6942355889724311,0.5579053373615307,gaussian_noise,SKAB,fold_3,999,4,3,3,0.5,avg_negative_log,10,0.2231,0.9,,243,37,440,0.048937826715604496,True,0.0,False,5.0,uniform
0.3269927536231884,0.17547169811320754,0.23308270676691728,0.20021528525296017,original,SKAB,fold_4,42,4,3,3,0.5,avg_negative_log,10,0.2231,0.9,,241,36,449,0.05175195942830797,True,0.0,False,5.0,uniform
0.302536231884058,0.15327102803738318,0.20551378446115287,0.17558886509635974,gaussian_noise,SKAB,fold_4,42,4,3,3,0.5,avg_negative_log,10,0.2231,0.9,,241,36,449,0.05175195942830797,True,0.0,False,5.0,uniform
0.3269927536231884,0.17547169811320754,0.23308270676691728,0.20021528525296017,original,SKAB,fold_4,123,4,3,3,0.5,avg_negative_log,10,0.2231,0.9,,241,36,449,0.05175195942830797,True,0.0,False,5.0,uniform
0.3061594202898551,0.15311909262759923,0.20300751879699247,0.17456896551724138,gaussian_noise,SKAB,fold_4,123,4,3,3,0.5,avg_negative_log,10,0.2231,0.9,,241,36,449,0.05175195942830797,True,0.0,False,5.0,uniform
0.3269927536231884,0.17547169811320754,0.23308270676691728,0.20021528525296017,original,SKAB,fold_4,2026,4,3,3,0.5,avg_negative_log,10,0.2231,0.9,,241,36,449,0.05175195942830797,True,0.0,False,5.0,uniform
0.30344202898550726,0.15355805243445692,0.20551378446115287,0.1757770632368703,gaussian_noise,SKAB,fold_4,2026,4,3,3,0.5,avg_negative_log,10,0.2231,0.9,,241,36,449,0.05175195942830797,True,0.0,False,5.0,uniform
0.3269927536231884,0.17547169811320754,0.23308270676691728,0.20021528525296017,original,SKAB,fold_4,7,4,3,3,0.5,avg_negative_log,10,0.2231,0.9,,241,36,449,0.05175195942830797,True,0.0,False,5.0,uniform
0.3351449275362319,0.17726396917148363,0.23057644110275688,0.20043572984749455,gaussian_noise,SKAB,fold_4,7,4,3,3,0.5,avg_negative_log,10,0.2231,0.9,,241,36,449,0.05175195942830797,True,0.0,False,5.0,uniform
0.3269927536231884,0.17547169811320754,0.23308270676691728,0.20021528525296017,original,SKAB,fold_4,999,4,3,3,0.5,avg_negative_log,10,0.2231,0.9,,241,36,449,0.05175195942830797,True,0.0,False,5.0,uniform
0.3061594202898551,0.16817359855334538,0.23308270676691728,0.1953781512605042,gaussian_noise,SKAB,fold_4,999,4,3,3,0.5,avg_negative_log,10,0.2231,0.9,,241,36,449,0.05175195942830797,True,0.0,False,5.0,uniform
0.5773651635720601,0.4547537227949599,0.9949874686716792,0.6242138364779874,original,SKAB,fold_5,42,4,3,3,0.5,avg_negative_log,10,0.2231,0.9,,225,36,389,0.048024691358024695,True,0.0,False,5.0,uniform
0.5658709106984969,0.44772727272727275,0.9874686716791979,0.616106333072713,gaussian_noise,SKAB,fold_5,42,4,3,3,0.5,avg_negative_log,10,0.2231,0.9,,225,36,389,0.048024691358024695,True,0.0,False,5.0,uniform
0.5773651635720601,0.4547537227949599,0.9949874686716792,0.6242138364779874,original,SKAB,fold_5,123,4,3,3,0.5,avg_negative_log,10,0.2231,0.9,,225,36,389,0.048024691358024695,True,0.0,False,5.0,uniform
0.5685234305923961,0.447831184056272,0.9573934837092731,0.610223642172524,gaussian_noise,SKAB,fold_5,123,4,3,3,0.5,avg_negative_log,10,0.2231,0.9,,225,36,389,0.048024691358024695,True,0.0,False,5.0,uniform
0.5773651635720601,0.4547537227949599,0.9949874686716792,0.6242138364779874,original,SKAB,fold_5,2026,4,3,3,0.5,avg_negative_log,10,0.2231,0.9,,225,36,389,0.048024691358024695,True,0.0,False,5.0,uniform
0.583554376657825,0.45842956120092376,0.9949874686716792,0.6276679841897234,gaussian_noise,SKAB,fold_5,2026,4,3,3,0.5,avg_negative_log,10,0.2231,0.9,,225,36,389,0.048024691358024695,True,0.0,False,5.0,uniform
0.5773651635720601,0.4547537227949599,0.9949874686716792,0.6242138364779874,original,SKAB,fold_5,7,4,3,3,0.5,avg_negative_log,10,0.2231,0.9,,225,36,389,0.048024691358024695,True,0.0,False,5.0,uniform
0.5596816976127321,0.443557582668187,0.974937343358396,0.609717868338558,gaussian_noise,SKAB,fold_5,7,4,3,3,0.5,avg_negative_log,10,0.2231,0.9,,225,36,389,0.048024691358024695,True,0.0,False,5.0,uniform
0.5773651635720601,0.4547537227949599,0.9949874686716792,0.6242138364779874,original,SKAB,fold_5,999,4,3,3,0.5,avg_negative_log,10,0.2231,0.9,,225,36,389,0.048024691358024695,True,0.0,False,5.0,uniform
0.5614500442086648,0.4441887226697353,0.9674185463659147,0.6088328075709779,gaussian_noise,SKAB,fold_5,999,4,3,3,0.5,avg_negative_log,10,0.2231,0.9,,225,36,389,0.048024691358024695,True,0.0,False,5.0,uniform
0.7008014247551202,0.7642276422764228,0.2344139650872818,0.35877862595419846,original,SKAB,fold_1,42,4,3,3,0.5,avg_negative_log,10,0.3567,0.9,,225,35,400,0.050793650793650794,True,0.0,False,5.0,uniform
0.6954585930543188,0.7062937062937062,0.2518703241895262,0.3713235294117647,gaussian_noise,SKAB,fold_1,42,4,3,3,0.5,avg_negative_log,10,0.3567,0.9,,225,35,400,0.050793650793650794,True,0.0,False,5.0,uniform
0.7008014247551202,0.7642276422764228,0.2344139650872818,0.35877862595419846,original,SKAB,fold_1,123,4,3,3,0.5,avg_negative_log,10,0.3567,0.9,,225,35,400,0.050793650793650794,True,0.0,False,5.0,uniform
0.6963490650044524,0.7542372881355932,0.22194513715710723,0.34296724470134876,gaussian_noise,SKAB,fold_1,123,4,3,3,0.5,avg_negative_log,10,0.3567,0.9,,225,35,400,0.050793650793650794,True,0.0,False,5.0,uniform
0.7008014247551202,0.7642276422764228,0.2344139650872818,0.35877862595419846,original,SKAB,fold_1,2026,4,3,3,0.5,avg_negative_log,10,0.3567,0.9,,225,35,400,0.050793650793650794,True,0.0,False,5.0,uniform
0.6776491540516474,0.6308724832214765,0.2344139650872818,0.3418181818181818,gaussian_noise,SKAB,fold_1,2026,4,3,3,0.5,avg_negative_log,10,0.3567,0.9,,225,35,400,0.050793650793650794,True,0.0,False,5.0,uniform
0.7008014247551202,0.7642276422764228,0.2344139650872818,0.35877862595419846,original,SKAB,fold_1,7,4,3,3,0.5,avg_negative_log,10,0.3567,0.9,,225,35,400,0.050793650793650794,True,0.0,False,5.0,uniform
0.6892252894033838,0.6911764705882353,0.2344139650872818,0.3500931098696462,gaussian_noise,SKAB,fold_1,7,4,3,3,0.5,avg_negative_log,10,0.3567,0.9,,225,35,400,0.050793650793650794,True,0.0,False,5.0,uniform
0.7008014247551202,0.7642276422764228,0.2344139650872818,0.35877862595419846,original,SKAB,fold_1,999,4,3,3,0.5,avg_negative_log,10,0.3567,0.9,,225,35,400,0.050793650793650794,True,0.0,False,5.0,uniform
0.6963490650044524,0.7542372881355932,0.22194513715710723,0.34296724470134876,gaussian_noise,SKAB,fold_1,999,4,3,3,0.5,avg_negative_log,10,0.3567,0.9,,225,35,400,0.050793650793650794,True,0.0,False,5.0,uniform
0.7506702412868632,0.6171428571428571,0.8059701492537313,0.6990291262135923,original,SKAB,fold_2,42,4,3,3,0.5,avg_negative_log,10,0.3567,0.9,,234,34,438,0.05505279034690799,True,0.0,False,5.0,uniform
0.7631814119749777,0.6319845857418112,0.8159203980099502,0.7122692725298588,gaussian_noise,SKAB,fold_2,42,4,3,3,0.5,avg_negative_log,10,0.3567,0.9,,234,34,438,0.05505279034690799,True,0.0,False,5.0,uniform
0.7506702412868632,0.6171428571428571,0.8059701492537313,0.6990291262135923,original,SKAB,fold_2,123,4,3,3,0.5,avg_negative_log,10,0.3567,0.9,,234,34,438,0.05505279034690799,True,0.0,False,5.0,uniform
0.7605004468275246,0.6264150943396226,0.8258706467661692,0.7124463519313304,gaussian_noise,SKAB,fold_2,123,4,3,3,0.5,avg_negative_log,10,0.3567,0.9,,234,34,438,0.05505279034690799,True,0.0,False,5.0,uniform
0.7506702412868632,0.6171428571428571,0.8059701492537313,0.6990291262135923,original,SKAB,fold_2,2026,4,3,3,0.5,avg_negative_log,10,0.3567,0.9,,234,34,438,0.05505279034690799,True,0.0,False,5.0,uniform
0.7515638963360143,0.6143911439114391,0.8283582089552238,0.7055084745762712,gaussian_noise,SKAB,fold_2,2026,4,3,3,0.5,avg_negative_log,10,0.3567,0.9,,234,34,438,0.05505279034690799,True,0.0,False,5.0,uniform
0.7506702412868632,0.6171428571428571,0.8059701492537313,0.6990291262135923,original,SKAB,fold_2,7,4,3,3,0.5,avg_negative_log,10,0.3567,0.9,,234,34,438,0.05505279034690799,True,0.0,False,5.0,uniform
0.7578194816800715,0.6224299065420561,0.8283582089552238,0.7107790821771611,gaussian_noise,SKAB,fold_2,7,4,3,3,0.5,avg_negative_log,10,0.3567,0.9,,234,34,438,0.05505279034690799,True,0.0,False,5.0,uniform
0.7506702412868632,0.6171428571428571,0.8059701492537313,0.6990291262135923,original,SKAB,fold_2,999,4,3,3,0.5,avg_negative_log,10,0.3567,0.9,,234,34,438,0.05505279034690799,True,0.0,False,5.0,uniform
0.7506702412868632,0.6171428571428571,0.8059701492537313,0.6990291262135923,gaussian_noise,SKAB,fold_2,999,4,3,3,0.5,avg_negative_log,10,0.3567,0.9,,234,34,438,0.05505279034690799,True,0.0,False,5.0,uniform
0.6058981233243967,0.4626334519572954,0.6516290726817042,0.5411030176899063,original,SKAB,fold_3,42,4,3,3,0.5,avg_negative_log,10,0.3567,0.9,,243,37,440,0.048937826715604496,True,0.0,False,5.0,uniform
0.6094727435210009,0.46557971014492755,0.6441102756892231,0.5404837013669821,gaussian_noise,SKAB,fold_3,42,4,3,3,0.5,avg_negative_log,10,0.3567,0.9,,243,37,440,0.048937826715604496,True,0.0,False,5.0,uniform
0.6058981233243967,0.4626334519572954,0.6516290726817042,0.5411030176899063,original,SKAB,fold_3,123,4,3,3,0.5,avg_negative_log,10,0.3567,0.9,,243,37,440,0.048937826715604496,True,0.0,False,5.0,uniform
0.5942806076854334,0.4525043177892919,0.656641604010025,0.5357873210633947,gaussian_noise,SKAB,fold_3,123,4,3,3,0.5,avg_negative_log,10,0.3567,0.9,,243,37,440,0.048937826715604496,True,0.0,False,5.0,uniform
0.6058981233243967,0.4626334519572954,0.6516290726817042,0.5411030176899063,original,SKAB,fold_3,2026,4,3,3,0.5,avg_negative_log,10,0.3567,0.9,,243,37,440,0.048937826715604496,True,0.0,False,5.0,uniform
0.6094727435210009,0.4672413793103448,0.6791979949874687,0.5536261491317671,gaussian_noise,SKAB,fold_3,2026,4,3,3,0.5,avg_negative_log,10,0.3567,0.9,,243,37,440,0.048937826715604496,True,0.0,False,5.0,uniform
0.6058981233243967,0.4626334519572954,0.6516290726817042,0.5411030176899063,original,SKAB,fold_3,7,4,3,3,0.5,avg_negative_log,10,0.3567,0.9,,243,37,440,0.048937826715604496,True,0.0,False,5.0,uniform
0.6201966041108132,0.4777397260273973,0.6992481203007519,0.5676500508646999,gaussian_noise,SKAB,fold_3,7,4,3,3,0.5,avg_negative_log,10,0.3567,0.9,,243,37,440,0.048937826715604496,True,0.0,False,5.0,uniform
0.6058981233243967,0.4626334519572954,0.6516290726817042,0.5411030176899063,original,SKAB,fold_3,999,4,3,3,0.5,avg_negative_log,10,0.3567,0.9,,243,37,440,0.048937826715604496,True,0.0,False,5.0,uniform
0.6023235031277927,0.4600694444444444,0.6641604010025063,0.5435897435897435,gaussian_noise,SKAB,fold_3,999,4,3,3,0.5,avg_negative_log,10,0.3567,0.9,,243,37,440,0.048937826715604496,True,0.0,False,5.0,uniform
0.3342391304347826,0.171875,0.22055137844611528,0.19319429198682767,original,SKAB,fold_4,42,4,3,3,0.5,avg_negative_log,10,0.3567,0.9,,241,36,449,0.05175195942830797,True,0.0,False,5.0,uniform
0.3125,0.1525096525096525,0.19799498746867167,0.1723009814612868,gaussian_noise,SKAB,fold_4,42,4,3,3,0.5,avg_negative_log,10,0.3567,0.9,,241,36,449,0.05175195942830797,True,0.0,False,5.0,uniform
0.3342391304347826,0.171875,0.22055137844611528,0.19319429198682767,original,SKAB,fold_4,123,4,3,3,0.5,avg_negative_log,10,0.3567,0.9,,241,36,449,0.05175195942830797,True,0.0,False,5.0,uniform
0.3179347826086957,0.15294117647058825,0.19548872180451127,0.1716171617161716,gaussian_noise,SKAB,fold_4,123,4,3,3,0.5,avg_negative_log,10,0.3567,0.9,,241,36,449,0.05175195942830797,True,0.0,False,5.0,uniform
0.3342391304347826,0.171875,0.22055137844611528,0.19319429198682767,original,SKAB,fold_4,2026,4,3,3,0.5,avg_negative_log,10,0.3567,0.9,,241,36,449,0.05175195942830797,True,0.0,False,5.0,uniform
0.3125,0.1525096525096525,0.19799498746867167,0.1723009814612868,gaussian_noise,SKAB,fold_4,2026,4,3,3,0.5,avg_negative_log,10,0.3567,0.9,,241,36,449,0.05175195942830797,True,0.0,False,5.0,uniform
0.3342391304347826,0.171875,0.22055137844611528,0.19319429198682767,original,SKAB,fold_4,7,4,3,3,0.5,avg_negative_log,10,0.3567,0.9,,241,36,449,0.05175195942830797,True,0.0,False,5.0,uniform
0.34057971014492755,0.17296222664015903,0.21804511278195488,0.19290465631929046,gaussian_noise,SKAB,fold_4,7,4,3,3,0.5,avg_negative_log,10,0.3567,0.9,,241,36,449,0.05175195942830797,True,0.0,False,5.0,uniform
0.3342391304347826,0.171875,0.22055137844611528,0.19319429198682767,original,SKAB,fold_4,999,4,3,3,0.5,avg_negative_log,10,0.3567,0.9,,241,36,449,0.05175195942830797,True,0.0,False,5.0,uniform
0.3179347826086957,0.1660377358490566,0.22055137844611528,0.18945102260495156,gaussian_noise,SKAB,fold_4,999,4,3,3,0.5,avg_negative_log,10,0.3567,0.9,,241,36,449,0.05175195942830797,True,0.0,False,5.0,uniform
0.5853227232537578,0.45901639344262296,0.9824561403508771,0.6256983240223464,original,SKAB,fold_5,42,4,3,3,0.5,avg_negative_log,10,0.3567,0.9,,225,36,389,0.048024691358024695,True,0.0,False,5.0,uniform
0.5764809902740937,0.45359628770301624,0.9799498746867168,0.6201427438540841,gaussian_noise,SKAB,fold_5,42,4,3,3,0.5,avg_negative_log,10,0.3567,0.9,,225,36,389,0.048024691358024695,True,0.0,False,5.0,uniform
0.5853227232537578,0.45901639344262296,0.9824561403508771,0.6256983240223464,original,SKAB,fold_5,123,4,3,3,0.5,avg_negative_log,10,0.3567,0.9,,225,36,389,0.048024691358024695,True,0.0,False,5.0,uniform
0.5764809902740937,0.45180722891566266,0.9398496240601504,0.6102522375915378,gaussian_noise,SKAB,fold_5,123,4,3,3,0.5,avg_negative_log,10,0.3567,0.9,,225,36,389,0.048024691358024695,True,0.0,False,5.0,uniform
0.5853227232537578,0.45901639344262296,0.9824561403508771,0.6256983240223464,original,SKAB,fold_5,2026,4,3,3,0.5,avg_negative_log,10,0.3567,0.9,,225,36,389,0.048024691358024695,True,0.0,False,5.0,uniform
0.5915119363395226,0.4630715123094959,0.9899749373433584,0.6309904153354633,gaussian_noise,SKAB,fold_5,2026,4,3,3,0.5,avg_negative_log,10,0.3567,0.9,,225,36,389,0.048024691358024695,True,0.0,False,5.0,uniform
0.5853227232537578,0.45901639344262296,0.9824561403508771,0.6256983240223464,original,SKAB,fold_5,7,4,3,3,0.5,avg_negative_log,10,0.3567,0.9,,225,36,389,0.048024691358024695,True,0.0,False,5.0,uniform
0.5676392572944297,0.44742990654205606,0.9598997493734336,0.6103585657370518,gaussian_noise,SKAB,fold_5,7,4,3,3,0.5,avg_negative_log,10,0.3567,0.9,,225,36,389,0.048024691358024695,True,0.0,False,5.0,uniform
0.5853227232537578,0.45901639344262296,0.9824561403508771,0.6256983240223464,original,SKAB,fold_5,999,4,3,3,0.5,avg_negative_log,10,0.3567,0.9,,225,36,389,0.048024691358024695,True,0.0,False,5.0,uniform
0.5641025641025641,0.4447058823529412,0.9473684210526315,0.6052842273819056,gaussian_noise,SKAB,fold_5,999,4,3,3,0.5,avg_negative_log,10,0.3567,0.9,,225,36,389,0.048024691358024695,True,0.0,False,5.0,uniform
0.6954585930543188,0.7657657657657657,0.2119700748129676,0.33203125,original,SKAB,fold_1,42,4,3,3,0.5,avg_negative_log,10,0.5108,0.9,,225,35,400,0.050793650793650794,True,0.0,False,5.0,uniform
0.692787177203918,0.71875,0.22942643391521197,0.34782608695652173,gaussian_noise,SKAB,fold_1,42,4,3,3,0.5,avg_negative_log,10,0.5108,0.9,,225,35,400,0.050793650793650794,True,0.0,False,5.0,uniform
0.6954585930543188,0.7657657657657657,0.2119700748129676,0.33203125,original,SKAB,fold_1,123,4,3,3,0.5,avg_negative_log,10,0.5108,0.9,,225,35,400,0.050793650793650794,True,0.0,False,5.0,uniform
0.691006233303651,0.7547169811320755,0.19950124688279303,0.3155818540433925,gaussian_noise,SKAB,fold_1,123,4,3,3,0.5,avg_negative_log,10,0.5108,0.9,,225,35,400,0.050793650793650794,True,0.0,False,5.0,uniform
0.6954585930543188,0.7657657657657657,0.2119700748129676,0.33203125,original,SKAB,fold_1,2026,4,3,3,0.5,avg_negative_log,10,0.5108,0.9,,225,35,400,0.050793650793650794,True,0.0,False,5.0,uniform
0.6767586821015138,0.6439393939393939,0.2119700748129676,0.31894934333958724,gaussian_noise,SKAB,fold_1,2026,4,3,3,0.5,avg_negative_log,10,0.5108,0.9,,225,35,400,0.050793650793650794,True,0.0,False,5.0,uniform
0.6954585930543188,0.7657657657657657,0.2119700748129676,0.33203125,original,SKAB,fold_1,7,4,3,3,0.5,avg_negative_log,10,0.5108,0.9,,225,35,400,0.050793650793650794,True,0.0,False,5.0,uniform
0.686553873552983,0.7024793388429752,0.2119700748129676,0.32567049808429116,gaussian_noise,SKAB,fold_1,7,4,3,3,0.5,avg_negative_log,10,0.5108,0.9,,225,35,400,0.050793650793650794,True,0.0,False,5.0,uniform
0.6954585930543188,0.7657657657657657,0.2119700748129676,0.33203125,original,SKAB,fold_1,999,4,3,3,0.5,avg_negative_log,10,0.5108,0.9,,225,35,400,0.050793650793650794,True,0.0,False,5.0,uniform
0.6883348174532502,0.7475728155339806,0.19201995012468828,0.3055555555555556,gaussian_noise,SKAB,fold_1,999,4,3,3,0.5,avg_negative_log,10,0.5108,0.9,,225,35,400,0.050793650793650794,True,0.0,False,5.0,uniform
0.7596067917783735,0.6382536382536382,0.763681592039801,0.695356738391846,original,SKAB,fold_2,42,4,3,3,0.5,avg_negative_log,10,0.5108,0.9,,234,34,438,0.05505279034690799,True,0.0,False,5.0,uniform
0.7721179624664879,0.6528066528066528,0.7810945273631841,0.711211778029445,gaussian_noise,SKAB,fold_2,42,4,3,3,0.5,avg_negative_log,10,0.5108,0.9,,234,34,438,0.05505279034690799,True,0.0,False,5.0,uniform
0.7596067917783735,0.6382536382536382,0.763681592039801,0.695356738391846,original,SKAB,fold_2,123,4,3,3,0.5,avg_negative_log,10,0.5108,0.9,,234,34,438,0.05505279034690799,True,0.0,False,5.0,uniform
0.775692582663092,0.6531440162271805,0.8009950248756219,0.7195530726256983,gaussian_noise,SKAB,fold_2,123,4,3,3,0.5,avg_negative_log,10,0.5108,0.9,,234,34,438,0.05505279034690799,True,0.0,False,5.0,uniform
0.7596067917783735,0.6382536382536382,0.763681592039801,0.695356738391846,original,SKAB,fold_2,2026,4,3,3,0.5,avg_negative_log,10,0.5108,0.9,,234,34,438,0.05505279034690799,True,0.0,False,5.0,uniform
0.7649687220732797,0.6387225548902196,0.7960199004975125,0.70874861572536,gaussian_noise,SKAB,fold_2,2026,4,3,3,0.5,avg_negative_log,10,0.5108,0.9,,234,34,438,0.05505279034690799,True,0.0,False,5.0,uniform
0.7596067917783735,0.6382536382536382,0.763681592039801,0.695356738391846,original,SKAB,fold_2,7,4,3,3,0.5,avg_negative_log,10,0.5108,0.9,,234,34,438,0.05505279034690799,True,0.0,False,5.0,uniform
0.773011617515639,0.6497975708502024,0.7985074626865671,0.7165178571428571,gaussian_noise,SKAB,fold_2,7,4,3,3,0.5,avg_negative_log,10,0.5108,0.9,,234,34,438,0.05505279034690799,True,0.0,False,5.0,uniform
0.7596067917783735,0.6382536382536382,0.763681592039801,0.695356738391846,original,SKAB,fold_2,999,4,3,3,0.5,avg_negative_log,10,0.5108,0.9,,234,34,438,0.05505279034690799,True,0.0,False,5.0,uniform
0.7587131367292225,0.6369294605809128,0.763681592039801,0.6945701357466063,gaussian_noise,SKAB,fold_2,999,4,3,3,0.5,avg_negative_log,10,0.5108,0.9,,234,34,438,0.05505279034690799,True,0.0,False,5.0,uniform
0.6041108132260947,0.4580152671755725,0.6015037593984962,0.5200433369447454,original,SKAB,fold_3,42,4,3,3,0.5,avg_negative_log,10,0.5108,0.9,,243,37,440,0.048937826715604496,True,0.0,False,5.0,uniform
0.6050044682752458,0.45792563600782776,0.5864661654135338,0.5142857142857142,gaussian_noise,SKAB,fold_3,42,4,3,3,0.5,avg_negative_log,10,0.5108,0.9,,243,37,440,0.048937826715604496,True,0.0,False,5.0,uniform
0.6041108132260947,0.4580152671755725,0.6015037593984962,0.5200433369447454,original,SKAB,fold_3,123,4,3,3,0.5,avg_negative_log,10,0.5108,0.9,,243,37,440,0.048937826715604496,True,0.0,False,5.0,uniform
0.5942806076854334,0.4489795918367347,0.606516290726817,0.5159914712153518,gaussian_noise,SKAB,fold_3,123,4,3,3,0.5,avg_negative_log,10,0.5108,0.9,,243,37,440,0.048937826715604496,True,0.0,False,5.0,uniform
0.6041108132260947,0.4580152671755725,0.6015037593984962,0.5200433369447454,original,SKAB,fold_3,2026,4,3,3,0.5,avg_negative_log,10,0.5108,0.9,,243,37,440,0.048937826715604496,True,0.0,False,5.0,uniform
0.6067917783735478,0.46153846153846156,0.6165413533834586,0.5278969957081545,gaussian_noise,SKAB,fold_3,2026,4,3,3,0.5,avg_negative_log,10,0.5108,0.9,,243,37,440,0.048937826715604496,True,0.0,False,5.0,uniform
0.6041108132260947,0.4580152671755725,0.6015037593984962,0.5200433369447454,original,SKAB,fold_3,7,4,3,3,0.5,avg_negative_log,10,0.5108,0.9,,243,37,440,0.048937826715604496,True,0.0,False,5.0,uniform
0.6166219839142091,0.4722222222222222,0.6390977443609023,0.5431309904153354,gaussian_noise,SKAB,fold_3,7,4,3,3,0.5,avg_negative_log,10,0.5108,0.9,,243,37,440,0.048937826715604496,True,0.0,False,5.0,uniform
0.6041108132260947,0.4580152671755725,0.6015037593984962,0.5200433369447454,original,SKAB,fold_3,999,4,3,3,0.5,avg_negative_log,10,0.5108,0.9,,243,37,440,0.048937826715604496,True,0.0,False,5.0,uniform
0.5933869526362824,0.44756554307116103,0.5989974937343359,0.5123258306538049,gaussian_noise,SKAB,fold_3,999,4,3,3,0.5,avg_negative_log,10,0.5108,0.9,,243,37,440,0.048937826715604496,True,0.0,False,5.0,uniform
0.34782608695652173,0.16210526315789472,0.19298245614035087,0.17620137299771166,original,SKAB,fold_4,42,4,3,3,0.5,avg_negative_log,10,0.5108,0.9,,241,36,449,0.05175195942830797,True,0.0,False,5.0,uniform
0.33061594202898553,0.1487603305785124,0.18045112781954886,0.16308040770101925,gaussian_noise,SKAB,fold_4,42,4,3,3,0.5,avg_negative_log,10,0.5108,0.9,,241,36,449,0.05175195942830797,True,0.0,False,5.0,uniform
0.34782608695652173,0.16210526315789472,0.19298245614035087,0.17620137299771166,original,SKAB,fold_4,123,4,3,3,0.5,avg_negative_log,10,0.5108,0.9,,241,36,449,0.05175195942830797,True,0.0,False,5.0,uniform
0.33605072463768115,0.14915966386554622,0.17794486215538846,0.16228571428571428,gaussian_noise,SKAB,fold_4,123,4,3,3,0.5,avg_negative_log,10,0.5108,0.9,,241,36,449,0.05175195942830797,True,0.0,False,5.0,uniform
0.34782608695652173,0.16210526315789472,0.19298245614035087,0.17620137299771166,original,SKAB,fold_4,2026,4,3,3,0.5,avg_negative_log,10,0.5108,0.9,,241,36,449,0.05175195942830797,True,0.0,False,5.0,uniform
0.33242753623188404,0.14937759336099585,0.18045112781954886,0.16345062429057888,gaussian_noise,SKAB,fold_4,2026,4,3,3,0.5,avg_negative_log,10,0.5108,0.9,,241,36,449,0.05175195942830797,True,0.0,False,5.0,uniform
0.34782608695652173,0.16210526315789472,0.19298245614035087,0.17620137299771166,original,SKAB,fold_4,7,4,3,3,0.5,avg_negative_log,10,0.5108,0.9,,241,36,449,0.05175195942830797,True,0.0,False,5.0,uniform
0.3523550724637681,0.1623931623931624,0.19047619047619047,0.17531718569780855,gaussian_noise,SKAB,fold_4,7,4,3,3,0.5,avg_negative_log,10,0.5108,0.9,,241,36,449,0.05175195942830797,True,0.0,False,5.0,uniform
0.34782608695652173,0.16210526315789472,0.19298245614035087,0.17620137299771166,original,SKAB,fold_4,999,4,3,3,0.5,avg_negative_log,10,0.5108,0.9,,241,36,449,0.05175195942830797,True,0.0,False,5.0,uniform
0.3333333333333333,0.15682281059063136,0.19298245614035087,0.17303370786516853,gaussian_noise,SKAB,fold_4,999,4,3,3,0.5,avg_negative_log,10,0.5108,0.9,,241,36,449,0.05175195942830797,True,0.0,False,5.0,uniform
0.6038903625110522,0.4701583434835566,0.9674185463659147,0.6327868852459017,original,SKAB,fold_5,42,4,3,3,0.5,avg_negative_log,10,0.5108,0.9,,225,36,389,0.048024691358024695,True,0.0,False,5.0,uniform
0.5985853227232537,0.46650426309378806,0.9598997493734336,0.6278688524590164,gaussian_noise,SKAB,fold_5,42,4,3,3,0.5,avg_negative_log,10,0.5108,0.9,,225,36,389,0.048024691358024695,True,0.0,False,5.0,uniform
0.6038903625110522,0.4701583434835566,0.9674185463659147,0.6327868852459017,original,SKAB,fold_5,123,4,3,3,0.5,avg_negative_log,10,0.5108,0.9,,225,36,389,0.048024691358024695,True,0.0,False,5.0,uniform
0.596816976127321,0.4641509433962264,0.924812030075188,0.6180904522613065,gaussian_noise,SKAB,fold_5,123,4,3,3,0.5,avg_negative_log,10,0.5108,0.9,,225,36,389,0.048024691358024695,True,0.0,False,5.0,uniform
0.6038903625110522,0.4701583434835566,0.9674185463659147,0.6327868852459017,original,SKAB,fold_5,2026,4,3,3,0.5,avg_negative_log,10,0.5108,0.9,,225,36,389,0.048024691358024695,True,0.0,False,5.0,uniform
0.6118479221927497,0.47578692493946734,0.9849624060150376,0.6416326530612245,gaussian_noise,SKAB,fold_5,2026,4,3,3,0.5,avg_negative_log,10,0.5108,0.9,,225,36,389,0.048024691358024695,True,0.0,False,5.0,uniform
0.6038903625110522,0.4701583434835566,0.9674185463659147,0.6327868852459017,original,SKAB,fold_5,7,4,3,3,0.5,avg_negative_log,10,0.5108,0.9,,225,36,389,0.048024691358024695,True,0.0,False,5.0,uniform
0.583554376657825,0.4562043795620438,0.9398496240601504,0.6142506142506142,gaussian_noise,SKAB,fold_5,7,4,3,3,0.5,avg_negative_log,10,0.5108,0.9,,225,36,389,0.048024691358024695,True,0.0,False,5.0,uniform
0.6038903625110522,0.4701583434835566,0.9674185463659147,0.6327868852459017,original,SKAB,fold_5,999,4,3,3,0.5,avg_negative_log,10,0.5108,0.9,,225,36,389,0.048024691358024695,True,0.0,False,5.0,uniform
0.5755968169761273,0.45054945054945056,0.924812030075188,0.6059113300492611,gaussian_noise,SKAB,fold_5,999,4,3,3,0.5,avg_negative_log,10,0.5108,0.9,,225,36,389,0.048024691358024695,True,0.0,False,5.0,uniform
0.6918967052537845,0.7835051546391752,0.18952618453865336,0.30522088353413657,original,SKAB,fold_1,42,4,3,3,0.5,avg_negative_log,10,0.6931,0.9,,225,35,400,0.050793650793650794,True,0.0,False,5.0,uniform
0.6918967052537845,0.7522935779816514,0.20448877805486285,0.3215686274509804,gaussian_noise,SKAB,fold_1,42,4,3,3,0.5,avg_negative_log,10,0.6931,0.9,,225,35,400,0.050793650793650794,True,0.0,False,5.0,uniform
0.6918967052537845,0.7835051546391752,0.18952618453865336,0.30522088353413657,original,SKAB,fold_1,123,4,3,3,0.5,avg_negative_log,10,0.6931,0.9,,225,35,400,0.050793650793650794,True,0.0,False,5.0,uniform
0.6874443455031166,0.7717391304347826,0.1770573566084788,0.2880324543610548,gaussian_noise,SKAB,fold_1,123,4,3,3,0.5,avg_negative_log,10,0.6931,0.9,,225,35,400,0.050793650793650794,True,0.0,False,5.0,uniform
0.6918967052537845,0.7835051546391752,0.18952618453865336,0.30522088353413657,original,SKAB,fold_1,2026,4,3,3,0.5,avg_negative_log,10,0.6931,0.9,,225,35,400,0.050793650793650794,True,0.0,False,5.0,uniform
0.6812110418521816,0.6972477064220184,0.18952618453865336,0.2980392156862745,gaussian_noise,SKAB,fold_1,2026,4,3,3,0.5,avg_negative_log,10,0.6931,0.9,,225,35,400,0.050793650793650794,True,0.0,False,5.0,uniform
0.6918967052537845,0.7835051546391752,0.18952618453865336,0.30522088353413657,original,SKAB,fold_1,7,4,3,3,0.5,avg_negative_log,10,0.6931,0.9,,225,35,400,0.050793650793650794,True,0.0,False,5.0,uniform
0.6874443455031166,0.7403846153846154,0.19201995012468828,0.30495049504950494,gaussian_noise,SKAB,fold_1,7,4,3,3,0.5,avg_negative_log,10,0.6931,0.9,,225,35,400,0.050793650793650794,True,0.0,False,5.0,uniform
0.6918967052537845,0.7835051546391752,0.18952618453865336,0.30522088353413657,original,SKAB,fold_1,999,4,3,3,0.5,avg_negative_log,10,0.6931,0.9,,225,35,400,0.050793650793650794,True,0.0,False,5.0,uniform
0.6829919857524488,0.7586206896551724,0.16458852867830423,0.27049180327868855,gaussian_noise,SKAB,fold_1,999,4,3,3,0.5,avg_negative_log,10,0.6931,0.9,,225,35,400,0.050793650793650794,True,0.0,False,5.0,uniform
0.775692582663092,0.675990675990676,0.7213930348258707,0.6979542719614922,original,SKAB,fold_2,42,4,3,3,0.5,avg_negative_log,10,0.6931,0.9,,234,34,438,0.05505279034690799,True,0.0,False,5.0,uniform
0.7846291331546024,0.683371298405467,0.746268656716418,0.713436385255648,gaussian_noise,SKAB,fold_2,42,4,3,3,0.5,avg_negative_log,10,0.6931,0.9,,234,34,438,0.05505279034690799,True,0.0,False,5.0,uniform
0.775692582663092,0.675990675990676,0.7213930348258707,0.6979542719614922,original,SKAB,fold_2,123,4,3,3,0.5,avg_negative_log,10,0.6931,0.9,,234,34,438,0.05505279034690799,True,0.0,False,5.0,uniform
0.7962466487935657,0.695067264573991,0.7711442786069652,0.7311320754716981,gaussian_noise,SKAB,fold_2,123,4,3,3,0.5,avg_negative_log,10,0.6931,0.9,,234,34,438,0.05505279034690799,True,0.0,False,5.0,uniform
0.775692582663092,0.675990675990676,0.7213930348258707,0.6979542719614922,original,SKAB,fold_2,2026,4,3,3,0.5,avg_negative_log,10,0.6931,0.9,,234,34,438,0.05505279034690799,True,0.0,False,5.0,uniform
0.7828418230563002,0.6754966887417219,0.7611940298507462,0.7157894736842105,gaussian_noise,SKAB,fold_2,2026,4,3,3,0.5,avg_negative_log,10,0.6931,0.9,,234,34,438,0.05505279034690799,True,0.0,False,5.0,uniform
0.775692582663092,0.675990675990676,0.7213930348258707,0.6979542719614922,original,SKAB,fold_2,7,4,3,3,0.5,avg_negative_log,10,0.6931,0.9,,234,34,438,0.05505279034690799,True,0.0,False,5.0,uniform
0.7882037533512064,0.6845637583892618,0.7611940298507462,0.7208480565371025,gaussian_noise,SKAB,fold_2,7,4,3,3,0.5,avg_negative_log,10,0.6931,0.9,,234,34,438,0.05505279034690799,True,0.0,False,5.0,uniform
0.775692582663092,0.675990675990676,0.7213930348258707,0.6979542719614922,original,SKAB,fold_2,999,4,3,3,0.5,avg_negative_log,10,0.6931,0.9,,234,34,438,0.05505279034690799,True,0.0,False,5.0,uniform
0.774798927613941,0.6744186046511628,0.7213930348258707,0.6971153846153846,gaussian_noise,SKAB,fold_2,999,4,3,3,0.5,avg_negative_log,10,0.6931,0.9,,234,34,438,0.05505279034690799,True,0.0,False,5.0,uniform
0.6005361930294906,0.44893617021276594,0.5288220551378446,0.4856156501726122,original,SKAB,fold_3,42,4,3,3,0.5,avg_negative_log,10,0.6931,0.9,,243,37,440,0.048937826715604496,True,0.0,False,5.0,uniform
0.6041108132260947,0.452991452991453,0.531328320802005,0.48904267589388695,gaussian_noise,SKAB,fold_3,42,4,3,3,0.5,avg_negative_log,10,0.6931,0.9,,243,37,440,0.048937826715604496,True,0.0,False,5.0,uniform
0.6005361930294906,0.44893617021276594,0.5288220551378446,0.4856156501726122,original,SKAB,fold_3,123,4,3,3,0.5,avg_negative_log,10,0.6931,0.9,,243,37,440,0.048937826715604496,True,0.0,False,5.0,uniform
0.5889186773905273,0.4378818737270876,0.5388471177944862,0.48314606741573035,gaussian_noise,SKAB,fold_3,123,4,3,3,0.5,avg_negative_log,10,0.6931,0.9,,243,37,440,0.048937826715604496,True,0.0,False,5.0,uniform
0.6005361930294906,0.44893617021276594,0.5288220551378446,0.4856156501726122,original,SKAB,fold_3,2026,4,3,3,0.5,avg_negative_log,10,0.6931,0.9,,243,37,440,0.048937826715604496,True,0.0,False,5.0,uniform
0.5996425379803396,0.44776119402985076,0.5263157894736842,0.4838709677419355,gaussian_noise,SKAB,fold_3,2026,4,3,3,0.5,avg_negative_log,10,0.6931,0.9,,243,37,440,0.048937826715604496,True,0.0,False,5.0,uniform
0.6005361930294906,0.44893617021276594,0.5288220551378446,0.4856156501726122,original,SKAB,fold_3,7,4,3,3,0.5,avg_negative_log,10,0.6931,0.9,,243,37,440,0.048937826715604496,True,0.0,False,5.0,uniform
0.6157283288650581,0.46804123711340206,0.568922305764411,0.5135746606334841,gaussian_noise,SKAB,fold_3,7,4,3,3,0.5,avg_negative_log,10,0.6931,0.9,,243,37,440,0.048937826715604496,True,0.0,False,5.0,uniform
0.6005361930294906,0.44893617021276594,0.5288220551378446,0.4856156501726122,original,SKAB,fold_3,999,4,3,3,0.5,avg_negative_log,10,0.6931,0.9,,243,37,440,0.048937826715604496,True,0.0,False,5.0,uniform
0.5871313672922251,0.43283582089552236,0.5087719298245614,0.46774193548387094,gaussian_noise,SKAB,fold_3,999,4,3,3,0.5,avg_negative_log,10,0.6931,0.9,,243,37,440,0.048937826715604496,True,0.0,False,5.0,uniform
0.35507246376811596,0.13176470588235295,0.14035087719298245,0.13592233009708737,original,SKAB,fold_4,42,4,3,3,0.5,avg_negative_log,10,0.6931,0.9,,241,36,449,0.05175195942830797,True,0.0,False,5.0,uniform
0.3451086956521739,0.13013698630136986,0.14285714285714285,0.13620071684587814,gaussian_noise,SKAB,fold_4,42,4,3,3,0.5,avg_negative_log,10,0.6931,0.9,,241,36,449,0.05175195942830797,True,0.0,False,5.0,uniform
0.35507246376811596,0.13176470588235295,0.14035087719298245,0.13592233009708737,original,SKAB,fold_4,123,4,3,3,0.5,avg_negative_log,10,0.6931,0.9,,241,36,449,0.05175195942830797,True,0.0,False,5.0,uniform
0.35507246376811596,0.13176470588235295,0.14035087719298245,0.13592233009708737,gaussian_noise,SKAB,fold_4,123,4,3,3,0.5,avg_negative_log,10,0.6931,0.9,,241,36,449,0.05175195942830797,True,0.0,False,5.0,uniform
0.35507246376811596,0.13176470588235295,0.14035087719298245,0.13592233009708737,original,SKAB,fold_4,2026,4,3,3,0.5,avg_negative_log,10,0.6931,0.9,,241,36,449,0.05175195942830797,True,0.0,False,5.0,uniform
0.3496376811594203,0.12993039443155452,0.14035087719298245,0.13493975903614458,gaussian_noise,SKAB,fold_4,2026,4,3,3,0.5,avg_negative_log,10,0.6931,0.9,,241,36,449,0.05175195942830797,True,0.0,False,5.0,uniform
0.35507246376811596,0.13176470588235295,0.14035087719298245,0.13592233009708737,original,SKAB,fold_4,7,4,3,3,0.5,avg_negative_log,10,0.6931,0.9,,241,36,449,0.05175195942830797,True,0.0,False,5.0,uniform
0.3541666666666667,0.12796208530805686,0.13533834586466165,0.1315468940316687,gaussian_noise,SKAB,fold_4,7,4,3,3,0.5,avg_negative_log,10,0.6931,0.9,,241,36,449,0.05175195942830797,True,0.0,False,5.0,uniform
0.35507246376811596,0.13176470588235295,0.14035087719298245,0.13592233009708737,original,SKAB,fold_4,999,4,3,3,0.5,avg_negative_log,10,0.6931,0.9,,241,36,449,0.05175195942830797,True,0.0,False,5.0,uniform
0.338768115942029,0.12471655328798185,0.13784461152882205,0.13095238095238096,gaussian_noise,SKAB,fold_4,999,4,3,3,0.5,avg_negative_log,10,0.6931,0.9,,241,36,449,0.05175195942830797,True,0.0,False,5.0,uniform
0.614500442086649,0.47536617842876167,0.8947368421052632,0.6208695652173913,original,SKAB,fold_5,42,4,3,3,0.5,avg_negative_log,10,0.6931,0.9,,225,36,389,0.048024691358024695,True,0.0,False,5.0,uniform
0.627763041556145,0.48544973544973546,0.9197994987468672,0.6354978354978355,gaussian_noise,SKAB,fold_5,42,4,3,3,0.5,avg_negative_log,10,0.6931,0.9,,225,36,389,0.048024691358024695,True,0.0,False,5.0,uniform
0.614500442086649,0.47536617842876167,0.8947368421052632,0.6208695652173913,original,SKAB,fold_5,123,4,3,3,0.5,avg_negative_log,10,0.6931,0.9,,225,36,389,0.048024691358024695,True,0.0,False,5.0,uniform
0.6206896551724138,0.4794520547945205,0.8771929824561403,0.6200177147918512,gaussian_noise,SKAB,fold_5,123,4,3,3,0.5,avg_negative_log,10,0.6931,0.9,,225,36,389,0.048024691358024695,True,0.0,False,5.0,uniform
0.614500442086649,0.47536617842876167,0.8947368421052632,0.6208695652173913,original,SKAB,fold_5,2026,4,3,3,0.5,avg_negative_log,10,0.6931,0.9,,225,36,389,0.048024691358024695,True,0.0,False,5.0,uniform
0.6242263483642794,0.48320413436692505,0.9373433583959899,0.6376811594202898,gaussian_noise,SKAB,fold_5,2026,4,3,3,0.5,avg_negative_log,10,0.6931,0.9,,225,36,389,0.048024691358024695,True,0.0,False,5.0,uniform
0.614500442086649,0.47536617842876167,0.8947368421052632,0.6208695652173913,original,SKAB,fold_5,7,4,3,3,0.5,avg_negative_log,10,0.6931,0.9,,225,36,389,0.048024691358024695,True,0.0,False,5.0,uniform
0.5959328028293546,0.46174142480211083,0.8771929824561403,0.6050129645635264,gaussian_noise,SKAB,fold_5,7,4,3,3,0.5,avg_negative_log,10,0.6931,0.9,,225,36,389,0.048024691358024695,True,0.0,False,5.0,uniform
0.614500442086649,0.47536617842876167,0.8947368421052632,0.6208695652173913,original,SKAB,fold_5,999,4,3,3,0.5,avg_negative_log,10,0.6931,0.9,,225,36,389,0.048024691358024695,True,0.0,False,5.0,uniform
0.5915119363395226,0.4589308996088657,0.8822055137844611,0.6037735849056604,gaussian_noise,SKAB,fold_5,999,4,3,3,0.5,avg_negative_log,10,0.6931,0.9,,225,36,389,0.048024691358024695,True,0.0,False,5.0,uniform
0.6749777382012466,0.7571428571428571,0.13216957605985039,0.22505307855626328,original,SKAB,fold_1,42,4,3,3,0.5,avg_negative_log,10,0.9163,0.9,,225,35,400,0.050793650793650794,True,0.0,False,5.0,uniform
0.6874443455031166,0.7976190476190477,0.16708229426433915,0.27628865979381445,gaussian_noise,SKAB,fold_1,42,4,3,3,0.5,avg_negative_log,10,0.9163,0.9,,225,35,400,0.050793650793650794,True,0.0,False,5.0,uniform
0.6749777382012466,0.7571428571428571,0.13216957605985039,0.22505307855626328,original,SKAB,fold_1,123,4,3,3,0.5,avg_negative_log,10,0.9163,0.9,,225,35,400,0.050793650793650794,True,0.0,False,5.0,uniform
0.6705253784505788,0.7384615384615385,0.11970074812967581,0.20600858369098712,gaussian_noise,SKAB,fold_1,123,4,3,3,0.5,avg_negative_log,10,0.9163,0.9,,225,35,400,0.050793650793650794,True,0.0,False,5.0,uniform
0.6749777382012466,0.7571428571428571,0.13216957605985039,0.22505307855626328,original,SKAB,fold_1,2026,4,3,3,0.5,avg_negative_log,10,0.9163,0.9,,225,35,400,0.050793650793650794,True,0.0,False,5.0,uniform
0.6705253784505788,0.7384615384615385,0.11970074812967581,0.20600858369098712,gaussian_noise,SKAB,fold_1,2026,4,3,3,0.5,avg_negative_log,10,0.9163,0.9,,225,35,400,0.050793650793650794,True,0.0,False,5.0,uniform
0.6749777382012466,0.7571428571428571,0.13216957605985039,0.22505307855626328,original,SKAB,fold_1,7,4,3,3,0.5,avg_negative_log,10,0.9163,0.9,,225,35,400,0.050793650793650794,True,0.0,False,5.0,uniform
0.6838824577025824,0.7875,0.1571072319201995,0.26195426195426197,gaussian_noise,SKAB,fold_1,7,4,3,3,0.5,avg_negative_log,10,0.9163,0.9,,225,35,400,0.050793650793650794,True,0.0,False,5.0,uniform
0.6749777382012466,0.7571428571428571,0.13216957605985039,0.22505307855626328,original,SKAB,fold_1,999,4,3,3,0.5,avg_negative_log,10,0.9163,0.9,,225,35,400,0.050793650793650794,True,0.0,False,5.0,uniform
0.6705253784505788,0.7384615384615385,0.11970074812967581,0.20600858369098712,gaussian_noise,SKAB,fold_1,999,4,3,3,0.5,avg_negative_log,10,0.9163,0.9,,225,35,400,0.050793650793650794,True,0.0,False,5.0,uniform
0.7801608579088471,0.7191011235955056,0.6368159203980099,0.6754617414248021,original,SKAB,fold_2,42,4,3,3,0.5,avg_negative_log,10,0.9163,0.9,,234,34,438,0.05505279034690799,True,0.0,False,5.0,uniform
0.7828418230563002,0.712,0.664179104477612,0.6872586872586872,gaussian_noise,SKAB,fold_2,42,4,3,3,0.5,avg_negative_log,10,0.9163,0.9,,234,34,438,0.05505279034690799,True,0.0,False,5.0,uniform
0.7801608579088471,0.7191011235955056,0.6368159203980099,0.6754617414248021,original,SKAB,fold_2,123,4,3,3,0.5,avg_negative_log,10,0.9163,0.9,,234,34,438,0.05505279034690799,True,0.0,False,5.0,uniform
0.8016085790884718,0.7380952380952381,0.6940298507462687,0.7153846153846154,gaussian_noise,SKAB,fold_2,123,4,3,3,0.5,avg_negative_log,10,0.9163,0.9,,234,34,438,0.05505279034690799,True,0.0,False,5.0,uniform
0.7801608579088471,0.7191011235955056,0.6368159203980099,0.6754617414248021,original,SKAB,fold_2,2026,4,3,3,0.5,avg_negative_log,10,0.9163,0.9,,234,34,438,0.05505279034690799,True,0.0,False,5.0,uniform
0.7864164432529044,0.7084398976982097,0.6890547263681592,0.6986128625472888,gaussian_noise,SKAB,fold_2,2026,4,3,3,0.5,avg_negative_log,10,0.9163,0.9,,234,34,438,0.05505279034690799,True,0.0,False,5.0,uniform
0.7801608579088471,0.7191011235955056,0.6368159203980099,0.6754617414248021,original,SKAB,fold_2,7,4,3,3,0.5,avg_negative_log,10,0.9163,0.9,,234,34,438,0.05505279034690799,True,0.0,False,5.0,uniform
0.7908847184986595,0.723404255319149,0.6766169154228856,0.699228791773779,gaussian_noise,SKAB,fold_2,7,4,3,3,0.5,avg_negative_log,10,0.9163,0.9,,234,34,438,0.05505279034690799,True,0.0,False,5.0,uniform
0.7801608579088471,0.7191011235955056,0.6368159203980099,0.6754617414248021,original,SKAB,fold_2,999,4,3,3,0.5,avg_negative_log,10,0.9163,0.9,,234,34,438,0.05505279034690799,True,0.0,False,5.0,uniform
0.7765862377122431,0.7122905027932961,0.6343283582089553,0.6710526315789473,gaussian_noise,SKAB,fold_2,999,4,3,3,0.5,avg_negative_log,10,0.9163,0.9,,234,34,438,0.05505279034690799,True,0.0,False,5.0,uniform
0.5924932975871313,0.4306569343065693,0.44360902255639095,0.43703703703703706,original,SKAB,fold_3,42,4,3,3,0.5,avg_negative_log,10,0.9163,0.9,,243,37,440,0.048937826715604496,True,0.0,False,5.0,uniform
0.5951742627345844,0.43509615384615385,0.45363408521303256,0.4441717791411043,gaussian_noise,SKAB,fold_3,42,4,3,3,0.5,avg_negative_log,10,0.9163,0.9,,243,37,440,0.048937826715604496,True,0.0,False,5.0,uniform
0.5924932975871313,0.4306569343065693,0.44360902255639095,0.43703703703703706,original,SKAB,fold_3,123,4,3,3,0.5,avg_negative_log,10,0.9163,0.9,,243,37,440,0.048937826715604496,True,0.0,False,5.0,uniform
0.5835567470956211,0.4226327944572748,0.45864661654135336,0.43990384615384615,gaussian_noise,SKAB,fold_3,123,4,3,3,0.5,avg_negative_log,10,0.9163,0.9,,243,37,440,0.048937826715604496,True,0.0,False,5.0,uniform
0.5924932975871313,0.4306569343065693,0.44360902255639095,0.43703703703703706,original,SKAB,fold_3,2026,4,3,3,0.5,avg_negative_log,10,0.9163,0.9,,243,37,440,0.048937826715604496,True,0.0,False,5.0,uniform
0.5835567470956211,0.4188861985472155,0.43358395989974935,0.42610837438423643,gaussian_noise,SKAB,fold_3,2026,4,3,3,0.5,avg_negative_log,10,0.9163,0.9,,243,37,440,0.048937826715604496,True,0.0,False,5.0,uniform
0.5924932975871313,0.4306569343065693,0.44360902255639095,0.43703703703703706,original,SKAB,fold_3,7,4,3,3,0.5,avg_negative_log,10,0.9163,0.9,,243,37,440,0.048937826715604496,True,0.0,False,5.0,uniform
0.5951742627345844,0.4372093023255814,0.47117794486215536,0.45355850422195415,gaussian_noise,SKAB,fold_3,7,4,3,3,0.5,avg_negative_log,10,0.9163,0.9,,243,37,440,0.048937826715604496,True,0.0,False,5.0,uniform
0.5924932975871313,0.4306569343065693,0.44360902255639095,0.43703703703703706,original,SKAB,fold_3,999,4,3,3,0.5,avg_negative_log,10,0.9163,0.9,,243,37,440,0.048937826715604496,True,0.0,False,5.0,uniform
0.58266309204647,0.4178743961352657,0.43358395989974935,0.42558425584255843,gaussian_noise,SKAB,fold_3,999,4,3,3,0.5,avg_negative_log,10,0.9163,0.9,,243,37,440,0.048937826715604496,True,0.0,False,5.0,uniform
0.3967391304347826,0.1174785100286533,0.10275689223057644,0.10962566844919786,original,SKAB,fold_4,42,4,3,3,0.5,avg_negative_log,10,0.9163,0.9,,241,36,449,0.05175195942830797,True,0.0,False,5.0,uniform
0.391304347826087,0.11764705882352941,0.10526315789473684,0.1111111111111111,gaussian_noise,SKAB,fold_4,42,4,3,3,0.5,avg_negative_log,10,0.9163,0.9,,241,36,449,0.05175195942830797,True,0.0,False,5.0,uniform
0.3967391304347826,0.1174785100286533,0.10275689223057644,0.10962566844919786,original,SKAB,fold_4,123,4,3,3,0.5,avg_negative_log,10,0.9163,0.9,,241,36,449,0.05175195942830797,True,0.0,False,5.0,uniform
0.40398550724637683,0.11572700296735905,0.09774436090225563,0.10597826086956522,gaussian_noise,SKAB,fold_4,123,4,3,3,0.5,avg_negative_log,10,0.9163,0.9,,241,36,449,0.05175195942830797,True,0.0,False,5.0,uniform
0.3967391304347826,0.1174785100286533,0.10275689223057644,0.10962566844919786,original,SKAB,fold_4,2026,4,3,3,0.5,avg_negative_log,10,0.9163,0.9,,241,36,449,0.05175195942830797,True,0.0,False,5.0,uniform
0.39402173913043476,0.11206896551724138,0.09774436090225563,0.10441767068273092,gaussian_noise,SKAB,fold_4,2026,4,3,3,0.5,avg_negative_log,10,0.9163,0.9,,241,36,449,0.05175195942830797,True,0.0,False,5.0,uniform
0.3967391304347826,0.1174785100286533,0.10275689223057644,0.10962566844919786,original,SKAB,fold_4,7,4,3,3,0.5,avg_negative_log,10,0.9163,0.9,,241,36,449,0.05175195942830797,True,0.0,False,5.0,uniform
0.3976449275362319,0.11337209302325581,0.09774436090225563,0.10497981157469717,gaussian_noise,SKAB,fold_4,7,4,3,3,0.5,avg_negative_log,10,0.9163,0.9,,241,36,449,0.05175195942830797,True,0.0,False,5.0,uniform
0.3967391304347826,0.1174785100286533,0.10275689223057644,0.10962566844919786,original,SKAB,fold_4,999,4,3,3,0.5,avg_negative_log,10,0.9163,0.9,,241,36,449,0.05175195942830797,True,0.0,False,5.0,uniform
0.38405797101449274,0.10863509749303621,0.09774436090225563,0.10290237467018469,gaussian_noise,SKAB,fold_4,999,4,3,3,0.5,avg_negative_log,10,0.9163,0.9,,241,36,449,0.05175195942830797,True,0.0,False,5.0,uniform
0.6330680813439434,0.4880597014925373,0.8195488721804511,0.6117867165575304,original,SKAB,fold_5,42,4,3,3,0.5,avg_negative_log,10,0.9163,0.9,,225,36,389,0.048024691358024695,True,0.0,False,5.0,uniform
0.6525198938992043,0.5043988269794721,0.8621553884711779,0.6364477335800185,gaussian_noise,SKAB,fold_5,42,4,3,3,0.5,avg_negative_log,10,0.9163,0.9,,225,36,389,0.048024691358024695,True,0.0,False,5.0,uniform
0.6330680813439434,0.4880597014925373,0.8195488721804511,0.6117867165575304,original,SKAB,fold_5,123,4,3,3,0.5,avg_negative_log,10,0.9163,0.9,,225,36,389,0.048024691358024695,True,0.0,False,5.0,uniform
0.6569407603890363,0.5084226646248086,0.8320802005012531,0.6311787072243346,gaussian_noise,SKAB,fold_5,123,4,3,3,0.5,avg_negative_log,10,0.9163,0.9,,225,36,389,0.048024691358024695,True,0.0,False,5.0,uniform
0.6330680813439434,0.4880597014925373,0.8195488721804511,0.6117867165575304,original,SKAB,fold_5,2026,4,3,3,0.5,avg_negative_log,10,0.9163,0.9,,225,36,389,0.048024691358024695,True,0.0,False,5.0,uniform
0.6631299734748011,0.5129310344827587,0.8947368421052632,0.6520547945205479,gaussian_noise,SKAB,fold_5,2026,4,3,3,0.5,avg_negative_log,10,0.9163,0.9,,225,36,389,0.048024691358024695,True,0.0,False,5.0,uniform
0.6330680813439434,0.4880597014925373,0.8195488721804511,0.6117867165575304,original,SKAB,fold_5,7,4,3,3,0.5,avg_negative_log,10,0.9163,0.9,,225,36,389,0.048024691358024695,True,0.0,False,5.0,uniform
0.6118479221927497,0.47050147492625366,0.7994987468671679,0.5923862581244197,gaussian_noise,SKAB,fold_5,7,4,3,3,0.5,avg_negative_log,10,0.9163,0.9,,225,36,389,0.048024691358024695,True,0.0,False,5.0,uniform
0.6330680813439434,0.4880597014925373,0.8195488721804511,0.6117867165575304,original,SKAB,fold_5,999,4,3,3,0.5,avg_negative_log,10,0.9163,0.9,,225,36,389,0.048024691358024695,True,0.0,False,5.0,uniform
0.6153846153846154,0.47345132743362833,0.8045112781954887,0.596100278551532,gaussian_noise,SKAB,fold_5,999,4,3,3,0.5,avg_negative_log,10,0.9163,0.9,,225,36,389,0.048024691358024695,True,0.0,False,5.0,uniform
0.3634336677814939,0.36201117318435755,1.0,0.5315832649712879,original,SKAB,fold_1,42,5,3,3,0.5,avg_negative_log,10,0.0,0.9,,401,71,654,0.022970742158687787,True,0.0,False,5.0,uniform
0.3634336677814939,0.36201117318435755,1.0,0.5315832649712879,gaussian_noise,SKAB,fold_1,42,5,3,3,0.5,avg_negative_log,10,0.0,0.9,,401,71,654,0.022970742158687787,True,0.0,False,5.0,uniform
0.3634336677814939,0.36201117318435755,1.0,0.5315832649712879,original,SKAB,fold_1,123,5,3,3,0.5,avg_negative_log,10,0.0,0.9,,401,71,654,0.022970742158687787,True,0.0,False,5.0,uniform
0.3634336677814939,0.36201117318435755,1.0,0.5315832649712879,gaussian_noise,SKAB,fold_1,123,5,3,3,0.5,avg_negative_log,10,0.0,0.9,,401,71,654,0.022970742158687787,True,0.0,False,5.0,uniform
0.3634336677814939,0.36201117318435755,1.0,0.5315832649712879,original,SKAB,fold_1,2026,5,3,3,0.5,avg_negative_log,10,0.0,0.9,,401,71,654,0.022970742158687787,True,0.0,False,5.0,uniform
0.3634336677814939,0.36201117318435755,1.0,0.5315832649712879,gaussian_noise,SKAB,fold_1,2026,5,3,3,0.5,avg_negative_log,10,0.0,0.9,,401,71,654,0.022970742158687787,True,0.0,False,5.0,uniform
0.3634336677814939,0.36201117318435755,1.0,0.5315832649712879,original,SKAB,fold_1,7,5,3,3,0.5,avg_negative_log,10,0.0,0.9,,401,71,654,0.022970742158687787,True,0.0,False,5.0,uniform
0.3634336677814939,0.36201117318435755,1.0,0.5315832649712879,gaussian_noise,SKAB,fold_1,7,5,3,3,0.5,avg_negative_log,10,0.0,0.9,,401,71,654,0.022970742158687787,True,0.0,False,5.0,uniform
0.3634336677814939,0.36201117318435755,1.0,0.5315832649712879,original,SKAB,fold_1,999,5,3,3,0.5,avg_negative_log,10,0.0,0.9,,401,71,654,0.022970742158687787,True,0.0,False,5.0,uniform
0.3634336677814939,0.36201117318435755,1.0,0.5315832649712879,gaussian_noise,SKAB,fold_1,999,5,3,3,0.5,avg_negative_log,10,0.0,0.9,,401,71,654,0.022970742158687787,True,0.0,False,5.0,uniform
0.3617021276595745,0.3602693602693603,1.0,0.5297029702970297,original,SKAB,fold_2,42,5,3,3,0.5,avg_negative_log,10,0.0,0.9,,419,68,716,0.025129861013617857,True,0.0,False,5.0,uniform
0.3617021276595745,0.3602693602693603,1.0,0.5297029702970297,gaussian_noise,SKAB,fold_2,42,5,3,3,0.5,avg_negative_log,10,0.0,0.9,,419,68,716,0.025129861013617857,True,0.0,False,5.0,uniform
0.3617021276595745,0.3602693602693603,1.0,0.5297029702970297,original,SKAB,fold_2,123,5,3,3,0.5,avg_negative_log,10,0.0,0.9,,419,68,716,0.025129861013617857,True,0.0,False,5.0,uniform
0.3617021276595745,0.3602693602693603,1.0,0.5297029702970297,gaussian_noise,SKAB,fold_2,123,5,3,3,0.5,avg_negative_log,10,0.0,0.9,,419,68,716,0.025129861013617857,True,0.0,False,5.0,uniform
0.3617021276595745,0.3602693602693603,1.0,0.5297029702970297,original,SKAB,fold_2,2026,5,3,3,0.5,avg_negative_log,10,0.0,0.9,,419,68,716,0.025129861013617857,True,0.0,False,5.0,uniform
0.3617021276595745,0.3602693602693603,1.0,0.5297029702970297,gaussian_noise,SKAB,fold_2,2026,5,3,3,0.5,avg_negative_log,10,0.0,0.9,,419,68,716,0.025129861013617857,True,0.0,False,5.0,uniform
0.3617021276595745,0.3602693602693603,1.0,0.5297029702970297,original,SKAB,fold_2,7,5,3,3,0.5,avg_negative_log,10,0.0,0.9,,419,68,716,0.025129861013617857,True,0.0,False,5.0,uniform
0.3617021276595745,0.3602693602693603,1.0,0.5297029702970297,gaussian_noise,SKAB,fold_2,7,5,3,3,0.5,avg_negative_log,10,0.0,0.9,,419,68,716,0.025129861013617857,True,0.0,False,5.0,uniform
0.3617021276595745,0.3602693602693603,1.0,0.5297029702970297,original,SKAB,fold_2,999,5,3,3,0.5,avg_negative_log,10,0.0,0.9,,419,68,716,0.025129861013617857,True,0.0,False,5.0,uniform
0.3617021276595745,0.3602693602693603,1.0,0.5297029702970297,gaussian_noise,SKAB,fold_2,999,5,3,3,0.5,avg_negative_log,10,0.0,0.9,,419,68,716,0.025129861013617857,True,0.0,False,5.0,uniform
0.3639417693169093,0.36251402918069586,1.0,0.5321252059308073,original,SKAB,fold_3,42,5,3,3,0.5,avg_negative_log,10,0.0,0.9,,407,69,675,0.024035893601110993,True,0.0,False,5.0,uniform
0.3639417693169093,0.36251402918069586,1.0,0.5321252059308073,gaussian_noise,SKAB,fold_3,42,5,3,3,0.5,avg_negative_log,10,0.0,0.9,,407,69,675,0.024035893601110993,True,0.0,False,5.0,uniform
0.3639417693169093,0.36251402918069586,1.0,0.5321252059308073,original,SKAB,fold_3,123,5,3,3,0.5,avg_negative_log,10,0.0,0.9,,407,69,675,0.024035893601110993,True,0.0,False,5.0,uniform
0.3639417693169093,0.36251402918069586,1.0,0.5321252059308073,gaussian_noise,SKAB,fold_3,123,5,3,3,0.5,avg_negative_log,10,0.0,0.9,,407,69,675,0.024035893601110993,True,0.0,False,5.0,uniform
0.3639417693169093,0.36251402918069586,1.0,0.5321252059308073,original,SKAB,fold_3,2026,5,3,3,0.5,avg_negative_log,10,0.0,0.9,,407,69,675,0.024035893601110993,True,0.0,False,5.0,uniform
0.3639417693169093,0.36251402918069586,1.0,0.5321252059308073,gaussian_noise,SKAB,fold_3,2026,5,3,3,0.5,avg_negative_log,10,0.0,0.9,,407,69,675,0.024035893601110993,True,0.0,False,5.0,uniform
0.3639417693169093,0.36251402918069586,1.0,0.5321252059308073,original,SKAB,fold_3,7,5,3,3,0.5,avg_negative_log,10,0.0,0.9,,407,69,675,0.024035893601110993,True,0.0,False,5.0,uniform
0.3639417693169093,0.36251402918069586,1.0,0.5321252059308073,gaussian_noise,SKAB,fold_3,7,5,3,3,0.5,avg_negative_log,10,0.0,0.9,,407,69,675,0.024035893601110993,True,0.0,False,5.0,uniform
0.3639417693169093,0.36251402918069586,1.0,0.5321252059308073,original,SKAB,fold_3,999,5,3,3,0.5,avg_negative_log,10,0.0,0.9,,407,69,675,0.024035893601110993,True,0.0,False,5.0,uniform
0.3639417693169093,0.36251402918069586,1.0,0.5321252059308073,gaussian_noise,SKAB,fold_3,999,5,3,3,0.5,avg_negative_log,10,0.0,0.9,,407,69,675,0.024035893601110993,True,0.0,False,5.0,uniform
0.35527809307604996,0.35381114903299204,1.0,0.5226890756302521,original,SKAB,fold_4,42,5,3,3,0.5,avg_negative_log,10,0.0,0.9,,403,68,670,0.02444898554955481,True,0.0,False,5.0,uniform
0.35527809307604996,0.35381114903299204,1.0,0.5226890756302521,gaussian_noise,SKAB,fold_4,42,5,3,3,0.5,avg_negative_log,10,0.0,0.9,,403,68,670,0.02444898554955481,True,0.0,False,5.0,uniform
0.35527809307604996,0.35381114903299204,1.0,0.5226890756302521,original,SKAB,fold_4,123,5,3,3,0.5,avg_negative_log,10,0.0,0.9,,403,68,670,0.02444898554955481,True,0.0,False,5.0,uniform
0.35527809307604996,0.35381114903299204,1.0,0.5226890756302521,gaussian_noise,SKAB,fold_4,123,5,3,3,0.5,avg_negative_log,10,0.0,0.9,,403,68,670,0.02444898554955481,True,0.0,False,5.0,uniform
0.35527809307604996,0.35381114903299204,1.0,0.5226890756302521,original,SKAB,fold_4,2026,5,3,3,0.5,avg_negative_log,10,0.0,0.9,,403,68,670,0.02444898554955481,True,0.0,False,5.0,uniform
0.35527809307604996,0.35381114903299204,1.0,0.5226890756302521,gaussian_noise,SKAB,fold_4,2026,5,3,3,0.5,avg_negative_log,10,0.0,0.9,,403,68,670,0.02444898554955481,True,0.0,False,5.0,uniform
0.35527809307604996,0.35381114903299204,1.0,0.5226890756302521,original,SKAB,fold_4,7,5,3,3,0.5,avg_negative_log,10,0.0,0.9,,403,68,670,0.02444898554955481,True,0.0,False,5.0,uniform
0.35527809307604996,0.35381114903299204,1.0,0.5226890756302521,gaussian_noise,SKAB,fold_4,7,5,3,3,0.5,avg_negative_log,10,0.0,0.9,,403,68,670,0.02444898554955481,True,0.0,False,5.0,uniform
0.35527809307604996,0.35381114903299204,1.0,0.5226890756302521,original,SKAB,fold_4,999,5,3,3,0.5,avg_negative_log,10,0.0,0.9,,403,68,670,0.02444898554955481,True,0.0,False,5.0,uniform
0.35527809307604996,0.35381114903299204,1.0,0.5226890756302521,gaussian_noise,SKAB,fold_4,999,5,3,3,0.5,avg_negative_log,10,0.0,0.9,,403,68,670,0.02444898554955481,True,0.0,False,5.0,uniform
0.3687707641196013,0.36736958934517205,1.0,0.5373376623376623,original,SKAB,fold_5,42,5,3,3,0.5,avg_negative_log,10,0.0,0.9,,368,64,606,0.02573029891304348,True,0.0,False,5.0,uniform
0.3687707641196013,0.36736958934517205,1.0,0.5373376623376623,gaussian_noise,SKAB,fold_5,42,5,3,3,0.5,avg_negative_log,10,0.0,0.9,,368,64,606,0.02573029891304348,True,0.0,False,5.0,uniform
0.3687707641196013,0.36736958934517205,1.0,0.5373376623376623,original,SKAB,fold_5,123,5,3,3,0.5,avg_negative_log,10,0.0,0.9,,368,64,606,0.02573029891304348,True,0.0,False,5.0,uniform
0.3687707641196013,0.36736958934517205,1.0,0.5373376623376623,gaussian_noise,SKAB,fold_5,123,5,3,3,0.5,avg_negative_log,10,0.0,0.9,,368,64,606,0.02573029891304348,True,0.0,False,5.0,uniform
0.3687707641196013,0.36736958934517205,1.0,0.5373376623376623,original,SKAB,fold_5,2026,5,3,3,0.5,avg_negative_log,10,0.0,0.9,,368,64,606,0.02573029891304348,True,0.0,False,5.0,uniform
0.3687707641196013,0.36736958934517205,1.0,0.5373376623376623,gaussian_noise,SKAB,fold_5,2026,5,3,3,0.5,avg_negative_log,10,0.0,0.9,,368,64,606,0.02573029891304348,True,0.0,False,5.0,uniform
0.3687707641196013,0.36736958934517205,1.0,0.5373376623376623,original,SKAB,fold_5,7,5,3,3,0.5,avg_negative_log,10,0.0,0.9,,368,64,606,0.02573029891304348,True,0.0,False,5.0,uniform
0.3687707641196013,0.36736958934517205,1.0,0.5373376623376623,gaussian_noise,SKAB,fold_5,7,5,3,3,0.5,avg_negative_log,10,0.0,0.9,,368,64,606,0.02573029891304348,True,0.0,False,5.0,uniform
0.3687707641196013,0.36736958934517205,1.0,0.5373376623376623,original,SKAB,fold_5,999,5,3,3,0.5,avg_negative_log,10,0.0,0.9,,368,64,606,0.02573029891304348,True,0.0,False,5.0,uniform
0.3687707641196013,0.36736958934517205,1.0,0.5373376623376623,gaussian_noise,SKAB,fold_5,999,5,3,3,0.5,avg_negative_log,10,0.0,0.9,,368,64,606,0.02573029891304348,True,0.0,False,5.0,uniform
0.3634336677814939,0.36201117318435755,1.0,0.5315832649712879,original,SKAB,fold_1,42,5,3,3,0.5,avg_negative_log,10,0.001,0.9,,401,71,654,0.022970742158687787,True,0.0,False,5.0,uniform
0.3634336677814939,0.36201117318435755,1.0,0.5315832649712879,gaussian_noise,SKAB,fold_1,42,5,3,3,0.5,avg_negative_log,10,0.001,0.9,,401,71,654,0.022970742158687787,True,0.0,False,5.0,uniform
0.3634336677814939,0.36201117318435755,1.0,0.5315832649712879,original,SKAB,fold_1,123,5,3,3,0.5,avg_negative_log,10,0.001,0.9,,401,71,654,0.022970742158687787,True,0.0,False,5.0,uniform
0.3634336677814939,0.36201117318435755,1.0,0.5315832649712879,gaussian_noise,SKAB,fold_1,123,5,3,3,0.5,avg_negative_log,10,0.001,0.9,,401,71,654,0.022970742158687787,True,0.0,False,5.0,uniform
0.3634336677814939,0.36201117318435755,1.0,0.5315832649712879,original,SKAB,fold_1,2026,5,3,3,0.5,avg_negative_log,10,0.001,0.9,,401,71,654,0.022970742158687787,True,0.0,False,5.0,uniform
0.3634336677814939,0.36201117318435755,1.0,0.5315832649712879,gaussian_noise,SKAB,fold_1,2026,5,3,3,0.5,avg_negative_log,10,0.001,0.9,,401,71,654,0.022970742158687787,True,0.0,False,5.0,uniform
0.3634336677814939,0.36201117318435755,1.0,0.5315832649712879,original,SKAB,fold_1,7,5,3,3,0.5,avg_negative_log,10,0.001,0.9,,401,71,654,0.022970742158687787,True,0.0,False,5.0,uniform
0.3634336677814939,0.36201117318435755,1.0,0.5315832649712879,gaussian_noise,SKAB,fold_1,7,5,3,3,0.5,avg_negative_log,10,0.001,0.9,,401,71,654,0.022970742158687787,True,0.0,False,5.0,uniform
0.3634336677814939,0.36201117318435755,1.0,0.5315832649712879,original,SKAB,fold_1,999,5,3,3,0.5,avg_negative_log,10,0.001,0.9,,401,71,654,0.022970742158687787,True,0.0,False,5.0,uniform
0.3634336677814939,0.36201117318435755,1.0,0.5315832649712879,gaussian_noise,SKAB,fold_1,999,5,3,3,0.5,avg_negative_log,10,0.001,0.9,,401,71,654,0.022970742158687787,True,0.0,False,5.0,uniform
0.3617021276595745,0.3602693602693603,1.0,0.5297029702970297,original,SKAB,fold_2,42,5,3,3,0.5,avg_negative_log,10,0.001,0.9,,419,68,716,0.025129861013617857,True,0.0,False,5.0,uniform
0.3617021276595745,0.3602693602693603,1.0,0.5297029702970297,gaussian_noise,SKAB,fold_2,42,5,3,3,0.5,avg_negative_log,10,0.001,0.9,,419,68,716,0.025129861013617857,True,0.0,False,5.0,uniform
0.3617021276595745,0.3602693602693603,1.0,0.5297029702970297,original,SKAB,fold_2,123,5,3,3,0.5,avg_negative_log,10,0.001,0.9,,419,68,716,0.025129861013617857,True,0.0,False,5.0,uniform
0.3617021276595745,0.3602693602693603,1.0,0.5297029702970297,gaussian_noise,SKAB,fold_2,123,5,3,3,0.5,avg_negative_log,10,0.001,0.9,,419,68,716,0.025129861013617857,True,0.0,False,5.0,uniform
0.3617021276595745,0.3602693602693603,1.0,0.5297029702970297,original,SKAB,fold_2,2026,5,3,3,0.5,avg_negative_log,10,0.001,0.9,,419,68,716,0.025129861013617857,True,0.0,False,5.0,uniform
0.3617021276595745,0.3602693602693603,1.0,0.5297029702970297,gaussian_noise,SKAB,fold_2,2026,5,3,3,0.5,avg_negative_log,10,0.001,0.9,,419,68,716,0.025129861013617857,True,0.0,False,5.0,uniform
0.3617021276595745,0.3602693602693603,1.0,0.5297029702970297,original,SKAB,fold_2,7,5,3,3,0.5,avg_negative_log,10,0.001,0.9,,419,68,716,0.025129861013617857,True,0.0,False,5.0,uniform
0.3617021276595745,0.3602693602693603,1.0,0.5297029702970297,gaussian_noise,SKAB,fold_2,7,5,3,3,0.5,avg_negative_log,10,0.001,0.9,,419,68,716,0.025129861013617857,True,0.0,False,5.0,uniform
0.3617021276595745,0.3602693602693603,1.0,0.5297029702970297,original,SKAB,fold_2,999,5,3,3,0.5,avg_negative_log,10,0.001,0.9,,419,68,716,0.025129861013617857,True,0.0,False,5.0,uniform
0.3617021276595745,0.3602693602693603,1.0,0.5297029702970297,gaussian_noise,SKAB,fold_2,999,5,3,3,0.5,avg_negative_log,10,0.001,0.9,,419,68,716,0.025129861013617857,True,0.0,False,5.0,uniform
0.3639417693169093,0.36251402918069586,1.0,0.5321252059308073,original,SKAB,fold_3,42,5,3,3,0.5,avg_negative_log,10,0.001,0.9,,407,69,675,0.024035893601110993,True,0.0,False,5.0,uniform
0.3639417693169093,0.36251402918069586,1.0,0.5321252059308073,gaussian_noise,SKAB,fold_3,42,5,3,3,0.5,avg_negative_log,10,0.001,0.9,,407,69,675,0.024035893601110993,True,0.0,False,5.0,uniform
0.3639417693169093,0.36251402918069586,1.0,0.5321252059308073,original,SKAB,fold_3,123,5,3,3,0.5,avg_negative_log,10,0.001,0.9,,407,69,675,0.024035893601110993,True,0.0,False,5.0,uniform
0.3639417693169093,0.36251402918069586,1.0,0.5321252059308073,gaussian_noise,SKAB,fold_3,123,5,3,3,0.5,avg_negative_log,10,0.001,0.9,,407,69,675,0.024035893601110993,True,0.0,False,5.0,uniform
0.3639417693169093,0.36251402918069586,1.0,0.5321252059308073,original,SKAB,fold_3,2026,5,3,3,0.5,avg_negative_log,10,0.001,0.9,,407,69,675,0.024035893601110993,True,0.0,False,5.0,uniform
0.3639417693169093,0.36251402918069586,1.0,0.5321252059308073,gaussian_noise,SKAB,fold_3,2026,5,3,3,0.5,avg_negative_log,10,0.001,0.9,,407,69,675,0.024035893601110993,True,0.0,False,5.0,uniform
0.3639417693169093,0.36251402918069586,1.0,0.5321252059308073,original,SKAB,fold_3,7,5,3,3,0.5,avg_negative_log,10,0.001,0.9,,407,69,675,0.024035893601110993,True,0.0,False,5.0,uniform
0.3639417693169093,0.36251402918069586,1.0,0.5321252059308073,gaussian_noise,SKAB,fold_3,7,5,3,3,0.5,avg_negative_log,10,0.001,0.9,,407,69,675,0.024035893601110993,True,0.0,False,5.0,uniform
0.3639417693169093,0.36251402918069586,1.0,0.5321252059308073,original,SKAB,fold_3,999,5,3,3,0.5,avg_negative_log,10,0.001,0.9,,407,69,675,0.024035893601110993,True,0.0,False,5.0,uniform
0.3639417693169093,0.36251402918069586,1.0,0.5321252059308073,gaussian_noise,SKAB,fold_3,999,5,3,3,0.5,avg_negative_log,10,0.001,0.9,,407,69,675,0.024035893601110993,True,0.0,False,5.0,uniform
0.35527809307604996,0.35381114903299204,1.0,0.5226890756302521,original,SKAB,fold_4,42,5,3,3,0.5,avg_negative_log,10,0.001,0.9,,403,68,670,0.02444898554955481,True,0.0,False,5.0,uniform
0.35527809307604996,0.35381114903299204,1.0,0.5226890756302521,gaussian_noise,SKAB,fold_4,42,5,3,3,0.5,avg_negative_log,10,0.001,0.9,,403,68,670,0.02444898554955481,True,0.0,False,5.0,uniform
0.35527809307604996,0.35381114903299204,1.0,0.5226890756302521,original,SKAB,fold_4,123,5,3,3,0.5,avg_negative_log,10,0.001,0.9,,403,68,670,0.02444898554955481,True,0.0,False,5.0,uniform
0.35527809307604996,0.35381114903299204,1.0,0.5226890756302521,gaussian_noise,SKAB,fold_4,123,5,3,3,0.5,avg_negative_log,10,0.001,0.9,,403,68,670,0.02444898554955481,True,0.0,False,5.0,uniform
0.35527809307604996,0.35381114903299204,1.0,0.5226890756302521,original,SKAB,fold_4,2026,5,3,3,0.5,avg_negative_log,10,0.001,0.9,,403,68,670,0.02444898554955481,True,0.0,False,5.0,uniform
0.35527809307604996,0.35381114903299204,1.0,0.5226890756302521,gaussian_noise,SKAB,fold_4,2026,5,3,3,0.5,avg_negative_log,10,0.001,0.9,,403,68,670,0.02444898554955481,True,0.0,False,5.0,uniform
0.35527809307604996,0.35381114903299204,1.0,0.5226890756302521,original,SKAB,fold_4,7,5,3,3,0.5,avg_negative_log,10,0.001,0.9,,403,68,670,0.02444898554955481,True,0.0,False,5.0,uniform
0.35527809307604996,0.35381114903299204,1.0,0.5226890756302521,gaussian_noise,SKAB,fold_4,7,5,3,3,0.5,avg_negative_log,10,0.001,0.9,,403,68,670,0.02444898554955481,True,0.0,False,5.0,uniform
0.35527809307604996,0.35381114903299204,1.0,0.5226890756302521,original,SKAB,fold_4,999,5,3,3,0.5,avg_negative_log,10,0.001,0.9,,403,68,670,0.02444898554955481,True,0.0,False,5.0,uniform
0.35527809307604996,0.35381114903299204,1.0,0.5226890756302521,gaussian_noise,SKAB,fold_4,999,5,3,3,0.5,avg_negative_log,10,0.001,0.9,,403,68,670,0.02444898554955481,True,0.0,False,5.0,uniform
0.3687707641196013,0.36736958934517205,1.0,0.5373376623376623,original,SKAB,fold_5,42,5,3,3,0.5,avg_negative_log,10,0.001,0.9,,368,64,606,0.02573029891304348,True,0.0,False,5.0,uniform
0.3687707641196013,0.36736958934517205,1.0,0.5373376623376623,gaussian_noise,SKAB,fold_5,42,5,3,3,0.5,avg_negative_log,10,0.001,0.9,,368,64,606,0.02573029891304348,True,0.0,False,5.0,uniform
0.3687707641196013,0.36736958934517205,1.0,0.5373376623376623,original,SKAB,fold_5,123,5,3,3,0.5,avg_negative_log,10,0.001,0.9,,368,64,606,0.02573029891304348,True,0.0,False,5.0,uniform
0.3687707641196013,0.36736958934517205,1.0,0.5373376623376623,gaussian_noise,SKAB,fold_5,123,5,3,3,0.5,avg_negative_log,10,0.001,0.9,,368,64,606,0.02573029891304348,True,0.0,False,5.0,uniform
0.3687707641196013,0.36736958934517205,1.0,0.5373376623376623,original,SKAB,fold_5,2026,5,3,3,0.5,avg_negative_log,10,0.001,0.9,,368,64,606,0.02573029891304348,True,0.0,False,5.0,uniform
0.3687707641196013,0.36736958934517205,1.0,0.5373376623376623,gaussian_noise,SKAB,fold_5,2026,5,3,3,0.5,avg_negative_log,10,0.001,0.9,,368,64,606,0.02573029891304348,True,0.0,False,5.0,uniform
0.3687707641196013,0.36736958934517205,1.0,0.5373376623376623,original,SKAB,fold_5,7,5,3,3,0.5,avg_negative_log,10,0.001,0.9,,368,64,606,0.02573029891304348,True,0.0,False,5.0,uniform
0.3687707641196013,0.36736958934517205,1.0,0.5373376623376623,gaussian_noise,SKAB,fold_5,7,5,3,3,0.5,avg_negative_log,10,0.001,0.9,,368,64,606,0.02573029891304348,True,0.0,False,5.0,uniform
0.3687707641196013,0.36736958934517205,1.0,0.5373376623376623,original,SKAB,fold_5,999,5,3,3,0.5,avg_negative_log,10,0.001,0.9,,368,64,606,0.02573029891304348,True,0.0,False,5.0,uniform
0.3687707641196013,0.36736958934517205,1.0,0.5373376623376623,gaussian_noise,SKAB,fold_5,999,5,3,3,0.5,avg_negative_log,10,0.001,0.9,,368,64,606,0.02573029891304348,True,0.0,False,5.0,uniform
0.3634336677814939,0.36201117318435755,1.0,0.5315832649712879,original,SKAB,fold_1,42,5,3,3,0.5,avg_negative_log,10,0.005,0.9,,401,71,654,0.022970742158687787,True,0.0,False,5.0,uniform
0.3634336677814939,0.36201117318435755,1.0,0.5315832649712879,gaussian_noise,SKAB,fold_1,42,5,3,3,0.5,avg_negative_log,10,0.005,0.9,,401,71,654,0.022970742158687787,True,0.0,False,5.0,uniform
0.3634336677814939,0.36201117318435755,1.0,0.5315832649712879,original,SKAB,fold_1,123,5,3,3,0.5,avg_negative_log,10,0.005,0.9,,401,71,654,0.022970742158687787,True,0.0,False,5.0,uniform
0.3634336677814939,0.36201117318435755,1.0,0.5315832649712879,gaussian_noise,SKAB,fold_1,123,5,3,3,0.5,avg_negative_log,10,0.005,0.9,,401,71,654,0.022970742158687787,True,0.0,False,5.0,uniform
0.3634336677814939,0.36201117318435755,1.0,0.5315832649712879,original,SKAB,fold_1,2026,5,3,3,0.5,avg_negative_log,10,0.005,0.9,,401,71,654,0.022970742158687787,True,0.0,False,5.0,uniform
0.3634336677814939,0.36201117318435755,1.0,0.5315832649712879,gaussian_noise,SKAB,fold_1,2026,5,3,3,0.5,avg_negative_log,10,0.005,0.9,,401,71,654,0.022970742158687787,True,0.0,False,5.0,uniform
0.3634336677814939,0.36201117318435755,1.0,0.5315832649712879,original,SKAB,fold_1,7,5,3,3,0.5,avg_negative_log,10,0.005,0.9,,401,71,654,0.022970742158687787,True,0.0,False,5.0,uniform
0.3634336677814939,0.36201117318435755,1.0,0.5315832649712879,gaussian_noise,SKAB,fold_1,7,5,3,3,0.5,avg_negative_log,10,0.005,0.9,,401,71,654,0.022970742158687787,True,0.0,False,5.0,uniform
0.3634336677814939,0.36201117318435755,1.0,0.5315832649712879,original,SKAB,fold_1,999,5,3,3,0.5,avg_negative_log,10,0.005,0.9,,401,71,654,0.022970742158687787,True,0.0,False,5.0,uniform
0.3634336677814939,0.36201117318435755,1.0,0.5315832649712879,gaussian_noise,SKAB,fold_1,999,5,3,3,0.5,avg_negative_log,10,0.005,0.9,,401,71,654,0.022970742158687787,True,0.0,False,5.0,uniform
0.3617021276595745,0.3602693602693603,1.0,0.5297029702970297,original,SKAB,fold_2,42,5,3,3,0.5,avg_negative_log,10,0.005,0.9,,419,68,716,0.025129861013617857,True,0.0,False,5.0,uniform
0.3617021276595745,0.3602693602693603,1.0,0.5297029702970297,gaussian_noise,SKAB,fold_2,42,5,3,3,0.5,avg_negative_log,10,0.005,0.9,,419,68,716,0.025129861013617857,True,0.0,False,5.0,uniform
0.3617021276595745,0.3602693602693603,1.0,0.5297029702970297,original,SKAB,fold_2,123,5,3,3,0.5,avg_negative_log,10,0.005,0.9,,419,68,716,0.025129861013617857,True,0.0,False,5.0,uniform
0.3617021276595745,0.3602693602693603,1.0,0.5297029702970297,gaussian_noise,SKAB,fold_2,123,5,3,3,0.5,avg_negative_log,10,0.005,0.9,,419,68,716,0.025129861013617857,True,0.0,False,5.0,uniform
0.3617021276595745,0.3602693602693603,1.0,0.5297029702970297,original,SKAB,fold_2,2026,5,3,3,0.5,avg_negative_log,10,0.005,0.9,,419,68,716,0.025129861013617857,True,0.0,False,5.0,uniform
0.3617021276595745,0.3602693602693603,1.0,0.5297029702970297,gaussian_noise,SKAB,fold_2,2026,5,3,3,0.5,avg_negative_log,10,0.005,0.9,,419,68,716,0.025129861013617857,True,0.0,False,5.0,uniform
0.3617021276595745,0.3602693602693603,1.0,0.5297029702970297,original,SKAB,fold_2,7,5,3,3,0.5,avg_negative_log,10,0.005,0.9,,419,68,716,0.025129861013617857,True,0.0,False,5.0,uniform
0.3617021276595745,0.3602693602693603,1.0,0.5297029702970297,gaussian_noise,SKAB,fold_2,7,5,3,3,0.5,avg_negative_log,10,0.005,0.9,,419,68,716,0.025129861013617857,True,0.0,False,5.0,uniform
0.3617021276595745,0.3602693602693603,1.0,0.5297029702970297,original,SKAB,fold_2,999,5,3,3,0.5,avg_negative_log,10,0.005,0.9,,419,68,716,0.025129861013617857,True,0.0,False,5.0,uniform
0.3617021276595745,0.3602693602693603,1.0,0.5297029702970297,gaussian_noise,SKAB,fold_2,999,5,3,3,0.5,avg_negative_log,10,0.005,0.9,,419,68,716,0.025129861013617857,True,0.0,False,5.0,uniform
0.3639417693169093,0.36251402918069586,1.0,0.5321252059308073,original,SKAB,fold_3,42,5,3,3,0.5,avg_negative_log,10,0.005,0.9,,407,69,675,0.024035893601110993,True,0.0,False,5.0,uniform
0.3639417693169093,0.36251402918069586,1.0,0.5321252059308073,gaussian_noise,SKAB,fold_3,42,5,3,3,0.5,avg_negative_log,10,0.005,0.9,,407,69,675,0.024035893601110993,True,0.0,False,5.0,uniform
0.3639417693169093,0.36251402918069586,1.0,0.5321252059308073,original,SKAB,fold_3,123,5,3,3,0.5,avg_negative_log,10,0.005,0.9,,407,69,675,0.024035893601110993,True,0.0,False,5.0,uniform
0.3639417693169093,0.36251402918069586,1.0,0.5321252059308073,gaussian_noise,SKAB,fold_3,123,5,3,3,0.5,avg_negative_log,10,0.005,0.9,,407,69,675,0.024035893601110993,True,0.0,False,5.0,uniform
0.3639417693169093,0.36251402918069586,1.0,0.5321252059308073,original,SKAB,fold_3,2026,5,3,3,0.5,avg_negative_log,10,0.005,0.9,,407,69,675,0.024035893601110993,True,0.0,False,5.0,uniform
0.3639417693169093,0.36251402918069586,1.0,0.5321252059308073,gaussian_noise,SKAB,fold_3,2026,5,3,3,0.5,avg_negative_log,10,0.005,0.9,,407,69,675,0.024035893601110993,True,0.0,False,5.0,uniform
0.3639417693169093,0.36251402918069586,1.0,0.5321252059308073,original,SKAB,fold_3,7,5,3,3,0.5,avg_negative_log,10,0.005,0.9,,407,69,675,0.024035893601110993,True,0.0,False,5.0,uniform
0.3639417693169093,0.36251402918069586,1.0,0.5321252059308073,gaussian_noise,SKAB,fold_3,7,5,3,3,0.5,avg_negative_log,10,0.005,0.9,,407,69,675,0.024035893601110993,True,0.0,False,5.0,uniform
0.3639417693169093,0.36251402918069586,1.0,0.5321252059308073,original,SKAB,fold_3,999,5,3,3,0.5,avg_negative_log,10,0.005,0.9,,407,69,675,0.024035893601110993,True,0.0,False,5.0,uniform
0.3639417693169093,0.36251402918069586,1.0,0.5321252059308073,gaussian_noise,SKAB,fold_3,999,5,3,3,0.5,avg_negative_log,10,0.005,0.9,,407,69,675,0.024035893601110993,True,0.0,False,5.0,uniform
0.35527809307604996,0.35381114903299204,1.0,0.5226890756302521,original,SKAB,fold_4,42,5,3,3,0.5,avg_negative_log,10,0.005,0.9,,403,68,670,0.02444898554955481,True,0.0,False,5.0,uniform
0.35527809307604996,0.35381114903299204,1.0,0.5226890756302521,gaussian_noise,SKAB,fold_4,42,5,3,3,0.5,avg_negative_log,10,0.005,0.9,,403,68,670,0.02444898554955481,True,0.0,False,5.0,uniform
0.35527809307604996,0.35381114903299204,1.0,0.5226890756302521,original,SKAB,fold_4,123,5,3,3,0.5,avg_negative_log,10,0.005,0.9,,403,68,670,0.02444898554955481,True,0.0,False,5.0,uniform
0.35527809307604996,0.35381114903299204,1.0,0.5226890756302521,gaussian_noise,SKAB,fold_4,123,5,3,3,0.5,avg_negative_log,10,0.005,0.9,,403,68,670,0.02444898554955481,True,0.0,False,5.0,uniform
0.35527809307604996,0.35381114903299204,1.0,0.5226890756302521,original,SKAB,fold_4,2026,5,3,3,0.5,avg_negative_log,10,0.005,0.9,,403,68,670,0.02444898554955481,True,0.0,False,5.0,uniform
0.35527809307604996,0.35381114903299204,1.0,0.5226890756302521,gaussian_noise,SKAB,fold_4,2026,5,3,3,0.5,avg_negative_log,10,0.005,0.9,,403,68,670,0.02444898554955481,True,0.0,False,5.0,uniform
0.35527809307604996,0.35381114903299204,1.0,0.5226890756302521,original,SKAB,fold_4,7,5,3,3,0.5,avg_negative_log,10,0.005,0.9,,403,68,670,0.02444898554955481,True,0.0,False,5.0,uniform
0.35527809307604996,0.35381114903299204,1.0,0.5226890756302521,gaussian_noise,SKAB,fold_4,7,5,3,3,0.5,avg_negative_log,10,0.005,0.9,,403,68,670,0.02444898554955481,True,0.0,False,5.0,uniform
0.35527809307604996,0.35381114903299204,1.0,0.5226890756302521,original,SKAB,fold_4,999,5,3,3,0.5,avg_negative_log,10,0.005,0.9,,403,68,670,0.02444898554955481,True,0.0,False,5.0,uniform
0.35527809307604996,0.35381114903299204,1.0,0.5226890756302521,gaussian_noise,SKAB,fold_4,999,5,3,3,0.5,avg_negative_log,10,0.005,0.9,,403,68,670,0.02444898554955481,True,0.0,False,5.0,uniform
0.3687707641196013,0.36736958934517205,1.0,0.5373376623376623,original,SKAB,fold_5,42,5,3,3,0.5,avg_negative_log,10,0.005,0.9,,368,64,606,0.02573029891304348,True,0.0,False,5.0,uniform
0.3687707641196013,0.36736958934517205,1.0,0.5373376623376623,gaussian_noise,SKAB,fold_5,42,5,3,3,0.5,avg_negative_log,10,0.005,0.9,,368,64,606,0.02573029891304348,True,0.0,False,5.0,uniform
0.3687707641196013,0.36736958934517205,1.0,0.5373376623376623,original,SKAB,fold_5,123,5,3,3,0.5,avg_negative_log,10,0.005,0.9,,368,64,606,0.02573029891304348,True,0.0,False,5.0,uniform
0.3687707641196013,0.36736958934517205,1.0,0.5373376623376623,gaussian_noise,SKAB,fold_5,123,5,3,3,0.5,avg_negative_log,10,0.005,0.9,,368,64,606,0.02573029891304348,True,0.0,False,5.0,uniform
0.3687707641196013,0.36736958934517205,1.0,0.5373376623376623,original,SKAB,fold_5,2026,5,3,3,0.5,avg_negative_log,10,0.005,0.9,,368,64,606,0.02573029891304348,True,0.0,False,5.0,uniform
0.3687707641196013,0.36736958934517205,1.0,0.5373376623376623,gaussian_noise,SKAB,fold_5,2026,5,3,3,0.5,avg_negative_log,10,0.005,0.9,,368,64,606,0.02573029891304348,True,0.0,False,5.0,uniform
0.3687707641196013,0.36736958934517205,1.0,0.5373376623376623,original,SKAB,fold_5,7,5,3,3,0.5,avg_negative_log,10,0.005,0.9,,368,64,606,0.02573029891304348,True,0.0,False,5.0,uniform
0.3687707641196013,0.36736958934517205,1.0,0.5373376623376623,gaussian_noise,SKAB,fold_5,7,5,3,3,0.5,avg_negative_log,10,0.005,0.9,,368,64,606,0.02573029891304348,True,0.0,False,5.0,uniform
0.3687707641196013,0.36736958934517205,1.0,0.5373376623376623,original,SKAB,fold_5,999,5,3,3,0.5,avg_negative_log,10,0.005,0.9,,368,64,606,0.02573029891304348,True,0.0,False,5.0,uniform
0.3687707641196013,0.36736958934517205,1.0,0.5373376623376623,gaussian_noise,SKAB,fold_5,999,5,3,3,0.5,avg_negative_log,10,0.005,0.9,,368,64,606,0.02573029891304348,True,0.0,False,5.0,uniform
0.3634336677814939,0.36201117318435755,1.0,0.5315832649712879,original,SKAB,fold_1,42,5,3,3,0.5,avg_negative_log,10,0.01,0.9,,401,71,654,0.022970742158687787,True,0.0,False,5.0,uniform
0.3634336677814939,0.36201117318435755,1.0,0.5315832649712879,gaussian_noise,SKAB,fold_1,42,5,3,3,0.5,avg_negative_log,10,0.01,0.9,,401,71,654,0.022970742158687787,True,0.0,False,5.0,uniform
0.3634336677814939,0.36201117318435755,1.0,0.5315832649712879,original,SKAB,fold_1,123,5,3,3,0.5,avg_negative_log,10,0.01,0.9,,401,71,654,0.022970742158687787,True,0.0,False,5.0,uniform
0.3634336677814939,0.36201117318435755,1.0,0.5315832649712879,gaussian_noise,SKAB,fold_1,123,5,3,3,0.5,avg_negative_log,10,0.01,0.9,,401,71,654,0.022970742158687787,True,0.0,False,5.0,uniform
0.3634336677814939,0.36201117318435755,1.0,0.5315832649712879,original,SKAB,fold_1,2026,5,3,3,0.5,avg_negative_log,10,0.01,0.9,,401,71,654,0.022970742158687787,True,0.0,False,5.0,uniform
0.3634336677814939,0.36201117318435755,1.0,0.5315832649712879,gaussian_noise,SKAB,fold_1,2026,5,3,3,0.5,avg_negative_log,10,0.01,0.9,,401,71,654,0.022970742158687787,True,0.0,False,5.0,uniform
0.3634336677814939,0.36201117318435755,1.0,0.5315832649712879,original,SKAB,fold_1,7,5,3,3,0.5,avg_negative_log,10,0.01,0.9,,401,71,654,0.022970742158687787,True,0.0,False,5.0,uniform
0.3634336677814939,0.36201117318435755,1.0,0.5315832649712879,gaussian_noise,SKAB,fold_1,7,5,3,3,0.5,avg_negative_log,10,0.01,0.9,,401,71,654,0.022970742158687787,True,0.0,False,5.0,uniform
0.3634336677814939,0.36201117318435755,1.0,0.5315832649712879,original,SKAB,fold_1,999,5,3,3,0.5,avg_negative_log,10,0.01,0.9,,401,71,654,0.022970742158687787,True,0.0,False,5.0,uniform
0.3634336677814939,0.36201117318435755,1.0,0.5315832649712879,gaussian_noise,SKAB,fold_1,999,5,3,3,0.5,avg_negative_log,10,0.01,0.9,,401,71,654,0.022970742158687787,True,0.0,False,5.0,uniform
0.3617021276595745,0.3602693602693603,1.0,0.5297029702970297,original,SKAB,fold_2,42,5,3,3,0.5,avg_negative_log,10,0.01,0.9,,419,68,716,0.025129861013617857,True,0.0,False,5.0,uniform
0.3617021276595745,0.3602693602693603,1.0,0.5297029702970297,gaussian_noise,SKAB,fold_2,42,5,3,3,0.5,avg_negative_log,10,0.01,0.9,,419,68,716,0.025129861013617857,True,0.0,False,5.0,uniform
0.3617021276595745,0.3602693602693603,1.0,0.5297029702970297,original,SKAB,fold_2,123,5,3,3,0.5,avg_negative_log,10,0.01,0.9,,419,68,716,0.025129861013617857,True,0.0,False,5.0,uniform
0.3617021276595745,0.3602693602693603,1.0,0.5297029702970297,gaussian_noise,SKAB,fold_2,123,5,3,3,0.5,avg_negative_log,10,0.01,0.9,,419,68,716,0.025129861013617857,True,0.0,False,5.0,uniform
0.3617021276595745,0.3602693602693603,1.0,0.5297029702970297,original,SKAB,fold_2,2026,5,3,3,0.5,avg_negative_log,10,0.01,0.9,,419,68,716,0.025129861013617857,True,0.0,False,5.0,uniform
0.3617021276595745,0.3602693602693603,1.0,0.5297029702970297,gaussian_noise,SKAB,fold_2,2026,5,3,3,0.5,avg_negative_log,10,0.01,0.9,,419,68,716,0.025129861013617857,True,0.0,False,5.0,uniform
0.3617021276595745,0.3602693602693603,1.0,0.5297029702970297,original,SKAB,fold_2,7,5,3,3,0.5,avg_negative_log,10,0.01,0.9,,419,68,716,0.025129861013617857,True,0.0,False,5.0,uniform
0.3617021276595745,0.3602693602693603,1.0,0.5297029702970297,gaussian_noise,SKAB,fold_2,7,5,3,3,0.5,avg_negative_log,10,0.01,0.9,,419,68,716,0.025129861013617857,True,0.0,False,5.0,uniform
0.3617021276595745,0.3602693602693603,1.0,0.5297029702970297,original,SKAB,fold_2,999,5,3,3,0.5,avg_negative_log,10,0.01,0.9,,419,68,716,0.025129861013617857,True,0.0,False,5.0,uniform
0.3617021276595745,0.3602693602693603,1.0,0.5297029702970297,gaussian_noise,SKAB,fold_2,999,5,3,3,0.5,avg_negative_log,10,0.01,0.9,,419,68,716,0.025129861013617857,True,0.0,False,5.0,uniform
0.3639417693169093,0.36251402918069586,1.0,0.5321252059308073,original,SKAB,fold_3,42,5,3,3,0.5,avg_negative_log,10,0.01,0.9,,407,69,675,0.024035893601110993,True,0.0,False,5.0,uniform
0.3639417693169093,0.36251402918069586,1.0,0.5321252059308073,gaussian_noise,SKAB,fold_3,42,5,3,3,0.5,avg_negative_log,10,0.01,0.9,,407,69,675,0.024035893601110993,True,0.0,False,5.0,uniform
0.3639417693169093,0.36251402918069586,1.0,0.5321252059308073,original,SKAB,fold_3,123,5,3,3,0.5,avg_negative_log,10,0.01,0.9,,407,69,675,0.024035893601110993,True,0.0,False,5.0,uniform
0.3639417693169093,0.36251402918069586,1.0,0.5321252059308073,gaussian_noise,SKAB,fold_3,123,5,3,3,0.5,avg_negative_log,10,0.01,0.9,,407,69,675,0.024035893601110993,True,0.0,False,5.0,uniform
0.3639417693169093,0.36251402918069586,1.0,0.5321252059308073,original,SKAB,fold_3,2026,5,3,3,0.5,avg_negative_log,10,0.01,0.9,,407,69,675,0.024035893601110993,True,0.0,False,5.0,uniform
0.3639417693169093,0.36251402918069586,1.0,0.5321252059308073,gaussian_noise,SKAB,fold_3,2026,5,3,3,0.5,avg_negative_log,10,0.01,0.9,,407,69,675,0.024035893601110993,True,0.0,False,5.0,uniform
0.3639417693169093,0.36251402918069586,1.0,0.5321252059308073,original,SKAB,fold_3,7,5,3,3,0.5,avg_negative_log,10,0.01,0.9,,407,69,675,0.024035893601110993,True,0.0,False,5.0,uniform
0.3639417693169093,0.36251402918069586,1.0,0.5321252059308073,gaussian_noise,SKAB,fold_3,7,5,3,3,0.5,avg_negative_log,10,0.01,0.9,,407,69,675,0.024035893601110993,True,0.0,False,5.0,uniform
0.3639417693169093,0.36251402918069586,1.0,0.5321252059308073,original,SKAB,fold_3,999,5,3,3,0.5,avg_negative_log,10,0.01,0.9,,407,69,675,0.024035893601110993,True,0.0,False,5.0,uniform
0.3639417693169093,0.36251402918069586,1.0,0.5321252059308073,gaussian_noise,SKAB,fold_3,999,5,3,3,0.5,avg_negative_log,10,0.01,0.9,,407,69,675,0.024035893601110993,True,0.0,False,5.0,uniform
0.35527809307604996,0.35381114903299204,1.0,0.5226890756302521,original,SKAB,fold_4,42,5,3,3,0.5,avg_negative_log,10,0.01,0.9,,403,68,670,0.02444898554955481,True,0.0,False,5.0,uniform
0.35527809307604996,0.35381114903299204,1.0,0.5226890756302521,gaussian_noise,SKAB,fold_4,42,5,3,3,0.5,avg_negative_log,10,0.01,0.9,,403,68,670,0.02444898554955481,True,0.0,False,5.0,uniform
0.35527809307604996,0.35381114903299204,1.0,0.5226890756302521,original,SKAB,fold_4,123,5,3,3,0.5,avg_negative_log,10,0.01,0.9,,403,68,670,0.02444898554955481,True,0.0,False,5.0,uniform
0.35527809307604996,0.35381114903299204,1.0,0.5226890756302521,gaussian_noise,SKAB,fold_4,123,5,3,3,0.5,avg_negative_log,10,0.01,0.9,,403,68,670,0.02444898554955481,True,0.0,False,5.0,uniform
0.35527809307604996,0.35381114903299204,1.0,0.5226890756302521,original,SKAB,fold_4,2026,5,3,3,0.5,avg_negative_log,10,0.01,0.9,,403,68,670,0.02444898554955481,True,0.0,False,5.0,uniform
0.35527809307604996,0.35381114903299204,1.0,0.5226890756302521,gaussian_noise,SKAB,fold_4,2026,5,3,3,0.5,avg_negative_log,10,0.01,0.9,,403,68,670,0.02444898554955481,True,0.0,False,5.0,uniform
0.35527809307604996,0.35381114903299204,1.0,0.5226890756302521,original,SKAB,fold_4,7,5,3,3,0.5,avg_negative_log,10,0.01,0.9,,403,68,670,0.02444898554955481,True,0.0,False,5.0,uniform
0.35527809307604996,0.35381114903299204,1.0,0.5226890756302521,gaussian_noise,SKAB,fold_4,7,5,3,3,0.5,avg_negative_log,10,0.01,0.9,,403,68,670,0.02444898554955481,True,0.0,False,5.0,uniform
0.35527809307604996,0.35381114903299204,1.0,0.5226890756302521,original,SKAB,fold_4,999,5,3,3,0.5,avg_negative_log,10,0.01,0.9,,403,68,670,0.02444898554955481,True,0.0,False,5.0,uniform
0.35527809307604996,0.35381114903299204,1.0,0.5226890756302521,gaussian_noise,SKAB,fold_4,999,5,3,3,0.5,avg_negative_log,10,0.01,0.9,,403,68,670,0.02444898554955481,True,0.0,False,5.0,uniform
0.3687707641196013,0.36736958934517205,1.0,0.5373376623376623,original,SKAB,fold_5,42,5,3,3,0.5,avg_negative_log,10,0.01,0.9,,368,64,606,0.02573029891304348,True,0.0,False,5.0,uniform
0.3687707641196013,0.36736958934517205,1.0,0.5373376623376623,gaussian_noise,SKAB,fold_5,42,5,3,3,0.5,avg_negative_log,10,0.01,0.9,,368,64,606,0.02573029891304348,True,0.0,False,5.0,uniform
0.3687707641196013,0.36736958934517205,1.0,0.5373376623376623,original,SKAB,fold_5,123,5,3,3,0.5,avg_negative_log,10,0.01,0.9,,368,64,606,0.02573029891304348,True,0.0,False,5.0,uniform
0.3687707641196013,0.36736958934517205,1.0,0.5373376623376623,gaussian_noise,SKAB,fold_5,123,5,3,3,0.5,avg_negative_log,10,0.01,0.9,,368,64,606,0.02573029891304348,True,0.0,False,5.0,uniform
0.3687707641196013,0.36736958934517205,1.0,0.5373376623376623,original,SKAB,fold_5,2026,5,3,3,0.5,avg_negative_log,10,0.01,0.9,,368,64,606,0.02573029891304348,True,0.0,False,5.0,uniform
0.3687707641196013,0.36736958934517205,1.0,0.5373376623376623,gaussian_noise,SKAB,fold_5,2026,5,3,3,0.5,avg_negative_log,10,0.01,0.9,,368,64,606,0.02573029891304348,True,0.0,False,5.0,uniform
0.3687707641196013,0.36736958934517205,1.0,0.5373376623376623,original,SKAB,fold_5,7,5,3,3,0.5,avg_negative_log,10,0.01,0.9,,368,64,606,0.02573029891304348,True,0.0,False,5.0,uniform
0.3687707641196013,0.36736958934517205,1.0,0.5373376623376623,gaussian_noise,SKAB,fold_5,7,5,3,3,0.5,avg_negative_log,10,0.01,0.9,,368,64,606,0.02573029891304348,True,0.0,False,5.0,uniform
0.3687707641196013,0.36736958934517205,1.0,0.5373376623376623,original,SKAB,fold_5,999,5,3,3,0.5,avg_negative_log,10,0.01,0.9,,368,64,606,0.02573029891304348,True,0.0,False,5.0,uniform
0.3687707641196013,0.36736958934517205,1.0,0.5373376623376623,gaussian_noise,SKAB,fold_5,999,5,3,3,0.5,avg_negative_log,10,0.01,0.9,,368,64,606,0.02573029891304348,True,0.0,False,5.0,uniform
0.3634336677814939,0.36201117318435755,1.0,0.5315832649712879,original,SKAB,fold_1,42,5,3,3,0.5,avg_negative_log,10,0.05,0.9,,401,71,654,0.022970742158687787,True,0.0,False,5.0,uniform
0.3634336677814939,0.36201117318435755,1.0,0.5315832649712879,gaussian_noise,SKAB,fold_1,42,5,3,3,0.5,avg_negative_log,10,0.05,0.9,,401,71,654,0.022970742158687787,True,0.0,False,5.0,uniform
0.3634336677814939,0.36201117318435755,1.0,0.5315832649712879,original,SKAB,fold_1,123,5,3,3,0.5,avg_negative_log,10,0.05,0.9,,401,71,654,0.022970742158687787,True,0.0,False,5.0,uniform
0.3634336677814939,0.36201117318435755,1.0,0.5315832649712879,gaussian_noise,SKAB,fold_1,123,5,3,3,0.5,avg_negative_log,10,0.05,0.9,,401,71,654,0.022970742158687787,True,0.0,False,5.0,uniform
0.3634336677814939,0.36201117318435755,1.0,0.5315832649712879,original,SKAB,fold_1,2026,5,3,3,0.5,avg_negative_log,10,0.05,0.9,,401,71,654,0.022970742158687787,True,0.0,False,5.0,uniform
0.3634336677814939,0.36201117318435755,1.0,0.5315832649712879,gaussian_noise,SKAB,fold_1,2026,5,3,3,0.5,avg_negative_log,10,0.05,0.9,,401,71,654,0.022970742158687787,True,0.0,False,5.0,uniform
0.3634336677814939,0.36201117318435755,1.0,0.5315832649712879,original,SKAB,fold_1,7,5,3,3,0.5,avg_negative_log,10,0.05,0.9,,401,71,654,0.022970742158687787,True,0.0,False,5.0,uniform
0.3634336677814939,0.36201117318435755,1.0,0.5315832649712879,gaussian_noise,SKAB,fold_1,7,5,3,3,0.5,avg_negative_log,10,0.05,0.9,,401,71,654,0.022970742158687787,True,0.0,False,5.0,uniform
0.3634336677814939,0.36201117318435755,1.0,0.5315832649712879,original,SKAB,fold_1,999,5,3,3,0.5,avg_negative_log,10,0.05,0.9,,401,71,654,0.022970742158687787,True,0.0,False,5.0,uniform
0.3634336677814939,0.36201117318435755,1.0,0.5315832649712879,gaussian_noise,SKAB,fold_1,999,5,3,3,0.5,avg_negative_log,10,0.05,0.9,,401,71,654,0.022970742158687787,True,0.0,False,5.0,uniform
0.3617021276595745,0.3602693602693603,1.0,0.5297029702970297,original,SKAB,fold_2,42,5,3,3,0.5,avg_negative_log,10,0.05,0.9,,419,68,716,0.025129861013617857,True,0.0,False,5.0,uniform
0.3617021276595745,0.3602693602693603,1.0,0.5297029702970297,gaussian_noise,SKAB,fold_2,42,5,3,3,0.5,avg_negative_log,10,0.05,0.9,,419,68,716,0.025129861013617857,True,0.0,False,5.0,uniform
0.3617021276595745,0.3602693602693603,1.0,0.5297029702970297,original,SKAB,fold_2,123,5,3,3,0.5,avg_negative_log,10,0.05,0.9,,419,68,716,0.025129861013617857,True,0.0,False,5.0,uniform
0.3617021276595745,0.3602693602693603,1.0,0.5297029702970297,gaussian_noise,SKAB,fold_2,123,5,3,3,0.5,avg_negative_log,10,0.05,0.9,,419,68,716,0.025129861013617857,True,0.0,False,5.0,uniform
0.3617021276595745,0.3602693602693603,1.0,0.5297029702970297,original,SKAB,fold_2,2026,5,3,3,0.5,avg_negative_log,10,0.05,0.9,,419,68,716,0.025129861013617857,True,0.0,False,5.0,uniform
0.3617021276595745,0.3602693602693603,1.0,0.5297029702970297,gaussian_noise,SKAB,fold_2,2026,5,3,3,0.5,avg_negative_log,10,0.05,0.9,,419,68,716,0.025129861013617857,True,0.0,False,5.0,uniform
0.3617021276595745,0.3602693602693603,1.0,0.5297029702970297,original,SKAB,fold_2,7,5,3,3,0.5,avg_negative_log,10,0.05,0.9,,419,68,716,0.025129861013617857,True,0.0,False,5.0,uniform
0.3617021276595745,0.3602693602693603,1.0,0.5297029702970297,gaussian_noise,SKAB,fold_2,7,5,3,3,0.5,avg_negative_log,10,0.05,0.9,,419,68,716,0.025129861013617857,True,0.0,False,5.0,uniform
0.3617021276595745,0.3602693602693603,1.0,0.5297029702970297,original,SKAB,fold_2,999,5,3,3,0.5,avg_negative_log,10,0.05,0.9,,419,68,716,0.025129861013617857,True,0.0,False,5.0,uniform
0.3617021276595745,0.3602693602693603,1.0,0.5297029702970297,gaussian_noise,SKAB,fold_2,999,5,3,3,0.5,avg_negative_log,10,0.05,0.9,,419,68,716,0.025129861013617857,True,0.0,False,5.0,uniform
0.3639417693169093,0.36251402918069586,1.0,0.5321252059308073,original,SKAB,fold_3,42,5,3,3,0.5,avg_negative_log,10,0.05,0.9,,407,69,675,0.024035893601110993,True,0.0,False,5.0,uniform
0.3639417693169093,0.36251402918069586,1.0,0.5321252059308073,gaussian_noise,SKAB,fold_3,42,5,3,3,0.5,avg_negative_log,10,0.05,0.9,,407,69,675,0.024035893601110993,True,0.0,False,5.0,uniform
0.3639417693169093,0.36251402918069586,1.0,0.5321252059308073,original,SKAB,fold_3,123,5,3,3,0.5,avg_negative_log,10,0.05,0.9,,407,69,675,0.024035893601110993,True,0.0,False,5.0,uniform
0.3639417693169093,0.36251402918069586,1.0,0.5321252059308073,gaussian_noise,SKAB,fold_3,123,5,3,3,0.5,avg_negative_log,10,0.05,0.9,,407,69,675,0.024035893601110993,True,0.0,False,5.0,uniform
0.3639417693169093,0.36251402918069586,1.0,0.5321252059308073,original,SKAB,fold_3,2026,5,3,3,0.5,avg_negative_log,10,0.05,0.9,,407,69,675,0.024035893601110993,True,0.0,False,5.0,uniform
0.3639417693169093,0.36251402918069586,1.0,0.5321252059308073,gaussian_noise,SKAB,fold_3,2026,5,3,3,0.5,avg_negative_log,10,0.05,0.9,,407,69,675,0.024035893601110993,True,0.0,False,5.0,uniform
0.3639417693169093,0.36251402918069586,1.0,0.5321252059308073,original,SKAB,fold_3,7,5,3,3,0.5,avg_negative_log,10,0.05,0.9,,407,69,675,0.024035893601110993,True,0.0,False,5.0,uniform
0.3639417693169093,0.36251402918069586,1.0,0.5321252059308073,gaussian_noise,SKAB,fold_3,7,5,3,3,0.5,avg_negative_log,10,0.05,0.9,,407,69,675,0.024035893601110993,True,0.0,False,5.0,uniform
0.3639417693169093,0.36251402918069586,1.0,0.5321252059308073,original,SKAB,fold_3,999,5,3,3,0.5,avg_negative_log,10,0.05,0.9,,407,69,675,0.024035893601110993,True,0.0,False,5.0,uniform
0.3639417693169093,0.36251402918069586,1.0,0.5321252059308073,gaussian_noise,SKAB,fold_3,999,5,3,3,0.5,avg_negative_log,10,0.05,0.9,,407,69,675,0.024035893601110993,True,0.0,False,5.0,uniform
0.35527809307604996,0.35381114903299204,1.0,0.5226890756302521,original,SKAB,fold_4,42,5,3,3,0.5,avg_negative_log,10,0.05,0.9,,403,68,670,0.02444898554955481,True,0.0,False,5.0,uniform
0.35527809307604996,0.35381114903299204,1.0,0.5226890756302521,gaussian_noise,SKAB,fold_4,42,5,3,3,0.5,avg_negative_log,10,0.05,0.9,,403,68,670,0.02444898554955481,True,0.0,False,5.0,uniform
0.35527809307604996,0.35381114903299204,1.0,0.5226890756302521,original,SKAB,fold_4,123,5,3,3,0.5,avg_negative_log,10,0.05,0.9,,403,68,670,0.02444898554955481,True,0.0,False,5.0,uniform
0.35527809307604996,0.35381114903299204,1.0,0.5226890756302521,gaussian_noise,SKAB,fold_4,123,5,3,3,0.5,avg_negative_log,10,0.05,0.9,,403,68,670,0.02444898554955481,True,0.0,False,5.0,uniform
0.35527809307604996,0.35381114903299204,1.0,0.5226890756302521,original,SKAB,fold_4,2026,5,3,3,0.5,avg_negative_log,10,0.05,0.9,,403,68,670,0.02444898554955481,True,0.0,False,5.0,uniform
0.35527809307604996,0.35381114903299204,1.0,0.5226890756302521,gaussian_noise,SKAB,fold_4,2026,5,3,3,0.5,avg_negative_log,10,0.05,0.9,,403,68,670,0.02444898554955481,True,0.0,False,5.0,uniform
0.35527809307604996,0.35381114903299204,1.0,0.5226890756302521,original,SKAB,fold_4,7,5,3,3,0.5,avg_negative_log,10,0.05,0.9,,403,68,670,0.02444898554955481,True,0.0,False,5.0,uniform
0.35527809307604996,0.35381114903299204,1.0,0.5226890756302521,gaussian_noise,SKAB,fold_4,7,5,3,3,0.5,avg_negative_log,10,0.05,0.9,,403,68,670,0.02444898554955481,True,0.0,False,5.0,uniform
0.35527809307604996,0.35381114903299204,1.0,0.5226890756302521,original,SKAB,fold_4,999,5,3,3,0.5,avg_negative_log,10,0.05,0.9,,403,68,670,0.02444898554955481,True,0.0,False,5.0,uniform
0.35527809307604996,0.35381114903299204,1.0,0.5226890756302521,gaussian_noise,SKAB,fold_4,999,5,3,3,0.5,avg_negative_log,10,0.05,0.9,,403,68,670,0.02444898554955481,True,0.0,False,5.0,uniform
0.49280177187153934,0.41951837769328265,1.0,0.5910714285714286,original,SKAB,fold_5,42,5,3,3,0.5,avg_negative_log,10,0.05,0.9,,368,64,606,0.02573029891304348,True,0.0,False,5.0,uniform
0.4695459579180509,0.408641975308642,1.0,0.5801928133216476,gaussian_noise,SKAB,fold_5,42,5,3,3,0.5,avg_negative_log,10,0.05,0.9,,368,64,606,0.02573029891304348,True,0.0,False,5.0,uniform
0.49280177187153934,0.41951837769328265,1.0,0.5910714285714286,original,SKAB,fold_5,123,5,3,3,0.5,avg_negative_log,10,0.05,0.9,,368,64,606,0.02573029891304348,True,0.0,False,5.0,uniform
0.48726467331118495,0.4168765743073048,1.0,0.5884444444444444,gaussian_noise,SKAB,fold_5,123,5,3,3,0.5,avg_negative_log,10,0.05,0.9,,368,64,606,0.02573029891304348,True,0.0,False,5.0,uniform
0.49280177187153934,0.41951837769328265,1.0,0.5910714285714286,original,SKAB,fold_5,2026,5,3,3,0.5,avg_negative_log,10,0.05,0.9,,368,64,606,0.02573029891304348,True,0.0,False,5.0,uniform
0.49723145071982283,0.42165605095541403,1.0,0.5931899641577061,gaussian_noise,SKAB,fold_5,2026,5,3,3,0.5,avg_negative_log,10,0.05,0.9,,368,64,606,0.02573029891304348,True,0.0,False,5.0,uniform
0.49280177187153934,0.41951837769328265,1.0,0.5910714285714286,original,SKAB,fold_5,7,5,3,3,0.5,avg_negative_log,10,0.05,0.9,,368,64,606,0.02573029891304348,True,0.0,False,5.0,uniform
0.4850498338870432,0.4158291457286432,1.0,0.5874001774622892,gaussian_noise,SKAB,fold_5,7,5,3,3,0.5,avg_negative_log,10,0.05,0.9,,368,64,606,0.02573029891304348,True,0.0,False,5.0,uniform
0.49280177187153934,0.41951837769328265,1.0,0.5910714285714286,original,SKAB,fold_5,999,5,3,3,0.5,avg_negative_log,10,0.05,0.9,,368,64,606,0.02573029891304348,True,0.0,False,5.0,uniform
0.49612403100775193,0.4211195928753181,1.0,0.5926589077887198,gaussian_noise,SKAB,fold_5,999,5,3,3,0.5,avg_negative_log,10,0.05,0.9,,368,64,606,0.02573029891304348,True,0.0,False,5.0,uniform
0.27201783723522854,0.0,0.0,0.0,original,SKAB,fold_1,42,5,3,3,0.5,avg_negative_log,10,0.1054,0.9,,401,71,654,0.022970742158687787,True,0.0,False,5.0,uniform
0.27647714604236345,0.0,0.0,0.0,gaussian_noise,SKAB,fold_1,42,5,3,3,0.5,avg_negative_log,10,0.1054,0.9,,401,71,654,0.022970742158687787,True,0.0,False,5.0,uniform
0.27201783723522854,0.0,0.0,0.0,original,SKAB,fold_1,123,5,3,3,0.5,avg_negative_log,10,0.1054,0.9,,401,71,654,0.022970742158687787,True,0.0,False,5.0,uniform
0.27647714604236345,0.0,0.0,0.0,gaussian_noise,SKAB,fold_1,123,5,3,3,0.5,avg_negative_log,10,0.1054,0.9,,401,71,654,0.022970742158687787,True,0.0,False,5.0,uniform
0.27201783723522854,0.0,0.0,0.0,original,SKAB,fold_1,2026,5,3,3,0.5,avg_negative_log,10,0.1054,0.9,,401,71,654,0.022970742158687787,True,0.0,False,5.0,uniform
0.2753623188405797,0.0,0.0,0.0,gaussian_noise,SKAB,fold_1,2026,5,3,3,0.5,avg_negative_log,10,0.1054,0.9,,401,71,654,0.022970742158687787,True,0.0,False,5.0,uniform
0.27201783723522854,0.0,0.0,0.0,original,SKAB,fold_1,7,5,3,3,0.5,avg_negative_log,10,0.1054,0.9,,401,71,654,0.022970742158687787,True,0.0,False,5.0,uniform
0.27201783723522854,0.0,0.0,0.0,gaussian_noise,SKAB,fold_1,7,5,3,3,0.5,avg_negative_log,10,0.1054,0.9,,401,71,654,0.022970742158687787,True,0.0,False,5.0,uniform
0.27201783723522854,0.0,0.0,0.0,original,SKAB,fold_1,999,5,3,3,0.5,avg_negative_log,10,0.1054,0.9,,401,71,654,0.022970742158687787,True,0.0,False,5.0,uniform
0.27424749163879597,0.0,0.0,0.0,gaussian_noise,SKAB,fold_1,999,5,3,3,0.5,avg_negative_log,10,0.1054,0.9,,401,71,654,0.022970742158687787,True,0.0,False,5.0,uniform
0.48376259798432253,0.34234234234234234,0.4735202492211838,0.39738562091503266,original,SKAB,fold_2,42,5,3,3,0.5,avg_negative_log,10,0.1054,0.9,,419,68,716,0.025129861013617857,True,0.0,False,5.0,uniform
0.5072788353863382,0.37420718816067655,0.5514018691588785,0.44584382871536526,gaussian_noise,SKAB,fold_2,42,5,3,3,0.5,avg_negative_log,10,0.1054,0.9,,419,68,716,0.025129861013617857,True,0.0,False,5.0,uniform
0.48376259798432253,0.34234234234234234,0.4735202492211838,0.39738562091503266,original,SKAB,fold_2,123,5,3,3,0.5,avg_negative_log,10,0.1054,0.9,,419,68,716,0.025129861013617857,True,0.0,False,5.0,uniform
0.5218365061590146,0.3891213389121339,0.5794392523364486,0.4655819774718398,gaussian_noise,SKAB,fold_2,123,5,3,3,0.5,avg_negative_log,10,0.1054,0.9,,419,68,716,0.025129861013617857,True,0.0,False,5.0,uniform
0.48376259798432253,0.34234234234234234,0.4735202492211838,0.39738562091503266,original,SKAB,fold_2,2026,5,3,3,0.5,avg_negative_log,10,0.1054,0.9,,419,68,716,0.025129861013617857,True,0.0,False,5.0,uniform
0.48824188129899215,0.3508771929824561,0.4984423676012461,0.4118404118404118,gaussian_noise,SKAB,fold_2,2026,5,3,3,0.5,avg_negative_log,10,0.1054,0.9,,419,68,716,0.025129861013617857,True,0.0,False,5.0,uniform
0.48376259798432253,0.34234234234234234,0.4735202492211838,0.39738562091503266,original,SKAB,fold_2,7,5,3,3,0.5,avg_negative_log,10,0.1054,0.9,,419,68,716,0.025129861013617857,True,0.0,False,5.0,uniform
0.47928331466965285,0.3392857142857143,0.4735202492211838,0.3953185955786736,gaussian_noise,SKAB,fold_2,7,5,3,3,0.5,avg_negative_log,10,0.1054,0.9,,419,68,716,0.025129861013617857,True,0.0,False,5.0,uniform
0.48376259798432253,0.34234234234234234,0.4735202492211838,0.39738562091503266,original,SKAB,fold_2,999,5,3,3,0.5,avg_negative_log,10,0.1054,0.9,,419,68,716,0.025129861013617857,True,0.0,False,5.0,uniform
0.5072788353863382,0.37420718816067655,0.5514018691588785,0.44584382871536526,gaussian_noise,SKAB,fold_2,999,5,3,3,0.5,avg_negative_log,10,0.1054,0.9,,419,68,716,0.025129861013617857,True,0.0,False,5.0,uniform
0.46808510638297873,0.3560606060606061,0.5820433436532507,0.4418331374853114,original,SKAB,fold_3,42,5,3,3,0.5,avg_negative_log,10,0.1054,0.9,,407,69,675,0.024035893601110993,True,0.0,False,5.0,uniform
0.4826427771556551,0.37153419593345655,0.6222910216718266,0.4652777777777778,gaussian_noise,SKAB,fold_3,42,5,3,3,0.5,avg_negative_log,10,0.1054,0.9,,407,69,675,0.024035893601110993,True,0.0,False,5.0,uniform
0.46808510638297873,0.3560606060606061,0.5820433436532507,0.4418331374853114,original,SKAB,fold_3,123,5,3,3,0.5,avg_negative_log,10,0.1054,0.9,,407,69,675,0.024035893601110993,True,0.0,False,5.0,uniform
0.4916013437849944,0.3806921675774135,0.6470588235294118,0.4793577981651376,gaussian_noise,SKAB,fold_3,123,5,3,3,0.5,avg_negative_log,10,0.1054,0.9,,407,69,675,0.024035893601110993,True,0.0,False,5.0,uniform
0.46808510638297873,0.3560606060606061,0.5820433436532507,0.4418331374853114,original,SKAB,fold_3,2026,5,3,3,0.5,avg_negative_log,10,0.1054,0.9,,407,69,675,0.024035893601110993,True,0.0,False,5.0,uniform
0.458006718924972,0.3448940269749518,0.5541795665634675,0.4251781472684085,gaussian_noise,SKAB,fold_3,2026,5,3,3,0.5,avg_negative_log,10,0.1054,0.9,,407,69,675,0.024035893601110993,True,0.0,False,5.0,uniform
0.46808510638297873,0.3560606060606061,0.5820433436532507,0.4418331374853114,original,SKAB,fold_3,7,5,3,3,0.5,avg_negative_log,10,0.1054,0.9,,407,69,675,0.024035893601110993,True,0.0,False,5.0,uniform
0.4658454647256439,0.35192307692307695,0.56656346749226,0.43416370106761565,gaussian_noise,SKAB,fold_3,7,5,3,3,0.5,avg_negative_log,10,0.1054,0.9,,407,69,675,0.024035893601110993,True,0.0,False,5.0,uniform
0.46808510638297873,0.3560606060606061,0.5820433436532507,0.4418331374853114,original,SKAB,fold_3,999,5,3,3,0.5,avg_negative_log,10,0.1054,0.9,,407,69,675,0.024035893601110993,True,0.0,False,5.0,uniform
0.47144456886898095,0.3586337760910816,0.5851393188854489,0.4447058823529412,gaussian_noise,SKAB,fold_3,999,5,3,3,0.5,avg_negative_log,10,0.1054,0.9,,407,69,675,0.024035893601110993,True,0.0,False,5.0,uniform
0.4426787741203178,0.3357664233576642,0.5916398713826366,0.42840512223515714,original,SKAB,fold_4,42,5,3,3,0.5,avg_negative_log,10,0.1054,0.9,,403,68,670,0.02444898554955481,True,0.0,False,5.0,uniform
0.4426787741203178,0.33516483516483514,0.5884244372990354,0.42707117852975496,gaussian_noise,SKAB,fold_4,42,5,3,3,0.5,avg_negative_log,10,0.1054,0.9,,403,68,670,0.02444898554955481,True,0.0,False,5.0,uniform
0.4426787741203178,0.3357664233576642,0.5916398713826366,0.42840512223515714,original,SKAB,fold_4,123,5,3,3,0.5,avg_negative_log,10,0.1054,0.9,,403,68,670,0.02444898554955481,True,0.0,False,5.0,uniform
0.44154370034052215,0.33455210237659966,0.5884244372990354,0.42657342657342656,gaussian_noise,SKAB,fold_4,123,5,3,3,0.5,avg_negative_log,10,0.1054,0.9,,403,68,670,0.02444898554955481,True,0.0,False,5.0,uniform
0.4426787741203178,0.3357664233576642,0.5916398713826366,0.42840512223515714,original,SKAB,fold_4,2026,5,3,3,0.5,avg_negative_log,10,0.1054,0.9,,403,68,670,0.02444898554955481,True,0.0,False,5.0,uniform
0.44154370034052215,0.33455210237659966,0.5884244372990354,0.42657342657342656,gaussian_noise,SKAB,fold_4,2026,5,3,3,0.5,avg_negative_log,10,0.1054,0.9,,403,68,670,0.02444898554955481,True,0.0,False,5.0,uniform
0.4426787741203178,0.3357664233576642,0.5916398713826366,0.42840512223515714,original,SKAB,fold_4,7,5,3,3,0.5,avg_negative_log,10,0.1054,0.9,,403,68,670,0.02444898554955481,True,0.0,False,5.0,uniform
0.4449489216799092,0.336996336996337,0.5916398713826366,0.4294049008168028,gaussian_noise,SKAB,fold_4,7,5,3,3,0.5,avg_negative_log,10,0.1054,0.9,,403,68,670,0.02444898554955481,True,0.0,False,5.0,uniform
0.4426787741203178,0.3357664233576642,0.5916398713826366,0.42840512223515714,original,SKAB,fold_4,999,5,3,3,0.5,avg_negative_log,10,0.1054,0.9,,403,68,670,0.02444898554955481,True,0.0,False,5.0,uniform
0.4426787741203178,0.3357664233576642,0.5916398713826366,0.42840512223515714,gaussian_noise,SKAB,fold_4,999,5,3,3,0.5,avg_negative_log,10,0.1054,0.9,,403,68,670,0.02444898554955481,True,0.0,False,5.0,uniform
0.6146179401993356,0.48748159057437407,1.0,0.6554455445544555,original,SKAB,fold_5,42,5,3,3,0.5,avg_negative_log,10,0.1054,0.9,,368,64,606,0.02573029891304348,True,0.0,False,5.0,uniform
0.584717607973422,0.4688385269121813,1.0,0.6383799421407907,gaussian_noise,SKAB,fold_5,42,5,3,3,0.5,avg_negative_log,10,0.1054,0.9,,368,64,606,0.02573029891304348,True,0.0,False,5.0,uniform
0.6146179401993356,0.48748159057437407,1.0,0.6554455445544555,original,SKAB,fold_5,123,5,3,3,0.5,avg_negative_log,10,0.1054,0.9,,368,64,606,0.02573029891304348,True,0.0,False,5.0,uniform
0.6124031007751938,0.48604992657856094,1.0,0.6541501976284585,gaussian_noise,SKAB,fold_5,123,5,3,3,0.5,avg_negative_log,10,0.1054,0.9,,368,64,606,0.02573029891304348,True,0.0,False,5.0,uniform
0.6146179401993356,0.48748159057437407,1.0,0.6554455445544555,original,SKAB,fold_5,2026,5,3,3,0.5,avg_negative_log,10,0.1054,0.9,,368,64,606,0.02573029891304348,True,0.0,False,5.0,uniform
0.6223698781838317,0.49255952380952384,1.0,0.6600199401794616,gaussian_noise,SKAB,fold_5,2026,5,3,3,0.5,avg_negative_log,10,0.1054,0.9,,368,64,606,0.02573029891304348,True,0.0,False,5.0,uniform
0.6146179401993356,0.48748159057437407,1.0,0.6554455445544555,original,SKAB,fold_5,7,5,3,3,0.5,avg_negative_log,10,0.1054,0.9,,368,64,606,0.02573029891304348,True,0.0,False,5.0,uniform
0.6068660022148394,0.48250728862973763,1.0,0.6509341199606686,gaussian_noise,SKAB,fold_5,7,5,3,3,0.5,avg_negative_log,10,0.1054,0.9,,368,64,606,0.02573029891304348,True,0.0,False,5.0,uniform
0.6146179401993356,0.48748159057437407,1.0,0.6554455445544555,original,SKAB,fold_5,999,5,3,3,0.5,avg_negative_log,10,0.1054,0.9,,368,64,606,0.02573029891304348,True,0.0,False,5.0,uniform
0.6168327796234773,0.48892171344165436,1.0,0.6567460317460317,gaussian_noise,SKAB,fold_5,999,5,3,3,0.5,avg_negative_log,10,0.1054,0.9,,368,64,606,0.02573029891304348,True,0.0,False,5.0,uniform
0.5005574136008919,0.0,0.0,0.0,original,SKAB,fold_1,42,5,3,3,0.5,avg_negative_log,10,0.2231,0.9,,401,71,654,0.022970742158687787,True,0.0,False,5.0,uniform
0.48606465997770343,0.0,0.0,0.0,gaussian_noise,SKAB,fold_1,42,5,3,3,0.5,avg_negative_log,10,0.2231,0.9,,401,71,654,0.022970742158687787,True,0.0,False,5.0,uniform
0.5005574136008919,0.0,0.0,0.0,original,SKAB,fold_1,123,5,3,3,0.5,avg_negative_log,10,0.2231,0.9,,401,71,654,0.022970742158687787,True,0.0,False,5.0,uniform
0.48606465997770343,0.0,0.0,0.0,gaussian_noise,SKAB,fold_1,123,5,3,3,0.5,avg_negative_log,10,0.2231,0.9,,401,71,654,0.022970742158687787,True,0.0,False,5.0,uniform
0.5005574136008919,0.0,0.0,0.0,original,SKAB,fold_1,2026,5,3,3,0.5,avg_negative_log,10,0.2231,0.9,,401,71,654,0.022970742158687787,True,0.0,False,5.0,uniform
0.48606465997770343,0.0,0.0,0.0,gaussian_noise,SKAB,fold_1,2026,5,3,3,0.5,avg_negative_log,10,0.2231,0.9,,401,71,654,0.022970742158687787,True,0.0,False,5.0,uniform
0.5005574136008919,0.0,0.0,0.0,original,SKAB,fold_1,7,5,3,3,0.5,avg_negative_log,10,0.2231,0.9,,401,71,654,0.022970742158687787,True,0.0,False,5.0,uniform
0.5005574136008919,0.0,0.0,0.0,gaussian_noise,SKAB,fold_1,7,5,3,3,0.5,avg_negative_log,10,0.2231,0.9,,401,71,654,0.022970742158687787,True,0.0,False,5.0,uniform
0.5005574136008919,0.0,0.0,0.0,original,SKAB,fold_1,999,5,3,3,0.5,avg_negative_log,10,0.2231,0.9,,401,71,654,0.022970742158687787,True,0.0,False,5.0,uniform
0.5027870680044593,0.0,0.0,0.0,gaussian_noise,SKAB,fold_1,999,5,3,3,0.5,avg_negative_log,10,0.2231,0.9,,401,71,654,0.022970742158687787,True,0.0,False,5.0,uniform
0.49720044792833146,0.35046728971962615,0.4672897196261682,0.40053404539385845,original,SKAB,fold_2,42,5,3,3,0.5,avg_negative_log,10,0.2231,0.9,,419,68,716,0.025129861013617857,True,0.0,False,5.0,uniform
0.5184770436730123,0.38074398249452956,0.5420560747663551,0.4473007712082262,gaussian_noise,SKAB,fold_2,42,5,3,3,0.5,avg_negative_log,10,0.2231,0.9,,419,68,716,0.025129861013617857,True,0.0,False,5.0,uniform
0.49720044792833146,0.35046728971962615,0.4672897196261682,0.40053404539385845,original,SKAB,fold_2,123,5,3,3,0.5,avg_negative_log,10,0.2231,0.9,,419,68,716,0.025129861013617857,True,0.0,False,5.0,uniform
0.5397536394176932,0.4008810572687225,0.5669781931464174,0.4696774193548387,gaussian_noise,SKAB,fold_2,123,5,3,3,0.5,avg_negative_log,10,0.2231,0.9,,419,68,716,0.025129861013617857,True,0.0,False,5.0,uniform
0.49720044792833146,0.35046728971962615,0.4672897196261682,0.40053404539385845,original,SKAB,fold_2,2026,5,3,3,0.5,avg_negative_log,10,0.2231,0.9,,419,68,716,0.025129861013617857,True,0.0,False,5.0,uniform
0.4916013437849944,0.3518930957683742,0.49221183800623053,0.4103896103896104,gaussian_noise,SKAB,fold_2,2026,5,3,3,0.5,avg_negative_log,10,0.2231,0.9,,419,68,716,0.025129861013617857,True,0.0,False,5.0,uniform
0.49720044792833146,0.35046728971962615,0.4672897196261682,0.40053404539385845,original,SKAB,fold_2,7,5,3,3,0.5,avg_negative_log,10,0.2231,0.9,,419,68,716,0.025129861013617857,True,0.0,False,5.0,uniform
0.49048152295632697,0.3456221198156682,0.4672897196261682,0.3973509933774834,gaussian_noise,SKAB,fold_2,7,5,3,3,0.5,avg_negative_log,10,0.2231,0.9,,419,68,716,0.025129861013617857,True,0.0,False,5.0,uniform
0.49720044792833146,0.35046728971962615,0.4672897196261682,0.40053404539385845,original,SKAB,fold_2,999,5,3,3,0.5,avg_negative_log,10,0.2231,0.9,,419,68,716,0.025129861013617857,True,0.0,False,5.0,uniform
0.5106382978723404,0.375,0.5420560747663551,0.44331210191082804,gaussian_noise,SKAB,fold_2,999,5,3,3,0.5,avg_negative_log,10,0.2231,0.9,,419,68,716,0.025129861013617857,True,0.0,False,5.0,uniform
0.49720044792833146,0.3642241379310345,0.5232198142414861,0.42947903430749684,original,SKAB,fold_3,42,5,3,3,0.5,avg_negative_log,10,0.2231,0.9,,407,69,675,0.024035893601110993,True,0.0,False,5.0,uniform
0.4916013437849944,0.3660531697341513,0.5541795665634675,0.4408866995073892,gaussian_noise,SKAB,fold_3,42,5,3,3,0.5,avg_negative_log,10,0.2231,0.9,,407,69,675,0.024035893601110993,True,0.0,False,5.0,uniform
0.49720044792833146,0.3642241379310345,0.5232198142414861,0.42947903430749684,original,SKAB,fold_3,123,5,3,3,0.5,avg_negative_log,10,0.2231,0.9,,407,69,675,0.024035893601110993,True,0.0,False,5.0,uniform
0.5207166853303471,0.3894736842105263,0.5727554179566563,0.46365914786967416,gaussian_noise,SKAB,fold_3,123,5,3,3,0.5,avg_negative_log,10,0.2231,0.9,,407,69,675,0.024035893601110993,True,0.0,False,5.0,uniform
0.49720044792833146,0.3642241379310345,0.5232198142414861,0.42947903430749684,original,SKAB,fold_3,2026,5,3,3,0.5,avg_negative_log,10,0.2231,0.9,,407,69,675,0.024035893601110993,True,0.0,False,5.0,uniform
0.4826427771556551,0.34725274725274724,0.4891640866873065,0.40616966580976865,gaussian_noise,SKAB,fold_3,2026,5,3,3,0.5,avg_negative_log,10,0.2231,0.9,,407,69,675,0.024035893601110993,True,0.0,False,5.0,uniform
0.49720044792833146,0.3642241379310345,0.5232198142414861,0.42947903430749684,original,SKAB,fold_3,7,5,3,3,0.5,avg_negative_log,10,0.2231,0.9,,407,69,675,0.024035893601110993,True,0.0,False,5.0,uniform
0.47704367301231804,0.3474576271186441,0.5077399380804953,0.4125786163522013,gaussian_noise,SKAB,fold_3,7,5,3,3,0.5,avg_negative_log,10,0.2231,0.9,,407,69,675,0.024035893601110993,True,0.0,False,5.0,uniform
0.49720044792833146,0.3642241379310345,0.5232198142414861,0.42947903430749684,original,SKAB,fold_3,999,5,3,3,0.5,avg_negative_log,10,0.2231,0.9,,407,69,675,0.024035893601110993,True,0.0,False,5.0,uniform
0.4826427771556551,0.35490605427974947,0.5263157894736842,0.4239401496259352,gaussian_noise,SKAB,fold_3,999,5,3,3,0.5,avg_negative_log,10,0.2231,0.9,,407,69,675,0.024035893601110993,True,0.0,False,5.0,uniform
0.5448354143019296,0.39864864864864863,0.5691318327974276,0.4688741721854305,original,SKAB,fold_4,42,5,3,3,0.5,avg_negative_log,10,0.2231,0.9,,403,68,670,0.02444898554955481,True,0.0,False,5.0,uniform
0.5198637911464246,0.3793103448275862,0.5659163987138264,0.4541935483870968,gaussian_noise,SKAB,fold_4,42,5,3,3,0.5,avg_negative_log,10,0.2231,0.9,,403,68,670,0.02444898554955481,True,0.0,False,5.0,uniform
0.5448354143019296,0.39864864864864863,0.5691318327974276,0.4688741721854305,original,SKAB,fold_4,123,5,3,3,0.5,avg_negative_log,10,0.2231,0.9,,403,68,670,0.02444898554955481,True,0.0,False,5.0,uniform
0.5437003405221339,0.3972911963882618,0.5659163987138264,0.46684350132625996,gaussian_noise,SKAB,fold_4,123,5,3,3,0.5,avg_negative_log,10,0.2231,0.9,,403,68,670,0.02444898554955481,True,0.0,False,5.0,uniform
0.5448354143019296,0.39864864864864863,0.5691318327974276,0.4688741721854305,original,SKAB,fold_4,2026,5,3,3,0.5,avg_negative_log,10,0.2231,0.9,,403,68,670,0.02444898554955481,True,0.0,False,5.0,uniform
0.5039727582292849,0.3665254237288136,0.5562700964630225,0.44189016602809705,gaussian_noise,SKAB,fold_4,2026,5,3,3,0.5,avg_negative_log,10,0.2231,0.9,,403,68,670,0.02444898554955481,True,0.0,False,5.0,uniform
0.5448354143019296,0.39864864864864863,0.5691318327974276,0.4688741721854305,original,SKAB,fold_4,7,5,3,3,0.5,avg_negative_log,10,0.2231,0.9,,403,68,670,0.02444898554955481,True,0.0,False,5.0,uniform
0.5641316685584563,0.41451990632318503,0.5691318327974276,0.4796747967479675,gaussian_noise,SKAB,fold_4,7,5,3,3,0.5,avg_negative_log,10,0.2231,0.9,,403,68,670,0.02444898554955481,True,0.0,False,5.0,uniform
0.5448354143019296,0.39864864864864863,0.5691318327974276,0.4688741721854305,original,SKAB,fold_4,999,5,3,3,0.5,avg_negative_log,10,0.2231,0.9,,403,68,670,0.02444898554955481,True,0.0,False,5.0,uniform
0.5437003405221339,0.39775280898876403,0.5691318327974276,0.46825396825396826,gaussian_noise,SKAB,fold_4,999,5,3,3,0.5,avg_negative_log,10,0.2231,0.9,,403,68,670,0.02444898554955481,True,0.0,False,5.0,uniform
0.5780730897009967,0.45980707395498394,0.8640483383685801,0.6002098635886673,original,SKAB,fold_5,42,5,3,3,0.5,avg_negative_log,10,0.2231,0.9,,368,64,606,0.02573029891304348,True,0.0,False,5.0,uniform
0.5780730897009967,0.4633431085043988,0.9546827794561934,0.6238894373149062,gaussian_noise,SKAB,fold_5,42,5,3,3,0.5,avg_negative_log,10,0.2231,0.9,,368,64,606,0.02573029891304348,True,0.0,False,5.0,uniform
0.5780730897009967,0.45980707395498394,0.8640483383685801,0.6002098635886673,original,SKAB,fold_5,123,5,3,3,0.5,avg_negative_log,10,0.2231,0.9,,368,64,606,0.02573029891304348,True,0.0,False,5.0,uniform
0.5880398671096345,0.46801872074882994,0.9063444108761329,0.6172839506172839,gaussian_noise,SKAB,fold_5,123,5,3,3,0.5,avg_negative_log,10,0.2231,0.9,,368,64,606,0.02573029891304348,True,0.0,False,5.0,uniform
0.5780730897009967,0.45980707395498394,0.8640483383685801,0.6002098635886673,original,SKAB,fold_5,2026,5,3,3,0.5,avg_negative_log,10,0.2231,0.9,,368,64,606,0.02573029891304348,True,0.0,False,5.0,uniform
0.6124031007751938,0.48522550544323484,0.9425981873111783,0.6406570841889117,gaussian_noise,SKAB,fold_5,2026,5,3,3,0.5,avg_negative_log,10,0.2231,0.9,,368,64,606,0.02573029891304348,True,0.0,False,5.0,uniform
0.5780730897009967,0.45980707395498394,0.8640483383685801,0.6002098635886673,original,SKAB,fold_5,7,5,3,3,0.5,avg_negative_log,10,0.2231,0.9,,368,64,606,0.02573029891304348,True,0.0,False,5.0,uniform
0.5957918050941307,0.47392638036809814,0.9335347432024169,0.6286876907426246,gaussian_noise,SKAB,fold_5,7,5,3,3,0.5,avg_negative_log,10,0.2231,0.9,,368,64,606,0.02573029891304348,True,0.0,False,5.0,uniform
0.5780730897009967,0.45980707395498394,0.8640483383685801,0.6002098635886673,original,SKAB,fold_5,999,5,3,3,0.5,avg_negative_log,10,0.2231,0.9,,368,64,606,0.02573029891304348,True,0.0,False,5.0,uniform
0.6101882613510521,0.4840182648401826,0.9607250755287009,0.6437246963562753,gaussian_noise,SKAB,fold_5,999,5,3,3,0.5,avg_negative_log,10,0.2231,0.9,,368,64,606,0.02573029891304348,True,0.0,False,5.0,uniform
0.5039018952062431,0.0,0.0,0.0,original,SKAB,fold_1,42,5,3,3,0.5,avg_negative_log,10,0.3567,0.9,,401,71,654,0.022970742158687787,True,0.0,False,5.0,uniform
0.49052396878483834,0.0,0.0,0.0,gaussian_noise,SKAB,fold_1,42,5,3,3,0.5,avg_negative_log,10,0.3567,0.9,,401,71,654,0.022970742158687787,True,0.0,False,5.0,uniform
0.5039018952062431,0.0,0.0,0.0,original,SKAB,fold_1,123,5,3,3,0.5,avg_negative_log,10,0.3567,0.9,,401,71,654,0.022970742158687787,True,0.0,False,5.0,uniform
0.49052396878483834,0.0,0.0,0.0,gaussian_noise,SKAB,fold_1,123,5,3,3,0.5,avg_negative_log,10,0.3567,0.9,,401,71,654,0.022970742158687787,True,0.0,False,5.0,uniform
0.5039018952062431,0.0,0.0,0.0,original,SKAB,fold_1,2026,5,3,3,0.5,avg_negative_log,10,0.3567,0.9,,401,71,654,0.022970742158687787,True,0.0,False,5.0,uniform
0.49052396878483834,0.0,0.0,0.0,gaussian_noise,SKAB,fold_1,2026,5,3,3,0.5,avg_negative_log,10,0.3567,0.9,,401,71,654,0.022970742158687787,True,0.0,False,5.0,uniform
0.5039018952062431,0.0,0.0,0.0,original,SKAB,fold_1,7,5,3,3,0.5,avg_negative_log,10,0.3567,0.9,,401,71,654,0.022970742158687787,True,0.0,False,5.0,uniform
0.5039018952062431,0.0,0.0,0.0,gaussian_noise,SKAB,fold_1,7,5,3,3,0.5,avg_negative_log,10,0.3567,0.9,,401,71,654,0.022970742158687787,True,0.0,False,5.0,uniform
0.5039018952062431,0.0,0.0,0.0,original,SKAB,fold_1,999,5,3,3,0.5,avg_negative_log,10,0.3567,0.9,,401,71,654,0.022970742158687787,True,0.0,False,5.0,uniform
0.5061315496098104,0.0,0.0,0.0,gaussian_noise,SKAB,fold_1,999,5,3,3,0.5,avg_negative_log,10,0.3567,0.9,,401,71,654,0.022970742158687787,True,0.0,False,5.0,uniform
0.49944008958566627,0.35,0.45794392523364486,0.3967611336032389,original,SKAB,fold_2,42,5,3,3,0.5,avg_negative_log,10,0.3567,0.9,,419,68,716,0.025129861013617857,True,0.0,False,5.0,uniform
0.5207166853303471,0.38084632516703787,0.5327102803738317,0.44415584415584414,gaussian_noise,SKAB,fold_2,42,5,3,3,0.5,avg_negative_log,10,0.3567,0.9,,419,68,716,0.025129861013617857,True,0.0,False,5.0,uniform
0.49944008958566627,0.35,0.45794392523364486,0.3967611336032389,original,SKAB,fold_2,123,5,3,3,0.5,avg_negative_log,10,0.3567,0.9,,419,68,716,0.025129861013617857,True,0.0,False,5.0,uniform
0.5408734602463606,0.4,0.5545171339563862,0.46475195822454307,gaussian_noise,SKAB,fold_2,123,5,3,3,0.5,avg_negative_log,10,0.3567,0.9,,419,68,716,0.025129861013617857,True,0.0,False,5.0,uniform
0.49944008958566627,0.35,0.45794392523364486,0.3967611336032389,original,SKAB,fold_2,2026,5,3,3,0.5,avg_negative_log,10,0.3567,0.9,,419,68,716,0.025129861013617857,True,0.0,False,5.0,uniform
0.49048152295632697,0.3490990990990991,0.48286604361370716,0.40522875816993464,gaussian_noise,SKAB,fold_2,2026,5,3,3,0.5,avg_negative_log,10,0.3567,0.9,,419,68,716,0.025129861013617857,True,0.0,False,5.0,uniform
0.49944008958566627,0.35,0.45794392523364486,0.3967611336032389,original,SKAB,fold_2,7,5,3,3,0.5,avg_negative_log,10,0.3567,0.9,,419,68,716,0.025129861013617857,True,0.0,False,5.0,uniform
0.4916013437849944,0.3442622950819672,0.45794392523364486,0.393048128342246,gaussian_noise,SKAB,fold_2,7,5,3,3,0.5,avg_negative_log,10,0.3567,0.9,,419,68,716,0.025129861013617857,True,0.0,False,5.0,uniform
0.49944008958566627,0.35,0.45794392523364486,0.3967611336032389,original,SKAB,fold_2,999,5,3,3,0.5,avg_negative_log,10,0.3567,0.9,,419,68,716,0.025129861013617857,True,0.0,False,5.0,uniform
0.5106382978723404,0.37336244541484714,0.5327102803738317,0.43902439024390244,gaussian_noise,SKAB,fold_2,999,5,3,3,0.5,avg_negative_log,10,0.3567,0.9,,419,68,716,0.025129861013617857,True,0.0,False,5.0,uniform
0.49496080627099664,0.35964912280701755,0.5077399380804953,0.42105263157894735,original,SKAB,fold_3,42,5,3,3,0.5,avg_negative_log,10,0.3567,0.9,,407,69,675,0.024035893601110993,True,0.0,False,5.0,uniform
0.48712206047032475,0.35908141962421714,0.5325077399380805,0.428927680798005,gaussian_noise,SKAB,fold_3,42,5,3,3,0.5,avg_negative_log,10,0.3567,0.9,,407,69,675,0.024035893601110993,True,0.0,False,5.0,uniform
0.49496080627099664,0.35964912280701755,0.5077399380804953,0.42105263157894735,original,SKAB,fold_3,123,5,3,3,0.5,avg_negative_log,10,0.3567,0.9,,407,69,675,0.024035893601110993,True,0.0,False,5.0,uniform
0.5173572228443449,0.38412017167381973,0.5541795665634675,0.45373891001267425,gaussian_noise,SKAB,fold_3,123,5,3,3,0.5,avg_negative_log,10,0.3567,0.9,,407,69,675,0.024035893601110993,True,0.0,False,5.0,uniform
0.49496080627099664,0.35964912280701755,0.5077399380804953,0.42105263157894735,original,SKAB,fold_3,2026,5,3,3,0.5,avg_negative_log,10,0.3567,0.9,,407,69,675,0.024035893601110993,True,0.0,False,5.0,uniform
0.47816349384098544,0.3400447427293065,0.47058823529411764,0.3948051948051948,gaussian_noise,SKAB,fold_3,2026,5,3,3,0.5,avg_negative_log,10,0.3567,0.9,,407,69,675,0.024035893601110993,True,0.0,False,5.0,uniform
0.49496080627099664,0.35964912280701755,0.5077399380804953,0.42105263157894735,original,SKAB,fold_3,7,5,3,3,0.5,avg_negative_log,10,0.3567,0.9,,407,69,675,0.024035893601110993,True,0.0,False,5.0,uniform
0.47368421052631576,0.3412526997840173,0.4891640866873065,0.4020356234096692,gaussian_noise,SKAB,fold_3,7,5,3,3,0.5,avg_negative_log,10,0.3567,0.9,,407,69,675,0.024035893601110993,True,0.0,False,5.0,uniform
0.49496080627099664,0.35964912280701755,0.5077399380804953,0.42105263157894735,original,SKAB,fold_3,999,5,3,3,0.5,avg_negative_log,10,0.3567,0.9,,407,69,675,0.024035893601110993,True,0.0,False,5.0,uniform
0.48040313549832026,0.3503184713375796,0.5108359133126935,0.4156171284634761,gaussian_noise,SKAB,fold_3,999,5,3,3,0.5,avg_negative_log,10,0.3567,0.9,,407,69,675,0.024035893601110993,True,0.0,False,5.0,uniform
0.5459704880817253,0.39863325740318906,0.5627009646302251,0.4666666666666667,original,SKAB,fold_4,42,5,3,3,0.5,avg_negative_log,10,0.3567,0.9,,403,68,670,0.02444898554955481,True,0.0,False,5.0,uniform
0.5232690124858116,0.38074398249452956,0.5594855305466238,0.453125,gaussian_noise,SKAB,fold_4,42,5,3,3,0.5,avg_negative_log,10,0.3567,0.9,,403,68,670,0.02444898554955481,True,0.0,False,5.0,uniform
0.5459704880817253,0.39863325740318906,0.5627009646302251,0.4666666666666667,original,SKAB,fold_4,123,5,3,3,0.5,avg_negative_log,10,0.3567,0.9,,403,68,670,0.02444898554955481,True,0.0,False,5.0,uniform
0.5448354143019296,0.3972602739726027,0.5594855305466238,0.46461949265687585,gaussian_noise,SKAB,fold_4,123,5,3,3,0.5,avg_negative_log,10,0.3567,0.9,,403,68,670,0.02444898554955481,True,0.0,False,5.0,uniform
0.5459704880817253,0.39863325740318906,0.5627009646302251,0.4666666666666667,original,SKAB,fold_4,2026,5,3,3,0.5,avg_negative_log,10,0.3567,0.9,,403,68,670,0.02444898554955481,True,0.0,False,5.0,uniform
0.5073779795686719,0.36774193548387096,0.5498392282958199,0.44072164948453607,gaussian_noise,SKAB,fold_4,2026,5,3,3,0.5,avg_negative_log,10,0.3567,0.9,,403,68,670,0.02444898554955481,True,0.0,False,5.0,uniform
0.5459704880817253,0.39863325740318906,0.5627009646302251,0.4666666666666667,original,SKAB,fold_4,7,5,3,3,0.5,avg_negative_log,10,0.3567,0.9,,403,68,670,0.02444898554955481,True,0.0,False,5.0,uniform
0.5664018161180476,0.4156769596199525,0.5627009646302251,0.4781420765027322,gaussian_noise,SKAB,fold_4,7,5,3,3,0.5,avg_negative_log,10,0.3567,0.9,,403,68,670,0.02444898554955481,True,0.0,False,5.0,uniform
0.5459704880817253,0.39863325740318906,0.5627009646302251,0.4666666666666667,original,SKAB,fold_4,999,5,3,3,0.5,avg_negative_log,10,0.3567,0.9,,403,68,670,0.02444898554955481,True,0.0,False,5.0,uniform
0.5459704880817253,0.39863325740318906,0.5627009646302251,0.4666666666666667,gaussian_noise,SKAB,fold_4,999,5,3,3,0.5,avg_negative_log,10,0.3567,0.9,,403,68,670,0.02444898554955481,True,0.0,False,5.0,uniform
0.5714285714285714,0.4542483660130719,0.8398791540785498,0.5896076352067868,original,SKAB,fold_5,42,5,3,3,0.5,avg_negative_log,10,0.3567,0.9,,368,64,606,0.02573029891304348,True,0.0,False,5.0,uniform
0.574750830564784,0.46074074074074073,0.9395770392749244,0.6182902584493042,gaussian_noise,SKAB,fold_5,42,5,3,3,0.5,avg_negative_log,10,0.3567,0.9,,368,64,606,0.02573029891304348,True,0.0,False,5.0,uniform
0.5714285714285714,0.4542483660130719,0.8398791540785498,0.5896076352067868,original,SKAB,fold_5,123,5,3,3,0.5,avg_negative_log,10,0.3567,0.9,,368,64,606,0.02573029891304348,True,0.0,False,5.0,uniform
0.5858250276854928,0.46614173228346456,0.8942598187311178,0.6128364389233955,gaussian_noise,SKAB,fold_5,123,5,3,3,0.5,avg_negative_log,10,0.3567,0.9,,368,64,606,0.02573029891304348,True,0.0,False,5.0,uniform
0.5714285714285714,0.4542483660130719,0.8398791540785498,0.5896076352067868,original,SKAB,fold_5,2026,5,3,3,0.5,avg_negative_log,10,0.3567,0.9,,368,64,606,0.02573029891304348,True,0.0,False,5.0,uniform
0.6035437430786268,0.47874015748031495,0.918429003021148,0.629399585921325,gaussian_noise,SKAB,fold_5,2026,5,3,3,0.5,avg_negative_log,10,0.3567,0.9,,368,64,606,0.02573029891304348,True,0.0,False,5.0,uniform
0.5714285714285714,0.4542483660130719,0.8398791540785498,0.5896076352067868,original,SKAB,fold_5,7,5,3,3,0.5,avg_negative_log,10,0.3567,0.9,,368,64,606,0.02573029891304348,True,0.0,False,5.0,uniform
0.593576965669989,0.47213622291021673,0.9214501510574018,0.6243602865916069,gaussian_noise,SKAB,fold_5,7,5,3,3,0.5,avg_negative_log,10,0.3567,0.9,,368,64,606,0.02573029891304348,True,0.0,False,5.0,uniform
0.5714285714285714,0.4542483660130719,0.8398791540785498,0.5896076352067868,original,SKAB,fold_5,999,5,3,3,0.5,avg_negative_log,10,0.3567,0.9,,368,64,606,0.02573029891304348,True,0.0,False,5.0,uniform
0.6101882613510521,0.4838709677419355,0.9516616314199395,0.6415478615071283,gaussian_noise,SKAB,fold_5,999,5,3,3,0.5,avg_negative_log,10,0.3567,0.9,,368,64,606,0.02573029891304348,True,0.0,False,5.0,uniform
0.5117056856187291,0.0,0.0,0.0,original,SKAB,fold_1,42,5,3,3,0.5,avg_negative_log,10,0.5108,0.9,,401,71,654,0.022970742158687787,True,0.0,False,5.0,uniform
0.5016722408026756,0.0,0.0,0.0,gaussian_noise,SKAB,fold_1,42,5,3,3,0.5,avg_negative_log,10,0.5108,0.9,,401,71,654,0.022970742158687787,True,0.0,False,5.0,uniform
0.5117056856187291,0.0,0.0,0.0,original,SKAB,fold_1,123,5,3,3,0.5,avg_negative_log,10,0.5108,0.9,,401,71,654,0.022970742158687787,True,0.0,False,5.0,uniform
0.5016722408026756,0.0,0.0,0.0,gaussian_noise,SKAB,fold_1,123,5,3,3,0.5,avg_negative_log,10,0.5108,0.9,,401,71,654,0.022970742158687787,True,0.0,False,5.0,uniform
0.5117056856187291,0.0,0.0,0.0,original,SKAB,fold_1,2026,5,3,3,0.5,avg_negative_log,10,0.5108,0.9,,401,71,654,0.022970742158687787,True,0.0,False,5.0,uniform
0.49944258639910816,0.0,0.0,0.0,gaussian_noise,SKAB,fold_1,2026,5,3,3,0.5,avg_negative_log,10,0.5108,0.9,,401,71,654,0.022970742158687787,True,0.0,False,5.0,uniform
0.5117056856187291,0.0,0.0,0.0,original,SKAB,fold_1,7,5,3,3,0.5,avg_negative_log,10,0.5108,0.9,,401,71,654,0.022970742158687787,True,0.0,False,5.0,uniform
0.5117056856187291,0.0,0.0,0.0,gaussian_noise,SKAB,fold_1,7,5,3,3,0.5,avg_negative_log,10,0.5108,0.9,,401,71,654,0.022970742158687787,True,0.0,False,5.0,uniform
0.5117056856187291,0.0,0.0,0.0,original,SKAB,fold_1,999,5,3,3,0.5,avg_negative_log,10,0.5108,0.9,,401,71,654,0.022970742158687787,True,0.0,False,5.0,uniform
0.5139353400222966,0.0,0.0,0.0,gaussian_noise,SKAB,fold_1,999,5,3,3,0.5,avg_negative_log,10,0.5108,0.9,,401,71,654,0.022970742158687787,True,0.0,False,5.0,uniform
0.5083986562150056,0.3525,0.4392523364485981,0.391123439667129,original,SKAB,fold_2,42,5,3,3,0.5,avg_negative_log,10,0.5108,0.9,,419,68,716,0.025129861013617857,True,0.0,False,5.0,uniform
0.5274356103023516,0.3822843822843823,0.5109034267912772,0.43733333333333335,gaussian_noise,SKAB,fold_2,42,5,3,3,0.5,avg_negative_log,10,0.5108,0.9,,419,68,716,0.025129861013617857,True,0.0,False,5.0,uniform
0.5083986562150056,0.3525,0.4392523364485981,0.391123439667129,original,SKAB,fold_2,123,5,3,3,0.5,avg_negative_log,10,0.5108,0.9,,419,68,716,0.025129861013617857,True,0.0,False,5.0,uniform
0.5442329227323628,0.3981042654028436,0.5233644859813084,0.4522207267833109,gaussian_noise,SKAB,fold_2,123,5,3,3,0.5,avg_negative_log,10,0.5108,0.9,,419,68,716,0.025129861013617857,True,0.0,False,5.0,uniform
0.5083986562150056,0.3525,0.4392523364485981,0.391123439667129,original,SKAB,fold_2,2026,5,3,3,0.5,avg_negative_log,10,0.5108,0.9,,419,68,716,0.025129861013617857,True,0.0,False,5.0,uniform
0.49384098544232924,0.3473193473193473,0.46417445482866043,0.3973333333333333,gaussian_noise,SKAB,fold_2,2026,5,3,3,0.5,avg_negative_log,10,0.5108,0.9,,419,68,716,0.025129861013617857,True,0.0,False,5.0,uniform
0.5083986562150056,0.3525,0.4392523364485981,0.391123439667129,original,SKAB,fold_2,7,5,3,3,0.5,avg_negative_log,10,0.5108,0.9,,419,68,716,0.025129861013617857,True,0.0,False,5.0,uniform
0.49608062709966405,0.34306569343065696,0.4392523364485981,0.38524590163934425,gaussian_noise,SKAB,fold_2,7,5,3,3,0.5,avg_negative_log,10,0.5108,0.9,,419,68,716,0.025129861013617857,True,0.0,False,5.0,uniform
0.5083986562150056,0.3525,0.4392523364485981,0.391123439667129,original,SKAB,fold_2,999,5,3,3,0.5,avg_negative_log,10,0.5108,0.9,,419,68,716,0.025129861013617857,True,0.0,False,5.0,uniform
0.5139977603583427,0.37188208616780044,0.5109034267912772,0.4304461942257218,gaussian_noise,SKAB,fold_2,999,5,3,3,0.5,avg_negative_log,10,0.5108,0.9,,419,68,716,0.025129861013617857,True,0.0,False,5.0,uniform
0.49384098544232924,0.3510392609699769,0.47058823529411764,0.4021164021164021,original,SKAB,fold_3,42,5,3,3,0.5,avg_negative_log,10,0.5108,0.9,,407,69,675,0.024035893601110993,True,0.0,False,5.0,uniform
0.47928331466965285,0.3422222222222222,0.47678018575851394,0.3984476067270375,gaussian_noise,SKAB,fold_3,42,5,3,3,0.5,avg_negative_log,10,0.5108,0.9,,407,69,675,0.024035893601110993,True,0.0,False,5.0,uniform
0.49384098544232924,0.3510392609699769,0.47058823529411764,0.4021164021164021,original,SKAB,fold_3,123,5,3,3,0.5,avg_negative_log,10,0.5108,0.9,,407,69,675,0.024035893601110993,True,0.0,False,5.0,uniform
0.5117581187010078,0.3712984054669704,0.5046439628482973,0.42782152230971127,gaussian_noise,SKAB,fold_3,123,5,3,3,0.5,avg_negative_log,10,0.5108,0.9,,407,69,675,0.024035893601110993,True,0.0,False,5.0,uniform
0.49384098544232924,0.3510392609699769,0.47058823529411764,0.4021164021164021,original,SKAB,fold_3,2026,5,3,3,0.5,avg_negative_log,10,0.5108,0.9,,407,69,675,0.024035893601110993,True,0.0,False,5.0,uniform
0.47368421052631576,0.3262411347517731,0.42724458204334365,0.3699731903485255,gaussian_noise,SKAB,fold_3,2026,5,3,3,0.5,avg_negative_log,10,0.5108,0.9,,407,69,675,0.024035893601110993,True,0.0,False,5.0,uniform
0.49384098544232924,0.3510392609699769,0.47058823529411764,0.4021164021164021,original,SKAB,fold_3,7,5,3,3,0.5,avg_negative_log,10,0.5108,0.9,,407,69,675,0.024035893601110993,True,0.0,False,5.0,uniform
0.47032474804031354,0.3287671232876712,0.4458204334365325,0.37844940867279897,gaussian_noise,SKAB,fold_3,7,5,3,3,0.5,avg_negative_log,10,0.5108,0.9,,407,69,675,0.024035893601110993,True,0.0,False,5.0,uniform
0.49384098544232924,0.3510392609699769,0.47058823529411764,0.4021164021164021,original,SKAB,fold_3,999,5,3,3,0.5,avg_negative_log,10,0.5108,0.9,,407,69,675,0.024035893601110993,True,0.0,False,5.0,uniform
0.47816349384098544,0.3400447427293065,0.47058823529411764,0.3948051948051948,gaussian_noise,SKAB,fold_3,999,5,3,3,0.5,avg_negative_log,10,0.5108,0.9,,407,69,675,0.024035893601110993,True,0.0,False,5.0,uniform
0.5482406356413166,0.3971631205673759,0.5401929260450161,0.45776566757493187,original,SKAB,fold_4,42,5,3,3,0.5,avg_negative_log,10,0.5108,0.9,,403,68,670,0.02444898554955481,True,0.0,False,5.0,uniform
0.5300794551645857,0.3826879271070615,0.5401929260450161,0.448,gaussian_noise,SKAB,fold_4,42,5,3,3,0.5,avg_negative_log,10,0.5108,0.9,,403,68,670,0.02444898554955481,True,0.0,False,5.0,uniform
0.5482406356413166,0.3971631205673759,0.5401929260450161,0.45776566757493187,original,SKAB,fold_4,123,5,3,3,0.5,avg_negative_log,10,0.5108,0.9,,403,68,670,0.02444898554955481,True,0.0,False,5.0,uniform
0.5482406356413166,0.3971631205673759,0.5401929260450161,0.45776566757493187,gaussian_noise,SKAB,fold_4,123,5,3,3,0.5,avg_negative_log,10,0.5108,0.9,,403,68,670,0.02444898554955481,True,0.0,False,5.0,uniform
0.5482406356413166,0.3971631205673759,0.5401929260450161,0.45776566757493187,original,SKAB,fold_4,2026,5,3,3,0.5,avg_negative_log,10,0.5108,0.9,,403,68,670,0.02444898554955481,True,0.0,False,5.0,uniform
0.5164585698070374,0.3707865168539326,0.5305466237942122,0.4365079365079365,gaussian_noise,SKAB,fold_4,2026,5,3,3,0.5,avg_negative_log,10,0.5108,0.9,,403,68,670,0.02444898554955481,True,0.0,False,5.0,uniform
0.5482406356413166,0.3971631205673759,0.5401929260450161,0.45776566757493187,original,SKAB,fold_4,7,5,3,3,0.5,avg_negative_log,10,0.5108,0.9,,403,68,670,0.02444898554955481,True,0.0,False,5.0,uniform
0.5686719636776391,0.4148148148148148,0.5401929260450161,0.4692737430167598,gaussian_noise,SKAB,fold_4,7,5,3,3,0.5,avg_negative_log,10,0.5108,0.9,,403,68,670,0.02444898554955481,True,0.0,False,5.0,uniform
0.5482406356413166,0.3971631205673759,0.5401929260450161,0.45776566757493187,original,SKAB,fold_4,999,5,3,3,0.5,avg_negative_log,10,0.5108,0.9,,403,68,670,0.02444898554955481,True,0.0,False,5.0,uniform
0.5505107832009081,0.4,0.5466237942122186,0.46195652173913043,gaussian_noise,SKAB,fold_4,999,5,3,3,0.5,avg_negative_log,10,0.5108,0.9,,403,68,670,0.02444898554955481,True,0.0,False,5.0,uniform
0.5902547065337763,0.4666666666666667,0.824773413897281,0.5960698689956332,original,SKAB,fold_5,42,5,3,3,0.5,avg_negative_log,10,0.5108,0.9,,368,64,606,0.02573029891304348,True,0.0,False,5.0,uniform
0.5891472868217055,0.46923076923076923,0.9214501510574018,0.6218144750254841,gaussian_noise,SKAB,fold_5,42,5,3,3,0.5,avg_negative_log,10,0.5108,0.9,,368,64,606,0.02573029891304348,True,0.0,False,5.0,uniform
0.5902547065337763,0.4666666666666667,0.824773413897281,0.5960698689956332,original,SKAB,fold_5,123,5,3,3,0.5,avg_negative_log,10,0.5108,0.9,,368,64,606,0.02573029891304348,True,0.0,False,5.0,uniform
0.6013289036544851,0.4764227642276423,0.8851963746223565,0.6194503171247357,gaussian_noise,SKAB,fold_5,123,5,3,3,0.5,avg_negative_log,10,0.5108,0.9,,368,64,606,0.02573029891304348,True,0.0,False,5.0,uniform
0.5902547065337763,0.4666666666666667,0.824773413897281,0.5960698689956332,original,SKAB,fold_5,2026,5,3,3,0.5,avg_negative_log,10,0.5108,0.9,,368,64,606,0.02573029891304348,True,0.0,False,5.0,uniform
0.6212624584717608,0.4909983633387889,0.9063444108761329,0.6369426751592356,gaussian_noise,SKAB,fold_5,2026,5,3,3,0.5,avg_negative_log,10,0.5108,0.9,,368,64,606,0.02573029891304348,True,0.0,False,5.0,uniform
0.5902547065337763,0.4666666666666667,0.824773413897281,0.5960698689956332,original,SKAB,fold_5,7,5,3,3,0.5,avg_negative_log,10,0.5108,0.9,,368,64,606,0.02573029891304348,True,0.0,False,5.0,uniform
0.6179401993355482,0.4887459807073955,0.918429003021148,0.6379853095487933,gaussian_noise,SKAB,fold_5,7,5,3,3,0.5,avg_negative_log,10,0.5108,0.9,,368,64,606,0.02573029891304348,True,0.0,False,5.0,uniform
0.5902547065337763,0.4666666666666667,0.824773413897281,0.5960698689956332,original,SKAB,fold_5,999,5,3,3,0.5,avg_negative_log,10,0.5108,0.9,,368,64,606,0.02573029891304348,True,0.0,False,5.0,uniform
0.6234772978959026,0.49291338582677163,0.945619335347432,0.6480331262939959,gaussian_noise,SKAB,fold_5,999,5,3,3,0.5,avg_negative_log,10,0.5108,0.9,,368,64,606,0.02573029891304348,True,0.0,False,5.0,uniform
0.5195094760312151,0.0,0.0,0.0,original,SKAB,fold_1,42,5,3,3,0.5,avg_negative_log,10,0.6931,0.9,,401,71,654,0.022970742158687787,True,0.0,False,5.0,uniform
0.5105908584169454,0.0,0.0,0.0,gaussian_noise,SKAB,fold_1,42,5,3,3,0.5,avg_negative_log,10,0.6931,0.9,,401,71,654,0.022970742158687787,True,0.0,False,5.0,uniform
0.5195094760312151,0.0,0.0,0.0,original,SKAB,fold_1,123,5,3,3,0.5,avg_negative_log,10,0.6931,0.9,,401,71,654,0.022970742158687787,True,0.0,False,5.0,uniform
0.5117056856187291,0.0,0.0,0.0,gaussian_noise,SKAB,fold_1,123,5,3,3,0.5,avg_negative_log,10,0.6931,0.9,,401,71,654,0.022970742158687787,True,0.0,False,5.0,uniform
0.5195094760312151,0.0,0.0,0.0,original,SKAB,fold_1,2026,5,3,3,0.5,avg_negative_log,10,0.6931,0.9,,401,71,654,0.022970742158687787,True,0.0,False,5.0,uniform
0.5105908584169454,0.0,0.0,0.0,gaussian_noise,SKAB,fold_1,2026,5,3,3,0.5,avg_negative_log,10,0.6931,0.9,,401,71,654,0.022970742158687787,True,0.0,False,5.0,uniform
0.5195094760312151,0.0,0.0,0.0,original,SKAB,fold_1,7,5,3,3,0.5,avg_negative_log,10,0.6931,0.9,,401,71,654,0.022970742158687787,True,0.0,False,5.0,uniform
0.5195094760312151,0.0,0.0,0.0,gaussian_noise,SKAB,fold_1,7,5,3,3,0.5,avg_negative_log,10,0.6931,0.9,,401,71,654,0.022970742158687787,True,0.0,False,5.0,uniform
0.5195094760312151,0.0,0.0,0.0,original,SKAB,fold_1,999,5,3,3,0.5,avg_negative_log,10,0.6931,0.9,,401,71,654,0.022970742158687787,True,0.0,False,5.0,uniform
0.5206243032329989,0.0,0.0,0.0,gaussian_noise,SKAB,fold_1,999,5,3,3,0.5,avg_negative_log,10,0.6931,0.9,,401,71,654,0.022970742158687787,True,0.0,False,5.0,uniform
0.5173572228443449,0.3567708333333333,0.42679127725856697,0.38865248226950355,original,SKAB,fold_2,42,5,3,3,0.5,avg_negative_log,10,0.6931,0.9,,419,68,716,0.025129861013617857,True,0.0,False,5.0,uniform
0.5319148936170213,0.38256658595641646,0.49221183800623053,0.4305177111716621,gaussian_noise,SKAB,fold_2,42,5,3,3,0.5,avg_negative_log,10,0.6931,0.9,,419,68,716,0.025129861013617857,True,0.0,False,5.0,uniform
0.5173572228443449,0.3567708333333333,0.42679127725856697,0.38865248226950355,original,SKAB,fold_2,123,5,3,3,0.5,avg_negative_log,10,0.6931,0.9,,419,68,716,0.025129861013617857,True,0.0,False,5.0,uniform
0.5464725643896976,0.39552238805970147,0.4953271028037383,0.43983402489626555,gaussian_noise,SKAB,fold_2,123,5,3,3,0.5,avg_negative_log,10,0.6931,0.9,,419,68,716,0.025129861013617857,True,0.0,False,5.0,uniform
0.5173572228443449,0.3567708333333333,0.42679127725856697,0.38865248226950355,original,SKAB,fold_2,2026,5,3,3,0.5,avg_negative_log,10,0.6931,0.9,,419,68,716,0.025129861013617857,True,0.0,False,5.0,uniform
0.5005599104143337,0.3493975903614458,0.4517133956386293,0.39402173913043476,gaussian_noise,SKAB,fold_2,2026,5,3,3,0.5,avg_negative_log,10,0.6931,0.9,,419,68,716,0.025129861013617857,True,0.0,False,5.0,uniform
0.5173572228443449,0.3567708333333333,0.42679127725856697,0.38865248226950355,original,SKAB,fold_2,7,5,3,3,0.5,avg_negative_log,10,0.6931,0.9,,419,68,716,0.025129861013617857,True,0.0,False,5.0,uniform
0.49720044792833146,0.3407960199004975,0.42679127725856697,0.3789764868603043,gaussian_noise,SKAB,fold_2,7,5,3,3,0.5,avg_negative_log,10,0.6931,0.9,,419,68,716,0.025129861013617857,True,0.0,False,5.0,uniform
0.5173572228443449,0.3567708333333333,0.42679127725856697,0.38865248226950355,original,SKAB,fold_2,999,5,3,3,0.5,avg_negative_log,10,0.6931,0.9,,419,68,716,0.025129861013617857,True,0.0,False,5.0,uniform
0.5195968645016797,0.3732394366197183,0.4953271028037383,0.42570281124497994,gaussian_noise,SKAB,fold_2,999,5,3,3,0.5,avg_negative_log,10,0.6931,0.9,,419,68,716,0.025129861013617857,True,0.0,False,5.0,uniform
0.48936170212765956,0.3374083129584352,0.42724458204334365,0.3770491803278688,original,SKAB,fold_3,42,5,3,3,0.5,avg_negative_log,10,0.6931,0.9,,407,69,675,0.024035893601110993,True,0.0,False,5.0,uniform
0.48040313549832026,0.3341176470588235,0.43962848297213625,0.37967914438502676,gaussian_noise,SKAB,fold_3,42,5,3,3,0.5,avg_negative_log,10,0.6931,0.9,,407,69,675,0.024035893601110993,True,0.0,False,5.0,uniform
0.48936170212765956,0.3374083129584352,0.42724458204334365,0.3770491803278688,original,SKAB,fold_3,123,5,3,3,0.5,avg_negative_log,10,0.6931,0.9,,407,69,675,0.024035893601110993,True,0.0,False,5.0,uniform
0.5061590145576708,0.35609756097560974,0.4520123839009288,0.39836289222373805,gaussian_noise,SKAB,fold_3,123,5,3,3,0.5,avg_negative_log,10,0.6931,0.9,,407,69,675,0.024035893601110993,True,0.0,False,5.0,uniform
0.48936170212765956,0.3374083129584352,0.42724458204334365,0.3770491803278688,original,SKAB,fold_3,2026,5,3,3,0.5,avg_negative_log,10,0.6931,0.9,,407,69,675,0.024035893601110993,True,0.0,False,5.0,uniform
0.47032474804031354,0.3125,0.38699690402476783,0.3457814661134163,gaussian_noise,SKAB,fold_3,2026,5,3,3,0.5,avg_negative_log,10,0.6931,0.9,,407,69,675,0.024035893601110993,True,0.0,False,5.0,uniform
0.48936170212765956,0.3374083129584352,0.42724458204334365,0.3770491803278688,original,SKAB,fold_3,7,5,3,3,0.5,avg_negative_log,10,0.6931,0.9,,407,69,675,0.024035893601110993,True,0.0,False,5.0,uniform
0.47032474804031354,0.3170731707317073,0.4024767801857585,0.35470668485675305,gaussian_noise,SKAB,fold_3,7,5,3,3,0.5,avg_negative_log,10,0.6931,0.9,,407,69,675,0.024035893601110993,True,0.0,False,5.0,uniform
0.48936170212765956,0.3374083129584352,0.42724458204334365,0.3770491803278688,original,SKAB,fold_3,999,5,3,3,0.5,avg_negative_log,10,0.6931,0.9,,407,69,675,0.024035893601110993,True,0.0,False,5.0,uniform
0.48488241881298993,0.3395784543325527,0.44891640866873067,0.38666666666666666,gaussian_noise,SKAB,fold_3,999,5,3,3,0.5,avg_negative_log,10,0.6931,0.9,,407,69,675,0.024035893601110993,True,0.0,False,5.0,uniform
0.5482406356413166,0.3925925925925926,0.5112540192926045,0.4441340782122905,original,SKAB,fold_4,42,5,3,3,0.5,avg_negative_log,10,0.6931,0.9,,403,68,670,0.02444898554955481,True,0.0,False,5.0,uniform
0.5334846765039728,0.3815165876777251,0.5176848874598071,0.4392905866302865,gaussian_noise,SKAB,fold_4,42,5,3,3,0.5,avg_negative_log,10,0.6931,0.9,,403,68,670,0.02444898554955481,True,0.0,False,5.0,uniform
0.5482406356413166,0.3925925925925926,0.5112540192926045,0.4441340782122905,original,SKAB,fold_4,123,5,3,3,0.5,avg_negative_log,10,0.6931,0.9,,403,68,670,0.02444898554955481,True,0.0,False,5.0,uniform
0.5493757094211124,0.39408866995073893,0.5144694533762058,0.44630404463040446,gaussian_noise,SKAB,fold_4,123,5,3,3,0.5,avg_negative_log,10,0.6931,0.9,,403,68,670,0.02444898554955481,True,0.0,False,5.0,uniform
0.5482406356413166,0.3925925925925926,0.5112540192926045,0.4441340782122905,original,SKAB,fold_4,2026,5,3,3,0.5,avg_negative_log,10,0.6931,0.9,,403,68,670,0.02444898554955481,True,0.0,False,5.0,uniform
0.5278093076049943,0.3747016706443914,0.5048231511254019,0.4301369863013699,gaussian_noise,SKAB,fold_4,2026,5,3,3,0.5,avg_negative_log,10,0.6931,0.9,,403,68,670,0.02444898554955481,True,0.0,False,5.0,uniform
0.5482406356413166,0.3925925925925926,0.5112540192926045,0.4441340782122905,original,SKAB,fold_4,7,5,3,3,0.5,avg_negative_log,10,0.6931,0.9,,403,68,670,0.02444898554955481,True,0.0,False,5.0,uniform
0.565266742338252,0.4072164948453608,0.5080385852090032,0.4520743919885551,gaussian_noise,SKAB,fold_4,7,5,3,3,0.5,avg_negative_log,10,0.6931,0.9,,403,68,670,0.02444898554955481,True,0.0,False,5.0,uniform
0.5482406356413166,0.3925925925925926,0.5112540192926045,0.4441340782122905,original,SKAB,fold_4,999,5,3,3,0.5,avg_negative_log,10,0.6931,0.9,,403,68,670,0.02444898554955481,True,0.0,False,5.0,uniform
0.5539160045402951,0.4,0.5273311897106109,0.4549237170596394,gaussian_noise,SKAB,fold_4,999,5,3,3,0.5,avg_negative_log,10,0.6931,0.9,,403,68,670,0.02444898554955481,True,0.0,False,5.0,uniform
0.5991140642303433,0.47217235188509876,0.7945619335347432,0.5923423423423423,original,SKAB,fold_5,42,5,3,3,0.5,avg_negative_log,10,0.6931,0.9,,368,64,606,0.02573029891304348,True,0.0,False,5.0,uniform
0.5902547065337763,0.46869983948635635,0.8821752265861027,0.6121593291404612,gaussian_noise,SKAB,fold_5,42,5,3,3,0.5,avg_negative_log,10,0.6931,0.9,,368,64,606,0.02573029891304348,True,0.0,False,5.0,uniform
0.5991140642303433,0.47217235188509876,0.7945619335347432,0.5923423423423423,original,SKAB,fold_5,123,5,3,3,0.5,avg_negative_log,10,0.6931,0.9,,368,64,606,0.02573029891304348,True,0.0,False,5.0,uniform
0.6101882613510521,0.4823529411764706,0.8670694864048338,0.6198704103671706,gaussian_noise,SKAB,fold_5,123,5,3,3,0.5,avg_negative_log,10,0.6931,0.9,,368,64,606,0.02573029891304348,True,0.0,False,5.0,uniform
0.5991140642303433,0.47217235188509876,0.7945619335347432,0.5923423423423423,original,SKAB,fold_5,2026,5,3,3,0.5,avg_negative_log,10,0.6931,0.9,,368,64,606,0.02573029891304348,True,0.0,False,5.0,uniform
0.6234772978959026,0.4923599320882852,0.8761329305135952,0.6304347826086957,gaussian_noise,SKAB,fold_5,2026,5,3,3,0.5,avg_negative_log,10,0.6931,0.9,,368,64,606,0.02573029891304348,True,0.0,False,5.0,uniform
0.5991140642303433,0.47217235188509876,0.7945619335347432,0.5923423423423423,original,SKAB,fold_5,7,5,3,3,0.5,avg_negative_log,10,0.6931,0.9,,368,64,606,0.02573029891304348,True,0.0,False,5.0,uniform
0.6356589147286822,0.5016722408026756,0.9063444108761329,0.6458557588805167,gaussian_noise,SKAB,fold_5,7,5,3,3,0.5,avg_negative_log,10,0.6931,0.9,,368,64,606,0.02573029891304348,True,0.0,False,5.0,uniform
0.5991140642303433,0.47217235188509876,0.7945619335347432,0.5923423423423423,original,SKAB,fold_5,999,5,3,3,0.5,avg_negative_log,10,0.6931,0.9,,368,64,606,0.02573029891304348,True,0.0,False,5.0,uniform
0.6323366555924695,0.499184339314845,0.9244712990936556,0.6483050847457628,gaussian_noise,SKAB,fold_5,999,5,3,3,0.5,avg_negative_log,10,0.6931,0.9,,368,64,606,0.02573029891304348,True,0.0,False,5.0,uniform
0.5328874024526199,0.0,0.0,0.0,original,SKAB,fold_1,42,5,3,3,0.5,avg_negative_log,10,0.9163,0.9,,401,71,654,0.022970742158687787,True,0.0,False,5.0,uniform
0.5284280936454849,0.0,0.0,0.0,gaussian_noise,SKAB,fold_1,42,5,3,3,0.5,avg_negative_log,10,0.9163,0.9,,401,71,654,0.022970742158687787,True,0.0,False,5.0,uniform
0.5328874024526199,0.0,0.0,0.0,original,SKAB,fold_1,123,5,3,3,0.5,avg_negative_log,10,0.9163,0.9,,401,71,654,0.022970742158687787,True,0.0,False,5.0,uniform
0.5306577480490524,0.0,0.0,0.0,gaussian_noise,SKAB,fold_1,123,5,3,3,0.5,avg_negative_log,10,0.9163,0.9,,401,71,654,0.022970742158687787,True,0.0,False,5.0,uniform
0.5328874024526199,0.0,0.0,0.0,original,SKAB,fold_1,2026,5,3,3,0.5,avg_negative_log,10,0.9163,0.9,,401,71,654,0.022970742158687787,True,0.0,False,5.0,uniform
0.5284280936454849,0.0,0.0,0.0,gaussian_noise,SKAB,fold_1,2026,5,3,3,0.5,avg_negative_log,10,0.9163,0.9,,401,71,654,0.022970742158687787,True,0.0,False,5.0,uniform
0.5328874024526199,0.0,0.0,0.0,original,SKAB,fold_1,7,5,3,3,0.5,avg_negative_log,10,0.9163,0.9,,401,71,654,0.022970742158687787,True,0.0,False,5.0,uniform
0.5328874024526199,0.0,0.0,0.0,gaussian_noise,SKAB,fold_1,7,5,3,3,0.5,avg_negative_log,10,0.9163,0.9,,401,71,654,0.022970742158687787,True,0.0,False,5.0,uniform
0.5328874024526199,0.0,0.0,0.0,original,SKAB,fold_1,999,5,3,3,0.5,avg_negative_log,10,0.9163,0.9,,401,71,654,0.022970742158687787,True,0.0,False,5.0,uniform
0.5340022296544036,0.0,0.0,0.0,gaussian_noise,SKAB,fold_1,999,5,3,3,0.5,avg_negative_log,10,0.9163,0.9,,401,71,654,0.022970742158687787,True,0.0,False,5.0,uniform
0.5363941769316909,0.36827195467422097,0.40498442367601245,0.3857566765578635,original,SKAB,fold_2,42,5,3,3,0.5,avg_negative_log,10,0.9163,0.9,,419,68,716,0.025129861013617857,True,0.0,False,5.0,uniform
0.5543113101903695,0.3973333333333333,0.46417445482866043,0.4281609195402299,gaussian_noise,SKAB,fold_2,42,5,3,3,0.5,avg_negative_log,10,0.9163,0.9,,419,68,716,0.025129861013617857,True,0.0,False,5.0,uniform
0.5363941769316909,0.36827195467422097,0.40498442367601245,0.3857566765578635,original,SKAB,fold_2,123,5,3,3,0.5,avg_negative_log,10,0.9163,0.9,,419,68,716,0.025129861013617857,True,0.0,False,5.0,uniform
0.5475923852183651,0.3850415512465374,0.43302180685358255,0.40762463343108507,gaussian_noise,SKAB,fold_2,123,5,3,3,0.5,avg_negative_log,10,0.9163,0.9,,419,68,716,0.025129861013617857,True,0.0,False,5.0,uniform
0.5363941769316909,0.36827195467422097,0.40498442367601245,0.3857566765578635,original,SKAB,fold_2,2026,5,3,3,0.5,avg_negative_log,10,0.9163,0.9,,419,68,716,0.025129861013617857,True,0.0,False,5.0,uniform
0.5207166853303471,0.35809018567639256,0.4205607476635514,0.3868194842406877,gaussian_noise,SKAB,fold_2,2026,5,3,3,0.5,avg_negative_log,10,0.9163,0.9,,419,68,716,0.025129861013617857,True,0.0,False,5.0,uniform
0.5363941769316909,0.36827195467422097,0.40498442367601245,0.3857566765578635,original,SKAB,fold_2,7,5,3,3,0.5,avg_negative_log,10,0.9163,0.9,,419,68,716,0.025129861013617857,True,0.0,False,5.0,uniform
0.5139977603583427,0.3485254691689008,0.40498442367601245,0.3746397694524496,gaussian_noise,SKAB,fold_2,7,5,3,3,0.5,avg_negative_log,10,0.9163,0.9,,419,68,716,0.025129861013617857,True,0.0,False,5.0,uniform
0.5363941769316909,0.36827195467422097,0.40498442367601245,0.3857566765578635,original,SKAB,fold_2,999,5,3,3,0.5,avg_negative_log,10,0.9163,0.9,,419,68,716,0.025129861013617857,True,0.0,False,5.0,uniform
0.5363941769316909,0.3822784810126582,0.470404984423676,0.42178770949720673,gaussian_noise,SKAB,fold_2,999,5,3,3,0.5,avg_negative_log,10,0.9163,0.9,,419,68,716,0.025129861013617857,True,0.0,False,5.0,uniform
0.48600223964165734,0.3247422680412371,0.39009287925696595,0.35443037974683544,original,SKAB,fold_3,42,5,3,3,0.5,avg_negative_log,10,0.9163,0.9,,407,69,675,0.024035893601110993,True,0.0,False,5.0,uniform
0.47368421052631576,0.3157894736842105,0.39009287925696595,0.3490304709141274,gaussian_noise,SKAB,fold_3,42,5,3,3,0.5,avg_negative_log,10,0.9163,0.9,,407,69,675,0.024035893601110993,True,0.0,False,5.0,uniform
0.48600223964165734,0.3247422680412371,0.39009287925696595,0.35443037974683544,original,SKAB,fold_3,123,5,3,3,0.5,avg_negative_log,10,0.9163,0.9,,407,69,675,0.024035893601110993,True,0.0,False,5.0,uniform
0.5027995520716685,0.34203655352480417,0.4055727554179567,0.37110481586402266,gaussian_noise,SKAB,fold_3,123,5,3,3,0.5,avg_negative_log,10,0.9163,0.9,,407,69,675,0.024035893601110993,True,0.0,False,5.0,uniform
0.48600223964165734,0.3247422680412371,0.39009287925696595,0.35443037974683544,original,SKAB,fold_3,2026,5,3,3,0.5,avg_negative_log,10,0.9163,0.9,,407,69,675,0.024035893601110993,True,0.0,False,5.0,uniform
0.46920492721164614,0.2986666666666667,0.34674922600619196,0.3209169054441261,gaussian_noise,SKAB,fold_3,2026,5,3,3,0.5,avg_negative_log,10,0.9163,0.9,,407,69,675,0.024035893601110993,True,0.0,False,5.0,uniform
0.48600223964165734,0.3247422680412371,0.39009287925696595,0.35443037974683544,original,SKAB,fold_3,7,5,3,3,0.5,avg_negative_log,10,0.9163,0.9,,407,69,675,0.024035893601110993,True,0.0,False,5.0,uniform
0.47032474804031354,0.3036649214659686,0.3591331269349845,0.32907801418439714,gaussian_noise,SKAB,fold_3,7,5,3,3,0.5,avg_negative_log,10,0.9163,0.9,,407,69,675,0.024035893601110993,True,0.0,False,5.0,uniform
0.48600223964165734,0.3247422680412371,0.39009287925696595,0.35443037974683544,original,SKAB,fold_3,999,5,3,3,0.5,avg_negative_log,10,0.9163,0.9,,407,69,675,0.024035893601110993,True,0.0,False,5.0,uniform
0.4826427771556551,0.32839506172839505,0.4117647058823529,0.36538461538461536,gaussian_noise,SKAB,fold_3,999,5,3,3,0.5,avg_negative_log,10,0.9163,0.9,,407,69,675,0.024035893601110993,True,0.0,False,5.0,uniform
0.5493757094211124,0.3880208333333333,0.4790996784565916,0.4287769784172662,original,SKAB,fold_4,42,5,3,3,0.5,avg_negative_log,10,0.9163,0.9,,403,68,670,0.02444898554955481,True,0.0,False,5.0,uniform
0.5391600454029511,0.38095238095238093,0.4887459807073955,0.428169014084507,gaussian_noise,SKAB,fold_4,42,5,3,3,0.5,avg_negative_log,10,0.9163,0.9,,403,68,670,0.02444898554955481,True,0.0,False,5.0,uniform
0.5493757094211124,0.3880208333333333,0.4790996784565916,0.4287769784172662,original,SKAB,fold_4,123,5,3,3,0.5,avg_negative_log,10,0.9163,0.9,,403,68,670,0.02444898554955481,True,0.0,False,5.0,uniform
0.5516458569807038,0.390625,0.48231511254019294,0.4316546762589928,gaussian_noise,SKAB,fold_4,123,5,3,3,0.5,avg_negative_log,10,0.9163,0.9,,403,68,670,0.02444898554955481,True,0.0,False,5.0,uniform
0.5493757094211124,0.3880208333333333,0.4790996784565916,0.4287769784172662,original,SKAB,fold_4,2026,5,3,3,0.5,avg_negative_log,10,0.9163,0.9,,403,68,670,0.02444898554955481,True,0.0,False,5.0,uniform
0.5425652667423383,0.38082901554404147,0.47266881028938906,0.4218077474892396,gaussian_noise,SKAB,fold_4,2026,5,3,3,0.5,avg_negative_log,10,0.9163,0.9,,403,68,670,0.02444898554955481,True,0.0,False,5.0,uniform
0.5493757094211124,0.3880208333333333,0.4790996784565916,0.4287769784172662,original,SKAB,fold_4,7,5,3,3,0.5,avg_negative_log,10,0.9163,0.9,,403,68,670,0.02444898554955481,True,0.0,False,5.0,uniform
0.5641316685584563,0.3988919667590028,0.4630225080385852,0.42857142857142855,gaussian_noise,SKAB,fold_4,7,5,3,3,0.5,avg_negative_log,10,0.9163,0.9,,403,68,670,0.02444898554955481,True,0.0,False,5.0,uniform
0.5493757094211124,0.3880208333333333,0.4790996784565916,0.4287769784172662,original,SKAB,fold_4,999,5,3,3,0.5,avg_negative_log,10,0.9163,0.9,,403,68,670,0.02444898554955481,True,0.0,False,5.0,uniform
0.5618615209988649,0.40458015267175573,0.5112540192926045,0.45170454545454547,gaussian_noise,SKAB,fold_4,999,5,3,3,0.5,avg_negative_log,10,0.9163,0.9,,403,68,670,0.02444898554955481,True,0.0,False,5.0,uniform
0.6046511627906976,0.47470817120622566,0.7371601208459214,0.5775147928994083,original,SKAB,fold_5,42,5,3,3,0.5,avg_negative_log,10,0.9163,0.9,,368,64,606,0.02573029891304348,True,0.0,False,5.0,uniform
0.593576965669989,0.46842105263157896,0.8066465256797583,0.5926748057713651,gaussian_noise,SKAB,fold_5,42,5,3,3,0.5,avg_negative_log,10,0.9163,0.9,,368,64,606,0.02573029891304348,True,0.0,False,5.0,uniform
0.6046511627906976,0.47470817120622566,0.7371601208459214,0.5775147928994083,original,SKAB,fold_5,123,5,3,3,0.5,avg_negative_log,10,0.9163,0.9,,368,64,606,0.02573029891304348,True,0.0,False,5.0,uniform
0.6223698781838317,0.4910071942446043,0.824773413897281,0.6155580608793687,gaussian_noise,SKAB,fold_5,123,5,3,3,0.5,avg_negative_log,10,0.9163,0.9,,368,64,606,0.02573029891304348,True,0.0,False,5.0,uniform
0.6046511627906976,0.47470817120622566,0.7371601208459214,0.5775147928994083,original,SKAB,fold_5,2026,5,3,3,0.5,avg_negative_log,10,0.9163,0.9,,368,64,606,0.02573029891304348,True,0.0,False,5.0,uniform
0.6234772978959026,0.49177330895795246,0.8126888217522659,0.6127562642369021,gaussian_noise,SKAB,fold_5,2026,5,3,3,0.5,avg_negative_log,10,0.9163,0.9,,368,64,606,0.02573029891304348,True,0.0,False,5.0,uniform
0.6046511627906976,0.47470817120622566,0.7371601208459214,0.5775147928994083,original,SKAB,fold_5,7,5,3,3,0.5,avg_negative_log,10,0.9163,0.9,,368,64,606,0.02573029891304348,True,0.0,False,5.0,uniform
0.6489479512735327,0.5125448028673835,0.8640483383685801,0.6434195725534309,gaussian_noise,SKAB,fold_5,7,5,3,3,0.5,avg_negative_log,10,0.9163,0.9,,368,64,606,0.02573029891304348,True,0.0,False,5.0,uniform
0.6046511627906976,0.47470817120622566,0.7371601208459214,0.5775147928994083,original,SKAB,fold_5,999,5,3,3,0.5,avg_negative_log,10,0.9163,0.9,,368,64,606,0.02573029891304348,True,0.0,False,5.0,uniform
0.6400885935769657,0.5051724137931034,0.8851963746223565,0.6432491767288694,gaussian_noise,SKAB,fold_5,999,5,3,3,0.5,avg_negative_log,10,0.9163,0.9,,368,64,606,0.02573029891304348,True,0.0,False,5.0,uniform
0.23355704697986576,0.23149394347240915,1.0,0.37595628415300547,original,SKAB,fold_1,42,6,3,3,0.5,avg_negative_log,10,0.0,0.9,,647,123,977,0.01227679973863108,True,0.0,False,5.0,uniform
0.23355704697986576,0.23149394347240915,1.0,0.37595628415300547,gaussian_noise,SKAB,fold_1,42,6,3,3,0.5,avg_negative_log,10,0.0,0.9,,647,123,977,0.01227679973863108,True,0.0,False,5.0,uniform
0.23355704697986576,0.23149394347240915,1.0,0.37595628415300547,original,SKAB,fold_1,123,6,3,3,0.5,avg_negative_log,10,0.0,0.9,,647,123,977,0.01227679973863108,True,0.0,False,5.0,uniform
0.23355704697986576,0.23149394347240915,1.0,0.37595628415300547,gaussian_noise,SKAB,fold_1,123,6,3,3,0.5,avg_negative_log,10,0.0,0.9,,647,123,977,0.01227679973863108,True,0.0,False,5.0,uniform
0.23355704697986576,0.23149394347240915,1.0,0.37595628415300547,original,SKAB,fold_1,2026,6,3,3,0.5,avg_negative_log,10,0.0,0.9,,647,123,977,0.01227679973863108,True,0.0,False,5.0,uniform
0.23355704697986576,0.23149394347240915,1.0,0.37595628415300547,gaussian_noise,SKAB,fold_1,2026,6,3,3,0.5,avg_negative_log,10,0.0,0.9,,647,123,977,0.01227679973863108,True,0.0,False,5.0,uniform
0.23355704697986576,0.23149394347240915,1.0,0.37595628415300547,original,SKAB,fold_1,7,6,3,3,0.5,avg_negative_log,10,0.0,0.9,,647,123,977,0.01227679973863108,True,0.0,False,5.0,uniform
0.23355704697986576,0.23149394347240915,1.0,0.37595628415300547,gaussian_noise,SKAB,fold_1,7,6,3,3,0.5,avg_negative_log,10,0.0,0.9,,647,123,977,0.01227679973863108,True,0.0,False,5.0,uniform
0.23355704697986576,0.23149394347240915,1.0,0.37595628415300547,original,SKAB,fold_1,999,6,3,3,0.5,avg_negative_log,10,0.0,0.9,,647,123,977,0.01227679973863108,True,0.0,False,5.0,uniform
0.23355704697986576,0.23149394347240915,1.0,0.37595628415300547,gaussian_noise,SKAB,fold_1,999,6,3,3,0.5,avg_negative_log,10,0.0,0.9,,647,123,977,0.01227679973863108,True,0.0,False,5.0,uniform
0.23180592991913745,0.22972972972972974,1.0,0.37362637362637363,original,SKAB,fold_2,42,6,3,3,0.5,avg_negative_log,10,0.0,0.9,,677,124,1016,0.012102730261590509,True,0.0,False,5.0,uniform
0.23180592991913745,0.22972972972972974,1.0,0.37362637362637363,gaussian_noise,SKAB,fold_2,42,6,3,3,0.5,avg_negative_log,10,0.0,0.9,,677,124,1016,0.012102730261590509,True,0.0,False,5.0,uniform
0.23180592991913745,0.22972972972972974,1.0,0.37362637362637363,original,SKAB,fold_2,123,6,3,3,0.5,avg_negative_log,10,0.0,0.9,,677,124,1016,0.012102730261590509,True,0.0,False,5.0,uniform
0.23180592991913745,0.22972972972972974,1.0,0.37362637362637363,gaussian_noise,SKAB,fold_2,123,6,3,3,0.5,avg_negative_log,10,0.0,0.9,,677,124,1016,0.012102730261590509,True,0.0,False,5.0,uniform
0.23180592991913745,0.22972972972972974,1.0,0.37362637362637363,original,SKAB,fold_2,2026,6,3,3,0.5,avg_negative_log,10,0.0,0.9,,677,124,1016,0.012102730261590509,True,0.0,False,5.0,uniform
0.23180592991913745,0.22972972972972974,1.0,0.37362637362637363,gaussian_noise,SKAB,fold_2,2026,6,3,3,0.5,avg_negative_log,10,0.0,0.9,,677,124,1016,0.012102730261590509,True,0.0,False,5.0,uniform
0.23180592991913745,0.22972972972972974,1.0,0.37362637362637363,original,SKAB,fold_2,7,6,3,3,0.5,avg_negative_log,10,0.0,0.9,,677,124,1016,0.012102730261590509,True,0.0,False,5.0,uniform
0.23180592991913745,0.22972972972972974,1.0,0.37362637362637363,gaussian_noise,SKAB,fold_2,7,6,3,3,0.5,avg_negative_log,10,0.0,0.9,,677,124,1016,0.012102730261590509,True,0.0,False,5.0,uniform
0.23180592991913745,0.22972972972972974,1.0,0.37362637362637363,original,SKAB,fold_2,999,6,3,3,0.5,avg_negative_log,10,0.0,0.9,,677,124,1016,0.012102730261590509,True,0.0,False,5.0,uniform
0.23180592991913745,0.22972972972972974,1.0,0.37362637362637363,gaussian_noise,SKAB,fold_2,999,6,3,3,0.5,avg_negative_log,10,0.0,0.9,,677,124,1016,0.012102730261590509,True,0.0,False,5.0,uniform
0.23450134770889489,0.23243243243243245,1.0,0.37719298245614036,original,SKAB,fold_3,42,6,3,3,0.5,avg_negative_log,10,0.0,0.9,,686,126,1028,0.011893192651210143,True,0.0,False,5.0,uniform
0.23450134770889489,0.23243243243243245,1.0,0.37719298245614036,gaussian_noise,SKAB,fold_3,42,6,3,3,0.5,avg_negative_log,10,0.0,0.9,,686,126,1028,0.011893192651210143,True,0.0,False,5.0,uniform
0.23450134770889489,0.23243243243243245,1.0,0.37719298245614036,original,SKAB,fold_3,123,6,3,3,0.5,avg_negative_log,10,0.0,0.9,,686,126,1028,0.011893192651210143,True,0.0,False,5.0,uniform
0.23450134770889489,0.23243243243243245,1.0,0.37719298245614036,gaussian_noise,SKAB,fold_3,123,6,3,3,0.5,avg_negative_log,10,0.0,0.9,,686,126,1028,0.011893192651210143,True,0.0,False,5.0,uniform
0.23450134770889489,0.23243243243243245,1.0,0.37719298245614036,original,SKAB,fold_3,2026,6,3,3,0.5,avg_negative_log,10,0.0,0.9,,686,126,1028,0.011893192651210143,True,0.0,False,5.0,uniform
0.23450134770889489,0.23243243243243245,1.0,0.37719298245614036,gaussian_noise,SKAB,fold_3,2026,6,3,3,0.5,avg_negative_log,10,0.0,0.9,,686,126,1028,0.011893192651210143,True,0.0,False,5.0,uniform
0.23450134770889489,0.23243243243243245,1.0,0.37719298245614036,original,SKAB,fold_3,7,6,3,3,0.5,avg_negative_log,10,0.0,0.9,,686,126,1028,0.011893192651210143,True,0.0,False,5.0,uniform
0.23450134770889489,0.23243243243243245,1.0,0.37719298245614036,gaussian_noise,SKAB,fold_3,7,6,3,3,0.5,avg_negative_log,10,0.0,0.9,,686,126,1028,0.011893192651210143,True,0.0,False,5.0,uniform
0.23450134770889489,0.23243243243243245,1.0,0.37719298245614036,original,SKAB,fold_3,999,6,3,3,0.5,avg_negative_log,10,0.0,0.9,,686,126,1028,0.011893192651210143,True,0.0,False,5.0,uniform
0.23450134770889489,0.23243243243243245,1.0,0.37719298245614036,gaussian_noise,SKAB,fold_3,999,6,3,3,0.5,avg_negative_log,10,0.0,0.9,,686,126,1028,0.011893192651210143,True,0.0,False,5.0,uniform
0.22404371584699453,0.2219178082191781,1.0,0.3632286995515695,original,SKAB,fold_4,42,6,3,3,0.5,avg_negative_log,10,0.0,0.9,,692,129,1032,0.011560693641618497,True,0.0,False,5.0,uniform
0.22404371584699453,0.2219178082191781,1.0,0.3632286995515695,gaussian_noise,SKAB,fold_4,42,6,3,3,0.5,avg_negative_log,10,0.0,0.9,,692,129,1032,0.011560693641618497,True,0.0,False,5.0,uniform
0.22404371584699453,0.2219178082191781,1.0,0.3632286995515695,original,SKAB,fold_4,123,6,3,3,0.5,avg_negative_log,10,0.0,0.9,,692,129,1032,0.011560693641618497,True,0.0,False,5.0,uniform
0.22404371584699453,0.2219178082191781,1.0,0.3632286995515695,gaussian_noise,SKAB,fold_4,123,6,3,3,0.5,avg_negative_log,10,0.0,0.9,,692,129,1032,0.011560693641618497,True,0.0,False,5.0,uniform
0.22404371584699453,0.2219178082191781,1.0,0.3632286995515695,original,SKAB,fold_4,2026,6,3,3,0.5,avg_negative_log,10,0.0,0.9,,692,129,1032,0.011560693641618497,True,0.0,False,5.0,uniform
0.22404371584699453,0.2219178082191781,1.0,0.3632286995515695,gaussian_noise,SKAB,fold_4,2026,6,3,3,0.5,avg_negative_log,10,0.0,0.9,,692,129,1032,0.011560693641618497,True,0.0,False,5.0,uniform
0.22404371584699453,0.2219178082191781,1.0,0.3632286995515695,original,SKAB,fold_4,7,6,3,3,0.5,avg_negative_log,10,0.0,0.9,,692,129,1032,0.011560693641618497,True,0.0,False,5.0,uniform
0.22404371584699453,0.2219178082191781,1.0,0.3632286995515695,gaussian_noise,SKAB,fold_4,7,6,3,3,0.5,avg_negative_log,10,0.0,0.9,,692,129,1032,0.011560693641618497,True,0.0,False,5.0,uniform
0.22404371584699453,0.2219178082191781,1.0,0.3632286995515695,original,SKAB,fold_4,999,6,3,3,0.5,avg_negative_log,10,0.0,0.9,,692,129,1032,0.011560693641618497,True,0.0,False,5.0,uniform
0.22404371584699453,0.2219178082191781,1.0,0.3632286995515695,gaussian_noise,SKAB,fold_4,999,6,3,3,0.5,avg_negative_log,10,0.0,0.9,,692,129,1032,0.011560693641618497,True,0.0,False,5.0,uniform
0.24101198402130491,0.2389853137516689,1.0,0.3857758620689655,original,SKAB,fold_5,42,6,3,3,0.5,avg_negative_log,10,0.0,0.9,,603,113,936,0.013736626601505746,True,0.0,False,5.0,uniform
0.24101198402130491,0.2389853137516689,1.0,0.3857758620689655,gaussian_noise,SKAB,fold_5,42,6,3,3,0.5,avg_negative_log,10,0.0,0.9,,603,113,936,0.013736626601505746,True,0.0,False,5.0,uniform
0.24101198402130491,0.2389853137516689,1.0,0.3857758620689655,original,SKAB,fold_5,123,6,3,3,0.5,avg_negative_log,10,0.0,0.9,,603,113,936,0.013736626601505746,True,0.0,False,5.0,uniform
0.24101198402130491,0.2389853137516689,1.0,0.3857758620689655,gaussian_noise,SKAB,fold_5,123,6,3,3,0.5,avg_negative_log,10,0.0,0.9,,603,113,936,0.013736626601505746,True,0.0,False,5.0,uniform
0.24101198402130491,0.2389853137516689,1.0,0.3857758620689655,original,SKAB,fold_5,2026,6,3,3,0.5,avg_negative_log,10,0.0,0.9,,603,113,936,0.013736626601505746,True,0.0,False,5.0,uniform
0.24101198402130491,0.2389853137516689,1.0,0.3857758620689655,gaussian_noise,SKAB,fold_5,2026,6,3,3,0.5,avg_negative_log,10,0.0,0.9,,603,113,936,0.013736626601505746,True,0.0,False,5.0,uniform
0.24101198402130491,0.2389853137516689,1.0,0.3857758620689655,original,SKAB,fold_5,7,6,3,3,0.5,avg_negative_log,10,0.0,0.9,,603,113,936,0.013736626601505746,True,0.0,False,5.0,uniform
0.24101198402130491,0.2389853137516689,1.0,0.3857758620689655,gaussian_noise,SKAB,fold_5,7,6,3,3,0.5,avg_negative_log,10,0.0,0.9,,603,113,936,0.013736626601505746,True,0.0,False,5.0,uniform
0.24101198402130491,0.2389853137516689,1.0,0.3857758620689655,original,SKAB,fold_5,999,6,3,3,0.5,avg_negative_log,10,0.0,0.9,,603,113,936,0.013736626601505746,True,0.0,False,5.0,uniform
0.24101198402130491,0.2389853137516689,1.0,0.3857758620689655,gaussian_noise,SKAB,fold_5,999,6,3,3,0.5,avg_negative_log,10,0.0,0.9,,603,113,936,0.013736626601505746,True,0.0,False,5.0,uniform
0.23355704697986576,0.23149394347240915,1.0,0.37595628415300547,original,SKAB,fold_1,42,6,3,3,0.5,avg_negative_log,10,0.001,0.9,,647,123,977,0.01227679973863108,True,0.0,False,5.0,uniform
0.23355704697986576,0.23149394347240915,1.0,0.37595628415300547,gaussian_noise,SKAB,fold_1,42,6,3,3,0.5,avg_negative_log,10,0.001,0.9,,647,123,977,0.01227679973863108,True,0.0,False,5.0,uniform
0.23355704697986576,0.23149394347240915,1.0,0.37595628415300547,original,SKAB,fold_1,123,6,3,3,0.5,avg_negative_log,10,0.001,0.9,,647,123,977,0.01227679973863108,True,0.0,False,5.0,uniform
0.23355704697986576,0.23149394347240915,1.0,0.37595628415300547,gaussian_noise,SKAB,fold_1,123,6,3,3,0.5,avg_negative_log,10,0.001,0.9,,647,123,977,0.01227679973863108,True,0.0,False,5.0,uniform
0.23355704697986576,0.23149394347240915,1.0,0.37595628415300547,original,SKAB,fold_1,2026,6,3,3,0.5,avg_negative_log,10,0.001,0.9,,647,123,977,0.01227679973863108,True,0.0,False,5.0,uniform
0.23355704697986576,0.23149394347240915,1.0,0.37595628415300547,gaussian_noise,SKAB,fold_1,2026,6,3,3,0.5,avg_negative_log,10,0.001,0.9,,647,123,977,0.01227679973863108,True,0.0,False,5.0,uniform
0.23355704697986576,0.23149394347240915,1.0,0.37595628415300547,original,SKAB,fold_1,7,6,3,3,0.5,avg_negative_log,10,0.001,0.9,,647,123,977,0.01227679973863108,True,0.0,False,5.0,uniform
0.23355704697986576,0.23149394347240915,1.0,0.37595628415300547,gaussian_noise,SKAB,fold_1,7,6,3,3,0.5,avg_negative_log,10,0.001,0.9,,647,123,977,0.01227679973863108,True,0.0,False,5.0,uniform
0.23355704697986576,0.23149394347240915,1.0,0.37595628415300547,original,SKAB,fold_1,999,6,3,3,0.5,avg_negative_log,10,0.001,0.9,,647,123,977,0.01227679973863108,True,0.0,False,5.0,uniform
0.23355704697986576,0.23149394347240915,1.0,0.37595628415300547,gaussian_noise,SKAB,fold_1,999,6,3,3,0.5,avg_negative_log,10,0.001,0.9,,647,123,977,0.01227679973863108,True,0.0,False,5.0,uniform
0.23180592991913745,0.22972972972972974,1.0,0.37362637362637363,original,SKAB,fold_2,42,6,3,3,0.5,avg_negative_log,10,0.001,0.9,,677,124,1016,0.012102730261590509,True,0.0,False,5.0,uniform
0.23180592991913745,0.22972972972972974,1.0,0.37362637362637363,gaussian_noise,SKAB,fold_2,42,6,3,3,0.5,avg_negative_log,10,0.001,0.9,,677,124,1016,0.012102730261590509,True,0.0,False,5.0,uniform
0.23180592991913745,0.22972972972972974,1.0,0.37362637362637363,original,SKAB,fold_2,123,6,3,3,0.5,avg_negative_log,10,0.001,0.9,,677,124,1016,0.012102730261590509,True,0.0,False,5.0,uniform
0.23180592991913745,0.22972972972972974,1.0,0.37362637362637363,gaussian_noise,SKAB,fold_2,123,6,3,3,0.5,avg_negative_log,10,0.001,0.9,,677,124,1016,0.012102730261590509,True,0.0,False,5.0,uniform
0.23180592991913745,0.22972972972972974,1.0,0.37362637362637363,original,SKAB,fold_2,2026,6,3,3,0.5,avg_negative_log,10,0.001,0.9,,677,124,1016,0.012102730261590509,True,0.0,False,5.0,uniform
0.23180592991913745,0.22972972972972974,1.0,0.37362637362637363,gaussian_noise,SKAB,fold_2,2026,6,3,3,0.5,avg_negative_log,10,0.001,0.9,,677,124,1016,0.012102730261590509,True,0.0,False,5.0,uniform
0.23180592991913745,0.22972972972972974,1.0,0.37362637362637363,original,SKAB,fold_2,7,6,3,3,0.5,avg_negative_log,10,0.001,0.9,,677,124,1016,0.012102730261590509,True,0.0,False,5.0,uniform
0.23180592991913745,0.22972972972972974,1.0,0.37362637362637363,gaussian_noise,SKAB,fold_2,7,6,3,3,0.5,avg_negative_log,10,0.001,0.9,,677,124,1016,0.012102730261590509,True,0.0,False,5.0,uniform
0.23180592991913745,0.22972972972972974,1.0,0.37362637362637363,original,SKAB,fold_2,999,6,3,3,0.5,avg_negative_log,10,0.001,0.9,,677,124,1016,0.012102730261590509,True,0.0,False,5.0,uniform
0.23180592991913745,0.22972972972972974,1.0,0.37362637362637363,gaussian_noise,SKAB,fold_2,999,6,3,3,0.5,avg_negative_log,10,0.001,0.9,,677,124,1016,0.012102730261590509,True,0.0,False,5.0,uniform
0.23450134770889489,0.23243243243243245,1.0,0.37719298245614036,original,SKAB,fold_3,42,6,3,3,0.5,avg_negative_log,10,0.001,0.9,,686,126,1028,0.011893192651210143,True,0.0,False,5.0,uniform
0.23450134770889489,0.23243243243243245,1.0,0.37719298245614036,gaussian_noise,SKAB,fold_3,42,6,3,3,0.5,avg_negative_log,10,0.001,0.9,,686,126,1028,0.011893192651210143,True,0.0,False,5.0,uniform
0.23450134770889489,0.23243243243243245,1.0,0.37719298245614036,original,SKAB,fold_3,123,6,3,3,0.5,avg_negative_log,10,0.001,0.9,,686,126,1028,0.011893192651210143,True,0.0,False,5.0,uniform
0.23450134770889489,0.23243243243243245,1.0,0.37719298245614036,gaussian_noise,SKAB,fold_3,123,6,3,3,0.5,avg_negative_log,10,0.001,0.9,,686,126,1028,0.011893192651210143,True,0.0,False,5.0,uniform
0.23450134770889489,0.23243243243243245,1.0,0.37719298245614036,original,SKAB,fold_3,2026,6,3,3,0.5,avg_negative_log,10,0.001,0.9,,686,126,1028,0.011893192651210143,True,0.0,False,5.0,uniform
0.23450134770889489,0.23243243243243245,1.0,0.37719298245614036,gaussian_noise,SKAB,fold_3,2026,6,3,3,0.5,avg_negative_log,10,0.001,0.9,,686,126,1028,0.011893192651210143,True,0.0,False,5.0,uniform
0.23450134770889489,0.23243243243243245,1.0,0.37719298245614036,original,SKAB,fold_3,7,6,3,3,0.5,avg_negative_log,10,0.001,0.9,,686,126,1028,0.011893192651210143,True,0.0,False,5.0,uniform
0.23450134770889489,0.23243243243243245,1.0,0.37719298245614036,gaussian_noise,SKAB,fold_3,7,6,3,3,0.5,avg_negative_log,10,0.001,0.9,,686,126,1028,0.011893192651210143,True,0.0,False,5.0,uniform
0.23450134770889489,0.23243243243243245,1.0,0.37719298245614036,original,SKAB,fold_3,999,6,3,3,0.5,avg_negative_log,10,0.001,0.9,,686,126,1028,0.011893192651210143,True,0.0,False,5.0,uniform
0.23450134770889489,0.23243243243243245,1.0,0.37719298245614036,gaussian_noise,SKAB,fold_3,999,6,3,3,0.5,avg_negative_log,10,0.001,0.9,,686,126,1028,0.011893192651210143,True,0.0,False,5.0,uniform
0.22404371584699453,0.2219178082191781,1.0,0.3632286995515695,original,SKAB,fold_4,42,6,3,3,0.5,avg_negative_log,10,0.001,0.9,,692,129,1032,0.011560693641618497,True,0.0,False,5.0,uniform
0.22404371584699453,0.2219178082191781,1.0,0.3632286995515695,gaussian_noise,SKAB,fold_4,42,6,3,3,0.5,avg_negative_log,10,0.001,0.9,,692,129,1032,0.011560693641618497,True,0.0,False,5.0,uniform
0.22404371584699453,0.2219178082191781,1.0,0.3632286995515695,original,SKAB,fold_4,123,6,3,3,0.5,avg_negative_log,10,0.001,0.9,,692,129,1032,0.011560693641618497,True,0.0,False,5.0,uniform
0.22404371584699453,0.2219178082191781,1.0,0.3632286995515695,gaussian_noise,SKAB,fold_4,123,6,3,3,0.5,avg_negative_log,10,0.001,0.9,,692,129,1032,0.011560693641618497,True,0.0,False,5.0,uniform
0.22404371584699453,0.2219178082191781,1.0,0.3632286995515695,original,SKAB,fold_4,2026,6,3,3,0.5,avg_negative_log,10,0.001,0.9,,692,129,1032,0.011560693641618497,True,0.0,False,5.0,uniform
0.22404371584699453,0.2219178082191781,1.0,0.3632286995515695,gaussian_noise,SKAB,fold_4,2026,6,3,3,0.5,avg_negative_log,10,0.001,0.9,,692,129,1032,0.011560693641618497,True,0.0,False,5.0,uniform
0.22404371584699453,0.2219178082191781,1.0,0.3632286995515695,original,SKAB,fold_4,7,6,3,3,0.5,avg_negative_log,10,0.001,0.9,,692,129,1032,0.011560693641618497,True,0.0,False,5.0,uniform
0.22404371584699453,0.2219178082191781,1.0,0.3632286995515695,gaussian_noise,SKAB,fold_4,7,6,3,3,0.5,avg_negative_log,10,0.001,0.9,,692,129,1032,0.011560693641618497,True,0.0,False,5.0,uniform
0.22404371584699453,0.2219178082191781,1.0,0.3632286995515695,original,SKAB,fold_4,999,6,3,3,0.5,avg_negative_log,10,0.001,0.9,,692,129,1032,0.011560693641618497,True,0.0,False,5.0,uniform
0.22404371584699453,0.2219178082191781,1.0,0.3632286995515695,gaussian_noise,SKAB,fold_4,999,6,3,3,0.5,avg_negative_log,10,0.001,0.9,,692,129,1032,0.011560693641618497,True,0.0,False,5.0,uniform
0.24101198402130491,0.2389853137516689,1.0,0.3857758620689655,original,SKAB,fold_5,42,6,3,3,0.5,avg_negative_log,10,0.001,0.9,,603,113,936,0.013736626601505746,True,0.0,False,5.0,uniform
0.24101198402130491,0.2389853137516689,1.0,0.3857758620689655,gaussian_noise,SKAB,fold_5,42,6,3,3,0.5,avg_negative_log,10,0.001,0.9,,603,113,936,0.013736626601505746,True,0.0,False,5.0,uniform
0.24101198402130491,0.2389853137516689,1.0,0.3857758620689655,original,SKAB,fold_5,123,6,3,3,0.5,avg_negative_log,10,0.001,0.9,,603,113,936,0.013736626601505746,True,0.0,False,5.0,uniform
0.24101198402130491,0.2389853137516689,1.0,0.3857758620689655,gaussian_noise,SKAB,fold_5,123,6,3,3,0.5,avg_negative_log,10,0.001,0.9,,603,113,936,0.013736626601505746,True,0.0,False,5.0,uniform
0.24101198402130491,0.2389853137516689,1.0,0.3857758620689655,original,SKAB,fold_5,2026,6,3,3,0.5,avg_negative_log,10,0.001,0.9,,603,113,936,0.013736626601505746,True,0.0,False,5.0,uniform
0.24101198402130491,0.2389853137516689,1.0,0.3857758620689655,gaussian_noise,SKAB,fold_5,2026,6,3,3,0.5,avg_negative_log,10,0.001,0.9,,603,113,936,0.013736626601505746,True,0.0,False,5.0,uniform
0.24101198402130491,0.2389853137516689,1.0,0.3857758620689655,original,SKAB,fold_5,7,6,3,3,0.5,avg_negative_log,10,0.001,0.9,,603,113,936,0.013736626601505746,True,0.0,False,5.0,uniform
0.24101198402130491,0.2389853137516689,1.0,0.3857758620689655,gaussian_noise,SKAB,fold_5,7,6,3,3,0.5,avg_negative_log,10,0.001,0.9,,603,113,936,0.013736626601505746,True,0.0,False,5.0,uniform
0.24101198402130491,0.2389853137516689,1.0,0.3857758620689655,original,SKAB,fold_5,999,6,3,3,0.5,avg_negative_log,10,0.001,0.9,,603,113,936,0.013736626601505746,True,0.0,False,5.0,uniform
0.24101198402130491,0.2389853137516689,1.0,0.3857758620689655,gaussian_noise,SKAB,fold_5,999,6,3,3,0.5,avg_negative_log,10,0.001,0.9,,603,113,936,0.013736626601505746,True,0.0,False,5.0,uniform
0.23355704697986576,0.23149394347240915,1.0,0.37595628415300547,original,SKAB,fold_1,42,6,3,3,0.5,avg_negative_log,10,0.005,0.9,,647,123,977,0.01227679973863108,True,0.0,False,5.0,uniform
0.23355704697986576,0.23149394347240915,1.0,0.37595628415300547,gaussian_noise,SKAB,fold_1,42,6,3,3,0.5,avg_negative_log,10,0.005,0.9,,647,123,977,0.01227679973863108,True,0.0,False,5.0,uniform
0.23355704697986576,0.23149394347240915,1.0,0.37595628415300547,original,SKAB,fold_1,123,6,3,3,0.5,avg_negative_log,10,0.005,0.9,,647,123,977,0.01227679973863108,True,0.0,False,5.0,uniform
0.23355704697986576,0.23149394347240915,1.0,0.37595628415300547,gaussian_noise,SKAB,fold_1,123,6,3,3,0.5,avg_negative_log,10,0.005,0.9,,647,123,977,0.01227679973863108,True,0.0,False,5.0,uniform
0.23355704697986576,0.23149394347240915,1.0,0.37595628415300547,original,SKAB,fold_1,2026,6,3,3,0.5,avg_negative_log,10,0.005,0.9,,647,123,977,0.01227679973863108,True,0.0,False,5.0,uniform
0.23355704697986576,0.23149394347240915,1.0,0.37595628415300547,gaussian_noise,SKAB,fold_1,2026,6,3,3,0.5,avg_negative_log,10,0.005,0.9,,647,123,977,0.01227679973863108,True,0.0,False,5.0,uniform
0.23355704697986576,0.23149394347240915,1.0,0.37595628415300547,original,SKAB,fold_1,7,6,3,3,0.5,avg_negative_log,10,0.005,0.9,,647,123,977,0.01227679973863108,True,0.0,False,5.0,uniform
0.23355704697986576,0.23149394347240915,1.0,0.37595628415300547,gaussian_noise,SKAB,fold_1,7,6,3,3,0.5,avg_negative_log,10,0.005,0.9,,647,123,977,0.01227679973863108,True,0.0,False,5.0,uniform
0.23355704697986576,0.23149394347240915,1.0,0.37595628415300547,original,SKAB,fold_1,999,6,3,3,0.5,avg_negative_log,10,0.005,0.9,,647,123,977,0.01227679973863108,True,0.0,False,5.0,uniform
0.23355704697986576,0.23149394347240915,1.0,0.37595628415300547,gaussian_noise,SKAB,fold_1,999,6,3,3,0.5,avg_negative_log,10,0.005,0.9,,647,123,977,0.01227679973863108,True,0.0,False,5.0,uniform
0.23180592991913745,0.22972972972972974,1.0,0.37362637362637363,original,SKAB,fold_2,42,6,3,3,0.5,avg_negative_log,10,0.005,0.9,,677,124,1016,0.012102730261590509,True,0.0,False,5.0,uniform
0.23180592991913745,0.22972972972972974,1.0,0.37362637362637363,gaussian_noise,SKAB,fold_2,42,6,3,3,0.5,avg_negative_log,10,0.005,0.9,,677,124,1016,0.012102730261590509,True,0.0,False,5.0,uniform
0.23180592991913745,0.22972972972972974,1.0,0.37362637362637363,original,SKAB,fold_2,123,6,3,3,0.5,avg_negative_log,10,0.005,0.9,,677,124,1016,0.012102730261590509,True,0.0,False,5.0,uniform
0.23180592991913745,0.22972972972972974,1.0,0.37362637362637363,gaussian_noise,SKAB,fold_2,123,6,3,3,0.5,avg_negative_log,10,0.005,0.9,,677,124,1016,0.012102730261590509,True,0.0,False,5.0,uniform
0.23180592991913745,0.22972972972972974,1.0,0.37362637362637363,original,SKAB,fold_2,2026,6,3,3,0.5,avg_negative_log,10,0.005,0.9,,677,124,1016,0.012102730261590509,True,0.0,False,5.0,uniform
0.23180592991913745,0.22972972972972974,1.0,0.37362637362637363,gaussian_noise,SKAB,fold_2,2026,6,3,3,0.5,avg_negative_log,10,0.005,0.9,,677,124,1016,0.012102730261590509,True,0.0,False,5.0,uniform
0.23180592991913745,0.22972972972972974,1.0,0.37362637362637363,original,SKAB,fold_2,7,6,3,3,0.5,avg_negative_log,10,0.005,0.9,,677,124,1016,0.012102730261590509,True,0.0,False,5.0,uniform
0.23180592991913745,0.22972972972972974,1.0,0.37362637362637363,gaussian_noise,SKAB,fold_2,7,6,3,3,0.5,avg_negative_log,10,0.005,0.9,,677,124,1016,0.012102730261590509,True,0.0,False,5.0,uniform
0.23180592991913745,0.22972972972972974,1.0,0.37362637362637363,original,SKAB,fold_2,999,6,3,3,0.5,avg_negative_log,10,0.005,0.9,,677,124,1016,0.012102730261590509,True,0.0,False,5.0,uniform
0.23180592991913745,0.22972972972972974,1.0,0.37362637362637363,gaussian_noise,SKAB,fold_2,999,6,3,3,0.5,avg_negative_log,10,0.005,0.9,,677,124,1016,0.012102730261590509,True,0.0,False,5.0,uniform
0.23450134770889489,0.23243243243243245,1.0,0.37719298245614036,original,SKAB,fold_3,42,6,3,3,0.5,avg_negative_log,10,0.005,0.9,,686,126,1028,0.011893192651210143,True,0.0,False,5.0,uniform
0.23450134770889489,0.23243243243243245,1.0,0.37719298245614036,gaussian_noise,SKAB,fold_3,42,6,3,3,0.5,avg_negative_log,10,0.005,0.9,,686,126,1028,0.011893192651210143,True,0.0,False,5.0,uniform
0.23450134770889489,0.23243243243243245,1.0,0.37719298245614036,original,SKAB,fold_3,123,6,3,3,0.5,avg_negative_log,10,0.005,0.9,,686,126,1028,0.011893192651210143,True,0.0,False,5.0,uniform
0.23450134770889489,0.23243243243243245,1.0,0.37719298245614036,gaussian_noise,SKAB,fold_3,123,6,3,3,0.5,avg_negative_log,10,0.005,0.9,,686,126,1028,0.011893192651210143,True,0.0,False,5.0,uniform
0.23450134770889489,0.23243243243243245,1.0,0.37719298245614036,original,SKAB,fold_3,2026,6,3,3,0.5,avg_negative_log,10,0.005,0.9,,686,126,1028,0.011893192651210143,True,0.0,False,5.0,uniform
0.23450134770889489,0.23243243243243245,1.0,0.37719298245614036,gaussian_noise,SKAB,fold_3,2026,6,3,3,0.5,avg_negative_log,10,0.005,0.9,,686,126,1028,0.011893192651210143,True,0.0,False,5.0,uniform
0.23450134770889489,0.23243243243243245,1.0,0.37719298245614036,original,SKAB,fold_3,7,6,3,3,0.5,avg_negative_log,10,0.005,0.9,,686,126,1028,0.011893192651210143,True,0.0,False,5.0,uniform
0.23450134770889489,0.23243243243243245,1.0,0.37719298245614036,gaussian_noise,SKAB,fold_3,7,6,3,3,0.5,avg_negative_log,10,0.005,0.9,,686,126,1028,0.011893192651210143,True,0.0,False,5.0,uniform
0.23450134770889489,0.23243243243243245,1.0,0.37719298245614036,original,SKAB,fold_3,999,6,3,3,0.5,avg_negative_log,10,0.005,0.9,,686,126,1028,0.011893192651210143,True,0.0,False,5.0,uniform
0.23450134770889489,0.23243243243243245,1.0,0.37719298245614036,gaussian_noise,SKAB,fold_3,999,6,3,3,0.5,avg_negative_log,10,0.005,0.9,,686,126,1028,0.011893192651210143,True,0.0,False,5.0,uniform
0.22404371584699453,0.2219178082191781,1.0,0.3632286995515695,original,SKAB,fold_4,42,6,3,3,0.5,avg_negative_log,10,0.005,0.9,,692,129,1032,0.011560693641618497,True,0.0,False,5.0,uniform
0.22404371584699453,0.2219178082191781,1.0,0.3632286995515695,gaussian_noise,SKAB,fold_4,42,6,3,3,0.5,avg_negative_log,10,0.005,0.9,,692,129,1032,0.011560693641618497,True,0.0,False,5.0,uniform
0.22404371584699453,0.2219178082191781,1.0,0.3632286995515695,original,SKAB,fold_4,123,6,3,3,0.5,avg_negative_log,10,0.005,0.9,,692,129,1032,0.011560693641618497,True,0.0,False,5.0,uniform
0.22404371584699453,0.2219178082191781,1.0,0.3632286995515695,gaussian_noise,SKAB,fold_4,123,6,3,3,0.5,avg_negative_log,10,0.005,0.9,,692,129,1032,0.011560693641618497,True,0.0,False,5.0,uniform
0.22404371584699453,0.2219178082191781,1.0,0.3632286995515695,original,SKAB,fold_4,2026,6,3,3,0.5,avg_negative_log,10,0.005,0.9,,692,129,1032,0.011560693641618497,True,0.0,False,5.0,uniform
0.22404371584699453,0.2219178082191781,1.0,0.3632286995515695,gaussian_noise,SKAB,fold_4,2026,6,3,3,0.5,avg_negative_log,10,0.005,0.9,,692,129,1032,0.011560693641618497,True,0.0,False,5.0,uniform
0.22404371584699453,0.2219178082191781,1.0,0.3632286995515695,original,SKAB,fold_4,7,6,3,3,0.5,avg_negative_log,10,0.005,0.9,,692,129,1032,0.011560693641618497,True,0.0,False,5.0,uniform
0.22404371584699453,0.2219178082191781,1.0,0.3632286995515695,gaussian_noise,SKAB,fold_4,7,6,3,3,0.5,avg_negative_log,10,0.005,0.9,,692,129,1032,0.011560693641618497,True,0.0,False,5.0,uniform
0.22404371584699453,0.2219178082191781,1.0,0.3632286995515695,original,SKAB,fold_4,999,6,3,3,0.5,avg_negative_log,10,0.005,0.9,,692,129,1032,0.011560693641618497,True,0.0,False,5.0,uniform
0.22404371584699453,0.2219178082191781,1.0,0.3632286995515695,gaussian_noise,SKAB,fold_4,999,6,3,3,0.5,avg_negative_log,10,0.005,0.9,,692,129,1032,0.011560693641618497,True,0.0,False,5.0,uniform
0.24101198402130491,0.2389853137516689,1.0,0.3857758620689655,original,SKAB,fold_5,42,6,3,3,0.5,avg_negative_log,10,0.005,0.9,,603,113,936,0.013736626601505746,True,0.0,False,5.0,uniform
0.24101198402130491,0.2389853137516689,1.0,0.3857758620689655,gaussian_noise,SKAB,fold_5,42,6,3,3,0.5,avg_negative_log,10,0.005,0.9,,603,113,936,0.013736626601505746,True,0.0,False,5.0,uniform
0.24101198402130491,0.2389853137516689,1.0,0.3857758620689655,original,SKAB,fold_5,123,6,3,3,0.5,avg_negative_log,10,0.005,0.9,,603,113,936,0.013736626601505746,True,0.0,False,5.0,uniform
0.24101198402130491,0.2389853137516689,1.0,0.3857758620689655,gaussian_noise,SKAB,fold_5,123,6,3,3,0.5,avg_negative_log,10,0.005,0.9,,603,113,936,0.013736626601505746,True,0.0,False,5.0,uniform
0.24101198402130491,0.2389853137516689,1.0,0.3857758620689655,original,SKAB,fold_5,2026,6,3,3,0.5,avg_negative_log,10,0.005,0.9,,603,113,936,0.013736626601505746,True,0.0,False,5.0,uniform
0.24101198402130491,0.2389853137516689,1.0,0.3857758620689655,gaussian_noise,SKAB,fold_5,2026,6,3,3,0.5,avg_negative_log,10,0.005,0.9,,603,113,936,0.013736626601505746,True,0.0,False,5.0,uniform
0.24101198402130491,0.2389853137516689,1.0,0.3857758620689655,original,SKAB,fold_5,7,6,3,3,0.5,avg_negative_log,10,0.005,0.9,,603,113,936,0.013736626601505746,True,0.0,False,5.0,uniform
0.24101198402130491,0.2389853137516689,1.0,0.3857758620689655,gaussian_noise,SKAB,fold_5,7,6,3,3,0.5,avg_negative_log,10,0.005,0.9,,603,113,936,0.013736626601505746,True,0.0,False,5.0,uniform
0.24101198402130491,0.2389853137516689,1.0,0.3857758620689655,original,SKAB,fold_5,999,6,3,3,0.5,avg_negative_log,10,0.005,0.9,,603,113,936,0.013736626601505746,True,0.0,False,5.0,uniform
0.24101198402130491,0.2389853137516689,1.0,0.3857758620689655,gaussian_noise,SKAB,fold_5,999,6,3,3,0.5,avg_negative_log,10,0.005,0.9,,603,113,936,0.013736626601505746,True,0.0,False,5.0,uniform
0.23355704697986576,0.23149394347240915,1.0,0.37595628415300547,original,SKAB,fold_1,42,6,3,3,0.5,avg_negative_log,10,0.01,0.9,,647,123,977,0.01227679973863108,True,0.0,False,5.0,uniform
0.23355704697986576,0.23149394347240915,1.0,0.37595628415300547,gaussian_noise,SKAB,fold_1,42,6,3,3,0.5,avg_negative_log,10,0.01,0.9,,647,123,977,0.01227679973863108,True,0.0,False,5.0,uniform
0.23355704697986576,0.23149394347240915,1.0,0.37595628415300547,original,SKAB,fold_1,123,6,3,3,0.5,avg_negative_log,10,0.01,0.9,,647,123,977,0.01227679973863108,True,0.0,False,5.0,uniform
0.23355704697986576,0.23149394347240915,1.0,0.37595628415300547,gaussian_noise,SKAB,fold_1,123,6,3,3,0.5,avg_negative_log,10,0.01,0.9,,647,123,977,0.01227679973863108,True,0.0,False,5.0,uniform
0.23355704697986576,0.23149394347240915,1.0,0.37595628415300547,original,SKAB,fold_1,2026,6,3,3,0.5,avg_negative_log,10,0.01,0.9,,647,123,977,0.01227679973863108,True,0.0,False,5.0,uniform
0.23355704697986576,0.23149394347240915,1.0,0.37595628415300547,gaussian_noise,SKAB,fold_1,2026,6,3,3,0.5,avg_negative_log,10,0.01,0.9,,647,123,977,0.01227679973863108,True,0.0,False,5.0,uniform
0.23355704697986576,0.23149394347240915,1.0,0.37595628415300547,original,SKAB,fold_1,7,6,3,3,0.5,avg_negative_log,10,0.01,0.9,,647,123,977,0.01227679973863108,True,0.0,False,5.0,uniform
0.23355704697986576,0.23149394347240915,1.0,0.37595628415300547,gaussian_noise,SKAB,fold_1,7,6,3,3,0.5,avg_negative_log,10,0.01,0.9,,647,123,977,0.01227679973863108,True,0.0,False,5.0,uniform
0.23355704697986576,0.23149394347240915,1.0,0.37595628415300547,original,SKAB,fold_1,999,6,3,3,0.5,avg_negative_log,10,0.01,0.9,,647,123,977,0.01227679973863108,True,0.0,False,5.0,uniform
0.23355704697986576,0.23149394347240915,1.0,0.37595628415300547,gaussian_noise,SKAB,fold_1,999,6,3,3,0.5,avg_negative_log,10,0.01,0.9,,647,123,977,0.01227679973863108,True,0.0,False,5.0,uniform
0.23180592991913745,0.22972972972972974,1.0,0.37362637362637363,original,SKAB,fold_2,42,6,3,3,0.5,avg_negative_log,10,0.01,0.9,,677,124,1016,0.012102730261590509,True,0.0,False,5.0,uniform
0.23180592991913745,0.22972972972972974,1.0,0.37362637362637363,gaussian_noise,SKAB,fold_2,42,6,3,3,0.5,avg_negative_log,10,0.01,0.9,,677,124,1016,0.012102730261590509,True,0.0,False,5.0,uniform
0.23180592991913745,0.22972972972972974,1.0,0.37362637362637363,original,SKAB,fold_2,123,6,3,3,0.5,avg_negative_log,10,0.01,0.9,,677,124,1016,0.012102730261590509,True,0.0,False,5.0,uniform
0.23180592991913745,0.22972972972972974,1.0,0.37362637362637363,gaussian_noise,SKAB,fold_2,123,6,3,3,0.5,avg_negative_log,10,0.01,0.9,,677,124,1016,0.012102730261590509,True,0.0,False,5.0,uniform
0.23180592991913745,0.22972972972972974,1.0,0.37362637362637363,original,SKAB,fold_2,2026,6,3,3,0.5,avg_negative_log,10,0.01,0.9,,677,124,1016,0.012102730261590509,True,0.0,False,5.0,uniform
0.23180592991913745,0.22972972972972974,1.0,0.37362637362637363,gaussian_noise,SKAB,fold_2,2026,6,3,3,0.5,avg_negative_log,10,0.01,0.9,,677,124,1016,0.012102730261590509,True,0.0,False,5.0,uniform
0.23180592991913745,0.22972972972972974,1.0,0.37362637362637363,original,SKAB,fold_2,7,6,3,3,0.5,avg_negative_log,10,0.01,0.9,,677,124,1016,0.012102730261590509,True,0.0,False,5.0,uniform
0.23180592991913745,0.22972972972972974,1.0,0.37362637362637363,gaussian_noise,SKAB,fold_2,7,6,3,3,0.5,avg_negative_log,10,0.01,0.9,,677,124,1016,0.012102730261590509,True,0.0,False,5.0,uniform
0.23180592991913745,0.22972972972972974,1.0,0.37362637362637363,original,SKAB,fold_2,999,6,3,3,0.5,avg_negative_log,10,0.01,0.9,,677,124,1016,0.012102730261590509,True,0.0,False,5.0,uniform
0.23180592991913745,0.22972972972972974,1.0,0.37362637362637363,gaussian_noise,SKAB,fold_2,999,6,3,3,0.5,avg_negative_log,10,0.01,0.9,,677,124,1016,0.012102730261590509,True,0.0,False,5.0,uniform
0.23450134770889489,0.23243243243243245,1.0,0.37719298245614036,original,SKAB,fold_3,42,6,3,3,0.5,avg_negative_log,10,0.01,0.9,,686,126,1028,0.011893192651210143,True,0.0,False,5.0,uniform
0.23450134770889489,0.23243243243243245,1.0,0.37719298245614036,gaussian_noise,SKAB,fold_3,42,6,3,3,0.5,avg_negative_log,10,0.01,0.9,,686,126,1028,0.011893192651210143,True,0.0,False,5.0,uniform
0.23450134770889489,0.23243243243243245,1.0,0.37719298245614036,original,SKAB,fold_3,123,6,3,3,0.5,avg_negative_log,10,0.01,0.9,,686,126,1028,0.011893192651210143,True,0.0,False,5.0,uniform
0.23450134770889489,0.23243243243243245,1.0,0.37719298245614036,gaussian_noise,SKAB,fold_3,123,6,3,3,0.5,avg_negative_log,10,0.01,0.9,,686,126,1028,0.011893192651210143,True,0.0,False,5.0,uniform
0.23450134770889489,0.23243243243243245,1.0,0.37719298245614036,original,SKAB,fold_3,2026,6,3,3,0.5,avg_negative_log,10,0.01,0.9,,686,126,1028,0.011893192651210143,True,0.0,False,5.0,uniform
0.23450134770889489,0.23243243243243245,1.0,0.37719298245614036,gaussian_noise,SKAB,fold_3,2026,6,3,3,0.5,avg_negative_log,10,0.01,0.9,,686,126,1028,0.011893192651210143,True,0.0,False,5.0,uniform
0.23450134770889489,0.23243243243243245,1.0,0.37719298245614036,original,SKAB,fold_3,7,6,3,3,0.5,avg_negative_log,10,0.01,0.9,,686,126,1028,0.011893192651210143,True,0.0,False,5.0,uniform
0.23450134770889489,0.23243243243243245,1.0,0.37719298245614036,gaussian_noise,SKAB,fold_3,7,6,3,3,0.5,avg_negative_log,10,0.01,0.9,,686,126,1028,0.011893192651210143,True,0.0,False,5.0,uniform
0.23450134770889489,0.23243243243243245,1.0,0.37719298245614036,original,SKAB,fold_3,999,6,3,3,0.5,avg_negative_log,10,0.01,0.9,,686,126,1028,0.011893192651210143,True,0.0,False,5.0,uniform
0.23450134770889489,0.23243243243243245,1.0,0.37719298245614036,gaussian_noise,SKAB,fold_3,999,6,3,3,0.5,avg_negative_log,10,0.01,0.9,,686,126,1028,0.011893192651210143,True,0.0,False,5.0,uniform
0.22404371584699453,0.2219178082191781,1.0,0.3632286995515695,original,SKAB,fold_4,42,6,3,3,0.5,avg_negative_log,10,0.01,0.9,,692,129,1032,0.011560693641618497,True,0.0,False,5.0,uniform
0.22404371584699453,0.2219178082191781,1.0,0.3632286995515695,gaussian_noise,SKAB,fold_4,42,6,3,3,0.5,avg_negative_log,10,0.01,0.9,,692,129,1032,0.011560693641618497,True,0.0,False,5.0,uniform
0.22404371584699453,0.2219178082191781,1.0,0.3632286995515695,original,SKAB,fold_4,123,6,3,3,0.5,avg_negative_log,10,0.01,0.9,,692,129,1032,0.011560693641618497,True,0.0,False,5.0,uniform
0.22404371584699453,0.2219178082191781,1.0,0.3632286995515695,gaussian_noise,SKAB,fold_4,123,6,3,3,0.5,avg_negative_log,10,0.01,0.9,,692,129,1032,0.011560693641618497,True,0.0,False,5.0,uniform
0.22404371584699453,0.2219178082191781,1.0,0.3632286995515695,original,SKAB,fold_4,2026,6,3,3,0.5,avg_negative_log,10,0.01,0.9,,692,129,1032,0.011560693641618497,True,0.0,False,5.0,uniform
0.22404371584699453,0.2219178082191781,1.0,0.3632286995515695,gaussian_noise,SKAB,fold_4,2026,6,3,3,0.5,avg_negative_log,10,0.01,0.9,,692,129,1032,0.011560693641618497,True,0.0,False,5.0,uniform
0.22404371584699453,0.2219178082191781,1.0,0.3632286995515695,original,SKAB,fold_4,7,6,3,3,0.5,avg_negative_log,10,0.01,0.9,,692,129,1032,0.011560693641618497,True,0.0,False,5.0,uniform
0.22404371584699453,0.2219178082191781,1.0,0.3632286995515695,gaussian_noise,SKAB,fold_4,7,6,3,3,0.5,avg_negative_log,10,0.01,0.9,,692,129,1032,0.011560693641618497,True,0.0,False,5.0,uniform
0.22404371584699453,0.2219178082191781,1.0,0.3632286995515695,original,SKAB,fold_4,999,6,3,3,0.5,avg_negative_log,10,0.01,0.9,,692,129,1032,0.011560693641618497,True,0.0,False,5.0,uniform
0.22404371584699453,0.2219178082191781,1.0,0.3632286995515695,gaussian_noise,SKAB,fold_4,999,6,3,3,0.5,avg_negative_log,10,0.01,0.9,,692,129,1032,0.011560693641618497,True,0.0,False,5.0,uniform
0.24101198402130491,0.2389853137516689,1.0,0.3857758620689655,original,SKAB,fold_5,42,6,3,3,0.5,avg_negative_log,10,0.01,0.9,,603,113,936,0.013736626601505746,True,0.0,False,5.0,uniform
0.24101198402130491,0.2389853137516689,1.0,0.3857758620689655,gaussian_noise,SKAB,fold_5,42,6,3,3,0.5,avg_negative_log,10,0.01,0.9,,603,113,936,0.013736626601505746,True,0.0,False,5.0,uniform
0.24101198402130491,0.2389853137516689,1.0,0.3857758620689655,original,SKAB,fold_5,123,6,3,3,0.5,avg_negative_log,10,0.01,0.9,,603,113,936,0.013736626601505746,True,0.0,False,5.0,uniform
0.24101198402130491,0.2389853137516689,1.0,0.3857758620689655,gaussian_noise,SKAB,fold_5,123,6,3,3,0.5,avg_negative_log,10,0.01,0.9,,603,113,936,0.013736626601505746,True,0.0,False,5.0,uniform
0.24101198402130491,0.2389853137516689,1.0,0.3857758620689655,original,SKAB,fold_5,2026,6,3,3,0.5,avg_negative_log,10,0.01,0.9,,603,113,936,0.013736626601505746,True,0.0,False,5.0,uniform
0.24101198402130491,0.2389853137516689,1.0,0.3857758620689655,gaussian_noise,SKAB,fold_5,2026,6,3,3,0.5,avg_negative_log,10,0.01,0.9,,603,113,936,0.013736626601505746,True,0.0,False,5.0,uniform
0.24101198402130491,0.2389853137516689,1.0,0.3857758620689655,original,SKAB,fold_5,7,6,3,3,0.5,avg_negative_log,10,0.01,0.9,,603,113,936,0.013736626601505746,True,0.0,False,5.0,uniform
0.24101198402130491,0.2389853137516689,1.0,0.3857758620689655,gaussian_noise,SKAB,fold_5,7,6,3,3,0.5,avg_negative_log,10,0.01,0.9,,603,113,936,0.013736626601505746,True,0.0,False,5.0,uniform
0.24101198402130491,0.2389853137516689,1.0,0.3857758620689655,original,SKAB,fold_5,999,6,3,3,0.5,avg_negative_log,10,0.01,0.9,,603,113,936,0.013736626601505746,True,0.0,False,5.0,uniform
0.24101198402130491,0.2389853137516689,1.0,0.3857758620689655,gaussian_noise,SKAB,fold_5,999,6,3,3,0.5,avg_negative_log,10,0.01,0.9,,603,113,936,0.013736626601505746,True,0.0,False,5.0,uniform
0.23355704697986576,0.23149394347240915,1.0,0.37595628415300547,original,SKAB,fold_1,42,6,3,3,0.5,avg_negative_log,10,0.05,0.9,,647,123,977,0.01227679973863108,True,0.0,False,5.0,uniform
0.23355704697986576,0.23149394347240915,1.0,0.37595628415300547,gaussian_noise,SKAB,fold_1,42,6,3,3,0.5,avg_negative_log,10,0.05,0.9,,647,123,977,0.01227679973863108,True,0.0,False,5.0,uniform
0.23355704697986576,0.23149394347240915,1.0,0.37595628415300547,original,SKAB,fold_1,123,6,3,3,0.5,avg_negative_log,10,0.05,0.9,,647,123,977,0.01227679973863108,True,0.0,False,5.0,uniform
0.23355704697986576,0.23149394347240915,1.0,0.37595628415300547,gaussian_noise,SKAB,fold_1,123,6,3,3,0.5,avg_negative_log,10,0.05,0.9,,647,123,977,0.01227679973863108,True,0.0,False,5.0,uniform
0.23355704697986576,0.23149394347240915,1.0,0.37595628415300547,original,SKAB,fold_1,2026,6,3,3,0.5,avg_negative_log,10,0.05,0.9,,647,123,977,0.01227679973863108,True,0.0,False,5.0,uniform
0.23355704697986576,0.23149394347240915,1.0,0.37595628415300547,gaussian_noise,SKAB,fold_1,2026,6,3,3,0.5,avg_negative_log,10,0.05,0.9,,647,123,977,0.01227679973863108,True,0.0,False,5.0,uniform
0.23355704697986576,0.23149394347240915,1.0,0.37595628415300547,original,SKAB,fold_1,7,6,3,3,0.5,avg_negative_log,10,0.05,0.9,,647,123,977,0.01227679973863108,True,0.0,False,5.0,uniform
0.23355704697986576,0.23149394347240915,1.0,0.37595628415300547,gaussian_noise,SKAB,fold_1,7,6,3,3,0.5,avg_negative_log,10,0.05,0.9,,647,123,977,0.01227679973863108,True,0.0,False,5.0,uniform
0.23355704697986576,0.23149394347240915,1.0,0.37595628415300547,original,SKAB,fold_1,999,6,3,3,0.5,avg_negative_log,10,0.05,0.9,,647,123,977,0.01227679973863108,True,0.0,False,5.0,uniform
0.23355704697986576,0.23149394347240915,1.0,0.37595628415300547,gaussian_noise,SKAB,fold_1,999,6,3,3,0.5,avg_negative_log,10,0.05,0.9,,647,123,977,0.01227679973863108,True,0.0,False,5.0,uniform
0.23180592991913745,0.22972972972972974,1.0,0.37362637362637363,original,SKAB,fold_2,42,6,3,3,0.5,avg_negative_log,10,0.05,0.9,,677,124,1016,0.012102730261590509,True,0.0,False,5.0,uniform
0.23180592991913745,0.22972972972972974,1.0,0.37362637362637363,gaussian_noise,SKAB,fold_2,42,6,3,3,0.5,avg_negative_log,10,0.05,0.9,,677,124,1016,0.012102730261590509,True,0.0,False,5.0,uniform
0.23180592991913745,0.22972972972972974,1.0,0.37362637362637363,original,SKAB,fold_2,123,6,3,3,0.5,avg_negative_log,10,0.05,0.9,,677,124,1016,0.012102730261590509,True,0.0,False,5.0,uniform
0.23180592991913745,0.22972972972972974,1.0,0.37362637362637363,gaussian_noise,SKAB,fold_2,123,6,3,3,0.5,avg_negative_log,10,0.05,0.9,,677,124,1016,0.012102730261590509,True,0.0,False,5.0,uniform
0.23180592991913745,0.22972972972972974,1.0,0.37362637362637363,original,SKAB,fold_2,2026,6,3,3,0.5,avg_negative_log,10,0.05,0.9,,677,124,1016,0.012102730261590509,True,0.0,False,5.0,uniform
0.23180592991913745,0.22972972972972974,1.0,0.37362637362637363,gaussian_noise,SKAB,fold_2,2026,6,3,3,0.5,avg_negative_log,10,0.05,0.9,,677,124,1016,0.012102730261590509,True,0.0,False,5.0,uniform
0.23180592991913745,0.22972972972972974,1.0,0.37362637362637363,original,SKAB,fold_2,7,6,3,3,0.5,avg_negative_log,10,0.05,0.9,,677,124,1016,0.012102730261590509,True,0.0,False,5.0,uniform
0.23180592991913745,0.22972972972972974,1.0,0.37362637362637363,gaussian_noise,SKAB,fold_2,7,6,3,3,0.5,avg_negative_log,10,0.05,0.9,,677,124,1016,0.012102730261590509,True,0.0,False,5.0,uniform
0.23180592991913745,0.22972972972972974,1.0,0.37362637362637363,original,SKAB,fold_2,999,6,3,3,0.5,avg_negative_log,10,0.05,0.9,,677,124,1016,0.012102730261590509,True,0.0,False,5.0,uniform
0.23180592991913745,0.22972972972972974,1.0,0.37362637362637363,gaussian_noise,SKAB,fold_2,999,6,3,3,0.5,avg_negative_log,10,0.05,0.9,,677,124,1016,0.012102730261590509,True,0.0,False,5.0,uniform
0.23450134770889489,0.23243243243243245,1.0,0.37719298245614036,original,SKAB,fold_3,42,6,3,3,0.5,avg_negative_log,10,0.05,0.9,,686,126,1028,0.011893192651210143,True,0.0,False,5.0,uniform
0.23450134770889489,0.23243243243243245,1.0,0.37719298245614036,gaussian_noise,SKAB,fold_3,42,6,3,3,0.5,avg_negative_log,10,0.05,0.9,,686,126,1028,0.011893192651210143,True,0.0,False,5.0,uniform
0.23450134770889489,0.23243243243243245,1.0,0.37719298245614036,original,SKAB,fold_3,123,6,3,3,0.5,avg_negative_log,10,0.05,0.9,,686,126,1028,0.011893192651210143,True,0.0,False,5.0,uniform
0.23450134770889489,0.23243243243243245,1.0,0.37719298245614036,gaussian_noise,SKAB,fold_3,123,6,3,3,0.5,avg_negative_log,10,0.05,0.9,,686,126,1028,0.011893192651210143,True,0.0,False,5.0,uniform
0.23450134770889489,0.23243243243243245,1.0,0.37719298245614036,original,SKAB,fold_3,2026,6,3,3,0.5,avg_negative_log,10,0.05,0.9,,686,126,1028,0.011893192651210143,True,0.0,False,5.0,uniform
0.23450134770889489,0.23243243243243245,1.0,0.37719298245614036,gaussian_noise,SKAB,fold_3,2026,6,3,3,0.5,avg_negative_log,10,0.05,0.9,,686,126,1028,0.011893192651210143,True,0.0,False,5.0,uniform
0.23450134770889489,0.23243243243243245,1.0,0.37719298245614036,original,SKAB,fold_3,7,6,3,3,0.5,avg_negative_log,10,0.05,0.9,,686,126,1028,0.011893192651210143,True,0.0,False,5.0,uniform
0.23450134770889489,0.23243243243243245,1.0,0.37719298245614036,gaussian_noise,SKAB,fold_3,7,6,3,3,0.5,avg_negative_log,10,0.05,0.9,,686,126,1028,0.011893192651210143,True,0.0,False,5.0,uniform
0.23450134770889489,0.23243243243243245,1.0,0.37719298245614036,original,SKAB,fold_3,999,6,3,3,0.5,avg_negative_log,10,0.05,0.9,,686,126,1028,0.011893192651210143,True,0.0,False,5.0,uniform
0.23450134770889489,0.23243243243243245,1.0,0.37719298245614036,gaussian_noise,SKAB,fold_3,999,6,3,3,0.5,avg_negative_log,10,0.05,0.9,,686,126,1028,0.011893192651210143,True,0.0,False,5.0,uniform
0.22404371584699453,0.2219178082191781,1.0,0.3632286995515695,original,SKAB,fold_4,42,6,3,3,0.5,avg_negative_log,10,0.05,0.9,,692,129,1032,0.011560693641618497,True,0.0,False,5.0,uniform
0.22404371584699453,0.2219178082191781,1.0,0.3632286995515695,gaussian_noise,SKAB,fold_4,42,6,3,3,0.5,avg_negative_log,10,0.05,0.9,,692,129,1032,0.011560693641618497,True,0.0,False,5.0,uniform
0.22404371584699453,0.2219178082191781,1.0,0.3632286995515695,original,SKAB,fold_4,123,6,3,3,0.5,avg_negative_log,10,0.05,0.9,,692,129,1032,0.011560693641618497,True,0.0,False,5.0,uniform
0.22404371584699453,0.2219178082191781,1.0,0.3632286995515695,gaussian_noise,SKAB,fold_4,123,6,3,3,0.5,avg_negative_log,10,0.05,0.9,,692,129,1032,0.011560693641618497,True,0.0,False,5.0,uniform
0.22404371584699453,0.2219178082191781,1.0,0.3632286995515695,original,SKAB,fold_4,2026,6,3,3,0.5,avg_negative_log,10,0.05,0.9,,692,129,1032,0.011560693641618497,True,0.0,False,5.0,uniform
0.22404371584699453,0.2219178082191781,1.0,0.3632286995515695,gaussian_noise,SKAB,fold_4,2026,6,3,3,0.5,avg_negative_log,10,0.05,0.9,,692,129,1032,0.011560693641618497,True,0.0,False,5.0,uniform
0.22404371584699453,0.2219178082191781,1.0,0.3632286995515695,original,SKAB,fold_4,7,6,3,3,0.5,avg_negative_log,10,0.05,0.9,,692,129,1032,0.011560693641618497,True,0.0,False,5.0,uniform
0.22404371584699453,0.2219178082191781,1.0,0.3632286995515695,gaussian_noise,SKAB,fold_4,7,6,3,3,0.5,avg_negative_log,10,0.05,0.9,,692,129,1032,0.011560693641618497,True,0.0,False,5.0,uniform
0.22404371584699453,0.2219178082191781,1.0,0.3632286995515695,original,SKAB,fold_4,999,6,3,3,0.5,avg_negative_log,10,0.05,0.9,,692,129,1032,0.011560693641618497,True,0.0,False,5.0,uniform
0.22404371584699453,0.2219178082191781,1.0,0.3632286995515695,gaussian_noise,SKAB,fold_4,999,6,3,3,0.5,avg_negative_log,10,0.05,0.9,,692,129,1032,0.011560693641618497,True,0.0,False,5.0,uniform
0.24101198402130491,0.2389853137516689,1.0,0.3857758620689655,original,SKAB,fold_5,42,6,3,3,0.5,avg_negative_log,10,0.05,0.9,,603,113,936,0.013736626601505746,True,0.0,False,5.0,uniform
0.24101198402130491,0.2389853137516689,1.0,0.3857758620689655,gaussian_noise,SKAB,fold_5,42,6,3,3,0.5,avg_negative_log,10,0.05,0.9,,603,113,936,0.013736626601505746,True,0.0,False,5.0,uniform
0.24101198402130491,0.2389853137516689,1.0,0.3857758620689655,original,SKAB,fold_5,123,6,3,3,0.5,avg_negative_log,10,0.05,0.9,,603,113,936,0.013736626601505746,True,0.0,False,5.0,uniform
0.24101198402130491,0.2389853137516689,1.0,0.3857758620689655,gaussian_noise,SKAB,fold_5,123,6,3,3,0.5,avg_negative_log,10,0.05,0.9,,603,113,936,0.013736626601505746,True,0.0,False,5.0,uniform
0.24101198402130491,0.2389853137516689,1.0,0.3857758620689655,original,SKAB,fold_5,2026,6,3,3,0.5,avg_negative_log,10,0.05,0.9,,603,113,936,0.013736626601505746,True,0.0,False,5.0,uniform
0.24101198402130491,0.2389853137516689,1.0,0.3857758620689655,gaussian_noise,SKAB,fold_5,2026,6,3,3,0.5,avg_negative_log,10,0.05,0.9,,603,113,936,0.013736626601505746,True,0.0,False,5.0,uniform
0.24101198402130491,0.2389853137516689,1.0,0.3857758620689655,original,SKAB,fold_5,7,6,3,3,0.5,avg_negative_log,10,0.05,0.9,,603,113,936,0.013736626601505746,True,0.0,False,5.0,uniform
0.24101198402130491,0.2389853137516689,1.0,0.3857758620689655,gaussian_noise,SKAB,fold_5,7,6,3,3,0.5,avg_negative_log,10,0.05,0.9,,603,113,936,0.013736626601505746,True,0.0,False,5.0,uniform
0.24101198402130491,0.2389853137516689,1.0,0.3857758620689655,original,SKAB,fold_5,999,6,3,3,0.5,avg_negative_log,10,0.05,0.9,,603,113,936,0.013736626601505746,True,0.0,False,5.0,uniform
0.24101198402130491,0.2389853137516689,1.0,0.3857758620689655,gaussian_noise,SKAB,fold_5,999,6,3,3,0.5,avg_negative_log,10,0.05,0.9,,603,113,936,0.013736626601505746,True,0.0,False,5.0,uniform
0.4791946308724832,0.30714285714285716,1.0,0.46994535519125685,original,SKAB,fold_1,42,6,3,3,0.5,avg_negative_log,10,0.1054,0.9,,647,123,977,0.01227679973863108,True,0.0,False,5.0,uniform
0.4791946308724832,0.30714285714285716,1.0,0.46994535519125685,gaussian_noise,SKAB,fold_1,42,6,3,3,0.5,avg_negative_log,10,0.1054,0.9,,647,123,977,0.01227679973863108,True,0.0,False,5.0,uniform
0.4791946308724832,0.30714285714285716,1.0,0.46994535519125685,original,SKAB,fold_1,123,6,3,3,0.5,avg_negative_log,10,0.1054,0.9,,647,123,977,0.01227679973863108,True,0.0,False,5.0,uniform
0.4791946308724832,0.30714285714285716,1.0,0.46994535519125685,gaussian_noise,SKAB,fold_1,123,6,3,3,0.5,avg_negative_log,10,0.1054,0.9,,647,123,977,0.01227679973863108,True,0.0,False,5.0,uniform
0.4791946308724832,0.30714285714285716,1.0,0.46994535519125685,original,SKAB,fold_1,2026,6,3,3,0.5,avg_negative_log,10,0.1054,0.9,,647,123,977,0.01227679973863108,True,0.0,False,5.0,uniform
0.4791946308724832,0.30714285714285716,1.0,0.46994535519125685,gaussian_noise,SKAB,fold_1,2026,6,3,3,0.5,avg_negative_log,10,0.1054,0.9,,647,123,977,0.01227679973863108,True,0.0,False,5.0,uniform
0.4791946308724832,0.30714285714285716,1.0,0.46994535519125685,original,SKAB,fold_1,7,6,3,3,0.5,avg_negative_log,10,0.1054,0.9,,647,123,977,0.01227679973863108,True,0.0,False,5.0,uniform
0.4791946308724832,0.30714285714285716,1.0,0.46994535519125685,gaussian_noise,SKAB,fold_1,7,6,3,3,0.5,avg_negative_log,10,0.1054,0.9,,647,123,977,0.01227679973863108,True,0.0,False,5.0,uniform
0.4791946308724832,0.30714285714285716,1.0,0.46994535519125685,original,SKAB,fold_1,999,6,3,3,0.5,avg_negative_log,10,0.1054,0.9,,647,123,977,0.01227679973863108,True,0.0,False,5.0,uniform
0.4791946308724832,0.30714285714285716,1.0,0.46994535519125685,gaussian_noise,SKAB,fold_1,999,6,3,3,0.5,avg_negative_log,10,0.1054,0.9,,647,123,977,0.01227679973863108,True,0.0,False,5.0,uniform
0.4784366576819407,0.3052064631956912,1.0,0.4676753782668501,original,SKAB,fold_2,42,6,3,3,0.5,avg_negative_log,10,0.1054,0.9,,677,124,1016,0.012102730261590509,True,0.0,False,5.0,uniform
0.4784366576819407,0.3052064631956912,1.0,0.4676753782668501,gaussian_noise,SKAB,fold_2,42,6,3,3,0.5,avg_negative_log,10,0.1054,0.9,,677,124,1016,0.012102730261590509,True,0.0,False,5.0,uniform
0.4784366576819407,0.3052064631956912,1.0,0.4676753782668501,original,SKAB,fold_2,123,6,3,3,0.5,avg_negative_log,10,0.1054,0.9,,677,124,1016,0.012102730261590509,True,0.0,False,5.0,uniform
0.4784366576819407,0.3052064631956912,1.0,0.4676753782668501,gaussian_noise,SKAB,fold_2,123,6,3,3,0.5,avg_negative_log,10,0.1054,0.9,,677,124,1016,0.012102730261590509,True,0.0,False,5.0,uniform
0.4784366576819407,0.3052064631956912,1.0,0.4676753782668501,original,SKAB,fold_2,2026,6,3,3,0.5,avg_negative_log,10,0.1054,0.9,,677,124,1016,0.012102730261590509,True,0.0,False,5.0,uniform
0.4784366576819407,0.3052064631956912,1.0,0.4676753782668501,gaussian_noise,SKAB,fold_2,2026,6,3,3,0.5,avg_negative_log,10,0.1054,0.9,,677,124,1016,0.012102730261590509,True,0.0,False,5.0,uniform
0.4784366576819407,0.3052064631956912,1.0,0.4676753782668501,original,SKAB,fold_2,7,6,3,3,0.5,avg_negative_log,10,0.1054,0.9,,677,124,1016,0.012102730261590509,True,0.0,False,5.0,uniform
0.4784366576819407,0.3052064631956912,1.0,0.4676753782668501,gaussian_noise,SKAB,fold_2,7,6,3,3,0.5,avg_negative_log,10,0.1054,0.9,,677,124,1016,0.012102730261590509,True,0.0,False,5.0,uniform
0.4784366576819407,0.3052064631956912,1.0,0.4676753782668501,original,SKAB,fold_2,999,6,3,3,0.5,avg_negative_log,10,0.1054,0.9,,677,124,1016,0.012102730261590509,True,0.0,False,5.0,uniform
0.4784366576819407,0.3052064631956912,1.0,0.4676753782668501,gaussian_noise,SKAB,fold_2,999,6,3,3,0.5,avg_negative_log,10,0.1054,0.9,,677,124,1016,0.012102730261590509,True,0.0,False,5.0,uniform
0.23450134770889489,0.23243243243243245,1.0,0.37719298245614036,original,SKAB,fold_3,42,6,3,3,0.5,avg_negative_log,10,0.1054,0.9,,686,126,1028,0.011893192651210143,True,0.0,False,5.0,uniform
0.23450134770889489,0.23243243243243245,1.0,0.37719298245614036,gaussian_noise,SKAB,fold_3,42,6,3,3,0.5,avg_negative_log,10,0.1054,0.9,,686,126,1028,0.011893192651210143,True,0.0,False,5.0,uniform
0.23450134770889489,0.23243243243243245,1.0,0.37719298245614036,original,SKAB,fold_3,123,6,3,3,0.5,avg_negative_log,10,0.1054,0.9,,686,126,1028,0.011893192651210143,True,0.0,False,5.0,uniform
0.23450134770889489,0.23243243243243245,1.0,0.37719298245614036,gaussian_noise,SKAB,fold_3,123,6,3,3,0.5,avg_negative_log,10,0.1054,0.9,,686,126,1028,0.011893192651210143,True,0.0,False,5.0,uniform
0.23450134770889489,0.23243243243243245,1.0,0.37719298245614036,original,SKAB,fold_3,2026,6,3,3,0.5,avg_negative_log,10,0.1054,0.9,,686,126,1028,0.011893192651210143,True,0.0,False,5.0,uniform
0.23450134770889489,0.23243243243243245,1.0,0.37719298245614036,gaussian_noise,SKAB,fold_3,2026,6,3,3,0.5,avg_negative_log,10,0.1054,0.9,,686,126,1028,0.011893192651210143,True,0.0,False,5.0,uniform
0.23450134770889489,0.23243243243243245,1.0,0.37719298245614036,original,SKAB,fold_3,7,6,3,3,0.5,avg_negative_log,10,0.1054,0.9,,686,126,1028,0.011893192651210143,True,0.0,False,5.0,uniform
0.23450134770889489,0.23243243243243245,1.0,0.37719298245614036,gaussian_noise,SKAB,fold_3,7,6,3,3,0.5,avg_negative_log,10,0.1054,0.9,,686,126,1028,0.011893192651210143,True,0.0,False,5.0,uniform
0.23450134770889489,0.23243243243243245,1.0,0.37719298245614036,original,SKAB,fold_3,999,6,3,3,0.5,avg_negative_log,10,0.1054,0.9,,686,126,1028,0.011893192651210143,True,0.0,False,5.0,uniform
0.23450134770889489,0.23243243243243245,1.0,0.37719298245614036,gaussian_noise,SKAB,fold_3,999,6,3,3,0.5,avg_negative_log,10,0.1054,0.9,,686,126,1028,0.011893192651210143,True,0.0,False,5.0,uniform
0.22404371584699453,0.2219178082191781,1.0,0.3632286995515695,original,SKAB,fold_4,42,6,3,3,0.5,avg_negative_log,10,0.1054,0.9,,692,129,1032,0.011560693641618497,True,0.0,False,5.0,uniform
0.22404371584699453,0.2219178082191781,1.0,0.3632286995515695,gaussian_noise,SKAB,fold_4,42,6,3,3,0.5,avg_negative_log,10,0.1054,0.9,,692,129,1032,0.011560693641618497,True,0.0,False,5.0,uniform
0.22404371584699453,0.2219178082191781,1.0,0.3632286995515695,original,SKAB,fold_4,123,6,3,3,0.5,avg_negative_log,10,0.1054,0.9,,692,129,1032,0.011560693641618497,True,0.0,False,5.0,uniform
0.22404371584699453,0.2219178082191781,1.0,0.3632286995515695,gaussian_noise,SKAB,fold_4,123,6,3,3,0.5,avg_negative_log,10,0.1054,0.9,,692,129,1032,0.011560693641618497,True,0.0,False,5.0,uniform
0.22404371584699453,0.2219178082191781,1.0,0.3632286995515695,original,SKAB,fold_4,2026,6,3,3,0.5,avg_negative_log,10,0.1054,0.9,,692,129,1032,0.011560693641618497,True,0.0,False,5.0,uniform
0.22404371584699453,0.2219178082191781,1.0,0.3632286995515695,gaussian_noise,SKAB,fold_4,2026,6,3,3,0.5,avg_negative_log,10,0.1054,0.9,,692,129,1032,0.011560693641618497,True,0.0,False,5.0,uniform
0.22404371584699453,0.2219178082191781,1.0,0.3632286995515695,original,SKAB,fold_4,7,6,3,3,0.5,avg_negative_log,10,0.1054,0.9,,692,129,1032,0.011560693641618497,True,0.0,False,5.0,uniform
0.22404371584699453,0.2219178082191781,1.0,0.3632286995515695,gaussian_noise,SKAB,fold_4,7,6,3,3,0.5,avg_negative_log,10,0.1054,0.9,,692,129,1032,0.011560693641618497,True,0.0,False,5.0,uniform
0.22404371584699453,0.2219178082191781,1.0,0.3632286995515695,original,SKAB,fold_4,999,6,3,3,0.5,avg_negative_log,10,0.1054,0.9,,692,129,1032,0.011560693641618497,True,0.0,False,5.0,uniform
0.22404371584699453,0.2219178082191781,1.0,0.3632286995515695,gaussian_noise,SKAB,fold_4,999,6,3,3,0.5,avg_negative_log,10,0.1054,0.9,,692,129,1032,0.011560693641618497,True,0.0,False,5.0,uniform
0.4620505992010652,0.307032590051458,1.0,0.46981627296587924,original,SKAB,fold_5,42,6,3,3,0.5,avg_negative_log,10,0.1054,0.9,,603,113,936,0.013736626601505746,True,0.0,False,5.0,uniform
0.4647137150466045,0.3080895008605852,1.0,0.4710526315789474,gaussian_noise,SKAB,fold_5,42,6,3,3,0.5,avg_negative_log,10,0.1054,0.9,,603,113,936,0.013736626601505746,True,0.0,False,5.0,uniform
0.4620505992010652,0.307032590051458,1.0,0.46981627296587924,original,SKAB,fold_5,123,6,3,3,0.5,avg_negative_log,10,0.1054,0.9,,603,113,936,0.013736626601505746,True,0.0,False,5.0,uniform
0.47270306258322237,0.31130434782608696,1.0,0.47480106100795755,gaussian_noise,SKAB,fold_5,123,6,3,3,0.5,avg_negative_log,10,0.1054,0.9,,603,113,936,0.013736626601505746,True,0.0,False,5.0,uniform
0.4620505992010652,0.307032590051458,1.0,0.46981627296587924,original,SKAB,fold_5,2026,6,3,3,0.5,avg_negative_log,10,0.1054,0.9,,603,113,936,0.013736626601505746,True,0.0,False,5.0,uniform
0.4633821571238349,0.3075601374570447,1.0,0.4704336399474376,gaussian_noise,SKAB,fold_5,2026,6,3,3,0.5,avg_negative_log,10,0.1054,0.9,,603,113,936,0.013736626601505746,True,0.0,False,5.0,uniform
0.4620505992010652,0.307032590051458,1.0,0.46981627296587924,original,SKAB,fold_5,7,6,3,3,0.5,avg_negative_log,10,0.1054,0.9,,603,113,936,0.013736626601505746,True,0.0,False,5.0,uniform
0.4793608521970706,0.3140350877192982,1.0,0.4779706275033378,gaussian_noise,SKAB,fold_5,7,6,3,3,0.5,avg_negative_log,10,0.1054,0.9,,603,113,936,0.013736626601505746,True,0.0,False,5.0,uniform
0.4620505992010652,0.307032590051458,1.0,0.46981627296587924,original,SKAB,fold_5,999,6,3,3,0.5,avg_negative_log,10,0.1054,0.9,,603,113,936,0.013736626601505746,True,0.0,False,5.0,uniform
0.4540612516644474,0.30390492359932086,1.0,0.4661458333333333,gaussian_noise,SKAB,fold_5,999,6,3,3,0.5,avg_negative_log,10,0.1054,0.9,,603,113,936,0.013736626601505746,True,0.0,False,5.0,uniform
0.6201342281879194,0.0,0.0,0.0,original,SKAB,fold_1,42,6,3,3,0.5,avg_negative_log,10,0.2231,0.9,,647,123,977,0.01227679973863108,True,0.0,False,5.0,uniform
0.6201342281879194,0.0,0.0,0.0,gaussian_noise,SKAB,fold_1,42,6,3,3,0.5,avg_negative_log,10,0.2231,0.9,,647,123,977,0.01227679973863108,True,0.0,False,5.0,uniform
0.6201342281879194,0.0,0.0,0.0,original,SKAB,fold_1,123,6,3,3,0.5,avg_negative_log,10,0.2231,0.9,,647,123,977,0.01227679973863108,True,0.0,False,5.0,uniform
0.6201342281879194,0.0,0.0,0.0,gaussian_noise,SKAB,fold_1,123,6,3,3,0.5,avg_negative_log,10,0.2231,0.9,,647,123,977,0.01227679973863108,True,0.0,False,5.0,uniform
0.6201342281879194,0.0,0.0,0.0,original,SKAB,fold_1,2026,6,3,3,0.5,avg_negative_log,10,0.2231,0.9,,647,123,977,0.01227679973863108,True,0.0,False,5.0,uniform
0.6268456375838927,0.0,0.0,0.0,gaussian_noise,SKAB,fold_1,2026,6,3,3,0.5,avg_negative_log,10,0.2231,0.9,,647,123,977,0.01227679973863108,True,0.0,False,5.0,uniform
0.6201342281879194,0.0,0.0,0.0,original,SKAB,fold_1,7,6,3,3,0.5,avg_negative_log,10,0.2231,0.9,,647,123,977,0.01227679973863108,True,0.0,False,5.0,uniform
0.5906040268456376,0.0,0.0,0.0,gaussian_noise,SKAB,fold_1,7,6,3,3,0.5,avg_negative_log,10,0.2231,0.9,,647,123,977,0.01227679973863108,True,0.0,False,5.0,uniform
0.6201342281879194,0.0,0.0,0.0,original,SKAB,fold_1,999,6,3,3,0.5,avg_negative_log,10,0.2231,0.9,,647,123,977,0.01227679973863108,True,0.0,False,5.0,uniform
0.6201342281879194,0.0,0.0,0.0,gaussian_noise,SKAB,fold_1,999,6,3,3,0.5,avg_negative_log,10,0.2231,0.9,,647,123,977,0.01227679973863108,True,0.0,False,5.0,uniform
0.3584905660377358,0.1076923076923077,0.24705882352941178,0.15,original,SKAB,fold_2,42,6,3,3,0.5,avg_negative_log,10,0.2231,0.9,,677,124,1016,0.012102730261590509,True,0.0,False,5.0,uniform
0.35983827493261455,0.10997442455242967,0.2529411764705882,0.1532976827094474,gaussian_noise,SKAB,fold_2,42,6,3,3,0.5,avg_negative_log,10,0.2231,0.9,,677,124,1016,0.012102730261590509,True,0.0,False,5.0,uniform
0.3584905660377358,0.1076923076923077,0.24705882352941178,0.15,original,SKAB,fold_2,123,6,3,3,0.5,avg_negative_log,10,0.2231,0.9,,677,124,1016,0.012102730261590509,True,0.0,False,5.0,uniform
0.4137466307277628,0.17761557177615572,0.4294117647058823,0.2512908777969019,gaussian_noise,SKAB,fold_2,123,6,3,3,0.5,avg_negative_log,10,0.2231,0.9,,677,124,1016,0.012102730261590509,True,0.0,False,5.0,uniform
0.3584905660377358,0.1076923076923077,0.24705882352941178,0.15,original,SKAB,fold_2,2026,6,3,3,0.5,avg_negative_log,10,0.2231,0.9,,677,124,1016,0.012102730261590509,True,0.0,False,5.0,uniform
0.3584905660377358,0.1076923076923077,0.24705882352941178,0.15,gaussian_noise,SKAB,fold_2,2026,6,3,3,0.5,avg_negative_log,10,0.2231,0.9,,677,124,1016,0.012102730261590509,True,0.0,False,5.0,uniform
0.3584905660377358,0.1076923076923077,0.24705882352941178,0.15,original,SKAB,fold_2,7,6,3,3,0.5,avg_negative_log,10,0.2231,0.9,,677,124,1016,0.012102730261590509,True,0.0,False,5.0,uniform
0.38274932614555257,0.14705882352941177,0.35294117647058826,0.20761245674740483,gaussian_noise,SKAB,fold_2,7,6,3,3,0.5,avg_negative_log,10,0.2231,0.9,,677,124,1016,0.012102730261590509,True,0.0,False,5.0,uniform
0.3584905660377358,0.1076923076923077,0.24705882352941178,0.15,original,SKAB,fold_2,999,6,3,3,0.5,avg_negative_log,10,0.2231,0.9,,677,124,1016,0.012102730261590509,True,0.0,False,5.0,uniform
0.38274932614555257,0.14705882352941177,0.35294117647058826,0.20761245674740483,gaussian_noise,SKAB,fold_2,999,6,3,3,0.5,avg_negative_log,10,0.2231,0.9,,677,124,1016,0.012102730261590509,True,0.0,False,5.0,uniform
0.3908355795148248,0.1744186046511628,0.436046511627907,0.24916943521594684,original,SKAB,fold_3,42,6,3,3,0.5,avg_negative_log,10,0.2231,0.9,,686,126,1028,0.011893192651210143,True,0.0,False,5.0,uniform
0.4110512129380054,0.18225419664268586,0.4418604651162791,0.25806451612903225,gaussian_noise,SKAB,fold_3,42,6,3,3,0.5,avg_negative_log,10,0.2231,0.9,,686,126,1028,0.011893192651210143,True,0.0,False,5.0,uniform
0.3908355795148248,0.1744186046511628,0.436046511627907,0.24916943521594684,original,SKAB,fold_3,123,6,3,3,0.5,avg_negative_log,10,0.2231,0.9,,686,126,1028,0.011893192651210143,True,0.0,False,5.0,uniform
0.4137466307277628,0.18004866180048662,0.43023255813953487,0.2538593481989708,gaussian_noise,SKAB,fold_3,123,6,3,3,0.5,avg_negative_log,10,0.2231,0.9,,686,126,1028,0.011893192651210143,True,0.0,False,5.0,uniform
0.3908355795148248,0.1744186046511628,0.436046511627907,0.24916943521594684,original,SKAB,fold_3,2026,6,3,3,0.5,avg_negative_log,10,0.2231,0.9,,686,126,1028,0.011893192651210143,True,0.0,False,5.0,uniform
0.42183288409703507,0.18427518427518427,0.436046511627907,0.25906735751295334,gaussian_noise,SKAB,fold_3,2026,6,3,3,0.5,avg_negative_log,10,0.2231,0.9,,686,126,1028,0.011893192651210143,True,0.0,False,5.0,uniform
0.3908355795148248,0.1744186046511628,0.436046511627907,0.24916943521594684,original,SKAB,fold_3,7,6,3,3,0.5,avg_negative_log,10,0.2231,0.9,,686,126,1028,0.011893192651210143,True,0.0,False,5.0,uniform
0.3921832884097035,0.17633410672853828,0.4418604651162791,0.25207296849087896,gaussian_noise,SKAB,fold_3,7,6,3,3,0.5,avg_negative_log,10,0.2231,0.9,,686,126,1028,0.011893192651210143,True,0.0,False,5.0,uniform
0.3908355795148248,0.1744186046511628,0.436046511627907,0.24916943521594684,original,SKAB,fold_3,999,6,3,3,0.5,avg_negative_log,10,0.2231,0.9,,686,126,1028,0.011893192651210143,True,0.0,False,5.0,uniform
0.4002695417789757,0.18620689655172415,0.47093023255813954,0.26688632619439867,gaussian_noise,SKAB,fold_3,999,6,3,3,0.5,avg_negative_log,10,0.2231,0.9,,686,126,1028,0.011893192651210143,True,0.0,False,5.0,uniform
0.6038251366120219,0.34,0.8395061728395061,0.48398576512455516,original,SKAB,fold_4,42,6,3,3,0.5,avg_negative_log,10,0.2231,0.9,,692,129,1032,0.011560693641618497,True,0.0,False,5.0,uniform
0.6038251366120219,0.34,0.8395061728395061,0.48398576512455516,gaussian_noise,SKAB,fold_4,42,6,3,3,0.5,avg_negative_log,10,0.2231,0.9,,692,129,1032,0.011560693641618497,True,0.0,False,5.0,uniform
0.6038251366120219,0.34,0.8395061728395061,0.48398576512455516,original,SKAB,fold_4,123,6,3,3,0.5,avg_negative_log,10,0.2231,0.9,,692,129,1032,0.011560693641618497,True,0.0,False,5.0,uniform
0.6120218579234973,0.35121951219512193,0.8888888888888888,0.5034965034965035,gaussian_noise,SKAB,fold_4,123,6,3,3,0.5,avg_negative_log,10,0.2231,0.9,,692,129,1032,0.011560693641618497,True,0.0,False,5.0,uniform
0.6038251366120219,0.34,0.8395061728395061,0.48398576512455516,original,SKAB,fold_4,2026,6,3,3,0.5,avg_negative_log,10,0.2231,0.9,,692,129,1032,0.011560693641618497,True,0.0,False,5.0,uniform
0.6038251366120219,0.34,0.8395061728395061,0.48398576512455516,gaussian_noise,SKAB,fold_4,2026,6,3,3,0.5,avg_negative_log,10,0.2231,0.9,,692,129,1032,0.011560693641618497,True,0.0,False,5.0,uniform
0.6038251366120219,0.34,0.8395061728395061,0.48398576512455516,original,SKAB,fold_4,7,6,3,3,0.5,avg_negative_log,10,0.2231,0.9,,692,129,1032,0.011560693641618497,True,0.0,False,5.0,uniform
0.610655737704918,0.35036496350364965,0.8888888888888888,0.5026178010471204,gaussian_noise,SKAB,fold_4,7,6,3,3,0.5,avg_negative_log,10,0.2231,0.9,,692,129,1032,0.011560693641618497,True,0.0,False,5.0,uniform
0.6038251366120219,0.34,0.8395061728395061,0.48398576512455516,original,SKAB,fold_4,999,6,3,3,0.5,avg_negative_log,10,0.2231,0.9,,692,129,1032,0.011560693641618497,True,0.0,False,5.0,uniform
0.5983606557377049,0.33663366336633666,0.8395061728395061,0.48056537102473496,gaussian_noise,SKAB,fold_4,999,6,3,3,0.5,avg_negative_log,10,0.2231,0.9,,692,129,1032,0.011560693641618497,True,0.0,False,5.0,uniform
0.4647137150466045,0.3080895008605852,1.0,0.4710526315789474,original,SKAB,fold_5,42,6,3,3,0.5,avg_negative_log,10,0.2231,0.9,,603,113,936,0.013736626601505746,True,0.0,False,5.0,uniform
0.4673768308921438,0.30915371329879104,1.0,0.47229551451187335,gaussian_noise,SKAB,fold_5,42,6,3,3,0.5,avg_negative_log,10,0.2231,0.9,,603,113,936,0.013736626601505746,True,0.0,False,5.0,uniform
0.4647137150466045,0.3080895008605852,1.0,0.4710526315789474,original,SKAB,fold_5,123,6,3,3,0.5,avg_negative_log,10,0.2231,0.9,,603,113,936,0.013736626601505746,True,0.0,False,5.0,uniform
0.47536617842876167,0.31239092495637,1.0,0.47606382978723405,gaussian_noise,SKAB,fold_5,123,6,3,3,0.5,avg_negative_log,10,0.2231,0.9,,603,113,936,0.013736626601505746,True,0.0,False,5.0,uniform
0.4647137150466045,0.3080895008605852,1.0,0.4710526315789474,original,SKAB,fold_5,2026,6,3,3,0.5,avg_negative_log,10,0.2231,0.9,,603,113,936,0.013736626601505746,True,0.0,False,5.0,uniform
0.46604527296937415,0.3086206896551724,1.0,0.47167325428194995,gaussian_noise,SKAB,fold_5,2026,6,3,3,0.5,avg_negative_log,10,0.2231,0.9,,603,113,936,0.013736626601505746,True,0.0,False,5.0,uniform
0.4647137150466045,0.3080895008605852,1.0,0.4710526315789474,original,SKAB,fold_5,7,6,3,3,0.5,avg_negative_log,10,0.2231,0.9,,603,113,936,0.013736626601505746,True,0.0,False,5.0,uniform
0.48202396804260983,0.31514084507042256,1.0,0.47925033467202144,gaussian_noise,SKAB,fold_5,7,6,3,3,0.5,avg_negative_log,10,0.2231,0.9,,603,113,936,0.013736626601505746,True,0.0,False,5.0,uniform
0.4647137150466045,0.3080895008605852,1.0,0.4710526315789474,original,SKAB,fold_5,999,6,3,3,0.5,avg_negative_log,10,0.2231,0.9,,603,113,936,0.013736626601505746,True,0.0,False,5.0,uniform
0.4567243675099867,0.3049403747870528,1.0,0.46736292428198434,gaussian_noise,SKAB,fold_5,999,6,3,3,0.5,avg_negative_log,10,0.2231,0.9,,603,113,936,0.013736626601505746,True,0.0,False,5.0,uniform
0.6201342281879194,0.0,0.0,0.0,original,SKAB,fold_1,42,6,3,3,0.5,avg_negative_log,10,0.3567,0.9,,647,123,977,0.01227679973863108,True,0.0,False,5.0,uniform
0.6201342281879194,0.0,0.0,0.0,gaussian_noise,SKAB,fold_1,42,6,3,3,0.5,avg_negative_log,10,0.3567,0.9,,647,123,977,0.01227679973863108,True,0.0,False,5.0,uniform
0.6201342281879194,0.0,0.0,0.0,original,SKAB,fold_1,123,6,3,3,0.5,avg_negative_log,10,0.3567,0.9,,647,123,977,0.01227679973863108,True,0.0,False,5.0,uniform
0.6201342281879194,0.0,0.0,0.0,gaussian_noise,SKAB,fold_1,123,6,3,3,0.5,avg_negative_log,10,0.3567,0.9,,647,123,977,0.01227679973863108,True,0.0,False,5.0,uniform
0.6201342281879194,0.0,0.0,0.0,original,SKAB,fold_1,2026,6,3,3,0.5,avg_negative_log,10,0.3567,0.9,,647,123,977,0.01227679973863108,True,0.0,False,5.0,uniform
0.6268456375838927,0.0,0.0,0.0,gaussian_noise,SKAB,fold_1,2026,6,3,3,0.5,avg_negative_log,10,0.3567,0.9,,647,123,977,0.01227679973863108,True,0.0,False,5.0,uniform
0.6201342281879194,0.0,0.0,0.0,original,SKAB,fold_1,7,6,3,3,0.5,avg_negative_log,10,0.3567,0.9,,647,123,977,0.01227679973863108,True,0.0,False,5.0,uniform
0.5906040268456376,0.0,0.0,0.0,gaussian_noise,SKAB,fold_1,7,6,3,3,0.5,avg_negative_log,10,0.3567,0.9,,647,123,977,0.01227679973863108,True,0.0,False,5.0,uniform
0.6201342281879194,0.0,0.0,0.0,original,SKAB,fold_1,999,6,3,3,0.5,avg_negative_log,10,0.3567,0.9,,647,123,977,0.01227679973863108,True,0.0,False,5.0,uniform
0.6201342281879194,0.0,0.0,0.0,gaussian_noise,SKAB,fold_1,999,6,3,3,0.5,avg_negative_log,10,0.3567,0.9,,647,123,977,0.01227679973863108,True,0.0,False,5.0,uniform
0.3584905660377358,0.10362694300518134,0.23529411764705882,0.14388489208633093,original,SKAB,fold_2,42,6,3,3,0.5,avg_negative_log,10,0.3567,0.9,,677,124,1016,0.012102730261590509,True,0.0,False,5.0,uniform
0.3611859838274933,0.10621761658031088,0.2411764705882353,0.1474820143884892,gaussian_noise,SKAB,fold_2,42,6,3,3,0.5,avg_negative_log,10,0.3567,0.9,,677,124,1016,0.012102730261590509,True,0.0,False,5.0,uniform
0.3584905660377358,0.10362694300518134,0.23529411764705882,0.14388489208633093,original,SKAB,fold_2,123,6,3,3,0.5,avg_negative_log,10,0.3567,0.9,,677,124,1016,0.012102730261590509,True,0.0,False,5.0,uniform
0.4123989218328841,0.1707920792079208,0.40588235294117647,0.24041811846689895,gaussian_noise,SKAB,fold_2,123,6,3,3,0.5,avg_negative_log,10,0.3567,0.9,,677,124,1016,0.012102730261590509,True,0.0,False,5.0,uniform
0.3584905660377358,0.10362694300518134,0.23529411764705882,0.14388489208633093,original,SKAB,fold_2,2026,6,3,3,0.5,avg_negative_log,10,0.3567,0.9,,677,124,1016,0.012102730261590509,True,0.0,False,5.0,uniform
0.35983827493261455,0.1038961038961039,0.23529411764705882,0.14414414414414414,gaussian_noise,SKAB,fold_2,2026,6,3,3,0.5,avg_negative_log,10,0.3567,0.9,,677,124,1016,0.012102730261590509,True,0.0,False,5.0,uniform
0.3584905660377358,0.10362694300518134,0.23529411764705882,0.14388489208633093,original,SKAB,fold_2,7,6,3,3,0.5,avg_negative_log,10,0.3567,0.9,,677,124,1016,0.012102730261590509,True,0.0,False,5.0,uniform
0.38140161725067384,0.141439205955335,0.3352941176470588,0.19895287958115182,gaussian_noise,SKAB,fold_2,7,6,3,3,0.5,avg_negative_log,10,0.3567,0.9,,677,124,1016,0.012102730261590509,True,0.0,False,5.0,uniform
0.3584905660377358,0.10362694300518134,0.23529411764705882,0.14388489208633093,original,SKAB,fold_2,999,6,3,3,0.5,avg_negative_log,10,0.3567,0.9,,677,124,1016,0.012102730261590509,True,0.0,False,5.0,uniform
0.38140161725067384,0.141439205955335,0.3352941176470588,0.19895287958115182,gaussian_noise,SKAB,fold_2,999,6,3,3,0.5,avg_negative_log,10,0.3567,0.9,,677,124,1016,0.012102730261590509,True,0.0,False,5.0,uniform
0.3948787061994609,0.17257683215130024,0.42441860465116277,0.2453781512605042,original,SKAB,fold_3,42,6,3,3,0.5,avg_negative_log,10,0.3567,0.9,,686,126,1028,0.011893192651210143,True,0.0,False,5.0,uniform
0.4164420485175202,0.18092909535452323,0.43023255813953487,0.2547332185886403,gaussian_noise,SKAB,fold_3,42,6,3,3,0.5,avg_negative_log,10,0.3567,0.9,,686,126,1028,0.011893192651210143,True,0.0,False,5.0,uniform
0.3948787061994609,0.17257683215130024,0.42441860465116277,0.2453781512605042,original,SKAB,fold_3,123,6,3,3,0.5,avg_negative_log,10,0.3567,0.9,,686,126,1028,0.011893192651210143,True,0.0,False,5.0,uniform
0.41778975741239893,0.1782178217821782,0.4186046511627907,0.25,gaussian_noise,SKAB,fold_3,123,6,3,3,0.5,avg_negative_log,10,0.3567,0.9,,686,126,1028,0.011893192651210143,True,0.0,False,5.0,uniform
0.3948787061994609,0.17257683215130024,0.42441860465116277,0.2453781512605042,original,SKAB,fold_3,2026,6,3,3,0.5,avg_negative_log,10,0.3567,0.9,,686,126,1028,0.011893192651210143,True,0.0,False,5.0,uniform
0.42587601078167114,0.1825,0.42441860465116277,0.25524475524475526,gaussian_noise,SKAB,fold_3,2026,6,3,3,0.5,avg_negative_log,10,0.3567,0.9,,686,126,1028,0.011893192651210143,True,0.0,False,5.0,uniform
0.3948787061994609,0.17257683215130024,0.42441860465116277,0.2453781512605042,original,SKAB,fold_3,7,6,3,3,0.5,avg_negative_log,10,0.3567,0.9,,686,126,1028,0.011893192651210143,True,0.0,False,5.0,uniform
0.39892183288409705,0.17688679245283018,0.436046511627907,0.2516778523489933,gaussian_noise,SKAB,fold_3,7,6,3,3,0.5,avg_negative_log,10,0.3567,0.9,,686,126,1028,0.011893192651210143,True,0.0,False,5.0,uniform
0.3948787061994609,0.17257683215130024,0.42441860465116277,0.2453781512605042,original,SKAB,fold_3,999,6,3,3,0.5,avg_negative_log,10,0.3567,0.9,,686,126,1028,0.011893192651210143,True,0.0,False,5.0,uniform
0.4056603773584906,0.18501170960187355,0.45930232558139533,0.2637729549248748,gaussian_noise,SKAB,fold_3,999,6,3,3,0.5,avg_negative_log,10,0.3567,0.9,,686,126,1028,0.011893192651210143,True,0.0,False,5.0,uniform
0.6120218579234973,0.34438775510204084,0.8333333333333334,0.48736462093862815,original,SKAB,fold_4,42,6,3,3,0.5,avg_negative_log,10,0.3567,0.9,,692,129,1032,0.011560693641618497,True,0.0,False,5.0,uniform
0.610655737704918,0.3435114503816794,0.8333333333333334,0.4864864864864865,gaussian_noise,SKAB,fold_4,42,6,3,3,0.5,avg_negative_log,10,0.3567,0.9,,692,129,1032,0.011560693641618497,True,0.0,False,5.0,uniform
0.6120218579234973,0.34438775510204084,0.8333333333333334,0.48736462093862815,original,SKAB,fold_4,123,6,3,3,0.5,avg_negative_log,10,0.3567,0.9,,692,129,1032,0.011560693641618497,True,0.0,False,5.0,uniform
0.6188524590163934,0.3548387096774194,0.8827160493827161,0.5061946902654867,gaussian_noise,SKAB,fold_4,123,6,3,3,0.5,avg_negative_log,10,0.3567,0.9,,692,129,1032,0.011560693641618497,True,0.0,False,5.0,uniform
0.6120218579234973,0.34438775510204084,0.8333333333333334,0.48736462093862815,original,SKAB,fold_4,2026,6,3,3,0.5,avg_negative_log,10,0.3567,0.9,,692,129,1032,0.011560693641618497,True,0.0,False,5.0,uniform
0.6120218579234973,0.34438775510204084,0.8333333333333334,0.48736462093862815,gaussian_noise,SKAB,fold_4,2026,6,3,3,0.5,avg_negative_log,10,0.3567,0.9,,692,129,1032,0.011560693641618497,True,0.0,False,5.0,uniform
0.6120218579234973,0.34438775510204084,0.8333333333333334,0.48736462093862815,original,SKAB,fold_4,7,6,3,3,0.5,avg_negative_log,10,0.3567,0.9,,692,129,1032,0.011560693641618497,True,0.0,False,5.0,uniform
0.6188524590163934,0.3548387096774194,0.8827160493827161,0.5061946902654867,gaussian_noise,SKAB,fold_4,7,6,3,3,0.5,avg_negative_log,10,0.3567,0.9,,692,129,1032,0.011560693641618497,True,0.0,False,5.0,uniform
0.6120218579234973,0.34438775510204084,0.8333333333333334,0.48736462093862815,original,SKAB,fold_4,999,6,3,3,0.5,avg_negative_log,10,0.3567,0.9,,692,129,1032,0.011560693641618497,True,0.0,False,5.0,uniform
0.6065573770491803,0.3409090909090909,0.8333333333333334,0.4838709677419355,gaussian_noise,SKAB,fold_4,999,6,3,3,0.5,avg_negative_log,10,0.3567,0.9,,692,129,1032,0.011560693641618497,True,0.0,False,5.0,uniform
0.47536617842876167,0.3076923076923077,0.9608938547486033,0.46612466124661245,original,SKAB,fold_5,42,6,3,3,0.5,avg_negative_log,10,0.3567,0.9,,603,113,936,0.013736626601505746,True,0.0,False,5.0,uniform
0.46870838881491345,0.3,0.9217877094972067,0.45267489711934156,gaussian_noise,SKAB,fold_5,42,6,3,3,0.5,avg_negative_log,10,0.3567,0.9,,603,113,936,0.013736626601505746,True,0.0,False,5.0,uniform
0.47536617842876167,0.3076923076923077,0.9608938547486033,0.46612466124661245,original,SKAB,fold_5,123,6,3,3,0.5,avg_negative_log,10,0.3567,0.9,,603,113,936,0.013736626601505746,True,0.0,False,5.0,uniform
0.49001331557922767,0.3118081180811808,0.9441340782122905,0.46879334257975036,gaussian_noise,SKAB,fold_5,123,6,3,3,0.5,avg_negative_log,10,0.3567,0.9,,603,113,936,0.013736626601505746,True,0.0,False,5.0,uniform
0.47536617842876167,0.3076923076923077,0.9608938547486033,0.46612466124661245,original,SKAB,fold_5,2026,6,3,3,0.5,avg_negative_log,10,0.3567,0.9,,603,113,936,0.013736626601505746,True,0.0,False,5.0,uniform
0.5019973368841545,0.32368896925858953,1.0,0.4890710382513661,gaussian_noise,SKAB,fold_5,2026,6,3,3,0.5,avg_negative_log,10,0.3567,0.9,,603,113,936,0.013736626601505746,True,0.0,False,5.0,uniform
0.47536617842876167,0.3076923076923077,0.9608938547486033,0.46612466124661245,original,SKAB,fold_5,7,6,3,3,0.5,avg_negative_log,10,0.3567,0.9,,603,113,936,0.013736626601505746,True,0.0,False,5.0,uniform
0.47270306258322237,0.3016453382084095,0.9217877094972067,0.45454545454545453,gaussian_noise,SKAB,fold_5,7,6,3,3,0.5,avg_negative_log,10,0.3567,0.9,,603,113,936,0.013736626601505746,True,0.0,False,5.0,uniform
0.47536617842876167,0.3076923076923077,0.9608938547486033,0.46612466124661245,original,SKAB,fold_5,999,6,3,3,0.5,avg_negative_log,10,0.3567,0.9,,603,113,936,0.013736626601505746,True,0.0,False,5.0,uniform
0.4434087882822903,0.28998242530755713,0.9217877094972067,0.4411764705882353,gaussian_noise,SKAB,fold_5,999,6,3,3,0.5,avg_negative_log,10,0.3567,0.9,,603,113,936,0.013736626601505746,True,0.0,False,5.0,uniform
0.625503355704698,0.0,0.0,0.0,original,SKAB,fold_1,42,6,3,3,0.5,avg_negative_log,10,0.5108,0.9,,647,123,977,0.01227679973863108,True,0.0,False,5.0,uniform
0.625503355704698,0.0,0.0,0.0,gaussian_noise,SKAB,fold_1,42,6,3,3,0.5,avg_negative_log,10,0.5108,0.9,,647,123,977,0.01227679973863108,True,0.0,False,5.0,uniform
0.625503355704698,0.0,0.0,0.0,original,SKAB,fold_1,123,6,3,3,0.5,avg_negative_log,10,0.5108,0.9,,647,123,977,0.01227679973863108,True,0.0,False,5.0,uniform
0.625503355704698,0.0,0.0,0.0,gaussian_noise,SKAB,fold_1,123,6,3,3,0.5,avg_negative_log,10,0.5108,0.9,,647,123,977,0.01227679973863108,True,0.0,False,5.0,uniform
0.625503355704698,0.0,0.0,0.0,original,SKAB,fold_1,2026,6,3,3,0.5,avg_negative_log,10,0.5108,0.9,,647,123,977,0.01227679973863108,True,0.0,False,5.0,uniform
0.6335570469798658,0.0,0.0,0.0,gaussian_noise,SKAB,fold_1,2026,6,3,3,0.5,avg_negative_log,10,0.5108,0.9,,647,123,977,0.01227679973863108,True,0.0,False,5.0,uniform
0.625503355704698,0.0,0.0,0.0,original,SKAB,fold_1,7,6,3,3,0.5,avg_negative_log,10,0.5108,0.9,,647,123,977,0.01227679973863108,True,0.0,False,5.0,uniform
0.5973154362416108,0.0,0.0,0.0,gaussian_noise,SKAB,fold_1,7,6,3,3,0.5,avg_negative_log,10,0.5108,0.9,,647,123,977,0.01227679973863108,True,0.0,False,5.0,uniform
0.625503355704698,0.0,0.0,0.0,original,SKAB,fold_1,999,6,3,3,0.5,avg_negative_log,10,0.5108,0.9,,647,123,977,0.01227679973863108,True,0.0,False,5.0,uniform
0.625503355704698,0.0,0.0,0.0,gaussian_noise,SKAB,fold_1,999,6,3,3,0.5,avg_negative_log,10,0.5108,0.9,,647,123,977,0.01227679973863108,True,0.0,False,5.0,uniform
0.35983827493261455,0.09762532981530343,0.21764705882352942,0.13479052823315119,original,SKAB,fold_2,42,6,3,3,0.5,avg_negative_log,10,0.5108,0.9,,677,124,1016,0.012102730261590509,True,0.0,False,5.0,uniform
0.3665768194070081,0.10106382978723404,0.2235294117647059,0.1391941391941392,gaussian_noise,SKAB,fold_2,42,6,3,3,0.5,avg_negative_log,10,0.5108,0.9,,677,124,1016,0.012102730261590509,True,0.0,False,5.0,uniform
0.35983827493261455,0.09762532981530343,0.21764705882352942,0.13479052823315119,original,SKAB,fold_2,123,6,3,3,0.5,avg_negative_log,10,0.5108,0.9,,677,124,1016,0.012102730261590509,True,0.0,False,5.0,uniform
0.4110512129380054,0.1585677749360614,0.36470588235294116,0.22103386809269163,gaussian_noise,SKAB,fold_2,123,6,3,3,0.5,avg_negative_log,10,0.5108,0.9,,677,124,1016,0.012102730261590509,True,0.0,False,5.0,uniform
0.35983827493261455,0.09762532981530343,0.21764705882352942,0.13479052823315119,original,SKAB,fold_2,2026,6,3,3,0.5,avg_negative_log,10,0.5108,0.9,,677,124,1016,0.012102730261590509,True,0.0,False,5.0,uniform
0.3638814016172507,0.09840425531914894,0.21764705882352942,0.13553113553113552,gaussian_noise,SKAB,fold_2,2026,6,3,3,0.5,avg_negative_log,10,0.5108,0.9,,677,124,1016,0.012102730261590509,True,0.0,False,5.0,uniform
0.35983827493261455,0.09762532981530343,0.21764705882352942,0.13479052823315119,original,SKAB,fold_2,7,6,3,3,0.5,avg_negative_log,10,0.5108,0.9,,677,124,1016,0.012102730261590509,True,0.0,False,5.0,uniform
0.38005390835579517,0.1319796954314721,0.3058823529411765,0.18439716312056736,gaussian_noise,SKAB,fold_2,7,6,3,3,0.5,avg_negative_log,10,0.5108,0.9,,677,124,1016,0.012102730261590509,True,0.0,False,5.0,uniform
0.35983827493261455,0.09762532981530343,0.21764705882352942,0.13479052823315119,original,SKAB,fold_2,999,6,3,3,0.5,avg_negative_log,10,0.5108,0.9,,677,124,1016,0.012102730261590509,True,0.0,False,5.0,uniform
0.38005390835579517,0.1319796954314721,0.3058823529411765,0.18439716312056736,gaussian_noise,SKAB,fold_2,999,6,3,3,0.5,avg_negative_log,10,0.5108,0.9,,677,124,1016,0.012102730261590509,True,0.0,False,5.0,uniform
0.39622641509433965,0.1650485436893204,0.3953488372093023,0.2328767123287671,original,SKAB,fold_3,42,6,3,3,0.5,avg_negative_log,10,0.5108,0.9,,686,126,1028,0.011893192651210143,True,0.0,False,5.0,uniform
0.4191374663072776,0.17380352644836272,0.4011627906976744,0.24253075571177504,gaussian_noise,SKAB,fold_3,42,6,3,3,0.5,avg_negative_log,10,0.5108,0.9,,686,126,1028,0.011893192651210143,True,0.0,False,5.0,uniform
0.39622641509433965,0.1650485436893204,0.3953488372093023,0.2328767123287671,original,SKAB,fold_3,123,6,3,3,0.5,avg_negative_log,10,0.5108,0.9,,686,126,1028,0.011893192651210143,True,0.0,False,5.0,uniform
0.4191374663072776,0.17048346055979643,0.38953488372093026,0.23716814159292035,gaussian_noise,SKAB,fold_3,123,6,3,3,0.5,avg_negative_log,10,0.5108,0.9,,686,126,1028,0.011893192651210143,True,0.0,False,5.0,uniform
0.39622641509433965,0.1650485436893204,0.3953488372093023,0.2328767123287671,original,SKAB,fold_3,2026,6,3,3,0.5,avg_negative_log,10,0.5108,0.9,,686,126,1028,0.011893192651210143,True,0.0,False,5.0,uniform
0.4272237196765499,0.17480719794344474,0.3953488372093023,0.24242424242424243,gaussian_noise,SKAB,fold_3,2026,6,3,3,0.5,avg_negative_log,10,0.5108,0.9,,686,126,1028,0.011893192651210143,True,0.0,False,5.0,uniform
0.39622641509433965,0.1650485436893204,0.3953488372093023,0.2328767123287671,original,SKAB,fold_3,7,6,3,3,0.5,avg_negative_log,10,0.5108,0.9,,686,126,1028,0.011893192651210143,True,0.0,False,5.0,uniform
0.40431266846361186,0.17391304347826086,0.4186046511627907,0.24573378839590443,gaussian_noise,SKAB,fold_3,7,6,3,3,0.5,avg_negative_log,10,0.5108,0.9,,686,126,1028,0.011893192651210143,True,0.0,False,5.0,uniform
0.39622641509433965,0.1650485436893204,0.3953488372093023,0.2328767123287671,original,SKAB,fold_3,999,6,3,3,0.5,avg_negative_log,10,0.5108,0.9,,686,126,1028,0.011893192651210143,True,0.0,False,5.0,uniform
0.408355795148248,0.1783132530120482,0.43023255813953487,0.252129471890971,gaussian_noise,SKAB,fold_3,999,6,3,3,0.5,avg_negative_log,10,0.5108,0.9,,686,126,1028,0.011893192651210143,True,0.0,False,5.0,uniform
0.6243169398907104,0.35013262599469497,0.8148148148148148,0.4897959183673469,original,SKAB,fold_4,42,6,3,3,0.5,avg_negative_log,10,0.5108,0.9,,692,129,1032,0.011560693641618497,True,0.0,False,5.0,uniform
0.6229508196721312,0.3492063492063492,0.8148148148148148,0.4888888888888889,gaussian_noise,SKAB,fold_4,42,6,3,3,0.5,avg_negative_log,10,0.5108,0.9,,692,129,1032,0.011560693641618497,True,0.0,False,5.0,uniform
0.6243169398907104,0.35013262599469497,0.8148148148148148,0.4897959183673469,original,SKAB,fold_4,123,6,3,3,0.5,avg_negative_log,10,0.5108,0.9,,692,129,1032,0.011560693641618497,True,0.0,False,5.0,uniform
0.6311475409836066,0.36082474226804123,0.8641975308641975,0.509090909090909,gaussian_noise,SKAB,fold_4,123,6,3,3,0.5,avg_negative_log,10,0.5108,0.9,,692,129,1032,0.011560693641618497,True,0.0,False,5.0,uniform
0.6243169398907104,0.35013262599469497,0.8148148148148148,0.4897959183673469,original,SKAB,fold_4,2026,6,3,3,0.5,avg_negative_log,10,0.5108,0.9,,692,129,1032,0.011560693641618497,True,0.0,False,5.0,uniform
0.6243169398907104,0.35013262599469497,0.8148148148148148,0.4897959183673469,gaussian_noise,SKAB,fold_4,2026,6,3,3,0.5,avg_negative_log,10,0.5108,0.9,,692,129,1032,0.011560693641618497,True,0.0,False,5.0,uniform
0.6243169398907104,0.35013262599469497,0.8148148148148148,0.4897959183673469,original,SKAB,fold_4,7,6,3,3,0.5,avg_negative_log,10,0.5108,0.9,,692,129,1032,0.011560693641618497,True,0.0,False,5.0,uniform
0.6297814207650273,0.35989717223650386,0.8641975308641975,0.5081669691470054,gaussian_noise,SKAB,fold_4,7,6,3,3,0.5,avg_negative_log,10,0.5108,0.9,,692,129,1032,0.011560693641618497,True,0.0,False,5.0,uniform
0.6243169398907104,0.35013262599469497,0.8148148148148148,0.4897959183673469,original,SKAB,fold_4,999,6,3,3,0.5,avg_negative_log,10,0.5108,0.9,,692,129,1032,0.011560693641618497,True,0.0,False,5.0,uniform
0.6174863387978142,0.34554973821989526,0.8148148148148148,0.4852941176470588,gaussian_noise,SKAB,fold_4,999,6,3,3,0.5,avg_negative_log,10,0.5108,0.9,,692,129,1032,0.011560693641618497,True,0.0,False,5.0,uniform
0.48202396804260983,0.30978260869565216,0.9553072625698324,0.46785225718194257,original,SKAB,fold_5,42,6,3,3,0.5,avg_negative_log,10,0.5108,0.9,,603,113,936,0.013736626601505746,True,0.0,False,5.0,uniform
0.474034620505992,0.3014705882352941,0.9162011173184358,0.4536652835408022,gaussian_noise,SKAB,fold_5,42,6,3,3,0.5,avg_negative_log,10,0.5108,0.9,,603,113,936,0.013736626601505746,True,0.0,False,5.0,uniform
0.48202396804260983,0.30978260869565216,0.9553072625698324,0.46785225718194257,original,SKAB,fold_5,123,6,3,3,0.5,avg_negative_log,10,0.5108,0.9,,603,113,936,0.013736626601505746,True,0.0,False,5.0,uniform
0.4966711051930759,0.31401869158878504,0.9385474860335196,0.47058823529411764,gaussian_noise,SKAB,fold_5,123,6,3,3,0.5,avg_negative_log,10,0.5108,0.9,,603,113,936,0.013736626601505746,True,0.0,False,5.0,uniform
0.48202396804260983,0.30978260869565216,0.9553072625698324,0.46785225718194257,original,SKAB,fold_5,2026,6,3,3,0.5,avg_negative_log,10,0.5108,0.9,,603,113,936,0.013736626601505746,True,0.0,False,5.0,uniform
0.5099866844207723,0.3272394881170018,1.0,0.4931129476584022,gaussian_noise,SKAB,fold_5,2026,6,3,3,0.5,avg_negative_log,10,0.5108,0.9,,603,113,936,0.013736626601505746,True,0.0,False,5.0,uniform
0.48202396804260983,0.30978260869565216,0.9553072625698324,0.46785225718194257,original,SKAB,fold_5,7,6,3,3,0.5,avg_negative_log,10,0.5108,0.9,,603,113,936,0.013736626601505746,True,0.0,False,5.0,uniform
0.4780292942743009,0.3031423290203327,0.9162011173184358,0.45555555555555555,gaussian_noise,SKAB,fold_5,7,6,3,3,0.5,avg_negative_log,10,0.5108,0.9,,603,113,936,0.013736626601505746,True,0.0,False,5.0,uniform
0.48202396804260983,0.30978260869565216,0.9553072625698324,0.46785225718194257,original,SKAB,fold_5,999,6,3,3,0.5,avg_negative_log,10,0.5108,0.9,,603,113,936,0.013736626601505746,True,0.0,False,5.0,uniform
0.4474034620505992,0.2907801418439716,0.9162011173184358,0.4414535666218035,gaussian_noise,SKAB,fold_5,999,6,3,3,0.5,avg_negative_log,10,0.5108,0.9,,603,113,936,0.013736626601505746,True,0.0,False,5.0,uniform
0.6348993288590604,0.0,0.0,0.0,original,SKAB,fold_1,42,6,3,3,0.5,avg_negative_log,10,0.6931,0.9,,647,123,977,0.01227679973863108,True,0.0,False,5.0,uniform
0.6348993288590604,0.0,0.0,0.0,gaussian_noise,SKAB,fold_1,42,6,3,3,0.5,avg_negative_log,10,0.6931,0.9,,647,123,977,0.01227679973863108,True,0.0,False,5.0,uniform
0.6348993288590604,0.0,0.0,0.0,original,SKAB,fold_1,123,6,3,3,0.5,avg_negative_log,10,0.6931,0.9,,647,123,977,0.01227679973863108,True,0.0,False,5.0,uniform
0.6348993288590604,0.0,0.0,0.0,gaussian_noise,SKAB,fold_1,123,6,3,3,0.5,avg_negative_log,10,0.6931,0.9,,647,123,977,0.01227679973863108,True,0.0,False,5.0,uniform
0.6348993288590604,0.0,0.0,0.0,original,SKAB,fold_1,2026,6,3,3,0.5,avg_negative_log,10,0.6931,0.9,,647,123,977,0.01227679973863108,True,0.0,False,5.0,uniform
0.6456375838926175,0.0,0.0,0.0,gaussian_noise,SKAB,fold_1,2026,6,3,3,0.5,avg_negative_log,10,0.6931,0.9,,647,123,977,0.01227679973863108,True,0.0,False,5.0,uniform
0.6348993288590604,0.0,0.0,0.0,original,SKAB,fold_1,7,6,3,3,0.5,avg_negative_log,10,0.6931,0.9,,647,123,977,0.01227679973863108,True,0.0,False,5.0,uniform
0.6093959731543624,0.0,0.0,0.0,gaussian_noise,SKAB,fold_1,7,6,3,3,0.5,avg_negative_log,10,0.6931,0.9,,647,123,977,0.01227679973863108,True,0.0,False,5.0,uniform
0.6348993288590604,0.0,0.0,0.0,original,SKAB,fold_1,999,6,3,3,0.5,avg_negative_log,10,0.6931,0.9,,647,123,977,0.01227679973863108,True,0.0,False,5.0,uniform
0.6348993288590604,0.0,0.0,0.0,gaussian_noise,SKAB,fold_1,999,6,3,3,0.5,avg_negative_log,10,0.6931,0.9,,647,123,977,0.01227679973863108,True,0.0,False,5.0,uniform
0.3584905660377358,0.09090909090909091,0.2,0.125,original,SKAB,fold_2,42,6,3,3,0.5,avg_negative_log,10,0.6931,0.9,,677,124,1016,0.012102730261590509,True,0.0,False,5.0,uniform
0.3692722371967655,0.09510869565217392,0.20588235294117646,0.13011152416356878,gaussian_noise,SKAB,fold_2,42,6,3,3,0.5,avg_negative_log,10,0.6931,0.9,,677,124,1016,0.012102730261590509,True,0.0,False,5.0,uniform
0.3584905660377358,0.09090909090909091,0.2,0.125,original,SKAB,fold_2,123,6,3,3,0.5,avg_negative_log,10,0.6931,0.9,,677,124,1016,0.012102730261590509,True,0.0,False,5.0,uniform
0.40431266846361186,0.14397905759162305,0.3235294117647059,0.19927536231884058,gaussian_noise,SKAB,fold_2,123,6,3,3,0.5,avg_negative_log,10,0.6931,0.9,,677,124,1016,0.012102730261590509,True,0.0,False,5.0,uniform
0.3584905660377358,0.09090909090909091,0.2,0.125,original,SKAB,fold_2,2026,6,3,3,0.5,avg_negative_log,10,0.6931,0.9,,677,124,1016,0.012102730261590509,True,0.0,False,5.0,uniform
0.3665768194070081,0.09239130434782608,0.2,0.12639405204460966,gaussian_noise,SKAB,fold_2,2026,6,3,3,0.5,avg_negative_log,10,0.6931,0.9,,677,124,1016,0.012102730261590509,True,0.0,False,5.0,uniform
0.3584905660377358,0.09090909090909091,0.2,0.125,original,SKAB,fold_2,7,6,3,3,0.5,avg_negative_log,10,0.6931,0.9,,677,124,1016,0.012102730261590509,True,0.0,False,5.0,uniform
0.37735849056603776,0.12176165803108809,0.27647058823529413,0.16906474820143885,gaussian_noise,SKAB,fold_2,7,6,3,3,0.5,avg_negative_log,10,0.6931,0.9,,677,124,1016,0.012102730261590509,True,0.0,False,5.0,uniform
0.3584905660377358,0.09090909090909091,0.2,0.125,original,SKAB,fold_2,999,6,3,3,0.5,avg_negative_log,10,0.6931,0.9,,677,124,1016,0.012102730261590509,True,0.0,False,5.0,uniform
0.37601078167115903,0.12144702842377261,0.27647058823529413,0.1687612208258528,gaussian_noise,SKAB,fold_2,999,6,3,3,0.5,avg_negative_log,10,0.6931,0.9,,677,124,1016,0.012102730261590509,True,0.0,False,5.0,uniform
0.40700808625336926,0.1598984771573604,0.36627906976744184,0.2226148409893993,original,SKAB,fold_3,42,6,3,3,0.5,avg_negative_log,10,0.6931,0.9,,686,126,1028,0.011893192651210143,True,0.0,False,5.0,uniform
0.42587601078167114,0.16753926701570682,0.37209302325581395,0.23104693140794225,gaussian_noise,SKAB,fold_3,42,6,3,3,0.5,avg_negative_log,10,0.6931,0.9,,686,126,1028,0.011893192651210143,True,0.0,False,5.0,uniform
0.40700808625336926,0.1598984771573604,0.36627906976744184,0.2226148409893993,original,SKAB,fold_3,123,6,3,3,0.5,avg_negative_log,10,0.6931,0.9,,686,126,1028,0.011893192651210143,True,0.0,False,5.0,uniform
0.42857142857142855,0.16489361702127658,0.36046511627906974,0.22627737226277372,gaussian_noise,SKAB,fold_3,123,6,3,3,0.5,avg_negative_log,10,0.6931,0.9,,686,126,1028,0.011893192651210143,True,0.0,False,5.0,uniform
0.40700808625336926,0.1598984771573604,0.36627906976744184,0.2226148409893993,original,SKAB,fold_3,2026,6,3,3,0.5,avg_negative_log,10,0.6931,0.9,,686,126,1028,0.011893192651210143,True,0.0,False,5.0,uniform
0.4366576819407008,0.1693548387096774,0.36627906976744184,0.23161764705882354,gaussian_noise,SKAB,fold_3,2026,6,3,3,0.5,avg_negative_log,10,0.6931,0.9,,686,126,1028,0.011893192651210143,True,0.0,False,5.0,uniform
0.40700808625336926,0.1598984771573604,0.36627906976744184,0.2226148409893993,original,SKAB,fold_3,7,6,3,3,0.5,avg_negative_log,10,0.6931,0.9,,686,126,1028,0.011893192651210143,True,0.0,False,5.0,uniform
0.4164420485175202,0.17293233082706766,0.4011627906976744,0.24168126094570927,gaussian_noise,SKAB,fold_3,7,6,3,3,0.5,avg_negative_log,10,0.6931,0.9,,686,126,1028,0.011893192651210143,True,0.0,False,5.0,uniform
0.40700808625336926,0.1598984771573604,0.36627906976744184,0.2226148409893993,original,SKAB,fold_3,999,6,3,3,0.5,avg_negative_log,10,0.6931,0.9,,686,126,1028,0.011893192651210143,True,0.0,False,5.0,uniform
0.41778975741239893,0.17336683417085427,0.4011627906976744,0.24210526315789474,gaussian_noise,SKAB,fold_3,999,6,3,3,0.5,avg_negative_log,10,0.6931,0.9,,686,126,1028,0.011893192651210143,True,0.0,False,5.0,uniform
0.6311475409836066,0.35405405405405405,0.808641975308642,0.4924812030075188,original,SKAB,fold_4,42,6,3,3,0.5,avg_negative_log,10,0.6931,0.9,,692,129,1032,0.011560693641618497,True,0.0,False,5.0,uniform
0.6284153005464481,0.3521505376344086,0.808641975308642,0.49063670411985016,gaussian_noise,SKAB,fold_4,42,6,3,3,0.5,avg_negative_log,10,0.6931,0.9,,692,129,1032,0.011560693641618497,True,0.0,False,5.0,uniform
0.6311475409836066,0.35405405405405405,0.808641975308642,0.4924812030075188,original,SKAB,fold_4,123,6,3,3,0.5,avg_negative_log,10,0.6931,0.9,,692,129,1032,0.011560693641618497,True,0.0,False,5.0,uniform
0.6338797814207651,0.3605263157894737,0.845679012345679,0.5055350553505535,gaussian_noise,SKAB,fold_4,123,6,3,3,0.5,avg_negative_log,10,0.6931,0.9,,692,129,1032,0.011560693641618497,True,0.0,False,5.0,uniform
0.6311475409836066,0.35405405405405405,0.808641975308642,0.4924812030075188,original,SKAB,fold_4,2026,6,3,3,0.5,avg_negative_log,10,0.6931,0.9,,692,129,1032,0.011560693641618497,True,0.0,False,5.0,uniform
0.6311475409836066,0.35405405405405405,0.808641975308642,0.4924812030075188,gaussian_noise,SKAB,fold_4,2026,6,3,3,0.5,avg_negative_log,10,0.6931,0.9,,692,129,1032,0.011560693641618497,True,0.0,False,5.0,uniform
0.6311475409836066,0.35405405405405405,0.808641975308642,0.4924812030075188,original,SKAB,fold_4,7,6,3,3,0.5,avg_negative_log,10,0.6931,0.9,,692,129,1032,0.011560693641618497,True,0.0,False,5.0,uniform
0.6338797814207651,0.3605263157894737,0.845679012345679,0.5055350553505535,gaussian_noise,SKAB,fold_4,7,6,3,3,0.5,avg_negative_log,10,0.6931,0.9,,692,129,1032,0.011560693641618497,True,0.0,False,5.0,uniform
0.6311475409836066,0.35405405405405405,0.808641975308642,0.4924812030075188,original,SKAB,fold_4,999,6,3,3,0.5,avg_negative_log,10,0.6931,0.9,,692,129,1032,0.011560693641618497,True,0.0,False,5.0,uniform
0.6243169398907104,0.34933333333333333,0.808641975308642,0.48789571694599626,gaussian_noise,SKAB,fold_4,999,6,3,3,0.5,avg_negative_log,10,0.6931,0.9,,692,129,1032,0.011560693641618497,True,0.0,False,5.0,uniform
0.5059920106524634,0.31954887218045114,0.9497206703910615,0.4781997187060478,original,SKAB,fold_5,42,6,3,3,0.5,avg_negative_log,10,0.6931,0.9,,603,113,936,0.013736626601505746,True,0.0,False,5.0,uniform
0.49267643142476697,0.3087121212121212,0.9106145251396648,0.4611032531824611,gaussian_noise,SKAB,fold_5,42,6,3,3,0.5,avg_negative_log,10,0.6931,0.9,,603,113,936,0.013736626601505746,True,0.0,False,5.0,uniform
0.5059920106524634,0.31954887218045114,0.9497206703910615,0.4781997187060478,original,SKAB,fold_5,123,6,3,3,0.5,avg_negative_log,10,0.6931,0.9,,603,113,936,0.013736626601505746,True,0.0,False,5.0,uniform
0.5139813581890812,0.3204633204633205,0.9273743016759777,0.4763271162123386,gaussian_noise,SKAB,fold_5,123,6,3,3,0.5,avg_negative_log,10,0.6931,0.9,,603,113,936,0.013736626601505746,True,0.0,False,5.0,uniform
0.5059920106524634,0.31954887218045114,0.9497206703910615,0.4781997187060478,original,SKAB,fold_5,2026,6,3,3,0.5,avg_negative_log,10,0.6931,0.9,,603,113,936,0.013736626601505746,True,0.0,False,5.0,uniform
0.5299600532623169,0.33646616541353386,1.0,0.5035161744022504,gaussian_noise,SKAB,fold_5,2026,6,3,3,0.5,avg_negative_log,10,0.6931,0.9,,603,113,936,0.013736626601505746,True,0.0,False,5.0,uniform
0.5059920106524634,0.31954887218045114,0.9497206703910615,0.4781997187060478,original,SKAB,fold_5,7,6,3,3,0.5,avg_negative_log,10,0.6931,0.9,,603,113,936,0.013736626601505746,True,0.0,False,5.0,uniform
0.4966711051930759,0.31047619047619046,0.9106145251396648,0.4630681818181818,gaussian_noise,SKAB,fold_5,7,6,3,3,0.5,avg_negative_log,10,0.6931,0.9,,603,113,936,0.013736626601505746,True,0.0,False,5.0,uniform
0.5059920106524634,0.31954887218045114,0.9497206703910615,0.4781997187060478,original,SKAB,fold_5,999,6,3,3,0.5,avg_negative_log,10,0.6931,0.9,,603,113,936,0.013736626601505746,True,0.0,False,5.0,uniform
0.4607190412782956,0.29528985507246375,0.9106145251396648,0.44596443228454175,gaussian_noise,SKAB,fold_5,999,6,3,3,0.5,avg_negative_log,10,0.6931,0.9,,603,113,936,0.013736626601505746,True,0.0,False,5.0,uniform
0.6456375838926175,0.0,0.0,0.0,original,SKAB,fold_1,42,6,3,3,0.5,avg_negative_log,10,0.9163,0.9,,647,123,977,0.01227679973863108,True,0.0,False,5.0,uniform
0.6456375838926175,0.0,0.0,0.0,gaussian_noise,SKAB,fold_1,42,6,3,3,0.5,avg_negative_log,10,0.9163,0.9,,647,123,977,0.01227679973863108,True,0.0,False,5.0,uniform
0.6456375838926175,0.0,0.0,0.0,original,SKAB,fold_1,123,6,3,3,0.5,avg_negative_log,10,0.9163,0.9,,647,123,977,0.01227679973863108,True,0.0,False,5.0,uniform
0.6456375838926175,0.0,0.0,0.0,gaussian_noise,SKAB,fold_1,123,6,3,3,0.5,avg_negative_log,10,0.9163,0.9,,647,123,977,0.01227679973863108,True,0.0,False,5.0,uniform
0.6456375838926175,0.0,0.0,0.0,original,SKAB,fold_1,2026,6,3,3,0.5,avg_negative_log,10,0.9163,0.9,,647,123,977,0.01227679973863108,True,0.0,False,5.0,uniform
0.6523489932885906,0.0,0.0,0.0,gaussian_noise,SKAB,fold_1,2026,6,3,3,0.5,avg_negative_log,10,0.9163,0.9,,647,123,977,0.01227679973863108,True,0.0,False,5.0,uniform
0.6456375838926175,0.0,0.0,0.0,original,SKAB,fold_1,7,6,3,3,0.5,avg_negative_log,10,0.9163,0.9,,647,123,977,0.01227679973863108,True,0.0,False,5.0,uniform
0.6241610738255033,0.0,0.0,0.0,gaussian_noise,SKAB,fold_1,7,6,3,3,0.5,avg_negative_log,10,0.9163,0.9,,647,123,977,0.01227679973863108,True,0.0,False,5.0,uniform
0.6456375838926175,0.0,0.0,0.0,original,SKAB,fold_1,999,6,3,3,0.5,avg_negative_log,10,0.9163,0.9,,647,123,977,0.01227679973863108,True,0.0,False,5.0,uniform
0.6456375838926175,0.0,0.0,0.0,gaussian_noise,SKAB,fold_1,999,6,3,3,0.5,avg_negative_log,10,0.9163,0.9,,647,123,977,0.01227679973863108,True,0.0,False,5.0,uniform
0.36522911051212936,0.08539944903581267,0.18235294117647058,0.11632270168855535,original,SKAB,fold_2,42,6,3,3,0.5,avg_negative_log,10,0.9163,0.9,,677,124,1016,0.012102730261590509,True,0.0,False,5.0,uniform
0.37870619946091644,0.09014084507042254,0.18823529411764706,0.1219047619047619,gaussian_noise,SKAB,fold_2,42,6,3,3,0.5,avg_negative_log,10,0.9163,0.9,,677,124,1016,0.012102730261590509,True,0.0,False,5.0,uniform
0.36522911051212936,0.08539944903581267,0.18235294117647058,0.11632270168855535,original,SKAB,fold_2,123,6,3,3,0.5,avg_negative_log,10,0.9163,0.9,,677,124,1016,0.012102730261590509,True,0.0,False,5.0,uniform
0.40431266846361186,0.13043478260869565,0.2823529411764706,0.17843866171003717,gaussian_noise,SKAB,fold_2,123,6,3,3,0.5,avg_negative_log,10,0.9163,0.9,,677,124,1016,0.012102730261590509,True,0.0,False,5.0,uniform
0.36522911051212936,0.08539944903581267,0.18235294117647058,0.11632270168855535,original,SKAB,fold_2,2026,6,3,3,0.5,avg_negative_log,10,0.9163,0.9,,677,124,1016,0.012102730261590509,True,0.0,False,5.0,uniform
0.3719676549865229,0.08659217877094973,0.18235294117647058,0.11742424242424243,gaussian_noise,SKAB,fold_2,2026,6,3,3,0.5,avg_negative_log,10,0.9163,0.9,,677,124,1016,0.012102730261590509,True,0.0,False,5.0,uniform
0.36522911051212936,0.08539944903581267,0.18235294117647058,0.11632270168855535,original,SKAB,fold_2,7,6,3,3,0.5,avg_negative_log,10,0.9163,0.9,,677,124,1016,0.012102730261590509,True,0.0,False,5.0,uniform
0.38005390835579517,0.11229946524064172,0.24705882352941178,0.15441176470588236,gaussian_noise,SKAB,fold_2,7,6,3,3,0.5,avg_negative_log,10,0.9163,0.9,,677,124,1016,0.012102730261590509,True,0.0,False,5.0,uniform
0.36522911051212936,0.08539944903581267,0.18235294117647058,0.11632270168855535,original,SKAB,fold_2,999,6,3,3,0.5,avg_negative_log,10,0.9163,0.9,,677,124,1016,0.012102730261590509,True,0.0,False,5.0,uniform
0.37870619946091644,0.112,0.24705882352941178,0.15412844036697249,gaussian_noise,SKAB,fold_2,999,6,3,3,0.5,avg_negative_log,10,0.9163,0.9,,677,124,1016,0.012102730261590509,True,0.0,False,5.0,uniform
0.42048517520215634,0.15508021390374332,0.3372093023255814,0.21245421245421245,original,SKAB,fold_3,42,6,3,3,0.5,avg_negative_log,10,0.9163,0.9,,686,126,1028,0.011893192651210143,True,0.0,False,5.0,uniform
0.4353099730458221,0.16348773841961853,0.3488372093023256,0.22263450834879406,gaussian_noise,SKAB,fold_3,42,6,3,3,0.5,avg_negative_log,10,0.9163,0.9,,686,126,1028,0.011893192651210143,True,0.0,False,5.0,uniform
0.42048517520215634,0.15508021390374332,0.3372093023255814,0.21245421245421245,original,SKAB,fold_3,123,6,3,3,0.5,avg_negative_log,10,0.9163,0.9,,686,126,1028,0.011893192651210143,True,0.0,False,5.0,uniform
0.4420485175202156,0.1601123595505618,0.3313953488372093,0.2159090909090909,gaussian_noise,SKAB,fold_3,123,6,3,3,0.5,avg_negative_log,10,0.9163,0.9,,686,126,1028,0.011893192651210143,True,0.0,False,5.0,uniform
0.42048517520215634,0.15508021390374332,0.3372093023255814,0.21245421245421245,original,SKAB,fold_3,2026,6,3,3,0.5,avg_negative_log,10,0.9163,0.9,,686,126,1028,0.011893192651210143,True,0.0,False,5.0,uniform
0.4501347708894879,0.16285714285714287,0.3313953488372093,0.21839080459770116,gaussian_noise,SKAB,fold_3,2026,6,3,3,0.5,avg_negative_log,10,0.9163,0.9,,686,126,1028,0.011893192651210143,True,0.0,False,5.0,uniform
0.42048517520215634,0.15508021390374332,0.3372093023255814,0.21245421245421245,original,SKAB,fold_3,7,6,3,3,0.5,avg_negative_log,10,0.9163,0.9,,686,126,1028,0.011893192651210143,True,0.0,False,5.0,uniform
0.4326145552560647,0.1732283464566929,0.38372093023255816,0.23869801084990958,gaussian_noise,SKAB,fold_3,7,6,3,3,0.5,avg_negative_log,10,0.9163,0.9,,686,126,1028,0.011893192651210143,True,0.0,False,5.0,uniform
0.42048517520215634,0.15508021390374332,0.3372093023255814,0.21245421245421245,original,SKAB,fold_3,999,6,3,3,0.5,avg_negative_log,10,0.9163,0.9,,686,126,1028,0.011893192651210143,True,0.0,False,5.0,uniform
0.4299191374663073,0.16710875331564987,0.36627906976744184,0.22950819672131148,gaussian_noise,SKAB,fold_3,999,6,3,3,0.5,avg_negative_log,10,0.9163,0.9,,686,126,1028,0.011893192651210143,True,0.0,False,5.0,uniform
0.6420765027322405,0.36033519553072624,0.7962962962962963,0.49615384615384617,original,SKAB,fold_4,42,6,3,3,0.5,avg_negative_log,10,0.9163,0.9,,692,129,1032,0.011560693641618497,True,0.0,False,5.0,uniform
0.6407103825136612,0.3593314763231198,0.7962962962962963,0.4952015355086372,gaussian_noise,SKAB,fold_4,42,6,3,3,0.5,avg_negative_log,10,0.9163,0.9,,692,129,1032,0.011560693641618497,True,0.0,False,5.0,uniform
0.6420765027322405,0.36033519553072624,0.7962962962962963,0.49615384615384617,original,SKAB,fold_4,123,6,3,3,0.5,avg_negative_log,10,0.9163,0.9,,692,129,1032,0.011560693641618497,True,0.0,False,5.0,uniform
0.6461748633879781,0.3678474114441417,0.8333333333333334,0.5103969754253308,gaussian_noise,SKAB,fold_4,123,6,3,3,0.5,avg_negative_log,10,0.9163,0.9,,692,129,1032,0.011560693641618497,True,0.0,False,5.0,uniform
0.6420765027322405,0.36033519553072624,0.7962962962962963,0.49615384615384617,original,SKAB,fold_4,2026,6,3,3,0.5,avg_negative_log,10,0.9163,0.9,,692,129,1032,0.011560693641618497,True,0.0,False,5.0,uniform
0.6420765027322405,0.36033519553072624,0.7962962962962963,0.49615384615384617,gaussian_noise,SKAB,fold_4,2026,6,3,3,0.5,avg_negative_log,10,0.9163,0.9,,692,129,1032,0.011560693641618497,True,0.0,False,5.0,uniform
0.6420765027322405,0.36033519553072624,0.7962962962962963,0.49615384615384617,original,SKAB,fold_4,7,6,3,3,0.5,avg_negative_log,10,0.9163,0.9,,692,129,1032,0.011560693641618497,True,0.0,False,5.0,uniform
0.6461748633879781,0.3678474114441417,0.8333333333333334,0.5103969754253308,gaussian_noise,SKAB,fold_4,7,6,3,3,0.5,avg_negative_log,10,0.9163,0.9,,692,129,1032,0.011560693641618497,True,0.0,False,5.0,uniform
0.6420765027322405,0.36033519553072624,0.7962962962962963,0.49615384615384617,original,SKAB,fold_4,999,6,3,3,0.5,avg_negative_log,10,0.9163,0.9,,692,129,1032,0.011560693641618497,True,0.0,False,5.0,uniform
0.6366120218579235,0.356353591160221,0.7962962962962963,0.49236641221374045,gaussian_noise,SKAB,fold_4,999,6,3,3,0.5,avg_negative_log,10,0.9163,0.9,,692,129,1032,0.011560693641618497,True,0.0,False,5.0,uniform
0.5299600532623169,0.328740157480315,0.9329608938547486,0.4861717612809316,original,SKAB,fold_5,42,6,3,3,0.5,avg_negative_log,10,0.9163,0.9,,603,113,936,0.013736626601505746,True,0.0,False,5.0,uniform
0.5139813581890812,0.3169291338582677,0.8994413407821229,0.46870451237263466,gaussian_noise,SKAB,fold_5,42,6,3,3,0.5,avg_negative_log,10,0.9163,0.9,,603,113,936,0.013736626601505746,True,0.0,False,5.0,uniform
0.5299600532623169,0.328740157480315,0.9329608938547486,0.4861717612809316,original,SKAB,fold_5,123,6,3,3,0.5,avg_negative_log,10,0.9163,0.9,,603,113,936,0.013736626601505746,True,0.0,False,5.0,uniform
0.5299600532623169,0.3253012048192771,0.9050279329608939,0.47858197932053176,gaussian_noise,SKAB,fold_5,123,6,3,3,0.5,avg_negative_log,10,0.9163,0.9,,603,113,936,0.013736626601505746,True,0.0,False,5.0,uniform
0.5299600532623169,0.328740157480315,0.9329608938547486,0.4861717612809316,original,SKAB,fold_5,2026,6,3,3,0.5,avg_negative_log,10,0.9163,0.9,,603,113,936,0.013736626601505746,True,0.0,False,5.0,uniform
0.5499334221038615,0.34563106796116505,0.994413407821229,0.5129682997118156,gaussian_noise,SKAB,fold_5,2026,6,3,3,0.5,avg_negative_log,10,0.9163,0.9,,603,113,936,0.013736626601505746,True,0.0,False,5.0,uniform
0.5299600532623169,0.328740157480315,0.9329608938547486,0.4861717612809316,original,SKAB,fold_5,7,6,3,3,0.5,avg_negative_log,10,0.9163,0.9,,603,113,936,0.013736626601505746,True,0.0,False,5.0,uniform
0.5193075898801598,0.3187250996015936,0.8938547486033519,0.4698972099853157,gaussian_noise,SKAB,fold_5,7,6,3,3,0.5,avg_negative_log,10,0.9163,0.9,,603,113,936,0.013736626601505746,True,0.0,False,5.0,uniform
0.5299600532623169,0.328740157480315,0.9329608938547486,0.4861717612809316,original,SKAB,fold_5,999,6,3,3,0.5,avg_negative_log,10,0.9163,0.9,,603,113,936,0.013736626601505746,True,0.0,False,5.0,uniform
0.474034620505992,0.2992565055762082,0.8994413407821229,0.4490934449093445,gaussian_noise,SKAB,fold_5,999,6,3,3,0.5,avg_negative_log,10,0.9163,0.9,,603,113,936,0.013736626601505746,True,0.0,False,5.0,uniform
0.10361067503924647,0.10078740157480315,1.0,0.18311874105865522,original,SKAB,fold_1,42,7,3,3,0.5,avg_negative_log,10,0.0,0.9,,822,182,1105,0.0073861661452902325,True,0.0,False,5.0,uniform
0.10361067503924647,0.10078740157480315,1.0,0.18311874105865522,gaussian_noise,SKAB,fold_1,42,7,3,3,0.5,avg_negative_log,10,0.0,0.9,,822,182,1105,0.0073861661452902325,True,0.0,False,5.0,uniform
0.10361067503924647,0.10078740157480315,1.0,0.18311874105865522,original,SKAB,fold_1,123,7,3,3,0.5,avg_negative_log,10,0.0,0.9,,822,182,1105,0.0073861661452902325,True,0.0,False,5.0,uniform
0.10361067503924647,0.10078740157480315,1.0,0.18311874105865522,gaussian_noise,SKAB,fold_1,123,7,3,3,0.5,avg_negative_log,10,0.0,0.9,,822,182,1105,0.0073861661452902325,True,0.0,False,5.0,uniform
0.10361067503924647,0.10078740157480315,1.0,0.18311874105865522,original,SKAB,fold_1,2026,7,3,3,0.5,avg_negative_log,10,0.0,0.9,,822,182,1105,0.0073861661452902325,True,0.0,False,5.0,uniform
0.10361067503924647,0.10078740157480315,1.0,0.18311874105865522,gaussian_noise,SKAB,fold_1,2026,7,3,3,0.5,avg_negative_log,10,0.0,0.9,,822,182,1105,0.0073861661452902325,True,0.0,False,5.0,uniform
0.10361067503924647,0.10078740157480315,1.0,0.18311874105865522,original,SKAB,fold_1,7,7,3,3,0.5,avg_negative_log,10,0.0,0.9,,822,182,1105,0.0073861661452902325,True,0.0,False,5.0,uniform
0.10361067503924647,0.10078740157480315,1.0,0.18311874105865522,gaussian_noise,SKAB,fold_1,7,7,3,3,0.5,avg_negative_log,10,0.0,0.9,,822,182,1105,0.0073861661452902325,True,0.0,False,5.0,uniform
0.10361067503924647,0.10078740157480315,1.0,0.18311874105865522,original,SKAB,fold_1,999,7,3,3,0.5,avg_negative_log,10,0.0,0.9,,822,182,1105,0.0073861661452902325,True,0.0,False,5.0,uniform
0.10361067503924647,0.10078740157480315,1.0,0.18311874105865522,gaussian_noise,SKAB,fold_1,999,7,3,3,0.5,avg_negative_log,10,0.0,0.9,,822,182,1105,0.0073861661452902325,True,0.0,False,5.0,uniform
0.10094637223974763,0.0981012658227848,1.0,0.1786743515850144,original,SKAB,fold_2,42,7,3,3,0.5,avg_negative_log,10,0.0,0.9,,965,207,1307,0.006543015193612175,True,0.0,False,5.0,uniform
0.10094637223974763,0.0981012658227848,1.0,0.1786743515850144,gaussian_noise,SKAB,fold_2,42,7,3,3,0.5,avg_negative_log,10,0.0,0.9,,965,207,1307,0.006543015193612175,True,0.0,False,5.0,uniform
0.10094637223974763,0.0981012658227848,1.0,0.1786743515850144,original,SKAB,fold_2,123,7,3,3,0.5,avg_negative_log,10,0.0,0.9,,965,207,1307,0.006543015193612175,True,0.0,False,5.0,uniform
0.10094637223974763,0.0981012658227848,1.0,0.1786743515850144,gaussian_noise,SKAB,fold_2,123,7,3,3,0.5,avg_negative_log,10,0.0,0.9,,965,207,1307,0.006543015193612175,True,0.0,False,5.0,uniform
0.10094637223974763,0.0981012658227848,1.0,0.1786743515850144,original,SKAB,fold_2,2026,7,3,3,0.5,avg_negative_log,10,0.0,0.9,,965,207,1307,0.006543015193612175,True,0.0,False,5.0,uniform
0.10094637223974763,0.0981012658227848,1.0,0.1786743515850144,gaussian_noise,SKAB,fold_2,2026,7,3,3,0.5,avg_negative_log,10,0.0,0.9,,965,207,1307,0.006543015193612175,True,0.0,False,5.0,uniform
0.10094637223974763,0.0981012658227848,1.0,0.1786743515850144,original,SKAB,fold_2,7,7,3,3,0.5,avg_negative_log,10,0.0,0.9,,965,207,1307,0.006543015193612175,True,0.0,False,5.0,uniform
0.10094637223974763,0.0981012658227848,1.0,0.1786743515850144,gaussian_noise,SKAB,fold_2,7,7,3,3,0.5,avg_negative_log,10,0.0,0.9,,965,207,1307,0.006543015193612175,True,0.0,False,5.0,uniform
0.10094637223974763,0.0981012658227848,1.0,0.1786743515850144,original,SKAB,fold_2,999,7,3,3,0.5,avg_negative_log,10,0.0,0.9,,965,207,1307,0.006543015193612175,True,0.0,False,5.0,uniform
0.10094637223974763,0.0981012658227848,1.0,0.1786743515850144,gaussian_noise,SKAB,fold_2,999,7,3,3,0.5,avg_negative_log,10,0.0,0.9,,965,207,1307,0.006543015193612175,True,0.0,False,5.0,uniform
0.10410094637223975,0.10126582278481013,1.0,0.1839080459770115,original,SKAB,fold_3,42,7,3,3,0.5,avg_negative_log,10,0.0,0.9,,980,215,1313,0.006231608922638823,True,0.0,False,5.0,uniform
0.10410094637223975,0.10126582278481013,1.0,0.1839080459770115,gaussian_noise,SKAB,fold_3,42,7,3,3,0.5,avg_negative_log,10,0.0,0.9,,980,215,1313,0.006231608922638823,True,0.0,False,5.0,uniform
0.10410094637223975,0.10126582278481013,1.0,0.1839080459770115,original,SKAB,fold_3,123,7,3,3,0.5,avg_negative_log,10,0.0,0.9,,980,215,1313,0.006231608922638823,True,0.0,False,5.0,uniform
0.10410094637223975,0.10126582278481013,1.0,0.1839080459770115,gaussian_noise,SKAB,fold_3,123,7,3,3,0.5,avg_negative_log,10,0.0,0.9,,980,215,1313,0.006231608922638823,True,0.0,False,5.0,uniform
0.10410094637223975,0.10126582278481013,1.0,0.1839080459770115,original,SKAB,fold_3,2026,7,3,3,0.5,avg_negative_log,10,0.0,0.9,,980,215,1313,0.006231608922638823,True,0.0,False,5.0,uniform
0.10410094637223975,0.10126582278481013,1.0,0.1839080459770115,gaussian_noise,SKAB,fold_3,2026,7,3,3,0.5,avg_negative_log,10,0.0,0.9,,980,215,1313,0.006231608922638823,True,0.0,False,5.0,uniform
0.10410094637223975,0.10126582278481013,1.0,0.1839080459770115,original,SKAB,fold_3,7,7,3,3,0.5,avg_negative_log,10,0.0,0.9,,980,215,1313,0.006231608922638823,True,0.0,False,5.0,uniform
0.10410094637223975,0.10126582278481013,1.0,0.1839080459770115,gaussian_noise,SKAB,fold_3,7,7,3,3,0.5,avg_negative_log,10,0.0,0.9,,980,215,1313,0.006231608922638823,True,0.0,False,5.0,uniform
0.10410094637223975,0.10126582278481013,1.0,0.1839080459770115,original,SKAB,fold_3,999,7,3,3,0.5,avg_negative_log,10,0.0,0.9,,980,215,1313,0.006231608922638823,True,0.0,False,5.0,uniform
0.10410094637223975,0.10126582278481013,1.0,0.1839080459770115,gaussian_noise,SKAB,fold_3,999,7,3,3,0.5,avg_negative_log,10,0.0,0.9,,980,215,1313,0.006231608922638823,True,0.0,False,5.0,uniform
0.0926517571884984,0.08974358974358974,1.0,0.16470588235294117,original,SKAB,fold_4,42,7,3,3,0.5,avg_negative_log,10,0.0,0.9,,994,212,1372,0.006510762689343609,True,0.0,False,5.0,uniform
0.0926517571884984,0.08974358974358974,1.0,0.16470588235294117,gaussian_noise,SKAB,fold_4,42,7,3,3,0.5,avg_negative_log,10,0.0,0.9,,994,212,1372,0.006510762689343609,True,0.0,False,5.0,uniform
0.0926517571884984,0.08974358974358974,1.0,0.16470588235294117,original,SKAB,fold_4,123,7,3,3,0.5,avg_negative_log,10,0.0,0.9,,994,212,1372,0.006510762689343609,True,0.0,False,5.0,uniform
0.0926517571884984,0.08974358974358974,1.0,0.16470588235294117,gaussian_noise,SKAB,fold_4,123,7,3,3,0.5,avg_negative_log,10,0.0,0.9,,994,212,1372,0.006510762689343609,True,0.0,False,5.0,uniform
0.0926517571884984,0.08974358974358974,1.0,0.16470588235294117,original,SKAB,fold_4,2026,7,3,3,0.5,avg_negative_log,10,0.0,0.9,,994,212,1372,0.006510762689343609,True,0.0,False,5.0,uniform
0.0926517571884984,0.08974358974358974,1.0,0.16470588235294117,gaussian_noise,SKAB,fold_4,2026,7,3,3,0.5,avg_negative_log,10,0.0,0.9,,994,212,1372,0.006510762689343609,True,0.0,False,5.0,uniform
0.0926517571884984,0.08974358974358974,1.0,0.16470588235294117,original,SKAB,fold_4,7,7,3,3,0.5,avg_negative_log,10,0.0,0.9,,994,212,1372,0.006510762689343609,True,0.0,False,5.0,uniform
0.0926517571884984,0.08974358974358974,1.0,0.16470588235294117,gaussian_noise,SKAB,fold_4,7,7,3,3,0.5,avg_negative_log,10,0.0,0.9,,994,212,1372,0.006510762689343609,True,0.0,False,5.0,uniform
0.0926517571884984,0.08974358974358974,1.0,0.16470588235294117,original,SKAB,fold_4,999,7,3,3,0.5,avg_negative_log,10,0.0,0.9,,994,212,1372,0.006510762689343609,True,0.0,False,5.0,uniform
0.0926517571884984,0.08974358974358974,1.0,0.16470588235294117,gaussian_noise,SKAB,fold_4,999,7,3,3,0.5,avg_negative_log,10,0.0,0.9,,994,212,1372,0.006510762689343609,True,0.0,False,5.0,uniform
0.11214953271028037,0.109375,1.0,0.19718309859154928,original,SKAB,fold_5,42,7,3,3,0.5,avg_negative_log,10,0.0,0.9,,912,181,1312,0.007948046912862267,True,0.0,False,5.0,uniform
0.11214953271028037,0.109375,1.0,0.19718309859154928,gaussian_noise,SKAB,fold_5,42,7,3,3,0.5,avg_negative_log,10,0.0,0.9,,912,181,1312,0.007948046912862267,True,0.0,False,5.0,uniform
0.11214953271028037,0.109375,1.0,0.19718309859154928,original,SKAB,fold_5,123,7,3,3,0.5,avg_negative_log,10,0.0,0.9,,912,181,1312,0.007948046912862267,True,0.0,False,5.0,uniform
0.11214953271028037,0.109375,1.0,0.19718309859154928,gaussian_noise,SKAB,fold_5,123,7,3,3,0.5,avg_negative_log,10,0.0,0.9,,912,181,1312,0.007948046912862267,True,0.0,False,5.0,uniform
0.11214953271028037,0.109375,1.0,0.19718309859154928,original,SKAB,fold_5,2026,7,3,3,0.5,avg_negative_log,10,0.0,0.9,,912,181,1312,0.007948046912862267,True,0.0,False,5.0,uniform
0.11214953271028037,0.109375,1.0,0.19718309859154928,gaussian_noise,SKAB,fold_5,2026,7,3,3,0.5,avg_negative_log,10,0.0,0.9,,912,181,1312,0.007948046912862267,True,0.0,False,5.0,uniform
0.11214953271028037,0.109375,1.0,0.19718309859154928,original,SKAB,fold_5,7,7,3,3,0.5,avg_negative_log,10,0.0,0.9,,912,181,1312,0.007948046912862267,True,0.0,False,5.0,uniform
0.11214953271028037,0.109375,1.0,0.19718309859154928,gaussian_noise,SKAB,fold_5,7,7,3,3,0.5,avg_negative_log,10,0.0,0.9,,912,181,1312,0.007948046912862267,True,0.0,False,5.0,uniform
0.11214953271028037,0.109375,1.0,0.19718309859154928,original,SKAB,fold_5,999,7,3,3,0.5,avg_negative_log,10,0.0,0.9,,912,181,1312,0.007948046912862267,True,0.0,False,5.0,uniform
0.11214953271028037,0.109375,1.0,0.19718309859154928,gaussian_noise,SKAB,fold_5,999,7,3,3,0.5,avg_negative_log,10,0.0,0.9,,912,181,1312,0.007948046912862267,True,0.0,False,5.0,uniform
0.10361067503924647,0.10078740157480315,1.0,0.18311874105865522,original,SKAB,fold_1,42,7,3,3,0.5,avg_negative_log,10,0.001,0.9,,822,182,1105,0.0073861661452902325,True,0.0,False,5.0,uniform
0.10361067503924647,0.10078740157480315,1.0,0.18311874105865522,gaussian_noise,SKAB,fold_1,42,7,3,3,0.5,avg_negative_log,10,0.001,0.9,,822,182,1105,0.0073861661452902325,True,0.0,False,5.0,uniform
0.10361067503924647,0.10078740157480315,1.0,0.18311874105865522,original,SKAB,fold_1,123,7,3,3,0.5,avg_negative_log,10,0.001,0.9,,822,182,1105,0.0073861661452902325,True,0.0,False,5.0,uniform
0.10361067503924647,0.10078740157480315,1.0,0.18311874105865522,gaussian_noise,SKAB,fold_1,123,7,3,3,0.5,avg_negative_log,10,0.001,0.9,,822,182,1105,0.0073861661452902325,True,0.0,False,5.0,uniform
0.10361067503924647,0.10078740157480315,1.0,0.18311874105865522,original,SKAB,fold_1,2026,7,3,3,0.5,avg_negative_log,10,0.001,0.9,,822,182,1105,0.0073861661452902325,True,0.0,False,5.0,uniform
0.10361067503924647,0.10078740157480315,1.0,0.18311874105865522,gaussian_noise,SKAB,fold_1,2026,7,3,3,0.5,avg_negative_log,10,0.001,0.9,,822,182,1105,0.0073861661452902325,True,0.0,False,5.0,uniform
0.10361067503924647,0.10078740157480315,1.0,0.18311874105865522,original,SKAB,fold_1,7,7,3,3,0.5,avg_negative_log,10,0.001,0.9,,822,182,1105,0.0073861661452902325,True,0.0,False,5.0,uniform
0.10361067503924647,0.10078740157480315,1.0,0.18311874105865522,gaussian_noise,SKAB,fold_1,7,7,3,3,0.5,avg_negative_log,10,0.001,0.9,,822,182,1105,0.0073861661452902325,True,0.0,False,5.0,uniform
0.10361067503924647,0.10078740157480315,1.0,0.18311874105865522,original,SKAB,fold_1,999,7,3,3,0.5,avg_negative_log,10,0.001,0.9,,822,182,1105,0.0073861661452902325,True,0.0,False,5.0,uniform
0.10361067503924647,0.10078740157480315,1.0,0.18311874105865522,gaussian_noise,SKAB,fold_1,999,7,3,3,0.5,avg_negative_log,10,0.001,0.9,,822,182,1105,0.0073861661452902325,True,0.0,False,5.0,uniform
0.10094637223974763,0.0981012658227848,1.0,0.1786743515850144,original,SKAB,fold_2,42,7,3,3,0.5,avg_negative_log,10,0.001,0.9,,965,207,1307,0.006543015193612175,True,0.0,False,5.0,uniform
0.10094637223974763,0.0981012658227848,1.0,0.1786743515850144,gaussian_noise,SKAB,fold_2,42,7,3,3,0.5,avg_negative_log,10,0.001,0.9,,965,207,1307,0.006543015193612175,True,0.0,False,5.0,uniform
0.10094637223974763,0.0981012658227848,1.0,0.1786743515850144,original,SKAB,fold_2,123,7,3,3,0.5,avg_negative_log,10,0.001,0.9,,965,207,1307,0.006543015193612175,True,0.0,False,5.0,uniform
0.10094637223974763,0.0981012658227848,1.0,0.1786743515850144,gaussian_noise,SKAB,fold_2,123,7,3,3,0.5,avg_negative_log,10,0.001,0.9,,965,207,1307,0.006543015193612175,True,0.0,False,5.0,uniform
0.10094637223974763,0.0981012658227848,1.0,0.1786743515850144,original,SKAB,fold_2,2026,7,3,3,0.5,avg_negative_log,10,0.001,0.9,,965,207,1307,0.006543015193612175,True,0.0,False,5.0,uniform
0.10094637223974763,0.0981012658227848,1.0,0.1786743515850144,gaussian_noise,SKAB,fold_2,2026,7,3,3,0.5,avg_negative_log,10,0.001,0.9,,965,207,1307,0.006543015193612175,True,0.0,False,5.0,uniform
0.10094637223974763,0.0981012658227848,1.0,0.1786743515850144,original,SKAB,fold_2,7,7,3,3,0.5,avg_negative_log,10,0.001,0.9,,965,207,1307,0.006543015193612175,True,0.0,False,5.0,uniform
0.10094637223974763,0.0981012658227848,1.0,0.1786743515850144,gaussian_noise,SKAB,fold_2,7,7,3,3,0.5,avg_negative_log,10,0.001,0.9,,965,207,1307,0.006543015193612175,True,0.0,False,5.0,uniform
0.10094637223974763,0.0981012658227848,1.0,0.1786743515850144,original,SKAB,fold_2,999,7,3,3,0.5,avg_negative_log,10,0.001,0.9,,965,207,1307,0.006543015193612175,True,0.0,False,5.0,uniform
0.10094637223974763,0.0981012658227848,1.0,0.1786743515850144,gaussian_noise,SKAB,fold_2,999,7,3,3,0.5,avg_negative_log,10,0.001,0.9,,965,207,1307,0.006543015193612175,True,0.0,False,5.0,uniform
0.10410094637223975,0.10126582278481013,1.0,0.1839080459770115,original,SKAB,fold_3,42,7,3,3,0.5,avg_negative_log,10,0.001,0.9,,980,215,1313,0.006231608922638823,True,0.0,False,5.0,uniform
0.10410094637223975,0.10126582278481013,1.0,0.1839080459770115,gaussian_noise,SKAB,fold_3,42,7,3,3,0.5,avg_negative_log,10,0.001,0.9,,980,215,1313,0.006231608922638823,True,0.0,False,5.0,uniform
0.10410094637223975,0.10126582278481013,1.0,0.1839080459770115,original,SKAB,fold_3,123,7,3,3,0.5,avg_negative_log,10,0.001,0.9,,980,215,1313,0.006231608922638823,True,0.0,False,5.0,uniform
0.10410094637223975,0.10126582278481013,1.0,0.1839080459770115,gaussian_noise,SKAB,fold_3,123,7,3,3,0.5,avg_negative_log,10,0.001,0.9,,980,215,1313,0.006231608922638823,True,0.0,False,5.0,uniform
0.10410094637223975,0.10126582278481013,1.0,0.1839080459770115,original,SKAB,fold_3,2026,7,3,3,0.5,avg_negative_log,10,0.001,0.9,,980,215,1313,0.006231608922638823,True,0.0,False,5.0,uniform
0.10410094637223975,0.10126582278481013,1.0,0.1839080459770115,gaussian_noise,SKAB,fold_3,2026,7,3,3,0.5,avg_negative_log,10,0.001,0.9,,980,215,1313,0.006231608922638823,True,0.0,False,5.0,uniform
0.10410094637223975,0.10126582278481013,1.0,0.1839080459770115,original,SKAB,fold_3,7,7,3,3,0.5,avg_negative_log,10,0.001,0.9,,980,215,1313,0.006231608922638823,True,0.0,False,5.0,uniform
0.10410094637223975,0.10126582278481013,1.0,0.1839080459770115,gaussian_noise,SKAB,fold_3,7,7,3,3,0.5,avg_negative_log,10,0.001,0.9,,980,215,1313,0.006231608922638823,True,0.0,False,5.0,uniform
0.10410094637223975,0.10126582278481013,1.0,0.1839080459770115,original,SKAB,fold_3,999,7,3,3,0.5,avg_negative_log,10,0.001,0.9,,980,215,1313,0.006231608922638823,True,0.0,False,5.0,uniform
0.10410094637223975,0.10126582278481013,1.0,0.1839080459770115,gaussian_noise,SKAB,fold_3,999,7,3,3,0.5,avg_negative_log,10,0.001,0.9,,980,215,1313,0.006231608922638823,True,0.0,False,5.0,uniform
0.0926517571884984,0.08974358974358974,1.0,0.16470588235294117,original,SKAB,fold_4,42,7,3,3,0.5,avg_negative_log,10,0.001,0.9,,994,212,1372,0.006510762689343609,True,0.0,False,5.0,uniform
0.0926517571884984,0.08974358974358974,1.0,0.16470588235294117,gaussian_noise,SKAB,fold_4,42,7,3,3,0.5,avg_negative_log,10,0.001,0.9,,994,212,1372,0.006510762689343609,True,0.0,False,5.0,uniform
0.0926517571884984,0.08974358974358974,1.0,0.16470588235294117,original,SKAB,fold_4,123,7,3,3,0.5,avg_negative_log,10,0.001,0.9,,994,212,1372,0.006510762689343609,True,0.0,False,5.0,uniform
0.0926517571884984,0.08974358974358974,1.0,0.16470588235294117,gaussian_noise,SKAB,fold_4,123,7,3,3,0.5,avg_negative_log,10,0.001,0.9,,994,212,1372,0.006510762689343609,True,0.0,False,5.0,uniform
0.0926517571884984,0.08974358974358974,1.0,0.16470588235294117,original,SKAB,fold_4,2026,7,3,3,0.5,avg_negative_log,10,0.001,0.9,,994,212,1372,0.006510762689343609,True,0.0,False,5.0,uniform
0.0926517571884984,0.08974358974358974,1.0,0.16470588235294117,gaussian_noise,SKAB,fold_4,2026,7,3,3,0.5,avg_negative_log,10,0.001,0.9,,994,212,1372,0.006510762689343609,True,0.0,False,5.0,uniform
0.0926517571884984,0.08974358974358974,1.0,0.16470588235294117,original,SKAB,fold_4,7,7,3,3,0.5,avg_negative_log,10,0.001,0.9,,994,212,1372,0.006510762689343609,True,0.0,False,5.0,uniform
0.0926517571884984,0.08974358974358974,1.0,0.16470588235294117,gaussian_noise,SKAB,fold_4,7,7,3,3,0.5,avg_negative_log,10,0.001,0.9,,994,212,1372,0.006510762689343609,True,0.0,False,5.0,uniform
0.0926517571884984,0.08974358974358974,1.0,0.16470588235294117,original,SKAB,fold_4,999,7,3,3,0.5,avg_negative_log,10,0.001,0.9,,994,212,1372,0.006510762689343609,True,0.0,False,5.0,uniform
0.0926517571884984,0.08974358974358974,1.0,0.16470588235294117,gaussian_noise,SKAB,fold_4,999,7,3,3,0.5,avg_negative_log,10,0.001,0.9,,994,212,1372,0.006510762689343609,True,0.0,False,5.0,uniform
0.11214953271028037,0.109375,1.0,0.19718309859154928,original,SKAB,fold_5,42,7,3,3,0.5,avg_negative_log,10,0.001,0.9,,912,181,1312,0.007948046912862267,True,0.0,False,5.0,uniform
0.11214953271028037,0.109375,1.0,0.19718309859154928,gaussian_noise,SKAB,fold_5,42,7,3,3,0.5,avg_negative_log,10,0.001,0.9,,912,181,1312,0.007948046912862267,True,0.0,False,5.0,uniform
0.11214953271028037,0.109375,1.0,0.19718309859154928,original,SKAB,fold_5,123,7,3,3,0.5,avg_negative_log,10,0.001,0.9,,912,181,1312,0.007948046912862267,True,0.0,False,5.0,uniform
0.11214953271028037,0.109375,1.0,0.19718309859154928,gaussian_noise,SKAB,fold_5,123,7,3,3,0.5,avg_negative_log,10,0.001,0.9,,912,181,1312,0.007948046912862267,True,0.0,False,5.0,uniform
0.11214953271028037,0.109375,1.0,0.19718309859154928,original,SKAB,fold_5,2026,7,3,3,0.5,avg_negative_log,10,0.001,0.9,,912,181,1312,0.007948046912862267,True,0.0,False,5.0,uniform
0.11214953271028037,0.109375,1.0,0.19718309859154928,gaussian_noise,SKAB,fold_5,2026,7,3,3,0.5,avg_negative_log,10,0.001,0.9,,912,181,1312,0.007948046912862267,True,0.0,False,5.0,uniform
0.11214953271028037,0.109375,1.0,0.19718309859154928,original,SKAB,fold_5,7,7,3,3,0.5,avg_negative_log,10,0.001,0.9,,912,181,1312,0.007948046912862267,True,0.0,False,5.0,uniform
0.11214953271028037,0.109375,1.0,0.19718309859154928,gaussian_noise,SKAB,fold_5,7,7,3,3,0.5,avg_negative_log,10,0.001,0.9,,912,181,1312,0.007948046912862267,True,0.0,False,5.0,uniform
0.11214953271028037,0.109375,1.0,0.19718309859154928,original,SKAB,fold_5,999,7,3,3,0.5,avg_negative_log,10,0.001,0.9,,912,181,1312,0.007948046912862267,True,0.0,False,5.0,uniform
0.11214953271028037,0.109375,1.0,0.19718309859154928,gaussian_noise,SKAB,fold_5,999,7,3,3,0.5,avg_negative_log,10,0.001,0.9,,912,181,1312,0.007948046912862267,True,0.0,False,5.0,uniform
0.10361067503924647,0.10078740157480315,1.0,0.18311874105865522,original,SKAB,fold_1,42,7,3,3,0.5,avg_negative_log,10,0.005,0.9,,822,182,1105,0.0073861661452902325,True,0.0,False,5.0,uniform
0.10361067503924647,0.10078740157480315,1.0,0.18311874105865522,gaussian_noise,SKAB,fold_1,42,7,3,3,0.5,avg_negative_log,10,0.005,0.9,,822,182,1105,0.0073861661452902325,True,0.0,False,5.0,uniform
0.10361067503924647,0.10078740157480315,1.0,0.18311874105865522,original,SKAB,fold_1,123,7,3,3,0.5,avg_negative_log,10,0.005,0.9,,822,182,1105,0.0073861661452902325,True,0.0,False,5.0,uniform
0.10361067503924647,0.10078740157480315,1.0,0.18311874105865522,gaussian_noise,SKAB,fold_1,123,7,3,3,0.5,avg_negative_log,10,0.005,0.9,,822,182,1105,0.0073861661452902325,True,0.0,False,5.0,uniform
0.10361067503924647,0.10078740157480315,1.0,0.18311874105865522,original,SKAB,fold_1,2026,7,3,3,0.5,avg_negative_log,10,0.005,0.9,,822,182,1105,0.0073861661452902325,True,0.0,False,5.0,uniform
0.10361067503924647,0.10078740157480315,1.0,0.18311874105865522,gaussian_noise,SKAB,fold_1,2026,7,3,3,0.5,avg_negative_log,10,0.005,0.9,,822,182,1105,0.0073861661452902325,True,0.0,False,5.0,uniform
0.10361067503924647,0.10078740157480315,1.0,0.18311874105865522,original,SKAB,fold_1,7,7,3,3,0.5,avg_negative_log,10,0.005,0.9,,822,182,1105,0.0073861661452902325,True,0.0,False,5.0,uniform
0.10361067503924647,0.10078740157480315,1.0,0.18311874105865522,gaussian_noise,SKAB,fold_1,7,7,3,3,0.5,avg_negative_log,10,0.005,0.9,,822,182,1105,0.0073861661452902325,True,0.0,False,5.0,uniform
0.10361067503924647,0.10078740157480315,1.0,0.18311874105865522,original,SKAB,fold_1,999,7,3,3,0.5,avg_negative_log,10,0.005,0.9,,822,182,1105,0.0073861661452902325,True,0.0,False,5.0,uniform
0.10361067503924647,0.10078740157480315,1.0,0.18311874105865522,gaussian_noise,SKAB,fold_1,999,7,3,3,0.5,avg_negative_log,10,0.005,0.9,,822,182,1105,0.0073861661452902325,True,0.0,False,5.0,uniform
0.10094637223974763,0.0981012658227848,1.0,0.1786743515850144,original,SKAB,fold_2,42,7,3,3,0.5,avg_negative_log,10,0.005,0.9,,965,207,1307,0.006543015193612175,True,0.0,False,5.0,uniform
0.10094637223974763,0.0981012658227848,1.0,0.1786743515850144,gaussian_noise,SKAB,fold_2,42,7,3,3,0.5,avg_negative_log,10,0.005,0.9,,965,207,1307,0.006543015193612175,True,0.0,False,5.0,uniform
0.10094637223974763,0.0981012658227848,1.0,0.1786743515850144,original,SKAB,fold_2,123,7,3,3,0.5,avg_negative_log,10,0.005,0.9,,965,207,1307,0.006543015193612175,True,0.0,False,5.0,uniform
0.10094637223974763,0.0981012658227848,1.0,0.1786743515850144,gaussian_noise,SKAB,fold_2,123,7,3,3,0.5,avg_negative_log,10,0.005,0.9,,965,207,1307,0.006543015193612175,True,0.0,False,5.0,uniform
0.10094637223974763,0.0981012658227848,1.0,0.1786743515850144,original,SKAB,fold_2,2026,7,3,3,0.5,avg_negative_log,10,0.005,0.9,,965,207,1307,0.006543015193612175,True,0.0,False,5.0,uniform
0.10094637223974763,0.0981012658227848,1.0,0.1786743515850144,gaussian_noise,SKAB,fold_2,2026,7,3,3,0.5,avg_negative_log,10,0.005,0.9,,965,207,1307,0.006543015193612175,True,0.0,False,5.0,uniform
0.10094637223974763,0.0981012658227848,1.0,0.1786743515850144,original,SKAB,fold_2,7,7,3,3,0.5,avg_negative_log,10,0.005,0.9,,965,207,1307,0.006543015193612175,True,0.0,False,5.0,uniform
0.10094637223974763,0.0981012658227848,1.0,0.1786743515850144,gaussian_noise,SKAB,fold_2,7,7,3,3,0.5,avg_negative_log,10,0.005,0.9,,965,207,1307,0.006543015193612175,True,0.0,False,5.0,uniform
0.10094637223974763,0.0981012658227848,1.0,0.1786743515850144,original,SKAB,fold_2,999,7,3,3,0.5,avg_negative_log,10,0.005,0.9,,965,207,1307,0.006543015193612175,True,0.0,False,5.0,uniform
0.10094637223974763,0.0981012658227848,1.0,0.1786743515850144,gaussian_noise,SKAB,fold_2,999,7,3,3,0.5,avg_negative_log,10,0.005,0.9,,965,207,1307,0.006543015193612175,True,0.0,False,5.0,uniform
0.10410094637223975,0.10126582278481013,1.0,0.1839080459770115,original,SKAB,fold_3,42,7,3,3,0.5,avg_negative_log,10,0.005,0.9,,980,215,1313,0.006231608922638823,True,0.0,False,5.0,uniform
0.10410094637223975,0.10126582278481013,1.0,0.1839080459770115,gaussian_noise,SKAB,fold_3,42,7,3,3,0.5,avg_negative_log,10,0.005,0.9,,980,215,1313,0.006231608922638823,True,0.0,False,5.0,uniform
0.10410094637223975,0.10126582278481013,1.0,0.1839080459770115,original,SKAB,fold_3,123,7,3,3,0.5,avg_negative_log,10,0.005,0.9,,980,215,1313,0.006231608922638823,True,0.0,False,5.0,uniform
0.10410094637223975,0.10126582278481013,1.0,0.1839080459770115,gaussian_noise,SKAB,fold_3,123,7,3,3,0.5,avg_negative_log,10,0.005,0.9,,980,215,1313,0.006231608922638823,True,0.0,False,5.0,uniform
0.10410094637223975,0.10126582278481013,1.0,0.1839080459770115,original,SKAB,fold_3,2026,7,3,3,0.5,avg_negative_log,10,0.005,0.9,,980,215,1313,0.006231608922638823,True,0.0,False,5.0,uniform
0.10410094637223975,0.10126582278481013,1.0,0.1839080459770115,gaussian_noise,SKAB,fold_3,2026,7,3,3,0.5,avg_negative_log,10,0.005,0.9,,980,215,1313,0.006231608922638823,True,0.0,False,5.0,uniform
0.10410094637223975,0.10126582278481013,1.0,0.1839080459770115,original,SKAB,fold_3,7,7,3,3,0.5,avg_negative_log,10,0.005,0.9,,980,215,1313,0.006231608922638823,True,0.0,False,5.0,uniform
0.10410094637223975,0.10126582278481013,1.0,0.1839080459770115,gaussian_noise,SKAB,fold_3,7,7,3,3,0.5,avg_negative_log,10,0.005,0.9,,980,215,1313,0.006231608922638823,True,0.0,False,5.0,uniform
0.10410094637223975,0.10126582278481013,1.0,0.1839080459770115,original,SKAB,fold_3,999,7,3,3,0.5,avg_negative_log,10,0.005,0.9,,980,215,1313,0.006231608922638823,True,0.0,False,5.0,uniform
0.10410094637223975,0.10126582278481013,1.0,0.1839080459770115,gaussian_noise,SKAB,fold_3,999,7,3,3,0.5,avg_negative_log,10,0.005,0.9,,980,215,1313,0.006231608922638823,True,0.0,False,5.0,uniform
0.0926517571884984,0.08974358974358974,1.0,0.16470588235294117,original,SKAB,fold_4,42,7,3,3,0.5,avg_negative_log,10,0.005,0.9,,994,212,1372,0.006510762689343609,True,0.0,False,5.0,uniform
0.0926517571884984,0.08974358974358974,1.0,0.16470588235294117,gaussian_noise,SKAB,fold_4,42,7,3,3,0.5,avg_negative_log,10,0.005,0.9,,994,212,1372,0.006510762689343609,True,0.0,False,5.0,uniform
0.0926517571884984,0.08974358974358974,1.0,0.16470588235294117,original,SKAB,fold_4,123,7,3,3,0.5,avg_negative_log,10,0.005,0.9,,994,212,1372,0.006510762689343609,True,0.0,False,5.0,uniform
0.0926517571884984,0.08974358974358974,1.0,0.16470588235294117,gaussian_noise,SKAB,fold_4,123,7,3,3,0.5,avg_negative_log,10,0.005,0.9,,994,212,1372,0.006510762689343609,True,0.0,False,5.0,uniform
0.0926517571884984,0.08974358974358974,1.0,0.16470588235294117,original,SKAB,fold_4,2026,7,3,3,0.5,avg_negative_log,10,0.005,0.9,,994,212,1372,0.006510762689343609,True,0.0,False,5.0,uniform
0.0926517571884984,0.08974358974358974,1.0,0.16470588235294117,gaussian_noise,SKAB,fold_4,2026,7,3,3,0.5,avg_negative_log,10,0.005,0.9,,994,212,1372,0.006510762689343609,True,0.0,False,5.0,uniform
0.0926517571884984,0.08974358974358974,1.0,0.16470588235294117,original,SKAB,fold_4,7,7,3,3,0.5,avg_negative_log,10,0.005,0.9,,994,212,1372,0.006510762689343609,True,0.0,False,5.0,uniform
0.0926517571884984,0.08974358974358974,1.0,0.16470588235294117,gaussian_noise,SKAB,fold_4,7,7,3,3,0.5,avg_negative_log,10,0.005,0.9,,994,212,1372,0.006510762689343609,True,0.0,False,5.0,uniform
0.0926517571884984,0.08974358974358974,1.0,0.16470588235294117,original,SKAB,fold_4,999,7,3,3,0.5,avg_negative_log,10,0.005,0.9,,994,212,1372,0.006510762689343609,True,0.0,False,5.0,uniform
0.0926517571884984,0.08974358974358974,1.0,0.16470588235294117,gaussian_noise,SKAB,fold_4,999,7,3,3,0.5,avg_negative_log,10,0.005,0.9,,994,212,1372,0.006510762689343609,True,0.0,False,5.0,uniform
0.11214953271028037,0.109375,1.0,0.19718309859154928,original,SKAB,fold_5,42,7,3,3,0.5,avg_negative_log,10,0.005,0.9,,912,181,1312,0.007948046912862267,True,0.0,False,5.0,uniform
0.11214953271028037,0.109375,1.0,0.19718309859154928,gaussian_noise,SKAB,fold_5,42,7,3,3,0.5,avg_negative_log,10,0.005,0.9,,912,181,1312,0.007948046912862267,True,0.0,False,5.0,uniform
0.11214953271028037,0.109375,1.0,0.19718309859154928,original,SKAB,fold_5,123,7,3,3,0.5,avg_negative_log,10,0.005,0.9,,912,181,1312,0.007948046912862267,True,0.0,False,5.0,uniform
0.11214953271028037,0.109375,1.0,0.19718309859154928,gaussian_noise,SKAB,fold_5,123,7,3,3,0.5,avg_negative_log,10,0.005,0.9,,912,181,1312,0.007948046912862267,True,0.0,False,5.0,uniform
0.11214953271028037,0.109375,1.0,0.19718309859154928,original,SKAB,fold_5,2026,7,3,3,0.5,avg_negative_log,10,0.005,0.9,,912,181,1312,0.007948046912862267,True,0.0,False,5.0,uniform
0.11214953271028037,0.109375,1.0,0.19718309859154928,gaussian_noise,SKAB,fold_5,2026,7,3,3,0.5,avg_negative_log,10,0.005,0.9,,912,181,1312,0.007948046912862267,True,0.0,False,5.0,uniform
0.11214953271028037,0.109375,1.0,0.19718309859154928,original,SKAB,fold_5,7,7,3,3,0.5,avg_negative_log,10,0.005,0.9,,912,181,1312,0.007948046912862267,True,0.0,False,5.0,uniform
0.11214953271028037,0.109375,1.0,0.19718309859154928,gaussian_noise,SKAB,fold_5,7,7,3,3,0.5,avg_negative_log,10,0.005,0.9,,912,181,1312,0.007948046912862267,True,0.0,False,5.0,uniform
0.11214953271028037,0.109375,1.0,0.19718309859154928,original,SKAB,fold_5,999,7,3,3,0.5,avg_negative_log,10,0.005,0.9,,912,181,1312,0.007948046912862267,True,0.0,False,5.0,uniform
0.11214953271028037,0.109375,1.0,0.19718309859154928,gaussian_noise,SKAB,fold_5,999,7,3,3,0.5,avg_negative_log,10,0.005,0.9,,912,181,1312,0.007948046912862267,True,0.0,False,5.0,uniform
0.10361067503924647,0.10078740157480315,1.0,0.18311874105865522,original,SKAB,fold_1,42,7,3,3,0.5,avg_negative_log,10,0.01,0.9,,822,182,1105,0.0073861661452902325,True,0.0,False,5.0,uniform
0.10361067503924647,0.10078740157480315,1.0,0.18311874105865522,gaussian_noise,SKAB,fold_1,42,7,3,3,0.5,avg_negative_log,10,0.01,0.9,,822,182,1105,0.0073861661452902325,True,0.0,False,5.0,uniform
0.10361067503924647,0.10078740157480315,1.0,0.18311874105865522,original,SKAB,fold_1,123,7,3,3,0.5,avg_negative_log,10,0.01,0.9,,822,182,1105,0.0073861661452902325,True,0.0,False,5.0,uniform
0.10361067503924647,0.10078740157480315,1.0,0.18311874105865522,gaussian_noise,SKAB,fold_1,123,7,3,3,0.5,avg_negative_log,10,0.01,0.9,,822,182,1105,0.0073861661452902325,True,0.0,False,5.0,uniform
0.10361067503924647,0.10078740157480315,1.0,0.18311874105865522,original,SKAB,fold_1,2026,7,3,3,0.5,avg_negative_log,10,0.01,0.9,,822,182,1105,0.0073861661452902325,True,0.0,False,5.0,uniform
0.10361067503924647,0.10078740157480315,1.0,0.18311874105865522,gaussian_noise,SKAB,fold_1,2026,7,3,3,0.5,avg_negative_log,10,0.01,0.9,,822,182,1105,0.0073861661452902325,True,0.0,False,5.0,uniform
0.10361067503924647,0.10078740157480315,1.0,0.18311874105865522,original,SKAB,fold_1,7,7,3,3,0.5,avg_negative_log,10,0.01,0.9,,822,182,1105,0.0073861661452902325,True,0.0,False,5.0,uniform
0.10361067503924647,0.10078740157480315,1.0,0.18311874105865522,gaussian_noise,SKAB,fold_1,7,7,3,3,0.5,avg_negative_log,10,0.01,0.9,,822,182,1105,0.0073861661452902325,True,0.0,False,5.0,uniform
0.10361067503924647,0.10078740157480315,1.0,0.18311874105865522,original,SKAB,fold_1,999,7,3,3,0.5,avg_negative_log,10,0.01,0.9,,822,182,1105,0.0073861661452902325,True,0.0,False,5.0,uniform
0.10361067503924647,0.10078740157480315,1.0,0.18311874105865522,gaussian_noise,SKAB,fold_1,999,7,3,3,0.5,avg_negative_log,10,0.01,0.9,,822,182,1105,0.0073861661452902325,True,0.0,False,5.0,uniform
0.10094637223974763,0.0981012658227848,1.0,0.1786743515850144,original,SKAB,fold_2,42,7,3,3,0.5,avg_negative_log,10,0.01,0.9,,965,207,1307,0.006543015193612175,True,0.0,False,5.0,uniform
0.10094637223974763,0.0981012658227848,1.0,0.1786743515850144,gaussian_noise,SKAB,fold_2,42,7,3,3,0.5,avg_negative_log,10,0.01,0.9,,965,207,1307,0.006543015193612175,True,0.0,False,5.0,uniform
0.10094637223974763,0.0981012658227848,1.0,0.1786743515850144,original,SKAB,fold_2,123,7,3,3,0.5,avg_negative_log,10,0.01,0.9,,965,207,1307,0.006543015193612175,True,0.0,False,5.0,uniform
0.10094637223974763,0.0981012658227848,1.0,0.1786743515850144,gaussian_noise,SKAB,fold_2,123,7,3,3,0.5,avg_negative_log,10,0.01,0.9,,965,207,1307,0.006543015193612175,True,0.0,False,5.0,uniform
0.10094637223974763,0.0981012658227848,1.0,0.1786743515850144,original,SKAB,fold_2,2026,7,3,3,0.5,avg_negative_log,10,0.01,0.9,,965,207,1307,0.006543015193612175,True,0.0,False,5.0,uniform
0.10094637223974763,0.0981012658227848,1.0,0.1786743515850144,gaussian_noise,SKAB,fold_2,2026,7,3,3,0.5,avg_negative_log,10,0.01,0.9,,965,207,1307,0.006543015193612175,True,0.0,False,5.0,uniform
0.10094637223974763,0.0981012658227848,1.0,0.1786743515850144,original,SKAB,fold_2,7,7,3,3,0.5,avg_negative_log,10,0.01,0.9,,965,207,1307,0.006543015193612175,True,0.0,False,5.0,uniform
0.10094637223974763,0.0981012658227848,1.0,0.1786743515850144,gaussian_noise,SKAB,fold_2,7,7,3,3,0.5,avg_negative_log,10,0.01,0.9,,965,207,1307,0.006543015193612175,True,0.0,False,5.0,uniform
0.10094637223974763,0.0981012658227848,1.0,0.1786743515850144,original,SKAB,fold_2,999,7,3,3,0.5,avg_negative_log,10,0.01,0.9,,965,207,1307,0.006543015193612175,True,0.0,False,5.0,uniform
0.10094637223974763,0.0981012658227848,1.0,0.1786743515850144,gaussian_noise,SKAB,fold_2,999,7,3,3,0.5,avg_negative_log,10,0.01,0.9,,965,207,1307,0.006543015193612175,True,0.0,False,5.0,uniform
0.10410094637223975,0.10126582278481013,1.0,0.1839080459770115,original,SKAB,fold_3,42,7,3,3,0.5,avg_negative_log,10,0.01,0.9,,980,215,1313,0.006231608922638823,True,0.0,False,5.0,uniform
0.10410094637223975,0.10126582278481013,1.0,0.1839080459770115,gaussian_noise,SKAB,fold_3,42,7,3,3,0.5,avg_negative_log,10,0.01,0.9,,980,215,1313,0.006231608922638823,True,0.0,False,5.0,uniform
0.10410094637223975,0.10126582278481013,1.0,0.1839080459770115,original,SKAB,fold_3,123,7,3,3,0.5,avg_negative_log,10,0.01,0.9,,980,215,1313,0.006231608922638823,True,0.0,False,5.0,uniform
0.10410094637223975,0.10126582278481013,1.0,0.1839080459770115,gaussian_noise,SKAB,fold_3,123,7,3,3,0.5,avg_negative_log,10,0.01,0.9,,980,215,1313,0.006231608922638823,True,0.0,False,5.0,uniform
0.10410094637223975,0.10126582278481013,1.0,0.1839080459770115,original,SKAB,fold_3,2026,7,3,3,0.5,avg_negative_log,10,0.01,0.9,,980,215,1313,0.006231608922638823,True,0.0,False,5.0,uniform
0.10410094637223975,0.10126582278481013,1.0,0.1839080459770115,gaussian_noise,SKAB,fold_3,2026,7,3,3,0.5,avg_negative_log,10,0.01,0.9,,980,215,1313,0.006231608922638823,True,0.0,False,5.0,uniform
0.10410094637223975,0.10126582278481013,1.0,0.1839080459770115,original,SKAB,fold_3,7,7,3,3,0.5,avg_negative_log,10,0.01,0.9,,980,215,1313,0.006231608922638823,True,0.0,False,5.0,uniform
0.10410094637223975,0.10126582278481013,1.0,0.1839080459770115,gaussian_noise,SKAB,fold_3,7,7,3,3,0.5,avg_negative_log,10,0.01,0.9,,980,215,1313,0.006231608922638823,True,0.0,False,5.0,uniform
0.10410094637223975,0.10126582278481013,1.0,0.1839080459770115,original,SKAB,fold_3,999,7,3,3,0.5,avg_negative_log,10,0.01,0.9,,980,215,1313,0.006231608922638823,True,0.0,False,5.0,uniform
0.10410094637223975,0.10126582278481013,1.0,0.1839080459770115,gaussian_noise,SKAB,fold_3,999,7,3,3,0.5,avg_negative_log,10,0.01,0.9,,980,215,1313,0.006231608922638823,True,0.0,False,5.0,uniform
0.0926517571884984,0.08974358974358974,1.0,0.16470588235294117,original,SKAB,fold_4,42,7,3,3,0.5,avg_negative_log,10,0.01,0.9,,994,212,1372,0.006510762689343609,True,0.0,False,5.0,uniform
0.0926517571884984,0.08974358974358974,1.0,0.16470588235294117,gaussian_noise,SKAB,fold_4,42,7,3,3,0.5,avg_negative_log,10,0.01,0.9,,994,212,1372,0.006510762689343609,True,0.0,False,5.0,uniform
0.0926517571884984,0.08974358974358974,1.0,0.16470588235294117,original,SKAB,fold_4,123,7,3,3,0.5,avg_negative_log,10,0.01,0.9,,994,212,1372,0.006510762689343609,True,0.0,False,5.0,uniform
0.0926517571884984,0.08974358974358974,1.0,0.16470588235294117,gaussian_noise,SKAB,fold_4,123,7,3,3,0.5,avg_negative_log,10,0.01,0.9,,994,212,1372,0.006510762689343609,True,0.0,False,5.0,uniform
0.0926517571884984,0.08974358974358974,1.0,0.16470588235294117,original,SKAB,fold_4,2026,7,3,3,0.5,avg_negative_log,10,0.01,0.9,,994,212,1372,0.006510762689343609,True,0.0,False,5.0,uniform
0.0926517571884984,0.08974358974358974,1.0,0.16470588235294117,gaussian_noise,SKAB,fold_4,2026,7,3,3,0.5,avg_negative_log,10,0.01,0.9,,994,212,1372,0.006510762689343609,True,0.0,False,5.0,uniform
0.0926517571884984,0.08974358974358974,1.0,0.16470588235294117,original,SKAB,fold_4,7,7,3,3,0.5,avg_negative_log,10,0.01,0.9,,994,212,1372,0.006510762689343609,True,0.0,False,5.0,uniform
0.0926517571884984,0.08974358974358974,1.0,0.16470588235294117,gaussian_noise,SKAB,fold_4,7,7,3,3,0.5,avg_negative_log,10,0.01,0.9,,994,212,1372,0.006510762689343609,True,0.0,False,5.0,uniform
0.0926517571884984,0.08974358974358974,1.0,0.16470588235294117,original,SKAB,fold_4,999,7,3,3,0.5,avg_negative_log,10,0.01,0.9,,994,212,1372,0.006510762689343609,True,0.0,False,5.0,uniform
0.0926517571884984,0.08974358974358974,1.0,0.16470588235294117,gaussian_noise,SKAB,fold_4,999,7,3,3,0.5,avg_negative_log,10,0.01,0.9,,994,212,1372,0.006510762689343609,True,0.0,False,5.0,uniform
0.11214953271028037,0.109375,1.0,0.19718309859154928,original,SKAB,fold_5,42,7,3,3,0.5,avg_negative_log,10,0.01,0.9,,912,181,1312,0.007948046912862267,True,0.0,False,5.0,uniform
0.11214953271028037,0.109375,1.0,0.19718309859154928,gaussian_noise,SKAB,fold_5,42,7,3,3,0.5,avg_negative_log,10,0.01,0.9,,912,181,1312,0.007948046912862267,True,0.0,False,5.0,uniform
0.11214953271028037,0.109375,1.0,0.19718309859154928,original,SKAB,fold_5,123,7,3,3,0.5,avg_negative_log,10,0.01,0.9,,912,181,1312,0.007948046912862267,True,0.0,False,5.0,uniform
0.11214953271028037,0.109375,1.0,0.19718309859154928,gaussian_noise,SKAB,fold_5,123,7,3,3,0.5,avg_negative_log,10,0.01,0.9,,912,181,1312,0.007948046912862267,True,0.0,False,5.0,uniform
0.11214953271028037,0.109375,1.0,0.19718309859154928,original,SKAB,fold_5,2026,7,3,3,0.5,avg_negative_log,10,0.01,0.9,,912,181,1312,0.007948046912862267,True,0.0,False,5.0,uniform
0.11214953271028037,0.109375,1.0,0.19718309859154928,gaussian_noise,SKAB,fold_5,2026,7,3,3,0.5,avg_negative_log,10,0.01,0.9,,912,181,1312,0.007948046912862267,True,0.0,False,5.0,uniform
0.11214953271028037,0.109375,1.0,0.19718309859154928,original,SKAB,fold_5,7,7,3,3,0.5,avg_negative_log,10,0.01,0.9,,912,181,1312,0.007948046912862267,True,0.0,False,5.0,uniform
0.11214953271028037,0.109375,1.0,0.19718309859154928,gaussian_noise,SKAB,fold_5,7,7,3,3,0.5,avg_negative_log,10,0.01,0.9,,912,181,1312,0.007948046912862267,True,0.0,False,5.0,uniform
0.11214953271028037,0.109375,1.0,0.19718309859154928,original,SKAB,fold_5,999,7,3,3,0.5,avg_negative_log,10,0.01,0.9,,912,181,1312,0.007948046912862267,True,0.0,False,5.0,uniform
0.11214953271028037,0.109375,1.0,0.19718309859154928,gaussian_noise,SKAB,fold_5,999,7,3,3,0.5,avg_negative_log,10,0.01,0.9,,912,181,1312,0.007948046912862267,True,0.0,False,5.0,uniform
0.10361067503924647,0.10078740157480315,1.0,0.18311874105865522,original,SKAB,fold_1,42,7,3,3,0.5,avg_negative_log,10,0.05,0.9,,822,182,1105,0.0073861661452902325,True,0.0,False,5.0,uniform
0.10361067503924647,0.10078740157480315,1.0,0.18311874105865522,gaussian_noise,SKAB,fold_1,42,7,3,3,0.5,avg_negative_log,10,0.05,0.9,,822,182,1105,0.0073861661452902325,True,0.0,False,5.0,uniform
0.10361067503924647,0.10078740157480315,1.0,0.18311874105865522,original,SKAB,fold_1,123,7,3,3,0.5,avg_negative_log,10,0.05,0.9,,822,182,1105,0.0073861661452902325,True,0.0,False,5.0,uniform
0.10361067503924647,0.10078740157480315,1.0,0.18311874105865522,gaussian_noise,SKAB,fold_1,123,7,3,3,0.5,avg_negative_log,10,0.05,0.9,,822,182,1105,0.0073861661452902325,True,0.0,False,5.0,uniform
0.10361067503924647,0.10078740157480315,1.0,0.18311874105865522,original,SKAB,fold_1,2026,7,3,3,0.5,avg_negative_log,10,0.05,0.9,,822,182,1105,0.0073861661452902325,True,0.0,False,5.0,uniform
0.10361067503924647,0.10078740157480315,1.0,0.18311874105865522,gaussian_noise,SKAB,fold_1,2026,7,3,3,0.5,avg_negative_log,10,0.05,0.9,,822,182,1105,0.0073861661452902325,True,0.0,False,5.0,uniform
0.10361067503924647,0.10078740157480315,1.0,0.18311874105865522,original,SKAB,fold_1,7,7,3,3,0.5,avg_negative_log,10,0.05,0.9,,822,182,1105,0.0073861661452902325,True,0.0,False,5.0,uniform
0.10361067503924647,0.10078740157480315,1.0,0.18311874105865522,gaussian_noise,SKAB,fold_1,7,7,3,3,0.5,avg_negative_log,10,0.05,0.9,,822,182,1105,0.0073861661452902325,True,0.0,False,5.0,uniform
0.10361067503924647,0.10078740157480315,1.0,0.18311874105865522,original,SKAB,fold_1,999,7,3,3,0.5,avg_negative_log,10,0.05,0.9,,822,182,1105,0.0073861661452902325,True,0.0,False,5.0,uniform
0.10361067503924647,0.10078740157480315,1.0,0.18311874105865522,gaussian_noise,SKAB,fold_1,999,7,3,3,0.5,avg_negative_log,10,0.05,0.9,,822,182,1105,0.0073861661452902325,True,0.0,False,5.0,uniform
0.10094637223974763,0.0981012658227848,1.0,0.1786743515850144,original,SKAB,fold_2,42,7,3,3,0.5,avg_negative_log,10,0.05,0.9,,965,207,1307,0.006543015193612175,True,0.0,False,5.0,uniform
0.10094637223974763,0.0981012658227848,1.0,0.1786743515850144,gaussian_noise,SKAB,fold_2,42,7,3,3,0.5,avg_negative_log,10,0.05,0.9,,965,207,1307,0.006543015193612175,True,0.0,False,5.0,uniform
0.10094637223974763,0.0981012658227848,1.0,0.1786743515850144,original,SKAB,fold_2,123,7,3,3,0.5,avg_negative_log,10,0.05,0.9,,965,207,1307,0.006543015193612175,True,0.0,False,5.0,uniform
0.10094637223974763,0.0981012658227848,1.0,0.1786743515850144,gaussian_noise,SKAB,fold_2,123,7,3,3,0.5,avg_negative_log,10,0.05,0.9,,965,207,1307,0.006543015193612175,True,0.0,False,5.0,uniform
0.10094637223974763,0.0981012658227848,1.0,0.1786743515850144,original,SKAB,fold_2,2026,7,3,3,0.5,avg_negative_log,10,0.05,0.9,,965,207,1307,0.006543015193612175,True,0.0,False,5.0,uniform
0.10094637223974763,0.0981012658227848,1.0,0.1786743515850144,gaussian_noise,SKAB,fold_2,2026,7,3,3,0.5,avg_negative_log,10,0.05,0.9,,965,207,1307,0.006543015193612175,True,0.0,False,5.0,uniform
0.10094637223974763,0.0981012658227848,1.0,0.1786743515850144,original,SKAB,fold_2,7,7,3,3,0.5,avg_negative_log,10,0.05,0.9,,965,207,1307,0.006543015193612175,True,0.0,False,5.0,uniform
0.10094637223974763,0.0981012658227848,1.0,0.1786743515850144,gaussian_noise,SKAB,fold_2,7,7,3,3,0.5,avg_negative_log,10,0.05,0.9,,965,207,1307,0.006543015193612175,True,0.0,False,5.0,uniform
0.10094637223974763,0.0981012658227848,1.0,0.1786743515850144,original,SKAB,fold_2,999,7,3,3,0.5,avg_negative_log,10,0.05,0.9,,965,207,1307,0.006543015193612175,True,0.0,False,5.0,uniform
0.10094637223974763,0.0981012658227848,1.0,0.1786743515850144,gaussian_noise,SKAB,fold_2,999,7,3,3,0.5,avg_negative_log,10,0.05,0.9,,965,207,1307,0.006543015193612175,True,0.0,False,5.0,uniform
0.10410094637223975,0.10126582278481013,1.0,0.1839080459770115,original,SKAB,fold_3,42,7,3,3,0.5,avg_negative_log,10,0.05,0.9,,980,215,1313,0.006231608922638823,True,0.0,False,5.0,uniform
0.10410094637223975,0.10126582278481013,1.0,0.1839080459770115,gaussian_noise,SKAB,fold_3,42,7,3,3,0.5,avg_negative_log,10,0.05,0.9,,980,215,1313,0.006231608922638823,True,0.0,False,5.0,uniform
0.10410094637223975,0.10126582278481013,1.0,0.1839080459770115,original,SKAB,fold_3,123,7,3,3,0.5,avg_negative_log,10,0.05,0.9,,980,215,1313,0.006231608922638823,True,0.0,False,5.0,uniform
0.10410094637223975,0.10126582278481013,1.0,0.1839080459770115,gaussian_noise,SKAB,fold_3,123,7,3,3,0.5,avg_negative_log,10,0.05,0.9,,980,215,1313,0.006231608922638823,True,0.0,False,5.0,uniform
0.10410094637223975,0.10126582278481013,1.0,0.1839080459770115,original,SKAB,fold_3,2026,7,3,3,0.5,avg_negative_log,10,0.05,0.9,,980,215,1313,0.006231608922638823,True,0.0,False,5.0,uniform
0.10410094637223975,0.10126582278481013,1.0,0.1839080459770115,gaussian_noise,SKAB,fold_3,2026,7,3,3,0.5,avg_negative_log,10,0.05,0.9,,980,215,1313,0.006231608922638823,True,0.0,False,5.0,uniform
0.10410094637223975,0.10126582278481013,1.0,0.1839080459770115,original,SKAB,fold_3,7,7,3,3,0.5,avg_negative_log,10,0.05,0.9,,980,215,1313,0.006231608922638823,True,0.0,False,5.0,uniform
0.10410094637223975,0.10126582278481013,1.0,0.1839080459770115,gaussian_noise,SKAB,fold_3,7,7,3,3,0.5,avg_negative_log,10,0.05,0.9,,980,215,1313,0.006231608922638823,True,0.0,False,5.0,uniform
0.10410094637223975,0.10126582278481013,1.0,0.1839080459770115,original,SKAB,fold_3,999,7,3,3,0.5,avg_negative_log,10,0.05,0.9,,980,215,1313,0.006231608922638823,True,0.0,False,5.0,uniform
0.10410094637223975,0.10126582278481013,1.0,0.1839080459770115,gaussian_noise,SKAB,fold_3,999,7,3,3,0.5,avg_negative_log,10,0.05,0.9,,980,215,1313,0.006231608922638823,True,0.0,False,5.0,uniform
0.0926517571884984,0.08974358974358974,1.0,0.16470588235294117,original,SKAB,fold_4,42,7,3,3,0.5,avg_negative_log,10,0.05,0.9,,994,212,1372,0.006510762689343609,True,0.0,False,5.0,uniform
0.0926517571884984,0.08974358974358974,1.0,0.16470588235294117,gaussian_noise,SKAB,fold_4,42,7,3,3,0.5,avg_negative_log,10,0.05,0.9,,994,212,1372,0.006510762689343609,True,0.0,False,5.0,uniform
0.0926517571884984,0.08974358974358974,1.0,0.16470588235294117,original,SKAB,fold_4,123,7,3,3,0.5,avg_negative_log,10,0.05,0.9,,994,212,1372,0.006510762689343609,True,0.0,False,5.0,uniform
0.0926517571884984,0.08974358974358974,1.0,0.16470588235294117,gaussian_noise,SKAB,fold_4,123,7,3,3,0.5,avg_negative_log,10,0.05,0.9,,994,212,1372,0.006510762689343609,True,0.0,False,5.0,uniform
0.0926517571884984,0.08974358974358974,1.0,0.16470588235294117,original,SKAB,fold_4,2026,7,3,3,0.5,avg_negative_log,10,0.05,0.9,,994,212,1372,0.006510762689343609,True,0.0,False,5.0,uniform
0.0926517571884984,0.08974358974358974,1.0,0.16470588235294117,gaussian_noise,SKAB,fold_4,2026,7,3,3,0.5,avg_negative_log,10,0.05,0.9,,994,212,1372,0.006510762689343609,True,0.0,False,5.0,uniform
0.0926517571884984,0.08974358974358974,1.0,0.16470588235294117,original,SKAB,fold_4,7,7,3,3,0.5,avg_negative_log,10,0.05,0.9,,994,212,1372,0.006510762689343609,True,0.0,False,5.0,uniform
0.0926517571884984,0.08974358974358974,1.0,0.16470588235294117,gaussian_noise,SKAB,fold_4,7,7,3,3,0.5,avg_negative_log,10,0.05,0.9,,994,212,1372,0.006510762689343609,True,0.0,False,5.0,uniform
0.0926517571884984,0.08974358974358974,1.0,0.16470588235294117,original,SKAB,fold_4,999,7,3,3,0.5,avg_negative_log,10,0.05,0.9,,994,212,1372,0.006510762689343609,True,0.0,False,5.0,uniform
0.0926517571884984,0.08974358974358974,1.0,0.16470588235294117,gaussian_noise,SKAB,fold_4,999,7,3,3,0.5,avg_negative_log,10,0.05,0.9,,994,212,1372,0.006510762689343609,True,0.0,False,5.0,uniform
0.11214953271028037,0.109375,1.0,0.19718309859154928,original,SKAB,fold_5,42,7,3,3,0.5,avg_negative_log,10,0.05,0.9,,912,181,1312,0.007948046912862267,True,0.0,False,5.0,uniform
0.11214953271028037,0.109375,1.0,0.19718309859154928,gaussian_noise,SKAB,fold_5,42,7,3,3,0.5,avg_negative_log,10,0.05,0.9,,912,181,1312,0.007948046912862267,True,0.0,False,5.0,uniform
0.11214953271028037,0.109375,1.0,0.19718309859154928,original,SKAB,fold_5,123,7,3,3,0.5,avg_negative_log,10,0.05,0.9,,912,181,1312,0.007948046912862267,True,0.0,False,5.0,uniform
0.11214953271028037,0.109375,1.0,0.19718309859154928,gaussian_noise,SKAB,fold_5,123,7,3,3,0.5,avg_negative_log,10,0.05,0.9,,912,181,1312,0.007948046912862267,True,0.0,False,5.0,uniform
0.11214953271028037,0.109375,1.0,0.19718309859154928,original,SKAB,fold_5,2026,7,3,3,0.5,avg_negative_log,10,0.05,0.9,,912,181,1312,0.007948046912862267,True,0.0,False,5.0,uniform
0.11214953271028037,0.109375,1.0,0.19718309859154928,gaussian_noise,SKAB,fold_5,2026,7,3,3,0.5,avg_negative_log,10,0.05,0.9,,912,181,1312,0.007948046912862267,True,0.0,False,5.0,uniform
0.11214953271028037,0.109375,1.0,0.19718309859154928,original,SKAB,fold_5,7,7,3,3,0.5,avg_negative_log,10,0.05,0.9,,912,181,1312,0.007948046912862267,True,0.0,False,5.0,uniform
0.11214953271028037,0.109375,1.0,0.19718309859154928,gaussian_noise,SKAB,fold_5,7,7,3,3,0.5,avg_negative_log,10,0.05,0.9,,912,181,1312,0.007948046912862267,True,0.0,False,5.0,uniform
0.11214953271028037,0.109375,1.0,0.19718309859154928,original,SKAB,fold_5,999,7,3,3,0.5,avg_negative_log,10,0.05,0.9,,912,181,1312,0.007948046912862267,True,0.0,False,5.0,uniform
0.11214953271028037,0.109375,1.0,0.19718309859154928,gaussian_noise,SKAB,fold_5,999,7,3,3,0.5,avg_negative_log,10,0.05,0.9,,912,181,1312,0.007948046912862267,True,0.0,False,5.0,uniform
0.10361067503924647,0.10078740157480315,1.0,0.18311874105865522,original,SKAB,fold_1,42,7,3,3,0.5,avg_negative_log,10,0.1054,0.9,,822,182,1105,0.0073861661452902325,True,0.0,False,5.0,uniform
0.10361067503924647,0.10078740157480315,1.0,0.18311874105865522,gaussian_noise,SKAB,fold_1,42,7,3,3,0.5,avg_negative_log,10,0.1054,0.9,,822,182,1105,0.0073861661452902325,True,0.0,False,5.0,uniform
0.10361067503924647,0.10078740157480315,1.0,0.18311874105865522,original,SKAB,fold_1,123,7,3,3,0.5,avg_negative_log,10,0.1054,0.9,,822,182,1105,0.0073861661452902325,True,0.0,False,5.0,uniform
0.10361067503924647,0.10078740157480315,1.0,0.18311874105865522,gaussian_noise,SKAB,fold_1,123,7,3,3,0.5,avg_negative_log,10,0.1054,0.9,,822,182,1105,0.0073861661452902325,True,0.0,False,5.0,uniform
0.10361067503924647,0.10078740157480315,1.0,0.18311874105865522,original,SKAB,fold_1,2026,7,3,3,0.5,avg_negative_log,10,0.1054,0.9,,822,182,1105,0.0073861661452902325,True,0.0,False,5.0,uniform
0.10361067503924647,0.10078740157480315,1.0,0.18311874105865522,gaussian_noise,SKAB,fold_1,2026,7,3,3,0.5,avg_negative_log,10,0.1054,0.9,,822,182,1105,0.0073861661452902325,True,0.0,False,5.0,uniform
0.10361067503924647,0.10078740157480315,1.0,0.18311874105865522,original,SKAB,fold_1,7,7,3,3,0.5,avg_negative_log,10,0.1054,0.9,,822,182,1105,0.0073861661452902325,True,0.0,False,5.0,uniform
0.10361067503924647,0.10078740157480315,1.0,0.18311874105865522,gaussian_noise,SKAB,fold_1,7,7,3,3,0.5,avg_negative_log,10,0.1054,0.9,,822,182,1105,0.0073861661452902325,True,0.0,False,5.0,uniform
0.10361067503924647,0.10078740157480315,1.0,0.18311874105865522,original,SKAB,fold_1,999,7,3,3,0.5,avg_negative_log,10,0.1054,0.9,,822,182,1105,0.0073861661452902325,True,0.0,False,5.0,uniform
0.10361067503924647,0.10078740157480315,1.0,0.18311874105865522,gaussian_noise,SKAB,fold_1,999,7,3,3,0.5,avg_negative_log,10,0.1054,0.9,,822,182,1105,0.0073861661452902325,True,0.0,False,5.0,uniform
0.10094637223974763,0.0981012658227848,1.0,0.1786743515850144,original,SKAB,fold_2,42,7,3,3,0.5,avg_negative_log,10,0.1054,0.9,,965,207,1307,0.006543015193612175,True,0.0,False,5.0,uniform
0.10094637223974763,0.0981012658227848,1.0,0.1786743515850144,gaussian_noise,SKAB,fold_2,42,7,3,3,0.5,avg_negative_log,10,0.1054,0.9,,965,207,1307,0.006543015193612175,True,0.0,False,5.0,uniform
0.10094637223974763,0.0981012658227848,1.0,0.1786743515850144,original,SKAB,fold_2,123,7,3,3,0.5,avg_negative_log,10,0.1054,0.9,,965,207,1307,0.006543015193612175,True,0.0,False,5.0,uniform
0.10094637223974763,0.0981012658227848,1.0,0.1786743515850144,gaussian_noise,SKAB,fold_2,123,7,3,3,0.5,avg_negative_log,10,0.1054,0.9,,965,207,1307,0.006543015193612175,True,0.0,False,5.0,uniform
0.10094637223974763,0.0981012658227848,1.0,0.1786743515850144,original,SKAB,fold_2,2026,7,3,3,0.5,avg_negative_log,10,0.1054,0.9,,965,207,1307,0.006543015193612175,True,0.0,False,5.0,uniform
0.10094637223974763,0.0981012658227848,1.0,0.1786743515850144,gaussian_noise,SKAB,fold_2,2026,7,3,3,0.5,avg_negative_log,10,0.1054,0.9,,965,207,1307,0.006543015193612175,True,0.0,False,5.0,uniform
0.10094637223974763,0.0981012658227848,1.0,0.1786743515850144,original,SKAB,fold_2,7,7,3,3,0.5,avg_negative_log,10,0.1054,0.9,,965,207,1307,0.006543015193612175,True,0.0,False,5.0,uniform
0.10094637223974763,0.0981012658227848,1.0,0.1786743515850144,gaussian_noise,SKAB,fold_2,7,7,3,3,0.5,avg_negative_log,10,0.1054,0.9,,965,207,1307,0.006543015193612175,True,0.0,False,5.0,uniform
0.10094637223974763,0.0981012658227848,1.0,0.1786743515850144,original,SKAB,fold_2,999,7,3,3,0.5,avg_negative_log,10,0.1054,0.9,,965,207,1307,0.006543015193612175,True,0.0,False,5.0,uniform
0.10094637223974763,0.0981012658227848,1.0,0.1786743515850144,gaussian_noise,SKAB,fold_2,999,7,3,3,0.5,avg_negative_log,10,0.1054,0.9,,965,207,1307,0.006543015193612175,True,0.0,False,5.0,uniform
0.10410094637223975,0.10126582278481013,1.0,0.1839080459770115,original,SKAB,fold_3,42,7,3,3,0.5,avg_negative_log,10,0.1054,0.9,,980,215,1313,0.006231608922638823,True,0.0,False,5.0,uniform
0.10410094637223975,0.10126582278481013,1.0,0.1839080459770115,gaussian_noise,SKAB,fold_3,42,7,3,3,0.5,avg_negative_log,10,0.1054,0.9,,980,215,1313,0.006231608922638823,True,0.0,False,5.0,uniform
0.10410094637223975,0.10126582278481013,1.0,0.1839080459770115,original,SKAB,fold_3,123,7,3,3,0.5,avg_negative_log,10,0.1054,0.9,,980,215,1313,0.006231608922638823,True,0.0,False,5.0,uniform
0.10410094637223975,0.10126582278481013,1.0,0.1839080459770115,gaussian_noise,SKAB,fold_3,123,7,3,3,0.5,avg_negative_log,10,0.1054,0.9,,980,215,1313,0.006231608922638823,True,0.0,False,5.0,uniform
0.10410094637223975,0.10126582278481013,1.0,0.1839080459770115,original,SKAB,fold_3,2026,7,3,3,0.5,avg_negative_log,10,0.1054,0.9,,980,215,1313,0.006231608922638823,True,0.0,False,5.0,uniform
0.10410094637223975,0.10126582278481013,1.0,0.1839080459770115,gaussian_noise,SKAB,fold_3,2026,7,3,3,0.5,avg_negative_log,10,0.1054,0.9,,980,215,1313,0.006231608922638823,True,0.0,False,5.0,uniform
0.10410094637223975,0.10126582278481013,1.0,0.1839080459770115,original,SKAB,fold_3,7,7,3,3,0.5,avg_negative_log,10,0.1054,0.9,,980,215,1313,0.006231608922638823,True,0.0,False,5.0,uniform
0.10410094637223975,0.10126582278481013,1.0,0.1839080459770115,gaussian_noise,SKAB,fold_3,7,7,3,3,0.5,avg_negative_log,10,0.1054,0.9,,980,215,1313,0.006231608922638823,True,0.0,False,5.0,uniform
0.10410094637223975,0.10126582278481013,1.0,0.1839080459770115,original,SKAB,fold_3,999,7,3,3,0.5,avg_negative_log,10,0.1054,0.9,,980,215,1313,0.006231608922638823,True,0.0,False,5.0,uniform
0.10410094637223975,0.10126582278481013,1.0,0.1839080459770115,gaussian_noise,SKAB,fold_3,999,7,3,3,0.5,avg_negative_log,10,0.1054,0.9,,980,215,1313,0.006231608922638823,True,0.0,False,5.0,uniform
0.0926517571884984,0.08974358974358974,1.0,0.16470588235294117,original,SKAB,fold_4,42,7,3,3,0.5,avg_negative_log,10,0.1054,0.9,,994,212,1372,0.006510762689343609,True,0.0,False,5.0,uniform
0.0926517571884984,0.08974358974358974,1.0,0.16470588235294117,gaussian_noise,SKAB,fold_4,42,7,3,3,0.5,avg_negative_log,10,0.1054,0.9,,994,212,1372,0.006510762689343609,True,0.0,False,5.0,uniform
0.0926517571884984,0.08974358974358974,1.0,0.16470588235294117,original,SKAB,fold_4,123,7,3,3,0.5,avg_negative_log,10,0.1054,0.9,,994,212,1372,0.006510762689343609,True,0.0,False,5.0,uniform
0.0926517571884984,0.08974358974358974,1.0,0.16470588235294117,gaussian_noise,SKAB,fold_4,123,7,3,3,0.5,avg_negative_log,10,0.1054,0.9,,994,212,1372,0.006510762689343609,True,0.0,False,5.0,uniform
0.0926517571884984,0.08974358974358974,1.0,0.16470588235294117,original,SKAB,fold_4,2026,7,3,3,0.5,avg_negative_log,10,0.1054,0.9,,994,212,1372,0.006510762689343609,True,0.0,False,5.0,uniform
0.0926517571884984,0.08974358974358974,1.0,0.16470588235294117,gaussian_noise,SKAB,fold_4,2026,7,3,3,0.5,avg_negative_log,10,0.1054,0.9,,994,212,1372,0.006510762689343609,True,0.0,False,5.0,uniform
0.0926517571884984,0.08974358974358974,1.0,0.16470588235294117,original,SKAB,fold_4,7,7,3,3,0.5,avg_negative_log,10,0.1054,0.9,,994,212,1372,0.006510762689343609,True,0.0,False,5.0,uniform
0.0926517571884984,0.08974358974358974,1.0,0.16470588235294117,gaussian_noise,SKAB,fold_4,7,7,3,3,0.5,avg_negative_log,10,0.1054,0.9,,994,212,1372,0.006510762689343609,True,0.0,False,5.0,uniform
0.0926517571884984,0.08974358974358974,1.0,0.16470588235294117,original,SKAB,fold_4,999,7,3,3,0.5,avg_negative_log,10,0.1054,0.9,,994,212,1372,0.006510762689343609,True,0.0,False,5.0,uniform
0.0926517571884984,0.08974358974358974,1.0,0.16470588235294117,gaussian_noise,SKAB,fold_4,999,7,3,3,0.5,avg_negative_log,10,0.1054,0.9,,994,212,1372,0.006510762689343609,True,0.0,False,5.0,uniform
0.11214953271028037,0.109375,1.0,0.19718309859154928,original,SKAB,fold_5,42,7,3,3,0.5,avg_negative_log,10,0.1054,0.9,,912,181,1312,0.007948046912862267,True,0.0,False,5.0,uniform
0.11214953271028037,0.109375,1.0,0.19718309859154928,gaussian_noise,SKAB,fold_5,42,7,3,3,0.5,avg_negative_log,10,0.1054,0.9,,912,181,1312,0.007948046912862267,True,0.0,False,5.0,uniform
0.11214953271028037,0.109375,1.0,0.19718309859154928,original,SKAB,fold_5,123,7,3,3,0.5,avg_negative_log,10,0.1054,0.9,,912,181,1312,0.007948046912862267,True,0.0,False,5.0,uniform
0.11214953271028037,0.109375,1.0,0.19718309859154928,gaussian_noise,SKAB,fold_5,123,7,3,3,0.5,avg_negative_log,10,0.1054,0.9,,912,181,1312,0.007948046912862267,True,0.0,False,5.0,uniform
0.11214953271028037,0.109375,1.0,0.19718309859154928,original,SKAB,fold_5,2026,7,3,3,0.5,avg_negative_log,10,0.1054,0.9,,912,181,1312,0.007948046912862267,True,0.0,False,5.0,uniform
0.11214953271028037,0.109375,1.0,0.19718309859154928,gaussian_noise,SKAB,fold_5,2026,7,3,3,0.5,avg_negative_log,10,0.1054,0.9,,912,181,1312,0.007948046912862267,True,0.0,False,5.0,uniform
0.11214953271028037,0.109375,1.0,0.19718309859154928,original,SKAB,fold_5,7,7,3,3,0.5,avg_negative_log,10,0.1054,0.9,,912,181,1312,0.007948046912862267,True,0.0,False,5.0,uniform
0.11214953271028037,0.109375,1.0,0.19718309859154928,gaussian_noise,SKAB,fold_5,7,7,3,3,0.5,avg_negative_log,10,0.1054,0.9,,912,181,1312,0.007948046912862267,True,0.0,False,5.0,uniform
0.11214953271028037,0.109375,1.0,0.19718309859154928,original,SKAB,fold_5,999,7,3,3,0.5,avg_negative_log,10,0.1054,0.9,,912,181,1312,0.007948046912862267,True,0.0,False,5.0,uniform
0.11214953271028037,0.109375,1.0,0.19718309859154928,gaussian_noise,SKAB,fold_5,999,7,3,3,0.5,avg_negative_log,10,0.1054,0.9,,912,181,1312,0.007948046912862267,True,0.0,False,5.0,uniform
0.521193092621664,0.0,0.0,0.0,original,SKAB,fold_1,42,7,3,3,0.5,avg_negative_log,10,0.2231,0.9,,822,182,1105,0.0073861661452902325,True,0.0,False,5.0,uniform
0.5164835164835165,0.0,0.0,0.0,gaussian_noise,SKAB,fold_1,42,7,3,3,0.5,avg_negative_log,10,0.2231,0.9,,822,182,1105,0.0073861661452902325,True,0.0,False,5.0,uniform
0.521193092621664,0.0,0.0,0.0,original,SKAB,fold_1,123,7,3,3,0.5,avg_negative_log,10,0.2231,0.9,,822,182,1105,0.0073861661452902325,True,0.0,False,5.0,uniform
0.521193092621664,0.0,0.0,0.0,gaussian_noise,SKAB,fold_1,123,7,3,3,0.5,avg_negative_log,10,0.2231,0.9,,822,182,1105,0.0073861661452902325,True,0.0,False,5.0,uniform
0.521193092621664,0.0,0.0,0.0,original,SKAB,fold_1,2026,7,3,3,0.5,avg_negative_log,10,0.2231,0.9,,822,182,1105,0.0073861661452902325,True,0.0,False,5.0,uniform
0.5164835164835165,0.0,0.0,0.0,gaussian_noise,SKAB,fold_1,2026,7,3,3,0.5,avg_negative_log,10,0.2231,0.9,,822,182,1105,0.0073861661452902325,True,0.0,False,5.0,uniform
0.521193092621664,0.0,0.0,0.0,original,SKAB,fold_1,7,7,3,3,0.5,avg_negative_log,10,0.2231,0.9,,822,182,1105,0.0073861661452902325,True,0.0,False,5.0,uniform
0.5164835164835165,0.0,0.0,0.0,gaussian_noise,SKAB,fold_1,7,7,3,3,0.5,avg_negative_log,10,0.2231,0.9,,822,182,1105,0.0073861661452902325,True,0.0,False,5.0,uniform
0.521193092621664,0.0,0.0,0.0,original,SKAB,fold_1,999,7,3,3,0.5,avg_negative_log,10,0.2231,0.9,,822,182,1105,0.0073861661452902325,True,0.0,False,5.0,uniform
0.521193092621664,0.0,0.0,0.0,gaussian_noise,SKAB,fold_1,999,7,3,3,0.5,avg_negative_log,10,0.2231,0.9,,822,182,1105,0.0073861661452902325,True,0.0,False,5.0,uniform
0.3675078864353312,0.0,0.0,0.0,original,SKAB,fold_2,42,7,3,3,0.5,avg_negative_log,10,0.2231,0.9,,965,207,1307,0.006543015193612175,True,0.0,False,5.0,uniform
0.36908517350157727,0.0,0.0,0.0,gaussian_noise,SKAB,fold_2,42,7,3,3,0.5,avg_negative_log,10,0.2231,0.9,,965,207,1307,0.006543015193612175,True,0.0,False,5.0,uniform
0.3675078864353312,0.0,0.0,0.0,original,SKAB,fold_2,123,7,3,3,0.5,avg_negative_log,10,0.2231,0.9,,965,207,1307,0.006543015193612175,True,0.0,False,5.0,uniform
0.3659305993690852,0.017045454545454544,0.0967741935483871,0.028985507246376812,gaussian_noise,SKAB,fold_2,123,7,3,3,0.5,avg_negative_log,10,0.2231,0.9,,965,207,1307,0.006543015193612175,True,0.0,False,5.0,uniform
0.3675078864353312,0.0,0.0,0.0,original,SKAB,fold_2,2026,7,3,3,0.5,avg_negative_log,10,0.2231,0.9,,965,207,1307,0.006543015193612175,True,0.0,False,5.0,uniform
0.3280757097791798,0.0,0.0,0.0,gaussian_noise,SKAB,fold_2,2026,7,3,3,0.5,avg_negative_log,10,0.2231,0.9,,965,207,1307,0.006543015193612175,True,0.0,False,5.0,uniform
0.3675078864353312,0.0,0.0,0.0,original,SKAB,fold_2,7,7,3,3,0.5,avg_negative_log,10,0.2231,0.9,,965,207,1307,0.006543015193612175,True,0.0,False,5.0,uniform
0.3675078864353312,0.0,0.0,0.0,gaussian_noise,SKAB,fold_2,7,7,3,3,0.5,avg_negative_log,10,0.2231,0.9,,965,207,1307,0.006543015193612175,True,0.0,False,5.0,uniform
0.3675078864353312,0.0,0.0,0.0,original,SKAB,fold_2,999,7,3,3,0.5,avg_negative_log,10,0.2231,0.9,,965,207,1307,0.006543015193612175,True,0.0,False,5.0,uniform
0.334384858044164,0.0,0.0,0.0,gaussian_noise,SKAB,fold_2,999,7,3,3,0.5,avg_negative_log,10,0.2231,0.9,,965,207,1307,0.006543015193612175,True,0.0,False,5.0,uniform
0.3422712933753943,0.05764411027568922,0.359375,0.09935205183585313,original,SKAB,fold_3,42,7,3,3,0.5,avg_negative_log,10,0.2231,0.9,,980,215,1313,0.006231608922638823,True,0.0,False,5.0,uniform
0.3422712933753943,0.05764411027568922,0.359375,0.09935205183585313,gaussian_noise,SKAB,fold_3,42,7,3,3,0.5,avg_negative_log,10,0.2231,0.9,,980,215,1313,0.006231608922638823,True,0.0,False,5.0,uniform
0.3422712933753943,0.05764411027568922,0.359375,0.09935205183585313,original,SKAB,fold_3,123,7,3,3,0.5,avg_negative_log,10,0.2231,0.9,,980,215,1313,0.006231608922638823,True,0.0,False,5.0,uniform
0.3422712933753943,0.05764411027568922,0.359375,0.09935205183585313,gaussian_noise,SKAB,fold_3,123,7,3,3,0.5,avg_negative_log,10,0.2231,0.9,,980,215,1313,0.006231608922638823,True,0.0,False,5.0,uniform
0.3422712933753943,0.05764411027568922,0.359375,0.09935205183585313,original,SKAB,fold_3,2026,7,3,3,0.5,avg_negative_log,10,0.2231,0.9,,980,215,1313,0.006231608922638823,True,0.0,False,5.0,uniform
0.3422712933753943,0.05764411027568922,0.359375,0.09935205183585313,gaussian_noise,SKAB,fold_3,2026,7,3,3,0.5,avg_negative_log,10,0.2231,0.9,,980,215,1313,0.006231608922638823,True,0.0,False,5.0,uniform
0.3422712933753943,0.05764411027568922,0.359375,0.09935205183585313,original,SKAB,fold_3,7,7,3,3,0.5,avg_negative_log,10,0.2231,0.9,,980,215,1313,0.006231608922638823,True,0.0,False,5.0,uniform
0.3422712933753943,0.05764411027568922,0.359375,0.09935205183585313,gaussian_noise,SKAB,fold_3,7,7,3,3,0.5,avg_negative_log,10,0.2231,0.9,,980,215,1313,0.006231608922638823,True,0.0,False,5.0,uniform
0.3422712933753943,0.05764411027568922,0.359375,0.09935205183585313,original,SKAB,fold_3,999,7,3,3,0.5,avg_negative_log,10,0.2231,0.9,,980,215,1313,0.006231608922638823,True,0.0,False,5.0,uniform
0.33280757097791797,0.056790123456790124,0.359375,0.09808102345415778,gaussian_noise,SKAB,fold_3,999,7,3,3,0.5,avg_negative_log,10,0.2231,0.9,,980,215,1313,0.006231608922638823,True,0.0,False,5.0,uniform
0.4424920127795527,0.1382716049382716,1.0,0.24295010845986983,original,SKAB,fold_4,42,7,3,3,0.5,avg_negative_log,10,0.2231,0.9,,994,212,1372,0.006510762689343609,True,0.0,False,5.0,uniform
0.4424920127795527,0.1382716049382716,1.0,0.24295010845986983,gaussian_noise,SKAB,fold_4,42,7,3,3,0.5,avg_negative_log,10,0.2231,0.9,,994,212,1372,0.006510762689343609,True,0.0,False,5.0,uniform
0.4424920127795527,0.1382716049382716,1.0,0.24295010845986983,original,SKAB,fold_4,123,7,3,3,0.5,avg_negative_log,10,0.2231,0.9,,994,212,1372,0.006510762689343609,True,0.0,False,5.0,uniform
0.4424920127795527,0.1382716049382716,1.0,0.24295010845986983,gaussian_noise,SKAB,fold_4,123,7,3,3,0.5,avg_negative_log,10,0.2231,0.9,,994,212,1372,0.006510762689343609,True,0.0,False,5.0,uniform
0.4424920127795527,0.1382716049382716,1.0,0.24295010845986983,original,SKAB,fold_4,2026,7,3,3,0.5,avg_negative_log,10,0.2231,0.9,,994,212,1372,0.006510762689343609,True,0.0,False,5.0,uniform
0.42971246006389774,0.13559322033898305,1.0,0.23880597014925373,gaussian_noise,SKAB,fold_4,2026,7,3,3,0.5,avg_negative_log,10,0.2231,0.9,,994,212,1372,0.006510762689343609,True,0.0,False,5.0,uniform
0.4424920127795527,0.1382716049382716,1.0,0.24295010845986983,original,SKAB,fold_4,7,7,3,3,0.5,avg_negative_log,10,0.2231,0.9,,994,212,1372,0.006510762689343609,True,0.0,False,5.0,uniform
0.4424920127795527,0.1382716049382716,1.0,0.24295010845986983,gaussian_noise,SKAB,fold_4,7,7,3,3,0.5,avg_negative_log,10,0.2231,0.9,,994,212,1372,0.006510762689343609,True,0.0,False,5.0,uniform
0.4424920127795527,0.1382716049382716,1.0,0.24295010845986983,original,SKAB,fold_4,999,7,3,3,0.5,avg_negative_log,10,0.2231,0.9,,994,212,1372,0.006510762689343609,True,0.0,False,5.0,uniform
0.4424920127795527,0.1382716049382716,1.0,0.24295010845986983,gaussian_noise,SKAB,fold_4,999,7,3,3,0.5,avg_negative_log,10,0.2231,0.9,,994,212,1372,0.006510762689343609,True,0.0,False,5.0,uniform
0.3302180685358255,0.14,1.0,0.24561403508771928,original,SKAB,fold_5,42,7,3,3,0.5,avg_negative_log,10,0.2231,0.9,,912,181,1312,0.007948046912862267,True,0.0,False,5.0,uniform
0.3348909657320872,0.14084507042253522,1.0,0.24691358024691357,gaussian_noise,SKAB,fold_5,42,7,3,3,0.5,avg_negative_log,10,0.2231,0.9,,912,181,1312,0.007948046912862267,True,0.0,False,5.0,uniform
0.3302180685358255,0.14,1.0,0.24561403508771928,original,SKAB,fold_5,123,7,3,3,0.5,avg_negative_log,10,0.2231,0.9,,912,181,1312,0.007948046912862267,True,0.0,False,5.0,uniform
0.29906542056074764,0.1346153846153846,1.0,0.23728813559322035,gaussian_noise,SKAB,fold_5,123,7,3,3,0.5,avg_negative_log,10,0.2231,0.9,,912,181,1312,0.007948046912862267,True,0.0,False,5.0,uniform
0.3302180685358255,0.14,1.0,0.24561403508771928,original,SKAB,fold_5,2026,7,3,3,0.5,avg_negative_log,10,0.2231,0.9,,912,181,1312,0.007948046912862267,True,0.0,False,5.0,uniform
0.3348909657320872,0.14084507042253522,1.0,0.24691358024691357,gaussian_noise,SKAB,fold_5,2026,7,3,3,0.5,avg_negative_log,10,0.2231,0.9,,912,181,1312,0.007948046912862267,True,0.0,False,5.0,uniform
0.3302180685358255,0.14,1.0,0.24561403508771928,original,SKAB,fold_5,7,7,3,3,0.5,avg_negative_log,10,0.2231,0.9,,912,181,1312,0.007948046912862267,True,0.0,False,5.0,uniform
0.2897196261682243,0.13307984790874525,1.0,0.2348993288590604,gaussian_noise,SKAB,fold_5,7,7,3,3,0.5,avg_negative_log,10,0.2231,0.9,,912,181,1312,0.007948046912862267,True,0.0,False,5.0,uniform
0.3302180685358255,0.14,1.0,0.24561403508771928,original,SKAB,fold_5,999,7,3,3,0.5,avg_negative_log,10,0.2231,0.9,,912,181,1312,0.007948046912862267,True,0.0,False,5.0,uniform
0.3348909657320872,0.14084507042253522,1.0,0.24691358024691357,gaussian_noise,SKAB,fold_5,999,7,3,3,0.5,avg_negative_log,10,0.2231,0.9,,912,181,1312,0.007948046912862267,True,0.0,False,5.0,uniform
0.7425431711145997,0.0,0.0,0.0,original,SKAB,fold_1,42,7,3,3,0.5,avg_negative_log,10,0.3567,0.9,,822,182,1105,0.0073861661452902325,True,0.0,False,5.0,uniform
0.7378335949764521,0.0,0.0,0.0,gaussian_noise,SKAB,fold_1,42,7,3,3,0.5,avg_negative_log,10,0.3567,0.9,,822,182,1105,0.0073861661452902325,True,0.0,False,5.0,uniform
0.7425431711145997,0.0,0.0,0.0,original,SKAB,fold_1,123,7,3,3,0.5,avg_negative_log,10,0.3567,0.9,,822,182,1105,0.0073861661452902325,True,0.0,False,5.0,uniform
0.7425431711145997,0.0,0.0,0.0,gaussian_noise,SKAB,fold_1,123,7,3,3,0.5,avg_negative_log,10,0.3567,0.9,,822,182,1105,0.0073861661452902325,True,0.0,False,5.0,uniform
0.7425431711145997,0.0,0.0,0.0,original,SKAB,fold_1,2026,7,3,3,0.5,avg_negative_log,10,0.3567,0.9,,822,182,1105,0.0073861661452902325,True,0.0,False,5.0,uniform
0.7080062794348508,0.0,0.0,0.0,gaussian_noise,SKAB,fold_1,2026,7,3,3,0.5,avg_negative_log,10,0.3567,0.9,,822,182,1105,0.0073861661452902325,True,0.0,False,5.0,uniform
0.7425431711145997,0.0,0.0,0.0,original,SKAB,fold_1,7,7,3,3,0.5,avg_negative_log,10,0.3567,0.9,,822,182,1105,0.0073861661452902325,True,0.0,False,5.0,uniform
0.7378335949764521,0.0,0.0,0.0,gaussian_noise,SKAB,fold_1,7,7,3,3,0.5,avg_negative_log,10,0.3567,0.9,,822,182,1105,0.0073861661452902325,True,0.0,False,5.0,uniform
0.7425431711145997,0.0,0.0,0.0,original,SKAB,fold_1,999,7,3,3,0.5,avg_negative_log,10,0.3567,0.9,,822,182,1105,0.0073861661452902325,True,0.0,False,5.0,uniform
0.7425431711145997,0.0,0.0,0.0,gaussian_noise,SKAB,fold_1,999,7,3,3,0.5,avg_negative_log,10,0.3567,0.9,,822,182,1105,0.0073861661452902325,True,0.0,False,5.0,uniform
0.37381703470031546,0.0,0.0,0.0,original,SKAB,fold_2,42,7,3,3,0.5,avg_negative_log,10,0.3567,0.9,,965,207,1307,0.006543015193612175,True,0.0,False,5.0,uniform
0.38170347003154576,0.0,0.0,0.0,gaussian_noise,SKAB,fold_2,42,7,3,3,0.5,avg_negative_log,10,0.3567,0.9,,965,207,1307,0.006543015193612175,True,0.0,False,5.0,uniform
0.37381703470031546,0.0,0.0,0.0,original,SKAB,fold_2,123,7,3,3,0.5,avg_negative_log,10,0.3567,0.9,,965,207,1307,0.006543015193612175,True,0.0,False,5.0,uniform
0.37066246056782337,0.01440922190201729,0.08064516129032258,0.02444987775061125,gaussian_noise,SKAB,fold_2,123,7,3,3,0.5,avg_negative_log,10,0.3567,0.9,,965,207,1307,0.006543015193612175,True,0.0,False,5.0,uniform
0.37381703470031546,0.0,0.0,0.0,original,SKAB,fold_2,2026,7,3,3,0.5,avg_negative_log,10,0.3567,0.9,,965,207,1307,0.006543015193612175,True,0.0,False,5.0,uniform
0.3438485804416404,0.0,0.0,0.0,gaussian_noise,SKAB,fold_2,2026,7,3,3,0.5,avg_negative_log,10,0.3567,0.9,,965,207,1307,0.006543015193612175,True,0.0,False,5.0,uniform
0.37381703470031546,0.0,0.0,0.0,original,SKAB,fold_2,7,7,3,3,0.5,avg_negative_log,10,0.3567,0.9,,965,207,1307,0.006543015193612175,True,0.0,False,5.0,uniform
0.3722397476340694,0.0,0.0,0.0,gaussian_noise,SKAB,fold_2,7,7,3,3,0.5,avg_negative_log,10,0.3567,0.9,,965,207,1307,0.006543015193612175,True,0.0,False,5.0,uniform
0.37381703470031546,0.0,0.0,0.0,original,SKAB,fold_2,999,7,3,3,0.5,avg_negative_log,10,0.3567,0.9,,965,207,1307,0.006543015193612175,True,0.0,False,5.0,uniform
0.3422712933753943,0.0,0.0,0.0,gaussian_noise,SKAB,fold_2,999,7,3,3,0.5,avg_negative_log,10,0.3567,0.9,,965,207,1307,0.006543015193612175,True,0.0,False,5.0,uniform
0.46214511041009465,0.07120743034055728,0.359375,0.11886304909560723,original,SKAB,fold_3,42,7,3,3,0.5,avg_negative_log,10,0.3567,0.9,,980,215,1313,0.006231608922638823,True,0.0,False,5.0,uniform
0.43375394321766564,0.06744868035190615,0.359375,0.11358024691358025,gaussian_noise,SKAB,fold_3,42,7,3,3,0.5,avg_negative_log,10,0.3567,0.9,,980,215,1313,0.006231608922638823,True,0.0,False,5.0,uniform
0.46214511041009465,0.07120743034055728,0.359375,0.11886304909560723,original,SKAB,fold_3,123,7,3,3,0.5,avg_negative_log,10,0.3567,0.9,,980,215,1313,0.006231608922638823,True,0.0,False,5.0,uniform
0.43375394321766564,0.06744868035190615,0.359375,0.11358024691358025,gaussian_noise,SKAB,fold_3,123,7,3,3,0.5,avg_negative_log,10,0.3567,0.9,,980,215,1313,0.006231608922638823,True,0.0,False,5.0,uniform
0.46214511041009465,0.07120743034055728,0.359375,0.11886304909560723,original,SKAB,fold_3,2026,7,3,3,0.5,avg_negative_log,10,0.3567,0.9,,980,215,1313,0.006231608922638823,True,0.0,False,5.0,uniform
0.46214511041009465,0.07120743034055728,0.359375,0.11886304909560723,gaussian_noise,SKAB,fold_3,2026,7,3,3,0.5,avg_negative_log,10,0.3567,0.9,,980,215,1313,0.006231608922638823,True,0.0,False,5.0,uniform
0.46214511041009465,0.07120743034055728,0.359375,0.11886304909560723,original,SKAB,fold_3,7,7,3,3,0.5,avg_negative_log,10,0.3567,0.9,,980,215,1313,0.006231608922638823,True,0.0,False,5.0,uniform
0.44637223974763407,0.06906906906906907,0.359375,0.11586901763224182,gaussian_noise,SKAB,fold_3,7,7,3,3,0.5,avg_negative_log,10,0.3567,0.9,,980,215,1313,0.006231608922638823,True,0.0,False,5.0,uniform
0.46214511041009465,0.07120743034055728,0.359375,0.11886304909560723,original,SKAB,fold_3,999,7,3,3,0.5,avg_negative_log,10,0.3567,0.9,,980,215,1313,0.006231608922638823,True,0.0,False,5.0,uniform
0.4400630914826498,0.06824925816023739,0.359375,0.11471321695760599,gaussian_noise,SKAB,fold_3,999,7,3,3,0.5,avg_negative_log,10,0.3567,0.9,,980,215,1313,0.006231608922638823,True,0.0,False,5.0,uniform
0.5559105431309904,0.16766467065868262,1.0,0.28717948717948716,original,SKAB,fold_4,42,7,3,3,0.5,avg_negative_log,10,0.3567,0.9,,994,212,1372,0.006510762689343609,True,0.0,False,5.0,uniform
0.5255591054313099,0.15864022662889518,1.0,0.27383863080684595,gaussian_noise,SKAB,fold_4,42,7,3,3,0.5,avg_negative_log,10,0.3567,0.9,,994,212,1372,0.006510762689343609,True,0.0,False,5.0,uniform
0.5559105431309904,0.16766467065868262,1.0,0.28717948717948716,original,SKAB,fold_4,123,7,3,3,0.5,avg_negative_log,10,0.3567,0.9,,994,212,1372,0.006510762689343609,True,0.0,False,5.0,uniform
0.5527156549520766,0.16666666666666666,1.0,0.2857142857142857,gaussian_noise,SKAB,fold_4,123,7,3,3,0.5,avg_negative_log,10,0.3567,0.9,,994,212,1372,0.006510762689343609,True,0.0,False,5.0,uniform
0.5559105431309904,0.16766467065868262,1.0,0.28717948717948716,original,SKAB,fold_4,2026,7,3,3,0.5,avg_negative_log,10,0.3567,0.9,,994,212,1372,0.006510762689343609,True,0.0,False,5.0,uniform
0.5431309904153354,0.16374269005847952,1.0,0.2814070351758794,gaussian_noise,SKAB,fold_4,2026,7,3,3,0.5,avg_negative_log,10,0.3567,0.9,,994,212,1372,0.006510762689343609,True,0.0,False,5.0,uniform
0.5559105431309904,0.16766467065868262,1.0,0.28717948717948716,original,SKAB,fold_4,7,7,3,3,0.5,avg_negative_log,10,0.3567,0.9,,994,212,1372,0.006510762689343609,True,0.0,False,5.0,uniform
0.5271565495207667,0.1590909090909091,1.0,0.27450980392156865,gaussian_noise,SKAB,fold_4,7,7,3,3,0.5,avg_negative_log,10,0.3567,0.9,,994,212,1372,0.006510762689343609,True,0.0,False,5.0,uniform
0.5559105431309904,0.16766467065868262,1.0,0.28717948717948716,original,SKAB,fold_4,999,7,3,3,0.5,avg_negative_log,10,0.3567,0.9,,994,212,1372,0.006510762689343609,True,0.0,False,5.0,uniform
0.5559105431309904,0.16766467065868262,1.0,0.28717948717948716,gaussian_noise,SKAB,fold_4,999,7,3,3,0.5,avg_negative_log,10,0.3567,0.9,,994,212,1372,0.006510762689343609,True,0.0,False,5.0,uniform
0.3333333333333333,0.14056224899598393,1.0,0.24647887323943662,original,SKAB,fold_5,42,7,3,3,0.5,avg_negative_log,10,0.3567,0.9,,912,181,1312,0.007948046912862267,True,0.0,False,5.0,uniform
0.338006230529595,0.1414141414141414,1.0,0.24778761061946902,gaussian_noise,SKAB,fold_5,42,7,3,3,0.5,avg_negative_log,10,0.3567,0.9,,912,181,1312,0.007948046912862267,True,0.0,False,5.0,uniform
0.3333333333333333,0.14056224899598393,1.0,0.24647887323943662,original,SKAB,fold_5,123,7,3,3,0.5,avg_negative_log,10,0.3567,0.9,,912,181,1312,0.007948046912862267,True,0.0,False,5.0,uniform
0.30218068535825543,0.13513513513513514,1.0,0.23809523809523808,gaussian_noise,SKAB,fold_5,123,7,3,3,0.5,avg_negative_log,10,0.3567,0.9,,912,181,1312,0.007948046912862267,True,0.0,False,5.0,uniform
0.3333333333333333,0.14056224899598393,1.0,0.24647887323943662,original,SKAB,fold_5,2026,7,3,3,0.5,avg_negative_log,10,0.3567,0.9,,912,181,1312,0.007948046912862267,True,0.0,False,5.0,uniform
0.338006230529595,0.1414141414141414,1.0,0.24778761061946902,gaussian_noise,SKAB,fold_5,2026,7,3,3,0.5,avg_negative_log,10,0.3567,0.9,,912,181,1312,0.007948046912862267,True,0.0,False,5.0,uniform
0.3333333333333333,0.14056224899598393,1.0,0.24647887323943662,original,SKAB,fold_5,7,7,3,3,0.5,avg_negative_log,10,0.3567,0.9,,912,181,1312,0.007948046912862267,True,0.0,False,5.0,uniform
0.29283489096573206,0.13358778625954199,1.0,0.2356902356902357,gaussian_noise,SKAB,fold_5,7,7,3,3,0.5,avg_negative_log,10,0.3567,0.9,,912,181,1312,0.007948046912862267,True,0.0,False,5.0,uniform
0.3333333333333333,0.14056224899598393,1.0,0.24647887323943662,original,SKAB,fold_5,999,7,3,3,0.5,avg_negative_log,10,0.3567,0.9,,912,181,1312,0.007948046912862267,True,0.0,False,5.0,uniform
0.338006230529595,0.1414141414141414,1.0,0.24778761061946902,gaussian_noise,SKAB,fold_5,999,7,3,3,0.5,avg_negative_log,10,0.3567,0.9,,912,181,1312,0.007948046912862267,True,0.0,False,5.0,uniform
0.7488226059654631,0.0,0.0,0.0,original,SKAB,fold_1,42,7,3,3,0.5,avg_negative_log,10,0.5108,0.9,,822,182,1105,0.0073861661452902325,True,0.0,False,5.0,uniform
0.7441130298273155,0.0,0.0,0.0,gaussian_noise,SKAB,fold_1,42,7,3,3,0.5,avg_negative_log,10,0.5108,0.9,,822,182,1105,0.0073861661452902325,True,0.0,False,5.0,uniform
0.7488226059654631,0.0,0.0,0.0,original,SKAB,fold_1,123,7,3,3,0.5,avg_negative_log,10,0.5108,0.9,,822,182,1105,0.0073861661452902325,True,0.0,False,5.0,uniform
0.7488226059654631,0.0,0.0,0.0,gaussian_noise,SKAB,fold_1,123,7,3,3,0.5,avg_negative_log,10,0.5108,0.9,,822,182,1105,0.0073861661452902325,True,0.0,False,5.0,uniform
0.7488226059654631,0.0,0.0,0.0,original,SKAB,fold_1,2026,7,3,3,0.5,avg_negative_log,10,0.5108,0.9,,822,182,1105,0.0073861661452902325,True,0.0,False,5.0,uniform
0.7158555729984302,0.0,0.0,0.0,gaussian_noise,SKAB,fold_1,2026,7,3,3,0.5,avg_negative_log,10,0.5108,0.9,,822,182,1105,0.0073861661452902325,True,0.0,False,5.0,uniform
0.7488226059654631,0.0,0.0,0.0,original,SKAB,fold_1,7,7,3,3,0.5,avg_negative_log,10,0.5108,0.9,,822,182,1105,0.0073861661452902325,True,0.0,False,5.0,uniform
0.7441130298273155,0.0,0.0,0.0,gaussian_noise,SKAB,fold_1,7,7,3,3,0.5,avg_negative_log,10,0.5108,0.9,,822,182,1105,0.0073861661452902325,True,0.0,False,5.0,uniform
0.7488226059654631,0.0,0.0,0.0,original,SKAB,fold_1,999,7,3,3,0.5,avg_negative_log,10,0.5108,0.9,,822,182,1105,0.0073861661452902325,True,0.0,False,5.0,uniform
0.7488226059654631,0.0,0.0,0.0,gaussian_noise,SKAB,fold_1,999,7,3,3,0.5,avg_negative_log,10,0.5108,0.9,,822,182,1105,0.0073861661452902325,True,0.0,False,5.0,uniform
0.3753943217665615,0.0,0.0,0.0,original,SKAB,fold_2,42,7,3,3,0.5,avg_negative_log,10,0.5108,0.9,,965,207,1307,0.006543015193612175,True,0.0,False,5.0,uniform
0.3832807570977918,0.0,0.0,0.0,gaussian_noise,SKAB,fold_2,42,7,3,3,0.5,avg_negative_log,10,0.5108,0.9,,965,207,1307,0.006543015193612175,True,0.0,False,5.0,uniform
0.3753943217665615,0.0,0.0,0.0,original,SKAB,fold_2,123,7,3,3,0.5,avg_negative_log,10,0.5108,0.9,,965,207,1307,0.006543015193612175,True,0.0,False,5.0,uniform
0.3722397476340694,0.014450867052023121,0.08064516129032258,0.024509803921568627,gaussian_noise,SKAB,fold_2,123,7,3,3,0.5,avg_negative_log,10,0.5108,0.9,,965,207,1307,0.006543015193612175,True,0.0,False,5.0,uniform
0.3753943217665615,0.0,0.0,0.0,original,SKAB,fold_2,2026,7,3,3,0.5,avg_negative_log,10,0.5108,0.9,,965,207,1307,0.006543015193612175,True,0.0,False,5.0,uniform
0.34542586750788645,0.0,0.0,0.0,gaussian_noise,SKAB,fold_2,2026,7,3,3,0.5,avg_negative_log,10,0.5108,0.9,,965,207,1307,0.006543015193612175,True,0.0,False,5.0,uniform
0.3753943217665615,0.0,0.0,0.0,original,SKAB,fold_2,7,7,3,3,0.5,avg_negative_log,10,0.5108,0.9,,965,207,1307,0.006543015193612175,True,0.0,False,5.0,uniform
0.37381703470031546,0.0,0.0,0.0,gaussian_noise,SKAB,fold_2,7,7,3,3,0.5,avg_negative_log,10,0.5108,0.9,,965,207,1307,0.006543015193612175,True,0.0,False,5.0,uniform
0.3753943217665615,0.0,0.0,0.0,original,SKAB,fold_2,999,7,3,3,0.5,avg_negative_log,10,0.5108,0.9,,965,207,1307,0.006543015193612175,True,0.0,False,5.0,uniform
0.3438485804416404,0.0,0.0,0.0,gaussian_noise,SKAB,fold_2,999,7,3,3,0.5,avg_negative_log,10,0.5108,0.9,,965,207,1307,0.006543015193612175,True,0.0,False,5.0,uniform
0.4637223974763407,0.07142857142857142,0.359375,0.11917098445595854,original,SKAB,fold_3,42,7,3,3,0.5,avg_negative_log,10,0.5108,0.9,,980,215,1313,0.006231608922638823,True,0.0,False,5.0,uniform
0.4353312302839117,0.06764705882352941,0.359375,0.11386138613861387,gaussian_noise,SKAB,fold_3,42,7,3,3,0.5,avg_negative_log,10,0.5108,0.9,,980,215,1313,0.006231608922638823,True,0.0,False,5.0,uniform
0.4637223974763407,0.07142857142857142,0.359375,0.11917098445595854,original,SKAB,fold_3,123,7,3,3,0.5,avg_negative_log,10,0.5108,0.9,,980,215,1313,0.006231608922638823,True,0.0,False,5.0,uniform
0.4353312302839117,0.06764705882352941,0.359375,0.11386138613861387,gaussian_noise,SKAB,fold_3,123,7,3,3,0.5,avg_negative_log,10,0.5108,0.9,,980,215,1313,0.006231608922638823,True,0.0,False,5.0,uniform
0.4637223974763407,0.07142857142857142,0.359375,0.11917098445595854,original,SKAB,fold_3,2026,7,3,3,0.5,avg_negative_log,10,0.5108,0.9,,980,215,1313,0.006231608922638823,True,0.0,False,5.0,uniform
0.4637223974763407,0.07142857142857142,0.359375,0.11917098445595854,gaussian_noise,SKAB,fold_3,2026,7,3,3,0.5,avg_negative_log,10,0.5108,0.9,,980,215,1313,0.006231608922638823,True,0.0,False,5.0,uniform
0.4637223974763407,0.07142857142857142,0.359375,0.11917098445595854,original,SKAB,fold_3,7,7,3,3,0.5,avg_negative_log,10,0.5108,0.9,,980,215,1313,0.006231608922638823,True,0.0,False,5.0,uniform
0.4479495268138801,0.06927710843373494,0.359375,0.11616161616161616,gaussian_noise,SKAB,fold_3,7,7,3,3,0.5,avg_negative_log,10,0.5108,0.9,,980,215,1313,0.006231608922638823,True,0.0,False,5.0,uniform
0.4637223974763407,0.07142857142857142,0.359375,0.11917098445595854,original,SKAB,fold_3,999,7,3,3,0.5,avg_negative_log,10,0.5108,0.9,,980,215,1313,0.006231608922638823,True,0.0,False,5.0,uniform
0.4416403785488959,0.06845238095238096,0.359375,0.115,gaussian_noise,SKAB,fold_3,999,7,3,3,0.5,avg_negative_log,10,0.5108,0.9,,980,215,1313,0.006231608922638823,True,0.0,False,5.0,uniform
0.5575079872204473,0.16816816816816818,1.0,0.2879177377892031,original,SKAB,fold_4,42,7,3,3,0.5,avg_negative_log,10,0.5108,0.9,,994,212,1372,0.006510762689343609,True,0.0,False,5.0,uniform
0.5271565495207667,0.1590909090909091,1.0,0.27450980392156865,gaussian_noise,SKAB,fold_4,42,7,3,3,0.5,avg_negative_log,10,0.5108,0.9,,994,212,1372,0.006510762689343609,True,0.0,False,5.0,uniform
0.5575079872204473,0.16816816816816818,1.0,0.2879177377892031,original,SKAB,fold_4,123,7,3,3,0.5,avg_negative_log,10,0.5108,0.9,,994,212,1372,0.006510762689343609,True,0.0,False,5.0,uniform
0.5543130990415336,0.16716417910447762,1.0,0.2864450127877238,gaussian_noise,SKAB,fold_4,123,7,3,3,0.5,avg_negative_log,10,0.5108,0.9,,994,212,1372,0.006510762689343609,True,0.0,False,5.0,uniform
0.5575079872204473,0.16816816816816818,1.0,0.2879177377892031,original,SKAB,fold_4,2026,7,3,3,0.5,avg_negative_log,10,0.5108,0.9,,994,212,1372,0.006510762689343609,True,0.0,False,5.0,uniform
0.5447284345047924,0.16422287390029325,1.0,0.28211586901763225,gaussian_noise,SKAB,fold_4,2026,7,3,3,0.5,avg_negative_log,10,0.5108,0.9,,994,212,1372,0.006510762689343609,True,0.0,False,5.0,uniform
0.5575079872204473,0.16816816816816818,1.0,0.2879177377892031,original,SKAB,fold_4,7,7,3,3,0.5,avg_negative_log,10,0.5108,0.9,,994,212,1372,0.006510762689343609,True,0.0,False,5.0,uniform
0.5287539936102237,0.15954415954415954,1.0,0.2751842751842752,gaussian_noise,SKAB,fold_4,7,7,3,3,0.5,avg_negative_log,10,0.5108,0.9,,994,212,1372,0.006510762689343609,True,0.0,False,5.0,uniform
0.5575079872204473,0.16816816816816818,1.0,0.2879177377892031,original,SKAB,fold_4,999,7,3,3,0.5,avg_negative_log,10,0.5108,0.9,,994,212,1372,0.006510762689343609,True,0.0,False,5.0,uniform
0.5575079872204473,0.16816816816816818,1.0,0.2879177377892031,gaussian_noise,SKAB,fold_4,999,7,3,3,0.5,avg_negative_log,10,0.5108,0.9,,994,212,1372,0.006510762689343609,True,0.0,False,5.0,uniform
0.3598130841121495,0.14553014553014554,1.0,0.2540834845735027,original,SKAB,fold_5,42,7,3,3,0.5,avg_negative_log,10,0.5108,0.9,,912,181,1312,0.007948046912862267,True,0.0,False,5.0,uniform
0.40186915887850466,0.15418502202643172,1.0,0.26717557251908397,gaussian_noise,SKAB,fold_5,42,7,3,3,0.5,avg_negative_log,10,0.5108,0.9,,912,181,1312,0.007948046912862267,True,0.0,False,5.0,uniform
0.3598130841121495,0.14553014553014554,1.0,0.2540834845735027,original,SKAB,fold_5,123,7,3,3,0.5,avg_negative_log,10,0.5108,0.9,,912,181,1312,0.007948046912862267,True,0.0,False,5.0,uniform
0.3442367601246106,0.1425661914460285,1.0,0.24955436720142601,gaussian_noise,SKAB,fold_5,123,7,3,3,0.5,avg_negative_log,10,0.5108,0.9,,912,181,1312,0.007948046912862267,True,0.0,False,5.0,uniform
0.3598130841121495,0.14553014553014554,1.0,0.2540834845735027,original,SKAB,fold_5,2026,7,3,3,0.5,avg_negative_log,10,0.5108,0.9,,912,181,1312,0.007948046912862267,True,0.0,False,5.0,uniform
0.3598130841121495,0.14553014553014554,1.0,0.2540834845735027,gaussian_noise,SKAB,fold_5,2026,7,3,3,0.5,avg_negative_log,10,0.5108,0.9,,912,181,1312,0.007948046912862267,True,0.0,False,5.0,uniform
0.3598130841121495,0.14553014553014554,1.0,0.2540834845735027,original,SKAB,fold_5,7,7,3,3,0.5,avg_negative_log,10,0.5108,0.9,,912,181,1312,0.007948046912862267,True,0.0,False,5.0,uniform
0.34579439252336447,0.14285714285714285,1.0,0.25,gaussian_noise,SKAB,fold_5,7,7,3,3,0.5,avg_negative_log,10,0.5108,0.9,,912,181,1312,0.007948046912862267,True,0.0,False,5.0,uniform
0.3598130841121495,0.14553014553014554,1.0,0.2540834845735027,original,SKAB,fold_5,999,7,3,3,0.5,avg_negative_log,10,0.5108,0.9,,912,181,1312,0.007948046912862267,True,0.0,False,5.0,uniform
0.3598130841121495,0.14553014553014554,1.0,0.2540834845735027,gaussian_noise,SKAB,fold_5,999,7,3,3,0.5,avg_negative_log,10,0.5108,0.9,,912,181,1312,0.007948046912862267,True,0.0,False,5.0,uniform
0.7551020408163265,0.0,0.0,0.0,original,SKAB,fold_1,42,7,3,3,0.5,avg_negative_log,10,0.6931,0.9,,822,182,1105,0.0073861661452902325,True,0.0,False,5.0,uniform
0.750392464678179,0.0,0.0,0.0,gaussian_noise,SKAB,fold_1,42,7,3,3,0.5,avg_negative_log,10,0.6931,0.9,,822,182,1105,0.0073861661452902325,True,0.0,False,5.0,uniform
0.7551020408163265,0.0,0.0,0.0,original,SKAB,fold_1,123,7,3,3,0.5,avg_negative_log,10,0.6931,0.9,,822,182,1105,0.0073861661452902325,True,0.0,False,5.0,uniform
0.7551020408163265,0.0,0.0,0.0,gaussian_noise,SKAB,fold_1,123,7,3,3,0.5,avg_negative_log,10,0.6931,0.9,,822,182,1105,0.0073861661452902325,True,0.0,False,5.0,uniform
0.7551020408163265,0.0,0.0,0.0,original,SKAB,fold_1,2026,7,3,3,0.5,avg_negative_log,10,0.6931,0.9,,822,182,1105,0.0073861661452902325,True,0.0,False,5.0,uniform
0.7237048665620094,0.0,0.0,0.0,gaussian_noise,SKAB,fold_1,2026,7,3,3,0.5,avg_negative_log,10,0.6931,0.9,,822,182,1105,0.0073861661452902325,True,0.0,False,5.0,uniform
0.7551020408163265,0.0,0.0,0.0,original,SKAB,fold_1,7,7,3,3,0.5,avg_negative_log,10,0.6931,0.9,,822,182,1105,0.0073861661452902325,True,0.0,False,5.0,uniform
0.750392464678179,0.0,0.0,0.0,gaussian_noise,SKAB,fold_1,7,7,3,3,0.5,avg_negative_log,10,0.6931,0.9,,822,182,1105,0.0073861661452902325,True,0.0,False,5.0,uniform
0.7551020408163265,0.0,0.0,0.0,original,SKAB,fold_1,999,7,3,3,0.5,avg_negative_log,10,0.6931,0.9,,822,182,1105,0.0073861661452902325,True,0.0,False,5.0,uniform
0.7551020408163265,0.0,0.0,0.0,gaussian_noise,SKAB,fold_1,999,7,3,3,0.5,avg_negative_log,10,0.6931,0.9,,822,182,1105,0.0073861661452902325,True,0.0,False,5.0,uniform
0.3864353312302839,0.0,0.0,0.0,original,SKAB,fold_2,42,7,3,3,0.5,avg_negative_log,10,0.6931,0.9,,965,207,1307,0.006543015193612175,True,0.0,False,5.0,uniform
0.39274447949526814,0.0,0.0,0.0,gaussian_noise,SKAB,fold_2,42,7,3,3,0.5,avg_negative_log,10,0.6931,0.9,,965,207,1307,0.006543015193612175,True,0.0,False,5.0,uniform
0.3864353312302839,0.0,0.0,0.0,original,SKAB,fold_2,123,7,3,3,0.5,avg_negative_log,10,0.6931,0.9,,965,207,1307,0.006543015193612175,True,0.0,False,5.0,uniform
0.3832807570977918,0.011869436201780416,0.06451612903225806,0.020050125313283207,gaussian_noise,SKAB,fold_2,123,7,3,3,0.5,avg_negative_log,10,0.6931,0.9,,965,207,1307,0.006543015193612175,True,0.0,False,5.0,uniform
0.3864353312302839,0.0,0.0,0.0,original,SKAB,fold_2,2026,7,3,3,0.5,avg_negative_log,10,0.6931,0.9,,965,207,1307,0.006543015193612175,True,0.0,False,5.0,uniform
0.35962145110410093,0.0,0.0,0.0,gaussian_noise,SKAB,fold_2,2026,7,3,3,0.5,avg_negative_log,10,0.6931,0.9,,965,207,1307,0.006543015193612175,True,0.0,False,5.0,uniform
0.3864353312302839,0.0,0.0,0.0,original,SKAB,fold_2,7,7,3,3,0.5,avg_negative_log,10,0.6931,0.9,,965,207,1307,0.006543015193612175,True,0.0,False,5.0,uniform
0.38485804416403785,0.0,0.0,0.0,gaussian_noise,SKAB,fold_2,7,7,3,3,0.5,avg_negative_log,10,0.6931,0.9,,965,207,1307,0.006543015193612175,True,0.0,False,5.0,uniform
0.3864353312302839,0.0,0.0,0.0,original,SKAB,fold_2,999,7,3,3,0.5,avg_negative_log,10,0.6931,0.9,,965,207,1307,0.006543015193612175,True,0.0,False,5.0,uniform
0.3580441640378549,0.0,0.0,0.0,gaussian_noise,SKAB,fold_2,999,7,3,3,0.5,avg_negative_log,10,0.6931,0.9,,965,207,1307,0.006543015193612175,True,0.0,False,5.0,uniform
0.48580441640378547,0.0718954248366013,0.34375,0.11891891891891893,original,SKAB,fold_3,42,7,3,3,0.5,avg_negative_log,10,0.6931,0.9,,980,215,1313,0.006231608922638823,True,0.0,False,5.0,uniform
0.45741324921135645,0.06790123456790123,0.34375,0.1134020618556701,gaussian_noise,SKAB,fold_3,42,7,3,3,0.5,avg_negative_log,10,0.6931,0.9,,980,215,1313,0.006231608922638823,True,0.0,False,5.0,uniform
0.48580441640378547,0.0718954248366013,0.34375,0.11891891891891893,original,SKAB,fold_3,123,7,3,3,0.5,avg_negative_log,10,0.6931,0.9,,980,215,1313,0.006231608922638823,True,0.0,False,5.0,uniform
0.45741324921135645,0.06790123456790123,0.34375,0.1134020618556701,gaussian_noise,SKAB,fold_3,123,7,3,3,0.5,avg_negative_log,10,0.6931,0.9,,980,215,1313,0.006231608922638823,True,0.0,False,5.0,uniform
0.48580441640378547,0.0718954248366013,0.34375,0.11891891891891893,original,SKAB,fold_3,2026,7,3,3,0.5,avg_negative_log,10,0.6931,0.9,,980,215,1313,0.006231608922638823,True,0.0,False,5.0,uniform
0.48264984227129337,0.06578947368421052,0.3125,0.10869565217391304,gaussian_noise,SKAB,fold_3,2026,7,3,3,0.5,avg_negative_log,10,0.6931,0.9,,980,215,1313,0.006231608922638823,True,0.0,False,5.0,uniform
0.48580441640378547,0.0718954248366013,0.34375,0.11891891891891893,original,SKAB,fold_3,7,7,3,3,0.5,avg_negative_log,10,0.6931,0.9,,980,215,1313,0.006231608922638823,True,0.0,False,5.0,uniform
0.4668769716088328,0.06369426751592357,0.3125,0.10582010582010581,gaussian_noise,SKAB,fold_3,7,7,3,3,0.5,avg_negative_log,10,0.6931,0.9,,980,215,1313,0.006231608922638823,True,0.0,False,5.0,uniform
0.48580441640378547,0.0718954248366013,0.34375,0.11891891891891893,original,SKAB,fold_3,999,7,3,3,0.5,avg_negative_log,10,0.6931,0.9,,980,215,1313,0.006231608922638823,True,0.0,False,5.0,uniform
0.4605678233438486,0.06832298136645963,0.34375,0.11398963730569948,gaussian_noise,SKAB,fold_3,999,7,3,3,0.5,avg_negative_log,10,0.6931,0.9,,980,215,1313,0.006231608922638823,True,0.0,False,5.0,uniform
0.5750798722044729,0.17391304347826086,1.0,0.2962962962962963,original,SKAB,fold_4,42,7,3,3,0.5,avg_negative_log,10,0.6931,0.9,,994,212,1372,0.006510762689343609,True,0.0,False,5.0,uniform
0.549520766773163,0.16568047337278108,1.0,0.28426395939086296,gaussian_noise,SKAB,fold_4,42,7,3,3,0.5,avg_negative_log,10,0.6931,0.9,,994,212,1372,0.006510762689343609,True,0.0,False,5.0,uniform
0.5750798722044729,0.17391304347826086,1.0,0.2962962962962963,original,SKAB,fold_4,123,7,3,3,0.5,avg_negative_log,10,0.6931,0.9,,994,212,1372,0.006510762689343609,True,0.0,False,5.0,uniform
0.5718849840255591,0.1728395061728395,1.0,0.29473684210526313,gaussian_noise,SKAB,fold_4,123,7,3,3,0.5,avg_negative_log,10,0.6931,0.9,,994,212,1372,0.006510762689343609,True,0.0,False,5.0,uniform
0.5750798722044729,0.17391304347826086,1.0,0.2962962962962963,original,SKAB,fold_4,2026,7,3,3,0.5,avg_negative_log,10,0.6931,0.9,,994,212,1372,0.006510762689343609,True,0.0,False,5.0,uniform
0.5623003194888179,0.1696969696969697,1.0,0.29015544041450775,gaussian_noise,SKAB,fold_4,2026,7,3,3,0.5,avg_negative_log,10,0.6931,0.9,,994,212,1372,0.006510762689343609,True,0.0,False,5.0,uniform
0.5750798722044729,0.17391304347826086,1.0,0.2962962962962963,original,SKAB,fold_4,7,7,3,3,0.5,avg_negative_log,10,0.6931,0.9,,994,212,1372,0.006510762689343609,True,0.0,False,5.0,uniform
0.549520766773163,0.16568047337278108,1.0,0.28426395939086296,gaussian_noise,SKAB,fold_4,7,7,3,3,0.5,avg_negative_log,10,0.6931,0.9,,994,212,1372,0.006510762689343609,True,0.0,False,5.0,uniform
0.5750798722044729,0.17391304347826086,1.0,0.2962962962962963,original,SKAB,fold_4,999,7,3,3,0.5,avg_negative_log,10,0.6931,0.9,,994,212,1372,0.006510762689343609,True,0.0,False,5.0,uniform
0.5750798722044729,0.17391304347826086,1.0,0.2962962962962963,gaussian_noise,SKAB,fold_4,999,7,3,3,0.5,avg_negative_log,10,0.6931,0.9,,994,212,1372,0.006510762689343609,True,0.0,False,5.0,uniform
0.37383177570093457,0.1483050847457627,1.0,0.25830258302583026,original,SKAB,fold_5,42,7,3,3,0.5,avg_negative_log,10,0.6931,0.9,,912,181,1312,0.007948046912862267,True,0.0,False,5.0,uniform
0.4174454828660436,0.15765765765765766,1.0,0.2723735408560311,gaussian_noise,SKAB,fold_5,42,7,3,3,0.5,avg_negative_log,10,0.6931,0.9,,912,181,1312,0.007948046912862267,True,0.0,False,5.0,uniform
0.37383177570093457,0.1483050847457627,1.0,0.25830258302583026,original,SKAB,fold_5,123,7,3,3,0.5,avg_negative_log,10,0.6931,0.9,,912,181,1312,0.007948046912862267,True,0.0,False,5.0,uniform
0.3598130841121495,0.14553014553014554,1.0,0.2540834845735027,gaussian_noise,SKAB,fold_5,123,7,3,3,0.5,avg_negative_log,10,0.6931,0.9,,912,181,1312,0.007948046912862267,True,0.0,False,5.0,uniform
0.37383177570093457,0.1483050847457627,1.0,0.25830258302583026,original,SKAB,fold_5,2026,7,3,3,0.5,avg_negative_log,10,0.6931,0.9,,912,181,1312,0.007948046912862267,True,0.0,False,5.0,uniform
0.37383177570093457,0.1483050847457627,1.0,0.25830258302583026,gaussian_noise,SKAB,fold_5,2026,7,3,3,0.5,avg_negative_log,10,0.6931,0.9,,912,181,1312,0.007948046912862267,True,0.0,False,5.0,uniform
0.37383177570093457,0.1483050847457627,1.0,0.25830258302583026,original,SKAB,fold_5,7,7,3,3,0.5,avg_negative_log,10,0.6931,0.9,,912,181,1312,0.007948046912862267,True,0.0,False,5.0,uniform
0.3598130841121495,0.14553014553014554,1.0,0.2540834845735027,gaussian_noise,SKAB,fold_5,7,7,3,3,0.5,avg_negative_log,10,0.6931,0.9,,912,181,1312,0.007948046912862267,True,0.0,False,5.0,uniform
0.37383177570093457,0.1483050847457627,1.0,0.25830258302583026,original,SKAB,fold_5,999,7,3,3,0.5,avg_negative_log,10,0.6931,0.9,,912,181,1312,0.007948046912862267,True,0.0,False,5.0,uniform
0.3707165109034268,0.14767932489451477,1.0,0.25735294117647056,gaussian_noise,SKAB,fold_5,999,7,3,3,0.5,avg_negative_log,10,0.6931,0.9,,912,181,1312,0.007948046912862267,True,0.0,False,5.0,uniform
0.7613814756671899,0.0,0.0,0.0,original,SKAB,fold_1,42,7,3,3,0.5,avg_negative_log,10,0.9163,0.9,,822,182,1105,0.0073861661452902325,True,0.0,False,5.0,uniform
0.7582417582417582,0.0,0.0,0.0,gaussian_noise,SKAB,fold_1,42,7,3,3,0.5,avg_negative_log,10,0.9163,0.9,,822,182,1105,0.0073861661452902325,True,0.0,False,5.0,uniform
0.7613814756671899,0.0,0.0,0.0,original,SKAB,fold_1,123,7,3,3,0.5,avg_negative_log,10,0.9163,0.9,,822,182,1105,0.0073861661452902325,True,0.0,False,5.0,uniform
0.7613814756671899,0.0,0.0,0.0,gaussian_noise,SKAB,fold_1,123,7,3,3,0.5,avg_negative_log,10,0.9163,0.9,,822,182,1105,0.0073861661452902325,True,0.0,False,5.0,uniform
0.7613814756671899,0.0,0.0,0.0,original,SKAB,fold_1,2026,7,3,3,0.5,avg_negative_log,10,0.9163,0.9,,822,182,1105,0.0073861661452902325,True,0.0,False,5.0,uniform
0.7346938775510204,0.0,0.0,0.0,gaussian_noise,SKAB,fold_1,2026,7,3,3,0.5,avg_negative_log,10,0.9163,0.9,,822,182,1105,0.0073861661452902325,True,0.0,False,5.0,uniform
0.7613814756671899,0.0,0.0,0.0,original,SKAB,fold_1,7,7,3,3,0.5,avg_negative_log,10,0.9163,0.9,,822,182,1105,0.0073861661452902325,True,0.0,False,5.0,uniform
0.7582417582417582,0.0,0.0,0.0,gaussian_noise,SKAB,fold_1,7,7,3,3,0.5,avg_negative_log,10,0.9163,0.9,,822,182,1105,0.0073861661452902325,True,0.0,False,5.0,uniform
0.7613814756671899,0.0,0.0,0.0,original,SKAB,fold_1,999,7,3,3,0.5,avg_negative_log,10,0.9163,0.9,,822,182,1105,0.0073861661452902325,True,0.0,False,5.0,uniform
0.7613814756671899,0.0,0.0,0.0,gaussian_noise,SKAB,fold_1,999,7,3,3,0.5,avg_negative_log,10,0.9163,0.9,,822,182,1105,0.0073861661452902325,True,0.0,False,5.0,uniform
0.39747634069400634,0.0,0.0,0.0,original,SKAB,fold_2,42,7,3,3,0.5,avg_negative_log,10,0.9163,0.9,,965,207,1307,0.006543015193612175,True,0.0,False,5.0,uniform
0.4022082018927445,0.0,0.0,0.0,gaussian_noise,SKAB,fold_2,42,7,3,3,0.5,avg_negative_log,10,0.9163,0.9,,965,207,1307,0.006543015193612175,True,0.0,False,5.0,uniform
0.39747634069400634,0.0,0.0,0.0,original,SKAB,fold_2,123,7,3,3,0.5,avg_negative_log,10,0.9163,0.9,,965,207,1307,0.006543015193612175,True,0.0,False,5.0,uniform
0.39589905362776023,0.0121580547112462,0.06451612903225806,0.020460358056265986,gaussian_noise,SKAB,fold_2,123,7,3,3,0.5,avg_negative_log,10,0.9163,0.9,,965,207,1307,0.006543015193612175,True,0.0,False,5.0,uniform
0.39747634069400634,0.0,0.0,0.0,original,SKAB,fold_2,2026,7,3,3,0.5,avg_negative_log,10,0.9163,0.9,,965,207,1307,0.006543015193612175,True,0.0,False,5.0,uniform
0.37066246056782337,0.0,0.0,0.0,gaussian_noise,SKAB,fold_2,2026,7,3,3,0.5,avg_negative_log,10,0.9163,0.9,,965,207,1307,0.006543015193612175,True,0.0,False,5.0,uniform
0.39747634069400634,0.0,0.0,0.0,original,SKAB,fold_2,7,7,3,3,0.5,avg_negative_log,10,0.9163,0.9,,965,207,1307,0.006543015193612175,True,0.0,False,5.0,uniform
0.3943217665615142,0.0,0.0,0.0,gaussian_noise,SKAB,fold_2,7,7,3,3,0.5,avg_negative_log,10,0.9163,0.9,,965,207,1307,0.006543015193612175,True,0.0,False,5.0,uniform
0.39747634069400634,0.0,0.0,0.0,original,SKAB,fold_2,999,7,3,3,0.5,avg_negative_log,10,0.9163,0.9,,965,207,1307,0.006543015193612175,True,0.0,False,5.0,uniform
0.37066246056782337,0.0,0.0,0.0,gaussian_noise,SKAB,fold_2,999,7,3,3,0.5,avg_negative_log,10,0.9163,0.9,,965,207,1307,0.006543015193612175,True,0.0,False,5.0,uniform
0.5031545741324921,0.0657439446366782,0.296875,0.10764872521246459,original,SKAB,fold_3,42,7,3,3,0.5,avg_negative_log,10,0.9163,0.9,,980,215,1313,0.006231608922638823,True,0.0,False,5.0,uniform
0.47318611987381703,0.06168831168831169,0.296875,0.10215053763440861,gaussian_noise,SKAB,fold_3,42,7,3,3,0.5,avg_negative_log,10,0.9163,0.9,,980,215,1313,0.006231608922638823,True,0.0,False,5.0,uniform
0.5031545741324921,0.0657439446366782,0.296875,0.10764872521246459,original,SKAB,fold_3,123,7,3,3,0.5,avg_negative_log,10,0.9163,0.9,,980,215,1313,0.006231608922638823,True,0.0,False,5.0,uniform
0.47318611987381703,0.0673076923076923,0.328125,0.11170212765957446,gaussian_noise,SKAB,fold_3,123,7,3,3,0.5,avg_negative_log,10,0.9163,0.9,,980,215,1313,0.006231608922638823,True,0.0,False,5.0,uniform
0.5031545741324921,0.0657439446366782,0.296875,0.10764872521246459,original,SKAB,fold_3,2026,7,3,3,0.5,avg_negative_log,10,0.9163,0.9,,980,215,1313,0.006231608922638823,True,0.0,False,5.0,uniform
0.501577287066246,0.05944055944055944,0.265625,0.09714285714285714,gaussian_noise,SKAB,fold_3,2026,7,3,3,0.5,avg_negative_log,10,0.9163,0.9,,980,215,1313,0.006231608922638823,True,0.0,False,5.0,uniform
0.5031545741324921,0.0657439446366782,0.296875,0.10764872521246459,original,SKAB,fold_3,7,7,3,3,0.5,avg_negative_log,10,0.9163,0.9,,980,215,1313,0.006231608922638823,True,0.0,False,5.0,uniform
0.48580441640378547,0.057432432432432436,0.265625,0.09444444444444444,gaussian_noise,SKAB,fold_3,7,7,3,3,0.5,avg_negative_log,10,0.9163,0.9,,980,215,1313,0.006231608922638823,True,0.0,False,5.0,uniform
0.5031545741324921,0.0657439446366782,0.296875,0.10764872521246459,original,SKAB,fold_3,999,7,3,3,0.5,avg_negative_log,10,0.9163,0.9,,980,215,1313,0.006231608922638823,True,0.0,False,5.0,uniform
0.47791798107255523,0.06229508196721312,0.296875,0.10298102981029811,gaussian_noise,SKAB,fold_3,999,7,3,3,0.5,avg_negative_log,10,0.9163,0.9,,980,215,1313,0.006231608922638823,True,0.0,False,5.0,uniform
0.5878594249201278,0.17834394904458598,1.0,0.3027027027027027,original,SKAB,fold_4,42,7,3,3,0.5,avg_negative_log,10,0.9163,0.9,,994,212,1372,0.006510762689343609,True,0.0,False,5.0,uniform
0.5702875399361023,0.1723076923076923,1.0,0.29396325459317585,gaussian_noise,SKAB,fold_4,42,7,3,3,0.5,avg_negative_log,10,0.9163,0.9,,994,212,1372,0.006510762689343609,True,0.0,False,5.0,uniform
0.5878594249201278,0.17834394904458598,1.0,0.3027027027027027,original,SKAB,fold_4,123,7,3,3,0.5,avg_negative_log,10,0.9163,0.9,,994,212,1372,0.006510762689343609,True,0.0,False,5.0,uniform
0.5846645367412141,0.17721518987341772,1.0,0.3010752688172043,gaussian_noise,SKAB,fold_4,123,7,3,3,0.5,avg_negative_log,10,0.9163,0.9,,994,212,1372,0.006510762689343609,True,0.0,False,5.0,uniform
0.5878594249201278,0.17834394904458598,1.0,0.3027027027027027,original,SKAB,fold_4,2026,7,3,3,0.5,avg_negative_log,10,0.9163,0.9,,994,212,1372,0.006510762689343609,True,0.0,False,5.0,uniform
0.5766773162939297,0.17445482866043613,1.0,0.29708222811671087,gaussian_noise,SKAB,fold_4,2026,7,3,3,0.5,avg_negative_log,10,0.9163,0.9,,994,212,1372,0.006510762689343609,True,0.0,False,5.0,uniform
0.5878594249201278,0.17834394904458598,1.0,0.3027027027027027,original,SKAB,fold_4,7,7,3,3,0.5,avg_negative_log,10,0.9163,0.9,,994,212,1372,0.006510762689343609,True,0.0,False,5.0,uniform
0.5638977635782748,0.1702127659574468,1.0,0.2909090909090909,gaussian_noise,SKAB,fold_4,7,7,3,3,0.5,avg_negative_log,10,0.9163,0.9,,994,212,1372,0.006510762689343609,True,0.0,False,5.0,uniform
0.5878594249201278,0.17834394904458598,1.0,0.3027027027027027,original,SKAB,fold_4,999,7,3,3,0.5,avg_negative_log,10,0.9163,0.9,,994,212,1372,0.006510762689343609,True,0.0,False,5.0,uniform
0.5878594249201278,0.17834394904458598,1.0,0.3027027027027027,gaussian_noise,SKAB,fold_4,999,7,3,3,0.5,avg_negative_log,10,0.9163,0.9,,994,212,1372,0.006510762689343609,True,0.0,False,5.0,uniform
0.3940809968847352,0.15250544662309368,1.0,0.2646502835538752,original,SKAB,fold_5,42,7,3,3,0.5,avg_negative_log,10,0.9163,0.9,,912,181,1312,0.007948046912862267,True,0.0,False,5.0,uniform
0.4392523364485981,0.16279069767441862,1.0,0.28,gaussian_noise,SKAB,fold_5,42,7,3,3,0.5,avg_negative_log,10,0.9163,0.9,,912,181,1312,0.007948046912862267,True,0.0,False,5.0,uniform
0.3940809968847352,0.15250544662309368,1.0,0.2646502835538752,original,SKAB,fold_5,123,7,3,3,0.5,avg_negative_log,10,0.9163,0.9,,912,181,1312,0.007948046912862267,True,0.0,False,5.0,uniform
0.37694704049844235,0.14893617021276595,1.0,0.25925925925925924,gaussian_noise,SKAB,fold_5,123,7,3,3,0.5,avg_negative_log,10,0.9163,0.9,,912,181,1312,0.007948046912862267,True,0.0,False,5.0,uniform
0.3940809968847352,0.15250544662309368,1.0,0.2646502835538752,original,SKAB,fold_5,2026,7,3,3,0.5,avg_negative_log,10,0.9163,0.9,,912,181,1312,0.007948046912862267,True,0.0,False,5.0,uniform
0.3878504672897196,0.14814814814814814,0.9714285714285714,0.2570888468809074,gaussian_noise,SKAB,fold_5,2026,7,3,3,0.5,avg_negative_log,10,0.9163,0.9,,912,181,1312,0.007948046912862267,True,0.0,False,5.0,uniform
0.3940809968847352,0.15250544662309368,1.0,0.2646502835538752,original,SKAB,fold_5,7,7,3,3,0.5,avg_negative_log,10,0.9163,0.9,,912,181,1312,0.007948046912862267,True,0.0,False,5.0,uniform
0.37850467289719625,0.14925373134328357,1.0,0.2597402597402597,gaussian_noise,SKAB,fold_5,7,7,3,3,0.5,avg_negative_log,10,0.9163,0.9,,912,181,1312,0.007948046912862267,True,0.0,False,5.0,uniform
0.3940809968847352,0.15250544662309368,1.0,0.2646502835538752,original,SKAB,fold_5,999,7,3,3,0.5,avg_negative_log,10,0.9163,0.9,,912,181,1312,0.007948046912862267,True,0.0,False,5.0,uniform
0.3878504672897196,0.1511879049676026,1.0,0.2626641651031895,gaussian_noise,SKAB,fold_5,999,7,3,3,0.5,avg_negative_log,10,0.9163,0.9,,912,181,1312,0.007948046912862267,True,0.0,False,5.0,uniform
0.0036036036036036037,0.0,0.0,0.0,original,SKAB,fold_1,42,8,3,3,0.5,avg_negative_log,10,0.0,0.9,,1088,273,1348,0.004538353803059686,True,0.0,False,5.0,uniform
0.0036036036036036037,0.0,0.0,0.0,gaussian_noise,SKAB,fold_1,42,8,3,3,0.5,avg_negative_log,10,0.0,0.9,,1088,273,1348,0.004538353803059686,True,0.0,False,5.0,uniform
0.0036036036036036037,0.0,0.0,0.0,original,SKAB,fold_1,123,8,3,3,0.5,avg_negative_log,10,0.0,0.9,,1088,273,1348,0.004538353803059686,True,0.0,False,5.0,uniform
0.0036036036036036037,0.0,0.0,0.0,gaussian_noise,SKAB,fold_1,123,8,3,3,0.5,avg_negative_log,10,0.0,0.9,,1088,273,1348,0.004538353803059686,True,0.0,False,5.0,uniform
0.0036036036036036037,0.0,0.0,0.0,original,SKAB,fold_1,2026,8,3,3,0.5,avg_negative_log,10,0.0,0.9,,1088,273,1348,0.004538353803059686,True,0.0,False,5.0,uniform
0.0036036036036036037,0.0,0.0,0.0,gaussian_noise,SKAB,fold_1,2026,8,3,3,0.5,avg_negative_log,10,0.0,0.9,,1088,273,1348,0.004538353803059686,True,0.0,False,5.0,uniform
0.0036036036036036037,0.0,0.0,0.0,original,SKAB,fold_1,7,8,3,3,0.5,avg_negative_log,10,0.0,0.9,,1088,273,1348,0.004538353803059686,True,0.0,False,5.0,uniform
0.0036036036036036037,0.0,0.0,0.0,gaussian_noise,SKAB,fold_1,7,8,3,3,0.5,avg_negative_log,10,0.0,0.9,,1088,273,1348,0.004538353803059686,True,0.0,False,5.0,uniform
0.0036036036036036037,0.0,0.0,0.0,original,SKAB,fold_1,999,8,3,3,0.5,avg_negative_log,10,0.0,0.9,,1088,273,1348,0.004538353803059686,True,0.0,False,5.0,uniform
0.0036036036036036037,0.0,0.0,0.0,gaussian_noise,SKAB,fold_1,999,8,3,3,0.5,avg_negative_log,10,0.0,0.9,,1088,273,1348,0.004538353803059686,True,0.0,False,5.0,uniform
0.003616636528028933,0.0,0.0,0.0,original,SKAB,fold_2,42,8,3,3,0.5,avg_negative_log,10,0.0,0.9,,1260,318,1542,0.0038484576220425277,True,0.0,False,5.0,uniform
0.003616636528028933,0.0,0.0,0.0,gaussian_noise,SKAB,fold_2,42,8,3,3,0.5,avg_negative_log,10,0.0,0.9,,1260,318,1542,0.0038484576220425277,True,0.0,False,5.0,uniform
0.003616636528028933,0.0,0.0,0.0,original,SKAB,fold_2,123,8,3,3,0.5,avg_negative_log,10,0.0,0.9,,1260,318,1542,0.0038484576220425277,True,0.0,False,5.0,uniform
0.003616636528028933,0.0,0.0,0.0,gaussian_noise,SKAB,fold_2,123,8,3,3,0.5,avg_negative_log,10,0.0,0.9,,1260,318,1542,0.0038484576220425277,True,0.0,False,5.0,uniform
0.003616636528028933,0.0,0.0,0.0,original,SKAB,fold_2,2026,8,3,3,0.5,avg_negative_log,10,0.0,0.9,,1260,318,1542,0.0038484576220425277,True,0.0,False,5.0,uniform
0.003616636528028933,0.0,0.0,0.0,gaussian_noise,SKAB,fold_2,2026,8,3,3,0.5,avg_negative_log,10,0.0,0.9,,1260,318,1542,0.0038484576220425277,True,0.0,False,5.0,uniform
0.003616636528028933,0.0,0.0,0.0,original,SKAB,fold_2,7,8,3,3,0.5,avg_negative_log,10,0.0,0.9,,1260,318,1542,0.0038484576220425277,True,0.0,False,5.0,uniform
0.003616636528028933,0.0,0.0,0.0,gaussian_noise,SKAB,fold_2,7,8,3,3,0.5,avg_negative_log,10,0.0,0.9,,1260,318,1542,0.0038484576220425277,True,0.0,False,5.0,uniform
0.003616636528028933,0.0,0.0,0.0,original,SKAB,fold_2,999,8,3,3,0.5,avg_negative_log,10,0.0,0.9,,1260,318,1542,0.0038484576220425277,True,0.0,False,5.0,uniform
0.003616636528028933,0.0,0.0,0.0,gaussian_noise,SKAB,fold_2,999,8,3,3,0.5,avg_negative_log,10,0.0,0.9,,1260,318,1542,0.0038484576220425277,True,0.0,False,5.0,uniform
0.003616636528028933,0.0,0.0,0.0,original,SKAB,fold_3,42,8,3,3,0.5,avg_negative_log,10,0.0,0.9,,1302,329,1597,0.003728189971939359,True,0.0,False,5.0,uniform
0.003616636528028933,0.0,0.0,0.0,gaussian_noise,SKAB,fold_3,42,8,3,3,0.5,avg_negative_log,10,0.0,0.9,,1302,329,1597,0.003728189971939359,True,0.0,False,5.0,uniform
0.003616636528028933,0.0,0.0,0.0,original,SKAB,fold_3,123,8,3,3,0.5,avg_negative_log,10,0.0,0.9,,1302,329,1597,0.003728189971939359,True,0.0,False,5.0,uniform
0.003616636528028933,0.0,0.0,0.0,gaussian_noise,SKAB,fold_3,123,8,3,3,0.5,avg_negative_log,10,0.0,0.9,,1302,329,1597,0.003728189971939359,True,0.0,False,5.0,uniform
0.003616636528028933,0.0,0.0,0.0,original,SKAB,fold_3,2026,8,3,3,0.5,avg_negative_log,10,0.0,0.9,,1302,329,1597,0.003728189971939359,True,0.0,False,5.0,uniform
0.003616636528028933,0.0,0.0,0.0,gaussian_noise,SKAB,fold_3,2026,8,3,3,0.5,avg_negative_log,10,0.0,0.9,,1302,329,1597,0.003728189971939359,True,0.0,False,5.0,uniform
0.003616636528028933,0.0,0.0,0.0,original,SKAB,fold_3,7,8,3,3,0.5,avg_negative_log,10,0.0,0.9,,1302,329,1597,0.003728189971939359,True,0.0,False,5.0,uniform
0.003616636528028933,0.0,0.0,0.0,gaussian_noise,SKAB,fold_3,7,8,3,3,0.5,avg_negative_log,10,0.0,0.9,,1302,329,1597,0.003728189971939359,True,0.0,False,5.0,uniform
0.003616636528028933,0.0,0.0,0.0,original,SKAB,fold_3,999,8,3,3,0.5,avg_negative_log,10,0.0,0.9,,1302,329,1597,0.003728189971939359,True,0.0,False,5.0,uniform
0.003616636528028933,0.0,0.0,0.0,gaussian_noise,SKAB,fold_3,999,8,3,3,0.5,avg_negative_log,10,0.0,0.9,,1302,329,1597,0.003728189971939359,True,0.0,False,5.0,uniform
0.003663003663003663,0.0,0.0,0.0,original,SKAB,fold_4,42,8,3,3,0.5,avg_negative_log,10,0.0,0.9,,1269,318,1562,0.0038707247324937678,True,0.0,False,5.0,uniform
0.003663003663003663,0.0,0.0,0.0,gaussian_noise,SKAB,fold_4,42,8,3,3,0.5,avg_negative_log,10,0.0,0.9,,1269,318,1562,0.0038707247324937678,True,0.0,False,5.0,uniform
0.003663003663003663,0.0,0.0,0.0,original,SKAB,fold_4,123,8,3,3,0.5,avg_negative_log,10,0.0,0.9,,1269,318,1562,0.0038707247324937678,True,0.0,False,5.0,uniform
0.003663003663003663,0.0,0.0,0.0,gaussian_noise,SKAB,fold_4,123,8,3,3,0.5,avg_negative_log,10,0.0,0.9,,1269,318,1562,0.0038707247324937678,True,0.0,False,5.0,uniform
0.003663003663003663,0.0,0.0,0.0,original,SKAB,fold_4,2026,8,3,3,0.5,avg_negative_log,10,0.0,0.9,,1269,318,1562,0.0038707247324937678,True,0.0,False,5.0,uniform
0.003663003663003663,0.0,0.0,0.0,gaussian_noise,SKAB,fold_4,2026,8,3,3,0.5,avg_negative_log,10,0.0,0.9,,1269,318,1562,0.0038707247324937678,True,0.0,False,5.0,uniform
0.003663003663003663,0.0,0.0,0.0,original,SKAB,fold_4,7,8,3,3,0.5,avg_negative_log,10,0.0,0.9,,1269,318,1562,0.0038707247324937678,True,0.0,False,5.0,uniform
0.003663003663003663,0.0,0.0,0.0,gaussian_noise,SKAB,fold_4,7,8,3,3,0.5,avg_negative_log,10,0.0,0.9,,1269,318,1562,0.0038707247324937678,True,0.0,False,5.0,uniform
0.003663003663003663,0.0,0.0,0.0,original,SKAB,fold_4,999,8,3,3,0.5,avg_negative_log,10,0.0,0.9,,1269,318,1562,0.0038707247324937678,True,0.0,False,5.0,uniform
0.003663003663003663,0.0,0.0,0.0,gaussian_noise,SKAB,fold_4,999,8,3,3,0.5,avg_negative_log,10,0.0,0.9,,1269,318,1562,0.0038707247324937678,True,0.0,False,5.0,uniform
0.0035778175313059034,0.0,0.0,0.0,original,SKAB,fold_5,42,8,3,3,0.5,avg_negative_log,10,0.0,0.9,,1231,290,1559,0.004367069105577187,True,0.0,False,5.0,uniform
0.0035778175313059034,0.0,0.0,0.0,gaussian_noise,SKAB,fold_5,42,8,3,3,0.5,avg_negative_log,10,0.0,0.9,,1231,290,1559,0.004367069105577187,True,0.0,False,5.0,uniform
0.0035778175313059034,0.0,0.0,0.0,original,SKAB,fold_5,123,8,3,3,0.5,avg_negative_log,10,0.0,0.9,,1231,290,1559,0.004367069105577187,True,0.0,False,5.0,uniform
0.0035778175313059034,0.0,0.0,0.0,gaussian_noise,SKAB,fold_5,123,8,3,3,0.5,avg_negative_log,10,0.0,0.9,,1231,290,1559,0.004367069105577187,True,0.0,False,5.0,uniform
0.0035778175313059034,0.0,0.0,0.0,original,SKAB,fold_5,2026,8,3,3,0.5,avg_negative_log,10,0.0,0.9,,1231,290,1559,0.004367069105577187,True,0.0,False,5.0,uniform
0.0035778175313059034,0.0,0.0,0.0,gaussian_noise,SKAB,fold_5,2026,8,3,3,0.5,avg_negative_log,10,0.0,0.9,,1231,290,1559,0.004367069105577187,True,0.0,False,5.0,uniform
0.0035778175313059034,0.0,0.0,0.0,original,SKAB,fold_5,7,8,3,3,0.5,avg_negative_log,10,0.0,0.9,,1231,290,1559,0.004367069105577187,True,0.0,False,5.0,uniform
0.0035778175313059034,0.0,0.0,0.0,gaussian_noise,SKAB,fold_5,7,8,3,3,0.5,avg_negative_log,10,0.0,0.9,,1231,290,1559,0.004367069105577187,True,0.0,False,5.0,uniform
0.0035778175313059034,0.0,0.0,0.0,original,SKAB,fold_5,999,8,3,3,0.5,avg_negative_log,10,0.0,0.9,,1231,290,1559,0.004367069105577187,True,0.0,False,5.0,uniform
0.0035778175313059034,0.0,0.0,0.0,gaussian_noise,SKAB,fold_5,999,8,3,3,0.5,avg_negative_log,10,0.0,0.9,,1231,290,1559,0.004367069105577187,True,0.0,False,5.0,uniform
0.0036036036036036037,0.0,0.0,0.0,original,SKAB,fold_1,42,8,3,3,0.5,avg_negative_log,10,0.001,0.9,,1088,273,1348,0.004538353803059686,True,0.0,False,5.0,uniform
0.0036036036036036037,0.0,0.0,0.0,gaussian_noise,SKAB,fold_1,42,8,3,3,0.5,avg_negative_log,10,0.001,0.9,,1088,273,1348,0.004538353803059686,True,0.0,False,5.0,uniform
0.0036036036036036037,0.0,0.0,0.0,original,SKAB,fold_1,123,8,3,3,0.5,avg_negative_log,10,0.001,0.9,,1088,273,1348,0.004538353803059686,True,0.0,False,5.0,uniform
0.0036036036036036037,0.0,0.0,0.0,gaussian_noise,SKAB,fold_1,123,8,3,3,0.5,avg_negative_log,10,0.001,0.9,,1088,273,1348,0.004538353803059686,True,0.0,False,5.0,uniform
0.0036036036036036037,0.0,0.0,0.0,original,SKAB,fold_1,2026,8,3,3,0.5,avg_negative_log,10,0.001,0.9,,1088,273,1348,0.004538353803059686,True,0.0,False,5.0,uniform
0.0036036036036036037,0.0,0.0,0.0,gaussian_noise,SKAB,fold_1,2026,8,3,3,0.5,avg_negative_log,10,0.001,0.9,,1088,273,1348,0.004538353803059686,True,0.0,False,5.0,uniform
0.0036036036036036037,0.0,0.0,0.0,original,SKAB,fold_1,7,8,3,3,0.5,avg_negative_log,10,0.001,0.9,,1088,273,1348,0.004538353803059686,True,0.0,False,5.0,uniform
0.0036036036036036037,0.0,0.0,0.0,gaussian_noise,SKAB,fold_1,7,8,3,3,0.5,avg_negative_log,10,0.001,0.9,,1088,273,1348,0.004538353803059686,True,0.0,False,5.0,uniform
0.0036036036036036037,0.0,0.0,0.0,original,SKAB,fold_1,999,8,3,3,0.5,avg_negative_log,10,0.001,0.9,,1088,273,1348,0.004538353803059686,True,0.0,False,5.0,uniform
0.0036036036036036037,0.0,0.0,0.0,gaussian_noise,SKAB,fold_1,999,8,3,3,0.5,avg_negative_log,10,0.001,0.9,,1088,273,1348,0.004538353803059686,True,0.0,False,5.0,uniform
0.003616636528028933,0.0,0.0,0.0,original,SKAB,fold_2,42,8,3,3,0.5,avg_negative_log,10,0.001,0.9,,1260,318,1542,0.0038484576220425277,True,0.0,False,5.0,uniform
0.003616636528028933,0.0,0.0,0.0,gaussian_noise,SKAB,fold_2,42,8,3,3,0.5,avg_negative_log,10,0.001,0.9,,1260,318,1542,0.0038484576220425277,True,0.0,False,5.0,uniform
0.003616636528028933,0.0,0.0,0.0,original,SKAB,fold_2,123,8,3,3,0.5,avg_negative_log,10,0.001,0.9,,1260,318,1542,0.0038484576220425277,True,0.0,False,5.0,uniform
0.003616636528028933,0.0,0.0,0.0,gaussian_noise,SKAB,fold_2,123,8,3,3,0.5,avg_negative_log,10,0.001,0.9,,1260,318,1542,0.0038484576220425277,True,0.0,False,5.0,uniform
0.003616636528028933,0.0,0.0,0.0,original,SKAB,fold_2,2026,8,3,3,0.5,avg_negative_log,10,0.001,0.9,,1260,318,1542,0.0038484576220425277,True,0.0,False,5.0,uniform
0.003616636528028933,0.0,0.0,0.0,gaussian_noise,SKAB,fold_2,2026,8,3,3,0.5,avg_negative_log,10,0.001,0.9,,1260,318,1542,0.0038484576220425277,True,0.0,False,5.0,uniform
0.003616636528028933,0.0,0.0,0.0,original,SKAB,fold_2,7,8,3,3,0.5,avg_negative_log,10,0.001,0.9,,1260,318,1542,0.0038484576220425277,True,0.0,False,5.0,uniform
0.003616636528028933,0.0,0.0,0.0,gaussian_noise,SKAB,fold_2,7,8,3,3,0.5,avg_negative_log,10,0.001,0.9,,1260,318,1542,0.0038484576220425277,True,0.0,False,5.0,uniform
0.003616636528028933,0.0,0.0,0.0,original,SKAB,fold_2,999,8,3,3,0.5,avg_negative_log,10,0.001,0.9,,1260,318,1542,0.0038484576220425277,True,0.0,False,5.0,uniform
0.003616636528028933,0.0,0.0,0.0,gaussian_noise,SKAB,fold_2,999,8,3,3,0.5,avg_negative_log,10,0.001,0.9,,1260,318,1542,0.0038484576220425277,True,0.0,False,5.0,uniform
0.003616636528028933,0.0,0.0,0.0,original,SKAB,fold_3,42,8,3,3,0.5,avg_negative_log,10,0.001,0.9,,1302,329,1597,0.003728189971939359,True,0.0,False,5.0,uniform
0.003616636528028933,0.0,0.0,0.0,gaussian_noise,SKAB,fold_3,42,8,3,3,0.5,avg_negative_log,10,0.001,0.9,,1302,329,1597,0.003728189971939359,True,0.0,False,5.0,uniform
0.003616636528028933,0.0,0.0,0.0,original,SKAB,fold_3,123,8,3,3,0.5,avg_negative_log,10,0.001,0.9,,1302,329,1597,0.003728189971939359,True,0.0,False,5.0,uniform
0.003616636528028933,0.0,0.0,0.0,gaussian_noise,SKAB,fold_3,123,8,3,3,0.5,avg_negative_log,10,0.001,0.9,,1302,329,1597,0.003728189971939359,True,0.0,False,5.0,uniform
0.003616636528028933,0.0,0.0,0.0,original,SKAB,fold_3,2026,8,3,3,0.5,avg_negative_log,10,0.001,0.9,,1302,329,1597,0.003728189971939359,True,0.0,False,5.0,uniform
0.003616636528028933,0.0,0.0,0.0,gaussian_noise,SKAB,fold_3,2026,8,3,3,0.5,avg_negative_log,10,0.001,0.9,,1302,329,1597,0.003728189971939359,True,0.0,False,5.0,uniform
0.003616636528028933,0.0,0.0,0.0,original,SKAB,fold_3,7,8,3,3,0.5,avg_negative_log,10,0.001,0.9,,1302,329,1597,0.003728189971939359,True,0.0,False,5.0,uniform
0.003616636528028933,0.0,0.0,0.0,gaussian_noise,SKAB,fold_3,7,8,3,3,0.5,avg_negative_log,10,0.001,0.9,,1302,329,1597,0.003728189971939359,True,0.0,False,5.0,uniform
0.003616636528028933,0.0,0.0,0.0,original,SKAB,fold_3,999,8,3,3,0.5,avg_negative_log,10,0.001,0.9,,1302,329,1597,0.003728189971939359,True,0.0,False,5.0,uniform
0.003616636528028933,0.0,0.0,0.0,gaussian_noise,SKAB,fold_3,999,8,3,3,0.5,avg_negative_log,10,0.001,0.9,,1302,329,1597,0.003728189971939359,True,0.0,False,5.0,uniform
0.003663003663003663,0.0,0.0,0.0,original,SKAB,fold_4,42,8,3,3,0.5,avg_negative_log,10,0.001,0.9,,1269,318,1562,0.0038707247324937678,True,0.0,False,5.0,uniform
0.003663003663003663,0.0,0.0,0.0,gaussian_noise,SKAB,fold_4,42,8,3,3,0.5,avg_negative_log,10,0.001,0.9,,1269,318,1562,0.0038707247324937678,True,0.0,False,5.0,uniform
0.003663003663003663,0.0,0.0,0.0,original,SKAB,fold_4,123,8,3,3,0.5,avg_negative_log,10,0.001,0.9,,1269,318,1562,0.0038707247324937678,True,0.0,False,5.0,uniform
0.003663003663003663,0.0,0.0,0.0,gaussian_noise,SKAB,fold_4,123,8,3,3,0.5,avg_negative_log,10,0.001,0.9,,1269,318,1562,0.0038707247324937678,True,0.0,False,5.0,uniform
0.003663003663003663,0.0,0.0,0.0,original,SKAB,fold_4,2026,8,3,3,0.5,avg_negative_log,10,0.001,0.9,,1269,318,1562,0.0038707247324937678,True,0.0,False,5.0,uniform
0.003663003663003663,0.0,0.0,0.0,gaussian_noise,SKAB,fold_4,2026,8,3,3,0.5,avg_negative_log,10,0.001,0.9,,1269,318,1562,0.0038707247324937678,True,0.0,False,5.0,uniform
0.003663003663003663,0.0,0.0,0.0,original,SKAB,fold_4,7,8,3,3,0.5,avg_negative_log,10,0.001,0.9,,1269,318,1562,0.0038707247324937678,True,0.0,False,5.0,uniform
0.003663003663003663,0.0,0.0,0.0,gaussian_noise,SKAB,fold_4,7,8,3,3,0.5,avg_negative_log,10,0.001,0.9,,1269,318,1562,0.0038707247324937678,True,0.0,False,5.0,uniform
0.003663003663003663,0.0,0.0,0.0,original,SKAB,fold_4,999,8,3,3,0.5,avg_negative_log,10,0.001,0.9,,1269,318,1562,0.0038707247324937678,True,0.0,False,5.0,uniform
0.003663003663003663,0.0,0.0,0.0,gaussian_noise,SKAB,fold_4,999,8,3,3,0.5,avg_negative_log,10,0.001,0.9,,1269,318,1562,0.0038707247324937678,True,0.0,False,5.0,uniform
0.0035778175313059034,0.0,0.0,0.0,original,SKAB,fold_5,42,8,3,3,0.5,avg_negative_log,10,0.001,0.9,,1231,290,1559,0.004367069105577187,True,0.0,False,5.0,uniform
0.0035778175313059034,0.0,0.0,0.0,gaussian_noise,SKAB,fold_5,42,8,3,3,0.5,avg_negative_log,10,0.001,0.9,,1231,290,1559,0.004367069105577187,True,0.0,False,5.0,uniform
0.0035778175313059034,0.0,0.0,0.0,original,SKAB,fold_5,123,8,3,3,0.5,avg_negative_log,10,0.001,0.9,,1231,290,1559,0.004367069105577187,True,0.0,False,5.0,uniform
0.0035778175313059034,0.0,0.0,0.0,gaussian_noise,SKAB,fold_5,123,8,3,3,0.5,avg_negative_log,10,0.001,0.9,,1231,290,1559,0.004367069105577187,True,0.0,False,5.0,uniform
0.0035778175313059034,0.0,0.0,0.0,original,SKAB,fold_5,2026,8,3,3,0.5,avg_negative_log,10,0.001,0.9,,1231,290,1559,0.004367069105577187,True,0.0,False,5.0,uniform
0.0035778175313059034,0.0,0.0,0.0,gaussian_noise,SKAB,fold_5,2026,8,3,3,0.5,avg_negative_log,10,0.001,0.9,,1231,290,1559,0.004367069105577187,True,0.0,False,5.0,uniform
0.0035778175313059034,0.0,0.0,0.0,original,SKAB,fold_5,7,8,3,3,0.5,avg_negative_log,10,0.001,0.9,,1231,290,1559,0.004367069105577187,True,0.0,False,5.0,uniform
0.0035778175313059034,0.0,0.0,0.0,gaussian_noise,SKAB,fold_5,7,8,3,3,0.5,avg_negative_log,10,0.001,0.9,,1231,290,1559,0.004367069105577187,True,0.0,False,5.0,uniform
0.0035778175313059034,0.0,0.0,0.0,original,SKAB,fold_5,999,8,3,3,0.5,avg_negative_log,10,0.001,0.9,,1231,290,1559,0.004367069105577187,True,0.0,False,5.0,uniform
0.0035778175313059034,0.0,0.0,0.0,gaussian_noise,SKAB,fold_5,999,8,3,3,0.5,avg_negative_log,10,0.001,0.9,,1231,290,1559,0.004367069105577187,True,0.0,False,5.0,uniform
0.0036036036036036037,0.0,0.0,0.0,original,SKAB,fold_1,42,8,3,3,0.5,avg_negative_log,10,0.005,0.9,,1088,273,1348,0.004538353803059686,True,0.0,False,5.0,uniform
0.0036036036036036037,0.0,0.0,0.0,gaussian_noise,SKAB,fold_1,42,8,3,3,0.5,avg_negative_log,10,0.005,0.9,,1088,273,1348,0.004538353803059686,True,0.0,False,5.0,uniform
0.0036036036036036037,0.0,0.0,0.0,original,SKAB,fold_1,123,8,3,3,0.5,avg_negative_log,10,0.005,0.9,,1088,273,1348,0.004538353803059686,True,0.0,False,5.0,uniform
0.0036036036036036037,0.0,0.0,0.0,gaussian_noise,SKAB,fold_1,123,8,3,3,0.5,avg_negative_log,10,0.005,0.9,,1088,273,1348,0.004538353803059686,True,0.0,False,5.0,uniform
0.0036036036036036037,0.0,0.0,0.0,original,SKAB,fold_1,2026,8,3,3,0.5,avg_negative_log,10,0.005,0.9,,1088,273,1348,0.004538353803059686,True,0.0,False,5.0,uniform
0.0036036036036036037,0.0,0.0,0.0,gaussian_noise,SKAB,fold_1,2026,8,3,3,0.5,avg_negative_log,10,0.005,0.9,,1088,273,1348,0.004538353803059686,True,0.0,False,5.0,uniform
0.0036036036036036037,0.0,0.0,0.0,original,SKAB,fold_1,7,8,3,3,0.5,avg_negative_log,10,0.005,0.9,,1088,273,1348,0.004538353803059686,True,0.0,False,5.0,uniform
0.0036036036036036037,0.0,0.0,0.0,gaussian_noise,SKAB,fold_1,7,8,3,3,0.5,avg_negative_log,10,0.005,0.9,,1088,273,1348,0.004538353803059686,True,0.0,False,5.0,uniform
0.0036036036036036037,0.0,0.0,0.0,original,SKAB,fold_1,999,8,3,3,0.5,avg_negative_log,10,0.005,0.9,,1088,273,1348,0.004538353803059686,True,0.0,False,5.0,uniform
0.0036036036036036037,0.0,0.0,0.0,gaussian_noise,SKAB,fold_1,999,8,3,3,0.5,avg_negative_log,10,0.005,0.9,,1088,273,1348,0.004538353803059686,True,0.0,False,5.0,uniform
0.003616636528028933,0.0,0.0,0.0,original,SKAB,fold_2,42,8,3,3,0.5,avg_negative_log,10,0.005,0.9,,1260,318,1542,0.0038484576220425277,True,0.0,False,5.0,uniform
0.003616636528028933,0.0,0.0,0.0,gaussian_noise,SKAB,fold_2,42,8,3,3,0.5,avg_negative_log,10,0.005,0.9,,1260,318,1542,0.0038484576220425277,True,0.0,False,5.0,uniform
0.003616636528028933,0.0,0.0,0.0,original,SKAB,fold_2,123,8,3,3,0.5,avg_negative_log,10,0.005,0.9,,1260,318,1542,0.0038484576220425277,True,0.0,False,5.0,uniform
0.003616636528028933,0.0,0.0,0.0,gaussian_noise,SKAB,fold_2,123,8,3,3,0.5,avg_negative_log,10,0.005,0.9,,1260,318,1542,0.0038484576220425277,True,0.0,False,5.0,uniform
0.003616636528028933,0.0,0.0,0.0,original,SKAB,fold_2,2026,8,3,3,0.5,avg_negative_log,10,0.005,0.9,,1260,318,1542,0.0038484576220425277,True,0.0,False,5.0,uniform
0.003616636528028933,0.0,0.0,0.0,gaussian_noise,SKAB,fold_2,2026,8,3,3,0.5,avg_negative_log,10,0.005,0.9,,1260,318,1542,0.0038484576220425277,True,0.0,False,5.0,uniform
0.003616636528028933,0.0,0.0,0.0,original,SKAB,fold_2,7,8,3,3,0.5,avg_negative_log,10,0.005,0.9,,1260,318,1542,0.0038484576220425277,True,0.0,False,5.0,uniform
0.003616636528028933,0.0,0.0,0.0,gaussian_noise,SKAB,fold_2,7,8,3,3,0.5,avg_negative_log,10,0.005,0.9,,1260,318,1542,0.0038484576220425277,True,0.0,False,5.0,uniform
0.003616636528028933,0.0,0.0,0.0,original,SKAB,fold_2,999,8,3,3,0.5,avg_negative_log,10,0.005,0.9,,1260,318,1542,0.0038484576220425277,True,0.0,False,5.0,uniform
0.003616636528028933,0.0,0.0,0.0,gaussian_noise,SKAB,fold_2,999,8,3,3,0.5,avg_negative_log,10,0.005,0.9,,1260,318,1542,0.0038484576220425277,True,0.0,False,5.0,uniform
0.003616636528028933,0.0,0.0,0.0,original,SKAB,fold_3,42,8,3,3,0.5,avg_negative_log,10,0.005,0.9,,1302,329,1597,0.003728189971939359,True,0.0,False,5.0,uniform
0.003616636528028933,0.0,0.0,0.0,gaussian_noise,SKAB,fold_3,42,8,3,3,0.5,avg_negative_log,10,0.005,0.9,,1302,329,1597,0.003728189971939359,True,0.0,False,5.0,uniform
0.003616636528028933,0.0,0.0,0.0,original,SKAB,fold_3,123,8,3,3,0.5,avg_negative_log,10,0.005,0.9,,1302,329,1597,0.003728189971939359,True,0.0,False,5.0,uniform
0.003616636528028933,0.0,0.0,0.0,gaussian_noise,SKAB,fold_3,123,8,3,3,0.5,avg_negative_log,10,0.005,0.9,,1302,329,1597,0.003728189971939359,True,0.0,False,5.0,uniform
0.003616636528028933,0.0,0.0,0.0,original,SKAB,fold_3,2026,8,3,3,0.5,avg_negative_log,10,0.005,0.9,,1302,329,1597,0.003728189971939359,True,0.0,False,5.0,uniform
0.003616636528028933,0.0,0.0,0.0,gaussian_noise,SKAB,fold_3,2026,8,3,3,0.5,avg_negative_log,10,0.005,0.9,,1302,329,1597,0.003728189971939359,True,0.0,False,5.0,uniform
0.003616636528028933,0.0,0.0,0.0,original,SKAB,fold_3,7,8,3,3,0.5,avg_negative_log,10,0.005,0.9,,1302,329,1597,0.003728189971939359,True,0.0,False,5.0,uniform
0.003616636528028933,0.0,0.0,0.0,gaussian_noise,SKAB,fold_3,7,8,3,3,0.5,avg_negative_log,10,0.005,0.9,,1302,329,1597,0.003728189971939359,True,0.0,False,5.0,uniform
0.003616636528028933,0.0,0.0,0.0,original,SKAB,fold_3,999,8,3,3,0.5,avg_negative_log,10,0.005,0.9,,1302,329,1597,0.003728189971939359,True,0.0,False,5.0,uniform
0.003616636528028933,0.0,0.0,0.0,gaussian_noise,SKAB,fold_3,999,8,3,3,0.5,avg_negative_log,10,0.005,0.9,,1302,329,1597,0.003728189971939359,True,0.0,False,5.0,uniform
0.003663003663003663,0.0,0.0,0.0,original,SKAB,fold_4,42,8,3,3,0.5,avg_negative_log,10,0.005,0.9,,1269,318,1562,0.0038707247324937678,True,0.0,False,5.0,uniform
0.003663003663003663,0.0,0.0,0.0,gaussian_noise,SKAB,fold_4,42,8,3,3,0.5,avg_negative_log,10,0.005,0.9,,1269,318,1562,0.0038707247324937678,True,0.0,False,5.0,uniform
0.003663003663003663,0.0,0.0,0.0,original,SKAB,fold_4,123,8,3,3,0.5,avg_negative_log,10,0.005,0.9,,1269,318,1562,0.0038707247324937678,True,0.0,False,5.0,uniform
0.003663003663003663,0.0,0.0,0.0,gaussian_noise,SKAB,fold_4,123,8,3,3,0.5,avg_negative_log,10,0.005,0.9,,1269,318,1562,0.0038707247324937678,True,0.0,False,5.0,uniform
0.003663003663003663,0.0,0.0,0.0,original,SKAB,fold_4,2026,8,3,3,0.5,avg_negative_log,10,0.005,0.9,,1269,318,1562,0.0038707247324937678,True,0.0,False,5.0,uniform
0.003663003663003663,0.0,0.0,0.0,gaussian_noise,SKAB,fold_4,2026,8,3,3,0.5,avg_negative_log,10,0.005,0.9,,1269,318,1562,0.0038707247324937678,True,0.0,False,5.0,uniform
0.003663003663003663,0.0,0.0,0.0,original,SKAB,fold_4,7,8,3,3,0.5,avg_negative_log,10,0.005,0.9,,1269,318,1562,0.0038707247324937678,True,0.0,False,5.0,uniform
0.003663003663003663,0.0,0.0,0.0,gaussian_noise,SKAB,fold_4,7,8,3,3,0.5,avg_negative_log,10,0.005,0.9,,1269,318,1562,0.0038707247324937678,True,0.0,False,5.0,uniform
0.003663003663003663,0.0,0.0,0.0,original,SKAB,fold_4,999,8,3,3,0.5,avg_negative_log,10,0.005,0.9,,1269,318,1562,0.0038707247324937678,True,0.0,False,5.0,uniform
0.003663003663003663,0.0,0.0,0.0,gaussian_noise,SKAB,fold_4,999,8,3,3,0.5,avg_negative_log,10,0.005,0.9,,1269,318,1562,0.0038707247324937678,True,0.0,False,5.0,uniform
0.0035778175313059034,0.0,0.0,0.0,original,SKAB,fold_5,42,8,3,3,0.5,avg_negative_log,10,0.005,0.9,,1231,290,1559,0.004367069105577187,True,0.0,False,5.0,uniform
0.0035778175313059034,0.0,0.0,0.0,gaussian_noise,SKAB,fold_5,42,8,3,3,0.5,avg_negative_log,10,0.005,0.9,,1231,290,1559,0.004367069105577187,True,0.0,False,5.0,uniform
0.0035778175313059034,0.0,0.0,0.0,original,SKAB,fold_5,123,8,3,3,0.5,avg_negative_log,10,0.005,0.9,,1231,290,1559,0.004367069105577187,True,0.0,False,5.0,uniform
0.0035778175313059034,0.0,0.0,0.0,gaussian_noise,SKAB,fold_5,123,8,3,3,0.5,avg_negative_log,10,0.005,0.9,,1231,290,1559,0.004367069105577187,True,0.0,False,5.0,uniform
0.0035778175313059034,0.0,0.0,0.0,original,SKAB,fold_5,2026,8,3,3,0.5,avg_negative_log,10,0.005,0.9,,1231,290,1559,0.004367069105577187,True,0.0,False,5.0,uniform
0.0035778175313059034,0.0,0.0,0.0,gaussian_noise,SKAB,fold_5,2026,8,3,3,0.5,avg_negative_log,10,0.005,0.9,,1231,290,1559,0.004367069105577187,True,0.0,False,5.0,uniform
0.0035778175313059034,0.0,0.0,0.0,original,SKAB,fold_5,7,8,3,3,0.5,avg_negative_log,10,0.005,0.9,,1231,290,1559,0.004367069105577187,True,0.0,False,5.0,uniform
0.0035778175313059034,0.0,0.0,0.0,gaussian_noise,SKAB,fold_5,7,8,3,3,0.5,avg_negative_log,10,0.005,0.9,,1231,290,1559,0.004367069105577187,True,0.0,False,5.0,uniform
0.0035778175313059034,0.0,0.0,0.0,original,SKAB,fold_5,999,8,3,3,0.5,avg_negative_log,10,0.005,0.9,,1231,290,1559,0.004367069105577187,True,0.0,False,5.0,uniform
0.0035778175313059034,0.0,0.0,0.0,gaussian_noise,SKAB,fold_5,999,8,3,3,0.5,avg_negative_log,10,0.005,0.9,,1231,290,1559,0.004367069105577187,True,0.0,False,5.0,uniform
0.0036036036036036037,0.0,0.0,0.0,original,SKAB,fold_1,42,8,3,3,0.5,avg_negative_log,10,0.01,0.9,,1088,273,1348,0.004538353803059686,True,0.0,False,5.0,uniform
0.0036036036036036037,0.0,0.0,0.0,gaussian_noise,SKAB,fold_1,42,8,3,3,0.5,avg_negative_log,10,0.01,0.9,,1088,273,1348,0.004538353803059686,True,0.0,False,5.0,uniform
0.0036036036036036037,0.0,0.0,0.0,original,SKAB,fold_1,123,8,3,3,0.5,avg_negative_log,10,0.01,0.9,,1088,273,1348,0.004538353803059686,True,0.0,False,5.0,uniform
0.0036036036036036037,0.0,0.0,0.0,gaussian_noise,SKAB,fold_1,123,8,3,3,0.5,avg_negative_log,10,0.01,0.9,,1088,273,1348,0.004538353803059686,True,0.0,False,5.0,uniform
0.0036036036036036037,0.0,0.0,0.0,original,SKAB,fold_1,2026,8,3,3,0.5,avg_negative_log,10,0.01,0.9,,1088,273,1348,0.004538353803059686,True,0.0,False,5.0,uniform
0.0036036036036036037,0.0,0.0,0.0,gaussian_noise,SKAB,fold_1,2026,8,3,3,0.5,avg_negative_log,10,0.01,0.9,,1088,273,1348,0.004538353803059686,True,0.0,False,5.0,uniform
0.0036036036036036037,0.0,0.0,0.0,original,SKAB,fold_1,7,8,3,3,0.5,avg_negative_log,10,0.01,0.9,,1088,273,1348,0.004538353803059686,True,0.0,False,5.0,uniform
0.0036036036036036037,0.0,0.0,0.0,gaussian_noise,SKAB,fold_1,7,8,3,3,0.5,avg_negative_log,10,0.01,0.9,,1088,273,1348,0.004538353803059686,True,0.0,False,5.0,uniform
0.0036036036036036037,0.0,0.0,0.0,original,SKAB,fold_1,999,8,3,3,0.5,avg_negative_log,10,0.01,0.9,,1088,273,1348,0.004538353803059686,True,0.0,False,5.0,uniform
0.0036036036036036037,0.0,0.0,0.0,gaussian_noise,SKAB,fold_1,999,8,3,3,0.5,avg_negative_log,10,0.01,0.9,,1088,273,1348,0.004538353803059686,True,0.0,False,5.0,uniform
0.003616636528028933,0.0,0.0,0.0,original,SKAB,fold_2,42,8,3,3,0.5,avg_negative_log,10,0.01,0.9,,1260,318,1542,0.0038484576220425277,True,0.0,False,5.0,uniform
0.003616636528028933,0.0,0.0,0.0,gaussian_noise,SKAB,fold_2,42,8,3,3,0.5,avg_negative_log,10,0.01,0.9,,1260,318,1542,0.0038484576220425277,True,0.0,False,5.0,uniform
0.003616636528028933,0.0,0.0,0.0,original,SKAB,fold_2,123,8,3,3,0.5,avg_negative_log,10,0.01,0.9,,1260,318,1542,0.0038484576220425277,True,0.0,False,5.0,uniform
0.003616636528028933,0.0,0.0,0.0,gaussian_noise,SKAB,fold_2,123,8,3,3,0.5,avg_negative_log,10,0.01,0.9,,1260,318,1542,0.0038484576220425277,True,0.0,False,5.0,uniform
0.003616636528028933,0.0,0.0,0.0,original,SKAB,fold_2,2026,8,3,3,0.5,avg_negative_log,10,0.01,0.9,,1260,318,1542,0.0038484576220425277,True,0.0,False,5.0,uniform
0.003616636528028933,0.0,0.0,0.0,gaussian_noise,SKAB,fold_2,2026,8,3,3,0.5,avg_negative_log,10,0.01,0.9,,1260,318,1542,0.0038484576220425277,True,0.0,False,5.0,uniform
0.003616636528028933,0.0,0.0,0.0,original,SKAB,fold_2,7,8,3,3,0.5,avg_negative_log,10,0.01,0.9,,1260,318,1542,0.0038484576220425277,True,0.0,False,5.0,uniform
0.003616636528028933,0.0,0.0,0.0,gaussian_noise,SKAB,fold_2,7,8,3,3,0.5,avg_negative_log,10,0.01,0.9,,1260,318,1542,0.0038484576220425277,True,0.0,False,5.0,uniform
0.003616636528028933,0.0,0.0,0.0,original,SKAB,fold_2,999,8,3,3,0.5,avg_negative_log,10,0.01,0.9,,1260,318,1542,0.0038484576220425277,True,0.0,False,5.0,uniform
0.003616636528028933,0.0,0.0,0.0,gaussian_noise,SKAB,fold_2,999,8,3,3,0.5,avg_negative_log,10,0.01,0.9,,1260,318,1542,0.0038484576220425277,True,0.0,False,5.0,uniform
0.003616636528028933,0.0,0.0,0.0,original,SKAB,fold_3,42,8,3,3,0.5,avg_negative_log,10,0.01,0.9,,1302,329,1597,0.003728189971939359,True,0.0,False,5.0,uniform
0.003616636528028933,0.0,0.0,0.0,gaussian_noise,SKAB,fold_3,42,8,3,3,0.5,avg_negative_log,10,0.01,0.9,,1302,329,1597,0.003728189971939359,True,0.0,False,5.0,uniform
0.003616636528028933,0.0,0.0,0.0,original,SKAB,fold_3,123,8,3,3,0.5,avg_negative_log,10,0.01,0.9,,1302,329,1597,0.003728189971939359,True,0.0,False,5.0,uniform
0.003616636528028933,0.0,0.0,0.0,gaussian_noise,SKAB,fold_3,123,8,3,3,0.5,avg_negative_log,10,0.01,0.9,,1302,329,1597,0.003728189971939359,True,0.0,False,5.0,uniform
0.003616636528028933,0.0,0.0,0.0,original,SKAB,fold_3,2026,8,3,3,0.5,avg_negative_log,10,0.01,0.9,,1302,329,1597,0.003728189971939359,True,0.0,False,5.0,uniform
0.003616636528028933,0.0,0.0,0.0,gaussian_noise,SKAB,fold_3,2026,8,3,3,0.5,avg_negative_log,10,0.01,0.9,,1302,329,1597,0.003728189971939359,True,0.0,False,5.0,uniform
0.003616636528028933,0.0,0.0,0.0,original,SKAB,fold_3,7,8,3,3,0.5,avg_negative_log,10,0.01,0.9,,1302,329,1597,0.003728189971939359,True,0.0,False,5.0,uniform
0.003616636528028933,0.0,0.0,0.0,gaussian_noise,SKAB,fold_3,7,8,3,3,0.5,avg_negative_log,10,0.01,0.9,,1302,329,1597,0.003728189971939359,True,0.0,False,5.0,uniform
0.003616636528028933,0.0,0.0,0.0,original,SKAB,fold_3,999,8,3,3,0.5,avg_negative_log,10,0.01,0.9,,1302,329,1597,0.003728189971939359,True,0.0,False,5.0,uniform
0.003616636528028933,0.0,0.0,0.0,gaussian_noise,SKAB,fold_3,999,8,3,3,0.5,avg_negative_log,10,0.01,0.9,,1302,329,1597,0.003728189971939359,True,0.0,False,5.0,uniform
0.003663003663003663,0.0,0.0,0.0,original,SKAB,fold_4,42,8,3,3,0.5,avg_negative_log,10,0.01,0.9,,1269,318,1562,0.0038707247324937678,True,0.0,False,5.0,uniform
0.003663003663003663,0.0,0.0,0.0,gaussian_noise,SKAB,fold_4,42,8,3,3,0.5,avg_negative_log,10,0.01,0.9,,1269,318,1562,0.0038707247324937678,True,0.0,False,5.0,uniform
0.003663003663003663,0.0,0.0,0.0,original,SKAB,fold_4,123,8,3,3,0.5,avg_negative_log,10,0.01,0.9,,1269,318,1562,0.0038707247324937678,True,0.0,False,5.0,uniform
0.003663003663003663,0.0,0.0,0.0,gaussian_noise,SKAB,fold_4,123,8,3,3,0.5,avg_negative_log,10,0.01,0.9,,1269,318,1562,0.0038707247324937678,True,0.0,False,5.0,uniform
0.003663003663003663,0.0,0.0,0.0,original,SKAB,fold_4,2026,8,3,3,0.5,avg_negative_log,10,0.01,0.9,,1269,318,1562,0.0038707247324937678,True,0.0,False,5.0,uniform
0.003663003663003663,0.0,0.0,0.0,gaussian_noise,SKAB,fold_4,2026,8,3,3,0.5,avg_negative_log,10,0.01,0.9,,1269,318,1562,0.0038707247324937678,True,0.0,False,5.0,uniform
0.003663003663003663,0.0,0.0,0.0,original,SKAB,fold_4,7,8,3,3,0.5,avg_negative_log,10,0.01,0.9,,1269,318,1562,0.0038707247324937678,True,0.0,False,5.0,uniform
0.003663003663003663,0.0,0.0,0.0,gaussian_noise,SKAB,fold_4,7,8,3,3,0.5,avg_negative_log,10,0.01,0.9,,1269,318,1562,0.0038707247324937678,True,0.0,False,5.0,uniform
0.003663003663003663,0.0,0.0,0.0,original,SKAB,fold_4,999,8,3,3,0.5,avg_negative_log,10,0.01,0.9,,1269,318,1562,0.0038707247324937678,True,0.0,False,5.0,uniform
0.003663003663003663,0.0,0.0,0.0,gaussian_noise,SKAB,fold_4,999,8,3,3,0.5,avg_negative_log,10,0.01,0.9,,1269,318,1562,0.0038707247324937678,True,0.0,False,5.0,uniform
0.0035778175313059034,0.0,0.0,0.0,original,SKAB,fold_5,42,8,3,3,0.5,avg_negative_log,10,0.01,0.9,,1231,290,1559,0.004367069105577187,True,0.0,False,5.0,uniform
0.0035778175313059034,0.0,0.0,0.0,gaussian_noise,SKAB,fold_5,42,8,3,3,0.5,avg_negative_log,10,0.01,0.9,,1231,290,1559,0.004367069105577187,True,0.0,False,5.0,uniform
0.0035778175313059034,0.0,0.0,0.0,original,SKAB,fold_5,123,8,3,3,0.5,avg_negative_log,10,0.01,0.9,,1231,290,1559,0.004367069105577187,True,0.0,False,5.0,uniform
0.0035778175313059034,0.0,0.0,0.0,gaussian_noise,SKAB,fold_5,123,8,3,3,0.5,avg_negative_log,10,0.01,0.9,,1231,290,1559,0.004367069105577187,True,0.0,False,5.0,uniform
0.0035778175313059034,0.0,0.0,0.0,original,SKAB,fold_5,2026,8,3,3,0.5,avg_negative_log,10,0.01,0.9,,1231,290,1559,0.004367069105577187,True,0.0,False,5.0,uniform
0.0035778175313059034,0.0,0.0,0.0,gaussian_noise,SKAB,fold_5,2026,8,3,3,0.5,avg_negative_log,10,0.01,0.9,,1231,290,1559,0.004367069105577187,True,0.0,False,5.0,uniform
0.0035778175313059034,0.0,0.0,0.0,original,SKAB,fold_5,7,8,3,3,0.5,avg_negative_log,10,0.01,0.9,,1231,290,1559,0.004367069105577187,True,0.0,False,5.0,uniform
0.0035778175313059034,0.0,0.0,0.0,gaussian_noise,SKAB,fold_5,7,8,3,3,0.5,avg_negative_log,10,0.01,0.9,,1231,290,1559,0.004367069105577187,True,0.0,False,5.0,uniform
0.0035778175313059034,0.0,0.0,0.0,original,SKAB,fold_5,999,8,3,3,0.5,avg_negative_log,10,0.01,0.9,,1231,290,1559,0.004367069105577187,True,0.0,False,5.0,uniform
0.0035778175313059034,0.0,0.0,0.0,gaussian_noise,SKAB,fold_5,999,8,3,3,0.5,avg_negative_log,10,0.01,0.9,,1231,290,1559,0.004367069105577187,True,0.0,False,5.0,uniform
0.0036036036036036037,0.0,0.0,0.0,original,SKAB,fold_1,42,8,3,3,0.5,avg_negative_log,10,0.05,0.9,,1088,273,1348,0.004538353803059686,True,0.0,False,5.0,uniform
0.0036036036036036037,0.0,0.0,0.0,gaussian_noise,SKAB,fold_1,42,8,3,3,0.5,avg_negative_log,10,0.05,0.9,,1088,273,1348,0.004538353803059686,True,0.0,False,5.0,uniform
0.0036036036036036037,0.0,0.0,0.0,original,SKAB,fold_1,123,8,3,3,0.5,avg_negative_log,10,0.05,0.9,,1088,273,1348,0.004538353803059686,True,0.0,False,5.0,uniform
0.0036036036036036037,0.0,0.0,0.0,gaussian_noise,SKAB,fold_1,123,8,3,3,0.5,avg_negative_log,10,0.05,0.9,,1088,273,1348,0.004538353803059686,True,0.0,False,5.0,uniform
0.0036036036036036037,0.0,0.0,0.0,original,SKAB,fold_1,2026,8,3,3,0.5,avg_negative_log,10,0.05,0.9,,1088,273,1348,0.004538353803059686,True,0.0,False,5.0,uniform
0.0036036036036036037,0.0,0.0,0.0,gaussian_noise,SKAB,fold_1,2026,8,3,3,0.5,avg_negative_log,10,0.05,0.9,,1088,273,1348,0.004538353803059686,True,0.0,False,5.0,uniform
0.0036036036036036037,0.0,0.0,0.0,original,SKAB,fold_1,7,8,3,3,0.5,avg_negative_log,10,0.05,0.9,,1088,273,1348,0.004538353803059686,True,0.0,False,5.0,uniform
0.0036036036036036037,0.0,0.0,0.0,gaussian_noise,SKAB,fold_1,7,8,3,3,0.5,avg_negative_log,10,0.05,0.9,,1088,273,1348,0.004538353803059686,True,0.0,False,5.0,uniform
0.0036036036036036037,0.0,0.0,0.0,original,SKAB,fold_1,999,8,3,3,0.5,avg_negative_log,10,0.05,0.9,,1088,273,1348,0.004538353803059686,True,0.0,False,5.0,uniform
0.0036036036036036037,0.0,0.0,0.0,gaussian_noise,SKAB,fold_1,999,8,3,3,0.5,avg_negative_log,10,0.05,0.9,,1088,273,1348,0.004538353803059686,True,0.0,False,5.0,uniform
0.003616636528028933,0.0,0.0,0.0,original,SKAB,fold_2,42,8,3,3,0.5,avg_negative_log,10,0.05,0.9,,1260,318,1542,0.0038484576220425277,True,0.0,False,5.0,uniform
0.003616636528028933,0.0,0.0,0.0,gaussian_noise,SKAB,fold_2,42,8,3,3,0.5,avg_negative_log,10,0.05,0.9,,1260,318,1542,0.0038484576220425277,True,0.0,False,5.0,uniform
0.003616636528028933,0.0,0.0,0.0,original,SKAB,fold_2,123,8,3,3,0.5,avg_negative_log,10,0.05,0.9,,1260,318,1542,0.0038484576220425277,True,0.0,False,5.0,uniform
0.003616636528028933,0.0,0.0,0.0,gaussian_noise,SKAB,fold_2,123,8,3,3,0.5,avg_negative_log,10,0.05,0.9,,1260,318,1542,0.0038484576220425277,True,0.0,False,5.0,uniform
0.003616636528028933,0.0,0.0,0.0,original,SKAB,fold_2,2026,8,3,3,0.5,avg_negative_log,10,0.05,0.9,,1260,318,1542,0.0038484576220425277,True,0.0,False,5.0,uniform
0.003616636528028933,0.0,0.0,0.0,gaussian_noise,SKAB,fold_2,2026,8,3,3,0.5,avg_negative_log,10,0.05,0.9,,1260,318,1542,0.0038484576220425277,True,0.0,False,5.0,uniform
0.003616636528028933,0.0,0.0,0.0,original,SKAB,fold_2,7,8,3,3,0.5,avg_negative_log,10,0.05,0.9,,1260,318,1542,0.0038484576220425277,True,0.0,False,5.0,uniform
0.003616636528028933,0.0,0.0,0.0,gaussian_noise,SKAB,fold_2,7,8,3,3,0.5,avg_negative_log,10,0.05,0.9,,1260,318,1542,0.0038484576220425277,True,0.0,False,5.0,uniform
0.003616636528028933,0.0,0.0,0.0,original,SKAB,fold_2,999,8,3,3,0.5,avg_negative_log,10,0.05,0.9,,1260,318,1542,0.0038484576220425277,True,0.0,False,5.0,uniform
0.003616636528028933,0.0,0.0,0.0,gaussian_noise,SKAB,fold_2,999,8,3,3,0.5,avg_negative_log,10,0.05,0.9,,1260,318,1542,0.0038484576220425277,True,0.0,False,5.0,uniform
0.003616636528028933,0.0,0.0,0.0,original,SKAB,fold_3,42,8,3,3,0.5,avg_negative_log,10,0.05,0.9,,1302,329,1597,0.003728189971939359,True,0.0,False,5.0,uniform
0.003616636528028933,0.0,0.0,0.0,gaussian_noise,SKAB,fold_3,42,8,3,3,0.5,avg_negative_log,10,0.05,0.9,,1302,329,1597,0.003728189971939359,True,0.0,False,5.0,uniform
0.003616636528028933,0.0,0.0,0.0,original,SKAB,fold_3,123,8,3,3,0.5,avg_negative_log,10,0.05,0.9,,1302,329,1597,0.003728189971939359,True,0.0,False,5.0,uniform
0.003616636528028933,0.0,0.0,0.0,gaussian_noise,SKAB,fold_3,123,8,3,3,0.5,avg_negative_log,10,0.05,0.9,,1302,329,1597,0.003728189971939359,True,0.0,False,5.0,uniform
0.003616636528028933,0.0,0.0,0.0,original,SKAB,fold_3,2026,8,3,3,0.5,avg_negative_log,10,0.05,0.9,,1302,329,1597,0.003728189971939359,True,0.0,False,5.0,uniform
0.003616636528028933,0.0,0.0,0.0,gaussian_noise,SKAB,fold_3,2026,8,3,3,0.5,avg_negative_log,10,0.05,0.9,,1302,329,1597,0.003728189971939359,True,0.0,False,5.0,uniform
0.003616636528028933,0.0,0.0,0.0,original,SKAB,fold_3,7,8,3,3,0.5,avg_negative_log,10,0.05,0.9,,1302,329,1597,0.003728189971939359,True,0.0,False,5.0,uniform
0.003616636528028933,0.0,0.0,0.0,gaussian_noise,SKAB,fold_3,7,8,3,3,0.5,avg_negative_log,10,0.05,0.9,,1302,329,1597,0.003728189971939359,True,0.0,False,5.0,uniform
0.003616636528028933,0.0,0.0,0.0,original,SKAB,fold_3,999,8,3,3,0.5,avg_negative_log,10,0.05,0.9,,1302,329,1597,0.003728189971939359,True,0.0,False,5.0,uniform
0.003616636528028933,0.0,0.0,0.0,gaussian_noise,SKAB,fold_3,999,8,3,3,0.5,avg_negative_log,10,0.05,0.9,,1302,329,1597,0.003728189971939359,True,0.0,False,5.0,uniform
0.003663003663003663,0.0,0.0,0.0,original,SKAB,fold_4,42,8,3,3,0.5,avg_negative_log,10,0.05,0.9,,1269,318,1562,0.0038707247324937678,True,0.0,False,5.0,uniform
0.003663003663003663,0.0,0.0,0.0,gaussian_noise,SKAB,fold_4,42,8,3,3,0.5,avg_negative_log,10,0.05,0.9,,1269,318,1562,0.0038707247324937678,True,0.0,False,5.0,uniform
0.003663003663003663,0.0,0.0,0.0,original,SKAB,fold_4,123,8,3,3,0.5,avg_negative_log,10,0.05,0.9,,1269,318,1562,0.0038707247324937678,True,0.0,False,5.0,uniform
0.003663003663003663,0.0,0.0,0.0,gaussian_noise,SKAB,fold_4,123,8,3,3,0.5,avg_negative_log,10,0.05,0.9,,1269,318,1562,0.0038707247324937678,True,0.0,False,5.0,uniform
0.003663003663003663,0.0,0.0,0.0,original,SKAB,fold_4,2026,8,3,3,0.5,avg_negative_log,10,0.05,0.9,,1269,318,1562,0.0038707247324937678,True,0.0,False,5.0,uniform
0.003663003663003663,0.0,0.0,0.0,gaussian_noise,SKAB,fold_4,2026,8,3,3,0.5,avg_negative_log,10,0.05,0.9,,1269,318,1562,0.0038707247324937678,True,0.0,False,5.0,uniform
0.003663003663003663,0.0,0.0,0.0,original,SKAB,fold_4,7,8,3,3,0.5,avg_negative_log,10,0.05,0.9,,1269,318,1562,0.0038707247324937678,True,0.0,False,5.0,uniform
0.003663003663003663,0.0,0.0,0.0,gaussian_noise,SKAB,fold_4,7,8,3,3,0.5,avg_negative_log,10,0.05,0.9,,1269,318,1562,0.0038707247324937678,True,0.0,False,5.0,uniform
0.003663003663003663,0.0,0.0,0.0,original,SKAB,fold_4,999,8,3,3,0.5,avg_negative_log,10,0.05,0.9,,1269,318,1562,0.0038707247324937678,True,0.0,False,5.0,uniform
0.003663003663003663,0.0,0.0,0.0,gaussian_noise,SKAB,fold_4,999,8,3,3,0.5,avg_negative_log,10,0.05,0.9,,1269,318,1562,0.0038707247324937678,True,0.0,False,5.0,uniform
0.0035778175313059034,0.0,0.0,0.0,original,SKAB,fold_5,42,8,3,3,0.5,avg_negative_log,10,0.05,0.9,,1231,290,1559,0.004367069105577187,True,0.0,False,5.0,uniform
0.0035778175313059034,0.0,0.0,0.0,gaussian_noise,SKAB,fold_5,42,8,3,3,0.5,avg_negative_log,10,0.05,0.9,,1231,290,1559,0.004367069105577187,True,0.0,False,5.0,uniform
0.0035778175313059034,0.0,0.0,0.0,original,SKAB,fold_5,123,8,3,3,0.5,avg_negative_log,10,0.05,0.9,,1231,290,1559,0.004367069105577187,True,0.0,False,5.0,uniform
0.0035778175313059034,0.0,0.0,0.0,gaussian_noise,SKAB,fold_5,123,8,3,3,0.5,avg_negative_log,10,0.05,0.9,,1231,290,1559,0.004367069105577187,True,0.0,False,5.0,uniform
0.0035778175313059034,0.0,0.0,0.0,original,SKAB,fold_5,2026,8,3,3,0.5,avg_negative_log,10,0.05,0.9,,1231,290,1559,0.004367069105577187,True,0.0,False,5.0,uniform
0.0035778175313059034,0.0,0.0,0.0,gaussian_noise,SKAB,fold_5,2026,8,3,3,0.5,avg_negative_log,10,0.05,0.9,,1231,290,1559,0.004367069105577187,True,0.0,False,5.0,uniform
0.0035778175313059034,0.0,0.0,0.0,original,SKAB,fold_5,7,8,3,3,0.5,avg_negative_log,10,0.05,0.9,,1231,290,1559,0.004367069105577187,True,0.0,False,5.0,uniform
0.0035778175313059034,0.0,0.0,0.0,gaussian_noise,SKAB,fold_5,7,8,3,3,0.5,avg_negative_log,10,0.05,0.9,,1231,290,1559,0.004367069105577187,True,0.0,False,5.0,uniform
0.0035778175313059034,0.0,0.0,0.0,original,SKAB,fold_5,999,8,3,3,0.5,avg_negative_log,10,0.05,0.9,,1231,290,1559,0.004367069105577187,True,0.0,False,5.0,uniform
0.0035778175313059034,0.0,0.0,0.0,gaussian_noise,SKAB,fold_5,999,8,3,3,0.5,avg_negative_log,10,0.05,0.9,,1231,290,1559,0.004367069105577187,True,0.0,False,5.0,uniform
0.0036036036036036037,0.0,0.0,0.0,original,SKAB,fold_1,42,8,3,3,0.5,avg_negative_log,10,0.1054,0.9,,1088,273,1348,0.004538353803059686,True,0.0,False,5.0,uniform
0.0036036036036036037,0.0,0.0,0.0,gaussian_noise,SKAB,fold_1,42,8,3,3,0.5,avg_negative_log,10,0.1054,0.9,,1088,273,1348,0.004538353803059686,True,0.0,False,5.0,uniform
0.0036036036036036037,0.0,0.0,0.0,original,SKAB,fold_1,123,8,3,3,0.5,avg_negative_log,10,0.1054,0.9,,1088,273,1348,0.004538353803059686,True,0.0,False,5.0,uniform
0.0036036036036036037,0.0,0.0,0.0,gaussian_noise,SKAB,fold_1,123,8,3,3,0.5,avg_negative_log,10,0.1054,0.9,,1088,273,1348,0.004538353803059686,True,0.0,False,5.0,uniform
0.0036036036036036037,0.0,0.0,0.0,original,SKAB,fold_1,2026,8,3,3,0.5,avg_negative_log,10,0.1054,0.9,,1088,273,1348,0.004538353803059686,True,0.0,False,5.0,uniform
0.0036036036036036037,0.0,0.0,0.0,gaussian_noise,SKAB,fold_1,2026,8,3,3,0.5,avg_negative_log,10,0.1054,0.9,,1088,273,1348,0.004538353803059686,True,0.0,False,5.0,uniform
0.0036036036036036037,0.0,0.0,0.0,original,SKAB,fold_1,7,8,3,3,0.5,avg_negative_log,10,0.1054,0.9,,1088,273,1348,0.004538353803059686,True,0.0,False,5.0,uniform
0.0036036036036036037,0.0,0.0,0.0,gaussian_noise,SKAB,fold_1,7,8,3,3,0.5,avg_negative_log,10,0.1054,0.9,,1088,273,1348,0.004538353803059686,True,0.0,False,5.0,uniform
0.0036036036036036037,0.0,0.0,0.0,original,SKAB,fold_1,999,8,3,3,0.5,avg_negative_log,10,0.1054,0.9,,1088,273,1348,0.004538353803059686,True,0.0,False,5.0,uniform
0.0036036036036036037,0.0,0.0,0.0,gaussian_noise,SKAB,fold_1,999,8,3,3,0.5,avg_negative_log,10,0.1054,0.9,,1088,273,1348,0.004538353803059686,True,0.0,False,5.0,uniform
0.003616636528028933,0.0,0.0,0.0,original,SKAB,fold_2,42,8,3,3,0.5,avg_negative_log,10,0.1054,0.9,,1260,318,1542,0.0038484576220425277,True,0.0,False,5.0,uniform
0.003616636528028933,0.0,0.0,0.0,gaussian_noise,SKAB,fold_2,42,8,3,3,0.5,avg_negative_log,10,0.1054,0.9,,1260,318,1542,0.0038484576220425277,True,0.0,False,5.0,uniform
0.003616636528028933,0.0,0.0,0.0,original,SKAB,fold_2,123,8,3,3,0.5,avg_negative_log,10,0.1054,0.9,,1260,318,1542,0.0038484576220425277,True,0.0,False,5.0,uniform
0.003616636528028933,0.0,0.0,0.0,gaussian_noise,SKAB,fold_2,123,8,3,3,0.5,avg_negative_log,10,0.1054,0.9,,1260,318,1542,0.0038484576220425277,True,0.0,False,5.0,uniform
0.003616636528028933,0.0,0.0,0.0,original,SKAB,fold_2,2026,8,3,3,0.5,avg_negative_log,10,0.1054,0.9,,1260,318,1542,0.0038484576220425277,True,0.0,False,5.0,uniform
0.003616636528028933,0.0,0.0,0.0,gaussian_noise,SKAB,fold_2,2026,8,3,3,0.5,avg_negative_log,10,0.1054,0.9,,1260,318,1542,0.0038484576220425277,True,0.0,False,5.0,uniform
0.003616636528028933,0.0,0.0,0.0,original,SKAB,fold_2,7,8,3,3,0.5,avg_negative_log,10,0.1054,0.9,,1260,318,1542,0.0038484576220425277,True,0.0,False,5.0,uniform
0.003616636528028933,0.0,0.0,0.0,gaussian_noise,SKAB,fold_2,7,8,3,3,0.5,avg_negative_log,10,0.1054,0.9,,1260,318,1542,0.0038484576220425277,True,0.0,False,5.0,uniform
0.003616636528028933,0.0,0.0,0.0,original,SKAB,fold_2,999,8,3,3,0.5,avg_negative_log,10,0.1054,0.9,,1260,318,1542,0.0038484576220425277,True,0.0,False,5.0,uniform
0.003616636528028933,0.0,0.0,0.0,gaussian_noise,SKAB,fold_2,999,8,3,3,0.5,avg_negative_log,10,0.1054,0.9,,1260,318,1542,0.0038484576220425277,True,0.0,False,5.0,uniform
0.003616636528028933,0.0,0.0,0.0,original,SKAB,fold_3,42,8,3,3,0.5,avg_negative_log,10,0.1054,0.9,,1302,329,1597,0.003728189971939359,True,0.0,False,5.0,uniform
0.003616636528028933,0.0,0.0,0.0,gaussian_noise,SKAB,fold_3,42,8,3,3,0.5,avg_negative_log,10,0.1054,0.9,,1302,329,1597,0.003728189971939359,True,0.0,False,5.0,uniform
0.003616636528028933,0.0,0.0,0.0,original,SKAB,fold_3,123,8,3,3,0.5,avg_negative_log,10,0.1054,0.9,,1302,329,1597,0.003728189971939359,True,0.0,False,5.0,uniform
0.003616636528028933,0.0,0.0,0.0,gaussian_noise,SKAB,fold_3,123,8,3,3,0.5,avg_negative_log,10,0.1054,0.9,,1302,329,1597,0.003728189971939359,True,0.0,False,5.0,uniform
0.003616636528028933,0.0,0.0,0.0,original,SKAB,fold_3,2026,8,3,3,0.5,avg_negative_log,10,0.1054,0.9,,1302,329,1597,0.003728189971939359,True,0.0,False,5.0,uniform
0.003616636528028933,0.0,0.0,0.0,gaussian_noise,SKAB,fold_3,2026,8,3,3,0.5,avg_negative_log,10,0.1054,0.9,,1302,329,1597,0.003728189971939359,True,0.0,False,5.0,uniform
0.003616636528028933,0.0,0.0,0.0,original,SKAB,fold_3,7,8,3,3,0.5,avg_negative_log,10,0.1054,0.9,,1302,329,1597,0.003728189971939359,True,0.0,False,5.0,uniform
0.003616636528028933,0.0,0.0,0.0,gaussian_noise,SKAB,fold_3,7,8,3,3,0.5,avg_negative_log,10,0.1054,0.9,,1302,329,1597,0.003728189971939359,True,0.0,False,5.0,uniform
0.003616636528028933,0.0,0.0,0.0,original,SKAB,fold_3,999,8,3,3,0.5,avg_negative_log,10,0.1054,0.9,,1302,329,1597,0.003728189971939359,True,0.0,False,5.0,uniform
0.003616636528028933,0.0,0.0,0.0,gaussian_noise,SKAB,fold_3,999,8,3,3,0.5,avg_negative_log,10,0.1054,0.9,,1302,329,1597,0.003728189971939359,True,0.0,False,5.0,uniform
0.003663003663003663,0.0,0.0,0.0,original,SKAB,fold_4,42,8,3,3,0.5,avg_negative_log,10,0.1054,0.9,,1269,318,1562,0.0038707247324937678,True,0.0,False,5.0,uniform
0.003663003663003663,0.0,0.0,0.0,gaussian_noise,SKAB,fold_4,42,8,3,3,0.5,avg_negative_log,10,0.1054,0.9,,1269,318,1562,0.0038707247324937678,True,0.0,False,5.0,uniform
0.003663003663003663,0.0,0.0,0.0,original,SKAB,fold_4,123,8,3,3,0.5,avg_negative_log,10,0.1054,0.9,,1269,318,1562,0.0038707247324937678,True,0.0,False,5.0,uniform
0.003663003663003663,0.0,0.0,0.0,gaussian_noise,SKAB,fold_4,123,8,3,3,0.5,avg_negative_log,10,0.1054,0.9,,1269,318,1562,0.0038707247324937678,True,0.0,False,5.0,uniform
0.003663003663003663,0.0,0.0,0.0,original,SKAB,fold_4,2026,8,3,3,0.5,avg_negative_log,10,0.1054,0.9,,1269,318,1562,0.0038707247324937678,True,0.0,False,5.0,uniform
0.003663003663003663,0.0,0.0,0.0,gaussian_noise,SKAB,fold_4,2026,8,3,3,0.5,avg_negative_log,10,0.1054,0.9,,1269,318,1562,0.0038707247324937678,True,0.0,False,5.0,uniform
0.003663003663003663,0.0,0.0,0.0,original,SKAB,fold_4,7,8,3,3,0.5,avg_negative_log,10,0.1054,0.9,,1269,318,1562,0.0038707247324937678,True,0.0,False,5.0,uniform
0.003663003663003663,0.0,0.0,0.0,gaussian_noise,SKAB,fold_4,7,8,3,3,0.5,avg_negative_log,10,0.1054,0.9,,1269,318,1562,0.0038707247324937678,True,0.0,False,5.0,uniform
0.003663003663003663,0.0,0.0,0.0,original,SKAB,fold_4,999,8,3,3,0.5,avg_negative_log,10,0.1054,0.9,,1269,318,1562,0.0038707247324937678,True,0.0,False,5.0,uniform
0.003663003663003663,0.0,0.0,0.0,gaussian_noise,SKAB,fold_4,999,8,3,3,0.5,avg_negative_log,10,0.1054,0.9,,1269,318,1562,0.0038707247324937678,True,0.0,False,5.0,uniform
0.0035778175313059034,0.0,0.0,0.0,original,SKAB,fold_5,42,8,3,3,0.5,avg_negative_log,10,0.1054,0.9,,1231,290,1559,0.004367069105577187,True,0.0,False,5.0,uniform
0.0035778175313059034,0.0,0.0,0.0,gaussian_noise,SKAB,fold_5,42,8,3,3,0.5,avg_negative_log,10,0.1054,0.9,,1231,290,1559,0.004367069105577187,True,0.0,False,5.0,uniform
0.0035778175313059034,0.0,0.0,0.0,original,SKAB,fold_5,123,8,3,3,0.5,avg_negative_log,10,0.1054,0.9,,1231,290,1559,0.004367069105577187,True,0.0,False,5.0,uniform
0.0035778175313059034,0.0,0.0,0.0,gaussian_noise,SKAB,fold_5,123,8,3,3,0.5,avg_negative_log,10,0.1054,0.9,,1231,290,1559,0.004367069105577187,True,0.0,False,5.0,uniform
0.0035778175313059034,0.0,0.0,0.0,original,SKAB,fold_5,2026,8,3,3,0.5,avg_negative_log,10,0.1054,0.9,,1231,290,1559,0.004367069105577187,True,0.0,False,5.0,uniform
0.0035778175313059034,0.0,0.0,0.0,gaussian_noise,SKAB,fold_5,2026,8,3,3,0.5,avg_negative_log,10,0.1054,0.9,,1231,290,1559,0.004367069105577187,True,0.0,False,5.0,uniform
0.0035778175313059034,0.0,0.0,0.0,original,SKAB,fold_5,7,8,3,3,0.5,avg_negative_log,10,0.1054,0.9,,1231,290,1559,0.004367069105577187,True,0.0,False,5.0,uniform
0.0035778175313059034,0.0,0.0,0.0,gaussian_noise,SKAB,fold_5,7,8,3,3,0.5,avg_negative_log,10,0.1054,0.9,,1231,290,1559,0.004367069105577187,True,0.0,False,5.0,uniform
0.0035778175313059034,0.0,0.0,0.0,original,SKAB,fold_5,999,8,3,3,0.5,avg_negative_log,10,0.1054,0.9,,1231,290,1559,0.004367069105577187,True,0.0,False,5.0,uniform
0.0035778175313059034,0.0,0.0,0.0,gaussian_noise,SKAB,fold_5,999,8,3,3,0.5,avg_negative_log,10,0.1054,0.9,,1231,290,1559,0.004367069105577187,True,0.0,False,5.0,uniform
0.0036036036036036037,0.0,0.0,0.0,original,SKAB,fold_1,42,8,3,3,0.5,avg_negative_log,10,0.2231,0.9,,1088,273,1348,0.004538353803059686,True,0.0,False,5.0,uniform
0.0036036036036036037,0.0,0.0,0.0,gaussian_noise,SKAB,fold_1,42,8,3,3,0.5,avg_negative_log,10,0.2231,0.9,,1088,273,1348,0.004538353803059686,True,0.0,False,5.0,uniform
0.0036036036036036037,0.0,0.0,0.0,original,SKAB,fold_1,123,8,3,3,0.5,avg_negative_log,10,0.2231,0.9,,1088,273,1348,0.004538353803059686,True,0.0,False,5.0,uniform
0.0036036036036036037,0.0,0.0,0.0,gaussian_noise,SKAB,fold_1,123,8,3,3,0.5,avg_negative_log,10,0.2231,0.9,,1088,273,1348,0.004538353803059686,True,0.0,False,5.0,uniform
0.0036036036036036037,0.0,0.0,0.0,original,SKAB,fold_1,2026,8,3,3,0.5,avg_negative_log,10,0.2231,0.9,,1088,273,1348,0.004538353803059686,True,0.0,False,5.0,uniform
0.0036036036036036037,0.0,0.0,0.0,gaussian_noise,SKAB,fold_1,2026,8,3,3,0.5,avg_negative_log,10,0.2231,0.9,,1088,273,1348,0.004538353803059686,True,0.0,False,5.0,uniform
0.0036036036036036037,0.0,0.0,0.0,original,SKAB,fold_1,7,8,3,3,0.5,avg_negative_log,10,0.2231,0.9,,1088,273,1348,0.004538353803059686,True,0.0,False,5.0,uniform
0.0036036036036036037,0.0,0.0,0.0,gaussian_noise,SKAB,fold_1,7,8,3,3,0.5,avg_negative_log,10,0.2231,0.9,,1088,273,1348,0.004538353803059686,True,0.0,False,5.0,uniform
0.0036036036036036037,0.0,0.0,0.0,original,SKAB,fold_1,999,8,3,3,0.5,avg_negative_log,10,0.2231,0.9,,1088,273,1348,0.004538353803059686,True,0.0,False,5.0,uniform
0.0036036036036036037,0.0,0.0,0.0,gaussian_noise,SKAB,fold_1,999,8,3,3,0.5,avg_negative_log,10,0.2231,0.9,,1088,273,1348,0.004538353803059686,True,0.0,False,5.0,uniform
0.003616636528028933,0.0,0.0,0.0,original,SKAB,fold_2,42,8,3,3,0.5,avg_negative_log,10,0.2231,0.9,,1260,318,1542,0.0038484576220425277,True,0.0,False,5.0,uniform
0.003616636528028933,0.0,0.0,0.0,gaussian_noise,SKAB,fold_2,42,8,3,3,0.5,avg_negative_log,10,0.2231,0.9,,1260,318,1542,0.0038484576220425277,True,0.0,False,5.0,uniform
0.003616636528028933,0.0,0.0,0.0,original,SKAB,fold_2,123,8,3,3,0.5,avg_negative_log,10,0.2231,0.9,,1260,318,1542,0.0038484576220425277,True,0.0,False,5.0,uniform
0.003616636528028933,0.0,0.0,0.0,gaussian_noise,SKAB,fold_2,123,8,3,3,0.5,avg_negative_log,10,0.2231,0.9,,1260,318,1542,0.0038484576220425277,True,0.0,False,5.0,uniform
0.003616636528028933,0.0,0.0,0.0,original,SKAB,fold_2,2026,8,3,3,0.5,avg_negative_log,10,0.2231,0.9,,1260,318,1542,0.0038484576220425277,True,0.0,False,5.0,uniform
0.003616636528028933,0.0,0.0,0.0,gaussian_noise,SKAB,fold_2,2026,8,3,3,0.5,avg_negative_log,10,0.2231,0.9,,1260,318,1542,0.0038484576220425277,True,0.0,False,5.0,uniform
0.003616636528028933,0.0,0.0,0.0,original,SKAB,fold_2,7,8,3,3,0.5,avg_negative_log,10,0.2231,0.9,,1260,318,1542,0.0038484576220425277,True,0.0,False,5.0,uniform
0.003616636528028933,0.0,0.0,0.0,gaussian_noise,SKAB,fold_2,7,8,3,3,0.5,avg_negative_log,10,0.2231,0.9,,1260,318,1542,0.0038484576220425277,True,0.0,False,5.0,uniform
0.003616636528028933,0.0,0.0,0.0,original,SKAB,fold_2,999,8,3,3,0.5,avg_negative_log,10,0.2231,0.9,,1260,318,1542,0.0038484576220425277,True,0.0,False,5.0,uniform
0.003616636528028933,0.0,0.0,0.0,gaussian_noise,SKAB,fold_2,999,8,3,3,0.5,avg_negative_log,10,0.2231,0.9,,1260,318,1542,0.0038484576220425277,True,0.0,False,5.0,uniform
0.003616636528028933,0.0,0.0,0.0,original,SKAB,fold_3,42,8,3,3,0.5,avg_negative_log,10,0.2231,0.9,,1302,329,1597,0.003728189971939359,True,0.0,False,5.0,uniform
0.003616636528028933,0.0,0.0,0.0,gaussian_noise,SKAB,fold_3,42,8,3,3,0.5,avg_negative_log,10,0.2231,0.9,,1302,329,1597,0.003728189971939359,True,0.0,False,5.0,uniform
0.003616636528028933,0.0,0.0,0.0,original,SKAB,fold_3,123,8,3,3,0.5,avg_negative_log,10,0.2231,0.9,,1302,329,1597,0.003728189971939359,True,0.0,False,5.0,uniform
0.003616636528028933,0.0,0.0,0.0,gaussian_noise,SKAB,fold_3,123,8,3,3,0.5,avg_negative_log,10,0.2231,0.9,,1302,329,1597,0.003728189971939359,True,0.0,False,5.0,uniform
0.003616636528028933,0.0,0.0,0.0,original,SKAB,fold_3,2026,8,3,3,0.5,avg_negative_log,10,0.2231,0.9,,1302,329,1597,0.003728189971939359,True,0.0,False,5.0,uniform
0.003616636528028933,0.0,0.0,0.0,gaussian_noise,SKAB,fold_3,2026,8,3,3,0.5,avg_negative_log,10,0.2231,0.9,,1302,329,1597,0.003728189971939359,True,0.0,False,5.0,uniform
0.003616636528028933,0.0,0.0,0.0,original,SKAB,fold_3,7,8,3,3,0.5,avg_negative_log,10,0.2231,0.9,,1302,329,1597,0.003728189971939359,True,0.0,False,5.0,uniform
0.003616636528028933,0.0,0.0,0.0,gaussian_noise,SKAB,fold_3,7,8,3,3,0.5,avg_negative_log,10,0.2231,0.9,,1302,329,1597,0.003728189971939359,True,0.0,False,5.0,uniform
0.003616636528028933,0.0,0.0,0.0,original,SKAB,fold_3,999,8,3,3,0.5,avg_negative_log,10,0.2231,0.9,,1302,329,1597,0.003728189971939359,True,0.0,False,5.0,uniform
0.003616636528028933,0.0,0.0,0.0,gaussian_noise,SKAB,fold_3,999,8,3,3,0.5,avg_negative_log,10,0.2231,0.9,,1302,329,1597,0.003728189971939359,True,0.0,False,5.0,uniform
0.003663003663003663,0.0,0.0,0.0,original,SKAB,fold_4,42,8,3,3,0.5,avg_negative_log,10,0.2231,0.9,,1269,318,1562,0.0038707247324937678,True,0.0,False,5.0,uniform
0.003663003663003663,0.0,0.0,0.0,gaussian_noise,SKAB,fold_4,42,8,3,3,0.5,avg_negative_log,10,0.2231,0.9,,1269,318,1562,0.0038707247324937678,True,0.0,False,5.0,uniform
0.003663003663003663,0.0,0.0,0.0,original,SKAB,fold_4,123,8,3,3,0.5,avg_negative_log,10,0.2231,0.9,,1269,318,1562,0.0038707247324937678,True,0.0,False,5.0,uniform
0.003663003663003663,0.0,0.0,0.0,gaussian_noise,SKAB,fold_4,123,8,3,3,0.5,avg_negative_log,10,0.2231,0.9,,1269,318,1562,0.0038707247324937678,True,0.0,False,5.0,uniform
0.003663003663003663,0.0,0.0,0.0,original,SKAB,fold_4,2026,8,3,3,0.5,avg_negative_log,10,0.2231,0.9,,1269,318,1562,0.0038707247324937678,True,0.0,False,5.0,uniform
0.003663003663003663,0.0,0.0,0.0,gaussian_noise,SKAB,fold_4,2026,8,3,3,0.5,avg_negative_log,10,0.2231,0.9,,1269,318,1562,0.0038707247324937678,True,0.0,False,5.0,uniform
0.003663003663003663,0.0,0.0,0.0,original,SKAB,fold_4,7,8,3,3,0.5,avg_negative_log,10,0.2231,0.9,,1269,318,1562,0.0038707247324937678,True,0.0,False,5.0,uniform
0.003663003663003663,0.0,0.0,0.0,gaussian_noise,SKAB,fold_4,7,8,3,3,0.5,avg_negative_log,10,0.2231,0.9,,1269,318,1562,0.0038707247324937678,True,0.0,False,5.0,uniform
0.003663003663003663,0.0,0.0,0.0,original,SKAB,fold_4,999,8,3,3,0.5,avg_negative_log,10,0.2231,0.9,,1269,318,1562,0.0038707247324937678,True,0.0,False,5.0,uniform
0.003663003663003663,0.0,0.0,0.0,gaussian_noise,SKAB,fold_4,999,8,3,3,0.5,avg_negative_log,10,0.2231,0.9,,1269,318,1562,0.0038707247324937678,True,0.0,False,5.0,uniform
0.0035778175313059034,0.0,0.0,0.0,original,SKAB,fold_5,42,8,3,3,0.5,avg_negative_log,10,0.2231,0.9,,1231,290,1559,0.004367069105577187,True,0.0,False,5.0,uniform
0.0035778175313059034,0.0,0.0,0.0,gaussian_noise,SKAB,fold_5,42,8,3,3,0.5,avg_negative_log,10,0.2231,0.9,,1231,290,1559,0.004367069105577187,True,0.0,False,5.0,uniform
0.0035778175313059034,0.0,0.0,0.0,original,SKAB,fold_5,123,8,3,3,0.5,avg_negative_log,10,0.2231,0.9,,1231,290,1559,0.004367069105577187,True,0.0,False,5.0,uniform
0.0035778175313059034,0.0,0.0,0.0,gaussian_noise,SKAB,fold_5,123,8,3,3,0.5,avg_negative_log,10,0.2231,0.9,,1231,290,1559,0.004367069105577187,True,0.0,False,5.0,uniform
0.0035778175313059034,0.0,0.0,0.0,original,SKAB,fold_5,2026,8,3,3,0.5,avg_negative_log,10,0.2231,0.9,,1231,290,1559,0.004367069105577187,True,0.0,False,5.0,uniform
0.0035778175313059034,0.0,0.0,0.0,gaussian_noise,SKAB,fold_5,2026,8,3,3,0.5,avg_negative_log,10,0.2231,0.9,,1231,290,1559,0.004367069105577187,True,0.0,False,5.0,uniform
0.0035778175313059034,0.0,0.0,0.0,original,SKAB,fold_5,7,8,3,3,0.5,avg_negative_log,10,0.2231,0.9,,1231,290,1559,0.004367069105577187,True,0.0,False,5.0,uniform
0.0035778175313059034,0.0,0.0,0.0,gaussian_noise,SKAB,fold_5,7,8,3,3,0.5,avg_negative_log,10,0.2231,0.9,,1231,290,1559,0.004367069105577187,True,0.0,False,5.0,uniform
0.0035778175313059034,0.0,0.0,0.0,original,SKAB,fold_5,999,8,3,3,0.5,avg_negative_log,10,0.2231,0.9,,1231,290,1559,0.004367069105577187,True,0.0,False,5.0,uniform
0.0035778175313059034,0.0,0.0,0.0,gaussian_noise,SKAB,fold_5,999,8,3,3,0.5,avg_negative_log,10,0.2231,0.9,,1231,290,1559,0.004367069105577187,True,0.0,False,5.0,uniform
0.609009009009009,0.0,0.0,0.0,original,SKAB,fold_1,42,8,3,3,0.5,avg_negative_log,10,0.3567,0.9,,1088,273,1348,0.004538353803059686,True,0.0,False,5.0,uniform
0.609009009009009,0.0,0.0,0.0,gaussian_noise,SKAB,fold_1,42,8,3,3,0.5,avg_negative_log,10,0.3567,0.9,,1088,273,1348,0.004538353803059686,True,0.0,False,5.0,uniform
0.609009009009009,0.0,0.0,0.0,original,SKAB,fold_1,123,8,3,3,0.5,avg_negative_log,10,0.3567,0.9,,1088,273,1348,0.004538353803059686,True,0.0,False,5.0,uniform
0.609009009009009,0.0,0.0,0.0,gaussian_noise,SKAB,fold_1,123,8,3,3,0.5,avg_negative_log,10,0.3567,0.9,,1088,273,1348,0.004538353803059686,True,0.0,False,5.0,uniform
0.609009009009009,0.0,0.0,0.0,original,SKAB,fold_1,2026,8,3,3,0.5,avg_negative_log,10,0.3567,0.9,,1088,273,1348,0.004538353803059686,True,0.0,False,5.0,uniform
0.609009009009009,0.0,0.0,0.0,gaussian_noise,SKAB,fold_1,2026,8,3,3,0.5,avg_negative_log,10,0.3567,0.9,,1088,273,1348,0.004538353803059686,True,0.0,False,5.0,uniform
0.609009009009009,0.0,0.0,0.0,original,SKAB,fold_1,7,8,3,3,0.5,avg_negative_log,10,0.3567,0.9,,1088,273,1348,0.004538353803059686,True,0.0,False,5.0,uniform
0.609009009009009,0.0,0.0,0.0,gaussian_noise,SKAB,fold_1,7,8,3,3,0.5,avg_negative_log,10,0.3567,0.9,,1088,273,1348,0.004538353803059686,True,0.0,False,5.0,uniform
0.609009009009009,0.0,0.0,0.0,original,SKAB,fold_1,999,8,3,3,0.5,avg_negative_log,10,0.3567,0.9,,1088,273,1348,0.004538353803059686,True,0.0,False,5.0,uniform
0.609009009009009,0.0,0.0,0.0,gaussian_noise,SKAB,fold_1,999,8,3,3,0.5,avg_negative_log,10,0.3567,0.9,,1088,273,1348,0.004538353803059686,True,0.0,False,5.0,uniform
0.45750452079566006,0.0,0.0,0.0,original,SKAB,fold_2,42,8,3,3,0.5,avg_negative_log,10,0.3567,0.9,,1260,318,1542,0.0038484576220425277,True,0.0,False,5.0,uniform
0.4430379746835443,0.0,0.0,0.0,gaussian_noise,SKAB,fold_2,42,8,3,3,0.5,avg_negative_log,10,0.3567,0.9,,1260,318,1542,0.0038484576220425277,True,0.0,False,5.0,uniform
0.45750452079566006,0.0,0.0,0.0,original,SKAB,fold_2,123,8,3,3,0.5,avg_negative_log,10,0.3567,0.9,,1260,318,1542,0.0038484576220425277,True,0.0,False,5.0,uniform
0.41952983725135623,0.0,0.0,0.0,gaussian_noise,SKAB,fold_2,123,8,3,3,0.5,avg_negative_log,10,0.3567,0.9,,1260,318,1542,0.0038484576220425277,True,0.0,False,5.0,uniform
0.45750452079566006,0.0,0.0,0.0,original,SKAB,fold_2,2026,8,3,3,0.5,avg_negative_log,10,0.3567,0.9,,1260,318,1542,0.0038484576220425277,True,0.0,False,5.0,uniform
0.4448462929475588,0.0,0.0,0.0,gaussian_noise,SKAB,fold_2,2026,8,3,3,0.5,avg_negative_log,10,0.3567,0.9,,1260,318,1542,0.0038484576220425277,True,0.0,False,5.0,uniform
0.45750452079566006,0.0,0.0,0.0,original,SKAB,fold_2,7,8,3,3,0.5,avg_negative_log,10,0.3567,0.9,,1260,318,1542,0.0038484576220425277,True,0.0,False,5.0,uniform
0.4593128390596745,0.0,0.0,0.0,gaussian_noise,SKAB,fold_2,7,8,3,3,0.5,avg_negative_log,10,0.3567,0.9,,1260,318,1542,0.0038484576220425277,True,0.0,False,5.0,uniform
0.45750452079566006,0.0,0.0,0.0,original,SKAB,fold_2,999,8,3,3,0.5,avg_negative_log,10,0.3567,0.9,,1260,318,1542,0.0038484576220425277,True,0.0,False,5.0,uniform
0.44665461121157324,0.0,0.0,0.0,gaussian_noise,SKAB,fold_2,999,8,3,3,0.5,avg_negative_log,10,0.3567,0.9,,1260,318,1542,0.0038484576220425277,True,0.0,False,5.0,uniform
0.34900542495479203,0.0,0.0,0.0,original,SKAB,fold_3,42,8,3,3,0.5,avg_negative_log,10,0.3567,0.9,,1302,329,1597,0.003728189971939359,True,0.0,False,5.0,uniform
0.3453887884267631,0.0,0.0,0.0,gaussian_noise,SKAB,fold_3,42,8,3,3,0.5,avg_negative_log,10,0.3567,0.9,,1302,329,1597,0.003728189971939359,True,0.0,False,5.0,uniform
0.34900542495479203,0.0,0.0,0.0,original,SKAB,fold_3,123,8,3,3,0.5,avg_negative_log,10,0.3567,0.9,,1302,329,1597,0.003728189971939359,True,0.0,False,5.0,uniform
0.3453887884267631,0.0,0.0,0.0,gaussian_noise,SKAB,fold_3,123,8,3,3,0.5,avg_negative_log,10,0.3567,0.9,,1302,329,1597,0.003728189971939359,True,0.0,False,5.0,uniform
0.34900542495479203,0.0,0.0,0.0,original,SKAB,fold_3,2026,8,3,3,0.5,avg_negative_log,10,0.3567,0.9,,1302,329,1597,0.003728189971939359,True,0.0,False,5.0,uniform
0.34900542495479203,0.0,0.0,0.0,gaussian_noise,SKAB,fold_3,2026,8,3,3,0.5,avg_negative_log,10,0.3567,0.9,,1302,329,1597,0.003728189971939359,True,0.0,False,5.0,uniform
0.34900542495479203,0.0,0.0,0.0,original,SKAB,fold_3,7,8,3,3,0.5,avg_negative_log,10,0.3567,0.9,,1302,329,1597,0.003728189971939359,True,0.0,False,5.0,uniform
0.3453887884267631,0.0,0.0,0.0,gaussian_noise,SKAB,fold_3,7,8,3,3,0.5,avg_negative_log,10,0.3567,0.9,,1302,329,1597,0.003728189971939359,True,0.0,False,5.0,uniform
0.34900542495479203,0.0,0.0,0.0,original,SKAB,fold_3,999,8,3,3,0.5,avg_negative_log,10,0.3567,0.9,,1302,329,1597,0.003728189971939359,True,0.0,False,5.0,uniform
0.3453887884267631,0.0,0.0,0.0,gaussian_noise,SKAB,fold_3,999,8,3,3,0.5,avg_negative_log,10,0.3567,0.9,,1302,329,1597,0.003728189971939359,True,0.0,False,5.0,uniform
0.3498168498168498,0.0,0.0,0.0,original,SKAB,fold_4,42,8,3,3,0.5,avg_negative_log,10,0.3567,0.9,,1269,318,1562,0.0038707247324937678,True,0.0,False,5.0,uniform
0.3498168498168498,0.0,0.0,0.0,gaussian_noise,SKAB,fold_4,42,8,3,3,0.5,avg_negative_log,10,0.3567,0.9,,1269,318,1562,0.0038707247324937678,True,0.0,False,5.0,uniform
0.3498168498168498,0.0,0.0,0.0,original,SKAB,fold_4,123,8,3,3,0.5,avg_negative_log,10,0.3567,0.9,,1269,318,1562,0.0038707247324937678,True,0.0,False,5.0,uniform
0.3498168498168498,0.0,0.0,0.0,gaussian_noise,SKAB,fold_4,123,8,3,3,0.5,avg_negative_log,10,0.3567,0.9,,1269,318,1562,0.0038707247324937678,True,0.0,False,5.0,uniform
0.3498168498168498,0.0,0.0,0.0,original,SKAB,fold_4,2026,8,3,3,0.5,avg_negative_log,10,0.3567,0.9,,1269,318,1562,0.0038707247324937678,True,0.0,False,5.0,uniform
0.34798534798534797,0.0,0.0,0.0,gaussian_noise,SKAB,fold_4,2026,8,3,3,0.5,avg_negative_log,10,0.3567,0.9,,1269,318,1562,0.0038707247324937678,True,0.0,False,5.0,uniform
0.3498168498168498,0.0,0.0,0.0,original,SKAB,fold_4,7,8,3,3,0.5,avg_negative_log,10,0.3567,0.9,,1269,318,1562,0.0038707247324937678,True,0.0,False,5.0,uniform
0.34798534798534797,0.0,0.0,0.0,gaussian_noise,SKAB,fold_4,7,8,3,3,0.5,avg_negative_log,10,0.3567,0.9,,1269,318,1562,0.0038707247324937678,True,0.0,False,5.0,uniform
0.3498168498168498,0.0,0.0,0.0,original,SKAB,fold_4,999,8,3,3,0.5,avg_negative_log,10,0.3567,0.9,,1269,318,1562,0.0038707247324937678,True,0.0,False,5.0,uniform
0.34798534798534797,0.0,0.0,0.0,gaussian_noise,SKAB,fold_4,999,8,3,3,0.5,avg_negative_log,10,0.3567,0.9,,1269,318,1562,0.0038707247324937678,True,0.0,False,5.0,uniform
0.2039355992844365,0.0,0.0,0.0,original,SKAB,fold_5,42,8,3,3,0.5,avg_negative_log,10,0.3567,0.9,,1231,290,1559,0.004367069105577187,True,0.0,False,5.0,uniform
0.2003577817531306,0.0,0.0,0.0,gaussian_noise,SKAB,fold_5,42,8,3,3,0.5,avg_negative_log,10,0.3567,0.9,,1231,290,1559,0.004367069105577187,True,0.0,False,5.0,uniform
0.2039355992844365,0.0,0.0,0.0,original,SKAB,fold_5,123,8,3,3,0.5,avg_negative_log,10,0.3567,0.9,,1231,290,1559,0.004367069105577187,True,0.0,False,5.0,uniform
0.2110912343470483,0.0,0.0,0.0,gaussian_noise,SKAB,fold_5,123,8,3,3,0.5,avg_negative_log,10,0.3567,0.9,,1231,290,1559,0.004367069105577187,True,0.0,False,5.0,uniform
0.2039355992844365,0.0,0.0,0.0,original,SKAB,fold_5,2026,8,3,3,0.5,avg_negative_log,10,0.3567,0.9,,1231,290,1559,0.004367069105577187,True,0.0,False,5.0,uniform
0.23613595706618962,0.0,0.0,0.0,gaussian_noise,SKAB,fold_5,2026,8,3,3,0.5,avg_negative_log,10,0.3567,0.9,,1231,290,1559,0.004367069105577187,True,0.0,False,5.0,uniform
0.2039355992844365,0.0,0.0,0.0,original,SKAB,fold_5,7,8,3,3,0.5,avg_negative_log,10,0.3567,0.9,,1231,290,1559,0.004367069105577187,True,0.0,False,5.0,uniform
0.20930232558139536,0.0,0.0,0.0,gaussian_noise,SKAB,fold_5,7,8,3,3,0.5,avg_negative_log,10,0.3567,0.9,,1231,290,1559,0.004367069105577187,True,0.0,False,5.0,uniform
0.2039355992844365,0.0,0.0,0.0,original,SKAB,fold_5,999,8,3,3,0.5,avg_negative_log,10,0.3567,0.9,,1231,290,1559,0.004367069105577187,True,0.0,False,5.0,uniform
0.22898032200357782,0.0,0.0,0.0,gaussian_noise,SKAB,fold_5,999,8,3,3,0.5,avg_negative_log,10,0.3567,0.9,,1231,290,1559,0.004367069105577187,True,0.0,False,5.0,uniform
0.8252252252252252,0.0,0.0,0.0,original,SKAB,fold_1,42,8,3,3,0.5,avg_negative_log,10,0.5108,0.9,,1088,273,1348,0.004538353803059686,True,0.0,False,5.0,uniform
0.8234234234234235,0.0,0.0,0.0,gaussian_noise,SKAB,fold_1,42,8,3,3,0.5,avg_negative_log,10,0.5108,0.9,,1088,273,1348,0.004538353803059686,True,0.0,False,5.0,uniform
0.8252252252252252,0.0,0.0,0.0,original,SKAB,fold_1,123,8,3,3,0.5,avg_negative_log,10,0.5108,0.9,,1088,273,1348,0.004538353803059686,True,0.0,False,5.0,uniform
0.8234234234234235,0.0,0.0,0.0,gaussian_noise,SKAB,fold_1,123,8,3,3,0.5,avg_negative_log,10,0.5108,0.9,,1088,273,1348,0.004538353803059686,True,0.0,False,5.0,uniform
0.8252252252252252,0.0,0.0,0.0,original,SKAB,fold_1,2026,8,3,3,0.5,avg_negative_log,10,0.5108,0.9,,1088,273,1348,0.004538353803059686,True,0.0,False,5.0,uniform
0.8252252252252252,0.0,0.0,0.0,gaussian_noise,SKAB,fold_1,2026,8,3,3,0.5,avg_negative_log,10,0.5108,0.9,,1088,273,1348,0.004538353803059686,True,0.0,False,5.0,uniform
0.8252252252252252,0.0,0.0,0.0,original,SKAB,fold_1,7,8,3,3,0.5,avg_negative_log,10,0.5108,0.9,,1088,273,1348,0.004538353803059686,True,0.0,False,5.0,uniform
0.8252252252252252,0.0,0.0,0.0,gaussian_noise,SKAB,fold_1,7,8,3,3,0.5,avg_negative_log,10,0.5108,0.9,,1088,273,1348,0.004538353803059686,True,0.0,False,5.0,uniform
0.8252252252252252,0.0,0.0,0.0,original,SKAB,fold_1,999,8,3,3,0.5,avg_negative_log,10,0.5108,0.9,,1088,273,1348,0.004538353803059686,True,0.0,False,5.0,uniform
0.8234234234234235,0.0,0.0,0.0,gaussian_noise,SKAB,fold_1,999,8,3,3,0.5,avg_negative_log,10,0.5108,0.9,,1088,273,1348,0.004538353803059686,True,0.0,False,5.0,uniform
0.45750452079566006,0.0,0.0,0.0,original,SKAB,fold_2,42,8,3,3,0.5,avg_negative_log,10,0.5108,0.9,,1260,318,1542,0.0038484576220425277,True,0.0,False,5.0,uniform
0.4430379746835443,0.0,0.0,0.0,gaussian_noise,SKAB,fold_2,42,8,3,3,0.5,avg_negative_log,10,0.5108,0.9,,1260,318,1542,0.0038484576220425277,True,0.0,False,5.0,uniform
0.45750452079566006,0.0,0.0,0.0,original,SKAB,fold_2,123,8,3,3,0.5,avg_negative_log,10,0.5108,0.9,,1260,318,1542,0.0038484576220425277,True,0.0,False,5.0,uniform
0.41952983725135623,0.0,0.0,0.0,gaussian_noise,SKAB,fold_2,123,8,3,3,0.5,avg_negative_log,10,0.5108,0.9,,1260,318,1542,0.0038484576220425277,True,0.0,False,5.0,uniform
0.45750452079566006,0.0,0.0,0.0,original,SKAB,fold_2,2026,8,3,3,0.5,avg_negative_log,10,0.5108,0.9,,1260,318,1542,0.0038484576220425277,True,0.0,False,5.0,uniform
0.4448462929475588,0.0,0.0,0.0,gaussian_noise,SKAB,fold_2,2026,8,3,3,0.5,avg_negative_log,10,0.5108,0.9,,1260,318,1542,0.0038484576220425277,True,0.0,False,5.0,uniform
0.45750452079566006,0.0,0.0,0.0,original,SKAB,fold_2,7,8,3,3,0.5,avg_negative_log,10,0.5108,0.9,,1260,318,1542,0.0038484576220425277,True,0.0,False,5.0,uniform
0.4593128390596745,0.0,0.0,0.0,gaussian_noise,SKAB,fold_2,7,8,3,3,0.5,avg_negative_log,10,0.5108,0.9,,1260,318,1542,0.0038484576220425277,True,0.0,False,5.0,uniform
0.45750452079566006,0.0,0.0,0.0,original,SKAB,fold_2,999,8,3,3,0.5,avg_negative_log,10,0.5108,0.9,,1260,318,1542,0.0038484576220425277,True,0.0,False,5.0,uniform
0.44665461121157324,0.0,0.0,0.0,gaussian_noise,SKAB,fold_2,999,8,3,3,0.5,avg_negative_log,10,0.5108,0.9,,1260,318,1542,0.0038484576220425277,True,0.0,False,5.0,uniform
0.4141048824593128,0.0,0.0,0.0,original,SKAB,fold_3,42,8,3,3,0.5,avg_negative_log,10,0.5108,0.9,,1302,329,1597,0.003728189971939359,True,0.0,False,5.0,uniform
0.40687160940325495,0.0,0.0,0.0,gaussian_noise,SKAB,fold_3,42,8,3,3,0.5,avg_negative_log,10,0.5108,0.9,,1302,329,1597,0.003728189971939359,True,0.0,False,5.0,uniform
0.4141048824593128,0.0,0.0,0.0,original,SKAB,fold_3,123,8,3,3,0.5,avg_negative_log,10,0.5108,0.9,,1302,329,1597,0.003728189971939359,True,0.0,False,5.0,uniform
0.40325497287522605,0.0,0.0,0.0,gaussian_noise,SKAB,fold_3,123,8,3,3,0.5,avg_negative_log,10,0.5108,0.9,,1302,329,1597,0.003728189971939359,True,0.0,False,5.0,uniform
0.4141048824593128,0.0,0.0,0.0,original,SKAB,fold_3,2026,8,3,3,0.5,avg_negative_log,10,0.5108,0.9,,1302,329,1597,0.003728189971939359,True,0.0,False,5.0,uniform
0.4141048824593128,0.0,0.0,0.0,gaussian_noise,SKAB,fold_3,2026,8,3,3,0.5,avg_negative_log,10,0.5108,0.9,,1302,329,1597,0.003728189971939359,True,0.0,False,5.0,uniform
0.4141048824593128,0.0,0.0,0.0,original,SKAB,fold_3,7,8,3,3,0.5,avg_negative_log,10,0.5108,0.9,,1302,329,1597,0.003728189971939359,True,0.0,False,5.0,uniform
0.4141048824593128,0.0,0.0,0.0,gaussian_noise,SKAB,fold_3,7,8,3,3,0.5,avg_negative_log,10,0.5108,0.9,,1302,329,1597,0.003728189971939359,True,0.0,False,5.0,uniform
0.4141048824593128,0.0,0.0,0.0,original,SKAB,fold_3,999,8,3,3,0.5,avg_negative_log,10,0.5108,0.9,,1302,329,1597,0.003728189971939359,True,0.0,False,5.0,uniform
0.40687160940325495,0.0,0.0,0.0,gaussian_noise,SKAB,fold_3,999,8,3,3,0.5,avg_negative_log,10,0.5108,0.9,,1302,329,1597,0.003728189971939359,True,0.0,False,5.0,uniform
0.4249084249084249,0.0,0.0,0.0,original,SKAB,fold_4,42,8,3,3,0.5,avg_negative_log,10,0.5108,0.9,,1269,318,1562,0.0038707247324937678,True,0.0,False,5.0,uniform
0.4249084249084249,0.0,0.0,0.0,gaussian_noise,SKAB,fold_4,42,8,3,3,0.5,avg_negative_log,10,0.5108,0.9,,1269,318,1562,0.0038707247324937678,True,0.0,False,5.0,uniform
0.4249084249084249,0.0,0.0,0.0,original,SKAB,fold_4,123,8,3,3,0.5,avg_negative_log,10,0.5108,0.9,,1269,318,1562,0.0038707247324937678,True,0.0,False,5.0,uniform
0.4249084249084249,0.0,0.0,0.0,gaussian_noise,SKAB,fold_4,123,8,3,3,0.5,avg_negative_log,10,0.5108,0.9,,1269,318,1562,0.0038707247324937678,True,0.0,False,5.0,uniform
0.4249084249084249,0.0,0.0,0.0,original,SKAB,fold_4,2026,8,3,3,0.5,avg_negative_log,10,0.5108,0.9,,1269,318,1562,0.0038707247324937678,True,0.0,False,5.0,uniform
0.3974358974358974,0.0,0.0,0.0,gaussian_noise,SKAB,fold_4,2026,8,3,3,0.5,avg_negative_log,10,0.5108,0.9,,1269,318,1562,0.0038707247324937678,True,0.0,False,5.0,uniform
0.4249084249084249,0.0,0.0,0.0,original,SKAB,fold_4,7,8,3,3,0.5,avg_negative_log,10,0.5108,0.9,,1269,318,1562,0.0038707247324937678,True,0.0,False,5.0,uniform
0.4230769230769231,0.0,0.0,0.0,gaussian_noise,SKAB,fold_4,7,8,3,3,0.5,avg_negative_log,10,0.5108,0.9,,1269,318,1562,0.0038707247324937678,True,0.0,False,5.0,uniform
0.4249084249084249,0.0,0.0,0.0,original,SKAB,fold_4,999,8,3,3,0.5,avg_negative_log,10,0.5108,0.9,,1269,318,1562,0.0038707247324937678,True,0.0,False,5.0,uniform
0.4230769230769231,0.0,0.0,0.0,gaussian_noise,SKAB,fold_4,999,8,3,3,0.5,avg_negative_log,10,0.5108,0.9,,1269,318,1562,0.0038707247324937678,True,0.0,False,5.0,uniform
0.2075134168157424,0.0,0.0,0.0,original,SKAB,fold_5,42,8,3,3,0.5,avg_negative_log,10,0.5108,0.9,,1231,290,1559,0.004367069105577187,True,0.0,False,5.0,uniform
0.2039355992844365,0.0,0.0,0.0,gaussian_noise,SKAB,fold_5,42,8,3,3,0.5,avg_negative_log,10,0.5108,0.9,,1231,290,1559,0.004367069105577187,True,0.0,False,5.0,uniform
0.2075134168157424,0.0,0.0,0.0,original,SKAB,fold_5,123,8,3,3,0.5,avg_negative_log,10,0.5108,0.9,,1231,290,1559,0.004367069105577187,True,0.0,False,5.0,uniform
0.2146690518783542,0.0,0.0,0.0,gaussian_noise,SKAB,fold_5,123,8,3,3,0.5,avg_negative_log,10,0.5108,0.9,,1231,290,1559,0.004367069105577187,True,0.0,False,5.0,uniform
0.2075134168157424,0.0,0.0,0.0,original,SKAB,fold_5,2026,8,3,3,0.5,avg_negative_log,10,0.5108,0.9,,1231,290,1559,0.004367069105577187,True,0.0,False,5.0,uniform
0.23971377459749552,0.0,0.0,0.0,gaussian_noise,SKAB,fold_5,2026,8,3,3,0.5,avg_negative_log,10,0.5108,0.9,,1231,290,1559,0.004367069105577187,True,0.0,False,5.0,uniform
0.2075134168157424,0.0,0.0,0.0,original,SKAB,fold_5,7,8,3,3,0.5,avg_negative_log,10,0.5108,0.9,,1231,290,1559,0.004367069105577187,True,0.0,False,5.0,uniform
0.21288014311270126,0.0,0.0,0.0,gaussian_noise,SKAB,fold_5,7,8,3,3,0.5,avg_negative_log,10,0.5108,0.9,,1231,290,1559,0.004367069105577187,True,0.0,False,5.0,uniform
0.2075134168157424,0.0,0.0,0.0,original,SKAB,fold_5,999,8,3,3,0.5,avg_negative_log,10,0.5108,0.9,,1231,290,1559,0.004367069105577187,True,0.0,False,5.0,uniform
0.23255813953488372,0.0,0.0,0.0,gaussian_noise,SKAB,fold_5,999,8,3,3,0.5,avg_negative_log,10,0.5108,0.9,,1231,290,1559,0.004367069105577187,True,0.0,False,5.0,uniform
0.8306306306306306,0.0,0.0,0.0,original,SKAB,fold_1,42,8,3,3,0.5,avg_negative_log,10,0.6931,0.9,,1088,273,1348,0.004538353803059686,True,0.0,False,5.0,uniform
0.8288288288288288,0.0,0.0,0.0,gaussian_noise,SKAB,fold_1,42,8,3,3,0.5,avg_negative_log,10,0.6931,0.9,,1088,273,1348,0.004538353803059686,True,0.0,False,5.0,uniform
0.8306306306306306,0.0,0.0,0.0,original,SKAB,fold_1,123,8,3,3,0.5,avg_negative_log,10,0.6931,0.9,,1088,273,1348,0.004538353803059686,True,0.0,False,5.0,uniform
0.827027027027027,0.0,0.0,0.0,gaussian_noise,SKAB,fold_1,123,8,3,3,0.5,avg_negative_log,10,0.6931,0.9,,1088,273,1348,0.004538353803059686,True,0.0,False,5.0,uniform
0.8306306306306306,0.0,0.0,0.0,original,SKAB,fold_1,2026,8,3,3,0.5,avg_negative_log,10,0.6931,0.9,,1088,273,1348,0.004538353803059686,True,0.0,False,5.0,uniform
0.8306306306306306,0.0,0.0,0.0,gaussian_noise,SKAB,fold_1,2026,8,3,3,0.5,avg_negative_log,10,0.6931,0.9,,1088,273,1348,0.004538353803059686,True,0.0,False,5.0,uniform
0.8306306306306306,0.0,0.0,0.0,original,SKAB,fold_1,7,8,3,3,0.5,avg_negative_log,10,0.6931,0.9,,1088,273,1348,0.004538353803059686,True,0.0,False,5.0,uniform
0.8288288288288288,0.0,0.0,0.0,gaussian_noise,SKAB,fold_1,7,8,3,3,0.5,avg_negative_log,10,0.6931,0.9,,1088,273,1348,0.004538353803059686,True,0.0,False,5.0,uniform
0.8306306306306306,0.0,0.0,0.0,original,SKAB,fold_1,999,8,3,3,0.5,avg_negative_log,10,0.6931,0.9,,1088,273,1348,0.004538353803059686,True,0.0,False,5.0,uniform
0.8288288288288288,0.0,0.0,0.0,gaussian_noise,SKAB,fold_1,999,8,3,3,0.5,avg_negative_log,10,0.6931,0.9,,1088,273,1348,0.004538353803059686,True,0.0,False,5.0,uniform
0.4665461121157324,0.0,0.0,0.0,original,SKAB,fold_2,42,8,3,3,0.5,avg_negative_log,10,0.6931,0.9,,1260,318,1542,0.0038484576220425277,True,0.0,False,5.0,uniform
0.45207956600361665,0.0,0.0,0.0,gaussian_noise,SKAB,fold_2,42,8,3,3,0.5,avg_negative_log,10,0.6931,0.9,,1260,318,1542,0.0038484576220425277,True,0.0,False,5.0,uniform
0.4665461121157324,0.0,0.0,0.0,original,SKAB,fold_2,123,8,3,3,0.5,avg_negative_log,10,0.6931,0.9,,1260,318,1542,0.0038484576220425277,True,0.0,False,5.0,uniform
0.43399638336347196,0.0,0.0,0.0,gaussian_noise,SKAB,fold_2,123,8,3,3,0.5,avg_negative_log,10,0.6931,0.9,,1260,318,1542,0.0038484576220425277,True,0.0,False,5.0,uniform
0.4665461121157324,0.0,0.0,0.0,original,SKAB,fold_2,2026,8,3,3,0.5,avg_negative_log,10,0.6931,0.9,,1260,318,1542,0.0038484576220425277,True,0.0,False,5.0,uniform
0.4538878842676311,0.0,0.0,0.0,gaussian_noise,SKAB,fold_2,2026,8,3,3,0.5,avg_negative_log,10,0.6931,0.9,,1260,318,1542,0.0038484576220425277,True,0.0,False,5.0,uniform
0.4665461121157324,0.0,0.0,0.0,original,SKAB,fold_2,7,8,3,3,0.5,avg_negative_log,10,0.6931,0.9,,1260,318,1542,0.0038484576220425277,True,0.0,False,5.0,uniform
0.4701627486437613,0.0,0.0,0.0,gaussian_noise,SKAB,fold_2,7,8,3,3,0.5,avg_negative_log,10,0.6931,0.9,,1260,318,1542,0.0038484576220425277,True,0.0,False,5.0,uniform
0.4665461121157324,0.0,0.0,0.0,original,SKAB,fold_2,999,8,3,3,0.5,avg_negative_log,10,0.6931,0.9,,1260,318,1542,0.0038484576220425277,True,0.0,False,5.0,uniform
0.45750452079566006,0.0,0.0,0.0,gaussian_noise,SKAB,fold_2,999,8,3,3,0.5,avg_negative_log,10,0.6931,0.9,,1260,318,1542,0.0038484576220425277,True,0.0,False,5.0,uniform
0.4213381555153707,0.0,0.0,0.0,original,SKAB,fold_3,42,8,3,3,0.5,avg_negative_log,10,0.6931,0.9,,1302,329,1597,0.003728189971939359,True,0.0,False,5.0,uniform
0.4141048824593128,0.0,0.0,0.0,gaussian_noise,SKAB,fold_3,42,8,3,3,0.5,avg_negative_log,10,0.6931,0.9,,1302,329,1597,0.003728189971939359,True,0.0,False,5.0,uniform
0.4213381555153707,0.0,0.0,0.0,original,SKAB,fold_3,123,8,3,3,0.5,avg_negative_log,10,0.6931,0.9,,1302,329,1597,0.003728189971939359,True,0.0,False,5.0,uniform
0.4104882459312839,0.0,0.0,0.0,gaussian_noise,SKAB,fold_3,123,8,3,3,0.5,avg_negative_log,10,0.6931,0.9,,1302,329,1597,0.003728189971939359,True,0.0,False,5.0,uniform
0.4213381555153707,0.0,0.0,0.0,original,SKAB,fold_3,2026,8,3,3,0.5,avg_negative_log,10,0.6931,0.9,,1302,329,1597,0.003728189971939359,True,0.0,False,5.0,uniform
0.4213381555153707,0.0,0.0,0.0,gaussian_noise,SKAB,fold_3,2026,8,3,3,0.5,avg_negative_log,10,0.6931,0.9,,1302,329,1597,0.003728189971939359,True,0.0,False,5.0,uniform
0.4213381555153707,0.0,0.0,0.0,original,SKAB,fold_3,7,8,3,3,0.5,avg_negative_log,10,0.6931,0.9,,1302,329,1597,0.003728189971939359,True,0.0,False,5.0,uniform
0.4213381555153707,0.0,0.0,0.0,gaussian_noise,SKAB,fold_3,7,8,3,3,0.5,avg_negative_log,10,0.6931,0.9,,1302,329,1597,0.003728189971939359,True,0.0,False,5.0,uniform
0.4213381555153707,0.0,0.0,0.0,original,SKAB,fold_3,999,8,3,3,0.5,avg_negative_log,10,0.6931,0.9,,1302,329,1597,0.003728189971939359,True,0.0,False,5.0,uniform
0.4141048824593128,0.0,0.0,0.0,gaussian_noise,SKAB,fold_3,999,8,3,3,0.5,avg_negative_log,10,0.6931,0.9,,1302,329,1597,0.003728189971939359,True,0.0,False,5.0,uniform
0.43040293040293043,0.0,0.0,0.0,original,SKAB,fold_4,42,8,3,3,0.5,avg_negative_log,10,0.6931,0.9,,1269,318,1562,0.0038707247324937678,True,0.0,False,5.0,uniform
0.43040293040293043,0.0,0.0,0.0,gaussian_noise,SKAB,fold_4,42,8,3,3,0.5,avg_negative_log,10,0.6931,0.9,,1269,318,1562,0.0038707247324937678,True,0.0,False,5.0,uniform
0.43040293040293043,0.0,0.0,0.0,original,SKAB,fold_4,123,8,3,3,0.5,avg_negative_log,10,0.6931,0.9,,1269,318,1562,0.0038707247324937678,True,0.0,False,5.0,uniform
0.43040293040293043,0.0,0.0,0.0,gaussian_noise,SKAB,fold_4,123,8,3,3,0.5,avg_negative_log,10,0.6931,0.9,,1269,318,1562,0.0038707247324937678,True,0.0,False,5.0,uniform
0.43040293040293043,0.0,0.0,0.0,original,SKAB,fold_4,2026,8,3,3,0.5,avg_negative_log,10,0.6931,0.9,,1269,318,1562,0.0038707247324937678,True,0.0,False,5.0,uniform
0.40293040293040294,0.0,0.0,0.0,gaussian_noise,SKAB,fold_4,2026,8,3,3,0.5,avg_negative_log,10,0.6931,0.9,,1269,318,1562,0.0038707247324937678,True,0.0,False,5.0,uniform
0.43040293040293043,0.0,0.0,0.0,original,SKAB,fold_4,7,8,3,3,0.5,avg_negative_log,10,0.6931,0.9,,1269,318,1562,0.0038707247324937678,True,0.0,False,5.0,uniform
0.42857142857142855,0.0,0.0,0.0,gaussian_noise,SKAB,fold_4,7,8,3,3,0.5,avg_negative_log,10,0.6931,0.9,,1269,318,1562,0.0038707247324937678,True,0.0,False,5.0,uniform
0.43040293040293043,0.0,0.0,0.0,original,SKAB,fold_4,999,8,3,3,0.5,avg_negative_log,10,0.6931,0.9,,1269,318,1562,0.0038707247324937678,True,0.0,False,5.0,uniform
0.42857142857142855,0.0,0.0,0.0,gaussian_noise,SKAB,fold_4,999,8,3,3,0.5,avg_negative_log,10,0.6931,0.9,,1269,318,1562,0.0038707247324937678,True,0.0,False,5.0,uniform
0.22540250447227192,0.0,0.0,0.0,original,SKAB,fold_5,42,8,3,3,0.5,avg_negative_log,10,0.6931,0.9,,1231,290,1559,0.004367069105577187,True,0.0,False,5.0,uniform
0.22182468694096602,0.0,0.0,0.0,gaussian_noise,SKAB,fold_5,42,8,3,3,0.5,avg_negative_log,10,0.6931,0.9,,1231,290,1559,0.004367069105577187,True,0.0,False,5.0,uniform
0.22540250447227192,0.0,0.0,0.0,original,SKAB,fold_5,123,8,3,3,0.5,avg_negative_log,10,0.6931,0.9,,1231,290,1559,0.004367069105577187,True,0.0,False,5.0,uniform
0.23434704830053668,0.0,0.0,0.0,gaussian_noise,SKAB,fold_5,123,8,3,3,0.5,avg_negative_log,10,0.6931,0.9,,1231,290,1559,0.004367069105577187,True,0.0,False,5.0,uniform
0.22540250447227192,0.0,0.0,0.0,original,SKAB,fold_5,2026,8,3,3,0.5,avg_negative_log,10,0.6931,0.9,,1231,290,1559,0.004367069105577187,True,0.0,False,5.0,uniform
0.25760286225402507,0.0,0.0,0.0,gaussian_noise,SKAB,fold_5,2026,8,3,3,0.5,avg_negative_log,10,0.6931,0.9,,1231,290,1559,0.004367069105577187,True,0.0,False,5.0,uniform
0.22540250447227192,0.0,0.0,0.0,original,SKAB,fold_5,7,8,3,3,0.5,avg_negative_log,10,0.6931,0.9,,1231,290,1559,0.004367069105577187,True,0.0,False,5.0,uniform
0.23076923076923078,0.0,0.0,0.0,gaussian_noise,SKAB,fold_5,7,8,3,3,0.5,avg_negative_log,10,0.6931,0.9,,1231,290,1559,0.004367069105577187,True,0.0,False,5.0,uniform
0.22540250447227192,0.0,0.0,0.0,original,SKAB,fold_5,999,8,3,3,0.5,avg_negative_log,10,0.6931,0.9,,1231,290,1559,0.004367069105577187,True,0.0,False,5.0,uniform
0.2504472271914132,0.0,0.0,0.0,gaussian_noise,SKAB,fold_5,999,8,3,3,0.5,avg_negative_log,10,0.6931,0.9,,1231,290,1559,0.004367069105577187,True,0.0,False,5.0,uniform
0.8378378378378378,0.0,0.0,0.0,original,SKAB,fold_1,42,8,3,3,0.5,avg_negative_log,10,0.9163,0.9,,1088,273,1348,0.004538353803059686,True,0.0,False,5.0,uniform
0.836036036036036,0.0,0.0,0.0,gaussian_noise,SKAB,fold_1,42,8,3,3,0.5,avg_negative_log,10,0.9163,0.9,,1088,273,1348,0.004538353803059686,True,0.0,False,5.0,uniform
0.8378378378378378,0.0,0.0,0.0,original,SKAB,fold_1,123,8,3,3,0.5,avg_negative_log,10,0.9163,0.9,,1088,273,1348,0.004538353803059686,True,0.0,False,5.0,uniform
0.836036036036036,0.0,0.0,0.0,gaussian_noise,SKAB,fold_1,123,8,3,3,0.5,avg_negative_log,10,0.9163,0.9,,1088,273,1348,0.004538353803059686,True,0.0,False,5.0,uniform
0.8378378378378378,0.0,0.0,0.0,original,SKAB,fold_1,2026,8,3,3,0.5,avg_negative_log,10,0.9163,0.9,,1088,273,1348,0.004538353803059686,True,0.0,False,5.0,uniform
0.8378378378378378,0.0,0.0,0.0,gaussian_noise,SKAB,fold_1,2026,8,3,3,0.5,avg_negative_log,10,0.9163,0.9,,1088,273,1348,0.004538353803059686,True,0.0,False,5.0,uniform
0.8378378378378378,0.0,0.0,0.0,original,SKAB,fold_1,7,8,3,3,0.5,avg_negative_log,10,0.9163,0.9,,1088,273,1348,0.004538353803059686,True,0.0,False,5.0,uniform
0.8378378378378378,0.0,0.0,0.0,gaussian_noise,SKAB,fold_1,7,8,3,3,0.5,avg_negative_log,10,0.9163,0.9,,1088,273,1348,0.004538353803059686,True,0.0,False,5.0,uniform
0.8378378378378378,0.0,0.0,0.0,original,SKAB,fold_1,999,8,3,3,0.5,avg_negative_log,10,0.9163,0.9,,1088,273,1348,0.004538353803059686,True,0.0,False,5.0,uniform
0.836036036036036,0.0,0.0,0.0,gaussian_noise,SKAB,fold_1,999,8,3,3,0.5,avg_negative_log,10,0.9163,0.9,,1088,273,1348,0.004538353803059686,True,0.0,False,5.0,uniform
0.4755877034358047,0.0,0.0,0.0,original,SKAB,fold_2,42,8,3,3,0.5,avg_negative_log,10,0.9163,0.9,,1260,318,1542,0.0038484576220425277,True,0.0,False,5.0,uniform
0.46112115732368897,0.0,0.0,0.0,gaussian_noise,SKAB,fold_2,42,8,3,3,0.5,avg_negative_log,10,0.9163,0.9,,1260,318,1542,0.0038484576220425277,True,0.0,False,5.0,uniform
0.4755877034358047,0.0,0.0,0.0,original,SKAB,fold_2,123,8,3,3,0.5,avg_negative_log,10,0.9163,0.9,,1260,318,1542,0.0038484576220425277,True,0.0,False,5.0,uniform
0.44665461121157324,0.0,0.0,0.0,gaussian_noise,SKAB,fold_2,123,8,3,3,0.5,avg_negative_log,10,0.9163,0.9,,1260,318,1542,0.0038484576220425277,True,0.0,False,5.0,uniform
0.4755877034358047,0.0,0.0,0.0,original,SKAB,fold_2,2026,8,3,3,0.5,avg_negative_log,10,0.9163,0.9,,1260,318,1542,0.0038484576220425277,True,0.0,False,5.0,uniform
0.46112115732368897,0.0,0.0,0.0,gaussian_noise,SKAB,fold_2,2026,8,3,3,0.5,avg_negative_log,10,0.9163,0.9,,1260,318,1542,0.0038484576220425277,True,0.0,False,5.0,uniform
0.4755877034358047,0.0,0.0,0.0,original,SKAB,fold_2,7,8,3,3,0.5,avg_negative_log,10,0.9163,0.9,,1260,318,1542,0.0038484576220425277,True,0.0,False,5.0,uniform
0.48282097649186256,0.0,0.0,0.0,gaussian_noise,SKAB,fold_2,7,8,3,3,0.5,avg_negative_log,10,0.9163,0.9,,1260,318,1542,0.0038484576220425277,True,0.0,False,5.0,uniform
0.4755877034358047,0.0,0.0,0.0,original,SKAB,fold_2,999,8,3,3,0.5,avg_negative_log,10,0.9163,0.9,,1260,318,1542,0.0038484576220425277,True,0.0,False,5.0,uniform
0.4665461121157324,0.0,0.0,0.0,gaussian_noise,SKAB,fold_2,999,8,3,3,0.5,avg_negative_log,10,0.9163,0.9,,1260,318,1542,0.0038484576220425277,True,0.0,False,5.0,uniform
0.4430379746835443,0.0,0.0,0.0,original,SKAB,fold_3,42,8,3,3,0.5,avg_negative_log,10,0.9163,0.9,,1302,329,1597,0.003728189971939359,True,0.0,False,5.0,uniform
0.43037974683544306,0.0,0.0,0.0,gaussian_noise,SKAB,fold_3,42,8,3,3,0.5,avg_negative_log,10,0.9163,0.9,,1302,329,1597,0.003728189971939359,True,0.0,False,5.0,uniform
0.4430379746835443,0.0,0.0,0.0,original,SKAB,fold_3,123,8,3,3,0.5,avg_negative_log,10,0.9163,0.9,,1302,329,1597,0.003728189971939359,True,0.0,False,5.0,uniform
0.4321880650994575,0.0,0.0,0.0,gaussian_noise,SKAB,fold_3,123,8,3,3,0.5,avg_negative_log,10,0.9163,0.9,,1302,329,1597,0.003728189971939359,True,0.0,False,5.0,uniform
0.4430379746835443,0.0,0.0,0.0,original,SKAB,fold_3,2026,8,3,3,0.5,avg_negative_log,10,0.9163,0.9,,1302,329,1597,0.003728189971939359,True,0.0,False,5.0,uniform
0.4430379746835443,0.0,0.0,0.0,gaussian_noise,SKAB,fold_3,2026,8,3,3,0.5,avg_negative_log,10,0.9163,0.9,,1302,329,1597,0.003728189971939359,True,0.0,False,5.0,uniform
0.4430379746835443,0.0,0.0,0.0,original,SKAB,fold_3,7,8,3,3,0.5,avg_negative_log,10,0.9163,0.9,,1302,329,1597,0.003728189971939359,True,0.0,False,5.0,uniform
0.44665461121157324,0.0,0.0,0.0,gaussian_noise,SKAB,fold_3,7,8,3,3,0.5,avg_negative_log,10,0.9163,0.9,,1302,329,1597,0.003728189971939359,True,0.0,False,5.0,uniform
0.4430379746835443,0.0,0.0,0.0,original,SKAB,fold_3,999,8,3,3,0.5,avg_negative_log,10,0.9163,0.9,,1302,329,1597,0.003728189971939359,True,0.0,False,5.0,uniform
0.4321880650994575,0.0,0.0,0.0,gaussian_noise,SKAB,fold_3,999,8,3,3,0.5,avg_negative_log,10,0.9163,0.9,,1302,329,1597,0.003728189971939359,True,0.0,False,5.0,uniform
0.4432234432234432,0.0,0.0,0.0,original,SKAB,fold_4,42,8,3,3,0.5,avg_negative_log,10,0.9163,0.9,,1269,318,1562,0.0038707247324937678,True,0.0,False,5.0,uniform
0.4468864468864469,0.0,0.0,0.0,gaussian_noise,SKAB,fold_4,42,8,3,3,0.5,avg_negative_log,10,0.9163,0.9,,1269,318,1562,0.0038707247324937678,True,0.0,False,5.0,uniform
0.4432234432234432,0.0,0.0,0.0,original,SKAB,fold_4,123,8,3,3,0.5,avg_negative_log,10,0.9163,0.9,,1269,318,1562,0.0038707247324937678,True,0.0,False,5.0,uniform
0.4432234432234432,0.0,0.0,0.0,gaussian_noise,SKAB,fold_4,123,8,3,3,0.5,avg_negative_log,10,0.9163,0.9,,1269,318,1562,0.0038707247324937678,True,0.0,False,5.0,uniform
0.4432234432234432,0.0,0.0,0.0,original,SKAB,fold_4,2026,8,3,3,0.5,avg_negative_log,10,0.9163,0.9,,1269,318,1562,0.0038707247324937678,True,0.0,False,5.0,uniform
0.4157509157509158,0.0,0.0,0.0,gaussian_noise,SKAB,fold_4,2026,8,3,3,0.5,avg_negative_log,10,0.9163,0.9,,1269,318,1562,0.0038707247324937678,True,0.0,False,5.0,uniform
0.4432234432234432,0.0,0.0,0.0,original,SKAB,fold_4,7,8,3,3,0.5,avg_negative_log,10,0.9163,0.9,,1269,318,1562,0.0038707247324937678,True,0.0,False,5.0,uniform
0.44505494505494503,0.0,0.0,0.0,gaussian_noise,SKAB,fold_4,7,8,3,3,0.5,avg_negative_log,10,0.9163,0.9,,1269,318,1562,0.0038707247324937678,True,0.0,False,5.0,uniform
0.4432234432234432,0.0,0.0,0.0,original,SKAB,fold_4,999,8,3,3,0.5,avg_negative_log,10,0.9163,0.9,,1269,318,1562,0.0038707247324937678,True,0.0,False,5.0,uniform
0.44505494505494503,0.0,0.0,0.0,gaussian_noise,SKAB,fold_4,999,8,3,3,0.5,avg_negative_log,10,0.9163,0.9,,1269,318,1562,0.0038707247324937678,True,0.0,False,5.0,uniform
0.2898032200357782,0.0,0.0,0.0,original,SKAB,fold_5,42,8,3,3,0.5,avg_negative_log,10,0.9163,0.9,,1231,290,1559,0.004367069105577187,True,0.0,False,5.0,uniform
0.3041144901610018,0.0,0.0,0.0,gaussian_noise,SKAB,fold_5,42,8,3,3,0.5,avg_negative_log,10,0.9163,0.9,,1231,290,1559,0.004367069105577187,True,0.0,False,5.0,uniform
0.2898032200357782,0.0,0.0,0.0,original,SKAB,fold_5,123,8,3,3,0.5,avg_negative_log,10,0.9163,0.9,,1231,290,1559,0.004367069105577187,True,0.0,False,5.0,uniform
0.29874776386404295,0.0,0.0,0.0,gaussian_noise,SKAB,fold_5,123,8,3,3,0.5,avg_negative_log,10,0.9163,0.9,,1231,290,1559,0.004367069105577187,True,0.0,False,5.0,uniform
0.2898032200357782,0.0,0.0,0.0,original,SKAB,fold_5,2026,8,3,3,0.5,avg_negative_log,10,0.9163,0.9,,1231,290,1559,0.004367069105577187,True,0.0,False,5.0,uniform
0.3184257602862254,0.0,0.0,0.0,gaussian_noise,SKAB,fold_5,2026,8,3,3,0.5,avg_negative_log,10,0.9163,0.9,,1231,290,1559,0.004367069105577187,True,0.0,False,5.0,uniform
0.2898032200357782,0.0,0.0,0.0,original,SKAB,fold_5,7,8,3,3,0.5,avg_negative_log,10,0.9163,0.9,,1231,290,1559,0.004367069105577187,True,0.0,False,5.0,uniform
0.2808586762075134,0.0,0.0,0.0,gaussian_noise,SKAB,fold_5,7,8,3,3,0.5,avg_negative_log,10,0.9163,0.9,,1231,290,1559,0.004367069105577187,True,0.0,False,5.0,uniform
0.2898032200357782,0.0,0.0,0.0,original,SKAB,fold_5,999,8,3,3,0.5,avg_negative_log,10,0.9163,0.9,,1231,290,1559,0.004367069105577187,True,0.0,False,5.0,uniform
0.2826475849731664,0.0,0.0,0.0,gaussian_noise,SKAB,fold_5,999,8,3,3,0.5,avg_negative_log,10,0.9163,0.9,,1231,290,1559,0.004367069105577187,True,0.0,False,5.0,uniform
0.0040650406504065045,0.0,0.0,0.0,original,SKAB,fold_1,42,9,3,3,0.5,avg_negative_log,10,0.0,0.9,,1110,307,1292,0.003791413563400534,True,0.0,False,5.0,uniform
0.0040650406504065045,0.0,0.0,0.0,gaussian_noise,SKAB,fold_1,42,9,3,3,0.5,avg_negative_log,10,0.0,0.9,,1110,307,1292,0.003791413563400534,True,0.0,False,5.0,uniform
0.0040650406504065045,0.0,0.0,0.0,original,SKAB,fold_1,123,9,3,3,0.5,avg_negative_log,10,0.0,0.9,,1110,307,1292,0.003791413563400534,True,0.0,False,5.0,uniform
0.0040650406504065045,0.0,0.0,0.0,gaussian_noise,SKAB,fold_1,123,9,3,3,0.5,avg_negative_log,10,0.0,0.9,,1110,307,1292,0.003791413563400534,True,0.0,False,5.0,uniform
0.0040650406504065045,0.0,0.0,0.0,original,SKAB,fold_1,2026,9,3,3,0.5,avg_negative_log,10,0.0,0.9,,1110,307,1292,0.003791413563400534,True,0.0,False,5.0,uniform
0.0040650406504065045,0.0,0.0,0.0,gaussian_noise,SKAB,fold_1,2026,9,3,3,0.5,avg_negative_log,10,0.0,0.9,,1110,307,1292,0.003791413563400534,True,0.0,False,5.0,uniform
0.0040650406504065045,0.0,0.0,0.0,original,SKAB,fold_1,7,9,3,3,0.5,avg_negative_log,10,0.0,0.9,,1110,307,1292,0.003791413563400534,True,0.0,False,5.0,uniform
0.0040650406504065045,0.0,0.0,0.0,gaussian_noise,SKAB,fold_1,7,9,3,3,0.5,avg_negative_log,10,0.0,0.9,,1110,307,1292,0.003791413563400534,True,0.0,False,5.0,uniform
0.0040650406504065045,0.0,0.0,0.0,original,SKAB,fold_1,999,9,3,3,0.5,avg_negative_log,10,0.0,0.9,,1110,307,1292,0.003791413563400534,True,0.0,False,5.0,uniform
0.0040650406504065045,0.0,0.0,0.0,gaussian_noise,SKAB,fold_1,999,9,3,3,0.5,avg_negative_log,10,0.0,0.9,,1110,307,1292,0.003791413563400534,True,0.0,False,5.0,uniform
0.004081632653061225,0.0,0.0,0.0,original,SKAB,fold_2,42,9,3,3,0.5,avg_negative_log,10,0.0,0.9,,1454,412,1650,0.002754370267491086,True,0.0,False,5.0,uniform
0.004081632653061225,0.0,0.0,0.0,gaussian_noise,SKAB,fold_2,42,9,3,3,0.5,avg_negative_log,10,0.0,0.9,,1454,412,1650,0.002754370267491086,True,0.0,False,5.0,uniform
0.004081632653061225,0.0,0.0,0.0,original,SKAB,fold_2,123,9,3,3,0.5,avg_negative_log,10,0.0,0.9,,1454,412,1650,0.002754370267491086,True,0.0,False,5.0,uniform
0.004081632653061225,0.0,0.0,0.0,gaussian_noise,SKAB,fold_2,123,9,3,3,0.5,avg_negative_log,10,0.0,0.9,,1454,412,1650,0.002754370267491086,True,0.0,False,5.0,uniform
0.004081632653061225,0.0,0.0,0.0,original,SKAB,fold_2,2026,9,3,3,0.5,avg_negative_log,10,0.0,0.9,,1454,412,1650,0.002754370267491086,True,0.0,False,5.0,uniform
0.004081632653061225,0.0,0.0,0.0,gaussian_noise,SKAB,fold_2,2026,9,3,3,0.5,avg_negative_log,10,0.0,0.9,,1454,412,1650,0.002754370267491086,True,0.0,False,5.0,uniform
0.004081632653061225,0.0,0.0,0.0,original,SKAB,fold_2,7,9,3,3,0.5,avg_negative_log,10,0.0,0.9,,1454,412,1650,0.002754370267491086,True,0.0,False,5.0,uniform
0.004081632653061225,0.0,0.0,0.0,gaussian_noise,SKAB,fold_2,7,9,3,3,0.5,avg_negative_log,10,0.0,0.9,,1454,412,1650,0.002754370267491086,True,0.0,False,5.0,uniform
0.004081632653061225,0.0,0.0,0.0,original,SKAB,fold_2,999,9,3,3,0.5,avg_negative_log,10,0.0,0.9,,1454,412,1650,0.002754370267491086,True,0.0,False,5.0,uniform
0.004081632653061225,0.0,0.0,0.0,gaussian_noise,SKAB,fold_2,999,9,3,3,0.5,avg_negative_log,10,0.0,0.9,,1454,412,1650,0.002754370267491086,True,0.0,False,5.0,uniform
0.004081632653061225,0.0,0.0,0.0,original,SKAB,fold_3,42,9,3,3,0.5,avg_negative_log,10,0.0,0.9,,1435,395,1652,0.0029144797777091694,True,0.0,False,5.0,uniform
0.004081632653061225,0.0,0.0,0.0,gaussian_noise,SKAB,fold_3,42,9,3,3,0.5,avg_negative_log,10,0.0,0.9,,1435,395,1652,0.0029144797777091694,True,0.0,False,5.0,uniform
0.004081632653061225,0.0,0.0,0.0,original,SKAB,fold_3,123,9,3,3,0.5,avg_negative_log,10,0.0,0.9,,1435,395,1652,0.0029144797777091694,True,0.0,False,5.0,uniform
0.004081632653061225,0.0,0.0,0.0,gaussian_noise,SKAB,fold_3,123,9,3,3,0.5,avg_negative_log,10,0.0,0.9,,1435,395,1652,0.0029144797777091694,True,0.0,False,5.0,uniform
0.004081632653061225,0.0,0.0,0.0,original,SKAB,fold_3,2026,9,3,3,0.5,avg_negative_log,10,0.0,0.9,,1435,395,1652,0.0029144797777091694,True,0.0,False,5.0,uniform
0.004081632653061225,0.0,0.0,0.0,gaussian_noise,SKAB,fold_3,2026,9,3,3,0.5,avg_negative_log,10,0.0,0.9,,1435,395,1652,0.0029144797777091694,True,0.0,False,5.0,uniform
0.004081632653061225,0.0,0.0,0.0,original,SKAB,fold_3,7,9,3,3,0.5,avg_negative_log,10,0.0,0.9,,1435,395,1652,0.0029144797777091694,True,0.0,False,5.0,uniform
0.004081632653061225,0.0,0.0,0.0,gaussian_noise,SKAB,fold_3,7,9,3,3,0.5,avg_negative_log,10,0.0,0.9,,1435,395,1652,0.0029144797777091694,True,0.0,False,5.0,uniform
0.004081632653061225,0.0,0.0,0.0,original,SKAB,fold_3,999,9,3,3,0.5,avg_negative_log,10,0.0,0.9,,1435,395,1652,0.0029144797777091694,True,0.0,False,5.0,uniform
0.004081632653061225,0.0,0.0,0.0,gaussian_noise,SKAB,fold_3,999,9,3,3,0.5,avg_negative_log,10,0.0,0.9,,1435,395,1652,0.0029144797777091694,True,0.0,False,5.0,uniform
0.004140786749482402,0.0,0.0,0.0,original,SKAB,fold_4,42,9,3,3,0.5,avg_negative_log,10,0.0,0.9,,1434,403,1633,0.0028257386200428447,True,0.0,False,5.0,uniform
0.004140786749482402,0.0,0.0,0.0,gaussian_noise,SKAB,fold_4,42,9,3,3,0.5,avg_negative_log,10,0.0,0.9,,1434,403,1633,0.0028257386200428447,True,0.0,False,5.0,uniform
0.004140786749482402,0.0,0.0,0.0,original,SKAB,fold_4,123,9,3,3,0.5,avg_negative_log,10,0.0,0.9,,1434,403,1633,0.0028257386200428447,True,0.0,False,5.0,uniform
0.004140786749482402,0.0,0.0,0.0,gaussian_noise,SKAB,fold_4,123,9,3,3,0.5,avg_negative_log,10,0.0,0.9,,1434,403,1633,0.0028257386200428447,True,0.0,False,5.0,uniform
0.004140786749482402,0.0,0.0,0.0,original,SKAB,fold_4,2026,9,3,3,0.5,avg_negative_log,10,0.0,0.9,,1434,403,1633,0.0028257386200428447,True,0.0,False,5.0,uniform
0.004140786749482402,0.0,0.0,0.0,gaussian_noise,SKAB,fold_4,2026,9,3,3,0.5,avg_negative_log,10,0.0,0.9,,1434,403,1633,0.0028257386200428447,True,0.0,False,5.0,uniform
0.004140786749482402,0.0,0.0,0.0,original,SKAB,fold_4,7,9,3,3,0.5,avg_negative_log,10,0.0,0.9,,1434,403,1633,0.0028257386200428447,True,0.0,False,5.0,uniform
0.004140786749482402,0.0,0.0,0.0,gaussian_noise,SKAB,fold_4,7,9,3,3,0.5,avg_negative_log,10,0.0,0.9,,1434,403,1633,0.0028257386200428447,True,0.0,False,5.0,uniform
0.004140786749482402,0.0,0.0,0.0,original,SKAB,fold_4,999,9,3,3,0.5,avg_negative_log,10,0.0,0.9,,1434,403,1633,0.0028257386200428447,True,0.0,False,5.0,uniform
0.004140786749482402,0.0,0.0,0.0,gaussian_noise,SKAB,fold_4,999,9,3,3,0.5,avg_negative_log,10,0.0,0.9,,1434,403,1633,0.0028257386200428447,True,0.0,False,5.0,uniform
0.00404040404040404,0.0,0.0,0.0,original,SKAB,fold_5,42,9,3,3,0.5,avg_negative_log,10,0.0,0.9,,1420,381,1678,0.003101548926102547,True,0.0,False,5.0,uniform
0.00404040404040404,0.0,0.0,0.0,gaussian_noise,SKAB,fold_5,42,9,3,3,0.5,avg_negative_log,10,0.0,0.9,,1420,381,1678,0.003101548926102547,True,0.0,False,5.0,uniform
0.00404040404040404,0.0,0.0,0.0,original,SKAB,fold_5,123,9,3,3,0.5,avg_negative_log,10,0.0,0.9,,1420,381,1678,0.003101548926102547,True,0.0,False,5.0,uniform
0.00404040404040404,0.0,0.0,0.0,gaussian_noise,SKAB,fold_5,123,9,3,3,0.5,avg_negative_log,10,0.0,0.9,,1420,381,1678,0.003101548926102547,True,0.0,False,5.0,uniform
0.00404040404040404,0.0,0.0,0.0,original,SKAB,fold_5,2026,9,3,3,0.5,avg_negative_log,10,0.0,0.9,,1420,381,1678,0.003101548926102547,True,0.0,False,5.0,uniform
0.00404040404040404,0.0,0.0,0.0,gaussian_noise,SKAB,fold_5,2026,9,3,3,0.5,avg_negative_log,10,0.0,0.9,,1420,381,1678,0.003101548926102547,True,0.0,False,5.0,uniform
0.00404040404040404,0.0,0.0,0.0,original,SKAB,fold_5,7,9,3,3,0.5,avg_negative_log,10,0.0,0.9,,1420,381,1678,0.003101548926102547,True,0.0,False,5.0,uniform
0.00404040404040404,0.0,0.0,0.0,gaussian_noise,SKAB,fold_5,7,9,3,3,0.5,avg_negative_log,10,0.0,0.9,,1420,381,1678,0.003101548926102547,True,0.0,False,5.0,uniform
0.00404040404040404,0.0,0.0,0.0,original,SKAB,fold_5,999,9,3,3,0.5,avg_negative_log,10,0.0,0.9,,1420,381,1678,0.003101548926102547,True,0.0,False,5.0,uniform
0.00404040404040404,0.0,0.0,0.0,gaussian_noise,SKAB,fold_5,999,9,3,3,0.5,avg_negative_log,10,0.0,0.9,,1420,381,1678,0.003101548926102547,True,0.0,False,5.0,uniform
0.0040650406504065045,0.0,0.0,0.0,original,SKAB,fold_1,42,9,3,3,0.5,avg_negative_log,10,0.001,0.9,,1110,307,1292,0.003791413563400534,True,0.0,False,5.0,uniform
0.0040650406504065045,0.0,0.0,0.0,gaussian_noise,SKAB,fold_1,42,9,3,3,0.5,avg_negative_log,10,0.001,0.9,,1110,307,1292,0.003791413563400534,True,0.0,False,5.0,uniform
0.0040650406504065045,0.0,0.0,0.0,original,SKAB,fold_1,123,9,3,3,0.5,avg_negative_log,10,0.001,0.9,,1110,307,1292,0.003791413563400534,True,0.0,False,5.0,uniform
0.0040650406504065045,0.0,0.0,0.0,gaussian_noise,SKAB,fold_1,123,9,3,3,0.5,avg_negative_log,10,0.001,0.9,,1110,307,1292,0.003791413563400534,True,0.0,False,5.0,uniform
0.0040650406504065045,0.0,0.0,0.0,original,SKAB,fold_1,2026,9,3,3,0.5,avg_negative_log,10,0.001,0.9,,1110,307,1292,0.003791413563400534,True,0.0,False,5.0,uniform
0.0040650406504065045,0.0,0.0,0.0,gaussian_noise,SKAB,fold_1,2026,9,3,3,0.5,avg_negative_log,10,0.001,0.9,,1110,307,1292,0.003791413563400534,True,0.0,False,5.0,uniform
0.0040650406504065045,0.0,0.0,0.0,original,SKAB,fold_1,7,9,3,3,0.5,avg_negative_log,10,0.001,0.9,,1110,307,1292,0.003791413563400534,True,0.0,False,5.0,uniform
0.0040650406504065045,0.0,0.0,0.0,gaussian_noise,SKAB,fold_1,7,9,3,3,0.5,avg_negative_log,10,0.001,0.9,,1110,307,1292,0.003791413563400534,True,0.0,False,5.0,uniform
0.0040650406504065045,0.0,0.0,0.0,original,SKAB,fold_1,999,9,3,3,0.5,avg_negative_log,10,0.001,0.9,,1110,307,1292,0.003791413563400534,True,0.0,False,5.0,uniform
0.0040650406504065045,0.0,0.0,0.0,gaussian_noise,SKAB,fold_1,999,9,3,3,0.5,avg_negative_log,10,0.001,0.9,,1110,307,1292,0.003791413563400534,True,0.0,False,5.0,uniform
0.004081632653061225,0.0,0.0,0.0,original,SKAB,fold_2,42,9,3,3,0.5,avg_negative_log,10,0.001,0.9,,1454,412,1650,0.002754370267491086,True,0.0,False,5.0,uniform
0.004081632653061225,0.0,0.0,0.0,gaussian_noise,SKAB,fold_2,42,9,3,3,0.5,avg_negative_log,10,0.001,0.9,,1454,412,1650,0.002754370267491086,True,0.0,False,5.0,uniform
0.004081632653061225,0.0,0.0,0.0,original,SKAB,fold_2,123,9,3,3,0.5,avg_negative_log,10,0.001,0.9,,1454,412,1650,0.002754370267491086,True,0.0,False,5.0,uniform
0.004081632653061225,0.0,0.0,0.0,gaussian_noise,SKAB,fold_2,123,9,3,3,0.5,avg_negative_log,10,0.001,0.9,,1454,412,1650,0.002754370267491086,True,0.0,False,5.0,uniform
0.004081632653061225,0.0,0.0,0.0,original,SKAB,fold_2,2026,9,3,3,0.5,avg_negative_log,10,0.001,0.9,,1454,412,1650,0.002754370267491086,True,0.0,False,5.0,uniform
0.004081632653061225,0.0,0.0,0.0,gaussian_noise,SKAB,fold_2,2026,9,3,3,0.5,avg_negative_log,10,0.001,0.9,,1454,412,1650,0.002754370267491086,True,0.0,False,5.0,uniform
0.004081632653061225,0.0,0.0,0.0,original,SKAB,fold_2,7,9,3,3,0.5,avg_negative_log,10,0.001,0.9,,1454,412,1650,0.002754370267491086,True,0.0,False,5.0,uniform
0.004081632653061225,0.0,0.0,0.0,gaussian_noise,SKAB,fold_2,7,9,3,3,0.5,avg_negative_log,10,0.001,0.9,,1454,412,1650,0.002754370267491086,True,0.0,False,5.0,uniform
0.004081632653061225,0.0,0.0,0.0,original,SKAB,fold_2,999,9,3,3,0.5,avg_negative_log,10,0.001,0.9,,1454,412,1650,0.002754370267491086,True,0.0,False,5.0,uniform
0.004081632653061225,0.0,0.0,0.0,gaussian_noise,SKAB,fold_2,999,9,3,3,0.5,avg_negative_log,10,0.001,0.9,,1454,412,1650,0.002754370267491086,True,0.0,False,5.0,uniform
0.004081632653061225,0.0,0.0,0.0,original,SKAB,fold_3,42,9,3,3,0.5,avg_negative_log,10,0.001,0.9,,1435,395,1652,0.0029144797777091694,True,0.0,False,5.0,uniform
0.004081632653061225,0.0,0.0,0.0,gaussian_noise,SKAB,fold_3,42,9,3,3,0.5,avg_negative_log,10,0.001,0.9,,1435,395,1652,0.0029144797777091694,True,0.0,False,5.0,uniform
0.004081632653061225,0.0,0.0,0.0,original,SKAB,fold_3,123,9,3,3,0.5,avg_negative_log,10,0.001,0.9,,1435,395,1652,0.0029144797777091694,True,0.0,False,5.0,uniform
0.004081632653061225,0.0,0.0,0.0,gaussian_noise,SKAB,fold_3,123,9,3,3,0.5,avg_negative_log,10,0.001,0.9,,1435,395,1652,0.0029144797777091694,True,0.0,False,5.0,uniform
0.004081632653061225,0.0,0.0,0.0,original,SKAB,fold_3,2026,9,3,3,0.5,avg_negative_log,10,0.001,0.9,,1435,395,1652,0.0029144797777091694,True,0.0,False,5.0,uniform
0.004081632653061225,0.0,0.0,0.0,gaussian_noise,SKAB,fold_3,2026,9,3,3,0.5,avg_negative_log,10,0.001,0.9,,1435,395,1652,0.0029144797777091694,True,0.0,False,5.0,uniform
0.004081632653061225,0.0,0.0,0.0,original,SKAB,fold_3,7,9,3,3,0.5,avg_negative_log,10,0.001,0.9,,1435,395,1652,0.0029144797777091694,True,0.0,False,5.0,uniform
0.004081632653061225,0.0,0.0,0.0,gaussian_noise,SKAB,fold_3,7,9,3,3,0.5,avg_negative_log,10,0.001,0.9,,1435,395,1652,0.0029144797777091694,True,0.0,False,5.0,uniform
0.004081632653061225,0.0,0.0,0.0,original,SKAB,fold_3,999,9,3,3,0.5,avg_negative_log,10,0.001,0.9,,1435,395,1652,0.0029144797777091694,True,0.0,False,5.0,uniform
0.004081632653061225,0.0,0.0,0.0,gaussian_noise,SKAB,fold_3,999,9,3,3,0.5,avg_negative_log,10,0.001,0.9,,1435,395,1652,0.0029144797777091694,True,0.0,False,5.0,uniform
0.004140786749482402,0.0,0.0,0.0,original,SKAB,fold_4,42,9,3,3,0.5,avg_negative_log,10,0.001,0.9,,1434,403,1633,0.0028257386200428447,True,0.0,False,5.0,uniform
0.004140786749482402,0.0,0.0,0.0,gaussian_noise,SKAB,fold_4,42,9,3,3,0.5,avg_negative_log,10,0.001,0.9,,1434,403,1633,0.0028257386200428447,True,0.0,False,5.0,uniform
0.004140786749482402,0.0,0.0,0.0,original,SKAB,fold_4,123,9,3,3,0.5,avg_negative_log,10,0.001,0.9,,1434,403,1633,0.0028257386200428447,True,0.0,False,5.0,uniform
0.004140786749482402,0.0,0.0,0.0,gaussian_noise,SKAB,fold_4,123,9,3,3,0.5,avg_negative_log,10,0.001,0.9,,1434,403,1633,0.0028257386200428447,True,0.0,False,5.0,uniform
0.004140786749482402,0.0,0.0,0.0,original,SKAB,fold_4,2026,9,3,3,0.5,avg_negative_log,10,0.001,0.9,,1434,403,1633,0.0028257386200428447,True,0.0,False,5.0,uniform
0.004140786749482402,0.0,0.0,0.0,gaussian_noise,SKAB,fold_4,2026,9,3,3,0.5,avg_negative_log,10,0.001,0.9,,1434,403,1633,0.0028257386200428447,True,0.0,False,5.0,uniform
0.004140786749482402,0.0,0.0,0.0,original,SKAB,fold_4,7,9,3,3,0.5,avg_negative_log,10,0.001,0.9,,1434,403,1633,0.0028257386200428447,True,0.0,False,5.0,uniform
0.004140786749482402,0.0,0.0,0.0,gaussian_noise,SKAB,fold_4,7,9,3,3,0.5,avg_negative_log,10,0.001,0.9,,1434,403,1633,0.0028257386200428447,True,0.0,False,5.0,uniform
0.004140786749482402,0.0,0.0,0.0,original,SKAB,fold_4,999,9,3,3,0.5,avg_negative_log,10,0.001,0.9,,1434,403,1633,0.0028257386200428447,True,0.0,False,5.0,uniform
0.004140786749482402,0.0,0.0,0.0,gaussian_noise,SKAB,fold_4,999,9,3,3,0.5,avg_negative_log,10,0.001,0.9,,1434,403,1633,0.0028257386200428447,True,0.0,False,5.0,uniform
0.00404040404040404,0.0,0.0,0.0,original,SKAB,fold_5,42,9,3,3,0.5,avg_negative_log,10,0.001,0.9,,1420,381,1678,0.003101548926102547,True,0.0,False,5.0,uniform
0.00404040404040404,0.0,0.0,0.0,gaussian_noise,SKAB,fold_5,42,9,3,3,0.5,avg_negative_log,10,0.001,0.9,,1420,381,1678,0.003101548926102547,True,0.0,False,5.0,uniform
0.00404040404040404,0.0,0.0,0.0,original,SKAB,fold_5,123,9,3,3,0.5,avg_negative_log,10,0.001,0.9,,1420,381,1678,0.003101548926102547,True,0.0,False,5.0,uniform
0.00404040404040404,0.0,0.0,0.0,gaussian_noise,SKAB,fold_5,123,9,3,3,0.5,avg_negative_log,10,0.001,0.9,,1420,381,1678,0.003101548926102547,True,0.0,False,5.0,uniform
0.00404040404040404,0.0,0.0,0.0,original,SKAB,fold_5,2026,9,3,3,0.5,avg_negative_log,10,0.001,0.9,,1420,381,1678,0.003101548926102547,True,0.0,False,5.0,uniform
0.00404040404040404,0.0,0.0,0.0,gaussian_noise,SKAB,fold_5,2026,9,3,3,0.5,avg_negative_log,10,0.001,0.9,,1420,381,1678,0.003101548926102547,True,0.0,False,5.0,uniform
0.00404040404040404,0.0,0.0,0.0,original,SKAB,fold_5,7,9,3,3,0.5,avg_negative_log,10,0.001,0.9,,1420,381,1678,0.003101548926102547,True,0.0,False,5.0,uniform
0.00404040404040404,0.0,0.0,0.0,gaussian_noise,SKAB,fold_5,7,9,3,3,0.5,avg_negative_log,10,0.001,0.9,,1420,381,1678,0.003101548926102547,True,0.0,False,5.0,uniform
0.00404040404040404,0.0,0.0,0.0,original,SKAB,fold_5,999,9,3,3,0.5,avg_negative_log,10,0.001,0.9,,1420,381,1678,0.003101548926102547,True,0.0,False,5.0,uniform
0.00404040404040404,0.0,0.0,0.0,gaussian_noise,SKAB,fold_5,999,9,3,3,0.5,avg_negative_log,10,0.001,0.9,,1420,381,1678,0.003101548926102547,True,0.0,False,5.0,uniform
0.0040650406504065045,0.0,0.0,0.0,original,SKAB,fold_1,42,9,3,3,0.5,avg_negative_log,10,0.005,0.9,,1110,307,1292,0.003791413563400534,True,0.0,False,5.0,uniform
0.0040650406504065045,0.0,0.0,0.0,gaussian_noise,SKAB,fold_1,42,9,3,3,0.5,avg_negative_log,10,0.005,0.9,,1110,307,1292,0.003791413563400534,True,0.0,False,5.0,uniform
0.0040650406504065045,0.0,0.0,0.0,original,SKAB,fold_1,123,9,3,3,0.5,avg_negative_log,10,0.005,0.9,,1110,307,1292,0.003791413563400534,True,0.0,False,5.0,uniform
0.0040650406504065045,0.0,0.0,0.0,gaussian_noise,SKAB,fold_1,123,9,3,3,0.5,avg_negative_log,10,0.005,0.9,,1110,307,1292,0.003791413563400534,True,0.0,False,5.0,uniform
0.0040650406504065045,0.0,0.0,0.0,original,SKAB,fold_1,2026,9,3,3,0.5,avg_negative_log,10,0.005,0.9,,1110,307,1292,0.003791413563400534,True,0.0,False,5.0,uniform
0.0040650406504065045,0.0,0.0,0.0,gaussian_noise,SKAB,fold_1,2026,9,3,3,0.5,avg_negative_log,10,0.005,0.9,,1110,307,1292,0.003791413563400534,True,0.0,False,5.0,uniform
0.0040650406504065045,0.0,0.0,0.0,original,SKAB,fold_1,7,9,3,3,0.5,avg_negative_log,10,0.005,0.9,,1110,307,1292,0.003791413563400534,True,0.0,False,5.0,uniform
0.0040650406504065045,0.0,0.0,0.0,gaussian_noise,SKAB,fold_1,7,9,3,3,0.5,avg_negative_log,10,0.005,0.9,,1110,307,1292,0.003791413563400534,True,0.0,False,5.0,uniform
0.0040650406504065045,0.0,0.0,0.0,original,SKAB,fold_1,999,9,3,3,0.5,avg_negative_log,10,0.005,0.9,,1110,307,1292,0.003791413563400534,True,0.0,False,5.0,uniform
0.0040650406504065045,0.0,0.0,0.0,gaussian_noise,SKAB,fold_1,999,9,3,3,0.5,avg_negative_log,10,0.005,0.9,,1110,307,1292,0.003791413563400534,True,0.0,False,5.0,uniform
0.004081632653061225,0.0,0.0,0.0,original,SKAB,fold_2,42,9,3,3,0.5,avg_negative_log,10,0.005,0.9,,1454,412,1650,0.002754370267491086,True,0.0,False,5.0,uniform
0.004081632653061225,0.0,0.0,0.0,gaussian_noise,SKAB,fold_2,42,9,3,3,0.5,avg_negative_log,10,0.005,0.9,,1454,412,1650,0.002754370267491086,True,0.0,False,5.0,uniform
0.004081632653061225,0.0,0.0,0.0,original,SKAB,fold_2,123,9,3,3,0.5,avg_negative_log,10,0.005,0.9,,1454,412,1650,0.002754370267491086,True,0.0,False,5.0,uniform
0.004081632653061225,0.0,0.0,0.0,gaussian_noise,SKAB,fold_2,123,9,3,3,0.5,avg_negative_log,10,0.005,0.9,,1454,412,1650,0.002754370267491086,True,0.0,False,5.0,uniform
0.004081632653061225,0.0,0.0,0.0,original,SKAB,fold_2,2026,9,3,3,0.5,avg_negative_log,10,0.005,0.9,,1454,412,1650,0.002754370267491086,True,0.0,False,5.0,uniform
0.004081632653061225,0.0,0.0,0.0,gaussian_noise,SKAB,fold_2,2026,9,3,3,0.5,avg_negative_log,10,0.005,0.9,,1454,412,1650,0.002754370267491086,True,0.0,False,5.0,uniform
0.004081632653061225,0.0,0.0,0.0,original,SKAB,fold_2,7,9,3,3,0.5,avg_negative_log,10,0.005,0.9,,1454,412,1650,0.002754370267491086,True,0.0,False,5.0,uniform
0.004081632653061225,0.0,0.0,0.0,gaussian_noise,SKAB,fold_2,7,9,3,3,0.5,avg_negative_log,10,0.005,0.9,,1454,412,1650,0.002754370267491086,True,0.0,False,5.0,uniform
0.004081632653061225,0.0,0.0,0.0,original,SKAB,fold_2,999,9,3,3,0.5,avg_negative_log,10,0.005,0.9,,1454,412,1650,0.002754370267491086,True,0.0,False,5.0,uniform
0.004081632653061225,0.0,0.0,0.0,gaussian_noise,SKAB,fold_2,999,9,3,3,0.5,avg_negative_log,10,0.005,0.9,,1454,412,1650,0.002754370267491086,True,0.0,False,5.0,uniform
0.004081632653061225,0.0,0.0,0.0,original,SKAB,fold_3,42,9,3,3,0.5,avg_negative_log,10,0.005,0.9,,1435,395,1652,0.0029144797777091694,True,0.0,False,5.0,uniform
0.004081632653061225,0.0,0.0,0.0,gaussian_noise,SKAB,fold_3,42,9,3,3,0.5,avg_negative_log,10,0.005,0.9,,1435,395,1652,0.0029144797777091694,True,0.0,False,5.0,uniform
0.004081632653061225,0.0,0.0,0.0,original,SKAB,fold_3,123,9,3,3,0.5,avg_negative_log,10,0.005,0.9,,1435,395,1652,0.0029144797777091694,True,0.0,False,5.0,uniform
0.004081632653061225,0.0,0.0,0.0,gaussian_noise,SKAB,fold_3,123,9,3,3,0.5,avg_negative_log,10,0.005,0.9,,1435,395,1652,0.0029144797777091694,True,0.0,False,5.0,uniform
0.004081632653061225,0.0,0.0,0.0,original,SKAB,fold_3,2026,9,3,3,0.5,avg_negative_log,10,0.005,0.9,,1435,395,1652,0.0029144797777091694,True,0.0,False,5.0,uniform
0.004081632653061225,0.0,0.0,0.0,gaussian_noise,SKAB,fold_3,2026,9,3,3,0.5,avg_negative_log,10,0.005,0.9,,1435,395,1652,0.0029144797777091694,True,0.0,False,5.0,uniform
0.004081632653061225,0.0,0.0,0.0,original,SKAB,fold_3,7,9,3,3,0.5,avg_negative_log,10,0.005,0.9,,1435,395,1652,0.0029144797777091694,True,0.0,False,5.0,uniform
0.004081632653061225,0.0,0.0,0.0,gaussian_noise,SKAB,fold_3,7,9,3,3,0.5,avg_negative_log,10,0.005,0.9,,1435,395,1652,0.0029144797777091694,True,0.0,False,5.0,uniform
0.004081632653061225,0.0,0.0,0.0,original,SKAB,fold_3,999,9,3,3,0.5,avg_negative_log,10,0.005,0.9,,1435,395,1652,0.0029144797777091694,True,0.0,False,5.0,uniform
0.004081632653061225,0.0,0.0,0.0,gaussian_noise,SKAB,fold_3,999,9,3,3,0.5,avg_negative_log,10,0.005,0.9,,1435,395,1652,0.0029144797777091694,True,0.0,False,5.0,uniform
0.004140786749482402,0.0,0.0,0.0,original,SKAB,fold_4,42,9,3,3,0.5,avg_negative_log,10,0.005,0.9,,1434,403,1633,0.0028257386200428447,True,0.0,False,5.0,uniform
0.004140786749482402,0.0,0.0,0.0,gaussian_noise,SKAB,fold_4,42,9,3,3,0.5,avg_negative_log,10,0.005,0.9,,1434,403,1633,0.0028257386200428447,True,0.0,False,5.0,uniform
0.004140786749482402,0.0,0.0,0.0,original,SKAB,fold_4,123,9,3,3,0.5,avg_negative_log,10,0.005,0.9,,1434,403,1633,0.0028257386200428447,True,0.0,False,5.0,uniform
0.004140786749482402,0.0,0.0,0.0,gaussian_noise,SKAB,fold_4,123,9,3,3,0.5,avg_negative_log,10,0.005,0.9,,1434,403,1633,0.0028257386200428447,True,0.0,False,5.0,uniform
0.004140786749482402,0.0,0.0,0.0,original,SKAB,fold_4,2026,9,3,3,0.5,avg_negative_log,10,0.005,0.9,,1434,403,1633,0.0028257386200428447,True,0.0,False,5.0,uniform
0.004140786749482402,0.0,0.0,0.0,gaussian_noise,SKAB,fold_4,2026,9,3,3,0.5,avg_negative_log,10,0.005,0.9,,1434,403,1633,0.0028257386200428447,True,0.0,False,5.0,uniform
0.004140786749482402,0.0,0.0,0.0,original,SKAB,fold_4,7,9,3,3,0.5,avg_negative_log,10,0.005,0.9,,1434,403,1633,0.0028257386200428447,True,0.0,False,5.0,uniform
0.004140786749482402,0.0,0.0,0.0,gaussian_noise,SKAB,fold_4,7,9,3,3,0.5,avg_negative_log,10,0.005,0.9,,1434,403,1633,0.0028257386200428447,True,0.0,False,5.0,uniform
0.004140786749482402,0.0,0.0,0.0,original,SKAB,fold_4,999,9,3,3,0.5,avg_negative_log,10,0.005,0.9,,1434,403,1633,0.0028257386200428447,True,0.0,False,5.0,uniform
0.004140786749482402,0.0,0.0,0.0,gaussian_noise,SKAB,fold_4,999,9,3,3,0.5,avg_negative_log,10,0.005,0.9,,1434,403,1633,0.0028257386200428447,True,0.0,False,5.0,uniform
0.00404040404040404,0.0,0.0,0.0,original,SKAB,fold_5,42,9,3,3,0.5,avg_negative_log,10,0.005,0.9,,1420,381,1678,0.003101548926102547,True,0.0,False,5.0,uniform
0.00404040404040404,0.0,0.0,0.0,gaussian_noise,SKAB,fold_5,42,9,3,3,0.5,avg_negative_log,10,0.005,0.9,,1420,381,1678,0.003101548926102547,True,0.0,False,5.0,uniform
0.00404040404040404,0.0,0.0,0.0,original,SKAB,fold_5,123,9,3,3,0.5,avg_negative_log,10,0.005,0.9,,1420,381,1678,0.003101548926102547,True,0.0,False,5.0,uniform
0.00404040404040404,0.0,0.0,0.0,gaussian_noise,SKAB,fold_5,123,9,3,3,0.5,avg_negative_log,10,0.005,0.9,,1420,381,1678,0.003101548926102547,True,0.0,False,5.0,uniform
0.00404040404040404,0.0,0.0,0.0,original,SKAB,fold_5,2026,9,3,3,0.5,avg_negative_log,10,0.005,0.9,,1420,381,1678,0.003101548926102547,True,0.0,False,5.0,uniform
0.00404040404040404,0.0,0.0,0.0,gaussian_noise,SKAB,fold_5,2026,9,3,3,0.5,avg_negative_log,10,0.005,0.9,,1420,381,1678,0.003101548926102547,True,0.0,False,5.0,uniform
0.00404040404040404,0.0,0.0,0.0,original,SKAB,fold_5,7,9,3,3,0.5,avg_negative_log,10,0.005,0.9,,1420,381,1678,0.003101548926102547,True,0.0,False,5.0,uniform
0.00404040404040404,0.0,0.0,0.0,gaussian_noise,SKAB,fold_5,7,9,3,3,0.5,avg_negative_log,10,0.005,0.9,,1420,381,1678,0.003101548926102547,True,0.0,False,5.0,uniform
0.00404040404040404,0.0,0.0,0.0,original,SKAB,fold_5,999,9,3,3,0.5,avg_negative_log,10,0.005,0.9,,1420,381,1678,0.003101548926102547,True,0.0,False,5.0,uniform
0.00404040404040404,0.0,0.0,0.0,gaussian_noise,SKAB,fold_5,999,9,3,3,0.5,avg_negative_log,10,0.005,0.9,,1420,381,1678,0.003101548926102547,True,0.0,False,5.0,uniform
0.0040650406504065045,0.0,0.0,0.0,original,SKAB,fold_1,42,9,3,3,0.5,avg_negative_log,10,0.01,0.9,,1110,307,1292,0.003791413563400534,True,0.0,False,5.0,uniform
0.0040650406504065045,0.0,0.0,0.0,gaussian_noise,SKAB,fold_1,42,9,3,3,0.5,avg_negative_log,10,0.01,0.9,,1110,307,1292,0.003791413563400534,True,0.0,False,5.0,uniform
0.0040650406504065045,0.0,0.0,0.0,original,SKAB,fold_1,123,9,3,3,0.5,avg_negative_log,10,0.01,0.9,,1110,307,1292,0.003791413563400534,True,0.0,False,5.0,uniform
0.0040650406504065045,0.0,0.0,0.0,gaussian_noise,SKAB,fold_1,123,9,3,3,0.5,avg_negative_log,10,0.01,0.9,,1110,307,1292,0.003791413563400534,True,0.0,False,5.0,uniform
0.0040650406504065045,0.0,0.0,0.0,original,SKAB,fold_1,2026,9,3,3,0.5,avg_negative_log,10,0.01,0.9,,1110,307,1292,0.003791413563400534,True,0.0,False,5.0,uniform
0.0040650406504065045,0.0,0.0,0.0,gaussian_noise,SKAB,fold_1,2026,9,3,3,0.5,avg_negative_log,10,0.01,0.9,,1110,307,1292,0.003791413563400534,True,0.0,False,5.0,uniform
0.0040650406504065045,0.0,0.0,0.0,original,SKAB,fold_1,7,9,3,3,0.5,avg_negative_log,10,0.01,0.9,,1110,307,1292,0.003791413563400534,True,0.0,False,5.0,uniform
0.0040650406504065045,0.0,0.0,0.0,gaussian_noise,SKAB,fold_1,7,9,3,3,0.5,avg_negative_log,10,0.01,0.9,,1110,307,1292,0.003791413563400534,True,0.0,False,5.0,uniform
0.0040650406504065045,0.0,0.0,0.0,original,SKAB,fold_1,999,9,3,3,0.5,avg_negative_log,10,0.01,0.9,,1110,307,1292,0.003791413563400534,True,0.0,False,5.0,uniform
0.0040650406504065045,0.0,0.0,0.0,gaussian_noise,SKAB,fold_1,999,9,3,3,0.5,avg_negative_log,10,0.01,0.9,,1110,307,1292,0.003791413563400534,True,0.0,False,5.0,uniform
0.004081632653061225,0.0,0.0,0.0,original,SKAB,fold_2,42,9,3,3,0.5,avg_negative_log,10,0.01,0.9,,1454,412,1650,0.002754370267491086,True,0.0,False,5.0,uniform
0.004081632653061225,0.0,0.0,0.0,gaussian_noise,SKAB,fold_2,42,9,3,3,0.5,avg_negative_log,10,0.01,0.9,,1454,412,1650,0.002754370267491086,True,0.0,False,5.0,uniform
0.004081632653061225,0.0,0.0,0.0,original,SKAB,fold_2,123,9,3,3,0.5,avg_negative_log,10,0.01,0.9,,1454,412,1650,0.002754370267491086,True,0.0,False,5.0,uniform
0.004081632653061225,0.0,0.0,0.0,gaussian_noise,SKAB,fold_2,123,9,3,3,0.5,avg_negative_log,10,0.01,0.9,,1454,412,1650,0.002754370267491086,True,0.0,False,5.0,uniform
0.004081632653061225,0.0,0.0,0.0,original,SKAB,fold_2,2026,9,3,3,0.5,avg_negative_log,10,0.01,0.9,,1454,412,1650,0.002754370267491086,True,0.0,False,5.0,uniform
0.004081632653061225,0.0,0.0,0.0,gaussian_noise,SKAB,fold_2,2026,9,3,3,0.5,avg_negative_log,10,0.01,0.9,,1454,412,1650,0.002754370267491086,True,0.0,False,5.0,uniform
0.004081632653061225,0.0,0.0,0.0,original,SKAB,fold_2,7,9,3,3,0.5,avg_negative_log,10,0.01,0.9,,1454,412,1650,0.002754370267491086,True,0.0,False,5.0,uniform
0.004081632653061225,0.0,0.0,0.0,gaussian_noise,SKAB,fold_2,7,9,3,3,0.5,avg_negative_log,10,0.01,0.9,,1454,412,1650,0.002754370267491086,True,0.0,False,5.0,uniform
0.004081632653061225,0.0,0.0,0.0,original,SKAB,fold_2,999,9,3,3,0.5,avg_negative_log,10,0.01,0.9,,1454,412,1650,0.002754370267491086,True,0.0,False,5.0,uniform
0.004081632653061225,0.0,0.0,0.0,gaussian_noise,SKAB,fold_2,999,9,3,3,0.5,avg_negative_log,10,0.01,0.9,,1454,412,1650,0.002754370267491086,True,0.0,False,5.0,uniform
0.004081632653061225,0.0,0.0,0.0,original,SKAB,fold_3,42,9,3,3,0.5,avg_negative_log,10,0.01,0.9,,1435,395,1652,0.0029144797777091694,True,0.0,False,5.0,uniform
0.004081632653061225,0.0,0.0,0.0,gaussian_noise,SKAB,fold_3,42,9,3,3,0.5,avg_negative_log,10,0.01,0.9,,1435,395,1652,0.0029144797777091694,True,0.0,False,5.0,uniform
0.004081632653061225,0.0,0.0,0.0,original,SKAB,fold_3,123,9,3,3,0.5,avg_negative_log,10,0.01,0.9,,1435,395,1652,0.0029144797777091694,True,0.0,False,5.0,uniform
0.004081632653061225,0.0,0.0,0.0,gaussian_noise,SKAB,fold_3,123,9,3,3,0.5,avg_negative_log,10,0.01,0.9,,1435,395,1652,0.0029144797777091694,True,0.0,False,5.0,uniform
0.004081632653061225,0.0,0.0,0.0,original,SKAB,fold_3,2026,9,3,3,0.5,avg_negative_log,10,0.01,0.9,,1435,395,1652,0.0029144797777091694,True,0.0,False,5.0,uniform
0.004081632653061225,0.0,0.0,0.0,gaussian_noise,SKAB,fold_3,2026,9,3,3,0.5,avg_negative_log,10,0.01,0.9,,1435,395,1652,0.0029144797777091694,True,0.0,False,5.0,uniform
0.004081632653061225,0.0,0.0,0.0,original,SKAB,fold_3,7,9,3,3,0.5,avg_negative_log,10,0.01,0.9,,1435,395,1652,0.0029144797777091694,True,0.0,False,5.0,uniform
0.004081632653061225,0.0,0.0,0.0,gaussian_noise,SKAB,fold_3,7,9,3,3,0.5,avg_negative_log,10,0.01,0.9,,1435,395,1652,0.0029144797777091694,True,0.0,False,5.0,uniform
0.004081632653061225,0.0,0.0,0.0,original,SKAB,fold_3,999,9,3,3,0.5,avg_negative_log,10,0.01,0.9,,1435,395,1652,0.0029144797777091694,True,0.0,False,5.0,uniform
0.004081632653061225,0.0,0.0,0.0,gaussian_noise,SKAB,fold_3,999,9,3,3,0.5,avg_negative_log,10,0.01,0.9,,1435,395,1652,0.0029144797777091694,True,0.0,False,5.0,uniform
0.004140786749482402,0.0,0.0,0.0,original,SKAB,fold_4,42,9,3,3,0.5,avg_negative_log,10,0.01,0.9,,1434,403,1633,0.0028257386200428447,True,0.0,False,5.0,uniform
0.004140786749482402,0.0,0.0,0.0,gaussian_noise,SKAB,fold_4,42,9,3,3,0.5,avg_negative_log,10,0.01,0.9,,1434,403,1633,0.0028257386200428447,True,0.0,False,5.0,uniform
0.004140786749482402,0.0,0.0,0.0,original,SKAB,fold_4,123,9,3,3,0.5,avg_negative_log,10,0.01,0.9,,1434,403,1633,0.0028257386200428447,True,0.0,False,5.0,uniform
0.004140786749482402,0.0,0.0,0.0,gaussian_noise,SKAB,fold_4,123,9,3,3,0.5,avg_negative_log,10,0.01,0.9,,1434,403,1633,0.0028257386200428447,True,0.0,False,5.0,uniform
0.004140786749482402,0.0,0.0,0.0,original,SKAB,fold_4,2026,9,3,3,0.5,avg_negative_log,10,0.01,0.9,,1434,403,1633,0.0028257386200428447,True,0.0,False,5.0,uniform
0.004140786749482402,0.0,0.0,0.0,gaussian_noise,SKAB,fold_4,2026,9,3,3,0.5,avg_negative_log,10,0.01,0.9,,1434,403,1633,0.0028257386200428447,True,0.0,False,5.0,uniform
0.004140786749482402,0.0,0.0,0.0,original,SKAB,fold_4,7,9,3,3,0.5,avg_negative_log,10,0.01,0.9,,1434,403,1633,0.0028257386200428447,True,0.0,False,5.0,uniform
0.004140786749482402,0.0,0.0,0.0,gaussian_noise,SKAB,fold_4,7,9,3,3,0.5,avg_negative_log,10,0.01,0.9,,1434,403,1633,0.0028257386200428447,True,0.0,False,5.0,uniform
0.004140786749482402,0.0,0.0,0.0,original,SKAB,fold_4,999,9,3,3,0.5,avg_negative_log,10,0.01,0.9,,1434,403,1633,0.0028257386200428447,True,0.0,False,5.0,uniform
0.004140786749482402,0.0,0.0,0.0,gaussian_noise,SKAB,fold_4,999,9,3,3,0.5,avg_negative_log,10,0.01,0.9,,1434,403,1633,0.0028257386200428447,True,0.0,False,5.0,uniform
0.00404040404040404,0.0,0.0,0.0,original,SKAB,fold_5,42,9,3,3,0.5,avg_negative_log,10,0.01,0.9,,1420,381,1678,0.003101548926102547,True,0.0,False,5.0,uniform
0.00404040404040404,0.0,0.0,0.0,gaussian_noise,SKAB,fold_5,42,9,3,3,0.5,avg_negative_log,10,0.01,0.9,,1420,381,1678,0.003101548926102547,True,0.0,False,5.0,uniform
0.00404040404040404,0.0,0.0,0.0,original,SKAB,fold_5,123,9,3,3,0.5,avg_negative_log,10,0.01,0.9,,1420,381,1678,0.003101548926102547,True,0.0,False,5.0,uniform
0.00404040404040404,0.0,0.0,0.0,gaussian_noise,SKAB,fold_5,123,9,3,3,0.5,avg_negative_log,10,0.01,0.9,,1420,381,1678,0.003101548926102547,True,0.0,False,5.0,uniform
0.00404040404040404,0.0,0.0,0.0,original,SKAB,fold_5,2026,9,3,3,0.5,avg_negative_log,10,0.01,0.9,,1420,381,1678,0.003101548926102547,True,0.0,False,5.0,uniform
0.00404040404040404,0.0,0.0,0.0,gaussian_noise,SKAB,fold_5,2026,9,3,3,0.5,avg_negative_log,10,0.01,0.9,,1420,381,1678,0.003101548926102547,True,0.0,False,5.0,uniform
0.00404040404040404,0.0,0.0,0.0,original,SKAB,fold_5,7,9,3,3,0.5,avg_negative_log,10,0.01,0.9,,1420,381,1678,0.003101548926102547,True,0.0,False,5.0,uniform
0.00404040404040404,0.0,0.0,0.0,gaussian_noise,SKAB,fold_5,7,9,3,3,0.5,avg_negative_log,10,0.01,0.9,,1420,381,1678,0.003101548926102547,True,0.0,False,5.0,uniform
0.00404040404040404,0.0,0.0,0.0,original,SKAB,fold_5,999,9,3,3,0.5,avg_negative_log,10,0.01,0.9,,1420,381,1678,0.003101548926102547,True,0.0,False,5.0,uniform
0.00404040404040404,0.0,0.0,0.0,gaussian_noise,SKAB,fold_5,999,9,3,3,0.5,avg_negative_log,10,0.01,0.9,,1420,381,1678,0.003101548926102547,True,0.0,False,5.0,uniform
0.0040650406504065045,0.0,0.0,0.0,original,SKAB,fold_1,42,9,3,3,0.5,avg_negative_log,10,0.05,0.9,,1110,307,1292,0.003791413563400534,True,0.0,False,5.0,uniform
0.0040650406504065045,0.0,0.0,0.0,gaussian_noise,SKAB,fold_1,42,9,3,3,0.5,avg_negative_log,10,0.05,0.9,,1110,307,1292,0.003791413563400534,True,0.0,False,5.0,uniform
0.0040650406504065045,0.0,0.0,0.0,original,SKAB,fold_1,123,9,3,3,0.5,avg_negative_log,10,0.05,0.9,,1110,307,1292,0.003791413563400534,True,0.0,False,5.0,uniform
0.0040650406504065045,0.0,0.0,0.0,gaussian_noise,SKAB,fold_1,123,9,3,3,0.5,avg_negative_log,10,0.05,0.9,,1110,307,1292,0.003791413563400534,True,0.0,False,5.0,uniform
0.0040650406504065045,0.0,0.0,0.0,original,SKAB,fold_1,2026,9,3,3,0.5,avg_negative_log,10,0.05,0.9,,1110,307,1292,0.003791413563400534,True,0.0,False,5.0,uniform
0.0040650406504065045,0.0,0.0,0.0,gaussian_noise,SKAB,fold_1,2026,9,3,3,0.5,avg_negative_log,10,0.05,0.9,,1110,307,1292,0.003791413563400534,True,0.0,False,5.0,uniform
0.0040650406504065045,0.0,0.0,0.0,original,SKAB,fold_1,7,9,3,3,0.5,avg_negative_log,10,0.05,0.9,,1110,307,1292,0.003791413563400534,True,0.0,False,5.0,uniform
0.0040650406504065045,0.0,0.0,0.0,gaussian_noise,SKAB,fold_1,7,9,3,3,0.5,avg_negative_log,10,0.05,0.9,,1110,307,1292,0.003791413563400534,True,0.0,False,5.0,uniform
0.0040650406504065045,0.0,0.0,0.0,original,SKAB,fold_1,999,9,3,3,0.5,avg_negative_log,10,0.05,0.9,,1110,307,1292,0.003791413563400534,True,0.0,False,5.0,uniform
0.0040650406504065045,0.0,0.0,0.0,gaussian_noise,SKAB,fold_1,999,9,3,3,0.5,avg_negative_log,10,0.05,0.9,,1110,307,1292,0.003791413563400534,True,0.0,False,5.0,uniform
0.004081632653061225,0.0,0.0,0.0,original,SKAB,fold_2,42,9,3,3,0.5,avg_negative_log,10,0.05,0.9,,1454,412,1650,0.002754370267491086,True,0.0,False,5.0,uniform
0.004081632653061225,0.0,0.0,0.0,gaussian_noise,SKAB,fold_2,42,9,3,3,0.5,avg_negative_log,10,0.05,0.9,,1454,412,1650,0.002754370267491086,True,0.0,False,5.0,uniform
0.004081632653061225,0.0,0.0,0.0,original,SKAB,fold_2,123,9,3,3,0.5,avg_negative_log,10,0.05,0.9,,1454,412,1650,0.002754370267491086,True,0.0,False,5.0,uniform
0.004081632653061225,0.0,0.0,0.0,gaussian_noise,SKAB,fold_2,123,9,3,3,0.5,avg_negative_log,10,0.05,0.9,,1454,412,1650,0.002754370267491086,True,0.0,False,5.0,uniform
0.004081632653061225,0.0,0.0,0.0,original,SKAB,fold_2,2026,9,3,3,0.5,avg_negative_log,10,0.05,0.9,,1454,412,1650,0.002754370267491086,True,0.0,False,5.0,uniform
0.004081632653061225,0.0,0.0,0.0,gaussian_noise,SKAB,fold_2,2026,9,3,3,0.5,avg_negative_log,10,0.05,0.9,,1454,412,1650,0.002754370267491086,True,0.0,False,5.0,uniform
0.004081632653061225,0.0,0.0,0.0,original,SKAB,fold_2,7,9,3,3,0.5,avg_negative_log,10,0.05,0.9,,1454,412,1650,0.002754370267491086,True,0.0,False,5.0,uniform
0.004081632653061225,0.0,0.0,0.0,gaussian_noise,SKAB,fold_2,7,9,3,3,0.5,avg_negative_log,10,0.05,0.9,,1454,412,1650,0.002754370267491086,True,0.0,False,5.0,uniform
0.004081632653061225,0.0,0.0,0.0,original,SKAB,fold_2,999,9,3,3,0.5,avg_negative_log,10,0.05,0.9,,1454,412,1650,0.002754370267491086,True,0.0,False,5.0,uniform
0.004081632653061225,0.0,0.0,0.0,gaussian_noise,SKAB,fold_2,999,9,3,3,0.5,avg_negative_log,10,0.05,0.9,,1454,412,1650,0.002754370267491086,True,0.0,False,5.0,uniform
0.004081632653061225,0.0,0.0,0.0,original,SKAB,fold_3,42,9,3,3,0.5,avg_negative_log,10,0.05,0.9,,1435,395,1652,0.0029144797777091694,True,0.0,False,5.0,uniform
0.004081632653061225,0.0,0.0,0.0,gaussian_noise,SKAB,fold_3,42,9,3,3,0.5,avg_negative_log,10,0.05,0.9,,1435,395,1652,0.0029144797777091694,True,0.0,False,5.0,uniform
0.004081632653061225,0.0,0.0,0.0,original,SKAB,fold_3,123,9,3,3,0.5,avg_negative_log,10,0.05,0.9,,1435,395,1652,0.0029144797777091694,True,0.0,False,5.0,uniform
0.004081632653061225,0.0,0.0,0.0,gaussian_noise,SKAB,fold_3,123,9,3,3,0.5,avg_negative_log,10,0.05,0.9,,1435,395,1652,0.0029144797777091694,True,0.0,False,5.0,uniform
0.004081632653061225,0.0,0.0,0.0,original,SKAB,fold_3,2026,9,3,3,0.5,avg_negative_log,10,0.05,0.9,,1435,395,1652,0.0029144797777091694,True,0.0,False,5.0,uniform
0.004081632653061225,0.0,0.0,0.0,gaussian_noise,SKAB,fold_3,2026,9,3,3,0.5,avg_negative_log,10,0.05,0.9,,1435,395,1652,0.0029144797777091694,True,0.0,False,5.0,uniform
0.004081632653061225,0.0,0.0,0.0,original,SKAB,fold_3,7,9,3,3,0.5,avg_negative_log,10,0.05,0.9,,1435,395,1652,0.0029144797777091694,True,0.0,False,5.0,uniform
0.004081632653061225,0.0,0.0,0.0,gaussian_noise,SKAB,fold_3,7,9,3,3,0.5,avg_negative_log,10,0.05,0.9,,1435,395,1652,0.0029144797777091694,True,0.0,False,5.0,uniform
0.004081632653061225,0.0,0.0,0.0,original,SKAB,fold_3,999,9,3,3,0.5,avg_negative_log,10,0.05,0.9,,1435,395,1652,0.0029144797777091694,True,0.0,False,5.0,uniform
0.004081632653061225,0.0,0.0,0.0,gaussian_noise,SKAB,fold_3,999,9,3,3,0.5,avg_negative_log,10,0.05,0.9,,1435,395,1652,0.0029144797777091694,True,0.0,False,5.0,uniform
0.004140786749482402,0.0,0.0,0.0,original,SKAB,fold_4,42,9,3,3,0.5,avg_negative_log,10,0.05,0.9,,1434,403,1633,0.0028257386200428447,True,0.0,False,5.0,uniform
0.004140786749482402,0.0,0.0,0.0,gaussian_noise,SKAB,fold_4,42,9,3,3,0.5,avg_negative_log,10,0.05,0.9,,1434,403,1633,0.0028257386200428447,True,0.0,False,5.0,uniform
0.004140786749482402,0.0,0.0,0.0,original,SKAB,fold_4,123,9,3,3,0.5,avg_negative_log,10,0.05,0.9,,1434,403,1633,0.0028257386200428447,True,0.0,False,5.0,uniform
0.004140786749482402,0.0,0.0,0.0,gaussian_noise,SKAB,fold_4,123,9,3,3,0.5,avg_negative_log,10,0.05,0.9,,1434,403,1633,0.0028257386200428447,True,0.0,False,5.0,uniform
0.004140786749482402,0.0,0.0,0.0,original,SKAB,fold_4,2026,9,3,3,0.5,avg_negative_log,10,0.05,0.9,,1434,403,1633,0.0028257386200428447,True,0.0,False,5.0,uniform
0.004140786749482402,0.0,0.0,0.0,gaussian_noise,SKAB,fold_4,2026,9,3,3,0.5,avg_negative_log,10,0.05,0.9,,1434,403,1633,0.0028257386200428447,True,0.0,False,5.0,uniform
0.004140786749482402,0.0,0.0,0.0,original,SKAB,fold_4,7,9,3,3,0.5,avg_negative_log,10,0.05,0.9,,1434,403,1633,0.0028257386200428447,True,0.0,False,5.0,uniform
0.004140786749482402,0.0,0.0,0.0,gaussian_noise,SKAB,fold_4,7,9,3,3,0.5,avg_negative_log,10,0.05,0.9,,1434,403,1633,0.0028257386200428447,True,0.0,False,5.0,uniform
0.004140786749482402,0.0,0.0,0.0,original,SKAB,fold_4,999,9,3,3,0.5,avg_negative_log,10,0.05,0.9,,1434,403,1633,0.0028257386200428447,True,0.0,False,5.0,uniform
0.004140786749482402,0.0,0.0,0.0,gaussian_noise,SKAB,fold_4,999,9,3,3,0.5,avg_negative_log,10,0.05,0.9,,1434,403,1633,0.0028257386200428447,True,0.0,False,5.0,uniform
0.00404040404040404,0.0,0.0,0.0,original,SKAB,fold_5,42,9,3,3,0.5,avg_negative_log,10,0.05,0.9,,1420,381,1678,0.003101548926102547,True,0.0,False,5.0,uniform
0.00404040404040404,0.0,0.0,0.0,gaussian_noise,SKAB,fold_5,42,9,3,3,0.5,avg_negative_log,10,0.05,0.9,,1420,381,1678,0.003101548926102547,True,0.0,False,5.0,uniform
0.00404040404040404,0.0,0.0,0.0,original,SKAB,fold_5,123,9,3,3,0.5,avg_negative_log,10,0.05,0.9,,1420,381,1678,0.003101548926102547,True,0.0,False,5.0,uniform
0.00404040404040404,0.0,0.0,0.0,gaussian_noise,SKAB,fold_5,123,9,3,3,0.5,avg_negative_log,10,0.05,0.9,,1420,381,1678,0.003101548926102547,True,0.0,False,5.0,uniform
0.00404040404040404,0.0,0.0,0.0,original,SKAB,fold_5,2026,9,3,3,0.5,avg_negative_log,10,0.05,0.9,,1420,381,1678,0.003101548926102547,True,0.0,False,5.0,uniform
0.00404040404040404,0.0,0.0,0.0,gaussian_noise,SKAB,fold_5,2026,9,3,3,0.5,avg_negative_log,10,0.05,0.9,,1420,381,1678,0.003101548926102547,True,0.0,False,5.0,uniform
0.00404040404040404,0.0,0.0,0.0,original,SKAB,fold_5,7,9,3,3,0.5,avg_negative_log,10,0.05,0.9,,1420,381,1678,0.003101548926102547,True,0.0,False,5.0,uniform
0.00404040404040404,0.0,0.0,0.0,gaussian_noise,SKAB,fold_5,7,9,3,3,0.5,avg_negative_log,10,0.05,0.9,,1420,381,1678,0.003101548926102547,True,0.0,False,5.0,uniform
0.00404040404040404,0.0,0.0,0.0,original,SKAB,fold_5,999,9,3,3,0.5,avg_negative_log,10,0.05,0.9,,1420,381,1678,0.003101548926102547,True,0.0,False,5.0,uniform
0.00404040404040404,0.0,0.0,0.0,gaussian_noise,SKAB,fold_5,999,9,3,3,0.5,avg_negative_log,10,0.05,0.9,,1420,381,1678,0.003101548926102547,True,0.0,False,5.0,uniform
0.0040650406504065045,0.0,0.0,0.0,original,SKAB,fold_1,42,9,3,3,0.5,avg_negative_log,10,0.1054,0.9,,1110,307,1292,0.003791413563400534,True,0.0,False,5.0,uniform
0.0040650406504065045,0.0,0.0,0.0,gaussian_noise,SKAB,fold_1,42,9,3,3,0.5,avg_negative_log,10,0.1054,0.9,,1110,307,1292,0.003791413563400534,True,0.0,False,5.0,uniform
0.0040650406504065045,0.0,0.0,0.0,original,SKAB,fold_1,123,9,3,3,0.5,avg_negative_log,10,0.1054,0.9,,1110,307,1292,0.003791413563400534,True,0.0,False,5.0,uniform
0.0040650406504065045,0.0,0.0,0.0,gaussian_noise,SKAB,fold_1,123,9,3,3,0.5,avg_negative_log,10,0.1054,0.9,,1110,307,1292,0.003791413563400534,True,0.0,False,5.0,uniform
0.0040650406504065045,0.0,0.0,0.0,original,SKAB,fold_1,2026,9,3,3,0.5,avg_negative_log,10,0.1054,0.9,,1110,307,1292,0.003791413563400534,True,0.0,False,5.0,uniform
0.0040650406504065045,0.0,0.0,0.0,gaussian_noise,SKAB,fold_1,2026,9,3,3,0.5,avg_negative_log,10,0.1054,0.9,,1110,307,1292,0.003791413563400534,True,0.0,False,5.0,uniform
0.0040650406504065045,0.0,0.0,0.0,original,SKAB,fold_1,7,9,3,3,0.5,avg_negative_log,10,0.1054,0.9,,1110,307,1292,0.003791413563400534,True,0.0,False,5.0,uniform
0.0040650406504065045,0.0,0.0,0.0,gaussian_noise,SKAB,fold_1,7,9,3,3,0.5,avg_negative_log,10,0.1054,0.9,,1110,307,1292,0.003791413563400534,True,0.0,False,5.0,uniform
0.0040650406504065045,0.0,0.0,0.0,original,SKAB,fold_1,999,9,3,3,0.5,avg_negative_log,10,0.1054,0.9,,1110,307,1292,0.003791413563400534,True,0.0,False,5.0,uniform
0.0040650406504065045,0.0,0.0,0.0,gaussian_noise,SKAB,fold_1,999,9,3,3,0.5,avg_negative_log,10,0.1054,0.9,,1110,307,1292,0.003791413563400534,True,0.0,False,5.0,uniform
0.004081632653061225,0.0,0.0,0.0,original,SKAB,fold_2,42,9,3,3,0.5,avg_negative_log,10,0.1054,0.9,,1454,412,1650,0.002754370267491086,True,0.0,False,5.0,uniform
0.004081632653061225,0.0,0.0,0.0,gaussian_noise,SKAB,fold_2,42,9,3,3,0.5,avg_negative_log,10,0.1054,0.9,,1454,412,1650,0.002754370267491086,True,0.0,False,5.0,uniform
0.004081632653061225,0.0,0.0,0.0,original,SKAB,fold_2,123,9,3,3,0.5,avg_negative_log,10,0.1054,0.9,,1454,412,1650,0.002754370267491086,True,0.0,False,5.0,uniform
0.004081632653061225,0.0,0.0,0.0,gaussian_noise,SKAB,fold_2,123,9,3,3,0.5,avg_negative_log,10,0.1054,0.9,,1454,412,1650,0.002754370267491086,True,0.0,False,5.0,uniform
0.004081632653061225,0.0,0.0,0.0,original,SKAB,fold_2,2026,9,3,3,0.5,avg_negative_log,10,0.1054,0.9,,1454,412,1650,0.002754370267491086,True,0.0,False,5.0,uniform
0.004081632653061225,0.0,0.0,0.0,gaussian_noise,SKAB,fold_2,2026,9,3,3,0.5,avg_negative_log,10,0.1054,0.9,,1454,412,1650,0.002754370267491086,True,0.0,False,5.0,uniform
0.004081632653061225,0.0,0.0,0.0,original,SKAB,fold_2,7,9,3,3,0.5,avg_negative_log,10,0.1054,0.9,,1454,412,1650,0.002754370267491086,True,0.0,False,5.0,uniform
0.004081632653061225,0.0,0.0,0.0,gaussian_noise,SKAB,fold_2,7,9,3,3,0.5,avg_negative_log,10,0.1054,0.9,,1454,412,1650,0.002754370267491086,True,0.0,False,5.0,uniform
0.004081632653061225,0.0,0.0,0.0,original,SKAB,fold_2,999,9,3,3,0.5,avg_negative_log,10,0.1054,0.9,,1454,412,1650,0.002754370267491086,True,0.0,False,5.0,uniform
0.004081632653061225,0.0,0.0,0.0,gaussian_noise,SKAB,fold_2,999,9,3,3,0.5,avg_negative_log,10,0.1054,0.9,,1454,412,1650,0.002754370267491086,True,0.0,False,5.0,uniform
0.004081632653061225,0.0,0.0,0.0,original,SKAB,fold_3,42,9,3,3,0.5,avg_negative_log,10,0.1054,0.9,,1435,395,1652,0.0029144797777091694,True,0.0,False,5.0,uniform
0.004081632653061225,0.0,0.0,0.0,gaussian_noise,SKAB,fold_3,42,9,3,3,0.5,avg_negative_log,10,0.1054,0.9,,1435,395,1652,0.0029144797777091694,True,0.0,False,5.0,uniform
0.004081632653061225,0.0,0.0,0.0,original,SKAB,fold_3,123,9,3,3,0.5,avg_negative_log,10,0.1054,0.9,,1435,395,1652,0.0029144797777091694,True,0.0,False,5.0,uniform
0.004081632653061225,0.0,0.0,0.0,gaussian_noise,SKAB,fold_3,123,9,3,3,0.5,avg_negative_log,10,0.1054,0.9,,1435,395,1652,0.0029144797777091694,True,0.0,False,5.0,uniform
0.004081632653061225,0.0,0.0,0.0,original,SKAB,fold_3,2026,9,3,3,0.5,avg_negative_log,10,0.1054,0.9,,1435,395,1652,0.0029144797777091694,True,0.0,False,5.0,uniform
0.004081632653061225,0.0,0.0,0.0,gaussian_noise,SKAB,fold_3,2026,9,3,3,0.5,avg_negative_log,10,0.1054,0.9,,1435,395,1652,0.0029144797777091694,True,0.0,False,5.0,uniform
0.004081632653061225,0.0,0.0,0.0,original,SKAB,fold_3,7,9,3,3,0.5,avg_negative_log,10,0.1054,0.9,,1435,395,1652,0.0029144797777091694,True,0.0,False,5.0,uniform
0.004081632653061225,0.0,0.0,0.0,gaussian_noise,SKAB,fold_3,7,9,3,3,0.5,avg_negative_log,10,0.1054,0.9,,1435,395,1652,0.0029144797777091694,True,0.0,False,5.0,uniform
0.004081632653061225,0.0,0.0,0.0,original,SKAB,fold_3,999,9,3,3,0.5,avg_negative_log,10,0.1054,0.9,,1435,395,1652,0.0029144797777091694,True,0.0,False,5.0,uniform
0.004081632653061225,0.0,0.0,0.0,gaussian_noise,SKAB,fold_3,999,9,3,3,0.5,avg_negative_log,10,0.1054,0.9,,1435,395,1652,0.0029144797777091694,True,0.0,False,5.0,uniform
0.004140786749482402,0.0,0.0,0.0,original,SKAB,fold_4,42,9,3,3,0.5,avg_negative_log,10,0.1054,0.9,,1434,403,1633,0.0028257386200428447,True,0.0,False,5.0,uniform
0.004140786749482402,0.0,0.0,0.0,gaussian_noise,SKAB,fold_4,42,9,3,3,0.5,avg_negative_log,10,0.1054,0.9,,1434,403,1633,0.0028257386200428447,True,0.0,False,5.0,uniform
0.004140786749482402,0.0,0.0,0.0,original,SKAB,fold_4,123,9,3,3,0.5,avg_negative_log,10,0.1054,0.9,,1434,403,1633,0.0028257386200428447,True,0.0,False,5.0,uniform
0.004140786749482402,0.0,0.0,0.0,gaussian_noise,SKAB,fold_4,123,9,3,3,0.5,avg_negative_log,10,0.1054,0.9,,1434,403,1633,0.0028257386200428447,True,0.0,False,5.0,uniform
0.004140786749482402,0.0,0.0,0.0,original,SKAB,fold_4,2026,9,3,3,0.5,avg_negative_log,10,0.1054,0.9,,1434,403,1633,0.0028257386200428447,True,0.0,False,5.0,uniform
0.004140786749482402,0.0,0.0,0.0,gaussian_noise,SKAB,fold_4,2026,9,3,3,0.5,avg_negative_log,10,0.1054,0.9,,1434,403,1633,0.0028257386200428447,True,0.0,False,5.0,uniform
0.004140786749482402,0.0,0.0,0.0,original,SKAB,fold_4,7,9,3,3,0.5,avg_negative_log,10,0.1054,0.9,,1434,403,1633,0.0028257386200428447,True,0.0,False,5.0,uniform
0.004140786749482402,0.0,0.0,0.0,gaussian_noise,SKAB,fold_4,7,9,3,3,0.5,avg_negative_log,10,0.1054,0.9,,1434,403,1633,0.0028257386200428447,True,0.0,False,5.0,uniform
0.004140786749482402,0.0,0.0,0.0,original,SKAB,fold_4,999,9,3,3,0.5,avg_negative_log,10,0.1054,0.9,,1434,403,1633,0.0028257386200428447,True,0.0,False,5.0,uniform
0.004140786749482402,0.0,0.0,0.0,gaussian_noise,SKAB,fold_4,999,9,3,3,0.5,avg_negative_log,10,0.1054,0.9,,1434,403,1633,0.0028257386200428447,True,0.0,False,5.0,uniform
0.00404040404040404,0.0,0.0,0.0,original,SKAB,fold_5,42,9,3,3,0.5,avg_negative_log,10,0.1054,0.9,,1420,381,1678,0.003101548926102547,True,0.0,False,5.0,uniform
0.00404040404040404,0.0,0.0,0.0,gaussian_noise,SKAB,fold_5,42,9,3,3,0.5,avg_negative_log,10,0.1054,0.9,,1420,381,1678,0.003101548926102547,True,0.0,False,5.0,uniform
0.00404040404040404,0.0,0.0,0.0,original,SKAB,fold_5,123,9,3,3,0.5,avg_negative_log,10,0.1054,0.9,,1420,381,1678,0.003101548926102547,True,0.0,False,5.0,uniform
0.00404040404040404,0.0,0.0,0.0,gaussian_noise,SKAB,fold_5,123,9,3,3,0.5,avg_negative_log,10,0.1054,0.9,,1420,381,1678,0.003101548926102547,True,0.0,False,5.0,uniform
0.00404040404040404,0.0,0.0,0.0,original,SKAB,fold_5,2026,9,3,3,0.5,avg_negative_log,10,0.1054,0.9,,1420,381,1678,0.003101548926102547,True,0.0,False,5.0,uniform
0.00404040404040404,0.0,0.0,0.0,gaussian_noise,SKAB,fold_5,2026,9,3,3,0.5,avg_negative_log,10,0.1054,0.9,,1420,381,1678,0.003101548926102547,True,0.0,False,5.0,uniform
0.00404040404040404,0.0,0.0,0.0,original,SKAB,fold_5,7,9,3,3,0.5,avg_negative_log,10,0.1054,0.9,,1420,381,1678,0.003101548926102547,True,0.0,False,5.0,uniform
0.00404040404040404,0.0,0.0,0.0,gaussian_noise,SKAB,fold_5,7,9,3,3,0.5,avg_negative_log,10,0.1054,0.9,,1420,381,1678,0.003101548926102547,True,0.0,False,5.0,uniform
0.00404040404040404,0.0,0.0,0.0,original,SKAB,fold_5,999,9,3,3,0.5,avg_negative_log,10,0.1054,0.9,,1420,381,1678,0.003101548926102547,True,0.0,False,5.0,uniform
0.00404040404040404,0.0,0.0,0.0,gaussian_noise,SKAB,fold_5,999,9,3,3,0.5,avg_negative_log,10,0.1054,0.9,,1420,381,1678,0.003101548926102547,True,0.0,False,5.0,uniform
0.0040650406504065045,0.0,0.0,0.0,original,SKAB,fold_1,42,9,3,3,0.5,avg_negative_log,10,0.2231,0.9,,1110,307,1292,0.003791413563400534,True,0.0,False,5.0,uniform
0.0040650406504065045,0.0,0.0,0.0,gaussian_noise,SKAB,fold_1,42,9,3,3,0.5,avg_negative_log,10,0.2231,0.9,,1110,307,1292,0.003791413563400534,True,0.0,False,5.0,uniform
0.0040650406504065045,0.0,0.0,0.0,original,SKAB,fold_1,123,9,3,3,0.5,avg_negative_log,10,0.2231,0.9,,1110,307,1292,0.003791413563400534,True,0.0,False,5.0,uniform
0.0040650406504065045,0.0,0.0,0.0,gaussian_noise,SKAB,fold_1,123,9,3,3,0.5,avg_negative_log,10,0.2231,0.9,,1110,307,1292,0.003791413563400534,True,0.0,False,5.0,uniform
0.0040650406504065045,0.0,0.0,0.0,original,SKAB,fold_1,2026,9,3,3,0.5,avg_negative_log,10,0.2231,0.9,,1110,307,1292,0.003791413563400534,True,0.0,False,5.0,uniform
0.0040650406504065045,0.0,0.0,0.0,gaussian_noise,SKAB,fold_1,2026,9,3,3,0.5,avg_negative_log,10,0.2231,0.9,,1110,307,1292,0.003791413563400534,True,0.0,False,5.0,uniform
0.0040650406504065045,0.0,0.0,0.0,original,SKAB,fold_1,7,9,3,3,0.5,avg_negative_log,10,0.2231,0.9,,1110,307,1292,0.003791413563400534,True,0.0,False,5.0,uniform
0.0040650406504065045,0.0,0.0,0.0,gaussian_noise,SKAB,fold_1,7,9,3,3,0.5,avg_negative_log,10,0.2231,0.9,,1110,307,1292,0.003791413563400534,True,0.0,False,5.0,uniform
0.0040650406504065045,0.0,0.0,0.0,original,SKAB,fold_1,999,9,3,3,0.5,avg_negative_log,10,0.2231,0.9,,1110,307,1292,0.003791413563400534,True,0.0,False,5.0,uniform
0.0040650406504065045,0.0,0.0,0.0,gaussian_noise,SKAB,fold_1,999,9,3,3,0.5,avg_negative_log,10,0.2231,0.9,,1110,307,1292,0.003791413563400534,True,0.0,False,5.0,uniform
0.004081632653061225,0.0,0.0,0.0,original,SKAB,fold_2,42,9,3,3,0.5,avg_negative_log,10,0.2231,0.9,,1454,412,1650,0.002754370267491086,True,0.0,False,5.0,uniform
0.004081632653061225,0.0,0.0,0.0,gaussian_noise,SKAB,fold_2,42,9,3,3,0.5,avg_negative_log,10,0.2231,0.9,,1454,412,1650,0.002754370267491086,True,0.0,False,5.0,uniform
0.004081632653061225,0.0,0.0,0.0,original,SKAB,fold_2,123,9,3,3,0.5,avg_negative_log,10,0.2231,0.9,,1454,412,1650,0.002754370267491086,True,0.0,False,5.0,uniform
0.004081632653061225,0.0,0.0,0.0,gaussian_noise,SKAB,fold_2,123,9,3,3,0.5,avg_negative_log,10,0.2231,0.9,,1454,412,1650,0.002754370267491086,True,0.0,False,5.0,uniform
0.004081632653061225,0.0,0.0,0.0,original,SKAB,fold_2,2026,9,3,3,0.5,avg_negative_log,10,0.2231,0.9,,1454,412,1650,0.002754370267491086,True,0.0,False,5.0,uniform
0.004081632653061225,0.0,0.0,0.0,gaussian_noise,SKAB,fold_2,2026,9,3,3,0.5,avg_negative_log,10,0.2231,0.9,,1454,412,1650,0.002754370267491086,True,0.0,False,5.0,uniform
0.004081632653061225,0.0,0.0,0.0,original,SKAB,fold_2,7,9,3,3,0.5,avg_negative_log,10,0.2231,0.9,,1454,412,1650,0.002754370267491086,True,0.0,False,5.0,uniform
0.004081632653061225,0.0,0.0,0.0,gaussian_noise,SKAB,fold_2,7,9,3,3,0.5,avg_negative_log,10,0.2231,0.9,,1454,412,1650,0.002754370267491086,True,0.0,False,5.0,uniform
0.004081632653061225,0.0,0.0,0.0,original,SKAB,fold_2,999,9,3,3,0.5,avg_negative_log,10,0.2231,0.9,,1454,412,1650,0.002754370267491086,True,0.0,False,5.0,uniform
0.004081632653061225,0.0,0.0,0.0,gaussian_noise,SKAB,fold_2,999,9,3,3,0.5,avg_negative_log,10,0.2231,0.9,,1454,412,1650,0.002754370267491086,True,0.0,False,5.0,uniform
0.004081632653061225,0.0,0.0,0.0,original,SKAB,fold_3,42,9,3,3,0.5,avg_negative_log,10,0.2231,0.9,,1435,395,1652,0.0029144797777091694,True,0.0,False,5.0,uniform
0.004081632653061225,0.0,0.0,0.0,gaussian_noise,SKAB,fold_3,42,9,3,3,0.5,avg_negative_log,10,0.2231,0.9,,1435,395,1652,0.0029144797777091694,True,0.0,False,5.0,uniform
0.004081632653061225,0.0,0.0,0.0,original,SKAB,fold_3,123,9,3,3,0.5,avg_negative_log,10,0.2231,0.9,,1435,395,1652,0.0029144797777091694,True,0.0,False,5.0,uniform
0.004081632653061225,0.0,0.0,0.0,gaussian_noise,SKAB,fold_3,123,9,3,3,0.5,avg_negative_log,10,0.2231,0.9,,1435,395,1652,0.0029144797777091694,True,0.0,False,5.0,uniform
0.004081632653061225,0.0,0.0,0.0,original,SKAB,fold_3,2026,9,3,3,0.5,avg_negative_log,10,0.2231,0.9,,1435,395,1652,0.0029144797777091694,True,0.0,False,5.0,uniform
0.004081632653061225,0.0,0.0,0.0,gaussian_noise,SKAB,fold_3,2026,9,3,3,0.5,avg_negative_log,10,0.2231,0.9,,1435,395,1652,0.0029144797777091694,True,0.0,False,5.0,uniform
0.004081632653061225,0.0,0.0,0.0,original,SKAB,fold_3,7,9,3,3,0.5,avg_negative_log,10,0.2231,0.9,,1435,395,1652,0.0029144797777091694,True,0.0,False,5.0,uniform
0.004081632653061225,0.0,0.0,0.0,gaussian_noise,SKAB,fold_3,7,9,3,3,0.5,avg_negative_log,10,0.2231,0.9,,1435,395,1652,0.0029144797777091694,True,0.0,False,5.0,uniform
0.004081632653061225,0.0,0.0,0.0,original,SKAB,fold_3,999,9,3,3,0.5,avg_negative_log,10,0.2231,0.9,,1435,395,1652,0.0029144797777091694,True,0.0,False,5.0,uniform
0.004081632653061225,0.0,0.0,0.0,gaussian_noise,SKAB,fold_3,999,9,3,3,0.5,avg_negative_log,10,0.2231,0.9,,1435,395,1652,0.0029144797777091694,True,0.0,False,5.0,uniform
0.004140786749482402,0.0,0.0,0.0,original,SKAB,fold_4,42,9,3,3,0.5,avg_negative_log,10,0.2231,0.9,,1434,403,1633,0.0028257386200428447,True,0.0,False,5.0,uniform
0.004140786749482402,0.0,0.0,0.0,gaussian_noise,SKAB,fold_4,42,9,3,3,0.5,avg_negative_log,10,0.2231,0.9,,1434,403,1633,0.0028257386200428447,True,0.0,False,5.0,uniform
0.004140786749482402,0.0,0.0,0.0,original,SKAB,fold_4,123,9,3,3,0.5,avg_negative_log,10,0.2231,0.9,,1434,403,1633,0.0028257386200428447,True,0.0,False,5.0,uniform
0.004140786749482402,0.0,0.0,0.0,gaussian_noise,SKAB,fold_4,123,9,3,3,0.5,avg_negative_log,10,0.2231,0.9,,1434,403,1633,0.0028257386200428447,True,0.0,False,5.0,uniform
0.004140786749482402,0.0,0.0,0.0,original,SKAB,fold_4,2026,9,3,3,0.5,avg_negative_log,10,0.2231,0.9,,1434,403,1633,0.0028257386200428447,True,0.0,False,5.0,uniform
0.004140786749482402,0.0,0.0,0.0,gaussian_noise,SKAB,fold_4,2026,9,3,3,0.5,avg_negative_log,10,0.2231,0.9,,1434,403,1633,0.0028257386200428447,True,0.0,False,5.0,uniform
0.004140786749482402,0.0,0.0,0.0,original,SKAB,fold_4,7,9,3,3,0.5,avg_negative_log,10,0.2231,0.9,,1434,403,1633,0.0028257386200428447,True,0.0,False,5.0,uniform
0.004140786749482402,0.0,0.0,0.0,gaussian_noise,SKAB,fold_4,7,9,3,3,0.5,avg_negative_log,10,0.2231,0.9,,1434,403,1633,0.0028257386200428447,True,0.0,False,5.0,uniform
0.004140786749482402,0.0,0.0,0.0,original,SKAB,fold_4,999,9,3,3,0.5,avg_negative_log,10,0.2231,0.9,,1434,403,1633,0.0028257386200428447,True,0.0,False,5.0,uniform
0.004140786749482402,0.0,0.0,0.0,gaussian_noise,SKAB,fold_4,999,9,3,3,0.5,avg_negative_log,10,0.2231,0.9,,1434,403,1633,0.0028257386200428447,True,0.0,False,5.0,uniform
0.00404040404040404,0.0,0.0,0.0,original,SKAB,fold_5,42,9,3,3,0.5,avg_negative_log,10,0.2231,0.9,,1420,381,1678,0.003101548926102547,True,0.0,False,5.0,uniform
0.00404040404040404,0.0,0.0,0.0,gaussian_noise,SKAB,fold_5,42,9,3,3,0.5,avg_negative_log,10,0.2231,0.9,,1420,381,1678,0.003101548926102547,True,0.0,False,5.0,uniform
0.00404040404040404,0.0,0.0,0.0,original,SKAB,fold_5,123,9,3,3,0.5,avg_negative_log,10,0.2231,0.9,,1420,381,1678,0.003101548926102547,True,0.0,False,5.0,uniform
0.00404040404040404,0.0,0.0,0.0,gaussian_noise,SKAB,fold_5,123,9,3,3,0.5,avg_negative_log,10,0.2231,0.9,,1420,381,1678,0.003101548926102547,True,0.0,False,5.0,uniform
0.00404040404040404,0.0,0.0,0.0,original,SKAB,fold_5,2026,9,3,3,0.5,avg_negative_log,10,0.2231,0.9,,1420,381,1678,0.003101548926102547,True,0.0,False,5.0,uniform
0.00404040404040404,0.0,0.0,0.0,gaussian_noise,SKAB,fold_5,2026,9,3,3,0.5,avg_negative_log,10,0.2231,0.9,,1420,381,1678,0.003101548926102547,True,0.0,False,5.0,uniform
0.00404040404040404,0.0,0.0,0.0,original,SKAB,fold_5,7,9,3,3,0.5,avg_negative_log,10,0.2231,0.9,,1420,381,1678,0.003101548926102547,True,0.0,False,5.0,uniform
0.00404040404040404,0.0,0.0,0.0,gaussian_noise,SKAB,fold_5,7,9,3,3,0.5,avg_negative_log,10,0.2231,0.9,,1420,381,1678,0.003101548926102547,True,0.0,False,5.0,uniform
0.00404040404040404,0.0,0.0,0.0,original,SKAB,fold_5,999,9,3,3,0.5,avg_negative_log,10,0.2231,0.9,,1420,381,1678,0.003101548926102547,True,0.0,False,5.0,uniform
0.00404040404040404,0.0,0.0,0.0,gaussian_noise,SKAB,fold_5,999,9,3,3,0.5,avg_negative_log,10,0.2231,0.9,,1420,381,1678,0.003101548926102547,True,0.0,False,5.0,uniform
0.6016260162601627,0.0,0.0,0.0,original,SKAB,fold_1,42,9,3,3,0.5,avg_negative_log,10,0.3567,0.9,,1110,307,1292,0.003791413563400534,True,0.0,False,5.0,uniform
0.6016260162601627,0.0,0.0,0.0,gaussian_noise,SKAB,fold_1,42,9,3,3,0.5,avg_negative_log,10,0.3567,0.9,,1110,307,1292,0.003791413563400534,True,0.0,False,5.0,uniform
0.6016260162601627,0.0,0.0,0.0,original,SKAB,fold_1,123,9,3,3,0.5,avg_negative_log,10,0.3567,0.9,,1110,307,1292,0.003791413563400534,True,0.0,False,5.0,uniform
0.6239837398373984,0.0,0.0,0.0,gaussian_noise,SKAB,fold_1,123,9,3,3,0.5,avg_negative_log,10,0.3567,0.9,,1110,307,1292,0.003791413563400534,True,0.0,False,5.0,uniform
0.6016260162601627,0.0,0.0,0.0,original,SKAB,fold_1,2026,9,3,3,0.5,avg_negative_log,10,0.3567,0.9,,1110,307,1292,0.003791413563400534,True,0.0,False,5.0,uniform
0.6016260162601627,0.0,0.0,0.0,gaussian_noise,SKAB,fold_1,2026,9,3,3,0.5,avg_negative_log,10,0.3567,0.9,,1110,307,1292,0.003791413563400534,True,0.0,False,5.0,uniform
0.6016260162601627,0.0,0.0,0.0,original,SKAB,fold_1,7,9,3,3,0.5,avg_negative_log,10,0.3567,0.9,,1110,307,1292,0.003791413563400534,True,0.0,False,5.0,uniform
0.6239837398373984,0.0,0.0,0.0,gaussian_noise,SKAB,fold_1,7,9,3,3,0.5,avg_negative_log,10,0.3567,0.9,,1110,307,1292,0.003791413563400534,True,0.0,False,5.0,uniform
0.6016260162601627,0.0,0.0,0.0,original,SKAB,fold_1,999,9,3,3,0.5,avg_negative_log,10,0.3567,0.9,,1110,307,1292,0.003791413563400534,True,0.0,False,5.0,uniform
0.6016260162601627,0.0,0.0,0.0,gaussian_noise,SKAB,fold_1,999,9,3,3,0.5,avg_negative_log,10,0.3567,0.9,,1110,307,1292,0.003791413563400534,True,0.0,False,5.0,uniform
0.004081632653061225,0.0,0.0,0.0,original,SKAB,fold_2,42,9,3,3,0.5,avg_negative_log,10,0.3567,0.9,,1454,412,1650,0.002754370267491086,True,0.0,False,5.0,uniform
0.004081632653061225,0.0,0.0,0.0,gaussian_noise,SKAB,fold_2,42,9,3,3,0.5,avg_negative_log,10,0.3567,0.9,,1454,412,1650,0.002754370267491086,True,0.0,False,5.0,uniform
0.004081632653061225,0.0,0.0,0.0,original,SKAB,fold_2,123,9,3,3,0.5,avg_negative_log,10,0.3567,0.9,,1454,412,1650,0.002754370267491086,True,0.0,False,5.0,uniform
0.004081632653061225,0.0,0.0,0.0,gaussian_noise,SKAB,fold_2,123,9,3,3,0.5,avg_negative_log,10,0.3567,0.9,,1454,412,1650,0.002754370267491086,True,0.0,False,5.0,uniform
0.004081632653061225,0.0,0.0,0.0,original,SKAB,fold_2,2026,9,3,3,0.5,avg_negative_log,10,0.3567,0.9,,1454,412,1650,0.002754370267491086,True,0.0,False,5.0,uniform
0.004081632653061225,0.0,0.0,0.0,gaussian_noise,SKAB,fold_2,2026,9,3,3,0.5,avg_negative_log,10,0.3567,0.9,,1454,412,1650,0.002754370267491086,True,0.0,False,5.0,uniform
0.004081632653061225,0.0,0.0,0.0,original,SKAB,fold_2,7,9,3,3,0.5,avg_negative_log,10,0.3567,0.9,,1454,412,1650,0.002754370267491086,True,0.0,False,5.0,uniform
0.004081632653061225,0.0,0.0,0.0,gaussian_noise,SKAB,fold_2,7,9,3,3,0.5,avg_negative_log,10,0.3567,0.9,,1454,412,1650,0.002754370267491086,True,0.0,False,5.0,uniform
0.004081632653061225,0.0,0.0,0.0,original,SKAB,fold_2,999,9,3,3,0.5,avg_negative_log,10,0.3567,0.9,,1454,412,1650,0.002754370267491086,True,0.0,False,5.0,uniform
0.004081632653061225,0.0,0.0,0.0,gaussian_noise,SKAB,fold_2,999,9,3,3,0.5,avg_negative_log,10,0.3567,0.9,,1454,412,1650,0.002754370267491086,True,0.0,False,5.0,uniform
0.004081632653061225,0.0,0.0,0.0,original,SKAB,fold_3,42,9,3,3,0.5,avg_negative_log,10,0.3567,0.9,,1435,395,1652,0.0029144797777091694,True,0.0,False,5.0,uniform
0.004081632653061225,0.0,0.0,0.0,gaussian_noise,SKAB,fold_3,42,9,3,3,0.5,avg_negative_log,10,0.3567,0.9,,1435,395,1652,0.0029144797777091694,True,0.0,False,5.0,uniform
0.004081632653061225,0.0,0.0,0.0,original,SKAB,fold_3,123,9,3,3,0.5,avg_negative_log,10,0.3567,0.9,,1435,395,1652,0.0029144797777091694,True,0.0,False,5.0,uniform
0.004081632653061225,0.0,0.0,0.0,gaussian_noise,SKAB,fold_3,123,9,3,3,0.5,avg_negative_log,10,0.3567,0.9,,1435,395,1652,0.0029144797777091694,True,0.0,False,5.0,uniform
0.004081632653061225,0.0,0.0,0.0,original,SKAB,fold_3,2026,9,3,3,0.5,avg_negative_log,10,0.3567,0.9,,1435,395,1652,0.0029144797777091694,True,0.0,False,5.0,uniform
0.004081632653061225,0.0,0.0,0.0,gaussian_noise,SKAB,fold_3,2026,9,3,3,0.5,avg_negative_log,10,0.3567,0.9,,1435,395,1652,0.0029144797777091694,True,0.0,False,5.0,uniform
0.004081632653061225,0.0,0.0,0.0,original,SKAB,fold_3,7,9,3,3,0.5,avg_negative_log,10,0.3567,0.9,,1435,395,1652,0.0029144797777091694,True,0.0,False,5.0,uniform
0.004081632653061225,0.0,0.0,0.0,gaussian_noise,SKAB,fold_3,7,9,3,3,0.5,avg_negative_log,10,0.3567,0.9,,1435,395,1652,0.0029144797777091694,True,0.0,False,5.0,uniform
0.004081632653061225,0.0,0.0,0.0,original,SKAB,fold_3,999,9,3,3,0.5,avg_negative_log,10,0.3567,0.9,,1435,395,1652,0.0029144797777091694,True,0.0,False,5.0,uniform
0.004081632653061225,0.0,0.0,0.0,gaussian_noise,SKAB,fold_3,999,9,3,3,0.5,avg_negative_log,10,0.3567,0.9,,1435,395,1652,0.0029144797777091694,True,0.0,False,5.0,uniform
0.004140786749482402,0.0,0.0,0.0,original,SKAB,fold_4,42,9,3,3,0.5,avg_negative_log,10,0.3567,0.9,,1434,403,1633,0.0028257386200428447,True,0.0,False,5.0,uniform
0.004140786749482402,0.0,0.0,0.0,gaussian_noise,SKAB,fold_4,42,9,3,3,0.5,avg_negative_log,10,0.3567,0.9,,1434,403,1633,0.0028257386200428447,True,0.0,False,5.0,uniform
0.004140786749482402,0.0,0.0,0.0,original,SKAB,fold_4,123,9,3,3,0.5,avg_negative_log,10,0.3567,0.9,,1434,403,1633,0.0028257386200428447,True,0.0,False,5.0,uniform
0.004140786749482402,0.0,0.0,0.0,gaussian_noise,SKAB,fold_4,123,9,3,3,0.5,avg_negative_log,10,0.3567,0.9,,1434,403,1633,0.0028257386200428447,True,0.0,False,5.0,uniform
0.004140786749482402,0.0,0.0,0.0,original,SKAB,fold_4,2026,9,3,3,0.5,avg_negative_log,10,0.3567,0.9,,1434,403,1633,0.0028257386200428447,True,0.0,False,5.0,uniform
0.004140786749482402,0.0,0.0,0.0,gaussian_noise,SKAB,fold_4,2026,9,3,3,0.5,avg_negative_log,10,0.3567,0.9,,1434,403,1633,0.0028257386200428447,True,0.0,False,5.0,uniform
0.004140786749482402,0.0,0.0,0.0,original,SKAB,fold_4,7,9,3,3,0.5,avg_negative_log,10,0.3567,0.9,,1434,403,1633,0.0028257386200428447,True,0.0,False,5.0,uniform
0.004140786749482402,0.0,0.0,0.0,gaussian_noise,SKAB,fold_4,7,9,3,3,0.5,avg_negative_log,10,0.3567,0.9,,1434,403,1633,0.0028257386200428447,True,0.0,False,5.0,uniform
0.004140786749482402,0.0,0.0,0.0,original,SKAB,fold_4,999,9,3,3,0.5,avg_negative_log,10,0.3567,0.9,,1434,403,1633,0.0028257386200428447,True,0.0,False,5.0,uniform
0.004140786749482402,0.0,0.0,0.0,gaussian_noise,SKAB,fold_4,999,9,3,3,0.5,avg_negative_log,10,0.3567,0.9,,1434,403,1633,0.0028257386200428447,True,0.0,False,5.0,uniform
0.09494949494949495,0.0,0.0,0.0,original,SKAB,fold_5,42,9,3,3,0.5,avg_negative_log,10,0.3567,0.9,,1420,381,1678,0.003101548926102547,True,0.0,False,5.0,uniform
0.07474747474747474,0.0,0.0,0.0,gaussian_noise,SKAB,fold_5,42,9,3,3,0.5,avg_negative_log,10,0.3567,0.9,,1420,381,1678,0.003101548926102547,True,0.0,False,5.0,uniform
0.09494949494949495,0.0,0.0,0.0,original,SKAB,fold_5,123,9,3,3,0.5,avg_negative_log,10,0.3567,0.9,,1420,381,1678,0.003101548926102547,True,0.0,False,5.0,uniform
0.06666666666666667,0.0,0.0,0.0,gaussian_noise,SKAB,fold_5,123,9,3,3,0.5,avg_negative_log,10,0.3567,0.9,,1420,381,1678,0.003101548926102547,True,0.0,False,5.0,uniform
0.09494949494949495,0.0,0.0,0.0,original,SKAB,fold_5,2026,9,3,3,0.5,avg_negative_log,10,0.3567,0.9,,1420,381,1678,0.003101548926102547,True,0.0,False,5.0,uniform
0.12727272727272726,0.0,0.0,0.0,gaussian_noise,SKAB,fold_5,2026,9,3,3,0.5,avg_negative_log,10,0.3567,0.9,,1420,381,1678,0.003101548926102547,True,0.0,False,5.0,uniform
0.09494949494949495,0.0,0.0,0.0,original,SKAB,fold_5,7,9,3,3,0.5,avg_negative_log,10,0.3567,0.9,,1420,381,1678,0.003101548926102547,True,0.0,False,5.0,uniform
0.12727272727272726,0.0,0.0,0.0,gaussian_noise,SKAB,fold_5,7,9,3,3,0.5,avg_negative_log,10,0.3567,0.9,,1420,381,1678,0.003101548926102547,True,0.0,False,5.0,uniform
0.09494949494949495,0.0,0.0,0.0,original,SKAB,fold_5,999,9,3,3,0.5,avg_negative_log,10,0.3567,0.9,,1420,381,1678,0.003101548926102547,True,0.0,False,5.0,uniform
0.08888888888888889,0.0,0.0,0.0,gaussian_noise,SKAB,fold_5,999,9,3,3,0.5,avg_negative_log,10,0.3567,0.9,,1420,381,1678,0.003101548926102547,True,0.0,False,5.0,uniform
0.6016260162601627,0.0,0.0,0.0,original,SKAB,fold_1,42,9,3,3,0.5,avg_negative_log,10,0.5108,0.9,,1110,307,1292,0.003791413563400534,True,0.0,False,5.0,uniform
0.6016260162601627,0.0,0.0,0.0,gaussian_noise,SKAB,fold_1,42,9,3,3,0.5,avg_negative_log,10,0.5108,0.9,,1110,307,1292,0.003791413563400534,True,0.0,False,5.0,uniform
0.6016260162601627,0.0,0.0,0.0,original,SKAB,fold_1,123,9,3,3,0.5,avg_negative_log,10,0.5108,0.9,,1110,307,1292,0.003791413563400534,True,0.0,False,5.0,uniform
0.6239837398373984,0.0,0.0,0.0,gaussian_noise,SKAB,fold_1,123,9,3,3,0.5,avg_negative_log,10,0.5108,0.9,,1110,307,1292,0.003791413563400534,True,0.0,False,5.0,uniform
0.6016260162601627,0.0,0.0,0.0,original,SKAB,fold_1,2026,9,3,3,0.5,avg_negative_log,10,0.5108,0.9,,1110,307,1292,0.003791413563400534,True,0.0,False,5.0,uniform
0.6016260162601627,0.0,0.0,0.0,gaussian_noise,SKAB,fold_1,2026,9,3,3,0.5,avg_negative_log,10,0.5108,0.9,,1110,307,1292,0.003791413563400534,True,0.0,False,5.0,uniform
0.6016260162601627,0.0,0.0,0.0,original,SKAB,fold_1,7,9,3,3,0.5,avg_negative_log,10,0.5108,0.9,,1110,307,1292,0.003791413563400534,True,0.0,False,5.0,uniform
0.6239837398373984,0.0,0.0,0.0,gaussian_noise,SKAB,fold_1,7,9,3,3,0.5,avg_negative_log,10,0.5108,0.9,,1110,307,1292,0.003791413563400534,True,0.0,False,5.0,uniform
0.6016260162601627,0.0,0.0,0.0,original,SKAB,fold_1,999,9,3,3,0.5,avg_negative_log,10,0.5108,0.9,,1110,307,1292,0.003791413563400534,True,0.0,False,5.0,uniform
0.6016260162601627,0.0,0.0,0.0,gaussian_noise,SKAB,fold_1,999,9,3,3,0.5,avg_negative_log,10,0.5108,0.9,,1110,307,1292,0.003791413563400534,True,0.0,False,5.0,uniform
0.42448979591836733,0.0,0.0,0.0,original,SKAB,fold_2,42,9,3,3,0.5,avg_negative_log,10,0.5108,0.9,,1454,412,1650,0.002754370267491086,True,0.0,False,5.0,uniform
0.42244897959183675,0.0,0.0,0.0,gaussian_noise,SKAB,fold_2,42,9,3,3,0.5,avg_negative_log,10,0.5108,0.9,,1454,412,1650,0.002754370267491086,True,0.0,False,5.0,uniform
0.42448979591836733,0.0,0.0,0.0,original,SKAB,fold_2,123,9,3,3,0.5,avg_negative_log,10,0.5108,0.9,,1454,412,1650,0.002754370267491086,True,0.0,False,5.0,uniform
0.40816326530612246,0.0,0.0,0.0,gaussian_noise,SKAB,fold_2,123,9,3,3,0.5,avg_negative_log,10,0.5108,0.9,,1454,412,1650,0.002754370267491086,True,0.0,False,5.0,uniform
0.42448979591836733,0.0,0.0,0.0,original,SKAB,fold_2,2026,9,3,3,0.5,avg_negative_log,10,0.5108,0.9,,1454,412,1650,0.002754370267491086,True,0.0,False,5.0,uniform
0.42244897959183675,0.0,0.0,0.0,gaussian_noise,SKAB,fold_2,2026,9,3,3,0.5,avg_negative_log,10,0.5108,0.9,,1454,412,1650,0.002754370267491086,True,0.0,False,5.0,uniform
0.42448979591836733,0.0,0.0,0.0,original,SKAB,fold_2,7,9,3,3,0.5,avg_negative_log,10,0.5108,0.9,,1454,412,1650,0.002754370267491086,True,0.0,False,5.0,uniform
0.4346938775510204,0.0,0.0,0.0,gaussian_noise,SKAB,fold_2,7,9,3,3,0.5,avg_negative_log,10,0.5108,0.9,,1454,412,1650,0.002754370267491086,True,0.0,False,5.0,uniform
0.42448979591836733,0.0,0.0,0.0,original,SKAB,fold_2,999,9,3,3,0.5,avg_negative_log,10,0.5108,0.9,,1454,412,1650,0.002754370267491086,True,0.0,False,5.0,uniform
0.42244897959183675,0.0,0.0,0.0,gaussian_noise,SKAB,fold_2,999,9,3,3,0.5,avg_negative_log,10,0.5108,0.9,,1454,412,1650,0.002754370267491086,True,0.0,False,5.0,uniform
0.32040816326530613,0.0,0.0,0.0,original,SKAB,fold_3,42,9,3,3,0.5,avg_negative_log,10,0.5108,0.9,,1435,395,1652,0.0029144797777091694,True,0.0,False,5.0,uniform
0.3224489795918367,0.0,0.0,0.0,gaussian_noise,SKAB,fold_3,42,9,3,3,0.5,avg_negative_log,10,0.5108,0.9,,1435,395,1652,0.0029144797777091694,True,0.0,False,5.0,uniform
0.32040816326530613,0.0,0.0,0.0,original,SKAB,fold_3,123,9,3,3,0.5,avg_negative_log,10,0.5108,0.9,,1435,395,1652,0.0029144797777091694,True,0.0,False,5.0,uniform
0.3163265306122449,0.0,0.0,0.0,gaussian_noise,SKAB,fold_3,123,9,3,3,0.5,avg_negative_log,10,0.5108,0.9,,1435,395,1652,0.0029144797777091694,True,0.0,False,5.0,uniform
0.32040816326530613,0.0,0.0,0.0,original,SKAB,fold_3,2026,9,3,3,0.5,avg_negative_log,10,0.5108,0.9,,1435,395,1652,0.0029144797777091694,True,0.0,False,5.0,uniform
0.3551020408163265,0.0,0.0,0.0,gaussian_noise,SKAB,fold_3,2026,9,3,3,0.5,avg_negative_log,10,0.5108,0.9,,1435,395,1652,0.0029144797777091694,True,0.0,False,5.0,uniform
0.32040816326530613,0.0,0.0,0.0,original,SKAB,fold_3,7,9,3,3,0.5,avg_negative_log,10,0.5108,0.9,,1435,395,1652,0.0029144797777091694,True,0.0,False,5.0,uniform
0.3224489795918367,0.0,0.0,0.0,gaussian_noise,SKAB,fold_3,7,9,3,3,0.5,avg_negative_log,10,0.5108,0.9,,1435,395,1652,0.0029144797777091694,True,0.0,False,5.0,uniform
0.32040816326530613,0.0,0.0,0.0,original,SKAB,fold_3,999,9,3,3,0.5,avg_negative_log,10,0.5108,0.9,,1435,395,1652,0.0029144797777091694,True,0.0,False,5.0,uniform
0.3224489795918367,0.0,0.0,0.0,gaussian_noise,SKAB,fold_3,999,9,3,3,0.5,avg_negative_log,10,0.5108,0.9,,1435,395,1652,0.0029144797777091694,True,0.0,False,5.0,uniform
0.42028985507246375,0.0,0.0,0.0,original,SKAB,fold_4,42,9,3,3,0.5,avg_negative_log,10,0.5108,0.9,,1434,403,1633,0.0028257386200428447,True,0.0,False,5.0,uniform
0.42028985507246375,0.0,0.0,0.0,gaussian_noise,SKAB,fold_4,42,9,3,3,0.5,avg_negative_log,10,0.5108,0.9,,1434,403,1633,0.0028257386200428447,True,0.0,False,5.0,uniform
0.42028985507246375,0.0,0.0,0.0,original,SKAB,fold_4,123,9,3,3,0.5,avg_negative_log,10,0.5108,0.9,,1434,403,1633,0.0028257386200428447,True,0.0,False,5.0,uniform
0.40993788819875776,0.0,0.0,0.0,gaussian_noise,SKAB,fold_4,123,9,3,3,0.5,avg_negative_log,10,0.5108,0.9,,1434,403,1633,0.0028257386200428447,True,0.0,False,5.0,uniform
0.42028985507246375,0.0,0.0,0.0,original,SKAB,fold_4,2026,9,3,3,0.5,avg_negative_log,10,0.5108,0.9,,1434,403,1633,0.0028257386200428447,True,0.0,False,5.0,uniform
0.391304347826087,0.0,0.0,0.0,gaussian_noise,SKAB,fold_4,2026,9,3,3,0.5,avg_negative_log,10,0.5108,0.9,,1434,403,1633,0.0028257386200428447,True,0.0,False,5.0,uniform
0.42028985507246375,0.0,0.0,0.0,original,SKAB,fold_4,7,9,3,3,0.5,avg_negative_log,10,0.5108,0.9,,1434,403,1633,0.0028257386200428447,True,0.0,False,5.0,uniform
0.42028985507246375,0.0,0.0,0.0,gaussian_noise,SKAB,fold_4,7,9,3,3,0.5,avg_negative_log,10,0.5108,0.9,,1434,403,1633,0.0028257386200428447,True,0.0,False,5.0,uniform
0.42028985507246375,0.0,0.0,0.0,original,SKAB,fold_4,999,9,3,3,0.5,avg_negative_log,10,0.5108,0.9,,1434,403,1633,0.0028257386200428447,True,0.0,False,5.0,uniform
0.41821946169772256,0.0,0.0,0.0,gaussian_noise,SKAB,fold_4,999,9,3,3,0.5,avg_negative_log,10,0.5108,0.9,,1434,403,1633,0.0028257386200428447,True,0.0,False,5.0,uniform
0.22626262626262628,0.0,0.0,0.0,original,SKAB,fold_5,42,9,3,3,0.5,avg_negative_log,10,0.5108,0.9,,1420,381,1678,0.003101548926102547,True,0.0,False,5.0,uniform
0.21212121212121213,0.0,0.0,0.0,gaussian_noise,SKAB,fold_5,42,9,3,3,0.5,avg_negative_log,10,0.5108,0.9,,1420,381,1678,0.003101548926102547,True,0.0,False,5.0,uniform
0.22626262626262628,0.0,0.0,0.0,original,SKAB,fold_5,123,9,3,3,0.5,avg_negative_log,10,0.5108,0.9,,1420,381,1678,0.003101548926102547,True,0.0,False,5.0,uniform
0.15555555555555556,0.0,0.0,0.0,gaussian_noise,SKAB,fold_5,123,9,3,3,0.5,avg_negative_log,10,0.5108,0.9,,1420,381,1678,0.003101548926102547,True,0.0,False,5.0,uniform
0.22626262626262628,0.0,0.0,0.0,original,SKAB,fold_5,2026,9,3,3,0.5,avg_negative_log,10,0.5108,0.9,,1420,381,1678,0.003101548926102547,True,0.0,False,5.0,uniform
0.21616161616161617,0.0,0.0,0.0,gaussian_noise,SKAB,fold_5,2026,9,3,3,0.5,avg_negative_log,10,0.5108,0.9,,1420,381,1678,0.003101548926102547,True,0.0,False,5.0,uniform
0.22626262626262628,0.0,0.0,0.0,original,SKAB,fold_5,7,9,3,3,0.5,avg_negative_log,10,0.5108,0.9,,1420,381,1678,0.003101548926102547,True,0.0,False,5.0,uniform
0.2585858585858586,0.0,0.0,0.0,gaussian_noise,SKAB,fold_5,7,9,3,3,0.5,avg_negative_log,10,0.5108,0.9,,1420,381,1678,0.003101548926102547,True,0.0,False,5.0,uniform
0.22626262626262628,0.0,0.0,0.0,original,SKAB,fold_5,999,9,3,3,0.5,avg_negative_log,10,0.5108,0.9,,1420,381,1678,0.003101548926102547,True,0.0,False,5.0,uniform
0.17777777777777778,0.0,0.0,0.0,gaussian_noise,SKAB,fold_5,999,9,3,3,0.5,avg_negative_log,10,0.5108,0.9,,1420,381,1678,0.003101548926102547,True,0.0,False,5.0,uniform
0.8089430894308943,0.0,0.0,0.0,original,SKAB,fold_1,42,9,3,3,0.5,avg_negative_log,10,0.6931,0.9,,1110,307,1292,0.003791413563400534,True,0.0,False,5.0,uniform
0.8089430894308943,0.0,0.0,0.0,gaussian_noise,SKAB,fold_1,42,9,3,3,0.5,avg_negative_log,10,0.6931,0.9,,1110,307,1292,0.003791413563400534,True,0.0,False,5.0,uniform
0.8089430894308943,0.0,0.0,0.0,original,SKAB,fold_1,123,9,3,3,0.5,avg_negative_log,10,0.6931,0.9,,1110,307,1292,0.003791413563400534,True,0.0,False,5.0,uniform
0.8313008130081301,0.0,0.0,0.0,gaussian_noise,SKAB,fold_1,123,9,3,3,0.5,avg_negative_log,10,0.6931,0.9,,1110,307,1292,0.003791413563400534,True,0.0,False,5.0,uniform
0.8089430894308943,0.0,0.0,0.0,original,SKAB,fold_1,2026,9,3,3,0.5,avg_negative_log,10,0.6931,0.9,,1110,307,1292,0.003791413563400534,True,0.0,False,5.0,uniform
0.8089430894308943,0.0,0.0,0.0,gaussian_noise,SKAB,fold_1,2026,9,3,3,0.5,avg_negative_log,10,0.6931,0.9,,1110,307,1292,0.003791413563400534,True,0.0,False,5.0,uniform
0.8089430894308943,0.0,0.0,0.0,original,SKAB,fold_1,7,9,3,3,0.5,avg_negative_log,10,0.6931,0.9,,1110,307,1292,0.003791413563400534,True,0.0,False,5.0,uniform
0.8313008130081301,0.0,0.0,0.0,gaussian_noise,SKAB,fold_1,7,9,3,3,0.5,avg_negative_log,10,0.6931,0.9,,1110,307,1292,0.003791413563400534,True,0.0,False,5.0,uniform
0.8089430894308943,0.0,0.0,0.0,original,SKAB,fold_1,999,9,3,3,0.5,avg_negative_log,10,0.6931,0.9,,1110,307,1292,0.003791413563400534,True,0.0,False,5.0,uniform
0.8089430894308943,0.0,0.0,0.0,gaussian_noise,SKAB,fold_1,999,9,3,3,0.5,avg_negative_log,10,0.6931,0.9,,1110,307,1292,0.003791413563400534,True,0.0,False,5.0,uniform
0.4306122448979592,0.0,0.0,0.0,original,SKAB,fold_2,42,9,3,3,0.5,avg_negative_log,10,0.6931,0.9,,1454,412,1650,0.002754370267491086,True,0.0,False,5.0,uniform
0.42857142857142855,0.0,0.0,0.0,gaussian_noise,SKAB,fold_2,42,9,3,3,0.5,avg_negative_log,10,0.6931,0.9,,1454,412,1650,0.002754370267491086,True,0.0,False,5.0,uniform
0.4306122448979592,0.0,0.0,0.0,original,SKAB,fold_2,123,9,3,3,0.5,avg_negative_log,10,0.6931,0.9,,1454,412,1650,0.002754370267491086,True,0.0,False,5.0,uniform
0.4163265306122449,0.0,0.0,0.0,gaussian_noise,SKAB,fold_2,123,9,3,3,0.5,avg_negative_log,10,0.6931,0.9,,1454,412,1650,0.002754370267491086,True,0.0,False,5.0,uniform
0.4306122448979592,0.0,0.0,0.0,original,SKAB,fold_2,2026,9,3,3,0.5,avg_negative_log,10,0.6931,0.9,,1454,412,1650,0.002754370267491086,True,0.0,False,5.0,uniform
0.42857142857142855,0.0,0.0,0.0,gaussian_noise,SKAB,fold_2,2026,9,3,3,0.5,avg_negative_log,10,0.6931,0.9,,1454,412,1650,0.002754370267491086,True,0.0,False,5.0,uniform
0.4306122448979592,0.0,0.0,0.0,original,SKAB,fold_2,7,9,3,3,0.5,avg_negative_log,10,0.6931,0.9,,1454,412,1650,0.002754370267491086,True,0.0,False,5.0,uniform
0.44081632653061226,0.0,0.0,0.0,gaussian_noise,SKAB,fold_2,7,9,3,3,0.5,avg_negative_log,10,0.6931,0.9,,1454,412,1650,0.002754370267491086,True,0.0,False,5.0,uniform
0.4306122448979592,0.0,0.0,0.0,original,SKAB,fold_2,999,9,3,3,0.5,avg_negative_log,10,0.6931,0.9,,1454,412,1650,0.002754370267491086,True,0.0,False,5.0,uniform
0.42857142857142855,0.0,0.0,0.0,gaussian_noise,SKAB,fold_2,999,9,3,3,0.5,avg_negative_log,10,0.6931,0.9,,1454,412,1650,0.002754370267491086,True,0.0,False,5.0,uniform
0.41020408163265304,0.0,0.0,0.0,original,SKAB,fold_3,42,9,3,3,0.5,avg_negative_log,10,0.6931,0.9,,1435,395,1652,0.0029144797777091694,True,0.0,False,5.0,uniform
0.4142857142857143,0.0,0.0,0.0,gaussian_noise,SKAB,fold_3,42,9,3,3,0.5,avg_negative_log,10,0.6931,0.9,,1435,395,1652,0.0029144797777091694,True,0.0,False,5.0,uniform
0.41020408163265304,0.0,0.0,0.0,original,SKAB,fold_3,123,9,3,3,0.5,avg_negative_log,10,0.6931,0.9,,1435,395,1652,0.0029144797777091694,True,0.0,False,5.0,uniform
0.39387755102040817,0.0,0.0,0.0,gaussian_noise,SKAB,fold_3,123,9,3,3,0.5,avg_negative_log,10,0.6931,0.9,,1435,395,1652,0.0029144797777091694,True,0.0,False,5.0,uniform
0.41020408163265304,0.0,0.0,0.0,original,SKAB,fold_3,2026,9,3,3,0.5,avg_negative_log,10,0.6931,0.9,,1435,395,1652,0.0029144797777091694,True,0.0,False,5.0,uniform
0.4448979591836735,0.0,0.0,0.0,gaussian_noise,SKAB,fold_3,2026,9,3,3,0.5,avg_negative_log,10,0.6931,0.9,,1435,395,1652,0.0029144797777091694,True,0.0,False,5.0,uniform
0.41020408163265304,0.0,0.0,0.0,original,SKAB,fold_3,7,9,3,3,0.5,avg_negative_log,10,0.6931,0.9,,1435,395,1652,0.0029144797777091694,True,0.0,False,5.0,uniform
0.4142857142857143,0.0,0.0,0.0,gaussian_noise,SKAB,fold_3,7,9,3,3,0.5,avg_negative_log,10,0.6931,0.9,,1435,395,1652,0.0029144797777091694,True,0.0,False,5.0,uniform
0.41020408163265304,0.0,0.0,0.0,original,SKAB,fold_3,999,9,3,3,0.5,avg_negative_log,10,0.6931,0.9,,1435,395,1652,0.0029144797777091694,True,0.0,False,5.0,uniform
0.4142857142857143,0.0,0.0,0.0,gaussian_noise,SKAB,fold_3,999,9,3,3,0.5,avg_negative_log,10,0.6931,0.9,,1435,395,1652,0.0029144797777091694,True,0.0,False,5.0,uniform
0.42650103519668736,0.0,0.0,0.0,original,SKAB,fold_4,42,9,3,3,0.5,avg_negative_log,10,0.6931,0.9,,1434,403,1633,0.0028257386200428447,True,0.0,False,5.0,uniform
0.42650103519668736,0.0,0.0,0.0,gaussian_noise,SKAB,fold_4,42,9,3,3,0.5,avg_negative_log,10,0.6931,0.9,,1434,403,1633,0.0028257386200428447,True,0.0,False,5.0,uniform
0.42650103519668736,0.0,0.0,0.0,original,SKAB,fold_4,123,9,3,3,0.5,avg_negative_log,10,0.6931,0.9,,1434,403,1633,0.0028257386200428447,True,0.0,False,5.0,uniform
0.4161490683229814,0.0,0.0,0.0,gaussian_noise,SKAB,fold_4,123,9,3,3,0.5,avg_negative_log,10,0.6931,0.9,,1434,403,1633,0.0028257386200428447,True,0.0,False,5.0,uniform
0.42650103519668736,0.0,0.0,0.0,original,SKAB,fold_4,2026,9,3,3,0.5,avg_negative_log,10,0.6931,0.9,,1434,403,1633,0.0028257386200428447,True,0.0,False,5.0,uniform
0.39751552795031053,0.0,0.0,0.0,gaussian_noise,SKAB,fold_4,2026,9,3,3,0.5,avg_negative_log,10,0.6931,0.9,,1434,403,1633,0.0028257386200428447,True,0.0,False,5.0,uniform
0.42650103519668736,0.0,0.0,0.0,original,SKAB,fold_4,7,9,3,3,0.5,avg_negative_log,10,0.6931,0.9,,1434,403,1633,0.0028257386200428447,True,0.0,False,5.0,uniform
0.42650103519668736,0.0,0.0,0.0,gaussian_noise,SKAB,fold_4,7,9,3,3,0.5,avg_negative_log,10,0.6931,0.9,,1434,403,1633,0.0028257386200428447,True,0.0,False,5.0,uniform
0.42650103519668736,0.0,0.0,0.0,original,SKAB,fold_4,999,9,3,3,0.5,avg_negative_log,10,0.6931,0.9,,1434,403,1633,0.0028257386200428447,True,0.0,False,5.0,uniform
0.4244306418219462,0.0,0.0,0.0,gaussian_noise,SKAB,fold_4,999,9,3,3,0.5,avg_negative_log,10,0.6931,0.9,,1434,403,1633,0.0028257386200428447,True,0.0,False,5.0,uniform
0.23232323232323232,0.0,0.0,0.0,original,SKAB,fold_5,42,9,3,3,0.5,avg_negative_log,10,0.6931,0.9,,1420,381,1678,0.003101548926102547,True,0.0,False,5.0,uniform
0.2202020202020202,0.0,0.0,0.0,gaussian_noise,SKAB,fold_5,42,9,3,3,0.5,avg_negative_log,10,0.6931,0.9,,1420,381,1678,0.003101548926102547,True,0.0,False,5.0,uniform
0.23232323232323232,0.0,0.0,0.0,original,SKAB,fold_5,123,9,3,3,0.5,avg_negative_log,10,0.6931,0.9,,1420,381,1678,0.003101548926102547,True,0.0,False,5.0,uniform
0.16363636363636364,0.0,0.0,0.0,gaussian_noise,SKAB,fold_5,123,9,3,3,0.5,avg_negative_log,10,0.6931,0.9,,1420,381,1678,0.003101548926102547,True,0.0,False,5.0,uniform
0.23232323232323232,0.0,0.0,0.0,original,SKAB,fold_5,2026,9,3,3,0.5,avg_negative_log,10,0.6931,0.9,,1420,381,1678,0.003101548926102547,True,0.0,False,5.0,uniform
0.22626262626262628,0.0,0.0,0.0,gaussian_noise,SKAB,fold_5,2026,9,3,3,0.5,avg_negative_log,10,0.6931,0.9,,1420,381,1678,0.003101548926102547,True,0.0,False,5.0,uniform
0.23232323232323232,0.0,0.0,0.0,original,SKAB,fold_5,7,9,3,3,0.5,avg_negative_log,10,0.6931,0.9,,1420,381,1678,0.003101548926102547,True,0.0,False,5.0,uniform
0.26464646464646463,0.0,0.0,0.0,gaussian_noise,SKAB,fold_5,7,9,3,3,0.5,avg_negative_log,10,0.6931,0.9,,1420,381,1678,0.003101548926102547,True,0.0,False,5.0,uniform
0.23232323232323232,0.0,0.0,0.0,original,SKAB,fold_5,999,9,3,3,0.5,avg_negative_log,10,0.6931,0.9,,1420,381,1678,0.003101548926102547,True,0.0,False,5.0,uniform
0.18585858585858586,0.0,0.0,0.0,gaussian_noise,SKAB,fold_5,999,9,3,3,0.5,avg_negative_log,10,0.6931,0.9,,1420,381,1678,0.003101548926102547,True,0.0,False,5.0,uniform
0.8170731707317073,0.0,0.0,0.0,original,SKAB,fold_1,42,9,3,3,0.5,avg_negative_log,10,0.9163,0.9,,1110,307,1292,0.003791413563400534,True,0.0,False,5.0,uniform
0.8170731707317073,0.0,0.0,0.0,gaussian_noise,SKAB,fold_1,42,9,3,3,0.5,avg_negative_log,10,0.9163,0.9,,1110,307,1292,0.003791413563400534,True,0.0,False,5.0,uniform
0.8170731707317073,0.0,0.0,0.0,original,SKAB,fold_1,123,9,3,3,0.5,avg_negative_log,10,0.9163,0.9,,1110,307,1292,0.003791413563400534,True,0.0,False,5.0,uniform
0.8394308943089431,0.0,0.0,0.0,gaussian_noise,SKAB,fold_1,123,9,3,3,0.5,avg_negative_log,10,0.9163,0.9,,1110,307,1292,0.003791413563400534,True,0.0,False,5.0,uniform
0.8170731707317073,0.0,0.0,0.0,original,SKAB,fold_1,2026,9,3,3,0.5,avg_negative_log,10,0.9163,0.9,,1110,307,1292,0.003791413563400534,True,0.0,False,5.0,uniform
0.8170731707317073,0.0,0.0,0.0,gaussian_noise,SKAB,fold_1,2026,9,3,3,0.5,avg_negative_log,10,0.9163,0.9,,1110,307,1292,0.003791413563400534,True,0.0,False,5.0,uniform
0.8170731707317073,0.0,0.0,0.0,original,SKAB,fold_1,7,9,3,3,0.5,avg_negative_log,10,0.9163,0.9,,1110,307,1292,0.003791413563400534,True,0.0,False,5.0,uniform
0.8394308943089431,0.0,0.0,0.0,gaussian_noise,SKAB,fold_1,7,9,3,3,0.5,avg_negative_log,10,0.9163,0.9,,1110,307,1292,0.003791413563400534,True,0.0,False,5.0,uniform
0.8170731707317073,0.0,0.0,0.0,original,SKAB,fold_1,999,9,3,3,0.5,avg_negative_log,10,0.9163,0.9,,1110,307,1292,0.003791413563400534,True,0.0,False,5.0,uniform
0.8170731707317073,0.0,0.0,0.0,gaussian_noise,SKAB,fold_1,999,9,3,3,0.5,avg_negative_log,10,0.9163,0.9,,1110,307,1292,0.003791413563400534,True,0.0,False,5.0,uniform
0.43673469387755104,0.0,0.0,0.0,original,SKAB,fold_2,42,9,3,3,0.5,avg_negative_log,10,0.9163,0.9,,1454,412,1650,0.002754370267491086,True,0.0,False,5.0,uniform
0.4346938775510204,0.0,0.0,0.0,gaussian_noise,SKAB,fold_2,42,9,3,3,0.5,avg_negative_log,10,0.9163,0.9,,1454,412,1650,0.002754370267491086,True,0.0,False,5.0,uniform
0.43673469387755104,0.0,0.0,0.0,original,SKAB,fold_2,123,9,3,3,0.5,avg_negative_log,10,0.9163,0.9,,1454,412,1650,0.002754370267491086,True,0.0,False,5.0,uniform
0.42857142857142855,0.0,0.0,0.0,gaussian_noise,SKAB,fold_2,123,9,3,3,0.5,avg_negative_log,10,0.9163,0.9,,1454,412,1650,0.002754370267491086,True,0.0,False,5.0,uniform
0.43673469387755104,0.0,0.0,0.0,original,SKAB,fold_2,2026,9,3,3,0.5,avg_negative_log,10,0.9163,0.9,,1454,412,1650,0.002754370267491086,True,0.0,False,5.0,uniform
0.4346938775510204,0.0,0.0,0.0,gaussian_noise,SKAB,fold_2,2026,9,3,3,0.5,avg_negative_log,10,0.9163,0.9,,1454,412,1650,0.002754370267491086,True,0.0,False,5.0,uniform
0.43673469387755104,0.0,0.0,0.0,original,SKAB,fold_2,7,9,3,3,0.5,avg_negative_log,10,0.9163,0.9,,1454,412,1650,0.002754370267491086,True,0.0,False,5.0,uniform
0.44693877551020406,0.0,0.0,0.0,gaussian_noise,SKAB,fold_2,7,9,3,3,0.5,avg_negative_log,10,0.9163,0.9,,1454,412,1650,0.002754370267491086,True,0.0,False,5.0,uniform
0.43673469387755104,0.0,0.0,0.0,original,SKAB,fold_2,999,9,3,3,0.5,avg_negative_log,10,0.9163,0.9,,1454,412,1650,0.002754370267491086,True,0.0,False,5.0,uniform
0.4346938775510204,0.0,0.0,0.0,gaussian_noise,SKAB,fold_2,999,9,3,3,0.5,avg_negative_log,10,0.9163,0.9,,1454,412,1650,0.002754370267491086,True,0.0,False,5.0,uniform
0.42857142857142855,0.0,0.0,0.0,original,SKAB,fold_3,42,9,3,3,0.5,avg_negative_log,10,0.9163,0.9,,1435,395,1652,0.0029144797777091694,True,0.0,False,5.0,uniform
0.4326530612244898,0.0,0.0,0.0,gaussian_noise,SKAB,fold_3,42,9,3,3,0.5,avg_negative_log,10,0.9163,0.9,,1435,395,1652,0.0029144797777091694,True,0.0,False,5.0,uniform
0.42857142857142855,0.0,0.0,0.0,original,SKAB,fold_3,123,9,3,3,0.5,avg_negative_log,10,0.9163,0.9,,1435,395,1652,0.0029144797777091694,True,0.0,False,5.0,uniform
0.4142857142857143,0.0,0.0,0.0,gaussian_noise,SKAB,fold_3,123,9,3,3,0.5,avg_negative_log,10,0.9163,0.9,,1435,395,1652,0.0029144797777091694,True,0.0,False,5.0,uniform
0.42857142857142855,0.0,0.0,0.0,original,SKAB,fold_3,2026,9,3,3,0.5,avg_negative_log,10,0.9163,0.9,,1435,395,1652,0.0029144797777091694,True,0.0,False,5.0,uniform
0.463265306122449,0.0,0.0,0.0,gaussian_noise,SKAB,fold_3,2026,9,3,3,0.5,avg_negative_log,10,0.9163,0.9,,1435,395,1652,0.0029144797777091694,True,0.0,False,5.0,uniform
0.42857142857142855,0.0,0.0,0.0,original,SKAB,fold_3,7,9,3,3,0.5,avg_negative_log,10,0.9163,0.9,,1435,395,1652,0.0029144797777091694,True,0.0,False,5.0,uniform
0.4326530612244898,0.0,0.0,0.0,gaussian_noise,SKAB,fold_3,7,9,3,3,0.5,avg_negative_log,10,0.9163,0.9,,1435,395,1652,0.0029144797777091694,True,0.0,False,5.0,uniform
0.42857142857142855,0.0,0.0,0.0,original,SKAB,fold_3,999,9,3,3,0.5,avg_negative_log,10,0.9163,0.9,,1435,395,1652,0.0029144797777091694,True,0.0,False,5.0,uniform
0.4326530612244898,0.0,0.0,0.0,gaussian_noise,SKAB,fold_3,999,9,3,3,0.5,avg_negative_log,10,0.9163,0.9,,1435,395,1652,0.0029144797777091694,True,0.0,False,5.0,uniform
0.43685300207039335,0.0,0.0,0.0,original,SKAB,fold_4,42,9,3,3,0.5,avg_negative_log,10,0.9163,0.9,,1434,403,1633,0.0028257386200428447,True,0.0,False,5.0,uniform
0.43685300207039335,0.0,0.0,0.0,gaussian_noise,SKAB,fold_4,42,9,3,3,0.5,avg_negative_log,10,0.9163,0.9,,1434,403,1633,0.0028257386200428447,True,0.0,False,5.0,uniform
0.43685300207039335,0.0,0.0,0.0,original,SKAB,fold_4,123,9,3,3,0.5,avg_negative_log,10,0.9163,0.9,,1434,403,1633,0.0028257386200428447,True,0.0,False,5.0,uniform
0.42857142857142855,0.0,0.0,0.0,gaussian_noise,SKAB,fold_4,123,9,3,3,0.5,avg_negative_log,10,0.9163,0.9,,1434,403,1633,0.0028257386200428447,True,0.0,False,5.0,uniform
0.43685300207039335,0.0,0.0,0.0,original,SKAB,fold_4,2026,9,3,3,0.5,avg_negative_log,10,0.9163,0.9,,1434,403,1633,0.0028257386200428447,True,0.0,False,5.0,uniform
0.4078674948240166,0.0,0.0,0.0,gaussian_noise,SKAB,fold_4,2026,9,3,3,0.5,avg_negative_log,10,0.9163,0.9,,1434,403,1633,0.0028257386200428447,True,0.0,False,5.0,uniform
0.43685300207039335,0.0,0.0,0.0,original,SKAB,fold_4,7,9,3,3,0.5,avg_negative_log,10,0.9163,0.9,,1434,403,1633,0.0028257386200428447,True,0.0,False,5.0,uniform
0.43685300207039335,0.0,0.0,0.0,gaussian_noise,SKAB,fold_4,7,9,3,3,0.5,avg_negative_log,10,0.9163,0.9,,1434,403,1633,0.0028257386200428447,True,0.0,False,5.0,uniform
0.43685300207039335,0.0,0.0,0.0,original,SKAB,fold_4,999,9,3,3,0.5,avg_negative_log,10,0.9163,0.9,,1434,403,1633,0.0028257386200428447,True,0.0,False,5.0,uniform
0.43478260869565216,0.0,0.0,0.0,gaussian_noise,SKAB,fold_4,999,9,3,3,0.5,avg_negative_log,10,0.9163,0.9,,1434,403,1633,0.0028257386200428447,True,0.0,False,5.0,uniform
0.24242424242424243,0.0,0.0,0.0,original,SKAB,fold_5,42,9,3,3,0.5,avg_negative_log,10,0.9163,0.9,,1420,381,1678,0.003101548926102547,True,0.0,False,5.0,uniform
0.23232323232323232,0.0,0.0,0.0,gaussian_noise,SKAB,fold_5,42,9,3,3,0.5,avg_negative_log,10,0.9163,0.9,,1420,381,1678,0.003101548926102547,True,0.0,False,5.0,uniform
0.24242424242424243,0.0,0.0,0.0,original,SKAB,fold_5,123,9,3,3,0.5,avg_negative_log,10,0.9163,0.9,,1420,381,1678,0.003101548926102547,True,0.0,False,5.0,uniform
0.17575757575757575,0.0,0.0,0.0,gaussian_noise,SKAB,fold_5,123,9,3,3,0.5,avg_negative_log,10,0.9163,0.9,,1420,381,1678,0.003101548926102547,True,0.0,False,5.0,uniform
0.24242424242424243,0.0,0.0,0.0,original,SKAB,fold_5,2026,9,3,3,0.5,avg_negative_log,10,0.9163,0.9,,1420,381,1678,0.003101548926102547,True,0.0,False,5.0,uniform
0.2404040404040404,0.0,0.0,0.0,gaussian_noise,SKAB,fold_5,2026,9,3,3,0.5,avg_negative_log,10,0.9163,0.9,,1420,381,1678,0.003101548926102547,True,0.0,False,5.0,uniform
0.24242424242424243,0.0,0.0,0.0,original,SKAB,fold_5,7,9,3,3,0.5,avg_negative_log,10,0.9163,0.9,,1420,381,1678,0.003101548926102547,True,0.0,False,5.0,uniform
0.27474747474747474,0.0,0.0,0.0,gaussian_noise,SKAB,fold_5,7,9,3,3,0.5,avg_negative_log,10,0.9163,0.9,,1420,381,1678,0.003101548926102547,True,0.0,False,5.0,uniform
0.24242424242424243,0.0,0.0,0.0,original,SKAB,fold_5,999,9,3,3,0.5,avg_negative_log,10,0.9163,0.9,,1420,381,1678,0.003101548926102547,True,0.0,False,5.0,uniform
0.19595959595959597,0.0,0.0,0.0,gaussian_noise,SKAB,fold_5,999,9,3,3,0.5,avg_negative_log,10,0.9163,0.9,,1420,381,1678,0.003101548926102547,True,0.0,False,5.0,uniform
0.0045351473922902496,0.0,0.0,0.0,original,SKAB,fold_1,42,10,3,3,0.5,avg_negative_log,10,0.0,0.9,,1158,338,1304,0.0033315959979969547,True,0.0,False,5.0,uniform
0.0045351473922902496,0.0,0.0,0.0,gaussian_noise,SKAB,fold_1,42,10,3,3,0.5,avg_negative_log,10,0.0,0.9,,1158,338,1304,0.0033315959979969547,True,0.0,False,5.0,uniform
0.0045351473922902496,0.0,0.0,0.0,original,SKAB,fold_1,123,10,3,3,0.5,avg_negative_log,10,0.0,0.9,,1158,338,1304,0.0033315959979969547,True,0.0,False,5.0,uniform
0.0045351473922902496,0.0,0.0,0.0,gaussian_noise,SKAB,fold_1,123,10,3,3,0.5,avg_negative_log,10,0.0,0.9,,1158,338,1304,0.0033315959979969547,True,0.0,False,5.0,uniform
0.0045351473922902496,0.0,0.0,0.0,original,SKAB,fold_1,2026,10,3,3,0.5,avg_negative_log,10,0.0,0.9,,1158,338,1304,0.0033315959979969547,True,0.0,False,5.0,uniform
0.0045351473922902496,0.0,0.0,0.0,gaussian_noise,SKAB,fold_1,2026,10,3,3,0.5,avg_negative_log,10,0.0,0.9,,1158,338,1304,0.0033315959979969547,True,0.0,False,5.0,uniform
0.0045351473922902496,0.0,0.0,0.0,original,SKAB,fold_1,7,10,3,3,0.5,avg_negative_log,10,0.0,0.9,,1158,338,1304,0.0033315959979969547,True,0.0,False,5.0,uniform
0.0045351473922902496,0.0,0.0,0.0,gaussian_noise,SKAB,fold_1,7,10,3,3,0.5,avg_negative_log,10,0.0,0.9,,1158,338,1304,0.0033315959979969547,True,0.0,False,5.0,uniform
0.0045351473922902496,0.0,0.0,0.0,original,SKAB,fold_1,999,10,3,3,0.5,avg_negative_log,10,0.0,0.9,,1158,338,1304,0.0033315959979969547,True,0.0,False,5.0,uniform
0.0045351473922902496,0.0,0.0,0.0,gaussian_noise,SKAB,fold_1,999,10,3,3,0.5,avg_negative_log,10,0.0,0.9,,1158,338,1304,0.0033315959979969547,True,0.0,False,5.0,uniform
0.004555808656036446,0.0,0.0,0.0,original,SKAB,fold_2,42,10,3,3,0.5,avg_negative_log,10,0.0,0.9,,1531,456,1677,0.002402110763518856,True,0.0,False,5.0,uniform
0.004555808656036446,0.0,0.0,0.0,gaussian_noise,SKAB,fold_2,42,10,3,3,0.5,avg_negative_log,10,0.0,0.9,,1531,456,1677,0.002402110763518856,True,0.0,False,5.0,uniform
0.004555808656036446,0.0,0.0,0.0,original,SKAB,fold_2,123,10,3,3,0.5,avg_negative_log,10,0.0,0.9,,1531,456,1677,0.002402110763518856,True,0.0,False,5.0,uniform
0.004555808656036446,0.0,0.0,0.0,gaussian_noise,SKAB,fold_2,123,10,3,3,0.5,avg_negative_log,10,0.0,0.9,,1531,456,1677,0.002402110763518856,True,0.0,False,5.0,uniform
0.004555808656036446,0.0,0.0,0.0,original,SKAB,fold_2,2026,10,3,3,0.5,avg_negative_log,10,0.0,0.9,,1531,456,1677,0.002402110763518856,True,0.0,False,5.0,uniform
0.004555808656036446,0.0,0.0,0.0,gaussian_noise,SKAB,fold_2,2026,10,3,3,0.5,avg_negative_log,10,0.0,0.9,,1531,456,1677,0.002402110763518856,True,0.0,False,5.0,uniform
0.004555808656036446,0.0,0.0,0.0,original,SKAB,fold_2,7,10,3,3,0.5,avg_negative_log,10,0.0,0.9,,1531,456,1677,0.002402110763518856,True,0.0,False,5.0,uniform
0.004555808656036446,0.0,0.0,0.0,gaussian_noise,SKAB,fold_2,7,10,3,3,0.5,avg_negative_log,10,0.0,0.9,,1531,456,1677,0.002402110763518856,True,0.0,False,5.0,uniform
0.004555808656036446,0.0,0.0,0.0,original,SKAB,fold_2,999,10,3,3,0.5,avg_negative_log,10,0.0,0.9,,1531,456,1677,0.002402110763518856,True,0.0,False,5.0,uniform
0.004555808656036446,0.0,0.0,0.0,gaussian_noise,SKAB,fold_2,999,10,3,3,0.5,avg_negative_log,10,0.0,0.9,,1531,456,1677,0.002402110763518856,True,0.0,False,5.0,uniform
0.004555808656036446,0.0,0.0,0.0,original,SKAB,fold_3,42,10,3,3,0.5,avg_negative_log,10,0.0,0.9,,1539,455,1695,0.002420581367949789,True,0.0,False,5.0,uniform
0.004555808656036446,0.0,0.0,0.0,gaussian_noise,SKAB,fold_3,42,10,3,3,0.5,avg_negative_log,10,0.0,0.9,,1539,455,1695,0.002420581367949789,True,0.0,False,5.0,uniform
0.004555808656036446,0.0,0.0,0.0,original,SKAB,fold_3,123,10,3,3,0.5,avg_negative_log,10,0.0,0.9,,1539,455,1695,0.002420581367949789,True,0.0,False,5.0,uniform
0.004555808656036446,0.0,0.0,0.0,gaussian_noise,SKAB,fold_3,123,10,3,3,0.5,avg_negative_log,10,0.0,0.9,,1539,455,1695,0.002420581367949789,True,0.0,False,5.0,uniform
0.004555808656036446,0.0,0.0,0.0,original,SKAB,fold_3,2026,10,3,3,0.5,avg_negative_log,10,0.0,0.9,,1539,455,1695,0.002420581367949789,True,0.0,False,5.0,uniform
0.004555808656036446,0.0,0.0,0.0,gaussian_noise,SKAB,fold_3,2026,10,3,3,0.5,avg_negative_log,10,0.0,0.9,,1539,455,1695,0.002420581367949789,True,0.0,False,5.0,uniform
0.004555808656036446,0.0,0.0,0.0,original,SKAB,fold_3,7,10,3,3,0.5,avg_negative_log,10,0.0,0.9,,1539,455,1695,0.002420581367949789,True,0.0,False,5.0,uniform
0.004555808656036446,0.0,0.0,0.0,gaussian_noise,SKAB,fold_3,7,10,3,3,0.5,avg_negative_log,10,0.0,0.9,,1539,455,1695,0.002420581367949789,True,0.0,False,5.0,uniform
0.004555808656036446,0.0,0.0,0.0,original,SKAB,fold_3,999,10,3,3,0.5,avg_negative_log,10,0.0,0.9,,1539,455,1695,0.002420581367949789,True,0.0,False,5.0,uniform
0.004555808656036446,0.0,0.0,0.0,gaussian_noise,SKAB,fold_3,999,10,3,3,0.5,avg_negative_log,10,0.0,0.9,,1539,455,1695,0.002420581367949789,True,0.0,False,5.0,uniform
0.004618937644341801,0.0,0.0,0.0,original,SKAB,fold_4,42,10,3,3,0.5,avg_negative_log,10,0.0,0.9,,1526,443,1698,0.002511767438145138,True,0.0,False,5.0,uniform
0.004618937644341801,0.0,0.0,0.0,gaussian_noise,SKAB,fold_4,42,10,3,3,0.5,avg_negative_log,10,0.0,0.9,,1526,443,1698,0.002511767438145138,True,0.0,False,5.0,uniform
0.004618937644341801,0.0,0.0,0.0,original,SKAB,fold_4,123,10,3,3,0.5,avg_negative_log,10,0.0,0.9,,1526,443,1698,0.002511767438145138,True,0.0,False,5.0,uniform
0.004618937644341801,0.0,0.0,0.0,gaussian_noise,SKAB,fold_4,123,10,3,3,0.5,avg_negative_log,10,0.0,0.9,,1526,443,1698,0.002511767438145138,True,0.0,False,5.0,uniform
0.004618937644341801,0.0,0.0,0.0,original,SKAB,fold_4,2026,10,3,3,0.5,avg_negative_log,10,0.0,0.9,,1526,443,1698,0.002511767438145138,True,0.0,False,5.0,uniform
0.004618937644341801,0.0,0.0,0.0,gaussian_noise,SKAB,fold_4,2026,10,3,3,0.5,avg_negative_log,10,0.0,0.9,,1526,443,1698,0.002511767438145138,True,0.0,False,5.0,uniform
0.004618937644341801,0.0,0.0,0.0,original,SKAB,fold_4,7,10,3,3,0.5,avg_negative_log,10,0.0,0.9,,1526,443,1698,0.002511767438145138,True,0.0,False,5.0,uniform
0.004618937644341801,0.0,0.0,0.0,gaussian_noise,SKAB,fold_4,7,10,3,3,0.5,avg_negative_log,10,0.0,0.9,,1526,443,1698,0.002511767438145138,True,0.0,False,5.0,uniform
0.004618937644341801,0.0,0.0,0.0,original,SKAB,fold_4,999,10,3,3,0.5,avg_negative_log,10,0.0,0.9,,1526,443,1698,0.002511767438145138,True,0.0,False,5.0,uniform
0.004618937644341801,0.0,0.0,0.0,gaussian_noise,SKAB,fold_4,999,10,3,3,0.5,avg_negative_log,10,0.0,0.9,,1526,443,1698,0.002511767438145138,True,0.0,False,5.0,uniform
0.0045045045045045045,0.0,0.0,0.0,original,SKAB,fold_5,42,10,3,3,0.5,avg_negative_log,10,0.0,0.9,,1581,454,1781,0.0024812824092263026,True,0.0,False,5.0,uniform
0.0045045045045045045,0.0,0.0,0.0,gaussian_noise,SKAB,fold_5,42,10,3,3,0.5,avg_negative_log,10,0.0,0.9,,1581,454,1781,0.0024812824092263026,True,0.0,False,5.0,uniform
0.0045045045045045045,0.0,0.0,0.0,original,SKAB,fold_5,123,10,3,3,0.5,avg_negative_log,10,0.0,0.9,,1581,454,1781,0.0024812824092263026,True,0.0,False,5.0,uniform
0.0045045045045045045,0.0,0.0,0.0,gaussian_noise,SKAB,fold_5,123,10,3,3,0.5,avg_negative_log,10,0.0,0.9,,1581,454,1781,0.0024812824092263026,True,0.0,False,5.0,uniform
0.0045045045045045045,0.0,0.0,0.0,original,SKAB,fold_5,2026,10,3,3,0.5,avg_negative_log,10,0.0,0.9,,1581,454,1781,0.0024812824092263026,True,0.0,False,5.0,uniform
0.0045045045045045045,0.0,0.0,0.0,gaussian_noise,SKAB,fold_5,2026,10,3,3,0.5,avg_negative_log,10,0.0,0.9,,1581,454,1781,0.0024812824092263026,True,0.0,False,5.0,uniform
0.0045045045045045045,0.0,0.0,0.0,original,SKAB,fold_5,7,10,3,3,0.5,avg_negative_log,10,0.0,0.9,,1581,454,1781,0.0024812824092263026,True,0.0,False,5.0,uniform
0.0045045045045045045,0.0,0.0,0.0,gaussian_noise,SKAB,fold_5,7,10,3,3,0.5,avg_negative_log,10,0.0,0.9,,1581,454,1781,0.0024812824092263026,True,0.0,False,5.0,uniform
0.0045045045045045045,0.0,0.0,0.0,original,SKAB,fold_5,999,10,3,3,0.5,avg_negative_log,10,0.0,0.9,,1581,454,1781,0.0024812824092263026,True,0.0,False,5.0,uniform
0.0045045045045045045,0.0,0.0,0.0,gaussian_noise,SKAB,fold_5,999,10,3,3,0.5,avg_negative_log,10,0.0,0.9,,1581,454,1781,0.0024812824092263026,True,0.0,False,5.0,uniform
0.0045351473922902496,0.0,0.0,0.0,original,SKAB,fold_1,42,10,3,3,0.5,avg_negative_log,10,0.001,0.9,,1158,338,1304,0.0033315959979969547,True,0.0,False,5.0,uniform
0.0045351473922902496,0.0,0.0,0.0,gaussian_noise,SKAB,fold_1,42,10,3,3,0.5,avg_negative_log,10,0.001,0.9,,1158,338,1304,0.0033315959979969547,True,0.0,False,5.0,uniform
0.0045351473922902496,0.0,0.0,0.0,original,SKAB,fold_1,123,10,3,3,0.5,avg_negative_log,10,0.001,0.9,,1158,338,1304,0.0033315959979969547,True,0.0,False,5.0,uniform
0.0045351473922902496,0.0,0.0,0.0,gaussian_noise,SKAB,fold_1,123,10,3,3,0.5,avg_negative_log,10,0.001,0.9,,1158,338,1304,0.0033315959979969547,True,0.0,False,5.0,uniform
0.0045351473922902496,0.0,0.0,0.0,original,SKAB,fold_1,2026,10,3,3,0.5,avg_negative_log,10,0.001,0.9,,1158,338,1304,0.0033315959979969547,True,0.0,False,5.0,uniform
0.0045351473922902496,0.0,0.0,0.0,gaussian_noise,SKAB,fold_1,2026,10,3,3,0.5,avg_negative_log,10,0.001,0.9,,1158,338,1304,0.0033315959979969547,True,0.0,False,5.0,uniform
0.0045351473922902496,0.0,0.0,0.0,original,SKAB,fold_1,7,10,3,3,0.5,avg_negative_log,10,0.001,0.9,,1158,338,1304,0.0033315959979969547,True,0.0,False,5.0,uniform
0.0045351473922902496,0.0,0.0,0.0,gaussian_noise,SKAB,fold_1,7,10,3,3,0.5,avg_negative_log,10,0.001,0.9,,1158,338,1304,0.0033315959979969547,True,0.0,False,5.0,uniform
0.0045351473922902496,0.0,0.0,0.0,original,SKAB,fold_1,999,10,3,3,0.5,avg_negative_log,10,0.001,0.9,,1158,338,1304,0.0033315959979969547,True,0.0,False,5.0,uniform
0.0045351473922902496,0.0,0.0,0.0,gaussian_noise,SKAB,fold_1,999,10,3,3,0.5,avg_negative_log,10,0.001,0.9,,1158,338,1304,0.0033315959979969547,True,0.0,False,5.0,uniform
0.004555808656036446,0.0,0.0,0.0,original,SKAB,fold_2,42,10,3,3,0.5,avg_negative_log,10,0.001,0.9,,1531,456,1677,0.002402110763518856,True,0.0,False,5.0,uniform
0.004555808656036446,0.0,0.0,0.0,gaussian_noise,SKAB,fold_2,42,10,3,3,0.5,avg_negative_log,10,0.001,0.9,,1531,456,1677,0.002402110763518856,True,0.0,False,5.0,uniform
0.004555808656036446,0.0,0.0,0.0,original,SKAB,fold_2,123,10,3,3,0.5,avg_negative_log,10,0.001,0.9,,1531,456,1677,0.002402110763518856,True,0.0,False,5.0,uniform
0.004555808656036446,0.0,0.0,0.0,gaussian_noise,SKAB,fold_2,123,10,3,3,0.5,avg_negative_log,10,0.001,0.9,,1531,456,1677,0.002402110763518856,True,0.0,False,5.0,uniform
0.004555808656036446,0.0,0.0,0.0,original,SKAB,fold_2,2026,10,3,3,0.5,avg_negative_log,10,0.001,0.9,,1531,456,1677,0.002402110763518856,True,0.0,False,5.0,uniform
0.004555808656036446,0.0,0.0,0.0,gaussian_noise,SKAB,fold_2,2026,10,3,3,0.5,avg_negative_log,10,0.001,0.9,,1531,456,1677,0.002402110763518856,True,0.0,False,5.0,uniform
0.004555808656036446,0.0,0.0,0.0,original,SKAB,fold_2,7,10,3,3,0.5,avg_negative_log,10,0.001,0.9,,1531,456,1677,0.002402110763518856,True,0.0,False,5.0,uniform
0.004555808656036446,0.0,0.0,0.0,gaussian_noise,SKAB,fold_2,7,10,3,3,0.5,avg_negative_log,10,0.001,0.9,,1531,456,1677,0.002402110763518856,True,0.0,False,5.0,uniform
0.004555808656036446,0.0,0.0,0.0,original,SKAB,fold_2,999,10,3,3,0.5,avg_negative_log,10,0.001,0.9,,1531,456,1677,0.002402110763518856,True,0.0,False,5.0,uniform
0.004555808656036446,0.0,0.0,0.0,gaussian_noise,SKAB,fold_2,999,10,3,3,0.5,avg_negative_log,10,0.001,0.9,,1531,456,1677,0.002402110763518856,True,0.0,False,5.0,uniform
0.004555808656036446,0.0,0.0,0.0,original,SKAB,fold_3,42,10,3,3,0.5,avg_negative_log,10,0.001,0.9,,1539,455,1695,0.002420581367949789,True,0.0,False,5.0,uniform
0.004555808656036446,0.0,0.0,0.0,gaussian_noise,SKAB,fold_3,42,10,3,3,0.5,avg_negative_log,10,0.001,0.9,,1539,455,1695,0.002420581367949789,True,0.0,False,5.0,uniform
0.004555808656036446,0.0,0.0,0.0,original,SKAB,fold_3,123,10,3,3,0.5,avg_negative_log,10,0.001,0.9,,1539,455,1695,0.002420581367949789,True,0.0,False,5.0,uniform
0.004555808656036446,0.0,0.0,0.0,gaussian_noise,SKAB,fold_3,123,10,3,3,0.5,avg_negative_log,10,0.001,0.9,,1539,455,1695,0.002420581367949789,True,0.0,False,5.0,uniform
0.004555808656036446,0.0,0.0,0.0,original,SKAB,fold_3,2026,10,3,3,0.5,avg_negative_log,10,0.001,0.9,,1539,455,1695,0.002420581367949789,True,0.0,False,5.0,uniform
0.004555808656036446,0.0,0.0,0.0,gaussian_noise,SKAB,fold_3,2026,10,3,3,0.5,avg_negative_log,10,0.001,0.9,,1539,455,1695,0.002420581367949789,True,0.0,False,5.0,uniform
0.004555808656036446,0.0,0.0,0.0,original,SKAB,fold_3,7,10,3,3,0.5,avg_negative_log,10,0.001,0.9,,1539,455,1695,0.002420581367949789,True,0.0,False,5.0,uniform
0.004555808656036446,0.0,0.0,0.0,gaussian_noise,SKAB,fold_3,7,10,3,3,0.5,avg_negative_log,10,0.001,0.9,,1539,455,1695,0.002420581367949789,True,0.0,False,5.0,uniform
0.004555808656036446,0.0,0.0,0.0,original,SKAB,fold_3,999,10,3,3,0.5,avg_negative_log,10,0.001,0.9,,1539,455,1695,0.002420581367949789,True,0.0,False,5.0,uniform
0.004555808656036446,0.0,0.0,0.0,gaussian_noise,SKAB,fold_3,999,10,3,3,0.5,avg_negative_log,10,0.001,0.9,,1539,455,1695,0.002420581367949789,True,0.0,False,5.0,uniform
0.004618937644341801,0.0,0.0,0.0,original,SKAB,fold_4,42,10,3,3,0.5,avg_negative_log,10,0.001,0.9,,1526,443,1698,0.002511767438145138,True,0.0,False,5.0,uniform
0.004618937644341801,0.0,0.0,0.0,gaussian_noise,SKAB,fold_4,42,10,3,3,0.5,avg_negative_log,10,0.001,0.9,,1526,443,1698,0.002511767438145138,True,0.0,False,5.0,uniform
0.004618937644341801,0.0,0.0,0.0,original,SKAB,fold_4,123,10,3,3,0.5,avg_negative_log,10,0.001,0.9,,1526,443,1698,0.002511767438145138,True,0.0,False,5.0,uniform
0.004618937644341801,0.0,0.0,0.0,gaussian_noise,SKAB,fold_4,123,10,3,3,0.5,avg_negative_log,10,0.001,0.9,,1526,443,1698,0.002511767438145138,True,0.0,False,5.0,uniform
0.004618937644341801,0.0,0.0,0.0,original,SKAB,fold_4,2026,10,3,3,0.5,avg_negative_log,10,0.001,0.9,,1526,443,1698,0.002511767438145138,True,0.0,False,5.0,uniform
0.004618937644341801,0.0,0.0,0.0,gaussian_noise,SKAB,fold_4,2026,10,3,3,0.5,avg_negative_log,10,0.001,0.9,,1526,443,1698,0.002511767438145138,True,0.0,False,5.0,uniform
0.004618937644341801,0.0,0.0,0.0,original,SKAB,fold_4,7,10,3,3,0.5,avg_negative_log,10,0.001,0.9,,1526,443,1698,0.002511767438145138,True,0.0,False,5.0,uniform
0.004618937644341801,0.0,0.0,0.0,gaussian_noise,SKAB,fold_4,7,10,3,3,0.5,avg_negative_log,10,0.001,0.9,,1526,443,1698,0.002511767438145138,True,0.0,False,5.0,uniform
0.004618937644341801,0.0,0.0,0.0,original,SKAB,fold_4,999,10,3,3,0.5,avg_negative_log,10,0.001,0.9,,1526,443,1698,0.002511767438145138,True,0.0,False,5.0,uniform
0.004618937644341801,0.0,0.0,0.0,gaussian_noise,SKAB,fold_4,999,10,3,3,0.5,avg_negative_log,10,0.001,0.9,,1526,443,1698,0.002511767438145138,True,0.0,False,5.0,uniform
0.0045045045045045045,0.0,0.0,0.0,original,SKAB,fold_5,42,10,3,3,0.5,avg_negative_log,10,0.001,0.9,,1581,454,1781,0.0024812824092263026,True,0.0,False,5.0,uniform
0.0045045045045045045,0.0,0.0,0.0,gaussian_noise,SKAB,fold_5,42,10,3,3,0.5,avg_negative_log,10,0.001,0.9,,1581,454,1781,0.0024812824092263026,True,0.0,False,5.0,uniform
0.0045045045045045045,0.0,0.0,0.0,original,SKAB,fold_5,123,10,3,3,0.5,avg_negative_log,10,0.001,0.9,,1581,454,1781,0.0024812824092263026,True,0.0,False,5.0,uniform
0.0045045045045045045,0.0,0.0,0.0,gaussian_noise,SKAB,fold_5,123,10,3,3,0.5,avg_negative_log,10,0.001,0.9,,1581,454,1781,0.0024812824092263026,True,0.0,False,5.0,uniform
0.0045045045045045045,0.0,0.0,0.0,original,SKAB,fold_5,2026,10,3,3,0.5,avg_negative_log,10,0.001,0.9,,1581,454,1781,0.0024812824092263026,True,0.0,False,5.0,uniform
0.0045045045045045045,0.0,0.0,0.0,gaussian_noise,SKAB,fold_5,2026,10,3,3,0.5,avg_negative_log,10,0.001,0.9,,1581,454,1781,0.0024812824092263026,True,0.0,False,5.0,uniform
0.0045045045045045045,0.0,0.0,0.0,original,SKAB,fold_5,7,10,3,3,0.5,avg_negative_log,10,0.001,0.9,,1581,454,1781,0.0024812824092263026,True,0.0,False,5.0,uniform
0.0045045045045045045,0.0,0.0,0.0,gaussian_noise,SKAB,fold_5,7,10,3,3,0.5,avg_negative_log,10,0.001,0.9,,1581,454,1781,0.0024812824092263026,True,0.0,False,5.0,uniform
0.0045045045045045045,0.0,0.0,0.0,original,SKAB,fold_5,999,10,3,3,0.5,avg_negative_log,10,0.001,0.9,,1581,454,1781,0.0024812824092263026,True,0.0,False,5.0,uniform
0.0045045045045045045,0.0,0.0,0.0,gaussian_noise,SKAB,fold_5,999,10,3,3,0.5,avg_negative_log,10,0.001,0.9,,1581,454,1781,0.0024812824092263026,True,0.0,False,5.0,uniform
0.0045351473922902496,0.0,0.0,0.0,original,SKAB,fold_1,42,10,3,3,0.5,avg_negative_log,10,0.005,0.9,,1158,338,1304,0.0033315959979969547,True,0.0,False,5.0,uniform
0.0045351473922902496,0.0,0.0,0.0,gaussian_noise,SKAB,fold_1,42,10,3,3,0.5,avg_negative_log,10,0.005,0.9,,1158,338,1304,0.0033315959979969547,True,0.0,False,5.0,uniform
0.0045351473922902496,0.0,0.0,0.0,original,SKAB,fold_1,123,10,3,3,0.5,avg_negative_log,10,0.005,0.9,,1158,338,1304,0.0033315959979969547,True,0.0,False,5.0,uniform
0.0045351473922902496,0.0,0.0,0.0,gaussian_noise,SKAB,fold_1,123,10,3,3,0.5,avg_negative_log,10,0.005,0.9,,1158,338,1304,0.0033315959979969547,True,0.0,False,5.0,uniform
0.0045351473922902496,0.0,0.0,0.0,original,SKAB,fold_1,2026,10,3,3,0.5,avg_negative_log,10,0.005,0.9,,1158,338,1304,0.0033315959979969547,True,0.0,False,5.0,uniform
0.0045351473922902496,0.0,0.0,0.0,gaussian_noise,SKAB,fold_1,2026,10,3,3,0.5,avg_negative_log,10,0.005,0.9,,1158,338,1304,0.0033315959979969547,True,0.0,False,5.0,uniform
0.0045351473922902496,0.0,0.0,0.0,original,SKAB,fold_1,7,10,3,3,0.5,avg_negative_log,10,0.005,0.9,,1158,338,1304,0.0033315959979969547,True,0.0,False,5.0,uniform
0.0045351473922902496,0.0,0.0,0.0,gaussian_noise,SKAB,fold_1,7,10,3,3,0.5,avg_negative_log,10,0.005,0.9,,1158,338,1304,0.0033315959979969547,True,0.0,False,5.0,uniform
0.0045351473922902496,0.0,0.0,0.0,original,SKAB,fold_1,999,10,3,3,0.5,avg_negative_log,10,0.005,0.9,,1158,338,1304,0.0033315959979969547,True,0.0,False,5.0,uniform
0.0045351473922902496,0.0,0.0,0.0,gaussian_noise,SKAB,fold_1,999,10,3,3,0.5,avg_negative_log,10,0.005,0.9,,1158,338,1304,0.0033315959979969547,True,0.0,False,5.0,uniform
0.004555808656036446,0.0,0.0,0.0,original,SKAB,fold_2,42,10,3,3,0.5,avg_negative_log,10,0.005,0.9,,1531,456,1677,0.002402110763518856,True,0.0,False,5.0,uniform
0.004555808656036446,0.0,0.0,0.0,gaussian_noise,SKAB,fold_2,42,10,3,3,0.5,avg_negative_log,10,0.005,0.9,,1531,456,1677,0.002402110763518856,True,0.0,False,5.0,uniform
0.004555808656036446,0.0,0.0,0.0,original,SKAB,fold_2,123,10,3,3,0.5,avg_negative_log,10,0.005,0.9,,1531,456,1677,0.002402110763518856,True,0.0,False,5.0,uniform
0.004555808656036446,0.0,0.0,0.0,gaussian_noise,SKAB,fold_2,123,10,3,3,0.5,avg_negative_log,10,0.005,0.9,,1531,456,1677,0.002402110763518856,True,0.0,False,5.0,uniform
0.004555808656036446,0.0,0.0,0.0,original,SKAB,fold_2,2026,10,3,3,0.5,avg_negative_log,10,0.005,0.9,,1531,456,1677,0.002402110763518856,True,0.0,False,5.0,uniform
0.004555808656036446,0.0,0.0,0.0,gaussian_noise,SKAB,fold_2,2026,10,3,3,0.5,avg_negative_log,10,0.005,0.9,,1531,456,1677,0.002402110763518856,True,0.0,False,5.0,uniform
0.004555808656036446,0.0,0.0,0.0,original,SKAB,fold_2,7,10,3,3,0.5,avg_negative_log,10,0.005,0.9,,1531,456,1677,0.002402110763518856,True,0.0,False,5.0,uniform
0.004555808656036446,0.0,0.0,0.0,gaussian_noise,SKAB,fold_2,7,10,3,3,0.5,avg_negative_log,10,0.005,0.9,,1531,456,1677,0.002402110763518856,True,0.0,False,5.0,uniform
0.004555808656036446,0.0,0.0,0.0,original,SKAB,fold_2,999,10,3,3,0.5,avg_negative_log,10,0.005,0.9,,1531,456,1677,0.002402110763518856,True,0.0,False,5.0,uniform
0.004555808656036446,0.0,0.0,0.0,gaussian_noise,SKAB,fold_2,999,10,3,3,0.5,avg_negative_log,10,0.005,0.9,,1531,456,1677,0.002402110763518856,True,0.0,False,5.0,uniform
0.004555808656036446,0.0,0.0,0.0,original,SKAB,fold_3,42,10,3,3,0.5,avg_negative_log,10,0.005,0.9,,1539,455,1695,0.002420581367949789,True,0.0,False,5.0,uniform
0.004555808656036446,0.0,0.0,0.0,gaussian_noise,SKAB,fold_3,42,10,3,3,0.5,avg_negative_log,10,0.005,0.9,,1539,455,1695,0.002420581367949789,True,0.0,False,5.0,uniform
0.004555808656036446,0.0,0.0,0.0,original,SKAB,fold_3,123,10,3,3,0.5,avg_negative_log,10,0.005,0.9,,1539,455,1695,0.002420581367949789,True,0.0,False,5.0,uniform
0.004555808656036446,0.0,0.0,0.0,gaussian_noise,SKAB,fold_3,123,10,3,3,0.5,avg_negative_log,10,0.005,0.9,,1539,455,1695,0.002420581367949789,True,0.0,False,5.0,uniform
0.004555808656036446,0.0,0.0,0.0,original,SKAB,fold_3,2026,10,3,3,0.5,avg_negative_log,10,0.005,0.9,,1539,455,1695,0.002420581367949789,True,0.0,False,5.0,uniform
0.004555808656036446,0.0,0.0,0.0,gaussian_noise,SKAB,fold_3,2026,10,3,3,0.5,avg_negative_log,10,0.005,0.9,,1539,455,1695,0.002420581367949789,True,0.0,False,5.0,uniform
0.004555808656036446,0.0,0.0,0.0,original,SKAB,fold_3,7,10,3,3,0.5,avg_negative_log,10,0.005,0.9,,1539,455,1695,0.002420581367949789,True,0.0,False,5.0,uniform
0.004555808656036446,0.0,0.0,0.0,gaussian_noise,SKAB,fold_3,7,10,3,3,0.5,avg_negative_log,10,0.005,0.9,,1539,455,1695,0.002420581367949789,True,0.0,False,5.0,uniform
0.004555808656036446,0.0,0.0,0.0,original,SKAB,fold_3,999,10,3,3,0.5,avg_negative_log,10,0.005,0.9,,1539,455,1695,0.002420581367949789,True,0.0,False,5.0,uniform
0.004555808656036446,0.0,0.0,0.0,gaussian_noise,SKAB,fold_3,999,10,3,3,0.5,avg_negative_log,10,0.005,0.9,,1539,455,1695,0.002420581367949789,True,0.0,False,5.0,uniform
0.004618937644341801,0.0,0.0,0.0,original,SKAB,fold_4,42,10,3,3,0.5,avg_negative_log,10,0.005,0.9,,1526,443,1698,0.002511767438145138,True,0.0,False,5.0,uniform
0.004618937644341801,0.0,0.0,0.0,gaussian_noise,SKAB,fold_4,42,10,3,3,0.5,avg_negative_log,10,0.005,0.9,,1526,443,1698,0.002511767438145138,True,0.0,False,5.0,uniform
0.004618937644341801,0.0,0.0,0.0,original,SKAB,fold_4,123,10,3,3,0.5,avg_negative_log,10,0.005,0.9,,1526,443,1698,0.002511767438145138,True,0.0,False,5.0,uniform
0.004618937644341801,0.0,0.0,0.0,gaussian_noise,SKAB,fold_4,123,10,3,3,0.5,avg_negative_log,10,0.005,0.9,,1526,443,1698,0.002511767438145138,True,0.0,False,5.0,uniform
0.004618937644341801,0.0,0.0,0.0,original,SKAB,fold_4,2026,10,3,3,0.5,avg_negative_log,10,0.005,0.9,,1526,443,1698,0.002511767438145138,True,0.0,False,5.0,uniform
0.004618937644341801,0.0,0.0,0.0,gaussian_noise,SKAB,fold_4,2026,10,3,3,0.5,avg_negative_log,10,0.005,0.9,,1526,443,1698,0.002511767438145138,True,0.0,False,5.0,uniform
0.004618937644341801,0.0,0.0,0.0,original,SKAB,fold_4,7,10,3,3,0.5,avg_negative_log,10,0.005,0.9,,1526,443,1698,0.002511767438145138,True,0.0,False,5.0,uniform
0.004618937644341801,0.0,0.0,0.0,gaussian_noise,SKAB,fold_4,7,10,3,3,0.5,avg_negative_log,10,0.005,0.9,,1526,443,1698,0.002511767438145138,True,0.0,False,5.0,uniform
0.004618937644341801,0.0,0.0,0.0,original,SKAB,fold_4,999,10,3,3,0.5,avg_negative_log,10,0.005,0.9,,1526,443,1698,0.002511767438145138,True,0.0,False,5.0,uniform
0.004618937644341801,0.0,0.0,0.0,gaussian_noise,SKAB,fold_4,999,10,3,3,0.5,avg_negative_log,10,0.005,0.9,,1526,443,1698,0.002511767438145138,True,0.0,False,5.0,uniform
0.0045045045045045045,0.0,0.0,0.0,original,SKAB,fold_5,42,10,3,3,0.5,avg_negative_log,10,0.005,0.9,,1581,454,1781,0.0024812824092263026,True,0.0,False,5.0,uniform
0.0045045045045045045,0.0,0.0,0.0,gaussian_noise,SKAB,fold_5,42,10,3,3,0.5,avg_negative_log,10,0.005,0.9,,1581,454,1781,0.0024812824092263026,True,0.0,False,5.0,uniform
0.0045045045045045045,0.0,0.0,0.0,original,SKAB,fold_5,123,10,3,3,0.5,avg_negative_log,10,0.005,0.9,,1581,454,1781,0.0024812824092263026,True,0.0,False,5.0,uniform
0.0045045045045045045,0.0,0.0,0.0,gaussian_noise,SKAB,fold_5,123,10,3,3,0.5,avg_negative_log,10,0.005,0.9,,1581,454,1781,0.0024812824092263026,True,0.0,False,5.0,uniform
0.0045045045045045045,0.0,0.0,0.0,original,SKAB,fold_5,2026,10,3,3,0.5,avg_negative_log,10,0.005,0.9,,1581,454,1781,0.0024812824092263026,True,0.0,False,5.0,uniform
0.0045045045045045045,0.0,0.0,0.0,gaussian_noise,SKAB,fold_5,2026,10,3,3,0.5,avg_negative_log,10,0.005,0.9,,1581,454,1781,0.0024812824092263026,True,0.0,False,5.0,uniform
0.0045045045045045045,0.0,0.0,0.0,original,SKAB,fold_5,7,10,3,3,0.5,avg_negative_log,10,0.005,0.9,,1581,454,1781,0.0024812824092263026,True,0.0,False,5.0,uniform
0.0045045045045045045,0.0,0.0,0.0,gaussian_noise,SKAB,fold_5,7,10,3,3,0.5,avg_negative_log,10,0.005,0.9,,1581,454,1781,0.0024812824092263026,True,0.0,False,5.0,uniform
0.0045045045045045045,0.0,0.0,0.0,original,SKAB,fold_5,999,10,3,3,0.5,avg_negative_log,10,0.005,0.9,,1581,454,1781,0.0024812824092263026,True,0.0,False,5.0,uniform
0.0045045045045045045,0.0,0.0,0.0,gaussian_noise,SKAB,fold_5,999,10,3,3,0.5,avg_negative_log,10,0.005,0.9,,1581,454,1781,0.0024812824092263026,True,0.0,False,5.0,uniform
0.0045351473922902496,0.0,0.0,0.0,original,SKAB,fold_1,42,10,3,3,0.5,avg_negative_log,10,0.01,0.9,,1158,338,1304,0.0033315959979969547,True,0.0,False,5.0,uniform
0.0045351473922902496,0.0,0.0,0.0,gaussian_noise,SKAB,fold_1,42,10,3,3,0.5,avg_negative_log,10,0.01,0.9,,1158,338,1304,0.0033315959979969547,True,0.0,False,5.0,uniform
0.0045351473922902496,0.0,0.0,0.0,original,SKAB,fold_1,123,10,3,3,0.5,avg_negative_log,10,0.01,0.9,,1158,338,1304,0.0033315959979969547,True,0.0,False,5.0,uniform
0.0045351473922902496,0.0,0.0,0.0,gaussian_noise,SKAB,fold_1,123,10,3,3,0.5,avg_negative_log,10,0.01,0.9,,1158,338,1304,0.0033315959979969547,True,0.0,False,5.0,uniform
0.0045351473922902496,0.0,0.0,0.0,original,SKAB,fold_1,2026,10,3,3,0.5,avg_negative_log,10,0.01,0.9,,1158,338,1304,0.0033315959979969547,True,0.0,False,5.0,uniform
0.0045351473922902496,0.0,0.0,0.0,gaussian_noise,SKAB,fold_1,2026,10,3,3,0.5,avg_negative_log,10,0.01,0.9,,1158,338,1304,0.0033315959979969547,True,0.0,False,5.0,uniform
0.0045351473922902496,0.0,0.0,0.0,original,SKAB,fold_1,7,10,3,3,0.5,avg_negative_log,10,0.01,0.9,,1158,338,1304,0.0033315959979969547,True,0.0,False,5.0,uniform
0.0045351473922902496,0.0,0.0,0.0,gaussian_noise,SKAB,fold_1,7,10,3,3,0.5,avg_negative_log,10,0.01,0.9,,1158,338,1304,0.0033315959979969547,True,0.0,False,5.0,uniform
0.0045351473922902496,0.0,0.0,0.0,original,SKAB,fold_1,999,10,3,3,0.5,avg_negative_log,10,0.01,0.9,,1158,338,1304,0.0033315959979969547,True,0.0,False,5.0,uniform
0.0045351473922902496,0.0,0.0,0.0,gaussian_noise,SKAB,fold_1,999,10,3,3,0.5,avg_negative_log,10,0.01,0.9,,1158,338,1304,0.0033315959979969547,True,0.0,False,5.0,uniform
0.004555808656036446,0.0,0.0,0.0,original,SKAB,fold_2,42,10,3,3,0.5,avg_negative_log,10,0.01,0.9,,1531,456,1677,0.002402110763518856,True,0.0,False,5.0,uniform
0.004555808656036446,0.0,0.0,0.0,gaussian_noise,SKAB,fold_2,42,10,3,3,0.5,avg_negative_log,10,0.01,0.9,,1531,456,1677,0.002402110763518856,True,0.0,False,5.0,uniform
0.004555808656036446,0.0,0.0,0.0,original,SKAB,fold_2,123,10,3,3,0.5,avg_negative_log,10,0.01,0.9,,1531,456,1677,0.002402110763518856,True,0.0,False,5.0,uniform
0.004555808656036446,0.0,0.0,0.0,gaussian_noise,SKAB,fold_2,123,10,3,3,0.5,avg_negative_log,10,0.01,0.9,,1531,456,1677,0.002402110763518856,True,0.0,False,5.0,uniform
0.004555808656036446,0.0,0.0,0.0,original,SKAB,fold_2,2026,10,3,3,0.5,avg_negative_log,10,0.01,0.9,,1531,456,1677,0.002402110763518856,True,0.0,False,5.0,uniform
0.004555808656036446,0.0,0.0,0.0,gaussian_noise,SKAB,fold_2,2026,10,3,3,0.5,avg_negative_log,10,0.01,0.9,,1531,456,1677,0.002402110763518856,True,0.0,False,5.0,uniform
0.004555808656036446,0.0,0.0,0.0,original,SKAB,fold_2,7,10,3,3,0.5,avg_negative_log,10,0.01,0.9,,1531,456,1677,0.002402110763518856,True,0.0,False,5.0,uniform
0.004555808656036446,0.0,0.0,0.0,gaussian_noise,SKAB,fold_2,7,10,3,3,0.5,avg_negative_log,10,0.01,0.9,,1531,456,1677,0.002402110763518856,True,0.0,False,5.0,uniform
0.004555808656036446,0.0,0.0,0.0,original,SKAB,fold_2,999,10,3,3,0.5,avg_negative_log,10,0.01,0.9,,1531,456,1677,0.002402110763518856,True,0.0,False,5.0,uniform
0.004555808656036446,0.0,0.0,0.0,gaussian_noise,SKAB,fold_2,999,10,3,3,0.5,avg_negative_log,10,0.01,0.9,,1531,456,1677,0.002402110763518856,True,0.0,False,5.0,uniform
0.004555808656036446,0.0,0.0,0.0,original,SKAB,fold_3,42,10,3,3,0.5,avg_negative_log,10,0.01,0.9,,1539,455,1695,0.002420581367949789,True,0.0,False,5.0,uniform
0.004555808656036446,0.0,0.0,0.0,gaussian_noise,SKAB,fold_3,42,10,3,3,0.5,avg_negative_log,10,0.01,0.9,,1539,455,1695,0.002420581367949789,True,0.0,False,5.0,uniform
0.004555808656036446,0.0,0.0,0.0,original,SKAB,fold_3,123,10,3,3,0.5,avg_negative_log,10,0.01,0.9,,1539,455,1695,0.002420581367949789,True,0.0,False,5.0,uniform
0.004555808656036446,0.0,0.0,0.0,gaussian_noise,SKAB,fold_3,123,10,3,3,0.5,avg_negative_log,10,0.01,0.9,,1539,455,1695,0.002420581367949789,True,0.0,False,5.0,uniform
0.004555808656036446,0.0,0.0,0.0,original,SKAB,fold_3,2026,10,3,3,0.5,avg_negative_log,10,0.01,0.9,,1539,455,1695,0.002420581367949789,True,0.0,False,5.0,uniform
0.004555808656036446,0.0,0.0,0.0,gaussian_noise,SKAB,fold_3,2026,10,3,3,0.5,avg_negative_log,10,0.01,0.9,,1539,455,1695,0.002420581367949789,True,0.0,False,5.0,uniform
0.004555808656036446,0.0,0.0,0.0,original,SKAB,fold_3,7,10,3,3,0.5,avg_negative_log,10,0.01,0.9,,1539,455,1695,0.002420581367949789,True,0.0,False,5.0,uniform
0.004555808656036446,0.0,0.0,0.0,gaussian_noise,SKAB,fold_3,7,10,3,3,0.5,avg_negative_log,10,0.01,0.9,,1539,455,1695,0.002420581367949789,True,0.0,False,5.0,uniform
0.004555808656036446,0.0,0.0,0.0,original,SKAB,fold_3,999,10,3,3,0.5,avg_negative_log,10,0.01,0.9,,1539,455,1695,0.002420581367949789,True,0.0,False,5.0,uniform
0.004555808656036446,0.0,0.0,0.0,gaussian_noise,SKAB,fold_3,999,10,3,3,0.5,avg_negative_log,10,0.01,0.9,,1539,455,1695,0.002420581367949789,True,0.0,False,5.0,uniform
0.004618937644341801,0.0,0.0,0.0,original,SKAB,fold_4,42,10,3,3,0.5,avg_negative_log,10,0.01,0.9,,1526,443,1698,0.002511767438145138,True,0.0,False,5.0,uniform
0.004618937644341801,0.0,0.0,0.0,gaussian_noise,SKAB,fold_4,42,10,3,3,0.5,avg_negative_log,10,0.01,0.9,,1526,443,1698,0.002511767438145138,True,0.0,False,5.0,uniform
0.004618937644341801,0.0,0.0,0.0,original,SKAB,fold_4,123,10,3,3,0.5,avg_negative_log,10,0.01,0.9,,1526,443,1698,0.002511767438145138,True,0.0,False,5.0,uniform
0.004618937644341801,0.0,0.0,0.0,gaussian_noise,SKAB,fold_4,123,10,3,3,0.5,avg_negative_log,10,0.01,0.9,,1526,443,1698,0.002511767438145138,True,0.0,False,5.0,uniform
0.004618937644341801,0.0,0.0,0.0,original,SKAB,fold_4,2026,10,3,3,0.5,avg_negative_log,10,0.01,0.9,,1526,443,1698,0.002511767438145138,True,0.0,False,5.0,uniform
0.004618937644341801,0.0,0.0,0.0,gaussian_noise,SKAB,fold_4,2026,10,3,3,0.5,avg_negative_log,10,0.01,0.9,,1526,443,1698,0.002511767438145138,True,0.0,False,5.0,uniform
0.004618937644341801,0.0,0.0,0.0,original,SKAB,fold_4,7,10,3,3,0.5,avg_negative_log,10,0.01,0.9,,1526,443,1698,0.002511767438145138,True,0.0,False,5.0,uniform
0.004618937644341801,0.0,0.0,0.0,gaussian_noise,SKAB,fold_4,7,10,3,3,0.5,avg_negative_log,10,0.01,0.9,,1526,443,1698,0.002511767438145138,True,0.0,False,5.0,uniform
0.004618937644341801,0.0,0.0,0.0,original,SKAB,fold_4,999,10,3,3,0.5,avg_negative_log,10,0.01,0.9,,1526,443,1698,0.002511767438145138,True,0.0,False,5.0,uniform
0.004618937644341801,0.0,0.0,0.0,gaussian_noise,SKAB,fold_4,999,10,3,3,0.5,avg_negative_log,10,0.01,0.9,,1526,443,1698,0.002511767438145138,True,0.0,False,5.0,uniform
0.0045045045045045045,0.0,0.0,0.0,original,SKAB,fold_5,42,10,3,3,0.5,avg_negative_log,10,0.01,0.9,,1581,454,1781,0.0024812824092263026,True,0.0,False,5.0,uniform
0.0045045045045045045,0.0,0.0,0.0,gaussian_noise,SKAB,fold_5,42,10,3,3,0.5,avg_negative_log,10,0.01,0.9,,1581,454,1781,0.0024812824092263026,True,0.0,False,5.0,uniform
0.0045045045045045045,0.0,0.0,0.0,original,SKAB,fold_5,123,10,3,3,0.5,avg_negative_log,10,0.01,0.9,,1581,454,1781,0.0024812824092263026,True,0.0,False,5.0,uniform
0.0045045045045045045,0.0,0.0,0.0,gaussian_noise,SKAB,fold_5,123,10,3,3,0.5,avg_negative_log,10,0.01,0.9,,1581,454,1781,0.0024812824092263026,True,0.0,False,5.0,uniform
0.0045045045045045045,0.0,0.0,0.0,original,SKAB,fold_5,2026,10,3,3,0.5,avg_negative_log,10,0.01,0.9,,1581,454,1781,0.0024812824092263026,True,0.0,False,5.0,uniform
0.0045045045045045045,0.0,0.0,0.0,gaussian_noise,SKAB,fold_5,2026,10,3,3,0.5,avg_negative_log,10,0.01,0.9,,1581,454,1781,0.0024812824092263026,True,0.0,False,5.0,uniform
0.0045045045045045045,0.0,0.0,0.0,original,SKAB,fold_5,7,10,3,3,0.5,avg_negative_log,10,0.01,0.9,,1581,454,1781,0.0024812824092263026,True,0.0,False,5.0,uniform
0.0045045045045045045,0.0,0.0,0.0,gaussian_noise,SKAB,fold_5,7,10,3,3,0.5,avg_negative_log,10,0.01,0.9,,1581,454,1781,0.0024812824092263026,True,0.0,False,5.0,uniform
0.0045045045045045045,0.0,0.0,0.0,original,SKAB,fold_5,999,10,3,3,0.5,avg_negative_log,10,0.01,0.9,,1581,454,1781,0.0024812824092263026,True,0.0,False,5.0,uniform
0.0045045045045045045,0.0,0.0,0.0,gaussian_noise,SKAB,fold_5,999,10,3,3,0.5,avg_negative_log,10,0.01,0.9,,1581,454,1781,0.0024812824092263026,True,0.0,False,5.0,uniform
0.0045351473922902496,0.0,0.0,0.0,original,SKAB,fold_1,42,10,3,3,0.5,avg_negative_log,10,0.05,0.9,,1158,338,1304,0.0033315959979969547,True,0.0,False,5.0,uniform
0.0045351473922902496,0.0,0.0,0.0,gaussian_noise,SKAB,fold_1,42,10,3,3,0.5,avg_negative_log,10,0.05,0.9,,1158,338,1304,0.0033315959979969547,True,0.0,False,5.0,uniform
0.0045351473922902496,0.0,0.0,0.0,original,SKAB,fold_1,123,10,3,3,0.5,avg_negative_log,10,0.05,0.9,,1158,338,1304,0.0033315959979969547,True,0.0,False,5.0,uniform
0.0045351473922902496,0.0,0.0,0.0,gaussian_noise,SKAB,fold_1,123,10,3,3,0.5,avg_negative_log,10,0.05,0.9,,1158,338,1304,0.0033315959979969547,True,0.0,False,5.0,uniform
0.0045351473922902496,0.0,0.0,0.0,original,SKAB,fold_1,2026,10,3,3,0.5,avg_negative_log,10,0.05,0.9,,1158,338,1304,0.0033315959979969547,True,0.0,False,5.0,uniform
0.0045351473922902496,0.0,0.0,0.0,gaussian_noise,SKAB,fold_1,2026,10,3,3,0.5,avg_negative_log,10,0.05,0.9,,1158,338,1304,0.0033315959979969547,True,0.0,False,5.0,uniform
0.0045351473922902496,0.0,0.0,0.0,original,SKAB,fold_1,7,10,3,3,0.5,avg_negative_log,10,0.05,0.9,,1158,338,1304,0.0033315959979969547,True,0.0,False,5.0,uniform
0.0045351473922902496,0.0,0.0,0.0,gaussian_noise,SKAB,fold_1,7,10,3,3,0.5,avg_negative_log,10,0.05,0.9,,1158,338,1304,0.0033315959979969547,True,0.0,False,5.0,uniform
0.0045351473922902496,0.0,0.0,0.0,original,SKAB,fold_1,999,10,3,3,0.5,avg_negative_log,10,0.05,0.9,,1158,338,1304,0.0033315959979969547,True,0.0,False,5.0,uniform
0.0045351473922902496,0.0,0.0,0.0,gaussian_noise,SKAB,fold_1,999,10,3,3,0.5,avg_negative_log,10,0.05,0.9,,1158,338,1304,0.0033315959979969547,True,0.0,False,5.0,uniform
0.004555808656036446,0.0,0.0,0.0,original,SKAB,fold_2,42,10,3,3,0.5,avg_negative_log,10,0.05,0.9,,1531,456,1677,0.002402110763518856,True,0.0,False,5.0,uniform
0.004555808656036446,0.0,0.0,0.0,gaussian_noise,SKAB,fold_2,42,10,3,3,0.5,avg_negative_log,10,0.05,0.9,,1531,456,1677,0.002402110763518856,True,0.0,False,5.0,uniform
0.004555808656036446,0.0,0.0,0.0,original,SKAB,fold_2,123,10,3,3,0.5,avg_negative_log,10,0.05,0.9,,1531,456,1677,0.002402110763518856,True,0.0,False,5.0,uniform
0.004555808656036446,0.0,0.0,0.0,gaussian_noise,SKAB,fold_2,123,10,3,3,0.5,avg_negative_log,10,0.05,0.9,,1531,456,1677,0.002402110763518856,True,0.0,False,5.0,uniform
0.004555808656036446,0.0,0.0,0.0,original,SKAB,fold_2,2026,10,3,3,0.5,avg_negative_log,10,0.05,0.9,,1531,456,1677,0.002402110763518856,True,0.0,False,5.0,uniform
0.004555808656036446,0.0,0.0,0.0,gaussian_noise,SKAB,fold_2,2026,10,3,3,0.5,avg_negative_log,10,0.05,0.9,,1531,456,1677,0.002402110763518856,True,0.0,False,5.0,uniform
0.004555808656036446,0.0,0.0,0.0,original,SKAB,fold_2,7,10,3,3,0.5,avg_negative_log,10,0.05,0.9,,1531,456,1677,0.002402110763518856,True,0.0,False,5.0,uniform
0.004555808656036446,0.0,0.0,0.0,gaussian_noise,SKAB,fold_2,7,10,3,3,0.5,avg_negative_log,10,0.05,0.9,,1531,456,1677,0.002402110763518856,True,0.0,False,5.0,uniform
0.004555808656036446,0.0,0.0,0.0,original,SKAB,fold_2,999,10,3,3,0.5,avg_negative_log,10,0.05,0.9,,1531,456,1677,0.002402110763518856,True,0.0,False,5.0,uniform
0.004555808656036446,0.0,0.0,0.0,gaussian_noise,SKAB,fold_2,999,10,3,3,0.5,avg_negative_log,10,0.05,0.9,,1531,456,1677,0.002402110763518856,True,0.0,False,5.0,uniform
0.004555808656036446,0.0,0.0,0.0,original,SKAB,fold_3,42,10,3,3,0.5,avg_negative_log,10,0.05,0.9,,1539,455,1695,0.002420581367949789,True,0.0,False,5.0,uniform
0.004555808656036446,0.0,0.0,0.0,gaussian_noise,SKAB,fold_3,42,10,3,3,0.5,avg_negative_log,10,0.05,0.9,,1539,455,1695,0.002420581367949789,True,0.0,False,5.0,uniform
0.004555808656036446,0.0,0.0,0.0,original,SKAB,fold_3,123,10,3,3,0.5,avg_negative_log,10,0.05,0.9,,1539,455,1695,0.002420581367949789,True,0.0,False,5.0,uniform
0.004555808656036446,0.0,0.0,0.0,gaussian_noise,SKAB,fold_3,123,10,3,3,0.5,avg_negative_log,10,0.05,0.9,,1539,455,1695,0.002420581367949789,True,0.0,False,5.0,uniform
0.004555808656036446,0.0,0.0,0.0,original,SKAB,fold_3,2026,10,3,3,0.5,avg_negative_log,10,0.05,0.9,,1539,455,1695,0.002420581367949789,True,0.0,False,5.0,uniform
0.004555808656036446,0.0,0.0,0.0,gaussian_noise,SKAB,fold_3,2026,10,3,3,0.5,avg_negative_log,10,0.05,0.9,,1539,455,1695,0.002420581367949789,True,0.0,False,5.0,uniform
0.004555808656036446,0.0,0.0,0.0,original,SKAB,fold_3,7,10,3,3,0.5,avg_negative_log,10,0.05,0.9,,1539,455,1695,0.002420581367949789,True,0.0,False,5.0,uniform
0.004555808656036446,0.0,0.0,0.0,gaussian_noise,SKAB,fold_3,7,10,3,3,0.5,avg_negative_log,10,0.05,0.9,,1539,455,1695,0.002420581367949789,True,0.0,False,5.0,uniform
0.004555808656036446,0.0,0.0,0.0,original,SKAB,fold_3,999,10,3,3,0.5,avg_negative_log,10,0.05,0.9,,1539,455,1695,0.002420581367949789,True,0.0,False,5.0,uniform
0.004555808656036446,0.0,0.0,0.0,gaussian_noise,SKAB,fold_3,999,10,3,3,0.5,avg_negative_log,10,0.05,0.9,,1539,455,1695,0.002420581367949789,True,0.0,False,5.0,uniform
0.004618937644341801,0.0,0.0,0.0,original,SKAB,fold_4,42,10,3,3,0.5,avg_negative_log,10,0.05,0.9,,1526,443,1698,0.002511767438145138,True,0.0,False,5.0,uniform
0.004618937644341801,0.0,0.0,0.0,gaussian_noise,SKAB,fold_4,42,10,3,3,0.5,avg_negative_log,10,0.05,0.9,,1526,443,1698,0.002511767438145138,True,0.0,False,5.0,uniform
0.004618937644341801,0.0,0.0,0.0,original,SKAB,fold_4,123,10,3,3,0.5,avg_negative_log,10,0.05,0.9,,1526,443,1698,0.002511767438145138,True,0.0,False,5.0,uniform
0.004618937644341801,0.0,0.0,0.0,gaussian_noise,SKAB,fold_4,123,10,3,3,0.5,avg_negative_log,10,0.05,0.9,,1526,443,1698,0.002511767438145138,True,0.0,False,5.0,uniform
0.004618937644341801,0.0,0.0,0.0,original,SKAB,fold_4,2026,10,3,3,0.5,avg_negative_log,10,0.05,0.9,,1526,443,1698,0.002511767438145138,True,0.0,False,5.0,uniform
0.004618937644341801,0.0,0.0,0.0,gaussian_noise,SKAB,fold_4,2026,10,3,3,0.5,avg_negative_log,10,0.05,0.9,,1526,443,1698,0.002511767438145138,True,0.0,False,5.0,uniform
0.004618937644341801,0.0,0.0,0.0,original,SKAB,fold_4,7,10,3,3,0.5,avg_negative_log,10,0.05,0.9,,1526,443,1698,0.002511767438145138,True,0.0,False,5.0,uniform
0.004618937644341801,0.0,0.0,0.0,gaussian_noise,SKAB,fold_4,7,10,3,3,0.5,avg_negative_log,10,0.05,0.9,,1526,443,1698,0.002511767438145138,True,0.0,False,5.0,uniform
0.004618937644341801,0.0,0.0,0.0,original,SKAB,fold_4,999,10,3,3,0.5,avg_negative_log,10,0.05,0.9,,1526,443,1698,0.002511767438145138,True,0.0,False,5.0,uniform
0.004618937644341801,0.0,0.0,0.0,gaussian_noise,SKAB,fold_4,999,10,3,3,0.5,avg_negative_log,10,0.05,0.9,,1526,443,1698,0.002511767438145138,True,0.0,False,5.0,uniform
0.0045045045045045045,0.0,0.0,0.0,original,SKAB,fold_5,42,10,3,3,0.5,avg_negative_log,10,0.05,0.9,,1581,454,1781,0.0024812824092263026,True,0.0,False,5.0,uniform
0.0045045045045045045,0.0,0.0,0.0,gaussian_noise,SKAB,fold_5,42,10,3,3,0.5,avg_negative_log,10,0.05,0.9,,1581,454,1781,0.0024812824092263026,True,0.0,False,5.0,uniform
0.0045045045045045045,0.0,0.0,0.0,original,SKAB,fold_5,123,10,3,3,0.5,avg_negative_log,10,0.05,0.9,,1581,454,1781,0.0024812824092263026,True,0.0,False,5.0,uniform
0.0045045045045045045,0.0,0.0,0.0,gaussian_noise,SKAB,fold_5,123,10,3,3,0.5,avg_negative_log,10,0.05,0.9,,1581,454,1781,0.0024812824092263026,True,0.0,False,5.0,uniform
0.0045045045045045045,0.0,0.0,0.0,original,SKAB,fold_5,2026,10,3,3,0.5,avg_negative_log,10,0.05,0.9,,1581,454,1781,0.0024812824092263026,True,0.0,False,5.0,uniform
0.0045045045045045045,0.0,0.0,0.0,gaussian_noise,SKAB,fold_5,2026,10,3,3,0.5,avg_negative_log,10,0.05,0.9,,1581,454,1781,0.0024812824092263026,True,0.0,False,5.0,uniform
0.0045045045045045045,0.0,0.0,0.0,original,SKAB,fold_5,7,10,3,3,0.5,avg_negative_log,10,0.05,0.9,,1581,454,1781,0.0024812824092263026,True,0.0,False,5.0,uniform
0.0045045045045045045,0.0,0.0,0.0,gaussian_noise,SKAB,fold_5,7,10,3,3,0.5,avg_negative_log,10,0.05,0.9,,1581,454,1781,0.0024812824092263026,True,0.0,False,5.0,uniform
0.0045045045045045045,0.0,0.0,0.0,original,SKAB,fold_5,999,10,3,3,0.5,avg_negative_log,10,0.05,0.9,,1581,454,1781,0.0024812824092263026,True,0.0,False,5.0,uniform
0.0045045045045045045,0.0,0.0,0.0,gaussian_noise,SKAB,fold_5,999,10,3,3,0.5,avg_negative_log,10,0.05,0.9,,1581,454,1781,0.0024812824092263026,True,0.0,False,5.0,uniform
0.0045351473922902496,0.0,0.0,0.0,original,SKAB,fold_1,42,10,3,3,0.5,avg_negative_log,10,0.1054,0.9,,1158,338,1304,0.0033315959979969547,True,0.0,False,5.0,uniform
0.0045351473922902496,0.0,0.0,0.0,gaussian_noise,SKAB,fold_1,42,10,3,3,0.5,avg_negative_log,10,0.1054,0.9,,1158,338,1304,0.0033315959979969547,True,0.0,False,5.0,uniform
0.0045351473922902496,0.0,0.0,0.0,original,SKAB,fold_1,123,10,3,3,0.5,avg_negative_log,10,0.1054,0.9,,1158,338,1304,0.0033315959979969547,True,0.0,False,5.0,uniform
0.0045351473922902496,0.0,0.0,0.0,gaussian_noise,SKAB,fold_1,123,10,3,3,0.5,avg_negative_log,10,0.1054,0.9,,1158,338,1304,0.0033315959979969547,True,0.0,False,5.0,uniform
0.0045351473922902496,0.0,0.0,0.0,original,SKAB,fold_1,2026,10,3,3,0.5,avg_negative_log,10,0.1054,0.9,,1158,338,1304,0.0033315959979969547,True,0.0,False,5.0,uniform
0.0045351473922902496,0.0,0.0,0.0,gaussian_noise,SKAB,fold_1,2026,10,3,3,0.5,avg_negative_log,10,0.1054,0.9,,1158,338,1304,0.0033315959979969547,True,0.0,False,5.0,uniform
0.0045351473922902496,0.0,0.0,0.0,original,SKAB,fold_1,7,10,3,3,0.5,avg_negative_log,10,0.1054,0.9,,1158,338,1304,0.0033315959979969547,True,0.0,False,5.0,uniform
0.0045351473922902496,0.0,0.0,0.0,gaussian_noise,SKAB,fold_1,7,10,3,3,0.5,avg_negative_log,10,0.1054,0.9,,1158,338,1304,0.0033315959979969547,True,0.0,False,5.0,uniform
0.0045351473922902496,0.0,0.0,0.0,original,SKAB,fold_1,999,10,3,3,0.5,avg_negative_log,10,0.1054,0.9,,1158,338,1304,0.0033315959979969547,True,0.0,False,5.0,uniform
0.0045351473922902496,0.0,0.0,0.0,gaussian_noise,SKAB,fold_1,999,10,3,3,0.5,avg_negative_log,10,0.1054,0.9,,1158,338,1304,0.0033315959979969547,True,0.0,False,5.0,uniform
0.004555808656036446,0.0,0.0,0.0,original,SKAB,fold_2,42,10,3,3,0.5,avg_negative_log,10,0.1054,0.9,,1531,456,1677,0.002402110763518856,True,0.0,False,5.0,uniform
0.004555808656036446,0.0,0.0,0.0,gaussian_noise,SKAB,fold_2,42,10,3,3,0.5,avg_negative_log,10,0.1054,0.9,,1531,456,1677,0.002402110763518856,True,0.0,False,5.0,uniform
0.004555808656036446,0.0,0.0,0.0,original,SKAB,fold_2,123,10,3,3,0.5,avg_negative_log,10,0.1054,0.9,,1531,456,1677,0.002402110763518856,True,0.0,False,5.0,uniform
0.004555808656036446,0.0,0.0,0.0,gaussian_noise,SKAB,fold_2,123,10,3,3,0.5,avg_negative_log,10,0.1054,0.9,,1531,456,1677,0.002402110763518856,True,0.0,False,5.0,uniform
0.004555808656036446,0.0,0.0,0.0,original,SKAB,fold_2,2026,10,3,3,0.5,avg_negative_log,10,0.1054,0.9,,1531,456,1677,0.002402110763518856,True,0.0,False,5.0,uniform
0.004555808656036446,0.0,0.0,0.0,gaussian_noise,SKAB,fold_2,2026,10,3,3,0.5,avg_negative_log,10,0.1054,0.9,,1531,456,1677,0.002402110763518856,True,0.0,False,5.0,uniform
0.004555808656036446,0.0,0.0,0.0,original,SKAB,fold_2,7,10,3,3,0.5,avg_negative_log,10,0.1054,0.9,,1531,456,1677,0.002402110763518856,True,0.0,False,5.0,uniform
0.004555808656036446,0.0,0.0,0.0,gaussian_noise,SKAB,fold_2,7,10,3,3,0.5,avg_negative_log,10,0.1054,0.9,,1531,456,1677,0.002402110763518856,True,0.0,False,5.0,uniform
0.004555808656036446,0.0,0.0,0.0,original,SKAB,fold_2,999,10,3,3,0.5,avg_negative_log,10,0.1054,0.9,,1531,456,1677,0.002402110763518856,True,0.0,False,5.0,uniform
0.004555808656036446,0.0,0.0,0.0,gaussian_noise,SKAB,fold_2,999,10,3,3,0.5,avg_negative_log,10,0.1054,0.9,,1531,456,1677,0.002402110763518856,True,0.0,False,5.0,uniform
0.004555808656036446,0.0,0.0,0.0,original,SKAB,fold_3,42,10,3,3,0.5,avg_negative_log,10,0.1054,0.9,,1539,455,1695,0.002420581367949789,True,0.0,False,5.0,uniform
0.004555808656036446,0.0,0.0,0.0,gaussian_noise,SKAB,fold_3,42,10,3,3,0.5,avg_negative_log,10,0.1054,0.9,,1539,455,1695,0.002420581367949789,True,0.0,False,5.0,uniform
0.004555808656036446,0.0,0.0,0.0,original,SKAB,fold_3,123,10,3,3,0.5,avg_negative_log,10,0.1054,0.9,,1539,455,1695,0.002420581367949789,True,0.0,False,5.0,uniform
0.004555808656036446,0.0,0.0,0.0,gaussian_noise,SKAB,fold_3,123,10,3,3,0.5,avg_negative_log,10,0.1054,0.9,,1539,455,1695,0.002420581367949789,True,0.0,False,5.0,uniform
0.004555808656036446,0.0,0.0,0.0,original,SKAB,fold_3,2026,10,3,3,0.5,avg_negative_log,10,0.1054,0.9,,1539,455,1695,0.002420581367949789,True,0.0,False,5.0,uniform
0.004555808656036446,0.0,0.0,0.0,gaussian_noise,SKAB,fold_3,2026,10,3,3,0.5,avg_negative_log,10,0.1054,0.9,,1539,455,1695,0.002420581367949789,True,0.0,False,5.0,uniform
0.004555808656036446,0.0,0.0,0.0,original,SKAB,fold_3,7,10,3,3,0.5,avg_negative_log,10,0.1054,0.9,,1539,455,1695,0.002420581367949789,True,0.0,False,5.0,uniform
0.004555808656036446,0.0,0.0,0.0,gaussian_noise,SKAB,fold_3,7,10,3,3,0.5,avg_negative_log,10,0.1054,0.9,,1539,455,1695,0.002420581367949789,True,0.0,False,5.0,uniform
0.004555808656036446,0.0,0.0,0.0,original,SKAB,fold_3,999,10,3,3,0.5,avg_negative_log,10,0.1054,0.9,,1539,455,1695,0.002420581367949789,True,0.0,False,5.0,uniform
0.004555808656036446,0.0,0.0,0.0,gaussian_noise,SKAB,fold_3,999,10,3,3,0.5,avg_negative_log,10,0.1054,0.9,,1539,455,1695,0.002420581367949789,True,0.0,False,5.0,uniform
0.004618937644341801,0.0,0.0,0.0,original,SKAB,fold_4,42,10,3,3,0.5,avg_negative_log,10,0.1054,0.9,,1526,443,1698,0.002511767438145138,True,0.0,False,5.0,uniform
0.004618937644341801,0.0,0.0,0.0,gaussian_noise,SKAB,fold_4,42,10,3,3,0.5,avg_negative_log,10,0.1054,0.9,,1526,443,1698,0.002511767438145138,True,0.0,False,5.0,uniform
0.004618937644341801,0.0,0.0,0.0,original,SKAB,fold_4,123,10,3,3,0.5,avg_negative_log,10,0.1054,0.9,,1526,443,1698,0.002511767438145138,True,0.0,False,5.0,uniform
0.004618937644341801,0.0,0.0,0.0,gaussian_noise,SKAB,fold_4,123,10,3,3,0.5,avg_negative_log,10,0.1054,0.9,,1526,443,1698,0.002511767438145138,True,0.0,False,5.0,uniform
0.004618937644341801,0.0,0.0,0.0,original,SKAB,fold_4,2026,10,3,3,0.5,avg_negative_log,10,0.1054,0.9,,1526,443,1698,0.002511767438145138,True,0.0,False,5.0,uniform
0.004618937644341801,0.0,0.0,0.0,gaussian_noise,SKAB,fold_4,2026,10,3,3,0.5,avg_negative_log,10,0.1054,0.9,,1526,443,1698,0.002511767438145138,True,0.0,False,5.0,uniform
0.004618937644341801,0.0,0.0,0.0,original,SKAB,fold_4,7,10,3,3,0.5,avg_negative_log,10,0.1054,0.9,,1526,443,1698,0.002511767438145138,True,0.0,False,5.0,uniform
0.004618937644341801,0.0,0.0,0.0,gaussian_noise,SKAB,fold_4,7,10,3,3,0.5,avg_negative_log,10,0.1054,0.9,,1526,443,1698,0.002511767438145138,True,0.0,False,5.0,uniform
0.004618937644341801,0.0,0.0,0.0,original,SKAB,fold_4,999,10,3,3,0.5,avg_negative_log,10,0.1054,0.9,,1526,443,1698,0.002511767438145138,True,0.0,False,5.0,uniform
0.004618937644341801,0.0,0.0,0.0,gaussian_noise,SKAB,fold_4,999,10,3,3,0.5,avg_negative_log,10,0.1054,0.9,,1526,443,1698,0.002511767438145138,True,0.0,False,5.0,uniform
0.0045045045045045045,0.0,0.0,0.0,original,SKAB,fold_5,42,10,3,3,0.5,avg_negative_log,10,0.1054,0.9,,1581,454,1781,0.0024812824092263026,True,0.0,False,5.0,uniform
0.0045045045045045045,0.0,0.0,0.0,gaussian_noise,SKAB,fold_5,42,10,3,3,0.5,avg_negative_log,10,0.1054,0.9,,1581,454,1781,0.0024812824092263026,True,0.0,False,5.0,uniform
0.0045045045045045045,0.0,0.0,0.0,original,SKAB,fold_5,123,10,3,3,0.5,avg_negative_log,10,0.1054,0.9,,1581,454,1781,0.0024812824092263026,True,0.0,False,5.0,uniform
0.0045045045045045045,0.0,0.0,0.0,gaussian_noise,SKAB,fold_5,123,10,3,3,0.5,avg_negative_log,10,0.1054,0.9,,1581,454,1781,0.0024812824092263026,True,0.0,False,5.0,uniform
0.0045045045045045045,0.0,0.0,0.0,original,SKAB,fold_5,2026,10,3,3,0.5,avg_negative_log,10,0.1054,0.9,,1581,454,1781,0.0024812824092263026,True,0.0,False,5.0,uniform
0.0045045045045045045,0.0,0.0,0.0,gaussian_noise,SKAB,fold_5,2026,10,3,3,0.5,avg_negative_log,10,0.1054,0.9,,1581,454,1781,0.0024812824092263026,True,0.0,False,5.0,uniform
0.0045045045045045045,0.0,0.0,0.0,original,SKAB,fold_5,7,10,3,3,0.5,avg_negative_log,10,0.1054,0.9,,1581,454,1781,0.0024812824092263026,True,0.0,False,5.0,uniform
0.0045045045045045045,0.0,0.0,0.0,gaussian_noise,SKAB,fold_5,7,10,3,3,0.5,avg_negative_log,10,0.1054,0.9,,1581,454,1781,0.0024812824092263026,True,0.0,False,5.0,uniform
0.0045045045045045045,0.0,0.0,0.0,original,SKAB,fold_5,999,10,3,3,0.5,avg_negative_log,10,0.1054,0.9,,1581,454,1781,0.0024812824092263026,True,0.0,False,5.0,uniform
0.0045045045045045045,0.0,0.0,0.0,gaussian_noise,SKAB,fold_5,999,10,3,3,0.5,avg_negative_log,10,0.1054,0.9,,1581,454,1781,0.0024812824092263026,True,0.0,False,5.0,uniform
0.0045351473922902496,0.0,0.0,0.0,original,SKAB,fold_1,42,10,3,3,0.5,avg_negative_log,10,0.2231,0.9,,1158,338,1304,0.0033315959979969547,True,0.0,False,5.0,uniform
0.0045351473922902496,0.0,0.0,0.0,gaussian_noise,SKAB,fold_1,42,10,3,3,0.5,avg_negative_log,10,0.2231,0.9,,1158,338,1304,0.0033315959979969547,True,0.0,False,5.0,uniform
0.0045351473922902496,0.0,0.0,0.0,original,SKAB,fold_1,123,10,3,3,0.5,avg_negative_log,10,0.2231,0.9,,1158,338,1304,0.0033315959979969547,True,0.0,False,5.0,uniform
0.0045351473922902496,0.0,0.0,0.0,gaussian_noise,SKAB,fold_1,123,10,3,3,0.5,avg_negative_log,10,0.2231,0.9,,1158,338,1304,0.0033315959979969547,True,0.0,False,5.0,uniform
0.0045351473922902496,0.0,0.0,0.0,original,SKAB,fold_1,2026,10,3,3,0.5,avg_negative_log,10,0.2231,0.9,,1158,338,1304,0.0033315959979969547,True,0.0,False,5.0,uniform
0.0045351473922902496,0.0,0.0,0.0,gaussian_noise,SKAB,fold_1,2026,10,3,3,0.5,avg_negative_log,10,0.2231,0.9,,1158,338,1304,0.0033315959979969547,True,0.0,False,5.0,uniform
0.0045351473922902496,0.0,0.0,0.0,original,SKAB,fold_1,7,10,3,3,0.5,avg_negative_log,10,0.2231,0.9,,1158,338,1304,0.0033315959979969547,True,0.0,False,5.0,uniform
0.0045351473922902496,0.0,0.0,0.0,gaussian_noise,SKAB,fold_1,7,10,3,3,0.5,avg_negative_log,10,0.2231,0.9,,1158,338,1304,0.0033315959979969547,True,0.0,False,5.0,uniform
0.0045351473922902496,0.0,0.0,0.0,original,SKAB,fold_1,999,10,3,3,0.5,avg_negative_log,10,0.2231,0.9,,1158,338,1304,0.0033315959979969547,True,0.0,False,5.0,uniform
0.0045351473922902496,0.0,0.0,0.0,gaussian_noise,SKAB,fold_1,999,10,3,3,0.5,avg_negative_log,10,0.2231,0.9,,1158,338,1304,0.0033315959979969547,True,0.0,False,5.0,uniform
0.004555808656036446,0.0,0.0,0.0,original,SKAB,fold_2,42,10,3,3,0.5,avg_negative_log,10,0.2231,0.9,,1531,456,1677,0.002402110763518856,True,0.0,False,5.0,uniform
0.004555808656036446,0.0,0.0,0.0,gaussian_noise,SKAB,fold_2,42,10,3,3,0.5,avg_negative_log,10,0.2231,0.9,,1531,456,1677,0.002402110763518856,True,0.0,False,5.0,uniform
0.004555808656036446,0.0,0.0,0.0,original,SKAB,fold_2,123,10,3,3,0.5,avg_negative_log,10,0.2231,0.9,,1531,456,1677,0.002402110763518856,True,0.0,False,5.0,uniform
0.004555808656036446,0.0,0.0,0.0,gaussian_noise,SKAB,fold_2,123,10,3,3,0.5,avg_negative_log,10,0.2231,0.9,,1531,456,1677,0.002402110763518856,True,0.0,False,5.0,uniform
0.004555808656036446,0.0,0.0,0.0,original,SKAB,fold_2,2026,10,3,3,0.5,avg_negative_log,10,0.2231,0.9,,1531,456,1677,0.002402110763518856,True,0.0,False,5.0,uniform
0.004555808656036446,0.0,0.0,0.0,gaussian_noise,SKAB,fold_2,2026,10,3,3,0.5,avg_negative_log,10,0.2231,0.9,,1531,456,1677,0.002402110763518856,True,0.0,False,5.0,uniform
0.004555808656036446,0.0,0.0,0.0,original,SKAB,fold_2,7,10,3,3,0.5,avg_negative_log,10,0.2231,0.9,,1531,456,1677,0.002402110763518856,True,0.0,False,5.0,uniform
0.004555808656036446,0.0,0.0,0.0,gaussian_noise,SKAB,fold_2,7,10,3,3,0.5,avg_negative_log,10,0.2231,0.9,,1531,456,1677,0.002402110763518856,True,0.0,False,5.0,uniform
0.004555808656036446,0.0,0.0,0.0,original,SKAB,fold_2,999,10,3,3,0.5,avg_negative_log,10,0.2231,0.9,,1531,456,1677,0.002402110763518856,True,0.0,False,5.0,uniform
0.004555808656036446,0.0,0.0,0.0,gaussian_noise,SKAB,fold_2,999,10,3,3,0.5,avg_negative_log,10,0.2231,0.9,,1531,456,1677,0.002402110763518856,True,0.0,False,5.0,uniform
0.004555808656036446,0.0,0.0,0.0,original,SKAB,fold_3,42,10,3,3,0.5,avg_negative_log,10,0.2231,0.9,,1539,455,1695,0.002420581367949789,True,0.0,False,5.0,uniform
0.004555808656036446,0.0,0.0,0.0,gaussian_noise,SKAB,fold_3,42,10,3,3,0.5,avg_negative_log,10,0.2231,0.9,,1539,455,1695,0.002420581367949789,True,0.0,False,5.0,uniform
0.004555808656036446,0.0,0.0,0.0,original,SKAB,fold_3,123,10,3,3,0.5,avg_negative_log,10,0.2231,0.9,,1539,455,1695,0.002420581367949789,True,0.0,False,5.0,uniform
0.004555808656036446,0.0,0.0,0.0,gaussian_noise,SKAB,fold_3,123,10,3,3,0.5,avg_negative_log,10,0.2231,0.9,,1539,455,1695,0.002420581367949789,True,0.0,False,5.0,uniform
0.004555808656036446,0.0,0.0,0.0,original,SKAB,fold_3,2026,10,3,3,0.5,avg_negative_log,10,0.2231,0.9,,1539,455,1695,0.002420581367949789,True,0.0,False,5.0,uniform
0.004555808656036446,0.0,0.0,0.0,gaussian_noise,SKAB,fold_3,2026,10,3,3,0.5,avg_negative_log,10,0.2231,0.9,,1539,455,1695,0.002420581367949789,True,0.0,False,5.0,uniform
0.004555808656036446,0.0,0.0,0.0,original,SKAB,fold_3,7,10,3,3,0.5,avg_negative_log,10,0.2231,0.9,,1539,455,1695,0.002420581367949789,True,0.0,False,5.0,uniform
0.004555808656036446,0.0,0.0,0.0,gaussian_noise,SKAB,fold_3,7,10,3,3,0.5,avg_negative_log,10,0.2231,0.9,,1539,455,1695,0.002420581367949789,True,0.0,False,5.0,uniform
0.004555808656036446,0.0,0.0,0.0,original,SKAB,fold_3,999,10,3,3,0.5,avg_negative_log,10,0.2231,0.9,,1539,455,1695,0.002420581367949789,True,0.0,False,5.0,uniform
0.004555808656036446,0.0,0.0,0.0,gaussian_noise,SKAB,fold_3,999,10,3,3,0.5,avg_negative_log,10,0.2231,0.9,,1539,455,1695,0.002420581367949789,True,0.0,False,5.0,uniform
0.004618937644341801,0.0,0.0,0.0,original,SKAB,fold_4,42,10,3,3,0.5,avg_negative_log,10,0.2231,0.9,,1526,443,1698,0.002511767438145138,True,0.0,False,5.0,uniform
0.004618937644341801,0.0,0.0,0.0,gaussian_noise,SKAB,fold_4,42,10,3,3,0.5,avg_negative_log,10,0.2231,0.9,,1526,443,1698,0.002511767438145138,True,0.0,False,5.0,uniform
0.004618937644341801,0.0,0.0,0.0,original,SKAB,fold_4,123,10,3,3,0.5,avg_negative_log,10,0.2231,0.9,,1526,443,1698,0.002511767438145138,True,0.0,False,5.0,uniform
0.004618937644341801,0.0,0.0,0.0,gaussian_noise,SKAB,fold_4,123,10,3,3,0.5,avg_negative_log,10,0.2231,0.9,,1526,443,1698,0.002511767438145138,True,0.0,False,5.0,uniform
0.004618937644341801,0.0,0.0,0.0,original,SKAB,fold_4,2026,10,3,3,0.5,avg_negative_log,10,0.2231,0.9,,1526,443,1698,0.002511767438145138,True,0.0,False,5.0,uniform
0.004618937644341801,0.0,0.0,0.0,gaussian_noise,SKAB,fold_4,2026,10,3,3,0.5,avg_negative_log,10,0.2231,0.9,,1526,443,1698,0.002511767438145138,True,0.0,False,5.0,uniform
0.004618937644341801,0.0,0.0,0.0,original,SKAB,fold_4,7,10,3,3,0.5,avg_negative_log,10,0.2231,0.9,,1526,443,1698,0.002511767438145138,True,0.0,False,5.0,uniform
0.004618937644341801,0.0,0.0,0.0,gaussian_noise,SKAB,fold_4,7,10,3,3,0.5,avg_negative_log,10,0.2231,0.9,,1526,443,1698,0.002511767438145138,True,0.0,False,5.0,uniform
0.004618937644341801,0.0,0.0,0.0,original,SKAB,fold_4,999,10,3,3,0.5,avg_negative_log,10,0.2231,0.9,,1526,443,1698,0.002511767438145138,True,0.0,False,5.0,uniform
0.004618937644341801,0.0,0.0,0.0,gaussian_noise,SKAB,fold_4,999,10,3,3,0.5,avg_negative_log,10,0.2231,0.9,,1526,443,1698,0.002511767438145138,True,0.0,False,5.0,uniform
0.0045045045045045045,0.0,0.0,0.0,original,SKAB,fold_5,42,10,3,3,0.5,avg_negative_log,10,0.2231,0.9,,1581,454,1781,0.0024812824092263026,True,0.0,False,5.0,uniform
0.0045045045045045045,0.0,0.0,0.0,gaussian_noise,SKAB,fold_5,42,10,3,3,0.5,avg_negative_log,10,0.2231,0.9,,1581,454,1781,0.0024812824092263026,True,0.0,False,5.0,uniform
0.0045045045045045045,0.0,0.0,0.0,original,SKAB,fold_5,123,10,3,3,0.5,avg_negative_log,10,0.2231,0.9,,1581,454,1781,0.0024812824092263026,True,0.0,False,5.0,uniform
0.0045045045045045045,0.0,0.0,0.0,gaussian_noise,SKAB,fold_5,123,10,3,3,0.5,avg_negative_log,10,0.2231,0.9,,1581,454,1781,0.0024812824092263026,True,0.0,False,5.0,uniform
0.0045045045045045045,0.0,0.0,0.0,original,SKAB,fold_5,2026,10,3,3,0.5,avg_negative_log,10,0.2231,0.9,,1581,454,1781,0.0024812824092263026,True,0.0,False,5.0,uniform
0.0045045045045045045,0.0,0.0,0.0,gaussian_noise,SKAB,fold_5,2026,10,3,3,0.5,avg_negative_log,10,0.2231,0.9,,1581,454,1781,0.0024812824092263026,True,0.0,False,5.0,uniform
0.0045045045045045045,0.0,0.0,0.0,original,SKAB,fold_5,7,10,3,3,0.5,avg_negative_log,10,0.2231,0.9,,1581,454,1781,0.0024812824092263026,True,0.0,False,5.0,uniform
0.0045045045045045045,0.0,0.0,0.0,gaussian_noise,SKAB,fold_5,7,10,3,3,0.5,avg_negative_log,10,0.2231,0.9,,1581,454,1781,0.0024812824092263026,True,0.0,False,5.0,uniform
0.0045045045045045045,0.0,0.0,0.0,original,SKAB,fold_5,999,10,3,3,0.5,avg_negative_log,10,0.2231,0.9,,1581,454,1781,0.0024812824092263026,True,0.0,False,5.0,uniform
0.0045045045045045045,0.0,0.0,0.0,gaussian_noise,SKAB,fold_5,999,10,3,3,0.5,avg_negative_log,10,0.2231,0.9,,1581,454,1781,0.0024812824092263026,True,0.0,False,5.0,uniform
0.23809523809523808,0.0,0.0,0.0,original,SKAB,fold_1,42,10,3,3,0.5,avg_negative_log,10,0.3567,0.9,,1158,338,1304,0.0033315959979969547,True,0.0,False,5.0,uniform
0.23809523809523808,0.0,0.0,0.0,gaussian_noise,SKAB,fold_1,42,10,3,3,0.5,avg_negative_log,10,0.3567,0.9,,1158,338,1304,0.0033315959979969547,True,0.0,False,5.0,uniform
0.23809523809523808,0.0,0.0,0.0,original,SKAB,fold_1,123,10,3,3,0.5,avg_negative_log,10,0.3567,0.9,,1158,338,1304,0.0033315959979969547,True,0.0,False,5.0,uniform
0.23809523809523808,0.0,0.0,0.0,gaussian_noise,SKAB,fold_1,123,10,3,3,0.5,avg_negative_log,10,0.3567,0.9,,1158,338,1304,0.0033315959979969547,True,0.0,False,5.0,uniform
0.23809523809523808,0.0,0.0,0.0,original,SKAB,fold_1,2026,10,3,3,0.5,avg_negative_log,10,0.3567,0.9,,1158,338,1304,0.0033315959979969547,True,0.0,False,5.0,uniform
0.23809523809523808,0.0,0.0,0.0,gaussian_noise,SKAB,fold_1,2026,10,3,3,0.5,avg_negative_log,10,0.3567,0.9,,1158,338,1304,0.0033315959979969547,True,0.0,False,5.0,uniform
0.23809523809523808,0.0,0.0,0.0,original,SKAB,fold_1,7,10,3,3,0.5,avg_negative_log,10,0.3567,0.9,,1158,338,1304,0.0033315959979969547,True,0.0,False,5.0,uniform
0.23809523809523808,0.0,0.0,0.0,gaussian_noise,SKAB,fold_1,7,10,3,3,0.5,avg_negative_log,10,0.3567,0.9,,1158,338,1304,0.0033315959979969547,True,0.0,False,5.0,uniform
0.23809523809523808,0.0,0.0,0.0,original,SKAB,fold_1,999,10,3,3,0.5,avg_negative_log,10,0.3567,0.9,,1158,338,1304,0.0033315959979969547,True,0.0,False,5.0,uniform
0.23809523809523808,0.0,0.0,0.0,gaussian_noise,SKAB,fold_1,999,10,3,3,0.5,avg_negative_log,10,0.3567,0.9,,1158,338,1304,0.0033315959979969547,True,0.0,False,5.0,uniform
0.004555808656036446,0.0,0.0,0.0,original,SKAB,fold_2,42,10,3,3,0.5,avg_negative_log,10,0.3567,0.9,,1531,456,1677,0.002402110763518856,True,0.0,False,5.0,uniform
0.004555808656036446,0.0,0.0,0.0,gaussian_noise,SKAB,fold_2,42,10,3,3,0.5,avg_negative_log,10,0.3567,0.9,,1531,456,1677,0.002402110763518856,True,0.0,False,5.0,uniform
0.004555808656036446,0.0,0.0,0.0,original,SKAB,fold_2,123,10,3,3,0.5,avg_negative_log,10,0.3567,0.9,,1531,456,1677,0.002402110763518856,True,0.0,False,5.0,uniform
0.004555808656036446,0.0,0.0,0.0,gaussian_noise,SKAB,fold_2,123,10,3,3,0.5,avg_negative_log,10,0.3567,0.9,,1531,456,1677,0.002402110763518856,True,0.0,False,5.0,uniform
0.004555808656036446,0.0,0.0,0.0,original,SKAB,fold_2,2026,10,3,3,0.5,avg_negative_log,10,0.3567,0.9,,1531,456,1677,0.002402110763518856,True,0.0,False,5.0,uniform
0.004555808656036446,0.0,0.0,0.0,gaussian_noise,SKAB,fold_2,2026,10,3,3,0.5,avg_negative_log,10,0.3567,0.9,,1531,456,1677,0.002402110763518856,True,0.0,False,5.0,uniform
0.004555808656036446,0.0,0.0,0.0,original,SKAB,fold_2,7,10,3,3,0.5,avg_negative_log,10,0.3567,0.9,,1531,456,1677,0.002402110763518856,True,0.0,False,5.0,uniform
0.004555808656036446,0.0,0.0,0.0,gaussian_noise,SKAB,fold_2,7,10,3,3,0.5,avg_negative_log,10,0.3567,0.9,,1531,456,1677,0.002402110763518856,True,0.0,False,5.0,uniform
0.004555808656036446,0.0,0.0,0.0,original,SKAB,fold_2,999,10,3,3,0.5,avg_negative_log,10,0.3567,0.9,,1531,456,1677,0.002402110763518856,True,0.0,False,5.0,uniform
0.004555808656036446,0.0,0.0,0.0,gaussian_noise,SKAB,fold_2,999,10,3,3,0.5,avg_negative_log,10,0.3567,0.9,,1531,456,1677,0.002402110763518856,True,0.0,False,5.0,uniform
0.004555808656036446,0.0,0.0,0.0,original,SKAB,fold_3,42,10,3,3,0.5,avg_negative_log,10,0.3567,0.9,,1539,455,1695,0.002420581367949789,True,0.0,False,5.0,uniform
0.004555808656036446,0.0,0.0,0.0,gaussian_noise,SKAB,fold_3,42,10,3,3,0.5,avg_negative_log,10,0.3567,0.9,,1539,455,1695,0.002420581367949789,True,0.0,False,5.0,uniform
0.004555808656036446,0.0,0.0,0.0,original,SKAB,fold_3,123,10,3,3,0.5,avg_negative_log,10,0.3567,0.9,,1539,455,1695,0.002420581367949789,True,0.0,False,5.0,uniform
0.004555808656036446,0.0,0.0,0.0,gaussian_noise,SKAB,fold_3,123,10,3,3,0.5,avg_negative_log,10,0.3567,0.9,,1539,455,1695,0.002420581367949789,True,0.0,False,5.0,uniform
0.004555808656036446,0.0,0.0,0.0,original,SKAB,fold_3,2026,10,3,3,0.5,avg_negative_log,10,0.3567,0.9,,1539,455,1695,0.002420581367949789,True,0.0,False,5.0,uniform
0.004555808656036446,0.0,0.0,0.0,gaussian_noise,SKAB,fold_3,2026,10,3,3,0.5,avg_negative_log,10,0.3567,0.9,,1539,455,1695,0.002420581367949789,True,0.0,False,5.0,uniform
0.004555808656036446,0.0,0.0,0.0,original,SKAB,fold_3,7,10,3,3,0.5,avg_negative_log,10,0.3567,0.9,,1539,455,1695,0.002420581367949789,True,0.0,False,5.0,uniform
0.004555808656036446,0.0,0.0,0.0,gaussian_noise,SKAB,fold_3,7,10,3,3,0.5,avg_negative_log,10,0.3567,0.9,,1539,455,1695,0.002420581367949789,True,0.0,False,5.0,uniform
0.004555808656036446,0.0,0.0,0.0,original,SKAB,fold_3,999,10,3,3,0.5,avg_negative_log,10,0.3567,0.9,,1539,455,1695,0.002420581367949789,True,0.0,False,5.0,uniform
0.004555808656036446,0.0,0.0,0.0,gaussian_noise,SKAB,fold_3,999,10,3,3,0.5,avg_negative_log,10,0.3567,0.9,,1539,455,1695,0.002420581367949789,True,0.0,False,5.0,uniform
0.004618937644341801,0.0,0.0,0.0,original,SKAB,fold_4,42,10,3,3,0.5,avg_negative_log,10,0.3567,0.9,,1526,443,1698,0.002511767438145138,True,0.0,False,5.0,uniform
0.004618937644341801,0.0,0.0,0.0,gaussian_noise,SKAB,fold_4,42,10,3,3,0.5,avg_negative_log,10,0.3567,0.9,,1526,443,1698,0.002511767438145138,True,0.0,False,5.0,uniform
0.004618937644341801,0.0,0.0,0.0,original,SKAB,fold_4,123,10,3,3,0.5,avg_negative_log,10,0.3567,0.9,,1526,443,1698,0.002511767438145138,True,0.0,False,5.0,uniform
0.004618937644341801,0.0,0.0,0.0,gaussian_noise,SKAB,fold_4,123,10,3,3,0.5,avg_negative_log,10,0.3567,0.9,,1526,443,1698,0.002511767438145138,True,0.0,False,5.0,uniform
0.004618937644341801,0.0,0.0,0.0,original,SKAB,fold_4,2026,10,3,3,0.5,avg_negative_log,10,0.3567,0.9,,1526,443,1698,0.002511767438145138,True,0.0,False,5.0,uniform
0.004618937644341801,0.0,0.0,0.0,gaussian_noise,SKAB,fold_4,2026,10,3,3,0.5,avg_negative_log,10,0.3567,0.9,,1526,443,1698,0.002511767438145138,True,0.0,False,5.0,uniform
0.004618937644341801,0.0,0.0,0.0,original,SKAB,fold_4,7,10,3,3,0.5,avg_negative_log,10,0.3567,0.9,,1526,443,1698,0.002511767438145138,True,0.0,False,5.0,uniform
0.004618937644341801,0.0,0.0,0.0,gaussian_noise,SKAB,fold_4,7,10,3,3,0.5,avg_negative_log,10,0.3567,0.9,,1526,443,1698,0.002511767438145138,True,0.0,False,5.0,uniform
0.004618937644341801,0.0,0.0,0.0,original,SKAB,fold_4,999,10,3,3,0.5,avg_negative_log,10,0.3567,0.9,,1526,443,1698,0.002511767438145138,True,0.0,False,5.0,uniform
0.004618937644341801,0.0,0.0,0.0,gaussian_noise,SKAB,fold_4,999,10,3,3,0.5,avg_negative_log,10,0.3567,0.9,,1526,443,1698,0.002511767438145138,True,0.0,False,5.0,uniform
0.0045045045045045045,0.0,0.0,0.0,original,SKAB,fold_5,42,10,3,3,0.5,avg_negative_log,10,0.3567,0.9,,1581,454,1781,0.0024812824092263026,True,0.0,False,5.0,uniform
0.0045045045045045045,0.0,0.0,0.0,gaussian_noise,SKAB,fold_5,42,10,3,3,0.5,avg_negative_log,10,0.3567,0.9,,1581,454,1781,0.0024812824092263026,True,0.0,False,5.0,uniform
0.0045045045045045045,0.0,0.0,0.0,original,SKAB,fold_5,123,10,3,3,0.5,avg_negative_log,10,0.3567,0.9,,1581,454,1781,0.0024812824092263026,True,0.0,False,5.0,uniform
0.0045045045045045045,0.0,0.0,0.0,gaussian_noise,SKAB,fold_5,123,10,3,3,0.5,avg_negative_log,10,0.3567,0.9,,1581,454,1781,0.0024812824092263026,True,0.0,False,5.0,uniform
0.0045045045045045045,0.0,0.0,0.0,original,SKAB,fold_5,2026,10,3,3,0.5,avg_negative_log,10,0.3567,0.9,,1581,454,1781,0.0024812824092263026,True,0.0,False,5.0,uniform
0.0045045045045045045,0.0,0.0,0.0,gaussian_noise,SKAB,fold_5,2026,10,3,3,0.5,avg_negative_log,10,0.3567,0.9,,1581,454,1781,0.0024812824092263026,True,0.0,False,5.0,uniform
0.0045045045045045045,0.0,0.0,0.0,original,SKAB,fold_5,7,10,3,3,0.5,avg_negative_log,10,0.3567,0.9,,1581,454,1781,0.0024812824092263026,True,0.0,False,5.0,uniform
0.0045045045045045045,0.0,0.0,0.0,gaussian_noise,SKAB,fold_5,7,10,3,3,0.5,avg_negative_log,10,0.3567,0.9,,1581,454,1781,0.0024812824092263026,True,0.0,False,5.0,uniform
0.0045045045045045045,0.0,0.0,0.0,original,SKAB,fold_5,999,10,3,3,0.5,avg_negative_log,10,0.3567,0.9,,1581,454,1781,0.0024812824092263026,True,0.0,False,5.0,uniform
0.0045045045045045045,0.0,0.0,0.0,gaussian_noise,SKAB,fold_5,999,10,3,3,0.5,avg_negative_log,10,0.3567,0.9,,1581,454,1781,0.0024812824092263026,True,0.0,False,5.0,uniform
0.5918367346938775,0.0,0.0,0.0,original,SKAB,fold_1,42,10,3,3,0.5,avg_negative_log,10,0.5108,0.9,,1158,338,1304,0.0033315959979969547,True,0.0,False,5.0,uniform
0.5918367346938775,0.0,0.0,0.0,gaussian_noise,SKAB,fold_1,42,10,3,3,0.5,avg_negative_log,10,0.5108,0.9,,1158,338,1304,0.0033315959979969547,True,0.0,False,5.0,uniform
0.5918367346938775,0.0,0.0,0.0,original,SKAB,fold_1,123,10,3,3,0.5,avg_negative_log,10,0.5108,0.9,,1158,338,1304,0.0033315959979969547,True,0.0,False,5.0,uniform
0.5918367346938775,0.0,0.0,0.0,gaussian_noise,SKAB,fold_1,123,10,3,3,0.5,avg_negative_log,10,0.5108,0.9,,1158,338,1304,0.0033315959979969547,True,0.0,False,5.0,uniform
0.5918367346938775,0.0,0.0,0.0,original,SKAB,fold_1,2026,10,3,3,0.5,avg_negative_log,10,0.5108,0.9,,1158,338,1304,0.0033315959979969547,True,0.0,False,5.0,uniform
0.5918367346938775,0.0,0.0,0.0,gaussian_noise,SKAB,fold_1,2026,10,3,3,0.5,avg_negative_log,10,0.5108,0.9,,1158,338,1304,0.0033315959979969547,True,0.0,False,5.0,uniform
0.5918367346938775,0.0,0.0,0.0,original,SKAB,fold_1,7,10,3,3,0.5,avg_negative_log,10,0.5108,0.9,,1158,338,1304,0.0033315959979969547,True,0.0,False,5.0,uniform
0.5918367346938775,0.0,0.0,0.0,gaussian_noise,SKAB,fold_1,7,10,3,3,0.5,avg_negative_log,10,0.5108,0.9,,1158,338,1304,0.0033315959979969547,True,0.0,False,5.0,uniform
0.5918367346938775,0.0,0.0,0.0,original,SKAB,fold_1,999,10,3,3,0.5,avg_negative_log,10,0.5108,0.9,,1158,338,1304,0.0033315959979969547,True,0.0,False,5.0,uniform
0.5918367346938775,0.0,0.0,0.0,gaussian_noise,SKAB,fold_1,999,10,3,3,0.5,avg_negative_log,10,0.5108,0.9,,1158,338,1304,0.0033315959979969547,True,0.0,False,5.0,uniform
0.4009111617312073,0.0,0.0,0.0,original,SKAB,fold_2,42,10,3,3,0.5,avg_negative_log,10,0.5108,0.9,,1531,456,1677,0.002402110763518856,True,0.0,False,5.0,uniform
0.4009111617312073,0.0,0.0,0.0,gaussian_noise,SKAB,fold_2,42,10,3,3,0.5,avg_negative_log,10,0.5108,0.9,,1531,456,1677,0.002402110763518856,True,0.0,False,5.0,uniform
0.4009111617312073,0.0,0.0,0.0,original,SKAB,fold_2,123,10,3,3,0.5,avg_negative_log,10,0.5108,0.9,,1531,456,1677,0.002402110763518856,True,0.0,False,5.0,uniform
0.4031890660592255,0.0,0.0,0.0,gaussian_noise,SKAB,fold_2,123,10,3,3,0.5,avg_negative_log,10,0.5108,0.9,,1531,456,1677,0.002402110763518856,True,0.0,False,5.0,uniform
0.4009111617312073,0.0,0.0,0.0,original,SKAB,fold_2,2026,10,3,3,0.5,avg_negative_log,10,0.5108,0.9,,1531,456,1677,0.002402110763518856,True,0.0,False,5.0,uniform
0.4009111617312073,0.0,0.0,0.0,gaussian_noise,SKAB,fold_2,2026,10,3,3,0.5,avg_negative_log,10,0.5108,0.9,,1531,456,1677,0.002402110763518856,True,0.0,False,5.0,uniform
0.4009111617312073,0.0,0.0,0.0,original,SKAB,fold_2,7,10,3,3,0.5,avg_negative_log,10,0.5108,0.9,,1531,456,1677,0.002402110763518856,True,0.0,False,5.0,uniform
0.4009111617312073,0.0,0.0,0.0,gaussian_noise,SKAB,fold_2,7,10,3,3,0.5,avg_negative_log,10,0.5108,0.9,,1531,456,1677,0.002402110763518856,True,0.0,False,5.0,uniform
0.4009111617312073,0.0,0.0,0.0,original,SKAB,fold_2,999,10,3,3,0.5,avg_negative_log,10,0.5108,0.9,,1531,456,1677,0.002402110763518856,True,0.0,False,5.0,uniform
0.4009111617312073,0.0,0.0,0.0,gaussian_noise,SKAB,fold_2,999,10,3,3,0.5,avg_negative_log,10,0.5108,0.9,,1531,456,1677,0.002402110763518856,True,0.0,False,5.0,uniform
0.2938496583143508,0.0,0.0,0.0,original,SKAB,fold_3,42,10,3,3,0.5,avg_negative_log,10,0.5108,0.9,,1539,455,1695,0.002420581367949789,True,0.0,False,5.0,uniform
0.2938496583143508,0.0,0.0,0.0,gaussian_noise,SKAB,fold_3,42,10,3,3,0.5,avg_negative_log,10,0.5108,0.9,,1539,455,1695,0.002420581367949789,True,0.0,False,5.0,uniform
0.2938496583143508,0.0,0.0,0.0,original,SKAB,fold_3,123,10,3,3,0.5,avg_negative_log,10,0.5108,0.9,,1539,455,1695,0.002420581367949789,True,0.0,False,5.0,uniform
0.32801822323462415,0.0,0.0,0.0,gaussian_noise,SKAB,fold_3,123,10,3,3,0.5,avg_negative_log,10,0.5108,0.9,,1539,455,1695,0.002420581367949789,True,0.0,False,5.0,uniform
0.2938496583143508,0.0,0.0,0.0,original,SKAB,fold_3,2026,10,3,3,0.5,avg_negative_log,10,0.5108,0.9,,1539,455,1695,0.002420581367949789,True,0.0,False,5.0,uniform
0.32574031890660593,0.0,0.0,0.0,gaussian_noise,SKAB,fold_3,2026,10,3,3,0.5,avg_negative_log,10,0.5108,0.9,,1539,455,1695,0.002420581367949789,True,0.0,False,5.0,uniform
0.2938496583143508,0.0,0.0,0.0,original,SKAB,fold_3,7,10,3,3,0.5,avg_negative_log,10,0.5108,0.9,,1539,455,1695,0.002420581367949789,True,0.0,False,5.0,uniform
0.296127562642369,0.0,0.0,0.0,gaussian_noise,SKAB,fold_3,7,10,3,3,0.5,avg_negative_log,10,0.5108,0.9,,1539,455,1695,0.002420581367949789,True,0.0,False,5.0,uniform
0.2938496583143508,0.0,0.0,0.0,original,SKAB,fold_3,999,10,3,3,0.5,avg_negative_log,10,0.5108,0.9,,1539,455,1695,0.002420581367949789,True,0.0,False,5.0,uniform
0.3234624145785877,0.0,0.0,0.0,gaussian_noise,SKAB,fold_3,999,10,3,3,0.5,avg_negative_log,10,0.5108,0.9,,1539,455,1695,0.002420581367949789,True,0.0,False,5.0,uniform
0.2979214780600462,0.0,0.0,0.0,original,SKAB,fold_4,42,10,3,3,0.5,avg_negative_log,10,0.5108,0.9,,1526,443,1698,0.002511767438145138,True,0.0,False,5.0,uniform
0.2956120092378753,0.0,0.0,0.0,gaussian_noise,SKAB,fold_4,42,10,3,3,0.5,avg_negative_log,10,0.5108,0.9,,1526,443,1698,0.002511767438145138,True,0.0,False,5.0,uniform
0.2979214780600462,0.0,0.0,0.0,original,SKAB,fold_4,123,10,3,3,0.5,avg_negative_log,10,0.5108,0.9,,1526,443,1698,0.002511767438145138,True,0.0,False,5.0,uniform
0.2909930715935335,0.0,0.0,0.0,gaussian_noise,SKAB,fold_4,123,10,3,3,0.5,avg_negative_log,10,0.5108,0.9,,1526,443,1698,0.002511767438145138,True,0.0,False,5.0,uniform
0.2979214780600462,0.0,0.0,0.0,original,SKAB,fold_4,2026,10,3,3,0.5,avg_negative_log,10,0.5108,0.9,,1526,443,1698,0.002511767438145138,True,0.0,False,5.0,uniform
0.2863741339491917,0.0,0.0,0.0,gaussian_noise,SKAB,fold_4,2026,10,3,3,0.5,avg_negative_log,10,0.5108,0.9,,1526,443,1698,0.002511767438145138,True,0.0,False,5.0,uniform
0.2979214780600462,0.0,0.0,0.0,original,SKAB,fold_4,7,10,3,3,0.5,avg_negative_log,10,0.5108,0.9,,1526,443,1698,0.002511767438145138,True,0.0,False,5.0,uniform
0.2863741339491917,0.0,0.0,0.0,gaussian_noise,SKAB,fold_4,7,10,3,3,0.5,avg_negative_log,10,0.5108,0.9,,1526,443,1698,0.002511767438145138,True,0.0,False,5.0,uniform
0.2979214780600462,0.0,0.0,0.0,original,SKAB,fold_4,999,10,3,3,0.5,avg_negative_log,10,0.5108,0.9,,1526,443,1698,0.002511767438145138,True,0.0,False,5.0,uniform
0.2863741339491917,0.0,0.0,0.0,gaussian_noise,SKAB,fold_4,999,10,3,3,0.5,avg_negative_log,10,0.5108,0.9,,1526,443,1698,0.002511767438145138,True,0.0,False,5.0,uniform
0.21171171171171171,0.0,0.0,0.0,original,SKAB,fold_5,42,10,3,3,0.5,avg_negative_log,10,0.5108,0.9,,1581,454,1781,0.0024812824092263026,True,0.0,False,5.0,uniform
0.18243243243243243,0.0,0.0,0.0,gaussian_noise,SKAB,fold_5,42,10,3,3,0.5,avg_negative_log,10,0.5108,0.9,,1581,454,1781,0.0024812824092263026,True,0.0,False,5.0,uniform
0.21171171171171171,0.0,0.0,0.0,original,SKAB,fold_5,123,10,3,3,0.5,avg_negative_log,10,0.5108,0.9,,1581,454,1781,0.0024812824092263026,True,0.0,False,5.0,uniform
0.25675675675675674,0.0,0.0,0.0,gaussian_noise,SKAB,fold_5,123,10,3,3,0.5,avg_negative_log,10,0.5108,0.9,,1581,454,1781,0.0024812824092263026,True,0.0,False,5.0,uniform
0.21171171171171171,0.0,0.0,0.0,original,SKAB,fold_5,2026,10,3,3,0.5,avg_negative_log,10,0.5108,0.9,,1581,454,1781,0.0024812824092263026,True,0.0,False,5.0,uniform
0.24774774774774774,0.0,0.0,0.0,gaussian_noise,SKAB,fold_5,2026,10,3,3,0.5,avg_negative_log,10,0.5108,0.9,,1581,454,1781,0.0024812824092263026,True,0.0,False,5.0,uniform
0.21171171171171171,0.0,0.0,0.0,original,SKAB,fold_5,7,10,3,3,0.5,avg_negative_log,10,0.5108,0.9,,1581,454,1781,0.0024812824092263026,True,0.0,False,5.0,uniform
0.22297297297297297,0.0,0.0,0.0,gaussian_noise,SKAB,fold_5,7,10,3,3,0.5,avg_negative_log,10,0.5108,0.9,,1581,454,1781,0.0024812824092263026,True,0.0,False,5.0,uniform
0.21171171171171171,0.0,0.0,0.0,original,SKAB,fold_5,999,10,3,3,0.5,avg_negative_log,10,0.5108,0.9,,1581,454,1781,0.0024812824092263026,True,0.0,False,5.0,uniform
0.16441441441441443,0.0,0.0,0.0,gaussian_noise,SKAB,fold_5,999,10,3,3,0.5,avg_negative_log,10,0.5108,0.9,,1581,454,1781,0.0024812824092263026,True,0.0,False,5.0,uniform
0.7936507936507936,0.0,0.0,0.0,original,SKAB,fold_1,42,10,3,3,0.5,avg_negative_log,10,0.6931,0.9,,1158,338,1304,0.0033315959979969547,True,0.0,False,5.0,uniform
0.7936507936507936,0.0,0.0,0.0,gaussian_noise,SKAB,fold_1,42,10,3,3,0.5,avg_negative_log,10,0.6931,0.9,,1158,338,1304,0.0033315959979969547,True,0.0,False,5.0,uniform
0.7936507936507936,0.0,0.0,0.0,original,SKAB,fold_1,123,10,3,3,0.5,avg_negative_log,10,0.6931,0.9,,1158,338,1304,0.0033315959979969547,True,0.0,False,5.0,uniform
0.7936507936507936,0.0,0.0,0.0,gaussian_noise,SKAB,fold_1,123,10,3,3,0.5,avg_negative_log,10,0.6931,0.9,,1158,338,1304,0.0033315959979969547,True,0.0,False,5.0,uniform
0.7936507936507936,0.0,0.0,0.0,original,SKAB,fold_1,2026,10,3,3,0.5,avg_negative_log,10,0.6931,0.9,,1158,338,1304,0.0033315959979969547,True,0.0,False,5.0,uniform
0.7936507936507936,0.0,0.0,0.0,gaussian_noise,SKAB,fold_1,2026,10,3,3,0.5,avg_negative_log,10,0.6931,0.9,,1158,338,1304,0.0033315959979969547,True,0.0,False,5.0,uniform
0.7936507936507936,0.0,0.0,0.0,original,SKAB,fold_1,7,10,3,3,0.5,avg_negative_log,10,0.6931,0.9,,1158,338,1304,0.0033315959979969547,True,0.0,False,5.0,uniform
0.7936507936507936,0.0,0.0,0.0,gaussian_noise,SKAB,fold_1,7,10,3,3,0.5,avg_negative_log,10,0.6931,0.9,,1158,338,1304,0.0033315959979969547,True,0.0,False,5.0,uniform
0.7936507936507936,0.0,0.0,0.0,original,SKAB,fold_1,999,10,3,3,0.5,avg_negative_log,10,0.6931,0.9,,1158,338,1304,0.0033315959979969547,True,0.0,False,5.0,uniform
0.7936507936507936,0.0,0.0,0.0,gaussian_noise,SKAB,fold_1,999,10,3,3,0.5,avg_negative_log,10,0.6931,0.9,,1158,338,1304,0.0033315959979969547,True,0.0,False,5.0,uniform
0.4009111617312073,0.0,0.0,0.0,original,SKAB,fold_2,42,10,3,3,0.5,avg_negative_log,10,0.6931,0.9,,1531,456,1677,0.002402110763518856,True,0.0,False,5.0,uniform
0.4009111617312073,0.0,0.0,0.0,gaussian_noise,SKAB,fold_2,42,10,3,3,0.5,avg_negative_log,10,0.6931,0.9,,1531,456,1677,0.002402110763518856,True,0.0,False,5.0,uniform
0.4009111617312073,0.0,0.0,0.0,original,SKAB,fold_2,123,10,3,3,0.5,avg_negative_log,10,0.6931,0.9,,1531,456,1677,0.002402110763518856,True,0.0,False,5.0,uniform
0.4031890660592255,0.0,0.0,0.0,gaussian_noise,SKAB,fold_2,123,10,3,3,0.5,avg_negative_log,10,0.6931,0.9,,1531,456,1677,0.002402110763518856,True,0.0,False,5.0,uniform
0.4009111617312073,0.0,0.0,0.0,original,SKAB,fold_2,2026,10,3,3,0.5,avg_negative_log,10,0.6931,0.9,,1531,456,1677,0.002402110763518856,True,0.0,False,5.0,uniform
0.4009111617312073,0.0,0.0,0.0,gaussian_noise,SKAB,fold_2,2026,10,3,3,0.5,avg_negative_log,10,0.6931,0.9,,1531,456,1677,0.002402110763518856,True,0.0,False,5.0,uniform
0.4009111617312073,0.0,0.0,0.0,original,SKAB,fold_2,7,10,3,3,0.5,avg_negative_log,10,0.6931,0.9,,1531,456,1677,0.002402110763518856,True,0.0,False,5.0,uniform
0.4009111617312073,0.0,0.0,0.0,gaussian_noise,SKAB,fold_2,7,10,3,3,0.5,avg_negative_log,10,0.6931,0.9,,1531,456,1677,0.002402110763518856,True,0.0,False,5.0,uniform
0.4009111617312073,0.0,0.0,0.0,original,SKAB,fold_2,999,10,3,3,0.5,avg_negative_log,10,0.6931,0.9,,1531,456,1677,0.002402110763518856,True,0.0,False,5.0,uniform
0.4009111617312073,0.0,0.0,0.0,gaussian_noise,SKAB,fold_2,999,10,3,3,0.5,avg_negative_log,10,0.6931,0.9,,1531,456,1677,0.002402110763518856,True,0.0,False,5.0,uniform
0.36674259681093396,0.0,0.0,0.0,original,SKAB,fold_3,42,10,3,3,0.5,avg_negative_log,10,0.6931,0.9,,1539,455,1695,0.002420581367949789,True,0.0,False,5.0,uniform
0.36674259681093396,0.0,0.0,0.0,gaussian_noise,SKAB,fold_3,42,10,3,3,0.5,avg_negative_log,10,0.6931,0.9,,1539,455,1695,0.002420581367949789,True,0.0,False,5.0,uniform
0.36674259681093396,0.0,0.0,0.0,original,SKAB,fold_3,123,10,3,3,0.5,avg_negative_log,10,0.6931,0.9,,1539,455,1695,0.002420581367949789,True,0.0,False,5.0,uniform
0.4191343963553531,0.0,0.0,0.0,gaussian_noise,SKAB,fold_3,123,10,3,3,0.5,avg_negative_log,10,0.6931,0.9,,1539,455,1695,0.002420581367949789,True,0.0,False,5.0,uniform
0.36674259681093396,0.0,0.0,0.0,original,SKAB,fold_3,2026,10,3,3,0.5,avg_negative_log,10,0.6931,0.9,,1539,455,1695,0.002420581367949789,True,0.0,False,5.0,uniform
0.39863325740318906,0.0,0.0,0.0,gaussian_noise,SKAB,fold_3,2026,10,3,3,0.5,avg_negative_log,10,0.6931,0.9,,1539,455,1695,0.002420581367949789,True,0.0,False,5.0,uniform
0.36674259681093396,0.0,0.0,0.0,original,SKAB,fold_3,7,10,3,3,0.5,avg_negative_log,10,0.6931,0.9,,1539,455,1695,0.002420581367949789,True,0.0,False,5.0,uniform
0.3690205011389522,0.0,0.0,0.0,gaussian_noise,SKAB,fold_3,7,10,3,3,0.5,avg_negative_log,10,0.6931,0.9,,1539,455,1695,0.002420581367949789,True,0.0,False,5.0,uniform
0.36674259681093396,0.0,0.0,0.0,original,SKAB,fold_3,999,10,3,3,0.5,avg_negative_log,10,0.6931,0.9,,1539,455,1695,0.002420581367949789,True,0.0,False,5.0,uniform
0.39635535307517084,0.0,0.0,0.0,gaussian_noise,SKAB,fold_3,999,10,3,3,0.5,avg_negative_log,10,0.6931,0.9,,1539,455,1695,0.002420581367949789,True,0.0,False,5.0,uniform
0.3903002309468822,0.0,0.0,0.0,original,SKAB,fold_4,42,10,3,3,0.5,avg_negative_log,10,0.6931,0.9,,1526,443,1698,0.002511767438145138,True,0.0,False,5.0,uniform
0.38799076212471134,0.0,0.0,0.0,gaussian_noise,SKAB,fold_4,42,10,3,3,0.5,avg_negative_log,10,0.6931,0.9,,1526,443,1698,0.002511767438145138,True,0.0,False,5.0,uniform
0.3903002309468822,0.0,0.0,0.0,original,SKAB,fold_4,123,10,3,3,0.5,avg_negative_log,10,0.6931,0.9,,1526,443,1698,0.002511767438145138,True,0.0,False,5.0,uniform
0.3833718244803695,0.0,0.0,0.0,gaussian_noise,SKAB,fold_4,123,10,3,3,0.5,avg_negative_log,10,0.6931,0.9,,1526,443,1698,0.002511767438145138,True,0.0,False,5.0,uniform
0.3903002309468822,0.0,0.0,0.0,original,SKAB,fold_4,2026,10,3,3,0.5,avg_negative_log,10,0.6931,0.9,,1526,443,1698,0.002511767438145138,True,0.0,False,5.0,uniform
0.3741339491916859,0.0,0.0,0.0,gaussian_noise,SKAB,fold_4,2026,10,3,3,0.5,avg_negative_log,10,0.6931,0.9,,1526,443,1698,0.002511767438145138,True,0.0,False,5.0,uniform
0.3903002309468822,0.0,0.0,0.0,original,SKAB,fold_4,7,10,3,3,0.5,avg_negative_log,10,0.6931,0.9,,1526,443,1698,0.002511767438145138,True,0.0,False,5.0,uniform
0.3787528868360277,0.0,0.0,0.0,gaussian_noise,SKAB,fold_4,7,10,3,3,0.5,avg_negative_log,10,0.6931,0.9,,1526,443,1698,0.002511767438145138,True,0.0,False,5.0,uniform
0.3903002309468822,0.0,0.0,0.0,original,SKAB,fold_4,999,10,3,3,0.5,avg_negative_log,10,0.6931,0.9,,1526,443,1698,0.002511767438145138,True,0.0,False,5.0,uniform
0.3787528868360277,0.0,0.0,0.0,gaussian_noise,SKAB,fold_4,999,10,3,3,0.5,avg_negative_log,10,0.6931,0.9,,1526,443,1698,0.002511767438145138,True,0.0,False,5.0,uniform
0.21171171171171171,0.0,0.0,0.0,original,SKAB,fold_5,42,10,3,3,0.5,avg_negative_log,10,0.6931,0.9,,1581,454,1781,0.0024812824092263026,True,0.0,False,5.0,uniform
0.18243243243243243,0.0,0.0,0.0,gaussian_noise,SKAB,fold_5,42,10,3,3,0.5,avg_negative_log,10,0.6931,0.9,,1581,454,1781,0.0024812824092263026,True,0.0,False,5.0,uniform
0.21171171171171171,0.0,0.0,0.0,original,SKAB,fold_5,123,10,3,3,0.5,avg_negative_log,10,0.6931,0.9,,1581,454,1781,0.0024812824092263026,True,0.0,False,5.0,uniform
0.25675675675675674,0.0,0.0,0.0,gaussian_noise,SKAB,fold_5,123,10,3,3,0.5,avg_negative_log,10,0.6931,0.9,,1581,454,1781,0.0024812824092263026,True,0.0,False,5.0,uniform
0.21171171171171171,0.0,0.0,0.0,original,SKAB,fold_5,2026,10,3,3,0.5,avg_negative_log,10,0.6931,0.9,,1581,454,1781,0.0024812824092263026,True,0.0,False,5.0,uniform
0.24774774774774774,0.0,0.0,0.0,gaussian_noise,SKAB,fold_5,2026,10,3,3,0.5,avg_negative_log,10,0.6931,0.9,,1581,454,1781,0.0024812824092263026,True,0.0,False,5.0,uniform
0.21171171171171171,0.0,0.0,0.0,original,SKAB,fold_5,7,10,3,3,0.5,avg_negative_log,10,0.6931,0.9,,1581,454,1781,0.0024812824092263026,True,0.0,False,5.0,uniform
0.22297297297297297,0.0,0.0,0.0,gaussian_noise,SKAB,fold_5,7,10,3,3,0.5,avg_negative_log,10,0.6931,0.9,,1581,454,1781,0.0024812824092263026,True,0.0,False,5.0,uniform
0.21171171171171171,0.0,0.0,0.0,original,SKAB,fold_5,999,10,3,3,0.5,avg_negative_log,10,0.6931,0.9,,1581,454,1781,0.0024812824092263026,True,0.0,False,5.0,uniform
0.16441441441441443,0.0,0.0,0.0,gaussian_noise,SKAB,fold_5,999,10,3,3,0.5,avg_negative_log,10,0.6931,0.9,,1581,454,1781,0.0024812824092263026,True,0.0,False,5.0,uniform
0.7981859410430839,0.0,0.0,0.0,original,SKAB,fold_1,42,10,3,3,0.5,avg_negative_log,10,0.9163,0.9,,1158,338,1304,0.0033315959979969547,True,0.0,False,5.0,uniform
0.7981859410430839,0.0,0.0,0.0,gaussian_noise,SKAB,fold_1,42,10,3,3,0.5,avg_negative_log,10,0.9163,0.9,,1158,338,1304,0.0033315959979969547,True,0.0,False,5.0,uniform
0.7981859410430839,0.0,0.0,0.0,original,SKAB,fold_1,123,10,3,3,0.5,avg_negative_log,10,0.9163,0.9,,1158,338,1304,0.0033315959979969547,True,0.0,False,5.0,uniform
0.7981859410430839,0.0,0.0,0.0,gaussian_noise,SKAB,fold_1,123,10,3,3,0.5,avg_negative_log,10,0.9163,0.9,,1158,338,1304,0.0033315959979969547,True,0.0,False,5.0,uniform
0.7981859410430839,0.0,0.0,0.0,original,SKAB,fold_1,2026,10,3,3,0.5,avg_negative_log,10,0.9163,0.9,,1158,338,1304,0.0033315959979969547,True,0.0,False,5.0,uniform
0.7981859410430839,0.0,0.0,0.0,gaussian_noise,SKAB,fold_1,2026,10,3,3,0.5,avg_negative_log,10,0.9163,0.9,,1158,338,1304,0.0033315959979969547,True,0.0,False,5.0,uniform
0.7981859410430839,0.0,0.0,0.0,original,SKAB,fold_1,7,10,3,3,0.5,avg_negative_log,10,0.9163,0.9,,1158,338,1304,0.0033315959979969547,True,0.0,False,5.0,uniform
0.7981859410430839,0.0,0.0,0.0,gaussian_noise,SKAB,fold_1,7,10,3,3,0.5,avg_negative_log,10,0.9163,0.9,,1158,338,1304,0.0033315959979969547,True,0.0,False,5.0,uniform
0.7981859410430839,0.0,0.0,0.0,original,SKAB,fold_1,999,10,3,3,0.5,avg_negative_log,10,0.9163,0.9,,1158,338,1304,0.0033315959979969547,True,0.0,False,5.0,uniform
0.7981859410430839,0.0,0.0,0.0,gaussian_noise,SKAB,fold_1,999,10,3,3,0.5,avg_negative_log,10,0.9163,0.9,,1158,338,1304,0.0033315959979969547,True,0.0,False,5.0,uniform
0.4123006833712984,0.0,0.0,0.0,original,SKAB,fold_2,42,10,3,3,0.5,avg_negative_log,10,0.9163,0.9,,1531,456,1677,0.002402110763518856,True,0.0,False,5.0,uniform
0.4123006833712984,0.0,0.0,0.0,gaussian_noise,SKAB,fold_2,42,10,3,3,0.5,avg_negative_log,10,0.9163,0.9,,1531,456,1677,0.002402110763518856,True,0.0,False,5.0,uniform
0.4123006833712984,0.0,0.0,0.0,original,SKAB,fold_2,123,10,3,3,0.5,avg_negative_log,10,0.9163,0.9,,1531,456,1677,0.002402110763518856,True,0.0,False,5.0,uniform
0.4145785876993166,0.0,0.0,0.0,gaussian_noise,SKAB,fold_2,123,10,3,3,0.5,avg_negative_log,10,0.9163,0.9,,1531,456,1677,0.002402110763518856,True,0.0,False,5.0,uniform
0.4123006833712984,0.0,0.0,0.0,original,SKAB,fold_2,2026,10,3,3,0.5,avg_negative_log,10,0.9163,0.9,,1531,456,1677,0.002402110763518856,True,0.0,False,5.0,uniform
0.4123006833712984,0.0,0.0,0.0,gaussian_noise,SKAB,fold_2,2026,10,3,3,0.5,avg_negative_log,10,0.9163,0.9,,1531,456,1677,0.002402110763518856,True,0.0,False,5.0,uniform
0.4123006833712984,0.0,0.0,0.0,original,SKAB,fold_2,7,10,3,3,0.5,avg_negative_log,10,0.9163,0.9,,1531,456,1677,0.002402110763518856,True,0.0,False,5.0,uniform
0.4123006833712984,0.0,0.0,0.0,gaussian_noise,SKAB,fold_2,7,10,3,3,0.5,avg_negative_log,10,0.9163,0.9,,1531,456,1677,0.002402110763518856,True,0.0,False,5.0,uniform
0.4123006833712984,0.0,0.0,0.0,original,SKAB,fold_2,999,10,3,3,0.5,avg_negative_log,10,0.9163,0.9,,1531,456,1677,0.002402110763518856,True,0.0,False,5.0,uniform
0.4123006833712984,0.0,0.0,0.0,gaussian_noise,SKAB,fold_2,999,10,3,3,0.5,avg_negative_log,10,0.9163,0.9,,1531,456,1677,0.002402110763518856,True,0.0,False,5.0,uniform
0.3826879271070615,0.0,0.0,0.0,original,SKAB,fold_3,42,10,3,3,0.5,avg_negative_log,10,0.9163,0.9,,1539,455,1695,0.002420581367949789,True,0.0,False,5.0,uniform
0.3826879271070615,0.0,0.0,0.0,gaussian_noise,SKAB,fold_3,42,10,3,3,0.5,avg_negative_log,10,0.9163,0.9,,1539,455,1695,0.002420581367949789,True,0.0,False,5.0,uniform
0.3826879271070615,0.0,0.0,0.0,original,SKAB,fold_3,123,10,3,3,0.5,avg_negative_log,10,0.9163,0.9,,1539,455,1695,0.002420581367949789,True,0.0,False,5.0,uniform
0.43507972665148065,0.0,0.0,0.0,gaussian_noise,SKAB,fold_3,123,10,3,3,0.5,avg_negative_log,10,0.9163,0.9,,1539,455,1695,0.002420581367949789,True,0.0,False,5.0,uniform
0.3826879271070615,0.0,0.0,0.0,original,SKAB,fold_3,2026,10,3,3,0.5,avg_negative_log,10,0.9163,0.9,,1539,455,1695,0.002420581367949789,True,0.0,False,5.0,uniform
0.4145785876993166,0.0,0.0,0.0,gaussian_noise,SKAB,fold_3,2026,10,3,3,0.5,avg_negative_log,10,0.9163,0.9,,1539,455,1695,0.002420581367949789,True,0.0,False,5.0,uniform
0.3826879271070615,0.0,0.0,0.0,original,SKAB,fold_3,7,10,3,3,0.5,avg_negative_log,10,0.9163,0.9,,1539,455,1695,0.002420581367949789,True,0.0,False,5.0,uniform
0.38496583143507973,0.0,0.0,0.0,gaussian_noise,SKAB,fold_3,7,10,3,3,0.5,avg_negative_log,10,0.9163,0.9,,1539,455,1695,0.002420581367949789,True,0.0,False,5.0,uniform
0.3826879271070615,0.0,0.0,0.0,original,SKAB,fold_3,999,10,3,3,0.5,avg_negative_log,10,0.9163,0.9,,1539,455,1695,0.002420581367949789,True,0.0,False,5.0,uniform
0.4123006833712984,0.0,0.0,0.0,gaussian_noise,SKAB,fold_3,999,10,3,3,0.5,avg_negative_log,10,0.9163,0.9,,1539,455,1695,0.002420581367949789,True,0.0,False,5.0,uniform
0.4064665127020785,0.0,0.0,0.0,original,SKAB,fold_4,42,10,3,3,0.5,avg_negative_log,10,0.9163,0.9,,1526,443,1698,0.002511767438145138,True,0.0,False,5.0,uniform
0.40415704387990764,0.0,0.0,0.0,gaussian_noise,SKAB,fold_4,42,10,3,3,0.5,avg_negative_log,10,0.9163,0.9,,1526,443,1698,0.002511767438145138,True,0.0,False,5.0,uniform
0.4064665127020785,0.0,0.0,0.0,original,SKAB,fold_4,123,10,3,3,0.5,avg_negative_log,10,0.9163,0.9,,1526,443,1698,0.002511767438145138,True,0.0,False,5.0,uniform
0.39260969976905313,0.0,0.0,0.0,gaussian_noise,SKAB,fold_4,123,10,3,3,0.5,avg_negative_log,10,0.9163,0.9,,1526,443,1698,0.002511767438145138,True,0.0,False,5.0,uniform
0.4064665127020785,0.0,0.0,0.0,original,SKAB,fold_4,2026,10,3,3,0.5,avg_negative_log,10,0.9163,0.9,,1526,443,1698,0.002511767438145138,True,0.0,False,5.0,uniform
0.3856812933025404,0.0,0.0,0.0,gaussian_noise,SKAB,fold_4,2026,10,3,3,0.5,avg_negative_log,10,0.9163,0.9,,1526,443,1698,0.002511767438145138,True,0.0,False,5.0,uniform
0.4064665127020785,0.0,0.0,0.0,original,SKAB,fold_4,7,10,3,3,0.5,avg_negative_log,10,0.9163,0.9,,1526,443,1698,0.002511767438145138,True,0.0,False,5.0,uniform
0.3903002309468822,0.0,0.0,0.0,gaussian_noise,SKAB,fold_4,7,10,3,3,0.5,avg_negative_log,10,0.9163,0.9,,1526,443,1698,0.002511767438145138,True,0.0,False,5.0,uniform
0.4064665127020785,0.0,0.0,0.0,original,SKAB,fold_4,999,10,3,3,0.5,avg_negative_log,10,0.9163,0.9,,1526,443,1698,0.002511767438145138,True,0.0,False,5.0,uniform
0.3903002309468822,0.0,0.0,0.0,gaussian_noise,SKAB,fold_4,999,10,3,3,0.5,avg_negative_log,10,0.9163,0.9,,1526,443,1698,0.002511767438145138,True,0.0,False,5.0,uniform
0.22972972972972974,0.0,0.0,0.0,original,SKAB,fold_5,42,10,3,3,0.5,avg_negative_log,10,0.9163,0.9,,1581,454,1781,0.0024812824092263026,True,0.0,False,5.0,uniform
0.20045045045045046,0.0,0.0,0.0,gaussian_noise,SKAB,fold_5,42,10,3,3,0.5,avg_negative_log,10,0.9163,0.9,,1581,454,1781,0.0024812824092263026,True,0.0,False,5.0,uniform
0.22972972972972974,0.0,0.0,0.0,original,SKAB,fold_5,123,10,3,3,0.5,avg_negative_log,10,0.9163,0.9,,1581,454,1781,0.0024812824092263026,True,0.0,False,5.0,uniform
0.2725225225225225,0.0,0.0,0.0,gaussian_noise,SKAB,fold_5,123,10,3,3,0.5,avg_negative_log,10,0.9163,0.9,,1581,454,1781,0.0024812824092263026,True,0.0,False,5.0,uniform
0.22972972972972974,0.0,0.0,0.0,original,SKAB,fold_5,2026,10,3,3,0.5,avg_negative_log,10,0.9163,0.9,,1581,454,1781,0.0024812824092263026,True,0.0,False,5.0,uniform
0.2635135135135135,0.0,0.0,0.0,gaussian_noise,SKAB,fold_5,2026,10,3,3,0.5,avg_negative_log,10,0.9163,0.9,,1581,454,1781,0.0024812824092263026,True,0.0,False,5.0,uniform
0.22972972972972974,0.0,0.0,0.0,original,SKAB,fold_5,7,10,3,3,0.5,avg_negative_log,10,0.9163,0.9,,1581,454,1781,0.0024812824092263026,True,0.0,False,5.0,uniform
0.23873873873873874,0.0,0.0,0.0,gaussian_noise,SKAB,fold_5,7,10,3,3,0.5,avg_negative_log,10,0.9163,0.9,,1581,454,1781,0.0024812824092263026,True,0.0,False,5.0,uniform
0.22972972972972974,0.0,0.0,0.0,original,SKAB,fold_5,999,10,3,3,0.5,avg_negative_log,10,0.9163,0.9,,1581,454,1781,0.0024812824092263026,True,0.0,False,5.0,uniform
0.18243243243243243,0.0,0.0,0.0,gaussian_noise,SKAB,fold_5,999,10,3,3,0.5,avg_negative_log,10,0.9163,0.9,,1581,454,1781,0.0024812824092263026,True,0.0,False,5.0,uniform
